player_id,batsman,bat_hand,line,length,runs_scored,balls_faced,dismissals,batting_average,batting_strike_rate,Country
253802,Virat Kohli,RHB,OUTSIDE_OFFSTUMP,GOOD_LENGTH,1864,1534,46,40.52,121.51,India
348144,Babar Azam,RHB,OUTSIDE_OFFSTUMP,GOOD_LENGTH,1594,1437,37,43.08,110.93,Pakistan
34102,Rohit Sharma,RHB,OUTSIDE_OFFSTUMP,GOOD_LENGTH,1519,1369,69,22.01,110.96,India
308967,Jos Buttler,RHB,OUTSIDE_OFFSTUMP,GOOD_LENGTH,1626,1292,34,47.82,125.85,England
422108,KL Rahul,RHB,OUTSIDE_OFFSTUMP,GOOD_LENGTH,1272,1159,39,32.62,109.75,India
44828,Faf du Plessis,RHB,OUTSIDE_OFFSTUMP,GOOD_LENGTH,1327,1134,45,29.49,117.02,South Africa
253802,Virat Kohli,RHB,ON_THE_STUMPS,GOOD_LENGTH,1336,1074,29,46.07,124.39,India
348144,Babar Azam,RHB,ON_THE_STUMPS,GOOD_LENGTH,1169,1047,31,37.71,111.65,Pakistan
323389,Mohammad Rizwan,RHB,OUTSIDE_OFFSTUMP,GOOD_LENGTH,1139,1004,38,29.97,113.45,Pakistan
44828,Faf du Plessis,RHB,ON_THE_STUMPS,GOOD_LENGTH,1215,1000,39,31.15,121.5,South Africa
28235,Shikhar Dhawan,LHB,OUTSIDE_OFFSTUMP,GOOD_LENGTH,1182,982,38,31.11,120.37,India
277906,Kane Williamson,RHB,OUTSIDE_OFFSTUMP,GOOD_LENGTH,1008,950,30,33.6,106.11,New Zealand
42657,Shoaib Malik,RHB,OUTSIDE_OFFSTUMP,GOOD_LENGTH,1100,931,42,26.19,118.15,Pakistan
219889,David Warner,LHB,ON_THE_STUMPS,GOOD_LENGTH,999,914,34,29.38,109.3,Australia
28235,Shikhar Dhawan,LHB,ON_THE_STUMPS,GOOD_LENGTH,1028,885,36,28.56,116.16,India
253802,Virat Kohli,RHB,OUTSIDE_OFFSTUMP,SHORT_OF_A_GOOD_LENGTH,971,868,26,37.35,111.87,India
308967,Jos Buttler,RHB,ON_THE_STUMPS,GOOD_LENGTH,1048,854,41,25.56,122.72,England
249866,Alex Hales,RHB,OUTSIDE_OFFSTUMP,GOOD_LENGTH,1068,849,38,28.11,125.8,England
232359,Colin Munro,LHB,ON_THE_STUMPS,GOOD_LENGTH,1035,846,46,22.5,122.34,New Zealand
325026,Glenn Maxwell,RHB,OUTSIDE_OFFSTUMP,GOOD_LENGTH,1104,845,39,28.31,130.65,Australia
348144,Babar Azam,RHB,OUTSIDE_OFFSTUMP,SHORT_OF_A_GOOD_LENGTH,1095,843,27,40.56,129.89,Pakistan
325012,Marcus Stoinis,RHB,OUTSIDE_OFFSTUMP,GOOD_LENGTH,947,841,33,28.7,112.6,Australia
5334,Aaron Finch,RHB,OUTSIDE_OFFSTUMP,GOOD_LENGTH,887,841,43,20.63,105.47,Australia
379143,Quinton de Kock,LHB,OUTSIDE_OFFSTUMP,GOOD_LENGTH,996,827,30,33.2,120.44,South Africa
446507,Suryakumar Yadav,RHB,OUTSIDE_OFFSTUMP,GOOD_LENGTH,999,816,30,33.3,122.43,India
422108,KL Rahul,RHB,OUTSIDE_OFFSTUMP,SHORT_OF_A_GOOD_LENGTH,1002,812,23,43.57,123.4,India
232359,Colin Munro,LHB,OUTSIDE_OFFSTUMP,GOOD_LENGTH,1015,809,23,44.13,125.46,New Zealand
422108,KL Rahul,RHB,ON_THE_STUMPS,GOOD_LENGTH,885,801,23,38.48,110.49,India
379143,Quinton de Kock,LHB,ON_THE_STUMPS,GOOD_LENGTH,971,800,39,24.9,121.38,South Africa
34102,Rohit Sharma,RHB,ON_THE_STUMPS,GOOD_LENGTH,895,797,41,21.83,112.3,India
308967,Jos Buttler,RHB,OUTSIDE_OFFSTUMP,SHORT_OF_A_GOOD_LENGTH,1028,792,20,51.4,129.8,England
323389,Mohammad Rizwan,RHB,ON_THE_STUMPS,GOOD_LENGTH,934,784,12,77.83,119.13,Pakistan
642519,Shreyas Iyer,RHB,OUTSIDE_OFFSTUMP,GOOD_LENGTH,862,782,28,30.79,110.23,India
425943,Sanju Samson,RHB,OUTSIDE_OFFSTUMP,GOOD_LENGTH,854,765,31,27.55,111.63,India
219889,David Warner,LHB,OUTSIDE_OFFSTUMP,GOOD_LENGTH,941,757,23,40.91,124.31,Australia
326637,Chris Lynn,RHB,OUTSIDE_OFFSTUMP,GOOD_LENGTH,946,757,27,35.04,124.97,Australia
325026,Glenn Maxwell,RHB,ON_THE_STUMPS,GOOD_LENGTH,1020,743,39,26.15,137.28,Australia
277916,Ajinkya Rahane,RHB,OUTSIDE_OFFSTUMP,GOOD_LENGTH,722,732,33,21.88,98.63,India
249866,Alex Hales,RHB,ON_THE_STUMPS,GOOD_LENGTH,934,722,42,22.24,129.36,England
321777,David Miller,LHB,OUTSIDE_OFFSTUMP,GOOD_LENGTH,734,720,24,30.58,101.94,South Africa
42657,Shoaib Malik,RHB,ON_THE_STUMPS,GOOD_LENGTH,873,714,23,37.96,122.27,Pakistan
604302,Nicholas Pooran,LHB,OUTSIDE_OFFSTUMP,GOOD_LENGTH,809,709,39,20.74,114.1,West Indies
51862,Andre Fletcher,RHB,OUTSIDE_OFFSTUMP,GOOD_LENGTH,750,707,30,25.0,106.08,West Indies
34102,Rohit Sharma,RHB,OUTSIDE_OFFSTUMP,SHORT_OF_A_GOOD_LENGTH,959,702,26,36.88,136.61,India
8180,Shane Watson,RHB,OUTSIDE_OFFSTUMP,GOOD_LENGTH,735,691,27,27.22,106.37,Australia
44828,Faf du Plessis,RHB,OUTSIDE_OFFSTUMP,SHORT_OF_A_GOOD_LENGTH,860,689,26,33.08,124.82,South Africa
326637,Chris Lynn,RHB,ON_THE_STUMPS,GOOD_LENGTH,821,685,34,24.15,119.85,Australia
5334,Aaron Finch,RHB,ON_THE_STUMPS,GOOD_LENGTH,719,684,34,21.15,105.12,Australia
298438,Jason Roy,RHB,OUTSIDE_OFFSTUMP,GOOD_LENGTH,785,677,44,17.84,115.95,England
230559,Kieron Pollard,RHB,OUTSIDE_OFFSTUMP,GOOD_LENGTH,698,677,30,23.27,103.1,West Indies
321777,David Miller,LHB,ON_THE_STUMPS,GOOD_LENGTH,843,674,32,26.34,125.07,South Africa
5334,Aaron Finch,RHB,OUTSIDE_OFFSTUMP,SHORT_OF_A_GOOD_LENGTH,814,659,22,37.0,123.52,Australia
44936,AB de Villiers,RHB,OUTSIDE_OFFSTUMP,GOOD_LENGTH,886,657,25,35.44,134.86,South Africa
1070173,Shubman Gill,RHB,OUTSIDE_OFFSTUMP,GOOD_LENGTH,782,639,22,35.55,122.38,India
296597,James Vince,RHB,OUTSIDE_OFFSTUMP,GOOD_LENGTH,679,639,26,26.12,106.26,England
226492,Martin Guptill,RHB,OUTSIDE_OFFSTUMP,GOOD_LENGTH,662,636,26,25.46,104.09,New Zealand
56143,Shakib Al Hasan,LHB,OUTSIDE_OFFSTUMP,GOOD_LENGTH,793,630,24,33.04,125.87,Bangladesh
230559,Kieron Pollard,RHB,ON_THE_STUMPS,GOOD_LENGTH,620,630,27,22.96,98.41,West Indies
219889,David Warner,LHB,ON_THE_STUMPS,SHORT_OF_A_GOOD_LENGTH,879,629,23,38.22,139.75,Australia
931581,Rishabh Pant,LHB,OUTSIDE_OFFSTUMP,GOOD_LENGTH,789,629,20,39.45,125.44,India
642519,Shreyas Iyer,RHB,OUTSIDE_OFFSTUMP,SHORT_OF_A_GOOD_LENGTH,707,628,18,39.28,112.58,India
290630,Manish Pandey,RHB,OUTSIDE_OFFSTUMP,GOOD_LENGTH,638,626,19,33.58,101.92,India
536936,Litton Das,RHB,OUTSIDE_OFFSTUMP,GOOD_LENGTH,670,625,34,19.71,107.2,Bangladesh
267192,Steven Smith,RHB,OUTSIDE_OFFSTUMP,GOOD_LENGTH,727,622,27,26.93,116.88,Australia
298438,Jason Roy,RHB,ON_THE_STUMPS,GOOD_LENGTH,790,619,34,23.24,127.63,England
33141,Ambati Rayudu,RHB,OUTSIDE_OFFSTUMP,GOOD_LENGTH,707,617,23,30.74,114.59,India
325012,Marcus Stoinis,RHB,ON_THE_STUMPS,GOOD_LENGTH,630,616,28,22.5,102.27,Australia
512191,Fakhar Zaman,LHB,OUTSIDE_OFFSTUMP,GOOD_LENGTH,779,614,32,24.34,126.87,Pakistan
41434,Mohammad Hafeez,RHB,OUTSIDE_OFFSTUMP,GOOD_LENGTH,657,613,24,27.38,107.18,Pakistan
446507,Suryakumar Yadav,RHB,ON_THE_STUMPS,GOOD_LENGTH,814,612,23,35.39,133.01,India
333066,Johnson Charles,RHB,OUTSIDE_OFFSTUMP,GOOD_LENGTH,815,611,27,30.19,133.39,West Indies
604302,Nicholas Pooran,LHB,ON_THE_STUMPS,GOOD_LENGTH,699,603,20,34.95,115.92,West Indies
323389,Mohammad Rizwan,RHB,OUTSIDE_OFFSTUMP,SHORT_OF_A_GOOD_LENGTH,668,601,12,55.67,111.15,Pakistan
325012,Marcus Stoinis,RHB,OUTSIDE_OFFSTUMP,SHORT_OF_A_GOOD_LENGTH,772,598,22,35.09,129.1,Australia
53116,Lendl Simmons,RHB,OUTSIDE_OFFSTUMP,GOOD_LENGTH,668,595,25,26.72,112.27,West Indies
51880,Chris Gayle,LHB,OUTSIDE_OFFSTUMP,GOOD_LENGTH,676,587,25,27.04,115.16,West Indies
51880,Chris Gayle,LHB,ON_THE_STUMPS,GOOD_LENGTH,686,587,21,32.67,116.87,West Indies
236489,Dawid Malan,LHB,OUTSIDE_OFFSTUMP,GOOD_LENGTH,777,587,20,38.85,132.37,England
42657,Shoaib Malik,RHB,OUTSIDE_OFFSTUMP,SHORT_OF_A_GOOD_LENGTH,653,576,21,31.1,113.37,Pakistan
236489,Dawid Malan,LHB,ON_THE_STUMPS,GOOD_LENGTH,714,570,32,22.31,125.26,England
277906,Kane Williamson,RHB,ON_THE_STUMPS,GOOD_LENGTH,591,558,16,36.94,105.91,New Zealand
823509,Glenn Phillips,RHB,OUTSIDE_OFFSTUMP,GOOD_LENGTH,577,554,22,26.23,104.15,New Zealand
625371,Hardik Pandya,RHB,OUTSIDE_OFFSTUMP,GOOD_LENGTH,605,553,25,24.2,109.4,India
226492,Martin Guptill,RHB,ON_THE_STUMPS,GOOD_LENGTH,588,552,21,28.0,106.52,New Zealand
603410,Ben McDermott,RHB,OUTSIDE_OFFSTUMP,GOOD_LENGTH,541,550,21,25.76,98.36,Australia
348144,Babar Azam,RHB,OUTSIDE_OFFSTUMP,FULL,723,549,18,40.17,131.69,Pakistan
230193,Matthew Wade,LHB,OUTSIDE_OFFSTUMP,GOOD_LENGTH,637,546,31,20.55,116.67,Australia
277906,Kane Williamson,RHB,OUTSIDE_OFFSTUMP,SHORT_OF_A_GOOD_LENGTH,644,544,15,42.93,118.38,New Zealand
253802,Virat Kohli,RHB,OUTSIDE_OFFSTUMP,FULL,855,543,10,85.5,157.46,India
512191,Fakhar Zaman,LHB,ON_THE_STUMPS,GOOD_LENGTH,709,543,23,30.83,130.57,Pakistan
446507,Suryakumar Yadav,RHB,OUTSIDE_OFFSTUMP,SHORT_OF_A_GOOD_LENGTH,764,543,13,58.77,140.7,India
5961,Moises Henriques,RHB,OUTSIDE_OFFSTUMP,GOOD_LENGTH,565,539,22,25.68,104.82,Australia
30045,Dinesh Karthik,RHB,OUTSIDE_OFFSTUMP,GOOD_LENGTH,641,535,22,29.14,119.81,India
35582,Robin Uthappa,RHB,OUTSIDE_OFFSTUMP,GOOD_LENGTH,571,533,20,28.55,107.13,India
308967,Jos Buttler,RHB,OUTSIDE_OFFSTUMP,FULL,1038,532,22,47.18,195.11,England
1070173,Shubman Gill,RHB,ON_THE_STUMPS,GOOD_LENGTH,627,531,19,33.0,118.08,India
28235,Shikhar Dhawan,LHB,ON_THE_STUMPS,SHORT_OF_A_GOOD_LENGTH,611,530,16,38.19,115.28,India
8180,Shane Watson,RHB,ON_THE_STUMPS,GOOD_LENGTH,603,530,25,24.12,113.77,Australia
51862,Andre Fletcher,RHB,ON_THE_STUMPS,GOOD_LENGTH,610,528,30,20.33,115.53,West Indies
28235,Shikhar Dhawan,LHB,OUTSIDE_OFFSTUMP,SHORT_OF_A_GOOD_LENGTH,605,526,9,67.22,115.02,India
318845,Rilee Rossouw,LHB,OUTSIDE_OFFSTUMP,GOOD_LENGTH,601,525,19,31.63,114.48,South Africa
56025,Mahmudullah,RHB,OUTSIDE_OFFSTUMP,GOOD_LENGTH,627,523,23,27.26,119.89,Bangladesh
325026,Glenn Maxwell,RHB,OUTSIDE_OFFSTUMP,SHORT_OF_A_GOOD_LENGTH,696,521,15,46.4,133.59,Australia
249866,Alex Hales,RHB,OUTSIDE_OFFSTUMP,SHORT_OF_A_GOOD_LENGTH,742,518,29,25.59,143.24,England
28081,MS Dhoni,RHB,OUTSIDE_OFFSTUMP,GOOD_LENGTH,609,518,18,33.83,117.57,India
431901,Evin Lewis,LHB,OUTSIDE_OFFSTUMP,GOOD_LENGTH,514,518,25,20.56,99.23,West Indies
425943,Sanju Samson,RHB,OUTSIDE_OFFSTUMP,SHORT_OF_A_GOOD_LENGTH,670,517,21,31.9,129.59,India
296597,James Vince,RHB,ON_THE_STUMPS,GOOD_LENGTH,584,515,23,25.39,113.4,England
253802,Virat Kohli,RHB,ON_THE_STUMPS,FULL,885,515,13,68.08,171.84,India
25913,Mohammad Nabi,RHB,OUTSIDE_OFFSTUMP,GOOD_LENGTH,547,511,21,26.05,107.05,Afghanistan
642519,Shreyas Iyer,RHB,ON_THE_STUMPS,GOOD_LENGTH,580,509,18,32.22,113.95,India
720471,Ishan Kishan,LHB,OUTSIDE_OFFSTUMP,GOOD_LENGTH,488,508,20,24.4,96.06,India
34102,Rohit Sharma,RHB,OUTSIDE_OFFSTUMP,FULL,766,508,18,42.56,150.79,India
670025,Shimron Hetmyer,LHB,OUTSIDE_OFFSTUMP,GOOD_LENGTH,523,507,20,26.15,103.16,West Indies
308798,D'Arcy Short,LHB,OUTSIDE_OFFSTUMP,GOOD_LENGTH,573,505,15,38.2,113.47,Australia
823509,Glenn Phillips,RHB,OUTSIDE_OFFSTUMP,SHORT_OF_A_GOOD_LENGTH,708,502,14,50.57,141.04,New Zealand
670025,Shimron Hetmyer,LHB,ON_THE_STUMPS,GOOD_LENGTH,462,502,30,15.4,92.03,West Indies
1060380,Ruturaj Gaikwad,RHB,OUTSIDE_OFFSTUMP,GOOD_LENGTH,512,500,14,36.57,102.4,India
297433,Jonny Bairstow,RHB,OUTSIDE_OFFSTUMP,GOOD_LENGTH,540,499,20,27.0,108.22,England
232359,Colin Munro,LHB,ON_THE_STUMPS,SHORT_OF_A_GOOD_LENGTH,570,493,23,24.78,115.62,New Zealand
276298,Andre Russell,RHB,OUTSIDE_OFFSTUMP,GOOD_LENGTH,665,492,28,23.75,135.16,West Indies
931581,Rishabh Pant,LHB,ON_THE_STUMPS,GOOD_LENGTH,592,491,22,26.91,120.57,India
820351,Rovman Powell,RHB,OUTSIDE_OFFSTUMP,GOOD_LENGTH,484,490,30,16.13,98.78,West Indies
56143,Shakib Al Hasan,LHB,ON_THE_STUMPS,GOOD_LENGTH,529,483,36,14.69,109.52,Bangladesh
425943,Sanju Samson,RHB,ON_THE_STUMPS,GOOD_LENGTH,570,482,18,31.67,118.26,India
56194,Tamim Iqbal,LHB,OUTSIDE_OFFSTUMP,GOOD_LENGTH,515,482,19,27.11,106.85,Bangladesh
670035,Brandon King,RHB,OUTSIDE_OFFSTUMP,GOOD_LENGTH,495,482,24,20.62,102.7,West Indies
232359,Colin Munro,LHB,OUTSIDE_OFFSTUMP,FULL,905,479,24,37.71,188.94,New Zealand
269280,Reeza Hendricks,RHB,OUTSIDE_OFFSTUMP,GOOD_LENGTH,492,476,18,27.33,103.36,South Africa
277916,Ajinkya Rahane,RHB,ON_THE_STUMPS,GOOD_LENGTH,577,473,20,28.85,121.99,India
422108,KL Rahul,RHB,OUTSIDE_OFFSTUMP,FULL,781,473,15,52.07,165.12,India
53116,Lendl Simmons,RHB,ON_THE_STUMPS,GOOD_LENGTH,485,472,23,21.09,102.75,West Indies
56194,Tamim Iqbal,LHB,ON_THE_STUMPS,GOOD_LENGTH,546,469,17,32.12,116.42,Bangladesh
298438,Jason Roy,RHB,OUTSIDE_OFFSTUMP,SHORT_OF_A_GOOD_LENGTH,543,465,25,21.72,116.77,England
1070173,Shubman Gill,RHB,OUTSIDE_OFFSTUMP,SHORT_OF_A_GOOD_LENGTH,653,465,14,46.64,140.43,India
51862,Andre Fletcher,RHB,OUTSIDE_OFFSTUMP,SHORT_OF_A_GOOD_LENGTH,558,465,19,29.37,120.0,West Indies
625964,Tim Seifert,RHB,OUTSIDE_OFFSTUMP,GOOD_LENGTH,528,464,23,22.96,113.79,New Zealand
403902,Liam Livingstone,RHB,OUTSIDE_OFFSTUMP,GOOD_LENGTH,537,463,26,20.65,115.98,England
604302,Nicholas Pooran,LHB,OUTSIDE_OFFSTUMP,FULL,888,461,25,35.52,192.62,West Indies
8917,Moeen Ali,LHB,OUTSIDE_OFFSTUMP,GOOD_LENGTH,560,459,25,22.4,122.0,England
56029,Mushfiqur Rahim,RHB,OUTSIDE_OFFSTUMP,GOOD_LENGTH,520,458,22,23.64,113.54,Bangladesh
308798,D'Arcy Short,LHB,ON_THE_STUMPS,GOOD_LENGTH,515,458,21,24.52,112.45,Australia
379143,Quinton de Kock,LHB,OUTSIDE_OFFSTUMP,FULL,708,457,17,41.65,154.92,South Africa
219889,David Warner,LHB,OUTSIDE_OFFSTUMP,SHORT_OF_A_GOOD_LENGTH,640,457,12,53.33,140.04,Australia
267192,Steven Smith,RHB,ON_THE_STUMPS,GOOD_LENGTH,566,456,17,33.29,124.12,Australia
232359,Colin Munro,LHB,ON_THE_STUMPS,FULL,855,456,28,30.54,187.5,New Zealand
272450,Mitchell Marsh,RHB,OUTSIDE_OFFSTUMP,GOOD_LENGTH,449,454,19,23.63,98.9,Australia
600498,Aiden Markram,RHB,OUTSIDE_OFFSTUMP,GOOD_LENGTH,543,449,21,25.86,120.94,South Africa
290630,Manish Pandey,RHB,ON_THE_STUMPS,GOOD_LENGTH,526,448,14,37.57,117.41,India
230559,Kieron Pollard,RHB,OUTSIDE_OFFSTUMP,FULL,943,448,19,49.63,210.49,West Indies
326637,Chris Lynn,RHB,OUTSIDE_OFFSTUMP,SHORT_OF_A_GOOD_LENGTH,618,442,17,36.35,139.82,Australia
333066,Johnson Charles,RHB,OUTSIDE_OFFSTUMP,SHORT_OF_A_GOOD_LENGTH,573,442,16,35.81,129.64,West Indies
333066,Johnson Charles,RHB,ON_THE_STUMPS,GOOD_LENGTH,445,441,26,17.12,100.91,West Indies
431901,Evin Lewis,LHB,ON_THE_STUMPS,GOOD_LENGTH,470,437,26,18.08,107.55,West Indies
297628,Sam Billings,RHB,OUTSIDE_OFFSTUMP,GOOD_LENGTH,515,437,26,19.81,117.85,England
230559,Kieron Pollard,RHB,OUTSIDE_OFFSTUMP,SHORT_OF_A_GOOD_LENGTH,509,436,18,28.28,116.74,West Indies
308967,Jos Buttler,RHB,ON_THE_STUMPS,FULL,772,436,24,32.17,177.06,England
232359,Colin Munro,LHB,OUTSIDE_OFFSTUMP,SHORT_OF_A_GOOD_LENGTH,508,432,11,46.18,117.59,New Zealand
323389,Mohammad Rizwan,RHB,OUTSIDE_OFFSTUMP,FULL,570,432,7,81.43,131.94,Pakistan
720471,Ishan Kishan,LHB,ON_THE_STUMPS,GOOD_LENGTH,463,432,19,24.37,107.18,India
348144,Babar Azam,RHB,ON_THE_STUMPS,FULL,560,431,17,32.94,129.93,Pakistan
53116,Lendl Simmons,RHB,OUTSIDE_OFFSTUMP,SHORT_OF_A_GOOD_LENGTH,443,428,20,22.15,103.5,West Indies
44828,Faf du Plessis,RHB,OUTSIDE_OFFSTUMP,FULL,756,428,20,37.8,176.64,South Africa
604527,Nitish Rana,LHB,ON_THE_STUMPS,GOOD_LENGTH,433,428,20,21.65,101.17,India
318845,Rilee Rossouw,LHB,ON_THE_STUMPS,GOOD_LENGTH,525,427,21,25.0,122.95,South Africa
670035,Brandon King,RHB,OUTSIDE_OFFSTUMP,SHORT_OF_A_GOOD_LENGTH,497,427,18,27.61,116.39,West Indies
45705,Colin Ingram,LHB,OUTSIDE_OFFSTUMP,GOOD_LENGTH,450,422,19,23.68,106.64,South Africa
974087,Rahmanullah Gurbaz,RHB,OUTSIDE_OFFSTUMP,GOOD_LENGTH,555,422,27,20.56,131.52,Afghanistan
1060380,Ruturaj Gaikwad,RHB,OUTSIDE_OFFSTUMP,SHORT_OF_A_GOOD_LENGTH,525,422,10,52.5,124.41,India
33335,Suresh Raina,LHB,ON_THE_STUMPS,GOOD_LENGTH,457,421,31,14.74,108.55,India
625371,Hardik Pandya,RHB,OUTSIDE_OFFSTUMP,SHORT_OF_A_GOOD_LENGTH,568,420,19,29.89,135.24,India
44936,AB de Villiers,RHB,ON_THE_STUMPS,GOOD_LENGTH,520,420,20,26.0,123.81,South Africa
379140,Devon Conway,LHB,ON_THE_STUMPS,GOOD_LENGTH,512,417,11,46.55,122.78,New Zealand
446763,Rahul Tripathi,RHB,OUTSIDE_OFFSTUMP,GOOD_LENGTH,494,411,16,30.88,120.19,India
28235,Shikhar Dhawan,LHB,OUTSIDE_OFFSTUMP,FULL,656,408,12,54.67,160.78,India
296597,James Vince,RHB,OUTSIDE_OFFSTUMP,SHORT_OF_A_GOOD_LENGTH,548,407,20,27.4,134.64,England
437316,Dasun Shanaka,RHB,OUTSIDE_OFFSTUMP,GOOD_LENGTH,437,406,26,16.81,107.64,Sri Lanka
1124282,Josh Philippe,RHB,OUTSIDE_OFFSTUMP,GOOD_LENGTH,488,406,22,22.18,120.2,Australia
935995,Afif Hossain,LHB,OUTSIDE_OFFSTUMP,GOOD_LENGTH,360,406,18,20.0,88.67,Bangladesh
33335,Suresh Raina,LHB,OUTSIDE_OFFSTUMP,GOOD_LENGTH,475,405,13,36.54,117.28,India
604527,Nitish Rana,LHB,OUTSIDE_OFFSTUMP,GOOD_LENGTH,554,405,13,42.62,136.79,India
629074,Kusal Mendis,RHB,OUTSIDE_OFFSTUMP,GOOD_LENGTH,414,402,19,21.79,102.99,Sri Lanka
935995,Afif Hossain,LHB,ON_THE_STUMPS,GOOD_LENGTH,457,401,20,22.85,113.97,Bangladesh
279810,Wriddhiman Saha,RHB,OUTSIDE_OFFSTUMP,GOOD_LENGTH,428,399,26,16.46,107.27,India
581379,Shai Hope,RHB,OUTSIDE_OFFSTUMP,GOOD_LENGTH,494,399,17,29.06,123.81,West Indies
230193,Matthew Wade,LHB,ON_THE_STUMPS,GOOD_LENGTH,480,399,20,24.0,120.3,Australia
326434,Alex Carey,LHB,OUTSIDE_OFFSTUMP,GOOD_LENGTH,459,398,18,25.5,115.33,Australia
321777,David Miller,LHB,OUTSIDE_OFFSTUMP,FULL,721,397,16,45.06,181.61,South Africa
536936,Litton Das,RHB,OUTSIDE_OFFSTUMP,SHORT_OF_A_GOOD_LENGTH,501,397,17,29.47,126.2,Bangladesh
226492,Martin Guptill,RHB,OUTSIDE_OFFSTUMP,SHORT_OF_A_GOOD_LENGTH,517,395,14,36.93,130.89,New Zealand
669365,Phil Salt,RHB,OUTSIDE_OFFSTUMP,GOOD_LENGTH,544,394,22,24.73,138.07,England
379143,Quinton de Kock,LHB,OUTSIDE_OFFSTUMP,SHORT_OF_A_GOOD_LENGTH,433,394,17,25.47,109.9,South Africa
536936,Litton Das,RHB,ON_THE_STUMPS,GOOD_LENGTH,416,391,18,23.11,106.39,Bangladesh
603410,Ben McDermott,RHB,ON_THE_STUMPS,GOOD_LENGTH,436,391,23,18.96,111.51,Australia
233680,Jonathan Wells,RHB,OUTSIDE_OFFSTUMP,GOOD_LENGTH,403,388,17,23.71,103.87,Australia
34102,Rohit Sharma,RHB,ON_THE_STUMPS,FULL,536,386,18,29.78,138.86,India
781285,Jake Weatherald,LHB,OUTSIDE_OFFSTUMP,GOOD_LENGTH,455,386,11,41.36,117.88,Australia
42657,Shoaib Malik,RHB,OUTSIDE_OFFSTUMP,FULL,573,386,12,47.75,148.45,Pakistan
25913,Mohammad Nabi,RHB,ON_THE_STUMPS,GOOD_LENGTH,412,385,23,17.91,107.01,Afghanistan
44828,Faf du Plessis,RHB,ON_THE_STUMPS,FULL,674,385,11,61.27,175.06,South Africa
230559,Kieron Pollard,RHB,ON_THE_STUMPS,FULL,670,384,24,27.92,174.48,West Indies
379140,Devon Conway,LHB,OUTSIDE_OFFSTUMP,GOOD_LENGTH,450,383,10,45.0,117.49,New Zealand
446507,Suryakumar Yadav,RHB,OUTSIDE_OFFSTUMP,FULL,694,382,17,40.82,181.68,India
299572,Sikandar Raza,RHB,OUTSIDE_OFFSTUMP,GOOD_LENGTH,406,381,20,20.3,106.56,Zimbabwe
892749,Tim David,RHB,OUTSIDE_OFFSTUMP,GOOD_LENGTH,448,380,15,29.87,117.89,Australia
337790,Rassie van der Dussen,RHB,OUTSIDE_OFFSTUMP,GOOD_LENGTH,366,380,18,20.33,96.32,South Africa
820351,Rovman Powell,RHB,ON_THE_STUMPS,GOOD_LENGTH,389,377,16,24.31,103.18,West Indies
480603,Iftikhar Ahmed,RHB,OUTSIDE_OFFSTUMP,GOOD_LENGTH,403,377,24,16.79,106.9,Pakistan
436677,Soumya Sarkar,LHB,OUTSIDE_OFFSTUMP,GOOD_LENGTH,383,377,23,16.65,101.59,Bangladesh
290630,Manish Pandey,RHB,OUTSIDE_OFFSTUMP,SHORT_OF_A_GOOD_LENGTH,395,377,13,30.38,104.77,India
379143,Quinton de Kock,LHB,ON_THE_STUMPS,SHORT_OF_A_GOOD_LENGTH,503,376,19,26.47,133.78,South Africa
325026,Glenn Maxwell,RHB,ON_THE_STUMPS,FULL,690,376,21,32.86,183.51,Australia
422108,KL Rahul,RHB,ON_THE_STUMPS,FULL,594,374,12,49.5,158.82,India
219889,David Warner,LHB,OUTSIDE_OFFSTUMP,FULL,645,374,11,58.64,172.46,Australia
325026,Glenn Maxwell,RHB,OUTSIDE_OFFSTUMP,FULL,674,373,21,32.1,180.7,Australia
297433,Jonny Bairstow,RHB,OUTSIDE_OFFSTUMP,SHORT_OF_A_GOOD_LENGTH,490,373,9,54.44,131.37,England
5961,Moises Henriques,RHB,ON_THE_STUMPS,GOOD_LENGTH,405,372,15,27.0,108.87,Australia
267192,Steven Smith,RHB,OUTSIDE_OFFSTUMP,SHORT_OF_A_GOOD_LENGTH,432,371,14,30.86,116.44,Australia
348056,Kyle Mayers,LHB,OUTSIDE_OFFSTUMP,GOOD_LENGTH,398,371,14,28.43,107.28,West Indies
5334,Aaron Finch,RHB,OUTSIDE_OFFSTUMP,FULL,679,370,20,33.95,183.51,Australia
8917,Moeen Ali,LHB,ON_THE_STUMPS,GOOD_LENGTH,445,369,24,18.54,120.6,England
398438,Mayank Agarwal,RHB,OUTSIDE_OFFSTUMP,GOOD_LENGTH,427,369,16,26.69,115.72,India
28081,MS Dhoni,RHB,ON_THE_STUMPS,GOOD_LENGTH,400,367,8,50.0,108.99,India
37737,Brendon McCullum,RHB,ON_THE_STUMPS,GOOD_LENGTH,372,367,20,18.6,101.36,New Zealand
24598,Eoin Morgan,LHB,OUTSIDE_OFFSTUMP,GOOD_LENGTH,387,366,17,22.76,105.74,England
51880,Chris Gayle,LHB,OUTSIDE_OFFSTUMP,FULL,733,365,11,66.64,200.82,West Indies
323389,Mohammad Rizwan,RHB,ON_THE_STUMPS,FULL,477,364,13,36.69,131.04,Pakistan
37737,Brendon McCullum,RHB,OUTSIDE_OFFSTUMP,GOOD_LENGTH,426,364,18,23.67,117.03,New Zealand
297433,Jonny Bairstow,RHB,ON_THE_STUMPS,GOOD_LENGTH,481,363,21,22.9,132.51,England
629058,Najmul Hossain Shanto,LHB,OUTSIDE_OFFSTUMP,GOOD_LENGTH,362,362,18,20.11,100.0,Bangladesh
436677,Soumya Sarkar,LHB,ON_THE_STUMPS,GOOD_LENGTH,452,361,20,22.6,125.21,Bangladesh
227758,Imad Wasim,LHB,OUTSIDE_OFFSTUMP,GOOD_LENGTH,388,361,20,19.4,107.48,Pakistan
823509,Glenn Phillips,RHB,ON_THE_STUMPS,GOOD_LENGTH,374,360,13,28.77,103.89,New Zealand
446507,Suryakumar Yadav,RHB,ON_THE_STUMPS,FULL,645,359,11,58.64,179.67,India
379143,Quinton de Kock,LHB,ON_THE_STUMPS,FULL,518,358,18,28.78,144.69,South Africa
41434,Mohammad Hafeez,RHB,ON_THE_STUMPS,GOOD_LENGTH,406,358,13,31.23,113.41,Pakistan
600498,Aiden Markram,RHB,ON_THE_STUMPS,GOOD_LENGTH,417,357,15,27.8,116.81,South Africa
321777,David Miller,LHB,OUTSIDE_OFFSTUMP,SHORT_OF_A_GOOD_LENGTH,419,357,15,27.93,117.37,South Africa
33141,Ambati Rayudu,RHB,ON_THE_STUMPS,GOOD_LENGTH,414,356,16,25.88,116.29,India
8180,Shane Watson,RHB,OUTSIDE_OFFSTUMP,SHORT_OF_A_GOOD_LENGTH,418,355,15,27.87,117.75,Australia
348144,Babar Azam,RHB,ON_THE_STUMPS,SHORT_OF_A_GOOD_LENGTH,544,355,7,77.71,153.24,Pakistan
44828,Faf du Plessis,RHB,ON_THE_STUMPS,SHORT_OF_A_GOOD_LENGTH,472,353,8,59.0,133.71,South Africa
276298,Andre Russell,RHB,ON_THE_STUMPS,GOOD_LENGTH,482,353,19,25.37,136.54,West Indies
41434,Mohammad Hafeez,RHB,OUTSIDE_OFFSTUMP,SHORT_OF_A_GOOD_LENGTH,391,350,14,27.93,111.71,Pakistan
974087,Rahmanullah Gurbaz,RHB,OUTSIDE_OFFSTUMP,SHORT_OF_A_GOOD_LENGTH,452,350,15,30.13,129.14,Afghanistan
625964,Tim Seifert,RHB,ON_THE_STUMPS,GOOD_LENGTH,412,349,12,34.33,118.05,New Zealand
219889,David Warner,LHB,ON_THE_STUMPS,FULL,513,349,17,30.18,146.99,Australia
24598,Eoin Morgan,LHB,ON_THE_STUMPS,GOOD_LENGTH,400,346,17,23.53,115.61,England
315586,Chadwick Walton,RHB,OUTSIDE_OFFSTUMP,GOOD_LENGTH,332,345,15,22.13,96.23,West Indies
571761,Daniel Hughes,LHB,OUTSIDE_OFFSTUMP,GOOD_LENGTH,409,345,13,31.46,118.55,Australia
227760,Sarfaraz Ahmed,RHB,OUTSIDE_OFFSTUMP,GOOD_LENGTH,378,344,17,22.24,109.88,Pakistan
28081,MS Dhoni,RHB,OUTSIDE_OFFSTUMP,SHORT_OF_A_GOOD_LENGTH,353,342,9,39.22,103.22,India
669365,Phil Salt,RHB,ON_THE_STUMPS,GOOD_LENGTH,397,341,25,15.88,116.42,England
670035,Brandon King,RHB,ON_THE_STUMPS,GOOD_LENGTH,329,341,18,18.28,96.48,West Indies
272450,Mitchell Marsh,RHB,ON_THE_STUMPS,GOOD_LENGTH,373,341,23,16.22,109.38,Australia
524049,Najibullah Zadran,LHB,OUTSIDE_OFFSTUMP,GOOD_LENGTH,358,341,14,25.57,104.99,Afghanistan
422108,KL Rahul,RHB,ON_THE_STUMPS,SHORT_OF_A_GOOD_LENGTH,444,339,7,63.43,130.97,India
604302,Nicholas Pooran,LHB,ON_THE_STUMPS,SHORT_OF_A_GOOD_LENGTH,535,339,21,25.48,157.82,West Indies
30045,Dinesh Karthik,RHB,OUTSIDE_OFFSTUMP,SHORT_OF_A_GOOD_LENGTH,475,339,12,39.58,140.12,India
605575,Matthew Short,RHB,OUTSIDE_OFFSTUMP,GOOD_LENGTH,328,339,15,21.87,96.76,Australia
403902,Liam Livingstone,RHB,OUTSIDE_OFFSTUMP,SHORT_OF_A_GOOD_LENGTH,376,338,18,20.89,111.24,England
1060380,Ruturaj Gaikwad,RHB,ON_THE_STUMPS,GOOD_LENGTH,367,338,11,33.36,108.58,India
820351,Rovman Powell,RHB,OUTSIDE_OFFSTUMP,SHORT_OF_A_GOOD_LENGTH,415,338,20,20.75,122.78,West Indies
297628,Sam Billings,RHB,ON_THE_STUMPS,GOOD_LENGTH,434,337,17,25.53,128.78,England
303423,Andy Balbirnie,RHB,OUTSIDE_OFFSTUMP,GOOD_LENGTH,368,337,20,18.4,109.2,Ireland
497121,Deepak Hooda,RHB,OUTSIDE_OFFSTUMP,GOOD_LENGTH,393,335,19,20.68,117.31,India
56025,Mahmudullah,RHB,ON_THE_STUMPS,GOOD_LENGTH,424,334,22,19.27,126.95,Bangladesh
990081,Mohammad Naim,LHB,OUTSIDE_OFFSTUMP,GOOD_LENGTH,324,332,17,19.06,97.59,Bangladesh
33141,Ambati Rayudu,RHB,OUTSIDE_OFFSTUMP,SHORT_OF_A_GOOD_LENGTH,318,331,13,24.46,96.07,India
276298,Andre Russell,RHB,OUTSIDE_OFFSTUMP,SHORT_OF_A_GOOD_LENGTH,506,331,17,29.76,152.87,West Indies
5334,Aaron Finch,RHB,ON_THE_STUMPS,SHORT_OF_A_GOOD_LENGTH,403,330,6,67.17,122.12,Australia
325012,Marcus Stoinis,RHB,OUTSIDE_OFFSTUMP,FULL,653,330,20,32.65,197.88,Australia
308967,Jos Buttler,RHB,ON_THE_STUMPS,SHORT_OF_A_GOOD_LENGTH,439,330,12,36.58,133.03,England
922943,Shadab Khan,RHB,OUTSIDE_OFFSTUMP,GOOD_LENGTH,370,329,26,14.23,112.46,Pakistan
269280,Reeza Hendricks,RHB,ON_THE_STUMPS,GOOD_LENGTH,342,329,12,28.5,103.95,South Africa
227758,Imad Wasim,LHB,ON_THE_STUMPS,GOOD_LENGTH,375,329,16,23.44,113.98,Pakistan
253802,Virat Kohli,RHB,ON_THE_STUMPS,SHORT_OF_A_GOOD_LENGTH,454,328,14,32.43,138.41,India
51862,Andre Fletcher,RHB,OUTSIDE_OFFSTUMP,FULL,494,327,16,30.88,151.07,West Indies
53118,Dwayne Smith,RHB,OUTSIDE_OFFSTUMP,GOOD_LENGTH,362,327,13,27.85,110.7,West Indies
277916,Ajinkya Rahane,RHB,OUTSIDE_OFFSTUMP,SHORT_OF_A_GOOD_LENGTH,429,327,15,28.6,131.19,India
1241277,Muhammad Waseem,RHB,OUTSIDE_OFFSTUMP,GOOD_LENGTH,431,326,8,53.88,132.21,United Arab Emirates
53118,Dwayne Smith,RHB,ON_THE_STUMPS,GOOD_LENGTH,303,326,8,37.88,92.94,West Indies
303427,Paul Stirling,RHB,OUTSIDE_OFFSTUMP,GOOD_LENGTH,345,325,17,20.29,106.15,Ireland
321777,David Miller,LHB,ON_THE_STUMPS,FULL,530,325,20,26.5,163.08,South Africa
44932,Jean-Paul Duminy,LHB,OUTSIDE_OFFSTUMP,GOOD_LENGTH,344,324,13,26.46,106.17,South Africa
625371,Hardik Pandya,RHB,ON_THE_STUMPS,GOOD_LENGTH,350,324,17,20.59,108.02,India
530011,Travis Head,LHB,OUTSIDE_OFFSTUMP,GOOD_LENGTH,396,323,13,30.46,122.6,Australia
436757,Heinrich Klaasen,RHB,OUTSIDE_OFFSTUMP,GOOD_LENGTH,384,323,18,21.33,118.89,South Africa
1070168,Prithvi Shaw,RHB,OUTSIDE_OFFSTUMP,GOOD_LENGTH,409,323,12,34.08,126.63,India
629074,Kusal Mendis,RHB,ON_THE_STUMPS,GOOD_LENGTH,361,322,15,24.07,112.11,Sri Lanka
581379,Shai Hope,RHB,ON_THE_STUMPS,GOOD_LENGTH,398,322,17,23.41,123.6,West Indies
215155,Usman Khawaja,LHB,OUTSIDE_OFFSTUMP,GOOD_LENGTH,333,321,17,19.59,103.74,Australia
42657,Shoaib Malik,RHB,ON_THE_STUMPS,FULL,424,321,11,38.55,132.09,Pakistan
233901,Shan Masood,LHB,OUTSIDE_OFFSTUMP,GOOD_LENGTH,359,320,16,22.44,112.19,Pakistan
600498,Aiden Markram,RHB,OUTSIDE_OFFSTUMP,SHORT_OF_A_GOOD_LENGTH,423,320,8,52.88,132.19,South Africa
333066,Johnson Charles,RHB,OUTSIDE_OFFSTUMP,FULL,541,319,19,28.47,169.59,West Indies
604302,Nicholas Pooran,LHB,OUTSIDE_OFFSTUMP,SHORT_OF_A_GOOD_LENGTH,414,319,18,23.0,129.78,West Indies
391485,Jason Holder,RHB,OUTSIDE_OFFSTUMP,GOOD_LENGTH,346,319,18,19.22,108.46,West Indies
431901,Evin Lewis,LHB,OUTSIDE_OFFSTUMP,FULL,702,318,16,43.88,220.75,West Indies
277906,Kane Williamson,RHB,OUTSIDE_OFFSTUMP,FULL,431,317,11,39.18,135.96,New Zealand
25913,Mohammad Nabi,RHB,OUTSIDE_OFFSTUMP,SHORT_OF_A_GOOD_LENGTH,413,317,18,22.94,130.28,Afghanistan
30045,Dinesh Karthik,RHB,ON_THE_STUMPS,GOOD_LENGTH,354,317,19,18.63,111.67,India
226492,Martin Guptill,RHB,ON_THE_STUMPS,FULL,486,316,26,18.69,153.8,New Zealand
662235,Josh Inglis,RHB,ON_THE_STUMPS,GOOD_LENGTH,413,316,17,24.29,130.7,Australia
403902,Liam Livingstone,RHB,ON_THE_STUMPS,GOOD_LENGTH,440,316,21,20.95,139.24,England
629074,Kusal Mendis,RHB,OUTSIDE_OFFSTUMP,SHORT_OF_A_GOOD_LENGTH,420,316,14,30.0,132.91,Sri Lanka
823509,Glenn Phillips,RHB,OUTSIDE_OFFSTUMP,FULL,513,315,18,28.5,162.86,New Zealand
1137262,Azam Khan,RHB,OUTSIDE_OFFSTUMP,GOOD_LENGTH,413,315,18,22.94,131.11,Pakistan
272450,Mitchell Marsh,RHB,OUTSIDE_OFFSTUMP,SHORT_OF_A_GOOD_LENGTH,390,315,12,32.5,123.81,Australia
56029,Mushfiqur Rahim,RHB,ON_THE_STUMPS,GOOD_LENGTH,373,313,12,31.08,119.17,Bangladesh
333624,Alex Ross,RHB,OUTSIDE_OFFSTUMP,GOOD_LENGTH,351,311,12,29.25,112.86,Australia
51862,Andre Fletcher,RHB,ON_THE_STUMPS,FULL,399,310,10,39.9,128.71,West Indies
44932,Jean-Paul Duminy,LHB,ON_THE_STUMPS,GOOD_LENGTH,320,308,8,40.0,103.9,South Africa
670025,Shimron Hetmyer,LHB,OUTSIDE_OFFSTUMP,SHORT_OF_A_GOOD_LENGTH,395,307,12,32.92,128.66,West Indies
233901,Shan Masood,LHB,ON_THE_STUMPS,GOOD_LENGTH,382,307,16,23.88,124.43,Pakistan
720471,Ishan Kishan,LHB,OUTSIDE_OFFSTUMP,SHORT_OF_A_GOOD_LENGTH,371,306,13,28.54,121.24,India
642519,Shreyas Iyer,RHB,OUTSIDE_OFFSTUMP,FULL,533,306,19,28.05,174.18,India
662235,Josh Inglis,RHB,OUTSIDE_OFFSTUMP,GOOD_LENGTH,356,306,19,18.74,116.34,Australia
931581,Rishabh Pant,LHB,OUTSIDE_OFFSTUMP,FULL,587,306,17,34.53,191.83,India
6683,Shaun Marsh,LHB,ON_THE_STUMPS,GOOD_LENGTH,293,305,18,16.28,96.07,Australia
1028655,Pathum Nissanka,RHB,OUTSIDE_OFFSTUMP,GOOD_LENGTH,328,305,16,20.5,107.54,Sri Lanka
670025,Shimron Hetmyer,LHB,OUTSIDE_OFFSTUMP,FULL,532,304,15,35.47,175.0,West Indies
348056,Kyle Mayers,LHB,ON_THE_STUMPS,GOOD_LENGTH,312,303,19,16.42,102.97,West Indies
259410,Ahmed Shehzad,RHB,OUTSIDE_OFFSTUMP,GOOD_LENGTH,252,301,12,21.0,83.72,Pakistan
28235,Shikhar Dhawan,LHB,ON_THE_STUMPS,FULL,426,301,18,23.67,141.53,India
931581,Rishabh Pant,LHB,OUTSIDE_OFFSTUMP,SHORT_OF_A_GOOD_LENGTH,402,300,7,57.43,134.0,India
784369,Avishka Fernando,RHB,OUTSIDE_OFFSTUMP,GOOD_LENGTH,332,299,16,20.75,111.04,Sri Lanka
326434,Alex Carey,LHB,ON_THE_STUMPS,GOOD_LENGTH,340,298,17,20.0,114.09,Australia
1070173,Shubman Gill,RHB,OUTSIDE_OFFSTUMP,FULL,412,298,13,31.69,138.26,India
625964,Tim Seifert,RHB,OUTSIDE_OFFSTUMP,SHORT_OF_A_GOOD_LENGTH,304,298,13,23.38,102.01,New Zealand
300628,Dinesh Chandimal,RHB,OUTSIDE_OFFSTUMP,GOOD_LENGTH,268,298,14,19.14,89.93,Sri Lanka
249866,Alex Hales,RHB,ON_THE_STUMPS,FULL,472,297,13,36.31,158.92,England
279810,Wriddhiman Saha,RHB,OUTSIDE_OFFSTUMP,SHORT_OF_A_GOOD_LENGTH,311,297,15,20.73,104.71,India
236489,Dawid Malan,LHB,ON_THE_STUMPS,SHORT_OF_A_GOOD_LENGTH,341,297,11,31.0,114.81,England
337790,Rassie van der Dussen,RHB,ON_THE_STUMPS,GOOD_LENGTH,357,297,9,39.67,120.2,South Africa
398438,Mayank Agarwal,RHB,OUTSIDE_OFFSTUMP,SHORT_OF_A_GOOD_LENGTH,306,296,10,30.6,103.38,India
914541,Sherfane Rutherford,LHB,OUTSIDE_OFFSTUMP,GOOD_LENGTH,322,296,10,32.2,108.78,West Indies
437316,Dasun Shanaka,RHB,ON_THE_STUMPS,GOOD_LENGTH,309,295,12,25.75,104.75,Sri Lanka
249866,Alex Hales,RHB,OUTSIDE_OFFSTUMP,FULL,452,295,18,25.11,153.22,England
323389,Mohammad Rizwan,RHB,ON_THE_STUMPS,SHORT_OF_A_GOOD_LENGTH,413,295,4,103.25,140.0,Pakistan
56029,Mushfiqur Rahim,RHB,OUTSIDE_OFFSTUMP,SHORT_OF_A_GOOD_LENGTH,364,295,13,28.0,123.39,Bangladesh
233680,Jonathan Wells,RHB,ON_THE_STUMPS,GOOD_LENGTH,312,294,12,26.0,106.12,Australia
629058,Najmul Hossain Shanto,LHB,ON_THE_STUMPS,GOOD_LENGTH,299,294,21,14.24,101.7,Bangladesh
536936,Litton Das,RHB,OUTSIDE_OFFSTUMP,FULL,397,293,15,26.47,135.49,Bangladesh
892749,Tim David,RHB,OUTSIDE_OFFSTUMP,SHORT_OF_A_GOOD_LENGTH,455,292,15,30.33,155.82,Australia
45705,Colin Ingram,LHB,ON_THE_STUMPS,GOOD_LENGTH,366,292,13,28.15,125.34,South Africa
604302,Nicholas Pooran,LHB,ON_THE_STUMPS,FULL,449,291,14,32.07,154.3,West Indies
425943,Sanju Samson,RHB,OUTSIDE_OFFSTUMP,FULL,511,291,19,26.89,175.6,India
321777,David Miller,LHB,ON_THE_STUMPS,SHORT_OF_A_GOOD_LENGTH,336,289,10,33.6,116.26,South Africa
500268,Ashton Turner,RHB,OUTSIDE_OFFSTUMP,GOOD_LENGTH,308,289,13,23.69,106.57,Australia
5334,Aaron Finch,RHB,ON_THE_STUMPS,FULL,502,288,15,33.47,174.31,Australia
373538,Sabbir Rahman,RHB,OUTSIDE_OFFSTUMP,GOOD_LENGTH,302,288,20,15.1,104.86,Bangladesh
820351,Rovman Powell,RHB,OUTSIDE_OFFSTUMP,FULL,606,288,18,33.67,210.42,West Indies
530011,Travis Head,LHB,ON_THE_STUMPS,GOOD_LENGTH,369,287,17,21.71,128.57,Australia
557295,Hilton Cartwright,RHB,OUTSIDE_OFFSTUMP,GOOD_LENGTH,296,287,12,24.67,103.14,Australia
325026,Glenn Maxwell,RHB,ON_THE_STUMPS,SHORT_OF_A_GOOD_LENGTH,417,287,18,23.17,145.3,Australia
6683,Shaun Marsh,LHB,OUTSIDE_OFFSTUMP,GOOD_LENGTH,312,285,14,22.29,109.47,Australia
974087,Rahmanullah Gurbaz,RHB,ON_THE_STUMPS,GOOD_LENGTH,323,285,18,17.94,113.33,Afghanistan
230193,Matthew Wade,LHB,OUTSIDE_OFFSTUMP,SHORT_OF_A_GOOD_LENGTH,399,283,8,49.88,140.99,Australia
720471,Ishan Kishan,LHB,ON_THE_STUMPS,SHORT_OF_A_GOOD_LENGTH,350,282,10,35.0,124.11,India
38699,Ross Taylor,RHB,OUTSIDE_OFFSTUMP,GOOD_LENGTH,255,282,8,31.88,90.43,New Zealand
56025,Mahmudullah,RHB,OUTSIDE_OFFSTUMP,SHORT_OF_A_GOOD_LENGTH,306,282,9,34.0,108.51,Bangladesh
51439,Dwayne Bravo,RHB,OUTSIDE_OFFSTUMP,GOOD_LENGTH,257,282,15,17.13,91.13,West Indies
381743,Daryl Mitchell,RHB,OUTSIDE_OFFSTUMP,GOOD_LENGTH,350,281,11,31.82,124.56,New Zealand
1124282,Josh Philippe,RHB,ON_THE_STUMPS,GOOD_LENGTH,389,279,8,48.62,139.43,Australia
1151278,Yashasvi Jaiswal,LHB,OUTSIDE_OFFSTUMP,GOOD_LENGTH,363,279,15,24.2,130.11,India
436757,Heinrich Klaasen,RHB,OUTSIDE_OFFSTUMP,SHORT_OF_A_GOOD_LENGTH,445,278,13,34.23,160.07,South Africa
781285,Jake Weatherald,LHB,ON_THE_STUMPS,GOOD_LENGTH,281,276,17,16.53,101.81,Australia
32242,Parthiv Patel,LHB,OUTSIDE_OFFSTUMP,GOOD_LENGTH,304,275,14,21.71,110.55,India
35582,Robin Uthappa,RHB,ON_THE_STUMPS,GOOD_LENGTH,352,274,18,19.56,128.47,India
56025,Mahmudullah,RHB,OUTSIDE_OFFSTUMP,FULL,391,274,6,65.17,142.7,Bangladesh
318845,Rilee Rossouw,LHB,OUTSIDE_OFFSTUMP,FULL,470,274,17,27.65,171.53,South Africa
625371,Hardik Pandya,RHB,OUTSIDE_OFFSTUMP,FULL,478,274,14,34.14,174.45,India
269280,Reeza Hendricks,RHB,OUTSIDE_OFFSTUMP,SHORT_OF_A_GOOD_LENGTH,346,273,10,34.6,126.74,South Africa
471342,Krunal Pandya,LHB,OUTSIDE_OFFSTUMP,GOOD_LENGTH,311,272,14,22.21,114.34,India
51880,Chris Gayle,LHB,ON_THE_STUMPS,SHORT_OF_A_GOOD_LENGTH,368,272,20,18.4,135.29,West Indies
333624,Alex Ross,RHB,ON_THE_STUMPS,GOOD_LENGTH,299,271,11,27.18,110.33,Australia
277906,Kane Williamson,RHB,ON_THE_STUMPS,FULL,371,271,18,20.61,136.9,New Zealand
480603,Iftikhar Ahmed,RHB,ON_THE_STUMPS,GOOD_LENGTH,278,271,11,25.27,102.58,Pakistan
300631,Kusal Perera,LHB,OUTSIDE_OFFSTUMP,GOOD_LENGTH,326,270,12,27.17,120.74,Sri Lanka
512191,Fakhar Zaman,LHB,OUTSIDE_OFFSTUMP,FULL,407,270,13,31.31,150.74,Pakistan
431901,Evin Lewis,LHB,ON_THE_STUMPS,SHORT_OF_A_GOOD_LENGTH,375,270,17,22.06,138.89,West Indies
1028655,Pathum Nissanka,RHB,OUTSIDE_OFFSTUMP,SHORT_OF_A_GOOD_LENGTH,265,270,5,53.0,98.15,Sri Lanka
276298,Andre Russell,RHB,OUTSIDE_OFFSTUMP,FULL,660,269,14,47.14,245.35,West Indies
628240,Hussain Talat,LHB,OUTSIDE_OFFSTUMP,GOOD_LENGTH,304,269,12,25.33,113.01,Pakistan
554691,Axar Patel,LHB,OUTSIDE_OFFSTUMP,GOOD_LENGTH,334,269,17,19.65,124.16,India
300628,Dinesh Chandimal,RHB,ON_THE_STUMPS,GOOD_LENGTH,310,269,10,31.0,115.24,Sri Lanka
51880,Chris Gayle,LHB,ON_THE_STUMPS,FULL,350,268,14,25.0,130.6,West Indies
342619,Bhanuka Rajapaksa,LHB,OUTSIDE_OFFSTUMP,GOOD_LENGTH,345,268,19,18.16,128.73,Sri Lanka
431901,Evin Lewis,LHB,OUTSIDE_OFFSTUMP,SHORT_OF_A_GOOD_LENGTH,346,266,13,26.62,130.08,West Indies
437669,Jordan Silk,RHB,OUTSIDE_OFFSTUMP,GOOD_LENGTH,261,266,11,23.73,98.12,Australia
325012,Marcus Stoinis,RHB,ON_THE_STUMPS,FULL,490,266,14,35.0,184.21,Australia
1070168,Prithvi Shaw,RHB,OUTSIDE_OFFSTUMP,SHORT_OF_A_GOOD_LENGTH,354,265,20,17.7,133.58,India
230193,Matthew Wade,LHB,OUTSIDE_OFFSTUMP,FULL,388,265,13,29.85,146.42,Australia
236489,Dawid Malan,LHB,OUTSIDE_OFFSTUMP,FULL,456,265,6,76.0,172.08,England
1124282,Josh Philippe,RHB,OUTSIDE_OFFSTUMP,SHORT_OF_A_GOOD_LENGTH,272,264,18,15.11,103.03,Australia
300631,Kusal Perera,LHB,ON_THE_STUMPS,GOOD_LENGTH,281,264,19,14.79,106.44,Sri Lanka
446763,Rahul Tripathi,RHB,ON_THE_STUMPS,GOOD_LENGTH,312,264,13,24.0,118.18,India
44936,AB de Villiers,RHB,OUTSIDE_OFFSTUMP,SHORT_OF_A_GOOD_LENGTH,389,264,10,38.9,147.35,South Africa
325012,Marcus Stoinis,RHB,ON_THE_STUMPS,SHORT_OF_A_GOOD_LENGTH,410,263,8,51.25,155.89,Australia
52917,Denesh Ramdin,RHB,OUTSIDE_OFFSTUMP,GOOD_LENGTH,225,263,13,17.31,85.55,West Indies
233680,Jonathan Wells,RHB,OUTSIDE_OFFSTUMP,SHORT_OF_A_GOOD_LENGTH,319,263,5,63.8,121.29,Australia
53116,Lendl Simmons,RHB,OUTSIDE_OFFSTUMP,FULL,408,262,7,58.29,155.73,West Indies
1137262,Azam Khan,RHB,OUTSIDE_OFFSTUMP,SHORT_OF_A_GOOD_LENGTH,332,262,14,23.71,126.72,Pakistan
605575,Matthew Short,RHB,ON_THE_STUMPS,GOOD_LENGTH,294,261,13,22.62,112.64,Australia
230558,Sunil Narine,LHB,OUTSIDE_OFFSTUMP,GOOD_LENGTH,422,261,19,22.21,161.69,West Indies
603410,Ben McDermott,RHB,OUTSIDE_OFFSTUMP,SHORT_OF_A_GOOD_LENGTH,328,261,6,54.67,125.67,Australia
381329,Beau Webster,RHB,OUTSIDE_OFFSTUMP,GOOD_LENGTH,258,260,11,23.45,99.23,Australia
215155,Usman Khawaja,LHB,ON_THE_STUMPS,GOOD_LENGTH,376,260,11,34.18,144.62,Australia
669365,Phil Salt,RHB,OUTSIDE_OFFSTUMP,SHORT_OF_A_GOOD_LENGTH,456,259,19,24.0,176.06,England
581379,Shai Hope,RHB,OUTSIDE_OFFSTUMP,SHORT_OF_A_GOOD_LENGTH,273,259,11,24.82,105.41,West Indies
267192,Steven Smith,RHB,OUTSIDE_OFFSTUMP,FULL,429,259,8,53.62,165.64,Australia
56194,Tamim Iqbal,LHB,OUTSIDE_OFFSTUMP,FULL,277,258,5,55.4,107.36,Bangladesh
990081,Mohammad Naim,LHB,ON_THE_STUMPS,GOOD_LENGTH,250,258,12,20.83,96.9,Bangladesh
494230,Asif Ali,RHB,OUTSIDE_OFFSTUMP,GOOD_LENGTH,285,258,25,11.4,110.47,Pakistan
897549,Will Jacks,RHB,OUTSIDE_OFFSTUMP,GOOD_LENGTH,385,258,15,25.67,149.22,England
277472,Darren Bravo,LHB,OUTSIDE_OFFSTUMP,GOOD_LENGTH,278,258,7,39.71,107.75,West Indies
326637,Chris Lynn,RHB,ON_THE_STUMPS,FULL,368,256,13,28.31,143.75,Australia
342619,Bhanuka Rajapaksa,LHB,ON_THE_STUMPS,GOOD_LENGTH,295,256,14,21.07,115.23,Sri Lanka
230559,Kieron Pollard,RHB,OUTSIDE_OFFSTUMP,SHORT,518,255,5,103.6,203.14,West Indies
670025,Shimron Hetmyer,LHB,ON_THE_STUMPS,SHORT_OF_A_GOOD_LENGTH,316,255,10,31.6,123.92,West Indies
722303,Matt Renshaw,LHB,OUTSIDE_OFFSTUMP,GOOD_LENGTH,294,254,12,24.5,115.75,Australia
249866,Alex Hales,RHB,ON_THE_STUMPS,SHORT_OF_A_GOOD_LENGTH,381,254,13,29.31,150.0,England
315586,Chadwick Walton,RHB,ON_THE_STUMPS,GOOD_LENGTH,226,254,11,20.55,88.98,West Indies
480603,Iftikhar Ahmed,RHB,OUTSIDE_OFFSTUMP,SHORT_OF_A_GOOD_LENGTH,282,253,7,40.29,111.46,Pakistan
298438,Jason Roy,RHB,ON_THE_STUMPS,SHORT_OF_A_GOOD_LENGTH,325,253,7,46.43,128.46,England
279810,Wriddhiman Saha,RHB,ON_THE_STUMPS,GOOD_LENGTH,272,253,8,34.0,107.51,India
892749,Tim David,RHB,ON_THE_STUMPS,GOOD_LENGTH,292,252,9,32.44,115.87,Australia
524049,Najibullah Zadran,LHB,ON_THE_STUMPS,GOOD_LENGTH,258,252,16,16.12,102.38,Afghanistan
34102,Rohit Sharma,RHB,ON_THE_STUMPS,SHORT_OF_A_GOOD_LENGTH,368,252,9,40.89,146.03,India
471342,Krunal Pandya,LHB,ON_THE_STUMPS,GOOD_LENGTH,294,252,10,29.4,116.67,India
308798,D'Arcy Short,LHB,ON_THE_STUMPS,SHORT_OF_A_GOOD_LENGTH,335,251,9,37.22,133.47,Australia
308798,D'Arcy Short,LHB,OUTSIDE_OFFSTUMP,FULL,405,251,10,40.5,161.35,Australia
500268,Ashton Turner,RHB,ON_THE_STUMPS,GOOD_LENGTH,284,251,19,14.95,113.15,Australia
51880,Chris Gayle,LHB,OUTSIDE_OFFSTUMP,SHORT_OF_A_GOOD_LENGTH,334,251,13,25.69,133.07,West Indies
438563,Mark Chapman,LHB,OUTSIDE_OFFSTUMP,GOOD_LENGTH,297,251,11,27.0,118.33,New Zealand
226492,Martin Guptill,RHB,OUTSIDE_OFFSTUMP,FULL,466,251,11,42.36,185.66,New Zealand
236489,Dawid Malan,LHB,OUTSIDE_OFFSTUMP,SHORT_OF_A_GOOD_LENGTH,276,251,5,55.2,109.96,England
1028655,Pathum Nissanka,RHB,ON_THE_STUMPS,GOOD_LENGTH,262,250,12,21.83,104.8,Sri Lanka
4864,Dan Christian,RHB,OUTSIDE_OFFSTUMP,GOOD_LENGTH,272,250,19,14.32,108.8,Australia
56143,Shakib Al Hasan,LHB,OUTSIDE_OFFSTUMP,FULL,337,250,15,22.47,134.8,Bangladesh
297628,Sam Billings,RHB,OUTSIDE_OFFSTUMP,SHORT_OF_A_GOOD_LENGTH,270,250,16,16.88,108.0,England
720471,Ishan Kishan,LHB,OUTSIDE_OFFSTUMP,FULL,434,249,7,62.0,174.3,India
230371,Ben Cutting,RHB,OUTSIDE_OFFSTUMP,GOOD_LENGTH,297,249,13,22.85,119.28,Australia
1070173,Shubman Gill,RHB,ON_THE_STUMPS,FULL,361,249,15,24.07,144.98,India
823509,Glenn Phillips,RHB,ON_THE_STUMPS,FULL,365,249,11,33.18,146.59,New Zealand
56143,Shakib Al Hasan,LHB,ON_THE_STUMPS,FULL,347,249,14,24.79,139.36,Bangladesh
670025,Shimron Hetmyer,LHB,ON_THE_STUMPS,FULL,395,249,11,35.91,158.63,West Indies
512191,Fakhar Zaman,LHB,ON_THE_STUMPS,SHORT_OF_A_GOOD_LENGTH,318,249,11,28.91,127.71,Pakistan
269237,Mohammad Mithun,RHB,OUTSIDE_OFFSTUMP,GOOD_LENGTH,221,249,20,11.05,88.76,Bangladesh
1137262,Azam Khan,RHB,ON_THE_STUMPS,GOOD_LENGTH,278,248,15,18.53,112.1,Pakistan
227760,Sarfaraz Ahmed,RHB,ON_THE_STUMPS,GOOD_LENGTH,295,248,14,21.07,118.95,Pakistan
380354,Anamul Haque,RHB,OUTSIDE_OFFSTUMP,GOOD_LENGTH,231,248,10,23.1,93.15,Bangladesh
642519,Shreyas Iyer,RHB,ON_THE_STUMPS,FULL,413,246,11,37.55,167.89,India
326637,Chris Lynn,RHB,ON_THE_STUMPS,SHORT_OF_A_GOOD_LENGTH,342,246,13,26.31,139.02,Australia
234675,Ravindra Jadeja,LHB,ON_THE_STUMPS,GOOD_LENGTH,249,246,14,17.79,101.22,India
642519,Shreyas Iyer,RHB,ON_THE_STUMPS,SHORT_OF_A_GOOD_LENGTH,265,246,6,44.17,107.72,India
784369,Avishka Fernando,RHB,ON_THE_STUMPS,GOOD_LENGTH,245,246,17,14.41,99.59,Sri Lanka
290630,Manish Pandey,RHB,OUTSIDE_OFFSTUMP,FULL,377,246,9,41.89,153.25,India
388678,Ben Dunk,LHB,OUTSIDE_OFFSTUMP,GOOD_LENGTH,282,246,18,15.67,114.63,Australia
56143,Shakib Al Hasan,LHB,OUTSIDE_OFFSTUMP,SHORT_OF_A_GOOD_LENGTH,331,245,7,47.29,135.1,Bangladesh
398438,Mayank Agarwal,RHB,ON_THE_STUMPS,GOOD_LENGTH,298,245,14,21.29,121.63,India
298438,Jason Roy,RHB,OUTSIDE_OFFSTUMP,FULL,388,244,11,35.27,159.02,England
41434,Mohammad Hafeez,RHB,OUTSIDE_OFFSTUMP,FULL,303,244,12,25.25,124.18,Pakistan
230558,Sunil Narine,LHB,ON_THE_STUMPS,GOOD_LENGTH,312,244,36,8.67,127.87,West Indies
931581,Rishabh Pant,LHB,ON_THE_STUMPS,SHORT_OF_A_GOOD_LENGTH,349,243,8,43.62,143.62,India
501011,Cameron Bancroft,RHB,ON_THE_STUMPS,GOOD_LENGTH,266,243,9,29.56,109.47,Australia
497121,Deepak Hooda,RHB,ON_THE_STUMPS,GOOD_LENGTH,263,241,16,16.44,109.13,India
501011,Cameron Bancroft,RHB,OUTSIDE_OFFSTUMP,GOOD_LENGTH,257,240,19,13.53,107.08,Australia
298438,Jason Roy,RHB,ON_THE_STUMPS,FULL,468,240,8,58.5,195.0,England
990031,Towhid Hridoy,RHB,OUTSIDE_OFFSTUMP,GOOD_LENGTH,258,240,11,23.45,107.5,Bangladesh
381743,Daryl Mitchell,RHB,ON_THE_STUMPS,GOOD_LENGTH,285,240,18,15.83,118.75,New Zealand
30045,Dinesh Karthik,RHB,OUTSIDE_OFFSTUMP,FULL,420,239,9,46.67,175.73,India
1161031,Saim Ayub,LHB,OUTSIDE_OFFSTUMP,GOOD_LENGTH,220,239,16,13.75,92.05,Pakistan
28763,Gautam Gambhir,LHB,ON_THE_STUMPS,GOOD_LENGTH,280,239,14,20.0,117.15,India
253802,Virat Kohli,RHB,OUTSIDE_OFFSTUMP,SHORT,396,239,11,36.0,165.69,India
311158,Ben Stokes,LHB,ON_THE_STUMPS,GOOD_LENGTH,335,239,13,25.77,140.17,England
230193,Matthew Wade,LHB,ON_THE_STUMPS,SHORT_OF_A_GOOD_LENGTH,363,239,13,27.92,151.88,Australia
53116,Lendl Simmons,RHB,ON_THE_STUMPS,FULL,331,238,13,25.46,139.08,West Indies
662973,Sam Curran,LHB,ON_THE_STUMPS,GOOD_LENGTH,273,238,12,22.75,114.71,England
299572,Sikandar Raza,RHB,ON_THE_STUMPS,GOOD_LENGTH,220,238,19,11.58,92.44,Zimbabwe
921509,Ibrahim Zadran,RHB,OUTSIDE_OFFSTUMP,GOOD_LENGTH,210,238,6,35.0,88.24,Afghanistan
446763,Rahul Tripathi,RHB,OUTSIDE_OFFSTUMP,SHORT_OF_A_GOOD_LENGTH,258,238,6,43.0,108.4,India
33335,Suresh Raina,LHB,ON_THE_STUMPS,SHORT_OF_A_GOOD_LENGTH,296,237,12,24.67,124.89,India
603410,Ben McDermott,RHB,OUTSIDE_OFFSTUMP,FULL,330,237,12,27.5,139.24,Australia
12454,Joe Denly,RHB,OUTSIDE_OFFSTUMP,GOOD_LENGTH,248,235,5,49.6,105.53,England
571761,Daniel Hughes,LHB,ON_THE_STUMPS,GOOD_LENGTH,272,235,13,20.92,115.74,Australia
43906,Hashim Amla,RHB,OUTSIDE_OFFSTUMP,GOOD_LENGTH,295,235,8,36.88,125.53,South Africa
557295,Hilton Cartwright,RHB,ON_THE_STUMPS,GOOD_LENGTH,264,235,11,24.0,112.34,Australia
10582,Ravi Bopara,RHB,OUTSIDE_OFFSTUMP,GOOD_LENGTH,258,235,11,23.45,109.79,England
436757,Heinrich Klaasen,RHB,ON_THE_STUMPS,GOOD_LENGTH,291,234,13,22.38,124.36,South Africa
662235,Josh Inglis,RHB,OUTSIDE_OFFSTUMP,SHORT_OF_A_GOOD_LENGTH,287,234,6,47.83,122.65,Australia
373538,Sabbir Rahman,RHB,ON_THE_STUMPS,GOOD_LENGTH,260,233,10,26.0,111.59,Bangladesh
477021,Vijay Shankar,RHB,OUTSIDE_OFFSTUMP,GOOD_LENGTH,198,233,11,18.0,84.98,India
379140,Devon Conway,LHB,ON_THE_STUMPS,SHORT_OF_A_GOOD_LENGTH,262,233,4,65.5,112.45,New Zealand
277906,Kane Williamson,RHB,ON_THE_STUMPS,SHORT_OF_A_GOOD_LENGTH,269,233,8,33.62,115.45,New Zealand
299572,Sikandar Raza,RHB,OUTSIDE_OFFSTUMP,SHORT_OF_A_GOOD_LENGTH,339,232,13,26.08,146.12,Zimbabwe
35582,Robin Uthappa,RHB,OUTSIDE_OFFSTUMP,SHORT_OF_A_GOOD_LENGTH,309,232,7,44.14,133.19,India
232359,Colin Munro,LHB,DOWN_LEG,GOOD_LENGTH,233,232,8,29.12,100.43,New Zealand
337790,Rassie van der Dussen,RHB,OUTSIDE_OFFSTUMP,SHORT_OF_A_GOOD_LENGTH,259,232,4,64.75,111.64,South Africa
8917,Moeen Ali,LHB,ON_THE_STUMPS,SHORT_OF_A_GOOD_LENGTH,330,232,9,36.67,142.24,England
398439,Karun Nair,RHB,OUTSIDE_OFFSTUMP,GOOD_LENGTH,272,231,14,19.43,117.75,India
56029,Mushfiqur Rahim,RHB,OUTSIDE_OFFSTUMP,FULL,277,231,7,39.57,119.91,Bangladesh
8917,Moeen Ali,LHB,OUTSIDE_OFFSTUMP,FULL,382,231,12,31.83,165.37,England
333066,Johnson Charles,RHB,ON_THE_STUMPS,FULL,265,231,17,15.59,114.72,West Indies
536936,Litton Das,RHB,ON_THE_STUMPS,FULL,305,229,9,33.89,133.19,Bangladesh
1119026,Devdutt Padikkal,LHB,OUTSIDE_OFFSTUMP,GOOD_LENGTH,236,229,10,23.6,103.06,India
784367,Charith Asalanka,LHB,ON_THE_STUMPS,GOOD_LENGTH,216,229,13,16.62,94.32,Sri Lanka
465793,Dhananjaya de Silva,RHB,OUTSIDE_OFFSTUMP,GOOD_LENGTH,234,229,10,23.4,102.18,Sri Lanka
276298,Andre Russell,RHB,ON_THE_STUMPS,FULL,506,229,14,36.14,220.96,West Indies
259410,Ahmed Shehzad,RHB,ON_THE_STUMPS,GOOD_LENGTH,212,228,9,23.56,92.98,Pakistan
5236,Callum Ferguson,RHB,OUTSIDE_OFFSTUMP,GOOD_LENGTH,246,228,7,35.14,107.89,Australia
355269,James Neesham,LHB,OUTSIDE_OFFSTUMP,GOOD_LENGTH,294,227,16,18.38,129.52,New Zealand
512191,Fakhar Zaman,LHB,OUTSIDE_OFFSTUMP,SHORT_OF_A_GOOD_LENGTH,287,227,9,31.89,126.43,Pakistan
41028,Kamran Akmal,RHB,OUTSIDE_OFFSTUMP,GOOD_LENGTH,274,227,11,24.91,120.7,Pakistan
722303,Matt Renshaw,LHB,ON_THE_STUMPS,GOOD_LENGTH,289,227,12,24.08,127.31,Australia
1070168,Prithvi Shaw,RHB,ON_THE_STUMPS,GOOD_LENGTH,307,226,13,23.62,135.84,India
42657,Shoaib Malik,RHB,ON_THE_STUMPS,SHORT_OF_A_GOOD_LENGTH,302,226,8,37.75,133.63,Pakistan
256956,Laurie Evans,RHB,OUTSIDE_OFFSTUMP,GOOD_LENGTH,279,226,10,27.9,123.45,England
28763,Gautam Gambhir,LHB,OUTSIDE_OFFSTUMP,GOOD_LENGTH,224,226,5,44.8,99.12,India
1079434,Riyan Parag,RHB,OUTSIDE_OFFSTUMP,GOOD_LENGTH,236,225,7,33.71,104.89,India
32498,Yusuf Pathan,RHB,OUTSIDE_OFFSTUMP,GOOD_LENGTH,263,225,9,29.22,116.89,India
381329,Beau Webster,RHB,ON_THE_STUMPS,GOOD_LENGTH,217,225,13,16.69,96.44,Australia
326637,Chris Lynn,RHB,OUTSIDE_OFFSTUMP,FULL,375,224,8,46.88,167.41,Australia
296597,James Vince,RHB,ON_THE_STUMPS,SHORT_OF_A_GOOD_LENGTH,334,224,9,37.11,149.11,England
431901,Evin Lewis,LHB,ON_THE_STUMPS,FULL,359,223,18,19.94,160.99,West Indies
670035,Brandon King,RHB,OUTSIDE_OFFSTUMP,FULL,442,223,5,88.4,198.21,West Indies
230559,Kieron Pollard,RHB,ON_THE_STUMPS,SHORT_OF_A_GOOD_LENGTH,296,222,6,49.33,133.33,West Indies
784367,Charith Asalanka,LHB,OUTSIDE_OFFSTUMP,GOOD_LENGTH,186,222,19,9.79,83.78,Sri Lanka
318845,Rilee Rossouw,LHB,ON_THE_STUMPS,FULL,317,222,15,21.13,142.79,South Africa
437316,Dasun Shanaka,RHB,OUTSIDE_OFFSTUMP,SHORT_OF_A_GOOD_LENGTH,208,221,10,20.8,94.12,Sri Lanka
922943,Shadab Khan,RHB,OUTSIDE_OFFSTUMP,SHORT_OF_A_GOOD_LENGTH,237,221,9,26.33,107.24,Pakistan
5236,Callum Ferguson,RHB,ON_THE_STUMPS,GOOD_LENGTH,240,221,12,20.0,108.6,Australia
892749,Tim David,RHB,OUTSIDE_OFFSTUMP,FULL,431,220,11,39.18,195.91,Australia
348056,Kyle Mayers,LHB,ON_THE_STUMPS,SHORT_OF_A_GOOD_LENGTH,248,220,13,19.08,112.73,West Indies
512191,Fakhar Zaman,LHB,ON_THE_STUMPS,FULL,320,219,14,22.86,146.12,Pakistan
56143,Shakib Al Hasan,LHB,ON_THE_STUMPS,SHORT_OF_A_GOOD_LENGTH,267,219,6,44.5,121.92,Bangladesh
303427,Paul Stirling,RHB,ON_THE_STUMPS,GOOD_LENGTH,270,219,17,15.88,123.29,Ireland
772361,Sam Harper,RHB,ON_THE_STUMPS,GOOD_LENGTH,310,219,18,17.22,141.55,Australia
494230,Asif Ali,RHB,OUTSIDE_OFFSTUMP,SHORT_OF_A_GOOD_LENGTH,304,219,14,21.71,138.81,Pakistan
234675,Ravindra Jadeja,LHB,OUTSIDE_OFFSTUMP,GOOD_LENGTH,258,218,12,21.5,118.35,India
5961,Moises Henriques,RHB,OUTSIDE_OFFSTUMP,SHORT_OF_A_GOOD_LENGTH,305,218,10,30.5,139.91,Australia
625371,Hardik Pandya,RHB,ON_THE_STUMPS,FULL,378,217,16,23.62,174.19,India
380354,Anamul Haque,RHB,ON_THE_STUMPS,GOOD_LENGTH,225,217,8,28.12,103.69,Bangladesh
581379,Shai Hope,RHB,OUTSIDE_OFFSTUMP,FULL,340,217,11,30.91,156.68,West Indies
348056,Kyle Mayers,LHB,OUTSIDE_OFFSTUMP,SHORT_OF_A_GOOD_LENGTH,241,217,11,21.91,111.06,West Indies
571911,Joe Clarke,RHB,OUTSIDE_OFFSTUMP,GOOD_LENGTH,240,217,12,20.0,110.6,England
221140,David Wiese,RHB,OUTSIDE_OFFSTUMP,GOOD_LENGTH,249,217,16,15.56,114.75,Namibia
961407,Harry Tector,RHB,OUTSIDE_OFFSTUMP,GOOD_LENGTH,217,216,14,15.5,100.46,Ireland
897549,Will Jacks,RHB,ON_THE_STUMPS,GOOD_LENGTH,290,216,9,32.22,134.26,England
318845,Rilee Rossouw,LHB,OUTSIDE_OFFSTUMP,SHORT_OF_A_GOOD_LENGTH,331,216,10,33.1,153.24,South Africa
1119026,Devdutt Padikkal,LHB,ON_THE_STUMPS,GOOD_LENGTH,240,216,15,16.0,111.11,India
425943,Sanju Samson,RHB,ON_THE_STUMPS,FULL,325,215,10,32.5,151.16,India
914541,Sherfane Rutherford,LHB,ON_THE_STUMPS,GOOD_LENGTH,211,215,6,35.17,98.14,West Indies
290630,Manish Pandey,RHB,ON_THE_STUMPS,FULL,293,214,12,24.42,136.92,India
55395,Colin de Grandhomme,RHB,OUTSIDE_OFFSTUMP,GOOD_LENGTH,254,214,16,15.88,118.69,New Zealand
391485,Jason Holder,RHB,ON_THE_STUMPS,GOOD_LENGTH,192,214,15,12.8,89.72,West Indies
232359,Colin Munro,LHB,DOWN_LEG,SHORT_OF_A_GOOD_LENGTH,248,214,9,27.56,115.89,New Zealand
533870,Nick Larkin,RHB,OUTSIDE_OFFSTUMP,GOOD_LENGTH,230,214,8,28.75,107.48,Australia
44936,AB de Villiers,RHB,OUTSIDE_OFFSTUMP,FULL,415,213,9,46.11,194.84,South Africa
604527,Nitish Rana,LHB,OUTSIDE_OFFSTUMP,FULL,330,213,12,27.5,154.93,India
219889,David Warner,LHB,DOWN_LEG,GOOD_LENGTH,257,213,8,32.12,120.66,Australia
51862,Andre Fletcher,RHB,ON_THE_STUMPS,SHORT_OF_A_GOOD_LENGTH,230,212,8,28.75,108.49,West Indies
56194,Tamim Iqbal,LHB,OUTSIDE_OFFSTUMP,SHORT_OF_A_GOOD_LENGTH,260,212,10,26.0,122.64,Bangladesh
4451,George Bailey,RHB,OUTSIDE_OFFSTUMP,GOOD_LENGTH,224,212,6,37.33,105.66,Australia
1151278,Yashasvi Jaiswal,LHB,ON_THE_STUMPS,GOOD_LENGTH,272,212,4,68.0,128.3,India
52983,Marlon Samuels,RHB,OUTSIDE_OFFSTUMP,GOOD_LENGTH,198,212,16,12.38,93.4,West Indies
296597,James Vince,RHB,ON_THE_STUMPS,FULL,331,212,7,47.29,156.13,England
25913,Mohammad Nabi,RHB,OUTSIDE_OFFSTUMP,FULL,363,212,18,20.17,171.23,Afghanistan
437669,Jordan Silk,RHB,ON_THE_STUMPS,GOOD_LENGTH,208,211,7,29.71,98.58,Australia
820351,Rovman Powell,RHB,ON_THE_STUMPS,FULL,323,211,15,21.53,153.08,West Indies
833087,Mahedi Hasan,RHB,OUTSIDE_OFFSTUMP,GOOD_LENGTH,254,211,11,23.09,120.38,Bangladesh
28081,MS Dhoni,RHB,OUTSIDE_OFFSTUMP,FULL,313,210,13,24.08,149.05,India
56025,Mahmudullah,RHB,ON_THE_STUMPS,FULL,236,210,9,26.22,112.38,Bangladesh
318845,Rilee Rossouw,LHB,ON_THE_STUMPS,SHORT_OF_A_GOOD_LENGTH,301,210,14,21.5,143.33,South Africa
1170265,Tilak Varma,LHB,ON_THE_STUMPS,GOOD_LENGTH,235,210,6,39.17,111.9,India
303423,Andy Balbirnie,RHB,ON_THE_STUMPS,GOOD_LENGTH,206,210,13,15.85,98.1,Ireland
311158,Ben Stokes,LHB,OUTSIDE_OFFSTUMP,GOOD_LENGTH,247,209,11,22.45,118.18,England
604527,Nitish Rana,LHB,ON_THE_STUMPS,SHORT_OF_A_GOOD_LENGTH,274,209,9,30.44,131.1,India
33141,Ambati Rayudu,RHB,OUTSIDE_OFFSTUMP,FULL,263,209,8,32.88,125.84,India
308798,D'Arcy Short,LHB,OUTSIDE_OFFSTUMP,SHORT_OF_A_GOOD_LENGTH,253,209,10,25.3,121.05,Australia
52917,Denesh Ramdin,RHB,ON_THE_STUMPS,GOOD_LENGTH,231,209,10,23.1,110.53,West Indies
495964,Ryan Burl,LHB,OUTSIDE_OFFSTUMP,GOOD_LENGTH,240,209,7,34.29,114.83,Zimbabwe
308798,D'Arcy Short,LHB,ON_THE_STUMPS,FULL,249,208,6,41.5,119.71,Australia
554691,Axar Patel,LHB,ON_THE_STUMPS,GOOD_LENGTH,194,207,17,11.41,93.72,India
237095,Murali Vijay,RHB,OUTSIDE_OFFSTUMP,GOOD_LENGTH,178,207,11,16.18,85.99,India
315586,Chadwick Walton,RHB,OUTSIDE_OFFSTUMP,SHORT_OF_A_GOOD_LENGTH,232,207,12,19.33,112.08,West Indies
629058,Najmul Hossain Shanto,LHB,OUTSIDE_OFFSTUMP,FULL,259,207,4,64.75,125.12,Bangladesh
296597,James Vince,RHB,OUTSIDE_OFFSTUMP,FULL,344,207,9,38.22,166.18,England
53116,Lendl Simmons,RHB,ON_THE_STUMPS,SHORT_OF_A_GOOD_LENGTH,229,207,5,45.8,110.63,West Indies
345821,Danushka Gunathilaka,LHB,OUTSIDE_OFFSTUMP,GOOD_LENGTH,231,207,14,16.5,111.59,Sri Lanka
8917,Moeen Ali,LHB,OUTSIDE_OFFSTUMP,SHORT_OF_A_GOOD_LENGTH,269,206,13,20.69,130.58,England
716733,Khushdil Shah,LHB,OUTSIDE_OFFSTUMP,GOOD_LENGTH,263,206,10,26.3,127.67,Pakistan
379140,Devon Conway,LHB,OUTSIDE_OFFSTUMP,FULL,334,205,9,37.11,162.93,New Zealand
256956,Laurie Evans,RHB,ON_THE_STUMPS,GOOD_LENGTH,221,205,15,14.73,107.8,England
444970,Jimmy Peirson,RHB,ON_THE_STUMPS,GOOD_LENGTH,225,205,10,22.5,109.76,Australia
230371,Ben Cutting,RHB,ON_THE_STUMPS,GOOD_LENGTH,216,204,11,19.64,105.88,Australia
772361,Sam Harper,RHB,OUTSIDE_OFFSTUMP,GOOD_LENGTH,262,204,16,16.38,128.43,Australia
348148,Mohammad Nawaz,LHB,OUTSIDE_OFFSTUMP,GOOD_LENGTH,249,204,14,17.79,122.06,Pakistan
429754,Niroshan Dickwella,LHB,ON_THE_STUMPS,GOOD_LENGTH,263,204,15,17.53,128.92,Sri Lanka
230555,Shamarh Brooks,RHB,OUTSIDE_OFFSTUMP,GOOD_LENGTH,198,203,9,22.0,97.54,West Indies
12454,Joe Denly,RHB,ON_THE_STUMPS,GOOD_LENGTH,203,203,11,18.45,100.0,England
571911,Joe Clarke,RHB,ON_THE_STUMPS,GOOD_LENGTH,205,203,8,25.62,100.99,England
315586,Chadwick Walton,RHB,OUTSIDE_OFFSTUMP,FULL,286,203,16,17.88,140.89,West Indies
381743,Daryl Mitchell,RHB,OUTSIDE_OFFSTUMP,SHORT_OF_A_GOOD_LENGTH,269,202,10,26.9,133.17,New Zealand
497121,Deepak Hooda,RHB,OUTSIDE_OFFSTUMP,SHORT_OF_A_GOOD_LENGTH,217,202,7,31.0,107.43,India
935995,Afif Hossain,LHB,OUTSIDE_OFFSTUMP,FULL,283,202,9,31.44,140.1,Bangladesh
25913,Mohammad Nabi,RHB,ON_THE_STUMPS,FULL,318,201,16,19.88,158.21,Afghanistan
557295,Hilton Cartwright,RHB,OUTSIDE_OFFSTUMP,SHORT_OF_A_GOOD_LENGTH,226,201,5,45.2,112.44,Australia
43266,Sohaib Maqsood,RHB,OUTSIDE_OFFSTUMP,GOOD_LENGTH,201,200,7,28.71,100.5,Pakistan
334337,Peter Handscomb,RHB,OUTSIDE_OFFSTUMP,GOOD_LENGTH,157,199,13,12.08,78.89,Australia
280734,Imrul Kayes,LHB,OUTSIDE_OFFSTUMP,GOOD_LENGTH,203,199,9,22.56,102.01,Bangladesh
55870,Sean Williams,LHB,OUTSIDE_OFFSTUMP,GOOD_LENGTH,162,199,13,12.46,81.41,Zimbabwe
277916,Ajinkya Rahane,RHB,ON_THE_STUMPS,FULL,280,199,10,28.0,140.7,India
571911,Joe Clarke,RHB,OUTSIDE_OFFSTUMP,SHORT_OF_A_GOOD_LENGTH,228,199,9,25.33,114.57,England
851403,Venkatesh Iyer,LHB,ON_THE_STUMPS,GOOD_LENGTH,239,199,8,29.88,120.1,India
662973,Sam Curran,LHB,OUTSIDE_OFFSTUMP,GOOD_LENGTH,193,199,18,10.72,96.98,England
437669,Jordan Silk,RHB,OUTSIDE_OFFSTUMP,SHORT_OF_A_GOOD_LENGTH,228,199,8,28.5,114.57,Australia
990081,Mohammad Naim,LHB,OUTSIDE_OFFSTUMP,SHORT_OF_A_GOOD_LENGTH,219,198,4,54.75,110.61,Bangladesh
974087,Rahmanullah Gurbaz,RHB,OUTSIDE_OFFSTUMP,FULL,355,198,13,27.31,179.29,Afghanistan
425943,Sanju Samson,RHB,ON_THE_STUMPS,SHORT_OF_A_GOOD_LENGTH,332,198,9,36.89,167.68,India
226492,Martin Guptill,RHB,ON_THE_STUMPS,SHORT_OF_A_GOOD_LENGTH,217,198,8,27.12,109.6,New Zealand
219885,Tom Cooper,RHB,OUTSIDE_OFFSTUMP,GOOD_LENGTH,206,197,12,17.17,104.57,Netherlands
720471,Ishan Kishan,LHB,ON_THE_STUMPS,FULL,303,197,9,33.67,153.81,India
51439,Dwayne Bravo,RHB,ON_THE_STUMPS,GOOD_LENGTH,204,197,12,17.0,103.55,West Indies
33335,Suresh Raina,LHB,OUTSIDE_OFFSTUMP,FULL,261,196,5,52.2,133.16,India
793463,Rashid Khan,RHB,OUTSIDE_OFFSTUMP,GOOD_LENGTH,248,196,15,16.53,126.53,Afghanistan
227758,Imad Wasim,LHB,OUTSIDE_OFFSTUMP,FULL,310,196,14,22.14,158.16,Pakistan
931581,Rishabh Pant,LHB,ON_THE_STUMPS,FULL,319,195,15,21.27,163.59,India
990031,Towhid Hridoy,RHB,ON_THE_STUMPS,GOOD_LENGTH,236,195,6,39.33,121.03,Bangladesh
670035,Brandon King,RHB,ON_THE_STUMPS,FULL,301,195,12,25.08,154.36,West Indies
1151278,Yashasvi Jaiswal,LHB,ON_THE_STUMPS,SHORT_OF_A_GOOD_LENGTH,255,195,8,31.88,130.77,India
457249,Carlos Brathwaite,RHB,OUTSIDE_OFFSTUMP,GOOD_LENGTH,175,195,14,12.5,89.74,West Indies
1241277,Muhammad Waseem,RHB,ON_THE_STUMPS,GOOD_LENGTH,243,195,6,40.5,124.62,United Arab Emirates
1119026,Devdutt Padikkal,LHB,ON_THE_STUMPS,SHORT_OF_A_GOOD_LENGTH,222,194,8,27.75,114.43,India
897549,Will Jacks,RHB,OUTSIDE_OFFSTUMP,SHORT_OF_A_GOOD_LENGTH,310,194,10,31.0,159.79,England
272450,Mitchell Marsh,RHB,OUTSIDE_OFFSTUMP,FULL,302,194,9,33.56,155.67,Australia
1088608,Max Bryant,RHB,OUTSIDE_OFFSTUMP,GOOD_LENGTH,237,194,10,23.7,122.16,Australia
35582,Robin Uthappa,RHB,OUTSIDE_OFFSTUMP,FULL,272,193,12,22.67,140.93,India
43906,Hashim Amla,RHB,ON_THE_STUMPS,GOOD_LENGTH,234,193,2,117.0,121.24,South Africa
398506,Mandeep Singh,RHB,OUTSIDE_OFFSTUMP,GOOD_LENGTH,192,193,13,14.77,99.48,India
629058,Najmul Hossain Shanto,LHB,OUTSIDE_OFFSTUMP,SHORT_OF_A_GOOD_LENGTH,233,193,4,58.25,120.73,Bangladesh
436677,Soumya Sarkar,LHB,ON_THE_STUMPS,FULL,233,193,17,13.71,120.73,Bangladesh
49764,Angelo Mathews,RHB,OUTSIDE_OFFSTUMP,GOOD_LENGTH,189,193,17,11.12,97.93,Sri Lanka
391485,Jason Holder,RHB,OUTSIDE_OFFSTUMP,SHORT_OF_A_GOOD_LENGTH,224,192,10,22.4,116.67,West Indies
256956,Laurie Evans,RHB,OUTSIDE_OFFSTUMP,SHORT_OF_A_GOOD_LENGTH,258,192,10,25.8,134.38,England
55412,Craig Ervine,LHB,ON_THE_STUMPS,GOOD_LENGTH,165,192,10,16.5,85.94,Zimbabwe
714451,Shivam Dube,LHB,OUTSIDE_OFFSTUMP,GOOD_LENGTH,214,192,6,35.67,111.46,India
8180,Shane Watson,RHB,OUTSIDE_OFFSTUMP,FULL,348,192,10,34.8,181.25,Australia
877051,Tom Banton,RHB,OUTSIDE_OFFSTUMP,GOOD_LENGTH,267,191,8,33.38,139.79,England
8180,Shane Watson,RHB,ON_THE_STUMPS,SHORT_OF_A_GOOD_LENGTH,224,191,8,28.0,117.28,Australia
51439,Dwayne Bravo,RHB,OUTSIDE_OFFSTUMP,SHORT_OF_A_GOOD_LENGTH,220,191,10,22.0,115.18,West Indies
629063,Mehidy Hasan Miraz,RHB,OUTSIDE_OFFSTUMP,GOOD_LENGTH,243,191,15,16.2,127.23,Bangladesh
230558,Sunil Narine,LHB,ON_THE_STUMPS,SHORT_OF_A_GOOD_LENGTH,245,190,16,15.31,128.95,West Indies
276298,Andre Russell,RHB,OUTSIDE_OFFSTUMP,SHORT,329,190,15,21.93,173.16,West Indies
628240,Hussain Talat,LHB,ON_THE_STUMPS,GOOD_LENGTH,234,190,9,26.0,123.16,Pakistan
823509,Glenn Phillips,RHB,ON_THE_STUMPS,SHORT_OF_A_GOOD_LENGTH,292,190,11,26.55,153.68,New Zealand
550133,Mosaddek Hossain,RHB,OUTSIDE_OFFSTUMP,GOOD_LENGTH,186,190,15,12.4,97.89,Bangladesh
851403,Venkatesh Iyer,LHB,OUTSIDE_OFFSTUMP,GOOD_LENGTH,208,190,8,26.0,109.47,India
784369,Avishka Fernando,RHB,OUTSIDE_OFFSTUMP,SHORT_OF_A_GOOD_LENGTH,240,190,8,30.0,126.32,Sri Lanka
52983,Marlon Samuels,RHB,ON_THE_STUMPS,GOOD_LENGTH,183,190,11,16.64,96.32,West Indies
219889,David Warner,LHB,DOWN_LEG,SHORT_OF_A_GOOD_LENGTH,287,190,3,95.67,151.05,Australia
300628,Dinesh Chandimal,RHB,OUTSIDE_OFFSTUMP,SHORT_OF_A_GOOD_LENGTH,181,189,11,16.45,95.77,Sri Lanka
233514,Thisara Perera,LHB,OUTSIDE_OFFSTUMP,GOOD_LENGTH,225,189,19,11.84,119.05,Sri Lanka
1170265,Tilak Varma,LHB,OUTSIDE_OFFSTUMP,GOOD_LENGTH,239,189,8,29.88,126.46,India
921509,Ibrahim Zadran,RHB,OUTSIDE_OFFSTUMP,SHORT_OF_A_GOOD_LENGTH,217,189,4,54.25,114.81,Afghanistan
32242,Parthiv Patel,LHB,ON_THE_STUMPS,GOOD_LENGTH,199,188,11,18.09,105.85,India
277916,Ajinkya Rahane,RHB,OUTSIDE_OFFSTUMP,FULL,224,188,10,22.4,119.15,India
928057,Lorcan Tucker,RHB,OUTSIDE_OFFSTUMP,GOOD_LENGTH,203,188,11,18.45,107.98,Ireland
303669,Joe Root,RHB,OUTSIDE_OFFSTUMP,GOOD_LENGTH,225,188,8,28.12,119.68,England
1151278,Yashasvi Jaiswal,LHB,OUTSIDE_OFFSTUMP,SHORT_OF_A_GOOD_LENGTH,282,188,9,31.33,150.0,India
429754,Niroshan Dickwella,LHB,OUTSIDE_OFFSTUMP,GOOD_LENGTH,203,187,20,10.15,108.56,Sri Lanka
230193,Matthew Wade,LHB,ON_THE_STUMPS,FULL,277,187,10,27.7,148.13,Australia
45705,Colin Ingram,LHB,OUTSIDE_OFFSTUMP,FULL,280,187,8,35.0,149.73,South Africa
444970,Jimmy Peirson,RHB,OUTSIDE_OFFSTUMP,GOOD_LENGTH,186,187,16,11.62,99.47,Australia
436677,Soumya Sarkar,LHB,OUTSIDE_OFFSTUMP,FULL,284,187,11,25.82,151.87,Bangladesh
290716,Kedar Jadhav,RHB,OUTSIDE_OFFSTUMP,GOOD_LENGTH,176,187,13,13.54,94.12,India
30045,Dinesh Karthik,RHB,ON_THE_STUMPS,FULL,275,186,14,19.64,147.85,India
348148,Mohammad Nawaz,LHB,ON_THE_STUMPS,GOOD_LENGTH,199,186,11,18.09,106.99,Pakistan
892749,Tim David,RHB,ON_THE_STUMPS,FULL,332,186,7,47.43,178.49,Australia
55412,Craig Ervine,LHB,OUTSIDE_OFFSTUMP,GOOD_LENGTH,158,186,12,13.17,84.95,Zimbabwe
6683,Shaun Marsh,LHB,ON_THE_STUMPS,SHORT_OF_A_GOOD_LENGTH,217,186,3,72.33,116.67,Australia
379140,Devon Conway,LHB,OUTSIDE_OFFSTUMP,SHORT_OF_A_GOOD_LENGTH,232,186,5,46.4,124.73,New Zealand
391485,Jason Holder,RHB,OUTSIDE_OFFSTUMP,FULL,278,185,20,13.9,150.27,West Indies
37737,Brendon McCullum,RHB,OUTSIDE_OFFSTUMP,SHORT_OF_A_GOOD_LENGTH,276,185,13,21.23,149.19,New Zealand
1168651,Haider Ali,RHB,OUTSIDE_OFFSTUMP,GOOD_LENGTH,232,185,10,23.2,125.41,Pakistan
793463,Rashid Khan,RHB,OUTSIDE_OFFSTUMP,SHORT_OF_A_GOOD_LENGTH,246,185,14,17.57,132.97,Afghanistan
326434,Alex Carey,LHB,OUTSIDE_OFFSTUMP,FULL,251,184,12,20.92,136.41,Australia
600498,Aiden Markram,RHB,OUTSIDE_OFFSTUMP,FULL,332,184,7,47.43,180.43,South Africa
922943,Shadab Khan,RHB,ON_THE_STUMPS,GOOD_LENGTH,193,183,12,16.08,105.46,Pakistan
600498,Aiden Markram,RHB,ON_THE_STUMPS,FULL,276,183,7,39.43,150.82,South Africa
714451,Shivam Dube,LHB,ON_THE_STUMPS,GOOD_LENGTH,174,183,10,17.4,95.08,India
315586,Chadwick Walton,RHB,ON_THE_STUMPS,FULL,247,183,16,15.44,134.97,West Indies
398439,Karun Nair,RHB,ON_THE_STUMPS,GOOD_LENGTH,177,183,9,19.67,96.72,India
37737,Brendon McCullum,RHB,OUTSIDE_OFFSTUMP,FULL,262,183,8,32.75,143.17,New Zealand
230558,Sunil Narine,LHB,OUTSIDE_OFFSTUMP,SHORT_OF_A_GOOD_LENGTH,219,182,22,9.95,120.33,West Indies
605575,Matthew Short,RHB,OUTSIDE_OFFSTUMP,FULL,270,182,8,33.75,148.35,Australia
53118,Dwayne Smith,RHB,ON_THE_STUMPS,FULL,237,182,16,14.81,130.22,West Indies
554691,Axar Patel,LHB,OUTSIDE_OFFSTUMP,FULL,319,182,7,45.57,175.27,India
1161031,Saim Ayub,LHB,ON_THE_STUMPS,GOOD_LENGTH,210,182,14,15.0,115.38,Pakistan
470633,Tom Kohler-Cadmore,RHB,OUTSIDE_OFFSTUMP,GOOD_LENGTH,211,182,12,17.58,115.93,England
605575,Matthew Short,RHB,OUTSIDE_OFFSTUMP,SHORT_OF_A_GOOD_LENGTH,333,182,7,47.57,182.97,Australia
303423,Andy Balbirnie,RHB,OUTSIDE_OFFSTUMP,SHORT_OF_A_GOOD_LENGTH,180,181,10,18.0,99.45,Ireland
333624,Alex Ross,RHB,OUTSIDE_OFFSTUMP,SHORT_OF_A_GOOD_LENGTH,190,181,7,27.14,104.97,Australia
272450,Mitchell Marsh,RHB,ON_THE_STUMPS,FULL,311,180,9,34.56,172.78,Australia
372116,Temba Bavuma,RHB,OUTSIDE_OFFSTUMP,GOOD_LENGTH,190,180,10,19.0,105.56,South Africa
959759,Finn Allen,RHB,OUTSIDE_OFFSTUMP,GOOD_LENGTH,267,180,8,33.38,148.33,New Zealand
1168651,Haider Ali,RHB,OUTSIDE_OFFSTUMP,SHORT_OF_A_GOOD_LENGTH,221,179,9,24.56,123.46,Pakistan
410765,Nurul Hasan,RHB,OUTSIDE_OFFSTUMP,GOOD_LENGTH,208,179,7,29.71,116.2,Bangladesh
419873,Mohammad Shahzad,RHB,OUTSIDE_OFFSTUMP,GOOD_LENGTH,240,179,7,34.29,134.08,Afghanistan
28081,MS Dhoni,RHB,ON_THE_STUMPS,SHORT_OF_A_GOOD_LENGTH,212,179,4,53.0,118.44,India
337790,Rassie van der Dussen,RHB,OUTSIDE_OFFSTUMP,FULL,277,179,6,46.17,154.75,South Africa
52917,Denesh Ramdin,RHB,OUTSIDE_OFFSTUMP,SHORT_OF_A_GOOD_LENGTH,167,178,6,27.83,93.82,West Indies
403902,Liam Livingstone,RHB,OUTSIDE_OFFSTUMP,FULL,393,178,7,56.14,220.79,England
308967,Jos Buttler,RHB,OUTSIDE_OFFSTUMP,SHORT,425,178,6,70.83,238.76,England
990081,Mohammad Naim,LHB,OUTSIDE_OFFSTUMP,FULL,189,178,8,23.62,106.18,Bangladesh
36084,Yuvraj Singh,LHB,ON_THE_STUMPS,GOOD_LENGTH,161,178,5,32.2,90.45,India
269280,Reeza Hendricks,RHB,OUTSIDE_OFFSTUMP,FULL,331,178,7,47.29,185.96,South Africa
234675,Ravindra Jadeja,LHB,OUTSIDE_OFFSTUMP,FULL,299,177,9,33.22,168.93,India
10582,Ravi Bopara,RHB,ON_THE_STUMPS,GOOD_LENGTH,179,177,7,25.57,101.13,England
56194,Tamim Iqbal,LHB,ON_THE_STUMPS,FULL,170,177,7,24.29,96.05,Bangladesh
303669,Joe Root,RHB,ON_THE_STUMPS,GOOD_LENGTH,233,177,8,29.12,131.64,England
604527,Nitish Rana,LHB,OUTSIDE_OFFSTUMP,SHORT_OF_A_GOOD_LENGTH,219,176,6,36.5,124.43,India
669365,Phil Salt,RHB,OUTSIDE_OFFSTUMP,FULL,318,176,9,35.33,180.68,England
5961,Moises Henriques,RHB,OUTSIDE_OFFSTUMP,FULL,237,176,13,18.23,134.66,Australia
711559,Usman Ghani,RHB,OUTSIDE_OFFSTUMP,GOOD_LENGTH,157,176,12,13.08,89.2,Afghanistan
44936,AB de Villiers,RHB,ON_THE_STUMPS,FULL,324,176,5,64.8,184.09,South Africa
1070183,Abhishek Sharma,LHB,ON_THE_STUMPS,GOOD_LENGTH,227,175,5,45.4,129.71,India
625964,Tim Seifert,RHB,OUTSIDE_OFFSTUMP,FULL,240,175,10,24.0,137.14,New Zealand
18632,Samit Patel,RHB,OUTSIDE_OFFSTUMP,GOOD_LENGTH,159,175,12,13.25,90.86,England
1070183,Abhishek Sharma,LHB,OUTSIDE_OFFSTUMP,GOOD_LENGTH,186,174,11,16.91,106.9,India
267192,Steven Smith,RHB,ON_THE_STUMPS,FULL,235,174,6,39.17,135.06,Australia
45705,Colin Ingram,LHB,OUTSIDE_OFFSTUMP,SHORT_OF_A_GOOD_LENGTH,204,174,5,40.8,117.24,South Africa
826901,Daniel Sams,RHB,OUTSIDE_OFFSTUMP,GOOD_LENGTH,207,174,17,12.18,118.97,Australia
276298,Andre Russell,RHB,ON_THE_STUMPS,SHORT_OF_A_GOOD_LENGTH,289,174,5,57.8,166.09,West Indies
438563,Mark Chapman,LHB,ON_THE_STUMPS,GOOD_LENGTH,219,174,11,19.91,125.86,New Zealand
236489,Dawid Malan,LHB,ON_THE_STUMPS,FULL,219,174,8,27.38,125.86,England
24598,Eoin Morgan,LHB,ON_THE_STUMPS,SHORT_OF_A_GOOD_LENGTH,161,173,9,17.89,93.06,England
320652,Asghar Afghan,RHB,OUTSIDE_OFFSTUMP,GOOD_LENGTH,185,173,7,26.43,106.94,Afghanistan
227760,Sarfaraz Ahmed,RHB,OUTSIDE_OFFSTUMP,SHORT_OF_A_GOOD_LENGTH,189,173,6,31.5,109.25,Pakistan
269237,Mohammad Mithun,RHB,OUTSIDE_OFFSTUMP,SHORT_OF_A_GOOD_LENGTH,238,172,5,47.6,138.37,Bangladesh
280734,Imrul Kayes,LHB,ON_THE_STUMPS,GOOD_LENGTH,188,172,11,17.09,109.3,Bangladesh
1060380,Ruturaj Gaikwad,RHB,OUTSIDE_OFFSTUMP,FULL,275,171,7,39.29,160.82,India
1124283,Aaron Hardie,RHB,ON_THE_STUMPS,GOOD_LENGTH,182,171,6,30.33,106.43,Australia
422108,KL Rahul,RHB,OUTSIDE_OFFSTUMP,SHORT,405,171,6,67.5,236.84,India
28235,Shikhar Dhawan,LHB,DOWN_LEG,GOOD_LENGTH,247,171,3,82.33,144.44,India
465793,Dhananjaya de Silva,RHB,ON_THE_STUMPS,GOOD_LENGTH,166,170,14,11.86,97.65,Sri Lanka
935995,Afif Hossain,LHB,ON_THE_STUMPS,FULL,216,170,10,21.6,127.06,Bangladesh
581379,Shai Hope,RHB,ON_THE_STUMPS,FULL,232,170,7,33.14,136.47,West Indies
49764,Angelo Mathews,RHB,ON_THE_STUMPS,GOOD_LENGTH,177,169,11,16.09,104.73,Sri Lanka
51880,Chris Gayle,LHB,DOWN_LEG,GOOD_LENGTH,151,169,6,25.17,89.35,West Indies
480603,Iftikhar Ahmed,RHB,OUTSIDE_OFFSTUMP,FULL,308,169,7,44.0,182.25,Pakistan
4451,George Bailey,RHB,ON_THE_STUMPS,GOOD_LENGTH,207,169,14,14.79,122.49,Australia
362201,Lewis Gregory,RHB,OUTSIDE_OFFSTUMP,GOOD_LENGTH,197,169,17,11.59,116.57,England
355269,James Neesham,LHB,ON_THE_STUMPS,GOOD_LENGTH,219,169,6,36.5,129.59,New Zealand
227758,Imad Wasim,LHB,ON_THE_STUMPS,SHORT_OF_A_GOOD_LENGTH,214,169,11,19.45,126.63,Pakistan
348144,Babar Azam,RHB,OUTSIDE_OFFSTUMP,SHORT,358,168,8,44.75,213.1,Pakistan
24598,Eoin Morgan,LHB,OUTSIDE_OFFSTUMP,FULL,269,168,13,20.69,160.12,England
303427,Paul Stirling,RHB,OUTSIDE_OFFSTUMP,SHORT_OF_A_GOOD_LENGTH,210,168,9,23.33,125.0,Ireland
603410,Ben McDermott,RHB,ON_THE_STUMPS,FULL,241,168,6,40.17,143.45,Australia
494230,Asif Ali,RHB,ON_THE_STUMPS,GOOD_LENGTH,171,168,16,10.69,101.79,Pakistan
333066,Johnson Charles,RHB,ON_THE_STUMPS,SHORT_OF_A_GOOD_LENGTH,197,168,7,28.14,117.26,West Indies
1137262,Azam Khan,RHB,ON_THE_STUMPS,FULL,293,167,16,18.31,175.45,Pakistan
1168651,Haider Ali,RHB,ON_THE_STUMPS,GOOD_LENGTH,208,167,16,13.0,124.55,Pakistan
990031,Towhid Hridoy,RHB,OUTSIDE_OFFSTUMP,SHORT_OF_A_GOOD_LENGTH,204,167,5,40.8,122.16,Bangladesh
34102,Rohit Sharma,RHB,OUTSIDE_OFFSTUMP,SHORT,409,167,16,25.56,244.91,India
230558,Sunil Narine,LHB,OUTSIDE_OFFSTUMP,FULL,336,167,13,25.85,201.2,West Indies
7502,Luke Ronchi,RHB,OUTSIDE_OFFSTUMP,GOOD_LENGTH,208,167,6,34.67,124.55,New Zealand
234675,Ravindra Jadeja,LHB,ON_THE_STUMPS,SHORT_OF_A_GOOD_LENGTH,210,167,4,52.5,125.75,India
297628,Sam Billings,RHB,OUTSIDE_OFFSTUMP,FULL,269,167,12,22.42,161.08,England
877051,Tom Banton,RHB,ON_THE_STUMPS,GOOD_LENGTH,221,167,14,15.79,132.34,England
707113,Tom Bruce,RHB,OUTSIDE_OFFSTUMP,GOOD_LENGTH,169,166,6,28.17,101.81,New Zealand
681117,Faheem Ashraf,LHB,OUTSIDE_OFFSTUMP,GOOD_LENGTH,174,166,10,17.4,104.82,Pakistan
793457,Hazratullah Zazai,LHB,ON_THE_STUMPS,GOOD_LENGTH,153,166,8,19.12,92.17,Afghanistan
604527,Nitish Rana,LHB,ON_THE_STUMPS,FULL,230,166,7,32.86,138.55,India
961407,Harry Tector,RHB,OUTSIDE_OFFSTUMP,SHORT_OF_A_GOOD_LENGTH,192,166,5,38.4,115.66,Ireland
595739,Leus du Plooy,LHB,OUTSIDE_OFFSTUMP,GOOD_LENGTH,249,166,5,49.8,150.0,England
388678,Ben Dunk,LHB,ON_THE_STUMPS,GOOD_LENGTH,214,166,13,16.46,128.92,Australia
272450,Mitchell Marsh,RHB,ON_THE_STUMPS,SHORT_OF_A_GOOD_LENGTH,216,166,5,43.2,130.12,Australia
317273,Umar Akmal,RHB,OUTSIDE_OFFSTUMP,GOOD_LENGTH,187,166,9,20.78,112.65,Pakistan
793457,Hazratullah Zazai,LHB,OUTSIDE_OFFSTUMP,GOOD_LENGTH,147,166,10,14.7,88.55,Afghanistan
629076,Sadeera Samarawickrama,RHB,OUTSIDE_OFFSTUMP,GOOD_LENGTH,140,166,8,17.5,84.34,Sri Lanka
300617,Rony Talukdar,RHB,OUTSIDE_OFFSTUMP,GOOD_LENGTH,182,166,9,20.22,109.64,Bangladesh
230555,Shamarh Brooks,RHB,OUTSIDE_OFFSTUMP,SHORT_OF_A_GOOD_LENGTH,176,166,7,25.14,106.02,West Indies
669365,Phil Salt,RHB,ON_THE_STUMPS,SHORT_OF_A_GOOD_LENGTH,254,165,9,28.22,153.94,England
379140,Devon Conway,LHB,ON_THE_STUMPS,FULL,212,165,7,30.29,128.48,New Zealand
28081,MS Dhoni,RHB,ON_THE_STUMPS,FULL,282,165,8,35.25,170.91,India
935995,Afif Hossain,LHB,OUTSIDE_OFFSTUMP,SHORT_OF_A_GOOD_LENGTH,207,165,9,23.0,125.45,Bangladesh
4864,Dan Christian,RHB,ON_THE_STUMPS,GOOD_LENGTH,187,165,7,26.71,113.33,Australia
502714,Mitchell Santner,LHB,OUTSIDE_OFFSTUMP,GOOD_LENGTH,178,165,10,17.8,107.88,New Zealand
436757,Heinrich Klaasen,RHB,ON_THE_STUMPS,FULL,383,165,6,63.83,232.12,South Africa
629058,Najmul Hossain Shanto,LHB,ON_THE_STUMPS,FULL,179,165,5,35.8,108.48,Bangladesh
279810,Wriddhiman Saha,RHB,OUTSIDE_OFFSTUMP,FULL,215,164,7,30.71,131.1,India
470633,Tom Kohler-Cadmore,RHB,ON_THE_STUMPS,GOOD_LENGTH,163,164,12,13.58,99.39,England
625371,Hardik Pandya,RHB,OUTSIDE_OFFSTUMP,SHORT,286,164,14,20.43,174.39,India
629074,Kusal Mendis,RHB,ON_THE_STUMPS,SHORT_OF_A_GOOD_LENGTH,232,164,3,77.33,141.46,Sri Lanka
345821,Danushka Gunathilaka,LHB,ON_THE_STUMPS,GOOD_LENGTH,163,164,13,12.54,99.39,Sri Lanka
227762,Sharjeel Khan,LHB,OUTSIDE_OFFSTUMP,GOOD_LENGTH,133,164,7,19.0,81.1,Pakistan
437316,Dasun Shanaka,RHB,OUTSIDE_OFFSTUMP,FULL,272,164,7,38.86,165.85,Sri Lanka
670035,Brandon King,RHB,ON_THE_STUMPS,SHORT_OF_A_GOOD_LENGTH,202,163,4,50.5,123.93,West Indies
24598,Eoin Morgan,LHB,ON_THE_STUMPS,FULL,262,163,11,23.82,160.74,England
56194,Tamim Iqbal,LHB,ON_THE_STUMPS,SHORT_OF_A_GOOD_LENGTH,206,163,7,29.43,126.38,Bangladesh
1070173,Shubman Gill,RHB,ON_THE_STUMPS,SHORT_OF_A_GOOD_LENGTH,253,163,3,84.33,155.21,India
436677,Soumya Sarkar,LHB,OUTSIDE_OFFSTUMP,SHORT_OF_A_GOOD_LENGTH,149,163,9,16.56,91.41,Bangladesh
524049,Najibullah Zadran,LHB,OUTSIDE_OFFSTUMP,FULL,278,163,13,21.38,170.55,Afghanistan
670013,Fabian Allen,RHB,OUTSIDE_OFFSTUMP,GOOD_LENGTH,149,163,10,14.9,91.41,West Indies
41434,Mohammad Hafeez,RHB,ON_THE_STUMPS,SHORT_OF_A_GOOD_LENGTH,196,162,7,28.0,120.99,Pakistan
290630,Manish Pandey,RHB,ON_THE_STUMPS,SHORT_OF_A_GOOD_LENGTH,223,162,8,27.88,137.65,India
248920,Devon Thomas,RHB,OUTSIDE_OFFSTUMP,GOOD_LENGTH,132,162,9,14.67,81.48,West Indies
5236,Callum Ferguson,RHB,OUTSIDE_OFFSTUMP,SHORT_OF_A_GOOD_LENGTH,212,162,4,53.0,130.86,Australia
446507,Suryakumar Yadav,RHB,ON_THE_STUMPS,SHORT_OF_A_GOOD_LENGTH,222,162,13,17.08,137.04,India
333780,Nic Maddinson,LHB,OUTSIDE_OFFSTUMP,GOOD_LENGTH,174,161,6,29.0,108.07,Australia
38699,Ross Taylor,RHB,ON_THE_STUMPS,GOOD_LENGTH,175,161,6,29.17,108.7,New Zealand
571761,Daniel Hughes,LHB,OUTSIDE_OFFSTUMP,FULL,200,161,4,50.0,124.22,Australia
781285,Jake Weatherald,LHB,OUTSIDE_OFFSTUMP,SHORT_OF_A_GOOD_LENGTH,200,161,6,33.33,124.22,Australia
308251,David Willey,LHB,OUTSIDE_OFFSTUMP,GOOD_LENGTH,156,161,7,22.29,96.89,England
297433,Jonny Bairstow,RHB,OUTSIDE_OFFSTUMP,FULL,309,160,7,44.14,193.12,England
325026,Glenn Maxwell,RHB,OUTSIDE_OFFSTUMP,SHORT,318,160,12,26.5,198.75,Australia
1124283,Aaron Hardie,RHB,OUTSIDE_OFFSTUMP,GOOD_LENGTH,174,160,6,29.0,108.75,Australia
911707,Harry Brook,RHB,ON_THE_STUMPS,GOOD_LENGTH,188,160,10,18.8,117.5,England
642519,Shreyas Iyer,RHB,OUTSIDE_OFFSTUMP,SHORT,243,160,10,24.3,151.88,India
8917,Moeen Ali,LHB,ON_THE_STUMPS,FULL,262,160,12,21.83,163.75,England
820351,Rovman Powell,RHB,ON_THE_STUMPS,SHORT_OF_A_GOOD_LENGTH,208,160,9,23.11,130.0,West Indies
629074,Kusal Mendis,RHB,ON_THE_STUMPS,FULL,228,160,11,20.73,142.5,Sri Lanka
24598,Eoin Morgan,LHB,OUTSIDE_OFFSTUMP,SHORT_OF_A_GOOD_LENGTH,173,159,6,28.83,108.81,England
233514,Thisara Perera,LHB,ON_THE_STUMPS,GOOD_LENGTH,194,159,13,14.92,122.01,Sri Lanka
36084,Yuvraj Singh,LHB,OUTSIDE_OFFSTUMP,GOOD_LENGTH,149,159,4,37.25,93.71,India
297433,Jonny Bairstow,RHB,ON_THE_STUMPS,FULL,296,159,12,24.67,186.16,England
41434,Mohammad Hafeez,RHB,ON_THE_STUMPS,FULL,172,158,7,24.57,108.86,Pakistan
1151278,Yashasvi Jaiswal,LHB,OUTSIDE_OFFSTUMP,FULL,267,158,8,33.38,168.99,India
914541,Sherfane Rutherford,LHB,OUTSIDE_OFFSTUMP,FULL,269,158,18,14.94,170.25,West Indies
277916,Ajinkya Rahane,RHB,ON_THE_STUMPS,SHORT_OF_A_GOOD_LENGTH,184,158,10,18.4,116.46,India
8180,Shane Watson,RHB,ON_THE_STUMPS,FULL,285,158,8,35.62,180.38,Australia
444970,Jimmy Peirson,RHB,OUTSIDE_OFFSTUMP,SHORT_OF_A_GOOD_LENGTH,173,158,6,28.83,109.49,Australia
605575,Matthew Short,RHB,ON_THE_STUMPS,FULL,215,158,12,17.92,136.08,Australia
990081,Mohammad Naim,LHB,ON_THE_STUMPS,SHORT_OF_A_GOOD_LENGTH,171,157,7,24.43,108.92,Bangladesh
277472,Darren Bravo,LHB,ON_THE_STUMPS,GOOD_LENGTH,128,157,10,12.8,81.53,West Indies
55608,Hamilton Masakadza,RHB,OUTSIDE_OFFSTUMP,GOOD_LENGTH,177,157,5,35.4,112.74,Zimbabwe
5961,Moises Henriques,RHB,ON_THE_STUMPS,FULL,193,157,14,13.79,122.93,Australia
51439,Dwayne Bravo,RHB,OUTSIDE_OFFSTUMP,FULL,271,156,9,30.11,173.72,West Indies
465793,Dhananjaya de Silva,RHB,OUTSIDE_OFFSTUMP,SHORT_OF_A_GOOD_LENGTH,192,156,7,27.43,123.08,Sri Lanka
530011,Travis Head,LHB,ON_THE_STUMPS,SHORT_OF_A_GOOD_LENGTH,259,156,5,51.8,166.03,Australia
53118,Dwayne Smith,RHB,OUTSIDE_OFFSTUMP,SHORT_OF_A_GOOD_LENGTH,173,155,11,15.73,111.61,West Indies
333780,Nic Maddinson,LHB,ON_THE_STUMPS,GOOD_LENGTH,170,155,9,18.89,109.68,Australia
1137262,Azam Khan,RHB,OUTSIDE_OFFSTUMP,FULL,290,155,6,48.33,187.1,Pakistan
539304,Babar Hayat,RHB,OUTSIDE_OFFSTUMP,GOOD_LENGTH,155,155,10,15.5,100.0,Hong Kong
494581,Rahkeem Cornwall,RHB,OUTSIDE_OFFSTUMP,GOOD_LENGTH,210,155,13,16.15,135.48,West Indies
230371,Ben Cutting,RHB,OUTSIDE_OFFSTUMP,SHORT_OF_A_GOOD_LENGTH,246,155,7,35.14,158.71,Australia
532424,Sohail Akhtar,RHB,OUTSIDE_OFFSTUMP,GOOD_LENGTH,162,154,10,16.2,105.19,Pakistan
571761,Daniel Hughes,LHB,OUTSIDE_OFFSTUMP,SHORT_OF_A_GOOD_LENGTH,194,154,5,38.8,125.97,Australia
477021,Vijay Shankar,RHB,OUTSIDE_OFFSTUMP,SHORT_OF_A_GOOD_LENGTH,212,154,10,21.2,137.66,India
391832,Roston Chase,RHB,OUTSIDE_OFFSTUMP,GOOD_LENGTH,136,154,9,15.11,88.31,West Indies
55395,Colin de Grandhomme,RHB,ON_THE_STUMPS,GOOD_LENGTH,186,154,8,23.25,120.78,New Zealand
334337,Peter Handscomb,RHB,ON_THE_STUMPS,GOOD_LENGTH,210,153,3,70.0,137.25,Australia
398506,Mandeep Singh,RHB,ON_THE_STUMPS,GOOD_LENGTH,151,153,9,16.78,98.69,India
643197,Max O'Dowd,RHB,OUTSIDE_OFFSTUMP,GOOD_LENGTH,135,153,6,22.5,88.24,Netherlands
55870,Sean Williams,LHB,ON_THE_STUMPS,GOOD_LENGTH,173,153,7,24.71,113.07,Zimbabwe
233901,Shan Masood,LHB,OUTSIDE_OFFSTUMP,SHORT_OF_A_GOOD_LENGTH,203,153,7,29.0,132.68,Pakistan
1123428,Usman Khan,RHB,OUTSIDE_OFFSTUMP,GOOD_LENGTH,150,153,9,16.67,98.04,Pakistan
248920,Devon Thomas,RHB,OUTSIDE_OFFSTUMP,SHORT_OF_A_GOOD_LENGTH,173,153,8,21.62,113.07,West Indies
227758,Imad Wasim,LHB,ON_THE_STUMPS,FULL,213,153,8,26.62,139.22,Pakistan
348056,Kyle Mayers,LHB,OUTSIDE_OFFSTUMP,FULL,309,152,7,44.14,203.29,West Indies
398506,Mandeep Singh,RHB,OUTSIDE_OFFSTUMP,SHORT_OF_A_GOOD_LENGTH,177,152,8,22.12,116.45,India
300617,Rony Talukdar,RHB,ON_THE_STUMPS,GOOD_LENGTH,163,151,5,32.6,107.95,Bangladesh
595739,Leus du Plooy,LHB,ON_THE_STUMPS,GOOD_LENGTH,163,151,10,16.3,107.95,England
669365,Phil Salt,RHB,ON_THE_STUMPS,FULL,263,151,6,43.83,174.17,England
410765,Nurul Hasan,RHB,ON_THE_STUMPS,GOOD_LENGTH,158,151,10,15.8,104.64,Bangladesh
6683,Shaun Marsh,LHB,OUTSIDE_OFFSTUMP,SHORT_OF_A_GOOD_LENGTH,162,151,5,32.4,107.28,Australia
961407,Harry Tector,RHB,ON_THE_STUMPS,GOOD_LENGTH,148,150,4,37.0,98.67,Ireland
56029,Mushfiqur Rahim,RHB,ON_THE_STUMPS,FULL,192,150,7,27.43,128.0,Bangladesh
911707,Harry Brook,RHB,OUTSIDE_OFFSTUMP,GOOD_LENGTH,183,150,8,22.88,122.0,England
436677,Soumya Sarkar,LHB,ON_THE_STUMPS,SHORT_OF_A_GOOD_LENGTH,170,150,11,15.45,113.33,Bangladesh
41028,Kamran Akmal,RHB,ON_THE_STUMPS,GOOD_LENGTH,128,150,12,10.67,85.33,Pakistan
350629,Nizakat Khan,RHB,OUTSIDE_OFFSTUMP,GOOD_LENGTH,160,150,2,80.0,106.67,Hong Kong
342619,Bhanuka Rajapaksa,LHB,ON_THE_STUMPS,SHORT_OF_A_GOOD_LENGTH,183,149,7,26.14,122.82,Sri Lanka
921509,Ibrahim Zadran,RHB,ON_THE_STUMPS,GOOD_LENGTH,110,149,6,18.33,73.83,Afghanistan
500268,Ashton Turner,RHB,OUTSIDE_OFFSTUMP,SHORT_OF_A_GOOD_LENGTH,173,149,4,43.25,116.11,Australia
381743,Daryl Mitchell,RHB,OUTSIDE_OFFSTUMP,FULL,232,149,7,33.14,155.7,New Zealand
1088608,Max Bryant,RHB,ON_THE_STUMPS,GOOD_LENGTH,147,148,14,10.5,99.32,Australia
269237,Mohammad Mithun,RHB,ON_THE_STUMPS,GOOD_LENGTH,147,148,7,21.0,99.32,Bangladesh
536936,Litton Das,RHB,ON_THE_STUMPS,SHORT_OF_A_GOOD_LENGTH,203,148,5,40.6,137.16,Bangladesh
44932,Jean-Paul Duminy,LHB,OUTSIDE_OFFSTUMP,FULL,208,148,6,34.67,140.54,South Africa
234675,Ravindra Jadeja,LHB,OUTSIDE_OFFSTUMP,SHORT_OF_A_GOOD_LENGTH,150,147,4,37.5,102.04,India
55608,Hamilton Masakadza,RHB,ON_THE_STUMPS,GOOD_LENGTH,192,147,8,24.0,130.61,Zimbabwe
297433,Jonny Bairstow,RHB,ON_THE_STUMPS,SHORT_OF_A_GOOD_LENGTH,216,147,4,54.0,146.94,England
1060380,Ruturaj Gaikwad,RHB,ON_THE_STUMPS,FULL,242,147,8,30.25,164.63,India
227762,Sharjeel Khan,LHB,ON_THE_STUMPS,GOOD_LENGTH,142,147,6,23.67,96.6,Pakistan
784379,Wanindu Hasaranga de Silva,RHB,OUTSIDE_OFFSTUMP,GOOD_LENGTH,154,147,13,11.85,104.76,Sri Lanka
1168049,Jake Fraser-McGurk,RHB,OUTSIDE_OFFSTUMP,GOOD_LENGTH,178,147,11,16.18,121.09,Australia
1151288,Sai Sudharsan,LHB,OUTSIDE_OFFSTUMP,GOOD_LENGTH,164,147,5,32.8,111.56,India
833087,Mahedi Hasan,RHB,ON_THE_STUMPS,GOOD_LENGTH,175,147,8,21.88,119.05,Bangladesh
53118,Dwayne Smith,RHB,OUTSIDE_OFFSTUMP,FULL,271,147,7,38.71,184.35,West Indies
300631,Kusal Perera,LHB,ON_THE_STUMPS,SHORT_OF_A_GOOD_LENGTH,207,147,6,34.5,140.82,Sri Lanka
391832,Roston Chase,RHB,OUTSIDE_OFFSTUMP,SHORT_OF_A_GOOD_LENGTH,138,146,4,34.5,94.52,West Indies
230371,Ben Cutting,RHB,ON_THE_STUMPS,FULL,225,146,14,16.07,154.11,Australia
391832,Roston Chase,RHB,ON_THE_STUMPS,GOOD_LENGTH,166,146,2,83.0,113.7,West Indies
1119026,Devdutt Padikkal,LHB,OUTSIDE_OFFSTUMP,SHORT_OF_A_GOOD_LENGTH,150,146,8,18.75,102.74,India
446763,Rahul Tripathi,RHB,OUTSIDE_OFFSTUMP,FULL,247,146,15,16.47,169.18,India
38699,Ross Taylor,RHB,OUTSIDE_OFFSTUMP,FULL,198,146,6,33.0,135.62,New Zealand
974087,Rahmanullah Gurbaz,RHB,ON_THE_STUMPS,FULL,255,146,10,25.5,174.66,Afghanistan
1112537,Jordan Cox,RHB,ON_THE_STUMPS,GOOD_LENGTH,161,146,10,16.1,110.27,England
227758,Imad Wasim,LHB,OUTSIDE_OFFSTUMP,SHORT_OF_A_GOOD_LENGTH,155,146,6,25.83,106.16,Pakistan
326434,Alex Carey,LHB,ON_THE_STUMPS,FULL,210,146,9,23.33,143.84,Australia
629074,Kusal Mendis,RHB,OUTSIDE_OFFSTUMP,FULL,238,145,5,47.6,164.14,Sri Lanka
990031,Towhid Hridoy,RHB,OUTSIDE_OFFSTUMP,FULL,247,145,7,35.29,170.34,Bangladesh
524049,Najibullah Zadran,LHB,OUTSIDE_OFFSTUMP,SHORT_OF_A_GOOD_LENGTH,192,145,3,64.0,132.41,Afghanistan
230549,Jason Mohammed,RHB,OUTSIDE_OFFSTUMP,GOOD_LENGTH,123,145,8,15.38,84.83,West Indies
237095,Murali Vijay,RHB,ON_THE_STUMPS,GOOD_LENGTH,179,145,5,35.8,123.45,India
834741,Caleb Jewell,LHB,OUTSIDE_OFFSTUMP,GOOD_LENGTH,176,145,6,29.33,121.38,Australia
269280,Reeza Hendricks,RHB,ON_THE_STUMPS,FULL,178,145,8,22.25,122.76,South Africa
45705,Colin Ingram,LHB,ON_THE_STUMPS,SHORT_OF_A_GOOD_LENGTH,177,145,10,17.7,122.07,South Africa
221140,David Wiese,RHB,OUTSIDE_OFFSTUMP,SHORT_OF_A_GOOD_LENGTH,174,145,12,14.5,120.0,Namibia
662973,Sam Curran,LHB,ON_THE_STUMPS,SHORT_OF_A_GOOD_LENGTH,185,144,10,18.5,128.47,England
974087,Rahmanullah Gurbaz,RHB,ON_THE_STUMPS,SHORT_OF_A_GOOD_LENGTH,175,144,10,17.5,121.53,Afghanistan
530011,Travis Head,LHB,ON_THE_STUMPS,FULL,249,144,7,35.57,172.92,Australia
533870,Nick Larkin,RHB,ON_THE_STUMPS,GOOD_LENGTH,165,144,6,27.5,114.58,Australia
436757,Heinrich Klaasen,RHB,OUTSIDE_OFFSTUMP,FULL,314,144,7,44.86,218.06,South Africa
1060380,Ruturaj Gaikwad,RHB,ON_THE_STUMPS,SHORT_OF_A_GOOD_LENGTH,203,144,4,50.75,140.97,India
28081,MS Dhoni,RHB,OUTSIDE_OFFSTUMP,SHORT,224,143,9,24.89,156.64,India
914541,Sherfane Rutherford,LHB,OUTSIDE_OFFSTUMP,SHORT_OF_A_GOOD_LENGTH,195,143,5,39.0,136.36,West Indies
457249,Carlos Brathwaite,RHB,ON_THE_STUMPS,GOOD_LENGTH,131,143,15,8.73,91.61,West Indies
337790,Rassie van der Dussen,RHB,ON_THE_STUMPS,FULL,226,143,9,25.11,158.04,South Africa
233680,Jonathan Wells,RHB,OUTSIDE_OFFSTUMP,FULL,180,143,5,36.0,125.87,Australia
471342,Krunal Pandya,LHB,OUTSIDE_OFFSTUMP,FULL,231,143,13,17.77,161.54,India
671805,George Munsey,LHB,OUTSIDE_OFFSTUMP,GOOD_LENGTH,175,143,6,29.17,122.38,Scotland
233514,Thisara Perera,LHB,OUTSIDE_OFFSTUMP,FULL,255,143,12,21.25,178.32,Sri Lanka
629076,Sadeera Samarawickrama,RHB,ON_THE_STUMPS,GOOD_LENGTH,143,143,6,23.83,100.0,Sri Lanka
501011,Cameron Bancroft,RHB,OUTSIDE_OFFSTUMP,SHORT_OF_A_GOOD_LENGTH,152,143,4,38.0,106.29,Australia
297628,Sam Billings,RHB,ON_THE_STUMPS,SHORT_OF_A_GOOD_LENGTH,196,143,5,39.2,137.06,England
1241277,Muhammad Waseem,RHB,OUTSIDE_OFFSTUMP,FULL,257,142,9,28.56,180.99,United Arab Emirates
215155,Usman Khawaja,LHB,ON_THE_STUMPS,SHORT_OF_A_GOOD_LENGTH,195,142,5,39.0,137.32,Australia
629058,Najmul Hossain Shanto,LHB,ON_THE_STUMPS,SHORT_OF_A_GOOD_LENGTH,152,142,3,50.67,107.04,Bangladesh
595978,Tristan Stubbs,RHB,OUTSIDE_OFFSTUMP,GOOD_LENGTH,191,142,8,23.88,134.51,South Africa
253802,Virat Kohli,RHB,WIDE_OUTSIDE_OFFSTUMP,GOOD_LENGTH,260,142,6,43.33,183.1,India
403902,Liam Livingstone,RHB,ON_THE_STUMPS,SHORT_OF_A_GOOD_LENGTH,174,142,7,24.86,122.54,England
959759,Finn Allen,RHB,ON_THE_STUMPS,GOOD_LENGTH,214,142,11,19.45,150.7,New Zealand
935995,Afif Hossain,LHB,ON_THE_STUMPS,SHORT_OF_A_GOOD_LENGTH,168,142,7,24.0,118.31,Bangladesh
1161044,Shamim Hossain,LHB,OUTSIDE_OFFSTUMP,GOOD_LENGTH,141,141,5,28.2,100.0,Bangladesh
277472,Darren Bravo,LHB,OUTSIDE_OFFSTUMP,FULL,234,141,5,46.8,165.96,West Indies
33141,Ambati Rayudu,RHB,ON_THE_STUMPS,FULL,174,141,8,21.75,123.4,India
911707,Harry Brook,RHB,OUTSIDE_OFFSTUMP,SHORT_OF_A_GOOD_LENGTH,205,141,5,41.0,145.39,England
1161024,Prabhsimran Singh,RHB,OUTSIDE_OFFSTUMP,GOOD_LENGTH,191,141,10,19.1,135.46,India
277662,Corey Anderson,LHB,OUTSIDE_OFFSTUMP,GOOD_LENGTH,113,141,8,14.12,80.14,United States of America
494230,Asif Ali,RHB,OUTSIDE_OFFSTUMP,FULL,299,141,11,27.18,212.06,Pakistan
28235,Shikhar Dhawan,LHB,DOWN_LEG,SHORT_OF_A_GOOD_LENGTH,135,141,7,19.29,95.74,India
269280,Reeza Hendricks,RHB,ON_THE_STUMPS,SHORT_OF_A_GOOD_LENGTH,169,141,4,42.25,119.86,South Africa
300631,Kusal Perera,LHB,OUTSIDE_OFFSTUMP,SHORT_OF_A_GOOD_LENGTH,188,140,6,31.33,134.29,Sri Lanka
495964,Ryan Burl,LHB,ON_THE_STUMPS,GOOD_LENGTH,172,140,10,17.2,122.86,Zimbabwe
52917,Denesh Ramdin,RHB,OUTSIDE_OFFSTUMP,FULL,174,140,5,34.8,124.29,West Indies
1241277,Muhammad Waseem,RHB,OUTSIDE_OFFSTUMP,SHORT_OF_A_GOOD_LENGTH,205,140,4,51.25,146.43,United Arab Emirates
914541,Sherfane Rutherford,LHB,ON_THE_STUMPS,FULL,178,139,6,29.67,128.06,West Indies
525992,Adam Hose,RHB,OUTSIDE_OFFSTUMP,GOOD_LENGTH,143,139,9,15.89,102.88,England
403902,Liam Livingstone,RHB,ON_THE_STUMPS,FULL,226,139,6,37.67,162.59,England
497121,Deepak Hooda,RHB,OUTSIDE_OFFSTUMP,FULL,238,139,4,59.5,171.22,India
793467,Karim Janat,RHB,OUTSIDE_OFFSTUMP,GOOD_LENGTH,131,139,8,16.38,94.24,Afghanistan
326434,Alex Carey,LHB,OUTSIDE_OFFSTUMP,SHORT_OF_A_GOOD_LENGTH,157,139,4,39.25,112.95,Australia
348148,Mohammad Nawaz,LHB,OUTSIDE_OFFSTUMP,SHORT_OF_A_GOOD_LENGTH,146,138,11,13.27,105.8,Pakistan
714451,Shivam Dube,LHB,ON_THE_STUMPS,SHORT_OF_A_GOOD_LENGTH,173,138,5,34.6,125.36,India
1123428,Usman Khan,RHB,ON_THE_STUMPS,GOOD_LENGTH,152,137,6,25.33,110.95,Pakistan
42657,Shoaib Malik,RHB,OUTSIDE_OFFSTUMP,SHORT,280,137,4,70.0,204.38,Pakistan
277662,Corey Anderson,LHB,ON_THE_STUMPS,GOOD_LENGTH,133,137,14,9.5,97.08,United States of America
494581,Rahkeem Cornwall,RHB,ON_THE_STUMPS,GOOD_LENGTH,230,137,10,23.0,167.88,West Indies
297628,Sam Billings,RHB,ON_THE_STUMPS,FULL,236,137,10,23.6,172.26,England
326637,Chris Lynn,RHB,OUTSIDE_OFFSTUMP,SHORT,293,137,12,24.42,213.87,Australia
348056,Kyle Mayers,LHB,ON_THE_STUMPS,FULL,208,137,11,18.91,151.82,West Indies
625964,Tim Seifert,RHB,ON_THE_STUMPS,FULL,204,136,4,51.0,150.0,New Zealand
521637,Ben Duckett,LHB,ON_THE_STUMPS,GOOD_LENGTH,169,136,6,28.17,124.26,England
772361,Sam Harper,RHB,OUTSIDE_OFFSTUMP,SHORT_OF_A_GOOD_LENGTH,159,136,5,31.8,116.91,Australia
922943,Shadab Khan,RHB,OUTSIDE_OFFSTUMP,FULL,243,136,12,20.25,178.68,Pakistan
959759,Finn Allen,RHB,OUTSIDE_OFFSTUMP,SHORT_OF_A_GOOD_LENGTH,223,136,6,37.17,163.97,New Zealand
256956,Laurie Evans,RHB,OUTSIDE_OFFSTUMP,FULL,242,136,5,48.4,177.94,England
49764,Angelo Mathews,RHB,OUTSIDE_OFFSTUMP,SHORT_OF_A_GOOD_LENGTH,124,136,4,31.0,91.18,Sri Lanka
51880,Chris Gayle,LHB,DOWN_LEG,SHORT_OF_A_GOOD_LENGTH,155,136,4,38.75,113.97,West Indies
781285,Jake Weatherald,LHB,OUTSIDE_OFFSTUMP,FULL,191,136,4,47.75,140.44,Australia
922943,Shadab Khan,RHB,ON_THE_STUMPS,FULL,206,136,5,41.2,151.47,Pakistan
1170265,Tilak Varma,LHB,ON_THE_STUMPS,SHORT_OF_A_GOOD_LENGTH,199,135,5,39.8,147.41,India
1119026,Devdutt Padikkal,LHB,OUTSIDE_OFFSTUMP,FULL,249,135,3,83.0,184.44,India
787073,Chris Green,RHB,OUTSIDE_OFFSTUMP,GOOD_LENGTH,135,135,8,16.88,100.0,Australia
1223047,Josh Brown,RHB,OUTSIDE_OFFSTUMP,GOOD_LENGTH,141,135,8,17.62,104.44,Australia
300628,Dinesh Chandimal,RHB,ON_THE_STUMPS,FULL,153,135,4,38.25,113.33,Sri Lanka
1161038,Alishan Sharafu,RHB,OUTSIDE_OFFSTUMP,GOOD_LENGTH,183,135,5,36.6,135.56,United Arab Emirates
232359,Colin Munro,LHB,DOWN_LEG,FULL,190,135,3,63.33,140.74,New Zealand
500268,Ashton Turner,RHB,OUTSIDE_OFFSTUMP,FULL,188,135,5,37.6,139.26,Australia
33141,Ambati Rayudu,RHB,ON_THE_STUMPS,SHORT_OF_A_GOOD_LENGTH,174,135,6,29.0,128.89,India
398438,Mayank Agarwal,RHB,OUTSIDE_OFFSTUMP,FULL,251,135,10,25.1,185.93,India
288992,Chris Jordan,RHB,OUTSIDE_OFFSTUMP,GOOD_LENGTH,148,135,9,16.44,109.63,England
530811,Chandrapaul Hemraj,LHB,OUTSIDE_OFFSTUMP,GOOD_LENGTH,94,135,4,23.5,69.63,West Indies
1124282,Josh Philippe,RHB,ON_THE_STUMPS,FULL,222,134,11,20.18,165.67,Australia
781285,Jake Weatherald,LHB,ON_THE_STUMPS,SHORT_OF_A_GOOD_LENGTH,205,134,9,22.78,152.99,Australia
834741,Caleb Jewell,LHB,ON_THE_STUMPS,GOOD_LENGTH,153,134,11,13.91,114.18,Australia
233901,Shan Masood,LHB,ON_THE_STUMPS,SHORT_OF_A_GOOD_LENGTH,172,134,1,172.0,128.36,Pakistan
784367,Charith Asalanka,LHB,OUTSIDE_OFFSTUMP,SHORT_OF_A_GOOD_LENGTH,135,134,8,16.88,100.75,Sri Lanka
8291,Cameron White,RHB,OUTSIDE_OFFSTUMP,GOOD_LENGTH,153,134,5,30.6,114.18,Australia
6161,Michael Klinger,RHB,OUTSIDE_OFFSTUMP,GOOD_LENGTH,115,134,10,11.5,85.82,Australia
625371,Hardik Pandya,RHB,ON_THE_STUMPS,SHORT_OF_A_GOOD_LENGTH,184,134,5,36.8,137.31,India
1088608,Max Bryant,RHB,OUTSIDE_OFFSTUMP,SHORT_OF_A_GOOD_LENGTH,166,134,4,41.5,123.88,Australia
267192,Steven Smith,RHB,ON_THE_STUMPS,SHORT_OF_A_GOOD_LENGTH,146,133,4,36.5,109.77,Australia
823703,Rajat Patidar,RHB,OUTSIDE_OFFSTUMP,GOOD_LENGTH,175,133,6,29.17,131.58,India
629063,Mehidy Hasan Miraz,RHB,OUTSIDE_OFFSTUMP,SHORT_OF_A_GOOD_LENGTH,143,133,9,15.89,107.52,Bangladesh
437316,Dasun Shanaka,RHB,ON_THE_STUMPS,FULL,195,133,13,15.0,146.62,Sri Lanka
280490,JJ Smuts,RHB,OUTSIDE_OFFSTUMP,GOOD_LENGTH,151,133,7,21.57,113.53,South Africa
391485,Jason Holder,RHB,ON_THE_STUMPS,FULL,221,133,8,27.62,166.17,West Indies
53115,Daren Sammy,RHB,OUTSIDE_OFFSTUMP,GOOD_LENGTH,118,133,8,14.75,88.72,West Indies
1124282,Josh Philippe,RHB,OUTSIDE_OFFSTUMP,FULL,191,133,6,31.83,143.61,Australia
723105,Rinku Singh,LHB,ON_THE_STUMPS,GOOD_LENGTH,153,133,5,30.6,115.04,India
303427,Paul Stirling,RHB,OUTSIDE_OFFSTUMP,FULL,213,132,10,21.3,161.36,Ireland
280490,JJ Smuts,RHB,ON_THE_STUMPS,GOOD_LENGTH,136,131,10,13.6,103.82,South Africa
1112537,Jordan Cox,RHB,OUTSIDE_OFFSTUMP,GOOD_LENGTH,145,131,7,20.71,110.69,England
892749,Tim David,RHB,ON_THE_STUMPS,SHORT_OF_A_GOOD_LENGTH,175,131,10,17.5,133.59,Australia
581379,Shai Hope,RHB,ON_THE_STUMPS,SHORT_OF_A_GOOD_LENGTH,134,131,7,19.14,102.29,West Indies
480603,Iftikhar Ahmed,RHB,ON_THE_STUMPS,FULL,235,131,2,117.5,179.39,Pakistan
26421,Ravichandran Ashwin,RHB,OUTSIDE_OFFSTUMP,GOOD_LENGTH,127,131,10,12.7,96.95,India
1123428,Usman Khan,RHB,OUTSIDE_OFFSTUMP,SHORT_OF_A_GOOD_LENGTH,154,131,5,30.8,117.56,Pakistan
677081,Keemo Paul,RHB,OUTSIDE_OFFSTUMP,GOOD_LENGTH,111,131,8,13.88,84.73,West Indies
38699,Ross Taylor,RHB,OUTSIDE_OFFSTUMP,SHORT_OF_A_GOOD_LENGTH,143,131,4,35.75,109.16,New Zealand
219889,David Warner,LHB,OUTSIDE_OFFSTUMP,SHORT,287,130,4,71.75,220.77,Australia
1070183,Abhishek Sharma,LHB,OUTSIDE_OFFSTUMP,SHORT_OF_A_GOOD_LENGTH,222,130,4,55.5,170.77,India
326434,Alex Carey,LHB,ON_THE_STUMPS,SHORT_OF_A_GOOD_LENGTH,142,130,6,23.67,109.23,Australia
530811,Chandrapaul Hemraj,LHB,ON_THE_STUMPS,GOOD_LENGTH,109,130,10,10.9,83.85,West Indies
833087,Mahedi Hasan,RHB,OUTSIDE_OFFSTUMP,SHORT_OF_A_GOOD_LENGTH,124,130,8,15.5,95.38,Bangladesh
557295,Hilton Cartwright,RHB,ON_THE_STUMPS,FULL,189,130,2,94.5,145.38,Australia
819429,Azmatullah Omarzai,RHB,OUTSIDE_OFFSTUMP,GOOD_LENGTH,143,129,10,14.3,110.85,Afghanistan
677081,Keemo Paul,RHB,ON_THE_STUMPS,GOOD_LENGTH,142,129,8,17.75,110.08,West Indies
56025,Mahmudullah,RHB,ON_THE_STUMPS,SHORT_OF_A_GOOD_LENGTH,166,129,7,23.71,128.68,Bangladesh
1070168,Prithvi Shaw,RHB,OUTSIDE_OFFSTUMP,FULL,250,129,10,25.0,193.8,India
662973,Sam Curran,LHB,OUTSIDE_OFFSTUMP,SHORT_OF_A_GOOD_LENGTH,175,129,6,29.17,135.66,England
398438,Mayank Agarwal,RHB,ON_THE_STUMPS,SHORT_OF_A_GOOD_LENGTH,153,129,7,21.86,118.6,India
221140,David Wiese,RHB,ON_THE_STUMPS,GOOD_LENGTH,164,129,6,27.33,127.13,Namibia
723105,Rinku Singh,LHB,OUTSIDE_OFFSTUMP,GOOD_LENGTH,117,129,1,117.0,90.7,India
300631,Kusal Perera,LHB,OUTSIDE_OFFSTUMP,FULL,216,129,4,54.0,167.44,Sri Lanka
326632,Joe Burns,RHB,ON_THE_STUMPS,GOOD_LENGTH,129,128,6,21.5,100.78,Italy
477021,Vijay Shankar,RHB,ON_THE_STUMPS,GOOD_LENGTH,182,128,2,91.0,142.19,India
388678,Ben Dunk,LHB,OUTSIDE_OFFSTUMP,SHORT_OF_A_GOOD_LENGTH,119,128,6,19.83,92.97,Australia
642525,Sarfaraz Khan,RHB,OUTSIDE_OFFSTUMP,GOOD_LENGTH,150,128,9,16.67,117.19,India
530011,Travis Head,LHB,OUTSIDE_OFFSTUMP,FULL,210,128,4,52.5,164.06,Australia
321777,David Miller,LHB,DOWN_LEG,GOOD_LENGTH,147,128,6,24.5,114.84,South Africa
505110,Kurtis Patterson,LHB,OUTSIDE_OFFSTUMP,GOOD_LENGTH,148,128,4,37.0,115.62,Australia
439952,Chris Morris,RHB,OUTSIDE_OFFSTUMP,GOOD_LENGTH,165,128,6,27.5,128.91,South Africa
33335,Suresh Raina,LHB,OUTSIDE_OFFSTUMP,SHORT_OF_A_GOOD_LENGTH,158,128,3,52.67,123.44,India
471342,Krunal Pandya,LHB,ON_THE_STUMPS,SHORT_OF_A_GOOD_LENGTH,145,128,8,18.12,113.28,India
28235,Shikhar Dhawan,LHB,OUTSIDE_OFFSTUMP,SHORT,222,127,5,44.4,174.8,India
342619,Bhanuka Rajapaksa,LHB,OUTSIDE_OFFSTUMP,SHORT_OF_A_GOOD_LENGTH,157,127,4,39.25,123.62,Sri Lanka
18632,Samit Patel,RHB,OUTSIDE_OFFSTUMP,SHORT_OF_A_GOOD_LENGTH,144,127,5,28.8,113.39,England
707113,Tom Bruce,RHB,ON_THE_STUMPS,GOOD_LENGTH,137,127,4,34.25,107.87,New Zealand
230371,Ben Cutting,RHB,OUTSIDE_OFFSTUMP,FULL,201,127,8,25.12,158.27,Australia
440517,Dane Cleaver,RHB,OUTSIDE_OFFSTUMP,GOOD_LENGTH,154,127,5,30.8,121.26,New Zealand
914541,Sherfane Rutherford,LHB,ON_THE_STUMPS,SHORT_OF_A_GOOD_LENGTH,193,127,8,24.12,151.97,West Indies
37737,Brendon McCullum,RHB,ON_THE_STUMPS,FULL,132,127,12,11.0,103.94,New Zealand
1070665,Dewald Brevis,RHB,OUTSIDE_OFFSTUMP,GOOD_LENGTH,147,127,7,21.0,115.75,South Africa
784367,Charith Asalanka,LHB,ON_THE_STUMPS,SHORT_OF_A_GOOD_LENGTH,151,127,2,75.5,118.9,Sri Lanka
423838,Rahul Tewatia,LHB,ON_THE_STUMPS,GOOD_LENGTH,110,127,6,18.33,86.61,India
355269,James Neesham,LHB,OUTSIDE_OFFSTUMP,FULL,220,126,9,24.44,174.6,New Zealand
325012,Marcus Stoinis,RHB,OUTSIDE_OFFSTUMP,SHORT,245,126,10,24.5,194.44,Australia
423838,Rahul Tewatia,LHB,OUTSIDE_OFFSTUMP,GOOD_LENGTH,145,126,6,24.17,115.08,India
279810,Wriddhiman Saha,RHB,ON_THE_STUMPS,FULL,198,126,5,39.6,157.14,India
6683,Shaun Marsh,LHB,ON_THE_STUMPS,FULL,188,126,8,23.5,149.21,Australia
299572,Sikandar Raza,RHB,OUTSIDE_OFFSTUMP,FULL,199,126,9,22.11,157.94,Zimbabwe
308967,Jos Buttler,RHB,WIDE_OUTSIDE_OFFSTUMP,GOOD_LENGTH,176,126,5,35.2,139.68,England
381329,Beau Webster,RHB,OUTSIDE_OFFSTUMP,SHORT_OF_A_GOOD_LENGTH,145,126,1,145.0,115.08,Australia
219885,Tom Cooper,RHB,ON_THE_STUMPS,GOOD_LENGTH,109,126,7,15.57,86.51,Netherlands
1161031,Saim Ayub,LHB,ON_THE_STUMPS,SHORT_OF_A_GOOD_LENGTH,173,125,7,24.71,138.4,Pakistan
44828,Faf du Plessis,RHB,OUTSIDE_OFFSTUMP,SHORT,292,125,7,41.71,233.6,South Africa
521637,Ben Duckett,LHB,OUTSIDE_OFFSTUMP,GOOD_LENGTH,158,125,6,26.33,126.4,England
51439,Dwayne Bravo,RHB,ON_THE_STUMPS,FULL,188,125,6,31.33,150.4,West Indies
253802,Virat Kohli,RHB,DOWN_LEG,GOOD_LENGTH,167,125,3,55.67,133.6,India
434813,Marcus Harris,LHB,OUTSIDE_OFFSTUMP,GOOD_LENGTH,116,125,9,12.89,92.8,Australia
317273,Umar Akmal,RHB,ON_THE_STUMPS,GOOD_LENGTH,128,125,8,16.0,102.4,Pakistan
525992,Adam Hose,RHB,ON_THE_STUMPS,GOOD_LENGTH,128,125,7,18.29,102.4,England
6683,Shaun Marsh,LHB,OUTSIDE_OFFSTUMP,FULL,175,125,6,29.17,140.0,Australia
322810,Cameron Delport,LHB,OUTSIDE_OFFSTUMP,GOOD_LENGTH,125,125,6,20.83,100.0,South Africa
342619,Bhanuka Rajapaksa,LHB,OUTSIDE_OFFSTUMP,FULL,247,124,11,22.45,199.19,Sri Lanka
303427,Paul Stirling,RHB,ON_THE_STUMPS,FULL,190,124,3,63.33,153.23,Ireland
1070168,Prithvi Shaw,RHB,ON_THE_STUMPS,SHORT_OF_A_GOOD_LENGTH,188,124,9,20.89,151.61,India
662235,Josh Inglis,RHB,ON_THE_STUMPS,SHORT_OF_A_GOOD_LENGTH,189,124,9,21.0,152.42,Australia
446763,Rahul Tripathi,RHB,ON_THE_STUMPS,FULL,231,124,8,28.88,186.29,India
851403,Venkatesh Iyer,LHB,OUTSIDE_OFFSTUMP,FULL,208,124,6,34.67,167.74,India
826901,Daniel Sams,RHB,OUTSIDE_OFFSTUMP,SHORT_OF_A_GOOD_LENGTH,158,124,8,19.75,127.42,Australia
524049,Najibullah Zadran,LHB,ON_THE_STUMPS,FULL,191,123,8,23.88,155.28,Afghanistan
233901,Shan Masood,LHB,OUTSIDE_OFFSTUMP,FULL,171,123,6,28.5,139.02,Pakistan
600498,Aiden Markram,RHB,ON_THE_STUMPS,SHORT_OF_A_GOOD_LENGTH,179,123,4,44.75,145.53,South Africa
19296,Kevin Pietersen,RHB,OUTSIDE_OFFSTUMP,GOOD_LENGTH,145,123,7,20.71,117.89,England
290716,Kedar Jadhav,RHB,ON_THE_STUMPS,GOOD_LENGTH,167,123,3,55.67,135.77,India
450101,Raymon Reifer,LHB,OUTSIDE_OFFSTUMP,GOOD_LENGTH,139,123,12,11.58,113.01,West Indies
1170265,Tilak Varma,LHB,OUTSIDE_OFFSTUMP,FULL,261,123,2,130.5,212.2,India
897549,Will Jacks,RHB,ON_THE_STUMPS,FULL,256,123,4,64.0,208.13,England
897549,Will Jacks,RHB,OUTSIDE_OFFSTUMP,FULL,233,123,7,33.29,189.43,England
381329,Beau Webster,RHB,OUTSIDE_OFFSTUMP,FULL,163,123,4,40.75,132.52,Australia
1070665,Dewald Brevis,RHB,ON_THE_STUMPS,GOOD_LENGTH,120,123,6,20.0,97.56,South Africa
505120,Ashton Agar,LHB,OUTSIDE_OFFSTUMP,GOOD_LENGTH,107,122,5,21.4,87.7,Australia
37737,Brendon McCullum,RHB,ON_THE_STUMPS,SHORT_OF_A_GOOD_LENGTH,158,122,6,26.33,129.51,New Zealand
716733,Khushdil Shah,LHB,ON_THE_STUMPS,GOOD_LENGTH,132,122,6,22.0,108.2,Pakistan
714451,Shivam Dube,LHB,OUTSIDE_OFFSTUMP,FULL,296,122,7,42.29,242.62,India
533870,Nick Larkin,RHB,OUTSIDE_OFFSTUMP,SHORT_OF_A_GOOD_LENGTH,167,122,1,167.0,136.89,Australia
1161024,Prabhsimran Singh,RHB,OUTSIDE_OFFSTUMP,SHORT_OF_A_GOOD_LENGTH,135,122,5,27.0,110.66,India
234675,Ravindra Jadeja,LHB,ON_THE_STUMPS,FULL,174,122,7,24.86,142.62,India
524049,Najibullah Zadran,LHB,ON_THE_STUMPS,SHORT_OF_A_GOOD_LENGTH,125,122,7,17.86,102.46,Afghanistan
532856,Manan Vohra,RHB,OUTSIDE_OFFSTUMP,GOOD_LENGTH,94,121,7,13.43,77.69,India
5334,Aaron Finch,RHB,OUTSIDE_OFFSTUMP,SHORT,239,121,7,34.14,197.52,Australia
571761,Daniel Hughes,LHB,ON_THE_STUMPS,SHORT_OF_A_GOOD_LENGTH,150,121,9,16.67,123.97,Australia
623977,Agha Salman,RHB,OUTSIDE_OFFSTUMP,GOOD_LENGTH,143,121,7,20.43,118.18,Pakistan
604302,Nicholas Pooran,LHB,WIDE_OUTSIDE_OFFSTUMP,FULL,211,121,14,15.07,174.38,West Indies
1170265,Tilak Varma,LHB,ON_THE_STUMPS,FULL,204,120,2,102.0,170.0,India
697059,Zakir Hasan,LHB,OUTSIDE_OFFSTUMP,GOOD_LENGTH,138,120,5,27.6,115.0,Bangladesh
826901,Daniel Sams,RHB,ON_THE_STUMPS,GOOD_LENGTH,128,120,16,8.0,106.67,Australia
333624,Alex Ross,RHB,OUTSIDE_OFFSTUMP,FULL,221,120,9,24.56,184.17,Australia
480603,Iftikhar Ahmed,RHB,ON_THE_STUMPS,SHORT_OF_A_GOOD_LENGTH,138,120,10,13.8,115.0,Pakistan
41028,Kamran Akmal,RHB,OUTSIDE_OFFSTUMP,SHORT_OF_A_GOOD_LENGTH,157,120,3,52.33,130.83,Pakistan
256956,Laurie Evans,RHB,ON_THE_STUMPS,FULL,212,120,3,70.67,176.67,England
348148,Mohammad Nawaz,LHB,OUTSIDE_OFFSTUMP,FULL,180,120,5,36.0,150.0,Pakistan
629063,Mehidy Hasan Miraz,RHB,ON_THE_STUMPS,GOOD_LENGTH,138,120,6,23.0,115.0,Bangladesh
219889,David Warner,LHB,ON_THE_STUMPS,SHORT,244,120,9,27.11,203.33,Australia
33335,Suresh Raina,LHB,DOWN_LEG,GOOD_LENGTH,174,120,2,87.0,145.0,India
437669,Jordan Silk,RHB,OUTSIDE_OFFSTUMP,FULL,196,119,5,39.2,164.71,Australia
308251,David Willey,LHB,ON_THE_STUMPS,GOOD_LENGTH,121,119,10,12.1,101.68,England
24605,Kevin O'Brien,RHB,OUTSIDE_OFFSTUMP,GOOD_LENGTH,127,119,5,25.4,106.72,Ireland
1070183,Abhishek Sharma,LHB,OUTSIDE_OFFSTUMP,FULL,232,119,12,19.33,194.96,India
25490,Richie Berrington,RHB,OUTSIDE_OFFSTUMP,GOOD_LENGTH,149,119,6,24.83,125.21,Scotland
928057,Lorcan Tucker,RHB,ON_THE_STUMPS,GOOD_LENGTH,156,119,10,15.6,131.09,Ireland
362201,Lewis Gregory,RHB,OUTSIDE_OFFSTUMP,SHORT_OF_A_GOOD_LENGTH,134,119,6,22.33,112.61,England
1079434,Riyan Parag,RHB,OUTSIDE_OFFSTUMP,FULL,211,119,10,21.1,177.31,India
52983,Marlon Samuels,RHB,ON_THE_STUMPS,FULL,158,119,3,52.67,132.77,West Indies
595267,Matthew Breetzke,RHB,OUTSIDE_OFFSTUMP,GOOD_LENGTH,153,119,2,76.5,128.57,South Africa
279810,Wriddhiman Saha,RHB,ON_THE_STUMPS,SHORT_OF_A_GOOD_LENGTH,127,119,10,12.7,106.72,India
1151288,Sai Sudharsan,LHB,ON_THE_STUMPS,GOOD_LENGTH,141,118,2,70.5,119.49,India
270484,James Faulkner,RHB,OUTSIDE_OFFSTUMP,GOOD_LENGTH,110,118,8,13.75,93.22,Australia
219889,David Warner,LHB,DOWN_LEG,FULL,141,118,3,47.0,119.49,Australia
457249,Carlos Brathwaite,RHB,OUTSIDE_OFFSTUMP,SHORT_OF_A_GOOD_LENGTH,145,118,17,8.53,122.88,West Indies
219885,Tom Cooper,RHB,OUTSIDE_OFFSTUMP,SHORT_OF_A_GOOD_LENGTH,118,118,6,19.67,100.0,Netherlands
457249,Carlos Brathwaite,RHB,OUTSIDE_OFFSTUMP,FULL,214,118,4,53.5,181.36,West Indies
662235,Josh Inglis,RHB,ON_THE_STUMPS,FULL,183,118,4,45.75,155.08,Australia
372116,Temba Bavuma,RHB,ON_THE_STUMPS,GOOD_LENGTH,124,118,6,20.67,105.08,South Africa
372116,Temba Bavuma,RHB,OUTSIDE_OFFSTUMP,SHORT_OF_A_GOOD_LENGTH,111,118,4,27.75,94.07,South Africa
35582,Robin Uthappa,RHB,ON_THE_STUMPS,FULL,213,118,10,21.3,180.51,India
28235,Shikhar Dhawan,LHB,ON_THE_STUMPS,SHORT,201,118,7,28.71,170.34,India
277472,Darren Bravo,LHB,OUTSIDE_OFFSTUMP,SHORT_OF_A_GOOD_LENGTH,118,117,2,59.0,100.85,West Indies
230558,Sunil Narine,LHB,ON_THE_STUMPS,FULL,207,117,14,14.79,176.92,West Indies
1079434,Riyan Parag,RHB,ON_THE_STUMPS,GOOD_LENGTH,117,117,3,39.0,100.0,India
33335,Suresh Raina,LHB,ON_THE_STUMPS,FULL,143,117,7,20.43,122.22,India
388802,Tom Latham,LHB,OUTSIDE_OFFSTUMP,GOOD_LENGTH,111,117,6,18.5,94.87,New Zealand
230559,Kieron Pollard,RHB,WIDE_OUTSIDE_OFFSTUMP,FULL,239,117,11,21.73,204.27,West Indies
326632,Joe Burns,RHB,OUTSIDE_OFFSTUMP,GOOD_LENGTH,122,117,5,24.4,104.27,Italy
625964,Tim Seifert,RHB,ON_THE_STUMPS,SHORT_OF_A_GOOD_LENGTH,170,117,7,24.29,145.3,New Zealand
711559,Usman Ghani,RHB,ON_THE_STUMPS,GOOD_LENGTH,109,116,5,21.8,93.97,Afghanistan
550133,Mosaddek Hossain,RHB,ON_THE_STUMPS,GOOD_LENGTH,132,116,4,33.0,113.79,Bangladesh
381743,Daryl Mitchell,RHB,ON_THE_STUMPS,FULL,199,116,9,22.11,171.55,New Zealand
784369,Avishka Fernando,RHB,OUTSIDE_OFFSTUMP,FULL,177,116,5,35.4,152.59,Sri Lanka
12454,Joe Denly,RHB,OUTSIDE_OFFSTUMP,SHORT_OF_A_GOOD_LENGTH,157,116,3,52.33,135.34,England
629059,Yasir Ali,RHB,OUTSIDE_OFFSTUMP,GOOD_LENGTH,115,116,5,23.0,99.14,Bangladesh
784373,Kamindu Mendis,LHB,ON_THE_STUMPS,GOOD_LENGTH,130,116,12,10.83,112.07,Sri Lanka
1079434,Riyan Parag,RHB,OUTSIDE_OFFSTUMP,SHORT_OF_A_GOOD_LENGTH,156,116,6,26.0,134.48,India
276298,Andre Russell,RHB,WIDE_OUTSIDE_OFFSTUMP,FULL,321,116,8,40.12,276.72,West Indies
1205559,Mohammad Haris,RHB,OUTSIDE_OFFSTUMP,GOOD_LENGTH,165,116,8,20.62,142.24,Pakistan
784373,Kamindu Mendis,LHB,OUTSIDE_OFFSTUMP,GOOD_LENGTH,120,116,3,40.0,103.45,Sri Lanka
603410,Ben McDermott,RHB,ON_THE_STUMPS,SHORT_OF_A_GOOD_LENGTH,195,116,5,39.0,168.1,Australia
355269,James Neesham,LHB,OUTSIDE_OFFSTUMP,SHORT_OF_A_GOOD_LENGTH,149,116,2,74.5,128.45,New Zealand
722303,Matt Renshaw,LHB,OUTSIDE_OFFSTUMP,FULL,180,116,4,45.0,155.17,Australia
50747,Upul Tharanga,LHB,OUTSIDE_OFFSTUMP,GOOD_LENGTH,121,115,4,30.25,105.22,Sri Lanka
49764,Angelo Mathews,RHB,OUTSIDE_OFFSTUMP,FULL,148,115,4,37.0,128.7,Sri Lanka
554691,Axar Patel,LHB,ON_THE_STUMPS,SHORT_OF_A_GOOD_LENGTH,144,115,5,28.8,125.22,India
662973,Sam Curran,LHB,OUTSIDE_OFFSTUMP,FULL,164,115,8,20.5,142.61,England
526021,Cole McConchie,RHB,OUTSIDE_OFFSTUMP,GOOD_LENGTH,125,115,7,17.86,108.7,New Zealand
230559,Kieron Pollard,RHB,ON_THE_STUMPS,FULL_TOSS,242,115,9,26.89,210.43,West Indies
293831,Regis Chakabva,RHB,OUTSIDE_OFFSTUMP,GOOD_LENGTH,119,115,11,10.82,103.48,Zimbabwe
300631,Kusal Perera,LHB,ON_THE_STUMPS,FULL,165,114,7,23.57,144.74,Sri Lanka
4864,Dan Christian,RHB,OUTSIDE_OFFSTUMP,FULL,180,114,6,30.0,157.89,Australia
215155,Usman Khawaja,LHB,OUTSIDE_OFFSTUMP,SHORT_OF_A_GOOD_LENGTH,128,114,6,21.33,112.28,Australia
671805,George Munsey,LHB,ON_THE_STUMPS,GOOD_LENGTH,174,114,5,34.8,152.63,Scotland
398439,Karun Nair,RHB,OUTSIDE_OFFSTUMP,SHORT_OF_A_GOOD_LENGTH,133,114,5,26.6,116.67,India
233680,Jonathan Wells,RHB,ON_THE_STUMPS,FULL,159,114,1,159.0,139.47,Australia
221140,David Wiese,RHB,OUTSIDE_OFFSTUMP,FULL,212,114,7,30.29,185.96,Namibia
226492,Martin Guptill,RHB,OUTSIDE_OFFSTUMP,SHORT,229,114,5,45.8,200.88,New Zealand
227760,Sarfaraz Ahmed,RHB,ON_THE_STUMPS,FULL,153,114,9,17.0,134.21,Pakistan
851403,Venkatesh Iyer,LHB,ON_THE_STUMPS,FULL,213,114,4,53.25,186.84,India
277472,Darren Bravo,LHB,ON_THE_STUMPS,SHORT_OF_A_GOOD_LENGTH,109,114,11,9.91,95.61,West Indies
537319,Kennar Lewis,RHB,OUTSIDE_OFFSTUMP,GOOD_LENGTH,92,114,10,9.2,80.7,West Indies
32498,Yusuf Pathan,RHB,ON_THE_STUMPS,GOOD_LENGTH,101,114,4,25.25,88.6,India
1161381,Mahmudul Hasan Joy,RHB,OUTSIDE_OFFSTUMP,GOOD_LENGTH,92,114,7,13.14,80.7,Bangladesh
471342,Krunal Pandya,LHB,OUTSIDE_OFFSTUMP,SHORT_OF_A_GOOD_LENGTH,123,113,9,13.67,108.85,India
714451,Shivam Dube,LHB,ON_THE_STUMPS,FULL,225,113,8,28.12,199.12,India
288992,Chris Jordan,RHB,ON_THE_STUMPS,GOOD_LENGTH,120,113,11,10.91,106.19,England
500268,Ashton Turner,RHB,ON_THE_STUMPS,FULL,189,113,7,27.0,167.26,Australia
44936,AB de Villiers,RHB,ON_THE_STUMPS,SHORT_OF_A_GOOD_LENGTH,191,113,3,63.67,169.03,South Africa
505120,Ashton Agar,LHB,ON_THE_STUMPS,GOOD_LENGTH,111,113,5,22.2,98.23,Australia
722303,Matt Renshaw,LHB,ON_THE_STUMPS,SHORT_OF_A_GOOD_LENGTH,135,113,6,22.5,119.47,Australia
1161031,Saim Ayub,LHB,OUTSIDE_OFFSTUMP,SHORT_OF_A_GOOD_LENGTH,170,113,5,34.0,150.44,Pakistan
373538,Sabbir Rahman,RHB,OUTSIDE_OFFSTUMP,SHORT_OF_A_GOOD_LENGTH,123,113,8,15.38,108.85,Bangladesh
52917,Denesh Ramdin,RHB,ON_THE_STUMPS,FULL,145,113,5,29.0,128.32,West Indies
352048,Gulbadin Naib,RHB,OUTSIDE_OFFSTUMP,GOOD_LENGTH,104,113,7,14.86,92.04,Afghanistan
494581,Rahkeem Cornwall,RHB,OUTSIDE_OFFSTUMP,SHORT_OF_A_GOOD_LENGTH,150,112,8,18.75,133.93,West Indies
505110,Kurtis Patterson,LHB,ON_THE_STUMPS,GOOD_LENGTH,107,112,5,21.4,95.54,Australia
1151278,Yashasvi Jaiswal,LHB,ON_THE_STUMPS,FULL,159,112,2,79.5,141.96,India
824541,Jaker Ali,RHB,OUTSIDE_OFFSTUMP,GOOD_LENGTH,132,112,7,18.86,117.86,Bangladesh
311158,Ben Stokes,LHB,ON_THE_STUMPS,SHORT_OF_A_GOOD_LENGTH,127,112,9,14.11,113.39,England
446507,Suryakumar Yadav,RHB,OUTSIDE_OFFSTUMP,SHORT,227,112,9,25.22,202.68,India
604302,Nicholas Pooran,LHB,DOWN_LEG,GOOD_LENGTH,156,112,1,156.0,139.29,West Indies
892749,Tim David,RHB,OUTSIDE_OFFSTUMP,SHORT,195,112,9,21.67,174.11,Australia
280734,Imrul Kayes,LHB,OUTSIDE_OFFSTUMP,SHORT_OF_A_GOOD_LENGTH,142,112,4,35.5,126.79,Bangladesh
1255248,Jordan Hermann,LHB,OUTSIDE_OFFSTUMP,GOOD_LENGTH,152,112,4,38.0,135.71,South Africa
784369,Avishka Fernando,RHB,ON_THE_STUMPS,FULL,124,112,9,13.78,110.71,Sri Lanka
571761,Daniel Hughes,LHB,ON_THE_STUMPS,FULL,138,111,5,27.6,124.32,Australia
7502,Luke Ronchi,RHB,ON_THE_STUMPS,GOOD_LENGTH,140,111,5,28.0,126.13,New Zealand
959827,Jason Sangha,RHB,OUTSIDE_OFFSTUMP,GOOD_LENGTH,114,111,4,28.5,102.7,Australia
249866,Alex Hales,RHB,OUTSIDE_OFFSTUMP,SHORT,296,111,4,74.0,266.67,England
1161031,Saim Ayub,LHB,OUTSIDE_OFFSTUMP,FULL,219,111,4,54.75,197.3,Pakistan
379143,Quinton de Kock,LHB,DOWN_LEG,SHORT_OF_A_GOOD_LENGTH,167,111,2,83.5,150.45,South Africa
56029,Mushfiqur Rahim,RHB,ON_THE_STUMPS,SHORT_OF_A_GOOD_LENGTH,123,111,5,24.6,110.81,Bangladesh
8180,Shane Watson,RHB,OUTSIDE_OFFSTUMP,SHORT,228,111,9,25.33,205.41,Australia
388678,Ben Dunk,LHB,OUTSIDE_OFFSTUMP,FULL,167,111,8,20.88,150.45,Australia
681117,Faheem Ashraf,LHB,ON_THE_STUMPS,GOOD_LENGTH,112,111,5,22.4,100.9,Pakistan
230559,Kieron Pollard,RHB,OUTSIDE_OFFSTUMP,FULL_TOSS,275,110,4,68.75,250.0,West Indies
931581,Rishabh Pant,LHB,DOWN_LEG,GOOD_LENGTH,132,110,3,44.0,120.0,India
1076713,Cameron Green,RHB,OUTSIDE_OFFSTUMP,SHORT_OF_A_GOOD_LENGTH,144,110,3,48.0,130.91,Australia
1028655,Pathum Nissanka,RHB,ON_THE_STUMPS,SHORT_OF_A_GOOD_LENGTH,144,110,2,72.0,130.91,Sri Lanka
793463,Rashid Khan,RHB,OUTSIDE_OFFSTUMP,FULL,189,110,11,17.18,171.82,Afghanistan
662235,Josh Inglis,RHB,OUTSIDE_OFFSTUMP,FULL,198,110,8,24.75,180.0,Australia
270484,James Faulkner,RHB,ON_THE_STUMPS,GOOD_LENGTH,105,110,5,21.0,95.45,Australia
595921,Curtis Campher,RHB,ON_THE_STUMPS,GOOD_LENGTH,99,110,8,12.38,90.0,Ireland
595921,Curtis Campher,RHB,OUTSIDE_OFFSTUMP,GOOD_LENGTH,116,110,4,29.0,105.45,Ireland
1112537,Jordan Cox,RHB,OUTSIDE_OFFSTUMP,SHORT_OF_A_GOOD_LENGTH,146,110,3,48.67,132.73,England
419873,Mohammad Shahzad,RHB,ON_THE_STUMPS,GOOD_LENGTH,128,110,4,32.0,116.36,Afghanistan
45705,Colin Ingram,LHB,ON_THE_STUMPS,FULL,141,110,6,23.5,128.18,South Africa
259410,Ahmed Shehzad,RHB,OUTSIDE_OFFSTUMP,SHORT_OF_A_GOOD_LENGTH,115,110,11,10.45,104.55,Pakistan
550133,Mosaddek Hossain,RHB,OUTSIDE_OFFSTUMP,SHORT_OF_A_GOOD_LENGTH,115,109,7,16.43,105.5,Bangladesh
299572,Sikandar Raza,RHB,ON_THE_STUMPS,FULL,142,109,2,71.0,130.28,Zimbabwe
1076713,Cameron Green,RHB,OUTSIDE_OFFSTUMP,GOOD_LENGTH,139,109,7,19.86,127.52,Australia
436757,Heinrich Klaasen,RHB,ON_THE_STUMPS,SHORT_OF_A_GOOD_LENGTH,155,109,8,19.38,142.2,South Africa
462727,Tom Abell,RHB,OUTSIDE_OFFSTUMP,GOOD_LENGTH,119,109,4,29.75,109.17,England
1205559,Mohammad Haris,RHB,ON_THE_STUMPS,GOOD_LENGTH,126,109,11,11.45,115.6,Pakistan
1028655,Pathum Nissanka,RHB,OUTSIDE_OFFSTUMP,FULL,163,109,3,54.33,149.54,Sri Lanka
51862,Andre Fletcher,RHB,OUTSIDE_OFFSTUMP,SHORT,207,109,6,34.5,189.91,West Indies
539304,Babar Hayat,RHB,ON_THE_STUMPS,GOOD_LENGTH,111,109,4,27.75,101.83,Hong Kong
230549,Jason Mohammed,RHB,ON_THE_STUMPS,GOOD_LENGTH,86,109,4,21.5,78.9,West Indies
1124282,Josh Philippe,RHB,ON_THE_STUMPS,SHORT_OF_A_GOOD_LENGTH,116,109,11,10.55,106.42,Australia
300617,Rony Talukdar,RHB,OUTSIDE_OFFSTUMP,SHORT_OF_A_GOOD_LENGTH,138,109,10,13.8,126.61,Bangladesh
320652,Asghar Afghan,RHB,ON_THE_STUMPS,GOOD_LENGTH,108,108,4,27.0,100.0,Afghanistan
793457,Hazratullah Zazai,LHB,OUTSIDE_OFFSTUMP,SHORT_OF_A_GOOD_LENGTH,142,108,5,28.4,131.48,Afghanistan
501011,Cameron Bancroft,RHB,OUTSIDE_OFFSTUMP,FULL,146,108,3,48.67,135.19,Australia
51439,Dwayne Bravo,RHB,ON_THE_STUMPS,SHORT_OF_A_GOOD_LENGTH,128,108,10,12.8,118.52,West Indies
698189,Wiaan Mulder,RHB,OUTSIDE_OFFSTUMP,GOOD_LENGTH,129,108,4,32.25,119.44,South Africa
665053,Zak Crawley,RHB,ON_THE_STUMPS,GOOD_LENGTH,123,108,1,123.0,113.89,England
277906,Kane Williamson,RHB,OUTSIDE_OFFSTUMP,SHORT,206,108,9,22.89,190.74,New Zealand
530011,Travis Head,LHB,OUTSIDE_OFFSTUMP,SHORT_OF_A_GOOD_LENGTH,155,108,4,38.75,143.52,Australia
595978,Tristan Stubbs,RHB,ON_THE_STUMPS,GOOD_LENGTH,130,108,8,16.25,120.37,South Africa
44932,Jean-Paul Duminy,LHB,ON_THE_STUMPS,SHORT_OF_A_GOOD_LENGTH,136,108,6,22.67,125.93,South Africa
1170265,Tilak Varma,LHB,OUTSIDE_OFFSTUMP,SHORT_OF_A_GOOD_LENGTH,138,108,4,34.5,127.78,India
380354,Anamul Haque,RHB,OUTSIDE_OFFSTUMP,SHORT_OF_A_GOOD_LENGTH,133,108,7,19.0,123.15,Bangladesh
1076382,Mackenzie Harvey,LHB,OUTSIDE_OFFSTUMP,GOOD_LENGTH,120,107,10,12.0,112.15,Australia
502714,Mitchell Santner,LHB,ON_THE_STUMPS,GOOD_LENGTH,96,107,9,10.67,89.72,New Zealand
990081,Mohammad Naim,LHB,ON_THE_STUMPS,FULL,123,107,8,15.38,114.95,Bangladesh
629063,Mehidy Hasan Miraz,RHB,OUTSIDE_OFFSTUMP,FULL,128,107,5,25.6,119.63,Bangladesh
922941,Abdullah Shafique,RHB,ON_THE_STUMPS,GOOD_LENGTH,129,107,7,18.43,120.56,Pakistan
4864,Dan Christian,RHB,ON_THE_STUMPS,FULL,140,107,12,11.67,130.84,Australia
501011,Cameron Bancroft,RHB,ON_THE_STUMPS,FULL,127,107,5,25.4,118.69,Australia
823703,Rajat Patidar,RHB,ON_THE_STUMPS,GOOD_LENGTH,126,107,5,25.2,117.76,India
477021,Vijay Shankar,RHB,OUTSIDE_OFFSTUMP,FULL,152,107,10,15.2,142.06,India
26421,Ravichandran Ashwin,RHB,OUTSIDE_OFFSTUMP,SHORT_OF_A_GOOD_LENGTH,125,107,8,15.62,116.82,India
398438,Mayank Agarwal,RHB,ON_THE_STUMPS,FULL,200,106,8,25.0,188.68,India
43266,Sohaib Maqsood,RHB,ON_THE_STUMPS,GOOD_LENGTH,97,106,7,13.86,91.51,Pakistan
342619,Bhanuka Rajapaksa,LHB,ON_THE_STUMPS,FULL,173,106,8,21.62,163.21,Sri Lanka
1294141,Aryansh Sharma,RHB,OUTSIDE_OFFSTUMP,GOOD_LENGTH,101,106,3,33.67,95.28,United Arab Emirates
781285,Jake Weatherald,LHB,ON_THE_STUMPS,FULL,162,106,6,27.0,152.83,Australia
1036191,Bas de Leede,RHB,OUTSIDE_OFFSTUMP,GOOD_LENGTH,82,106,2,41.0,77.36,Netherlands
410765,Nurul Hasan,RHB,OUTSIDE_OFFSTUMP,SHORT_OF_A_GOOD_LENGTH,151,106,6,25.17,142.45,Bangladesh
290716,Kedar Jadhav,RHB,OUTSIDE_OFFSTUMP,SHORT_OF_A_GOOD_LENGTH,116,106,4,29.0,109.43,India
784367,Charith Asalanka,LHB,OUTSIDE_OFFSTUMP,FULL,185,106,4,46.25,174.53,Sri Lanka
462727,Tom Abell,RHB,ON_THE_STUMPS,GOOD_LENGTH,139,106,2,69.5,131.13,England
1178586,Vriitya Aravind,RHB,OUTSIDE_OFFSTUMP,GOOD_LENGTH,95,106,6,15.83,89.62,United Arab Emirates
471342,Krunal Pandya,LHB,ON_THE_STUMPS,FULL,152,106,4,38.0,143.4,India
571911,Joe Clarke,RHB,ON_THE_STUMPS,SHORT_OF_A_GOOD_LENGTH,108,105,2,54.0,102.86,England
555850,Sam Hain,RHB,ON_THE_STUMPS,GOOD_LENGTH,101,105,4,25.25,96.19,England
4864,Dan Christian,RHB,OUTSIDE_OFFSTUMP,SHORT_OF_A_GOOD_LENGTH,133,105,8,16.62,126.67,Australia
677077,Romario Shepherd,RHB,OUTSIDE_OFFSTUMP,GOOD_LENGTH,109,105,9,12.11,103.81,West Indies
322810,Cameron Delport,LHB,ON_THE_STUMPS,GOOD_LENGTH,122,105,12,10.17,116.19,South Africa
605661,Ryan Rickelton,LHB,OUTSIDE_OFFSTUMP,GOOD_LENGTH,164,105,4,41.0,156.19,South Africa
605575,Matthew Short,RHB,ON_THE_STUMPS,SHORT_OF_A_GOOD_LENGTH,178,105,4,44.5,169.52,Australia
643197,Max O'Dowd,RHB,ON_THE_STUMPS,GOOD_LENGTH,72,105,7,10.29,68.57,Netherlands
253802,Virat Kohli,RHB,WIDE_OUTSIDE_OFFSTUMP,FULL,202,105,5,40.4,192.38,India
362201,Lewis Gregory,RHB,ON_THE_STUMPS,GOOD_LENGTH,146,105,4,36.5,139.05,England
315232,Asif Khan,RHB,OUTSIDE_OFFSTUMP,GOOD_LENGTH,126,105,4,31.5,120.0,United Arab Emirates
300628,Dinesh Chandimal,RHB,OUTSIDE_OFFSTUMP,FULL,129,105,3,43.0,122.86,Sri Lanka
10582,Ravi Bopara,RHB,OUTSIDE_OFFSTUMP,SHORT_OF_A_GOOD_LENGTH,137,105,7,19.57,130.48,England
677081,Keemo Paul,RHB,OUTSIDE_OFFSTUMP,SHORT_OF_A_GOOD_LENGTH,116,105,13,8.92,110.48,West Indies
34102,Rohit Sharma,RHB,WIDE_OUTSIDE_OFFSTUMP,FULL,188,104,7,26.86,180.77,India
34102,Rohit Sharma,RHB,WIDE_OUTSIDE_OFFSTUMP,GOOD_LENGTH,157,104,10,15.7,150.96,India
53116,Lendl Simmons,RHB,OUTSIDE_OFFSTUMP,SHORT,234,104,5,46.8,225.0,West Indies
1124283,Aaron Hardie,RHB,OUTSIDE_OFFSTUMP,SHORT_OF_A_GOOD_LENGTH,151,104,3,50.33,145.19,Australia
55395,Colin de Grandhomme,RHB,OUTSIDE_OFFSTUMP,SHORT_OF_A_GOOD_LENGTH,143,104,7,20.43,137.5,New Zealand
215155,Usman Khawaja,LHB,OUTSIDE_OFFSTUMP,FULL,161,104,5,32.2,154.81,Australia
1028655,Pathum Nissanka,RHB,ON_THE_STUMPS,FULL,164,104,5,32.8,157.69,Sri Lanka
1079434,Riyan Parag,RHB,ON_THE_STUMPS,FULL,182,104,3,60.67,175.0,India
571911,Joe Clarke,RHB,ON_THE_STUMPS,FULL,174,104,7,24.86,167.31,England
1088610,Jack Edwards,RHB,OUTSIDE_OFFSTUMP,GOOD_LENGTH,97,104,14,6.93,93.27,Australia
848623,Mark Deyal,LHB,OUTSIDE_OFFSTUMP,GOOD_LENGTH,87,104,8,10.88,83.65,West Indies
333624,Alex Ross,RHB,ON_THE_STUMPS,FULL,161,104,5,32.2,154.81,Australia
431901,Evin Lewis,LHB,DOWN_LEG,GOOD_LENGTH,115,104,4,28.75,110.58,West Indies
826679,Sam Heazlett,LHB,OUTSIDE_OFFSTUMP,GOOD_LENGTH,85,103,10,8.5,82.52,Australia
922941,Abdullah Shafique,RHB,OUTSIDE_OFFSTUMP,GOOD_LENGTH,105,103,7,15.0,101.94,Pakistan
30045,Dinesh Karthik,RHB,ON_THE_STUMPS,SHORT_OF_A_GOOD_LENGTH,169,103,6,28.17,164.08,India
438563,Mark Chapman,LHB,ON_THE_STUMPS,SHORT_OF_A_GOOD_LENGTH,133,103,4,33.25,129.13,New Zealand
670025,Shimron Hetmyer,LHB,DOWN_LEG,SHORT_OF_A_GOOD_LENGTH,108,103,7,15.43,104.85,West Indies
30045,Dinesh Karthik,RHB,OUTSIDE_OFFSTUMP,SHORT,206,103,5,41.2,200.0,India
820351,Rovman Powell,RHB,OUTSIDE_OFFSTUMP,SHORT,232,103,9,25.78,225.24,West Indies
670013,Fabian Allen,RHB,OUTSIDE_OFFSTUMP,SHORT_OF_A_GOOD_LENGTH,115,103,11,10.45,111.65,West Indies
1161044,Shamim Hossain,LHB,ON_THE_STUMPS,GOOD_LENGTH,127,103,7,18.14,123.3,Bangladesh
290630,Manish Pandey,RHB,OUTSIDE_OFFSTUMP,SHORT,179,103,3,59.67,173.79,India
381329,Beau Webster,RHB,ON_THE_STUMPS,FULL,124,102,5,24.8,121.57,Australia
318339,Samiullah Shinwari,RHB,OUTSIDE_OFFSTUMP,GOOD_LENGTH,124,102,4,31.0,121.57,Afghanistan
55814,Brendan Taylor,RHB,OUTSIDE_OFFSTUMP,GOOD_LENGTH,87,102,5,17.4,85.29,Zimbabwe
784379,Wanindu Hasaranga de Silva,RHB,OUTSIDE_OFFSTUMP,SHORT_OF_A_GOOD_LENGTH,153,102,3,51.0,150.0,Sri Lanka
1099379,Gareth Delany,RHB,OUTSIDE_OFFSTUMP,GOOD_LENGTH,117,102,11,10.64,114.71,Ireland
793457,Hazratullah Zazai,LHB,ON_THE_STUMPS,SHORT_OF_A_GOOD_LENGTH,117,102,6,19.5,114.71,Afghanistan
334337,Peter Handscomb,RHB,OUTSIDE_OFFSTUMP,SHORT_OF_A_GOOD_LENGTH,123,102,5,24.6,120.59,Australia
851403,Venkatesh Iyer,LHB,ON_THE_STUMPS,SHORT_OF_A_GOOD_LENGTH,130,102,3,43.33,127.45,India
348034,George Dockrell,RHB,OUTSIDE_OFFSTUMP,GOOD_LENGTH,107,102,5,21.4,104.9,Ireland
19296,Kevin Pietersen,RHB,ON_THE_STUMPS,GOOD_LENGTH,137,102,7,19.57,134.31,England
716733,Khushdil Shah,LHB,OUTSIDE_OFFSTUMP,FULL,152,102,5,30.4,149.02,Pakistan
388802,Tom Latham,LHB,ON_THE_STUMPS,GOOD_LENGTH,96,102,3,32.0,94.12,New Zealand
355269,James Neesham,LHB,ON_THE_STUMPS,FULL,208,102,9,23.11,203.92,New Zealand
557295,Hilton Cartwright,RHB,OUTSIDE_OFFSTUMP,FULL,148,102,1,148.0,145.1,Australia
5961,Moises Henriques,RHB,ON_THE_STUMPS,SHORT_OF_A_GOOD_LENGTH,162,102,5,32.4,158.82,Australia
643197,Max O'Dowd,RHB,OUTSIDE_OFFSTUMP,SHORT_OF_A_GOOD_LENGTH,88,102,3,29.33,86.27,Netherlands
793467,Karim Janat,RHB,ON_THE_STUMPS,GOOD_LENGTH,99,102,5,19.8,97.06,Afghanistan
323389,Mohammad Rizwan,RHB,WIDE_OUTSIDE_OFFSTUMP,GOOD_LENGTH,119,101,4,29.75,117.82,Pakistan
470633,Tom Kohler-Cadmore,RHB,OUTSIDE_OFFSTUMP,SHORT_OF_A_GOOD_LENGTH,112,101,9,12.44,110.89,England
227760,Sarfaraz Ahmed,RHB,OUTSIDE_OFFSTUMP,FULL,125,101,3,41.67,123.76,Pakistan
495964,Ryan Burl,LHB,OUTSIDE_OFFSTUMP,FULL,148,101,7,21.14,146.53,Zimbabwe
8291,Cameron White,RHB,ON_THE_STUMPS,GOOD_LENGTH,80,101,2,40.0,79.21,Australia
665053,Zak Crawley,RHB,OUTSIDE_OFFSTUMP,GOOD_LENGTH,91,101,11,8.27,90.1,England
647785,Sahibzada Farhan,RHB,OUTSIDE_OFFSTUMP,GOOD_LENGTH,97,101,1,97.0,96.04,Pakistan
308798,D'Arcy Short,LHB,DOWN_LEG,SHORT_OF_A_GOOD_LENGTH,144,101,4,36.0,142.57,Australia
380354,Anamul Haque,RHB,ON_THE_STUMPS,FULL,122,101,6,20.33,120.79,Bangladesh
422965,Shehan Jayasuriya,LHB,OUTSIDE_OFFSTUMP,GOOD_LENGTH,92,101,5,18.4,91.09,United States of America
596099,Dean Foxcroft,RHB,OUTSIDE_OFFSTUMP,GOOD_LENGTH,105,101,6,17.5,103.96,New Zealand
44936,AB de Villiers,RHB,OUTSIDE_OFFSTUMP,SHORT,212,101,6,35.33,209.9,South Africa
554691,Axar Patel,LHB,OUTSIDE_OFFSTUMP,SHORT_OF_A_GOOD_LENGTH,99,101,7,14.14,98.02,India
311158,Ben Stokes,LHB,OUTSIDE_OFFSTUMP,FULL,153,101,5,30.6,151.49,England
219885,Tom Cooper,RHB,OUTSIDE_OFFSTUMP,FULL,126,101,7,18.0,124.75,Netherlands
48472,Tillakaratne Dilshan,RHB,OUTSIDE_OFFSTUMP,GOOD_LENGTH,117,101,7,16.71,115.84,Sri Lanka
270135,Ariful Haque,RHB,OUTSIDE_OFFSTUMP,GOOD_LENGTH,100,100,10,10.0,100.0,Bangladesh
379143,Quinton de Kock,LHB,ON_THE_STUMPS,SHORT,211,100,11,19.18,211.0,South Africa
1151288,Sai Sudharsan,LHB,OUTSIDE_OFFSTUMP,SHORT_OF_A_GOOD_LENGTH,139,100,1,139.0,139.0,India
494230,Asif Ali,RHB,ON_THE_STUMPS,FULL,184,100,7,26.29,184.0,Pakistan
554691,Axar Patel,LHB,ON_THE_STUMPS,FULL,149,100,8,18.62,149.0,India
233514,Thisara Perera,LHB,ON_THE_STUMPS,FULL,200,100,7,28.57,200.0,Sri Lanka
267192,Steven Smith,RHB,WIDE_OUTSIDE_OFFSTUMP,GOOD_LENGTH,131,100,4,32.75,131.0,Australia
267192,Steven Smith,RHB,OUTSIDE_OFFSTUMP,SHORT,203,100,5,40.6,203.0,Australia
457249,Carlos Brathwaite,RHB,ON_THE_STUMPS,FULL,169,100,9,18.78,169.0,West Indies
25913,Mohammad Nabi,RHB,ON_THE_STUMPS,SHORT_OF_A_GOOD_LENGTH,124,100,6,20.67,124.0,Afghanistan
595978,Tristan Stubbs,RHB,OUTSIDE_OFFSTUMP,SHORT_OF_A_GOOD_LENGTH,141,100,2,70.5,141.0,South Africa
446763,Rahul Tripathi,RHB,ON_THE_STUMPS,SHORT_OF_A_GOOD_LENGTH,121,100,5,24.2,121.0,India
833087,Mahedi Hasan,RHB,OUTSIDE_OFFSTUMP,FULL,103,99,7,14.71,104.04,Bangladesh
512191,Fakhar Zaman,LHB,DOWN_LEG,GOOD_LENGTH,94,99,4,23.5,94.95,Pakistan
24605,Kevin O'Brien,RHB,ON_THE_STUMPS,GOOD_LENGTH,99,99,5,19.8,100.0,Ireland
662973,Sam Curran,LHB,ON_THE_STUMPS,FULL,115,99,5,23.0,116.16,England
1076713,Cameron Green,RHB,ON_THE_STUMPS,GOOD_LENGTH,125,99,5,25.0,126.26,Australia
1255248,Jordan Hermann,LHB,ON_THE_STUMPS,GOOD_LENGTH,75,99,5,15.0,75.76,South Africa
961407,Harry Tector,RHB,OUTSIDE_OFFSTUMP,FULL,130,99,3,43.33,131.31,Ireland
355269,James Neesham,LHB,ON_THE_STUMPS,SHORT_OF_A_GOOD_LENGTH,144,99,8,18.0,145.45,New Zealand
1161031,Saim Ayub,LHB,ON_THE_STUMPS,FULL,181,99,6,30.17,182.83,Pakistan
530812,Akeal Hosein,LHB,OUTSIDE_OFFSTUMP,GOOD_LENGTH,102,99,6,17.0,103.03,West Indies
532424,Sohail Akhtar,RHB,OUTSIDE_OFFSTUMP,SHORT_OF_A_GOOD_LENGTH,102,99,3,34.0,103.03,Pakistan
877051,Tom Banton,RHB,OUTSIDE_OFFSTUMP,SHORT_OF_A_GOOD_LENGTH,73,99,6,12.17,73.74,England
437669,Jordan Silk,RHB,ON_THE_STUMPS,FULL,140,99,5,28.0,141.41,Australia
1099224,Will Smeed,RHB,OUTSIDE_OFFSTUMP,GOOD_LENGTH,102,98,8,12.75,104.08,England
44828,Faf du Plessis,RHB,WIDE_OUTSIDE_OFFSTUMP,GOOD_LENGTH,148,98,6,24.67,151.02,South Africa
1137262,Azam Khan,RHB,ON_THE_STUMPS,SHORT_OF_A_GOOD_LENGTH,121,98,2,60.5,123.47,Pakistan
33335,Suresh Raina,LHB,DOWN_LEG,SHORT_OF_A_GOOD_LENGTH,161,98,5,32.2,164.29,India
32242,Parthiv Patel,LHB,OUTSIDE_OFFSTUMP,FULL,165,98,4,41.25,168.37,India
32242,Parthiv Patel,LHB,OUTSIDE_OFFSTUMP,SHORT_OF_A_GOOD_LENGTH,152,98,4,38.0,155.1,India
230555,Shamarh Brooks,RHB,ON_THE_STUMPS,GOOD_LENGTH,108,98,9,12.0,110.2,West Indies
550235,Tom Curran,RHB,OUTSIDE_OFFSTUMP,GOOD_LENGTH,122,98,7,17.43,124.49,England
50710,Kumar Sangakkara,LHB,OUTSIDE_OFFSTUMP,GOOD_LENGTH,110,98,2,55.0,112.24,Sri Lanka
1070183,Abhishek Sharma,LHB,ON_THE_STUMPS,SHORT_OF_A_GOOD_LENGTH,146,98,6,24.33,148.98,India
398506,Mandeep Singh,RHB,OUTSIDE_OFFSTUMP,FULL,156,98,5,31.2,159.18,India
721867,Jitesh Sharma,RHB,OUTSIDE_OFFSTUMP,GOOD_LENGTH,142,97,3,47.33,146.39,India
670013,Fabian Allen,RHB,OUTSIDE_OFFSTUMP,FULL,197,97,7,28.14,203.09,West Indies
56194,Tamim Iqbal,LHB,DOWN_LEG,GOOD_LENGTH,120,97,4,30.0,123.71,Bangladesh
537319,Kennar Lewis,RHB,OUTSIDE_OFFSTUMP,SHORT_OF_A_GOOD_LENGTH,83,97,5,16.6,85.57,West Indies
784369,Avishka Fernando,RHB,ON_THE_STUMPS,SHORT_OF_A_GOOD_LENGTH,136,97,1,136.0,140.21,Sri Lanka
230549,Jason Mohammed,RHB,OUTSIDE_OFFSTUMP,FULL,109,97,5,21.8,112.37,West Indies
1223047,Josh Brown,RHB,ON_THE_STUMPS,GOOD_LENGTH,134,97,6,22.33,138.14,Australia
315586,Chadwick Walton,RHB,ON_THE_STUMPS,SHORT_OF_A_GOOD_LENGTH,116,97,3,38.67,119.59,West Indies
348144,Babar Azam,RHB,WIDE_OUTSIDE_OFFSTUMP,FULL,136,97,4,34.0,140.21,Pakistan
699723,Grant Roelofsen,RHB,OUTSIDE_OFFSTUMP,GOOD_LENGTH,99,97,2,49.5,102.06,South Africa
1112537,Jordan Cox,RHB,OUTSIDE_OFFSTUMP,FULL,138,96,3,46.0,143.75,England
337790,Rassie van der Dussen,RHB,ON_THE_STUMPS,SHORT_OF_A_GOOD_LENGTH,123,96,7,17.57,128.12,South Africa
604302,Nicholas Pooran,LHB,OUTSIDE_OFFSTUMP,SHORT,195,96,4,48.75,203.12,West Indies
793463,Rashid Khan,RHB,OUTSIDE_OFFSTUMP,SHORT,134,96,13,10.31,139.58,Afghanistan
325026,Glenn Maxwell,RHB,WIDE_OUTSIDE_OFFSTUMP,FULL,184,96,12,15.33,191.67,Australia
388678,Ben Dunk,LHB,ON_THE_STUMPS,SHORT_OF_A_GOOD_LENGTH,109,96,10,10.9,113.54,Australia
1161024,Prabhsimran Singh,RHB,ON_THE_STUMPS,GOOD_LENGTH,121,96,6,20.17,126.04,India
26421,Ravichandran Ashwin,RHB,ON_THE_STUMPS,GOOD_LENGTH,115,96,6,19.17,119.79,India
233901,Shan Masood,LHB,ON_THE_STUMPS,FULL,159,96,3,53.0,165.62,Pakistan
308967,Jos Buttler,RHB,WIDE_OUTSIDE_OFFSTUMP,FULL,159,96,6,26.5,165.62,England
497121,Deepak Hooda,RHB,ON_THE_STUMPS,FULL,140,95,8,17.5,147.37,India
571911,Joe Clarke,RHB,OUTSIDE_OFFSTUMP,FULL,137,95,6,22.83,144.21,England
211748,Benny Howell,RHB,OUTSIDE_OFFSTUMP,GOOD_LENGTH,108,95,7,15.43,113.68,England
227762,Sharjeel Khan,LHB,OUTSIDE_OFFSTUMP,SHORT_OF_A_GOOD_LENGTH,150,95,5,30.0,157.89,Pakistan
429886,Wihan Lubbe,LHB,OUTSIDE_OFFSTUMP,GOOD_LENGTH,79,95,5,15.8,83.16,South Africa
714451,Shivam Dube,LHB,OUTSIDE_OFFSTUMP,SHORT_OF_A_GOOD_LENGTH,126,95,3,42.0,132.63,India
219885,Tom Cooper,RHB,ON_THE_STUMPS,FULL,129,95,7,18.43,135.79,Netherlands
25913,Mohammad Nabi,RHB,OUTSIDE_OFFSTUMP,SHORT,166,95,7,23.71,174.74,Afghanistan
623977,Agha Salman,RHB,ON_THE_STUMPS,GOOD_LENGTH,86,95,2,43.0,90.53,Pakistan
232435,Calum MacLeod,RHB,OUTSIDE_OFFSTUMP,GOOD_LENGTH,100,95,6,16.67,105.26,Scotland
722303,Matt Renshaw,LHB,ON_THE_STUMPS,FULL,132,95,8,16.5,138.95,Australia
723105,Rinku Singh,LHB,OUTSIDE_OFFSTUMP,FULL,206,95,5,41.2,216.84,India
44828,Faf du Plessis,RHB,WIDE_OUTSIDE_OFFSTUMP,FULL,180,94,7,25.71,191.49,South Africa
417268,Matthew Cross,RHB,OUTSIDE_OFFSTUMP,GOOD_LENGTH,109,94,5,21.8,115.96,Scotland
716733,Khushdil Shah,LHB,OUTSIDE_OFFSTUMP,SHORT_OF_A_GOOD_LENGTH,125,94,4,31.25,132.98,Pakistan
784379,Wanindu Hasaranga de Silva,RHB,ON_THE_STUMPS,GOOD_LENGTH,95,94,14,6.79,101.06,Sri Lanka
1076377,Oliver Davies,RHB,OUTSIDE_OFFSTUMP,SHORT_OF_A_GOOD_LENGTH,102,94,6,17.0,108.51,Australia
10582,Ravi Bopara,RHB,OUTSIDE_OFFSTUMP,FULL,136,94,4,34.0,144.68,England
303423,Andy Balbirnie,RHB,ON_THE_STUMPS,FULL,88,94,6,14.67,93.62,Ireland
36084,Yuvraj Singh,LHB,OUTSIDE_OFFSTUMP,FULL,152,94,12,12.67,161.7,India
921509,Ibrahim Zadran,RHB,OUTSIDE_OFFSTUMP,FULL,118,94,4,29.5,125.53,Afghanistan
44410,Farhaan Behardien,RHB,OUTSIDE_OFFSTUMP,GOOD_LENGTH,106,94,2,53.0,112.77,South Africa
345821,Danushka Gunathilaka,LHB,ON_THE_STUMPS,SHORT_OF_A_GOOD_LENGTH,120,94,5,24.0,127.66,Sri Lanka
623695,Chamika Karunaratne,RHB,OUTSIDE_OFFSTUMP,GOOD_LENGTH,74,94,10,7.4,78.72,Sri Lanka
333066,Johnson Charles,RHB,OUTSIDE_OFFSTUMP,SHORT,201,94,4,50.25,213.83,West Indies
595978,Tristan Stubbs,RHB,ON_THE_STUMPS,FULL,166,94,6,27.67,176.6,South Africa
897549,Will Jacks,RHB,ON_THE_STUMPS,SHORT_OF_A_GOOD_LENGTH,142,94,7,20.29,151.06,England
303423,Andy Balbirnie,RHB,OUTSIDE_OFFSTUMP,FULL,112,93,4,28.0,120.43,Ireland
557295,Hilton Cartwright,RHB,ON_THE_STUMPS,SHORT_OF_A_GOOD_LENGTH,124,93,6,20.67,133.33,Australia
33141,Ambati Rayudu,RHB,OUTSIDE_OFFSTUMP,SHORT,195,93,8,24.38,209.68,India
711559,Usman Ghani,RHB,OUTSIDE_OFFSTUMP,SHORT_OF_A_GOOD_LENGTH,79,93,2,39.5,84.95,Afghanistan
280734,Imrul Kayes,LHB,ON_THE_STUMPS,FULL,83,93,3,27.67,89.25,Bangladesh
233514,Thisara Perera,LHB,OUTSIDE_OFFSTUMP,SHORT_OF_A_GOOD_LENGTH,105,93,6,17.5,112.9,Sri Lanka
437316,Dasun Shanaka,RHB,ON_THE_STUMPS,SHORT_OF_A_GOOD_LENGTH,131,93,5,26.2,140.86,Sri Lanka
277472,Darren Bravo,LHB,ON_THE_STUMPS,FULL,117,93,3,39.0,125.81,West Indies
373538,Sabbir Rahman,RHB,OUTSIDE_OFFSTUMP,FULL,116,93,5,23.2,124.73,Bangladesh
604302,Nicholas Pooran,LHB,OUTSIDE_OFFSTUMP,FULL_TOSS,167,93,7,23.86,179.57,West Indies
221140,David Wiese,RHB,ON_THE_STUMPS,FULL,129,93,7,18.43,138.71,Namibia
348144,Babar Azam,RHB,WIDE_OUTSIDE_OFFSTUMP,GOOD_LENGTH,118,93,3,39.33,126.88,Pakistan
1178586,Vriitya Aravind,RHB,ON_THE_STUMPS,GOOD_LENGTH,64,93,5,12.8,68.82,United Arab Emirates
41434,Mohammad Hafeez,RHB,OUTSIDE_OFFSTUMP,SHORT,177,93,5,35.4,190.32,Pakistan
605680,Janneman Malan,RHB,OUTSIDE_OFFSTUMP,GOOD_LENGTH,94,93,3,31.33,101.08,South Africa
670025,Shimron Hetmyer,LHB,DOWN_LEG,GOOD_LENGTH,129,92,5,25.8,140.22,West Indies
1070173,Shubman Gill,RHB,OUTSIDE_OFFSTUMP,SHORT,201,92,4,50.25,218.48,India
444970,Jimmy Peirson,RHB,ON_THE_STUMPS,FULL,111,92,2,55.5,120.65,Australia
931581,Rishabh Pant,LHB,OUTSIDE_OFFSTUMP,SHORT,144,92,8,18.0,156.52,India
379140,Devon Conway,LHB,DOWN_LEG,GOOD_LENGTH,146,92,5,29.2,158.7,New Zealand
596099,Dean Foxcroft,RHB,ON_THE_STUMPS,GOOD_LENGTH,84,92,3,28.0,91.3,New Zealand
820691,Odean Smith,RHB,OUTSIDE_OFFSTUMP,GOOD_LENGTH,95,92,8,11.88,103.26,West Indies
550133,Mosaddek Hossain,RHB,ON_THE_STUMPS,FULL,90,92,6,15.0,97.83,Bangladesh
470633,Tom Kohler-Cadmore,RHB,ON_THE_STUMPS,FULL,131,92,7,18.71,142.39,England
434813,Marcus Harris,LHB,ON_THE_STUMPS,GOOD_LENGTH,66,92,5,13.2,71.74,Australia
1151270,Ayush Badoni,RHB,OUTSIDE_OFFSTUMP,SHORT_OF_A_GOOD_LENGTH,84,92,4,21.0,91.3,India
303669,Joe Root,RHB,OUTSIDE_OFFSTUMP,SHORT_OF_A_GOOD_LENGTH,120,92,1,120.0,130.43,England
348148,Mohammad Nawaz,LHB,ON_THE_STUMPS,SHORT_OF_A_GOOD_LENGTH,100,92,5,20.0,108.7,Pakistan
990031,Towhid Hridoy,RHB,ON_THE_STUMPS,FULL,136,92,4,34.0,147.83,Bangladesh
547749,Will Young,RHB,OUTSIDE_OFFSTUMP,GOOD_LENGTH,101,92,6,16.83,109.78,New Zealand
595267,Matthew Breetzke,RHB,ON_THE_STUMPS,GOOD_LENGTH,100,92,3,33.33,108.7,South Africa
32242,Parthiv Patel,LHB,ON_THE_STUMPS,SHORT_OF_A_GOOD_LENGTH,108,92,6,18.0,117.39,India
49764,Angelo Mathews,RHB,ON_THE_STUMPS,FULL,139,92,3,46.33,151.09,Sri Lanka
360456,Asela Gunaratne,RHB,OUTSIDE_OFFSTUMP,GOOD_LENGTH,95,92,3,31.67,103.26,Sri Lanka
323389,Mohammad Rizwan,RHB,OUTSIDE_OFFSTUMP,SHORT,166,92,3,55.33,180.43,Pakistan
55870,Sean Williams,LHB,OUTSIDE_OFFSTUMP,SHORT_OF_A_GOOD_LENGTH,89,91,11,8.09,97.8,Zimbabwe
256956,Laurie Evans,RHB,ON_THE_STUMPS,SHORT_OF_A_GOOD_LENGTH,127,91,5,25.4,139.56,England
826901,Daniel Sams,RHB,OUTSIDE_OFFSTUMP,FULL,184,91,9,20.44,202.2,Australia
391832,Roston Chase,RHB,OUTSIDE_OFFSTUMP,FULL,159,91,2,79.5,174.73,West Indies
56143,Shakib Al Hasan,LHB,DOWN_LEG,GOOD_LENGTH,109,91,5,21.8,119.78,Bangladesh
1081730,Matthew Gilkes,LHB,OUTSIDE_OFFSTUMP,GOOD_LENGTH,100,91,7,14.29,109.89,Australia
681117,Faheem Ashraf,LHB,OUTSIDE_OFFSTUMP,FULL,151,91,6,25.17,165.93,Pakistan
253802,Virat Kohli,RHB,ON_THE_STUMPS,FULL_TOSS,212,91,3,70.67,232.97,India
425943,Sanju Samson,RHB,OUTSIDE_OFFSTUMP,SHORT,206,91,8,25.75,226.37,India
457280,Adam Rossington,RHB,OUTSIDE_OFFSTUMP,GOOD_LENGTH,121,91,10,12.1,132.97,England
1081730,Matthew Gilkes,LHB,ON_THE_STUMPS,GOOD_LENGTH,105,91,5,21.0,115.38,Australia
327830,Dwaine Pretorius,RHB,OUTSIDE_OFFSTUMP,GOOD_LENGTH,94,91,5,18.8,103.3,South Africa
280734,Imrul Kayes,LHB,OUTSIDE_OFFSTUMP,FULL,107,91,6,17.83,117.58,Bangladesh
379140,Devon Conway,LHB,DOWN_LEG,SHORT_OF_A_GOOD_LENGTH,90,91,4,22.5,98.9,New Zealand
215155,Usman Khawaja,LHB,ON_THE_STUMPS,FULL,134,91,4,33.5,147.25,Australia
288992,Chris Jordan,RHB,OUTSIDE_OFFSTUMP,SHORT_OF_A_GOOD_LENGTH,123,90,5,24.6,136.67,England
35390,Saurabh Tiwary,LHB,ON_THE_STUMPS,GOOD_LENGTH,106,90,3,35.33,117.78,India
629076,Sadeera Samarawickrama,RHB,OUTSIDE_OFFSTUMP,SHORT_OF_A_GOOD_LENGTH,142,90,5,28.4,157.78,Sri Lanka
44828,Faf du Plessis,RHB,DOWN_LEG,GOOD_LENGTH,85,90,2,42.5,94.44,South Africa
959759,Finn Allen,RHB,ON_THE_STUMPS,FULL,159,90,8,19.88,176.67,New Zealand
793467,Karim Janat,RHB,OUTSIDE_OFFSTUMP,SHORT_OF_A_GOOD_LENGTH,120,90,7,17.14,133.33,Afghanistan
1241277,Muhammad Waseem,RHB,ON_THE_STUMPS,FULL,173,90,5,34.6,192.22,United Arab Emirates
18632,Samit Patel,RHB,ON_THE_STUMPS,GOOD_LENGTH,95,90,5,19.0,105.56,England
787987,Marnus Labuschagne,RHB,OUTSIDE_OFFSTUMP,GOOD_LENGTH,92,90,7,13.14,102.22,Australia
793457,Hazratullah Zazai,LHB,OUTSIDE_OFFSTUMP,FULL,188,90,5,37.6,208.89,Afghanistan
230558,Sunil Narine,LHB,DOWN_LEG,SHORT_OF_A_GOOD_LENGTH,107,90,4,26.75,118.89,West Indies
311158,Ben Stokes,LHB,OUTSIDE_OFFSTUMP,SHORT_OF_A_GOOD_LENGTH,109,90,5,21.8,121.11,England
438563,Mark Chapman,LHB,OUTSIDE_OFFSTUMP,SHORT_OF_A_GOOD_LENGTH,121,90,3,40.33,134.44,New Zealand
321777,David Miller,LHB,WIDE_OUTSIDE_OFFSTUMP,FULL,198,90,6,33.0,220.0,South Africa
43266,Sohaib Maqsood,RHB,OUTSIDE_OFFSTUMP,SHORT_OF_A_GOOD_LENGTH,111,89,3,37.0,124.72,Pakistan
276298,Andre Russell,RHB,ON_THE_STUMPS,FULL_TOSS,248,89,3,82.67,278.65,West Indies
276298,Andre Russell,RHB,ON_THE_STUMPS,SHORT,164,89,3,54.67,184.27,West Indies
35390,Saurabh Tiwary,LHB,OUTSIDE_OFFSTUMP,GOOD_LENGTH,108,89,3,36.0,121.35,India
318845,Rilee Rossouw,LHB,DOWN_LEG,GOOD_LENGTH,126,89,4,31.5,141.57,South Africa
403902,Liam Livingstone,RHB,OUTSIDE_OFFSTUMP,SHORT,204,89,7,29.14,229.21,England
481875,George Linde,LHB,OUTSIDE_OFFSTUMP,GOOD_LENGTH,78,89,8,9.75,87.64,South Africa
720471,Ishan Kishan,LHB,DOWN_LEG,GOOD_LENGTH,121,89,4,30.25,135.96,India
437669,Jordan Silk,RHB,ON_THE_STUMPS,SHORT_OF_A_GOOD_LENGTH,124,89,2,62.0,139.33,Australia
501011,Cameron Bancroft,RHB,ON_THE_STUMPS,SHORT_OF_A_GOOD_LENGTH,90,89,2,45.0,101.12,Australia
559062,Nick Kelly,LHB,OUTSIDE_OFFSTUMP,GOOD_LENGTH,116,89,2,58.0,130.34,New Zealand
280490,JJ Smuts,RHB,OUTSIDE_OFFSTUMP,SHORT_OF_A_GOOD_LENGTH,86,89,3,28.67,96.63,South Africa
816627,Macalister Wright,RHB,OUTSIDE_OFFSTUMP,GOOD_LENGTH,100,89,3,33.33,112.36,Australia
1070168,Prithvi Shaw,RHB,ON_THE_STUMPS,FULL,162,89,6,27.0,182.02,India
233680,Jonathan Wells,RHB,ON_THE_STUMPS,SHORT_OF_A_GOOD_LENGTH,120,89,1,120.0,134.83,Australia
1151270,Ayush Badoni,RHB,OUTSIDE_OFFSTUMP,GOOD_LENGTH,94,89,6,15.67,105.62,India
380354,Anamul Haque,RHB,OUTSIDE_OFFSTUMP,FULL,122,88,8,15.25,138.64,Bangladesh
959827,Jason Sangha,RHB,ON_THE_STUMPS,GOOD_LENGTH,111,88,3,37.0,126.14,Australia
422108,KL Rahul,RHB,ON_THE_STUMPS,SHORT,214,88,4,53.5,243.18,India
410765,Nurul Hasan,RHB,ON_THE_STUMPS,FULL,89,88,4,22.25,101.14,Bangladesh
276298,Andre Russell,RHB,ON_THE_STUMPS,YORKER,49,88,10,4.9,55.68,West Indies
823509,Glenn Phillips,RHB,OUTSIDE_OFFSTUMP,SHORT,191,88,7,27.29,217.05,New Zealand
629059,Yasir Ali,RHB,ON_THE_STUMPS,GOOD_LENGTH,97,88,2,48.5,110.23,Bangladesh
4451,George Bailey,RHB,OUTSIDE_OFFSTUMP,FULL,137,88,4,34.25,155.68,Australia
51880,Chris Gayle,LHB,ON_THE_STUMPS,SHORT,163,88,7,23.29,185.23,West Indies
410765,Nurul Hasan,RHB,OUTSIDE_OFFSTUMP,FULL,103,88,7,14.71,117.05,Bangladesh
314615,Jonathan Carter,LHB,OUTSIDE_OFFSTUMP,GOOD_LENGTH,55,88,7,7.86,62.5,West Indies
232359,Colin Munro,LHB,ON_THE_STUMPS,SHORT,159,88,1,159.0,180.68,New Zealand
209457,Chamara Kapugedera,RHB,OUTSIDE_OFFSTUMP,GOOD_LENGTH,78,88,2,39.0,88.64,Sri Lanka
277916,Ajinkya Rahane,RHB,WIDE_OUTSIDE_OFFSTUMP,GOOD_LENGTH,98,88,6,16.33,111.36,India
911707,Harry Brook,RHB,OUTSIDE_OFFSTUMP,FULL,150,88,3,50.0,170.45,England
787073,Chris Green,RHB,ON_THE_STUMPS,GOOD_LENGTH,94,88,11,8.55,106.82,Australia
28763,Gautam Gambhir,LHB,ON_THE_STUMPS,SHORT_OF_A_GOOD_LENGTH,93,88,1,93.0,105.68,India
296597,James Vince,RHB,OUTSIDE_OFFSTUMP,SHORT,167,88,3,55.67,189.77,England
787987,Marnus Labuschagne,RHB,ON_THE_STUMPS,GOOD_LENGTH,106,88,3,35.33,120.45,Australia
550133,Mosaddek Hossain,RHB,OUTSIDE_OFFSTUMP,FULL,102,88,2,51.0,115.91,Bangladesh
853265,Mahipal Lomror,LHB,ON_THE_STUMPS,GOOD_LENGTH,118,88,5,23.6,134.09,India
1124290,Nathan McSweeney,RHB,OUTSIDE_OFFSTUMP,GOOD_LENGTH,87,88,6,14.5,98.86,Australia
1124290,Nathan McSweeney,RHB,ON_THE_STUMPS,GOOD_LENGTH,104,88,3,34.67,118.18,Australia
536936,Litton Das,RHB,OUTSIDE_OFFSTUMP,SHORT,189,87,13,14.54,217.24,Bangladesh
299572,Sikandar Raza,RHB,ON_THE_STUMPS,SHORT_OF_A_GOOD_LENGTH,147,87,6,24.5,168.97,Zimbabwe
53118,Dwayne Smith,RHB,ON_THE_STUMPS,SHORT_OF_A_GOOD_LENGTH,123,87,4,30.75,141.38,West Indies
911707,Harry Brook,RHB,ON_THE_STUMPS,FULL,129,87,3,43.0,148.28,England
1223047,Josh Brown,RHB,OUTSIDE_OFFSTUMP,SHORT_OF_A_GOOD_LENGTH,111,87,2,55.5,127.59,Australia
793467,Karim Janat,RHB,OUTSIDE_OFFSTUMP,FULL,148,87,7,21.14,170.11,Afghanistan
495964,Ryan Burl,LHB,ON_THE_STUMPS,FULL,103,87,3,34.33,118.39,Zimbabwe
429754,Niroshan Dickwella,LHB,OUTSIDE_OFFSTUMP,FULL,138,87,9,15.33,158.62,Sri Lanka
51880,Chris Gayle,LHB,OUTSIDE_OFFSTUMP,SHORT,198,87,8,24.75,227.59,West Indies
28763,Gautam Gambhir,LHB,OUTSIDE_OFFSTUMP,FULL,114,87,1,114.0,131.03,India
604302,Nicholas Pooran,LHB,ON_THE_STUMPS,SHORT,180,87,7,25.71,206.9,West Indies
699723,Grant Roelofsen,RHB,ON_THE_STUMPS,GOOD_LENGTH,90,87,4,22.5,103.45,South Africa
1076377,Oliver Davies,RHB,ON_THE_STUMPS,GOOD_LENGTH,104,87,2,52.0,119.54,Australia
555850,Sam Hain,RHB,OUTSIDE_OFFSTUMP,GOOD_LENGTH,85,86,4,21.25,98.84,England
7502,Luke Ronchi,RHB,OUTSIDE_OFFSTUMP,SHORT_OF_A_GOOD_LENGTH,165,86,3,55.0,191.86,New Zealand
379890,Chad Bowes,RHB,OUTSIDE_OFFSTUMP,GOOD_LENGTH,108,86,2,54.0,125.58,New Zealand
5236,Callum Ferguson,RHB,OUTSIDE_OFFSTUMP,FULL,112,86,6,18.67,130.23,Australia
793457,Hazratullah Zazai,LHB,ON_THE_STUMPS,FULL,142,86,8,17.75,165.12,Afghanistan
502714,Mitchell Santner,LHB,OUTSIDE_OFFSTUMP,SHORT_OF_A_GOOD_LENGTH,95,86,5,19.0,110.47,New Zealand
851403,Venkatesh Iyer,LHB,OUTSIDE_OFFSTUMP,SHORT_OF_A_GOOD_LENGTH,99,86,3,33.0,115.12,India
1099224,Will Smeed,RHB,ON_THE_STUMPS,GOOD_LENGTH,95,86,3,31.67,110.47,England
321777,David Miller,LHB,DOWN_LEG,SHORT_OF_A_GOOD_LENGTH,111,86,2,55.5,129.07,South Africa
50747,Upul Tharanga,LHB,ON_THE_STUMPS,GOOD_LENGTH,90,86,10,9.0,104.65,Sri Lanka
921509,Ibrahim Zadran,RHB,ON_THE_STUMPS,FULL,104,86,6,17.33,120.93,Afghanistan
530811,Chandrapaul Hemraj,LHB,OUTSIDE_OFFSTUMP,SHORT_OF_A_GOOD_LENGTH,89,86,5,17.8,103.49,West Indies
277906,Kane Williamson,RHB,WIDE_OUTSIDE_OFFSTUMP,GOOD_LENGTH,102,86,6,17.0,118.6,New Zealand
4451,George Bailey,RHB,OUTSIDE_OFFSTUMP,SHORT_OF_A_GOOD_LENGTH,83,85,4,20.75,97.65,Australia
623636,Kamran Ghulam,RHB,ON_THE_STUMPS,GOOD_LENGTH,71,85,8,8.88,83.53,Pakistan
642525,Sarfaraz Khan,RHB,OUTSIDE_OFFSTUMP,SHORT_OF_A_GOOD_LENGTH,88,85,1,88.0,103.53,India
1119026,Devdutt Padikkal,LHB,ON_THE_STUMPS,FULL,132,85,8,16.5,155.29,India
230559,Kieron Pollard,RHB,ON_THE_STUMPS,SHORT,163,85,5,32.6,191.76,West Indies
959759,Finn Allen,RHB,ON_THE_STUMPS,SHORT_OF_A_GOOD_LENGTH,118,85,5,23.6,138.82,New Zealand
333780,Nic Maddinson,LHB,ON_THE_STUMPS,SHORT_OF_A_GOOD_LENGTH,89,85,7,12.71,104.71,Australia
345821,Danushka Gunathilaka,LHB,OUTSIDE_OFFSTUMP,SHORT_OF_A_GOOD_LENGTH,129,85,3,43.0,151.76,Sri Lanka
51880,Chris Gayle,LHB,DOWN_LEG,SHORT,146,85,5,29.2,171.76,West Indies
721867,Jitesh Sharma,RHB,OUTSIDE_OFFSTUMP,FULL,175,85,7,25.0,205.88,India
388678,Ben Dunk,LHB,ON_THE_STUMPS,FULL,120,85,3,40.0,141.18,Australia
419873,Mohammad Shahzad,RHB,OUTSIDE_OFFSTUMP,SHORT_OF_A_GOOD_LENGTH,112,85,4,28.0,131.76,Afghanistan
824541,Jaker Ali,RHB,OUTSIDE_OFFSTUMP,FULL,116,85,2,58.0,136.47,Bangladesh
431901,Evin Lewis,LHB,DOWN_LEG,SHORT_OF_A_GOOD_LENGTH,144,85,2,72.0,169.41,West Indies
437927,Stephan Baard,RHB,OUTSIDE_OFFSTUMP,GOOD_LENGTH,87,85,2,43.5,102.35,Namibia
248920,Devon Thomas,RHB,OUTSIDE_OFFSTUMP,FULL,125,85,9,13.89,147.06,West Indies
230549,Jason Mohammed,RHB,ON_THE_STUMPS,FULL,69,85,4,17.25,81.18,West Indies
315594,Ashley Nurse,RHB,OUTSIDE_OFFSTUMP,GOOD_LENGTH,76,85,3,25.33,89.41,West Indies
489889,Pat Cummins,RHB,OUTSIDE_OFFSTUMP,GOOD_LENGTH,118,85,6,19.67,138.82,Australia
457280,Adam Rossington,RHB,ON_THE_STUMPS,GOOD_LENGTH,147,84,6,24.5,175.0,England
446763,Rahul Tripathi,RHB,OUTSIDE_OFFSTUMP,SHORT,141,84,8,17.62,167.86,India
36948,Anton Devcich,LHB,ON_THE_STUMPS,GOOD_LENGTH,106,84,7,15.14,126.19,New Zealand
209457,Chamara Kapugedera,RHB,ON_THE_STUMPS,GOOD_LENGTH,120,84,4,30.0,142.86,Sri Lanka
52983,Marlon Samuels,RHB,OUTSIDE_OFFSTUMP,SHORT_OF_A_GOOD_LENGTH,91,84,1,91.0,108.33,West Indies
1070183,Abhishek Sharma,LHB,ON_THE_STUMPS,FULL,148,84,8,18.5,176.19,India
1099224,Will Smeed,RHB,OUTSIDE_OFFSTUMP,SHORT_OF_A_GOOD_LENGTH,107,84,5,21.4,127.38,England
227762,Sharjeel Khan,LHB,ON_THE_STUMPS,SHORT_OF_A_GOOD_LENGTH,119,84,8,14.88,141.67,Pakistan
25056,Assad Vala,LHB,OUTSIDE_OFFSTUMP,GOOD_LENGTH,62,84,4,15.5,73.81,Papua New Guinea
1151288,Sai Sudharsan,LHB,OUTSIDE_OFFSTUMP,FULL,147,84,2,73.5,175.0,India
628240,Hussain Talat,LHB,OUTSIDE_OFFSTUMP,FULL,107,84,7,15.29,127.38,Pakistan
352048,Gulbadin Naib,RHB,ON_THE_STUMPS,GOOD_LENGTH,62,84,4,15.5,73.81,Afghanistan
1168049,Jake Fraser-McGurk,RHB,ON_THE_STUMPS,GOOD_LENGTH,117,84,6,19.5,139.29,Australia
670013,Fabian Allen,RHB,ON_THE_STUMPS,GOOD_LENGTH,80,84,9,8.89,95.24,West Indies
1163855,Hayden Kerr,RHB,OUTSIDE_OFFSTUMP,GOOD_LENGTH,95,84,7,13.57,113.1,Australia
677077,Romario Shepherd,RHB,OUTSIDE_OFFSTUMP,SHORT_OF_A_GOOD_LENGTH,123,84,3,41.0,146.43,West Indies
300618,Nasir Hossain,RHB,OUTSIDE_OFFSTUMP,GOOD_LENGTH,87,83,3,29.0,104.82,Bangladesh
51439,Dwayne Bravo,RHB,OUTSIDE_OFFSTUMP,SHORT,88,83,8,11.0,106.02,West Indies
959759,Finn Allen,RHB,OUTSIDE_OFFSTUMP,FULL,155,83,7,22.14,186.75,New Zealand
298438,Jason Roy,RHB,OUTSIDE_OFFSTUMP,SHORT,165,83,3,55.0,198.8,England
288992,Chris Jordan,RHB,OUTSIDE_OFFSTUMP,FULL,127,83,10,12.7,153.01,England
1161381,Mahmudul Hasan Joy,RHB,ON_THE_STUMPS,GOOD_LENGTH,70,83,3,23.33,84.34,Bangladesh
233648,Alex Doolan,RHB,OUTSIDE_OFFSTUMP,GOOD_LENGTH,92,83,4,23.0,110.84,Australia
1175485,Abdul Samad,RHB,OUTSIDE_OFFSTUMP,GOOD_LENGTH,79,83,2,39.5,95.18,India
450101,Raymon Reifer,LHB,ON_THE_STUMPS,GOOD_LENGTH,76,83,1,76.0,91.57,West Indies
28235,Shikhar Dhawan,LHB,DOWN_LEG,FULL,96,83,5,19.2,115.66,India
48472,Tillakaratne Dilshan,RHB,ON_THE_STUMPS,GOOD_LENGTH,90,83,6,15.0,108.43,Sri Lanka
438563,Mark Chapman,LHB,OUTSIDE_OFFSTUMP,FULL,92,83,3,30.67,110.84,New Zealand
345821,Danushka Gunathilaka,LHB,OUTSIDE_OFFSTUMP,FULL,113,83,6,18.83,136.14,Sri Lanka
308967,Jos Buttler,RHB,DOWN_LEG,GOOD_LENGTH,90,83,2,45.0,108.43,England
698189,Wiaan Mulder,RHB,ON_THE_STUMPS,GOOD_LENGTH,102,83,4,25.5,122.89,South Africa
55412,Craig Ervine,LHB,ON_THE_STUMPS,FULL,106,83,5,21.2,127.71,Zimbabwe
325012,Marcus Stoinis,RHB,WIDE_OUTSIDE_OFFSTUMP,FULL,146,83,5,29.2,175.9,Australia
219889,David Warner,LHB,DOWN_LEG,SHORT,174,83,2,87.0,209.64,Australia
400587,Irfan Sukkur,LHB,OUTSIDE_OFFSTUMP,GOOD_LENGTH,93,83,6,15.5,112.05,Bangladesh
677077,Romario Shepherd,RHB,ON_THE_STUMPS,GOOD_LENGTH,69,83,8,8.62,83.13,West Indies
1091078,Tion Webster,RHB,OUTSIDE_OFFSTUMP,GOOD_LENGTH,82,82,5,16.4,100.0,West Indies
931581,Rishabh Pant,LHB,ON_THE_STUMPS,SHORT,144,82,6,24.0,175.61,India
716733,Khushdil Shah,LHB,ON_THE_STUMPS,SHORT_OF_A_GOOD_LENGTH,79,82,5,15.8,96.34,Pakistan
519070,Gerhard Erasmus,RHB,OUTSIDE_OFFSTUMP,GOOD_LENGTH,85,82,1,85.0,103.66,Namibia
37737,Brendon McCullum,RHB,OUTSIDE_OFFSTUMP,SHORT,194,82,4,48.5,236.59,New Zealand
444970,Jimmy Peirson,RHB,OUTSIDE_OFFSTUMP,FULL,111,82,5,22.2,135.37,Australia
348144,Babar Azam,RHB,WIDE_OUTSIDE_OFFSTUMP,SHORT_OF_A_GOOD_LENGTH,139,82,1,139.0,169.51,Pakistan
227762,Sharjeel Khan,LHB,OUTSIDE_OFFSTUMP,FULL,145,82,1,145.0,176.83,Pakistan
628240,Hussain Talat,LHB,OUTSIDE_OFFSTUMP,SHORT_OF_A_GOOD_LENGTH,74,82,2,37.0,90.24,Pakistan
465793,Dhananjaya de Silva,RHB,OUTSIDE_OFFSTUMP,FULL,102,82,5,20.4,124.39,Sri Lanka
787073,Chris Green,RHB,OUTSIDE_OFFSTUMP,FULL,121,82,7,17.29,147.56,Australia
43590,Wahab Riaz,RHB,OUTSIDE_OFFSTUMP,GOOD_LENGTH,108,82,7,15.43,131.71,Pakistan
55412,Craig Ervine,LHB,OUTSIDE_OFFSTUMP,FULL,102,82,1,102.0,124.39,Zimbabwe
233514,Thisara Perera,LHB,ON_THE_STUMPS,SHORT_OF_A_GOOD_LENGTH,109,82,9,12.11,132.93,Sri Lanka
44410,Farhaan Behardien,RHB,ON_THE_STUMPS,GOOD_LENGTH,78,82,3,26.0,95.12,South Africa
1088608,Max Bryant,RHB,ON_THE_STUMPS,SHORT_OF_A_GOOD_LENGTH,114,82,2,57.0,139.02,Australia
44932,Jean-Paul Duminy,LHB,OUTSIDE_OFFSTUMP,SHORT_OF_A_GOOD_LENGTH,101,82,4,25.25,123.17,South Africa
1070665,Dewald Brevis,RHB,OUTSIDE_OFFSTUMP,SHORT_OF_A_GOOD_LENGTH,91,81,4,22.75,112.35,South Africa
848623,Mark Deyal,LHB,ON_THE_STUMPS,GOOD_LENGTH,71,81,5,14.2,87.65,West Indies
51880,Chris Gayle,LHB,DOWN_LEG,FULL,93,81,3,31.0,114.81,West Indies
348034,George Dockrell,RHB,ON_THE_STUMPS,GOOD_LENGTH,82,81,3,27.33,101.23,Ireland
350629,Nizakat Khan,RHB,ON_THE_STUMPS,GOOD_LENGTH,84,81,3,28.0,103.7,Hong Kong
391832,Roston Chase,RHB,ON_THE_STUMPS,FULL,111,81,10,11.1,137.04,West Indies
41028,Kamran Akmal,RHB,OUTSIDE_OFFSTUMP,FULL,126,81,1,126.0,155.56,Pakistan
437316,Dasun Shanaka,RHB,OUTSIDE_OFFSTUMP,SHORT,117,81,5,23.4,144.44,Sri Lanka
55395,Colin de Grandhomme,RHB,OUTSIDE_OFFSTUMP,FULL,116,81,7,16.57,143.21,New Zealand
348148,Mohammad Nawaz,LHB,ON_THE_STUMPS,FULL,100,81,5,20.0,123.46,Pakistan
297433,Jonny Bairstow,RHB,OUTSIDE_OFFSTUMP,SHORT,145,81,4,36.25,179.01,England
230559,Kieron Pollard,RHB,WIDE_OUTSIDE_OFFSTUMP,GOOD_LENGTH,111,81,3,37.0,137.04,West Indies
714451,Shivam Dube,LHB,ON_THE_STUMPS,SHORT,142,81,5,28.4,175.31,India
892749,Tim David,RHB,WIDE_OUTSIDE_OFFSTUMP,FULL,212,81,4,53.0,261.73,Australia
402106,Abdul Waheed,RHB,OUTSIDE_OFFSTUMP,GOOD_LENGTH,100,81,4,25.0,123.46,Saudi Arabia
44932,Jean-Paul Duminy,LHB,ON_THE_STUMPS,FULL,105,81,3,35.0,129.63,South Africa
43266,Sohaib Maqsood,RHB,OUTSIDE_OFFSTUMP,FULL,148,81,3,49.33,182.72,Pakistan
269237,Mohammad Mithun,RHB,OUTSIDE_OFFSTUMP,FULL,77,81,5,15.4,95.06,Bangladesh
911707,Harry Brook,RHB,ON_THE_STUMPS,SHORT_OF_A_GOOD_LENGTH,121,81,6,20.17,149.38,England
819429,Azmatullah Omarzai,RHB,ON_THE_STUMPS,GOOD_LENGTH,84,80,5,16.8,105.0,Afghanistan
922943,Shadab Khan,RHB,ON_THE_STUMPS,SHORT_OF_A_GOOD_LENGTH,137,80,4,34.25,171.25,Pakistan
826679,Sam Heazlett,LHB,ON_THE_STUMPS,GOOD_LENGTH,89,80,6,14.83,111.25,Australia
308798,D'Arcy Short,LHB,DOWN_LEG,GOOD_LENGTH,82,80,3,27.33,102.5,Australia
824541,Jaker Ali,RHB,ON_THE_STUMPS,GOOD_LENGTH,97,80,6,16.17,121.25,Bangladesh
303427,Paul Stirling,RHB,ON_THE_STUMPS,SHORT_OF_A_GOOD_LENGTH,100,80,7,14.29,125.0,Ireland
325026,Glenn Maxwell,RHB,DOWN_LEG,GOOD_LENGTH,107,80,2,53.5,133.75,Australia
1255248,Jordan Hermann,LHB,ON_THE_STUMPS,SHORT_OF_A_GOOD_LENGTH,119,80,5,23.8,148.75,South Africa
595739,Leus du Plooy,LHB,OUTSIDE_OFFSTUMP,SHORT_OF_A_GOOD_LENGTH,104,80,2,52.0,130.0,England
277662,Corey Anderson,LHB,OUTSIDE_OFFSTUMP,FULL,109,80,4,27.25,136.25,United States of America
321777,David Miller,LHB,OUTSIDE_OFFSTUMP,SHORT,130,80,3,43.33,162.5,South Africa
530812,Akeal Hosein,LHB,OUTSIDE_OFFSTUMP,FULL,119,80,5,23.8,148.75,West Indies
55872,Malcolm Waller,RHB,OUTSIDE_OFFSTUMP,GOOD_LENGTH,86,79,1,86.0,108.86,Zimbabwe
230193,Matthew Wade,LHB,DOWN_LEG,SHORT_OF_A_GOOD_LENGTH,120,79,2,60.0,151.9,Australia
56025,Mahmudullah,RHB,OUTSIDE_OFFSTUMP,SHORT,148,79,4,37.0,187.34,Bangladesh
532856,Manan Vohra,RHB,ON_THE_STUMPS,GOOD_LENGTH,80,79,6,13.33,101.27,India
494581,Rahkeem Cornwall,RHB,OUTSIDE_OFFSTUMP,FULL,168,79,3,56.0,212.66,West Indies
6161,Michael Klinger,RHB,ON_THE_STUMPS,GOOD_LENGTH,75,79,1,75.0,94.94,Australia
232359,Colin Munro,LHB,WIDE_OUTSIDE_OFFSTUMP,FULL,163,79,6,27.17,206.33,New Zealand
232359,Colin Munro,LHB,DOWN_LEG,SHORT,148,79,2,74.0,187.34,New Zealand
323389,Mohammad Rizwan,RHB,WIDE_OUTSIDE_OFFSTUMP,FULL,116,79,5,23.2,146.84,Pakistan
259410,Ahmed Shehzad,RHB,ON_THE_STUMPS,FULL,98,79,3,32.67,124.05,Pakistan
721867,Jitesh Sharma,RHB,ON_THE_STUMPS,GOOD_LENGTH,61,79,7,8.71,77.22,India
1070665,Dewald Brevis,RHB,OUTSIDE_OFFSTUMP,FULL,188,79,7,26.86,237.97,South Africa
823703,Rajat Patidar,RHB,OUTSIDE_OFFSTUMP,SHORT_OF_A_GOOD_LENGTH,100,79,2,50.0,126.58,India
772361,Sam Harper,RHB,ON_THE_STUMPS,SHORT_OF_A_GOOD_LENGTH,90,79,10,9.0,113.92,Australia
723105,Rinku Singh,LHB,OUTSIDE_OFFSTUMP,SHORT_OF_A_GOOD_LENGTH,112,79,2,56.0,141.77,India
450101,Raymon Reifer,LHB,OUTSIDE_OFFSTUMP,SHORT_OF_A_GOOD_LENGTH,83,79,3,27.67,105.06,West Indies
537319,Kennar Lewis,RHB,OUTSIDE_OFFSTUMP,FULL,158,79,6,26.33,200.0,West Indies
633660,Virandeep Singh,RHB,OUTSIDE_OFFSTUMP,GOOD_LENGTH,68,79,4,17.0,86.08,Malaysia
402992,Shuvagata Hom,RHB,ON_THE_STUMPS,GOOD_LENGTH,104,79,6,17.33,131.65,Bangladesh
253802,Virat Kohli,RHB,ON_THE_STUMPS,SHORT,157,79,3,52.33,198.73,India
555850,Sam Hain,RHB,OUTSIDE_OFFSTUMP,SHORT_OF_A_GOOD_LENGTH,78,79,3,26.0,98.73,England
35565,Manoj Tiwary,RHB,OUTSIDE_OFFSTUMP,GOOD_LENGTH,76,79,3,25.33,96.2,India
379143,Quinton de Kock,LHB,WIDE_OUTSIDE_OFFSTUMP,FULL,147,79,3,49.0,186.08,South Africa
253802,Virat Kohli,RHB,DOWN_LEG,FULL,109,79,3,36.33,137.97,India
938959,Wessley Madhevere,RHB,OUTSIDE_OFFSTUMP,GOOD_LENGTH,76,78,6,12.67,97.44,Zimbabwe
961407,Harry Tector,RHB,ON_THE_STUMPS,FULL,95,78,6,15.83,121.79,Ireland
43265,Sohail Tanvir,LHB,OUTSIDE_OFFSTUMP,GOOD_LENGTH,67,78,4,16.75,85.9,Pakistan
974087,Rahmanullah Gurbaz,RHB,OUTSIDE_OFFSTUMP,SHORT,204,78,5,40.8,261.54,Afghanistan
629076,Sadeera Samarawickrama,RHB,OUTSIDE_OFFSTUMP,FULL,104,78,1,104.0,133.33,Sri Lanka
1112537,Jordan Cox,RHB,ON_THE_STUMPS,FULL,133,78,8,16.62,170.51,England
1168049,Jake Fraser-McGurk,RHB,OUTSIDE_OFFSTUMP,SHORT_OF_A_GOOD_LENGTH,91,78,1,91.0,116.67,Australia
623636,Kamran Ghulam,RHB,OUTSIDE_OFFSTUMP,GOOD_LENGTH,74,78,2,37.0,94.87,Pakistan
7502,Luke Ronchi,RHB,OUTSIDE_OFFSTUMP,FULL,116,78,6,19.33,148.72,New Zealand
723105,Rinku Singh,LHB,ON_THE_STUMPS,FULL,141,78,1,141.0,180.77,India
38699,Ross Taylor,RHB,ON_THE_STUMPS,FULL,83,78,4,20.75,106.41,New Zealand
595921,Curtis Campher,RHB,OUTSIDE_OFFSTUMP,SHORT_OF_A_GOOD_LENGTH,104,78,5,20.8,133.33,Ireland
230193,Matthew Wade,LHB,DOWN_LEG,GOOD_LENGTH,107,78,2,53.5,137.18,Australia
642525,Sarfaraz Khan,RHB,ON_THE_STUMPS,GOOD_LENGTH,98,78,4,24.5,125.64,India
928057,Lorcan Tucker,RHB,OUTSIDE_OFFSTUMP,SHORT_OF_A_GOOD_LENGTH,91,78,1,91.0,116.67,Ireland
532424,Sohail Akhtar,RHB,ON_THE_STUMPS,GOOD_LENGTH,80,78,4,20.0,102.56,Pakistan
429886,Wihan Lubbe,LHB,ON_THE_STUMPS,GOOD_LENGTH,78,77,3,26.0,101.3,South Africa
723105,Rinku Singh,LHB,ON_THE_STUMPS,SHORT_OF_A_GOOD_LENGTH,92,77,2,46.0,119.48,India
348146,Ahsan Ali,RHB,ON_THE_STUMPS,GOOD_LENGTH,66,77,4,16.5,85.71,Pakistan
605661,Ryan Rickelton,LHB,ON_THE_STUMPS,GOOD_LENGTH,98,77,4,24.5,127.27,South Africa
325026,Glenn Maxwell,RHB,DOWN_LEG,FULL,160,77,4,40.0,207.79,Australia
497121,Deepak Hooda,RHB,ON_THE_STUMPS,SHORT_OF_A_GOOD_LENGTH,104,77,5,20.8,135.06,India
940593,Aqib Ilyas,RHB,OUTSIDE_OFFSTUMP,GOOD_LENGTH,83,77,1,83.0,107.79,Oman
956319,Ayaan Khan,LHB,OUTSIDE_OFFSTUMP,GOOD_LENGTH,89,77,7,12.71,115.58,Oman
641423,Dan Lawrence,RHB,OUTSIDE_OFFSTUMP,GOOD_LENGTH,89,77,2,44.5,115.58,England
1205559,Mohammad Haris,RHB,ON_THE_STUMPS,FULL,129,77,7,18.43,167.53,Pakistan
681117,Faheem Ashraf,LHB,OUTSIDE_OFFSTUMP,SHORT_OF_A_GOOD_LENGTH,99,77,7,14.14,128.57,Pakistan
505110,Kurtis Patterson,LHB,ON_THE_STUMPS,SHORT_OF_A_GOOD_LENGTH,84,77,7,12.0,109.09,Australia
559062,Nick Kelly,LHB,ON_THE_STUMPS,GOOD_LENGTH,76,77,2,38.0,98.7,New Zealand
446507,Suryakumar Yadav,RHB,ON_THE_STUMPS,FULL_TOSS,170,77,5,34.0,220.78,India
530811,Chandrapaul Hemraj,LHB,ON_THE_STUMPS,SHORT_OF_A_GOOD_LENGTH,116,77,5,23.2,150.65,West Indies
853265,Mahipal Lomror,LHB,OUTSIDE_OFFSTUMP,GOOD_LENGTH,77,77,5,15.4,100.0,India
35582,Robin Uthappa,RHB,ON_THE_STUMPS,SHORT_OF_A_GOOD_LENGTH,88,77,6,14.67,114.29,India
721867,Jitesh Sharma,RHB,OUTSIDE_OFFSTUMP,SHORT_OF_A_GOOD_LENGTH,108,77,6,18.0,140.26,India
539511,Henry Nicholls,LHB,ON_THE_STUMPS,GOOD_LENGTH,82,77,1,82.0,106.49,New Zealand
502714,Mitchell Santner,LHB,ON_THE_STUMPS,SHORT_OF_A_GOOD_LENGTH,86,76,5,17.2,113.16,New Zealand
550235,Tom Curran,RHB,ON_THE_STUMPS,GOOD_LENGTH,85,76,7,12.14,111.84,England
325026,Glenn Maxwell,RHB,ON_THE_STUMPS,FULL_TOSS,153,76,5,30.6,201.32,Australia
318340,Noor Ali Zadran,RHB,OUTSIDE_OFFSTUMP,GOOD_LENGTH,58,76,3,19.33,76.32,Afghanistan
10582,Ravi Bopara,RHB,ON_THE_STUMPS,FULL,87,76,6,14.5,114.47,England
226492,Martin Guptill,RHB,WIDE_OUTSIDE_OFFSTUMP,GOOD_LENGTH,93,76,4,23.25,122.37,New Zealand
670025,Shimron Hetmyer,LHB,WIDE_OUTSIDE_OFFSTUMP,FULL,153,76,5,30.6,201.32,West Indies
43906,Hashim Amla,RHB,OUTSIDE_OFFSTUMP,SHORT_OF_A_GOOD_LENGTH,117,76,2,58.5,153.95,South Africa
230558,Sunil Narine,LHB,OUTSIDE_OFFSTUMP,SHORT,125,76,5,25.0,164.47,West Indies
277916,Ajinkya Rahane,RHB,OUTSIDE_OFFSTUMP,SHORT,168,76,4,42.0,221.05,India
1159711,Shahbaz Ahmed,LHB,ON_THE_STUMPS,GOOD_LENGTH,56,76,8,7.0,73.68,India
43906,Hashim Amla,RHB,WIDE_OUTSIDE_OFFSTUMP,GOOD_LENGTH,106,76,1,106.0,139.47,South Africa
500268,Ashton Turner,RHB,ON_THE_STUMPS,SHORT_OF_A_GOOD_LENGTH,106,76,4,26.5,139.47,Australia
784367,Charith Asalanka,LHB,ON_THE_STUMPS,FULL,112,76,5,22.4,147.37,Sri Lanka
422108,KL Rahul,RHB,WIDE_OUTSIDE_OFFSTUMP,FULL,165,76,7,23.57,217.11,India
1137283,Thomas Rogers,LHB,OUTSIDE_OFFSTUMP,GOOD_LENGTH,81,76,2,40.5,106.58,Australia
300628,Dinesh Chandimal,RHB,ON_THE_STUMPS,SHORT_OF_A_GOOD_LENGTH,88,76,3,29.33,115.79,Sri Lanka
959767,Rachin Ravindra,LHB,ON_THE_STUMPS,GOOD_LENGTH,101,76,8,12.62,132.89,New Zealand
44936,AB de Villiers,RHB,WIDE_OUTSIDE_OFFSTUMP,GOOD_LENGTH,115,76,4,28.75,151.32,South Africa
1137262,Azam Khan,RHB,OUTSIDE_OFFSTUMP,SHORT,160,75,4,40.0,213.33,Pakistan
439952,Chris Morris,RHB,ON_THE_STUMPS,GOOD_LENGTH,106,75,7,15.14,141.33,South Africa
333066,Johnson Charles,RHB,WIDE_OUTSIDE_OFFSTUMP,GOOD_LENGTH,117,75,4,29.25,156.0,West Indies
505120,Ashton Agar,LHB,OUTSIDE_OFFSTUMP,FULL,109,75,2,54.5,145.33,Australia
379143,Quinton de Kock,LHB,OUTSIDE_OFFSTUMP,SHORT,144,75,3,48.0,192.0,South Africa
5334,Aaron Finch,RHB,DOWN_LEG,GOOD_LENGTH,81,75,3,27.0,108.0,Australia
494230,Asif Ali,RHB,ON_THE_STUMPS,SHORT_OF_A_GOOD_LENGTH,97,75,6,16.17,129.33,Pakistan
248920,Devon Thomas,RHB,ON_THE_STUMPS,GOOD_LENGTH,43,75,4,10.75,57.33,West Indies
539511,Henry Nicholls,LHB,OUTSIDE_OFFSTUMP,GOOD_LENGTH,71,75,4,17.75,94.67,New Zealand
1159711,Shahbaz Ahmed,LHB,OUTSIDE_OFFSTUMP,GOOD_LENGTH,67,75,3,22.33,89.33,India
1209110,Basil Hameed,RHB,OUTSIDE_OFFSTUMP,GOOD_LENGTH,68,75,4,17.0,90.67,United Arab Emirates
261354,Nathan Coulter-Nile,RHB,OUTSIDE_OFFSTUMP,GOOD_LENGTH,83,75,9,9.22,110.67,Australia
631668,Stephen Eskinazi,RHB,OUTSIDE_OFFSTUMP,GOOD_LENGTH,86,75,7,12.29,114.67,England
316102,Craig Williams,RHB,OUTSIDE_OFFSTUMP,GOOD_LENGTH,78,75,3,26.0,104.0,Namibia
670035,Brandon King,RHB,OUTSIDE_OFFSTUMP,SHORT,137,75,9,15.22,182.67,West Indies
422965,Shehan Jayasuriya,LHB,ON_THE_STUMPS,GOOD_LENGTH,84,75,5,16.8,112.0,United States of America
28763,Gautam Gambhir,LHB,OUTSIDE_OFFSTUMP,SHORT_OF_A_GOOD_LENGTH,58,75,1,58.0,77.33,India
5334,Aaron Finch,RHB,WIDE_OUTSIDE_OFFSTUMP,GOOD_LENGTH,80,75,3,26.67,106.67,Australia
219889,David Warner,LHB,WIDE_OUTSIDE_OFFSTUMP,FULL,125,75,3,41.67,166.67,Australia
628240,Hussain Talat,LHB,ON_THE_STUMPS,SHORT_OF_A_GOOD_LENGTH,81,75,3,27.0,108.0,Pakistan
226492,Martin Guptill,RHB,DOWN_LEG,GOOD_LENGTH,83,75,2,41.5,110.67,New Zealand
1123428,Usman Khan,RHB,ON_THE_STUMPS,FULL,132,75,1,132.0,176.0,Pakistan
236489,Dawid Malan,LHB,DOWN_LEG,GOOD_LENGTH,82,74,1,82.0,110.81,England
1124283,Aaron Hardie,RHB,ON_THE_STUMPS,FULL,85,74,4,21.25,114.86,Australia
820691,Odean Smith,RHB,OUTSIDE_OFFSTUMP,SHORT_OF_A_GOOD_LENGTH,72,74,5,14.4,97.3,West Indies
321777,David Miller,LHB,OUTSIDE_OFFSTUMP,FULL_TOSS,148,74,6,24.67,200.0,South Africa
1091078,Tion Webster,RHB,ON_THE_STUMPS,GOOD_LENGTH,79,74,6,13.17,106.76,West Indies
32498,Yusuf Pathan,RHB,OUTSIDE_OFFSTUMP,FULL,118,74,5,23.6,159.46,India
1276719,Kashyap Prajapati,RHB,OUTSIDE_OFFSTUMP,GOOD_LENGTH,59,74,6,9.83,79.73,Oman
719719,M Shahrukh Khan,RHB,OUTSIDE_OFFSTUMP,GOOD_LENGTH,85,74,6,14.17,114.86,India
12454,Joe Denly,RHB,OUTSIDE_OFFSTUMP,FULL,92,74,2,46.0,124.32,England
677081,Keemo Paul,RHB,OUTSIDE_OFFSTUMP,FULL,125,74,4,31.25,168.92,West Indies
502714,Mitchell Santner,LHB,OUTSIDE_OFFSTUMP,FULL,122,74,7,17.43,164.86,New Zealand
249866,Alex Hales,RHB,DOWN_LEG,GOOD_LENGTH,75,74,4,18.75,101.35,England
276298,Andre Russell,RHB,OUTSIDE_OFFSTUMP,FULL_TOSS,190,74,5,38.0,256.76,West Indies
1119026,Devdutt Padikkal,LHB,DOWN_LEG,SHORT_OF_A_GOOD_LENGTH,84,74,2,42.0,113.51,India
1060380,Ruturaj Gaikwad,RHB,OUTSIDE_OFFSTUMP,SHORT,176,74,3,58.67,237.84,India
629059,Yasir Ali,RHB,OUTSIDE_OFFSTUMP,FULL,104,74,6,17.33,140.54,Bangladesh
42639,Shahid Afridi,RHB,OUTSIDE_OFFSTUMP,GOOD_LENGTH,106,74,5,21.2,143.24,Pakistan
437927,Stephan Baard,RHB,ON_THE_STUMPS,GOOD_LENGTH,95,74,4,23.75,128.38,Namibia
625964,Tim Seifert,RHB,OUTSIDE_OFFSTUMP,SHORT,143,74,6,23.83,193.24,New Zealand
280734,Imrul Kayes,LHB,ON_THE_STUMPS,SHORT_OF_A_GOOD_LENGTH,84,74,4,21.0,113.51,Bangladesh
422108,KL Rahul,RHB,WIDE_OUTSIDE_OFFSTUMP,GOOD_LENGTH,102,74,2,51.0,137.84,India
1161044,Shamim Hossain,LHB,OUTSIDE_OFFSTUMP,FULL,105,73,3,35.0,143.84,Bangladesh
331375,Hamish Rutherford,LHB,ON_THE_STUMPS,GOOD_LENGTH,97,73,4,24.25,132.88,New Zealand
422108,KL Rahul,RHB,DOWN_LEG,GOOD_LENGTH,98,73,2,49.0,134.25,India
833087,Mahedi Hasan,RHB,ON_THE_STUMPS,FULL,83,73,6,13.83,113.7,Bangladesh
1137283,Thomas Rogers,LHB,ON_THE_STUMPS,GOOD_LENGTH,70,73,4,17.5,95.89,Australia
308251,David Willey,LHB,OUTSIDE_OFFSTUMP,FULL,81,73,3,27.0,110.96,England
381743,Daryl Mitchell,RHB,ON_THE_STUMPS,SHORT_OF_A_GOOD_LENGTH,85,73,1,85.0,116.44,New Zealand
325026,Glenn Maxwell,RHB,OUTSIDE_OFFSTUMP,FULL_TOSS,137,73,2,68.5,187.67,Australia
379890,Chad Bowes,RHB,ON_THE_STUMPS,GOOD_LENGTH,75,73,4,18.75,102.74,New Zealand
595267,Matthew Breetzke,RHB,OUTSIDE_OFFSTUMP,SHORT_OF_A_GOOD_LENGTH,90,73,8,11.25,123.29,South Africa
1168667,Joshua Da Silva,RHB,OUTSIDE_OFFSTUMP,GOOD_LENGTH,55,73,4,13.75,75.34,West Indies
1331512,Mirza Baig,RHB,ON_THE_STUMPS,GOOD_LENGTH,69,73,6,11.5,94.52,Pakistan
716733,Khushdil Shah,LHB,ON_THE_STUMPS,FULL,100,73,7,14.29,136.99,Pakistan
961407,Harry Tector,RHB,ON_THE_STUMPS,SHORT_OF_A_GOOD_LENGTH,81,73,5,16.2,110.96,Ireland
547749,Will Young,RHB,ON_THE_STUMPS,GOOD_LENGTH,79,73,2,39.5,108.22,New Zealand
32102,Naman Ojha,RHB,OUTSIDE_OFFSTUMP,GOOD_LENGTH,52,73,5,10.4,71.23,India
595978,Tristan Stubbs,RHB,OUTSIDE_OFFSTUMP,FULL,114,73,6,19.0,156.16,South Africa
53115,Daren Sammy,RHB,ON_THE_STUMPS,GOOD_LENGTH,64,73,10,6.4,87.67,West Indies
55870,Sean Williams,LHB,OUTSIDE_OFFSTUMP,FULL,98,73,2,49.0,134.25,Zimbabwe
28235,Shikhar Dhawan,LHB,WIDE_OUTSIDE_OFFSTUMP,FULL,120,73,1,120.0,164.38,India
707113,Tom Bruce,RHB,OUTSIDE_OFFSTUMP,SHORT_OF_A_GOOD_LENGTH,109,73,2,54.5,149.32,New Zealand
892749,Tim David,RHB,ON_THE_STUMPS,FULL_TOSS,200,73,9,22.22,273.97,Australia
625371,Hardik Pandya,RHB,OUTSIDE_OFFSTUMP,FULL_TOSS,136,73,1,136.0,186.3,India
42657,Shoaib Malik,RHB,OUTSIDE_OFFSTUMP,FULL_TOSS,112,73,3,37.33,153.42,Pakistan
326968,Michael Bracewell,LHB,ON_THE_STUMPS,GOOD_LENGTH,92,73,4,23.0,126.03,New Zealand
7502,Luke Ronchi,RHB,ON_THE_STUMPS,FULL,103,73,4,25.75,141.1,New Zealand
1161381,Mahmudul Hasan Joy,RHB,OUTSIDE_OFFSTUMP,SHORT_OF_A_GOOD_LENGTH,66,73,5,13.2,90.41,Bangladesh
379143,Quinton de Kock,LHB,DOWN_LEG,FULL,96,73,6,16.0,131.51,South Africa
423838,Rahul Tewatia,LHB,OUTSIDE_OFFSTUMP,FULL,130,73,5,26.0,178.08,India
1093638,Imran Ali,LHB,OUTSIDE_OFFSTUMP,GOOD_LENGTH,62,73,3,20.67,84.93,Bahrain
348144,Babar Azam,RHB,DOWN_LEG,GOOD_LENGTH,77,72,1,77.0,106.94,Pakistan
232435,Calum MacLeod,RHB,ON_THE_STUMPS,GOOD_LENGTH,65,72,2,32.5,90.28,Scotland
43265,Sohail Tanvir,LHB,OUTSIDE_OFFSTUMP,FULL,92,72,4,23.0,127.78,Pakistan
8917,Moeen Ali,LHB,DOWN_LEG,GOOD_LENGTH,84,72,5,16.8,116.67,England
50710,Kumar Sangakkara,LHB,ON_THE_STUMPS,GOOD_LENGTH,75,72,4,18.75,104.17,Sri Lanka
34102,Rohit Sharma,RHB,ON_THE_STUMPS,FULL_TOSS,123,72,1,123.0,170.83,India
477021,Vijay Shankar,RHB,ON_THE_STUMPS,FULL,110,72,4,27.5,152.78,India
429754,Niroshan Dickwella,LHB,OUTSIDE_OFFSTUMP,SHORT_OF_A_GOOD_LENGTH,91,72,5,18.2,126.39,Sri Lanka
1168667,Joshua Da Silva,RHB,OUTSIDE_OFFSTUMP,SHORT_OF_A_GOOD_LENGTH,62,72,1,62.0,86.11,West Indies
425943,Sanju Samson,RHB,WIDE_OUTSIDE_OFFSTUMP,GOOD_LENGTH,70,72,8,8.75,97.22,India
253802,Virat Kohli,RHB,WIDE_OUTSIDE_OFFSTUMP,SHORT_OF_A_GOOD_LENGTH,108,72,1,108.0,150.0,India
42657,Shoaib Malik,RHB,WIDE_OUTSIDE_OFFSTUMP,SHORT_OF_A_GOOD_LENGTH,99,72,3,33.0,137.5,Pakistan
41028,Kamran Akmal,RHB,ON_THE_STUMPS,FULL,117,72,5,23.4,162.5,Pakistan
417268,Matthew Cross,RHB,ON_THE_STUMPS,GOOD_LENGTH,67,72,2,33.5,93.06,Scotland
5334,Aaron Finch,RHB,WIDE_OUTSIDE_OFFSTUMP,FULL,156,72,6,26.0,216.67,Australia
348034,George Dockrell,RHB,OUTSIDE_OFFSTUMP,SHORT_OF_A_GOOD_LENGTH,99,72,6,16.5,137.5,Ireland
333780,Nic Maddinson,LHB,OUTSIDE_OFFSTUMP,FULL,81,72,3,27.0,112.5,Australia
391832,Roston Chase,RHB,ON_THE_STUMPS,SHORT_OF_A_GOOD_LENGTH,65,72,3,21.67,90.28,West Indies
670025,Shimron Hetmyer,LHB,ON_THE_STUMPS,SHORT,140,72,7,20.0,194.44,West Indies
931581,Rishabh Pant,LHB,DOWN_LEG,SHORT_OF_A_GOOD_LENGTH,90,72,4,22.5,125.0,India
42657,Shoaib Malik,RHB,WIDE_OUTSIDE_OFFSTUMP,GOOD_LENGTH,75,72,4,18.75,104.17,Pakistan
327830,Dwaine Pretorius,RHB,OUTSIDE_OFFSTUMP,SHORT_OF_A_GOOD_LENGTH,106,72,3,35.33,147.22,South Africa
1151270,Ayush Badoni,RHB,ON_THE_STUMPS,GOOD_LENGTH,88,72,4,22.0,122.22,India
5236,Callum Ferguson,RHB,ON_THE_STUMPS,FULL,92,72,1,92.0,127.78,Australia
211855,Liam Dawson,RHB,OUTSIDE_OFFSTUMP,GOOD_LENGTH,65,72,3,21.67,90.28,England
1091078,Tion Webster,RHB,OUTSIDE_OFFSTUMP,SHORT_OF_A_GOOD_LENGTH,67,71,1,67.0,94.37,West Indies
293831,Regis Chakabva,RHB,ON_THE_STUMPS,GOOD_LENGTH,73,71,7,10.43,102.82,Zimbabwe
348146,Ahsan Ali,RHB,OUTSIDE_OFFSTUMP,GOOD_LENGTH,69,71,3,23.0,97.18,Pakistan
1151288,Sai Sudharsan,LHB,ON_THE_STUMPS,SHORT_OF_A_GOOD_LENGTH,87,71,3,29.0,122.54,India
33335,Suresh Raina,LHB,DOWN_LEG,SHORT,139,71,3,46.33,195.77,India
259410,Ahmed Shehzad,RHB,OUTSIDE_OFFSTUMP,FULL,96,71,3,32.0,135.21,Pakistan
28235,Shikhar Dhawan,LHB,DOWN_LEG,SHORT,130,71,4,32.5,183.1,India
1200965,Saqlain Arshad,RHB,OUTSIDE_OFFSTUMP,GOOD_LENGTH,76,71,3,25.33,107.04,Qatar
315586,Chadwick Walton,RHB,OUTSIDE_OFFSTUMP,SHORT,142,71,6,23.67,200.0,West Indies
237095,Murali Vijay,RHB,OUTSIDE_OFFSTUMP,SHORT_OF_A_GOOD_LENGTH,67,71,4,16.75,94.37,India
446507,Suryakumar Yadav,RHB,WIDE_OUTSIDE_OFFSTUMP,FULL,180,71,7,25.71,253.52,India
486672,Theunis de Bruyn,RHB,OUTSIDE_OFFSTUMP,GOOD_LENGTH,75,71,5,15.0,105.63,South Africa
1076382,Mackenzie Harvey,LHB,ON_THE_STUMPS,GOOD_LENGTH,70,71,2,35.0,98.59,Australia
36084,Yuvraj Singh,LHB,ON_THE_STUMPS,SHORT_OF_A_GOOD_LENGTH,90,71,3,30.0,126.76,India
1076377,Oliver Davies,RHB,OUTSIDE_OFFSTUMP,GOOD_LENGTH,76,71,5,15.2,107.04,Australia
276298,Andre Russell,RHB,WIDE_OUTSIDE_OFFSTUMP,GOOD_LENGTH,114,71,9,12.67,160.56,West Indies
253802,Virat Kohli,RHB,OUTSIDE_OFFSTUMP,FULL_TOSS,114,71,1,114.0,160.56,India
308251,David Willey,LHB,OUTSIDE_OFFSTUMP,SHORT_OF_A_GOOD_LENGTH,83,71,5,16.6,116.9,England
318845,Rilee Rossouw,LHB,DOWN_LEG,SHORT_OF_A_GOOD_LENGTH,90,71,4,22.5,126.76,South Africa
629070,Mohammad Saifuddin,LHB,OUTSIDE_OFFSTUMP,GOOD_LENGTH,77,71,5,15.4,108.45,Bangladesh
530811,Chandrapaul Hemraj,LHB,OUTSIDE_OFFSTUMP,FULL,95,71,4,23.75,133.8,West Indies
480603,Iftikhar Ahmed,RHB,OUTSIDE_OFFSTUMP,SHORT,145,71,3,48.33,204.23,Pakistan
43121,Shaiman Anwar,RHB,OUTSIDE_OFFSTUMP,GOOD_LENGTH,77,71,1,77.0,108.45,United Arab Emirates
481875,George Linde,LHB,ON_THE_STUMPS,GOOD_LENGTH,77,71,3,25.67,108.45,South Africa
230559,Kieron Pollard,RHB,ON_THE_STUMPS,YORKER,70,71,5,14.0,98.59,West Indies
604302,Nicholas Pooran,LHB,DOWN_LEG,FULL,111,70,3,37.0,158.57,West Indies
1205559,Mohammad Haris,RHB,OUTSIDE_OFFSTUMP,SHORT_OF_A_GOOD_LENGTH,83,70,2,41.5,118.57,Pakistan
530812,Akeal Hosein,LHB,ON_THE_STUMPS,GOOD_LENGTH,106,70,3,35.33,151.43,West Indies
677077,Romario Shepherd,RHB,OUTSIDE_OFFSTUMP,FULL,137,70,7,19.57,195.71,West Indies
49764,Angelo Mathews,RHB,ON_THE_STUMPS,SHORT_OF_A_GOOD_LENGTH,93,70,4,23.25,132.86,Sri Lanka
429754,Niroshan Dickwella,LHB,ON_THE_STUMPS,FULL,106,70,1,106.0,151.43,Sri Lanka
318339,Samiullah Shinwari,RHB,ON_THE_STUMPS,GOOD_LENGTH,66,70,5,13.2,94.29,Afghanistan
787073,Chris Green,RHB,OUTSIDE_OFFSTUMP,SHORT_OF_A_GOOD_LENGTH,94,70,4,23.5,134.29,Australia
56194,Tamim Iqbal,LHB,DOWN_LEG,SHORT_OF_A_GOOD_LENGTH,89,70,5,17.8,127.14,Bangladesh
373696,Mominul Haque,LHB,ON_THE_STUMPS,GOOD_LENGTH,65,70,3,21.67,92.86,Bangladesh
326632,Joe Burns,RHB,OUTSIDE_OFFSTUMP,SHORT_OF_A_GOOD_LENGTH,57,70,4,14.25,81.43,Italy
28763,Gautam Gambhir,LHB,DOWN_LEG,GOOD_LENGTH,68,70,3,22.67,97.14,India
494230,Asif Ali,RHB,OUTSIDE_OFFSTUMP,SHORT,103,70,7,14.71,147.14,Pakistan
604527,Nitish Rana,LHB,DOWN_LEG,GOOD_LENGTH,78,70,3,26.0,111.43,India
670025,Shimron Hetmyer,LHB,OUTSIDE_OFFSTUMP,FULL_TOSS,167,70,5,33.4,238.57,West Indies
530812,Akeal Hosein,LHB,OUTSIDE_OFFSTUMP,SHORT_OF_A_GOOD_LENGTH,55,70,1,55.0,78.57,West Indies
53115,Daren Sammy,RHB,OUTSIDE_OFFSTUMP,FULL,101,70,4,25.25,144.29,West Indies
311158,Ben Stokes,LHB,ON_THE_STUMPS,FULL,78,69,6,13.0,113.04,England
25056,Assad Vala,LHB,ON_THE_STUMPS,GOOD_LENGTH,51,69,4,12.75,73.91,Papua New Guinea
670013,Fabian Allen,RHB,ON_THE_STUMPS,FULL,128,69,5,25.6,185.51,West Indies
422108,KL Rahul,RHB,OUTSIDE_OFFSTUMP,FULL_TOSS,152,69,4,38.0,220.29,India
604302,Nicholas Pooran,LHB,DOWN_LEG,SHORT,165,69,3,55.0,239.13,West Indies
669365,Phil Salt,RHB,OUTSIDE_OFFSTUMP,SHORT,156,69,5,31.2,226.09,England
604302,Nicholas Pooran,LHB,DOWN_LEG,SHORT_OF_A_GOOD_LENGTH,96,69,4,24.0,139.13,West Indies
1088610,Jack Edwards,RHB,ON_THE_STUMPS,GOOD_LENGTH,59,69,4,14.75,85.51,Australia
328026,Isuru Udana,RHB,OUTSIDE_OFFSTUMP,GOOD_LENGTH,74,69,6,12.33,107.25,Sri Lanka
834741,Caleb Jewell,LHB,OUTSIDE_OFFSTUMP,FULL,100,69,3,33.33,144.93,Australia
277906,Kane Williamson,RHB,WIDE_OUTSIDE_OFFSTUMP,FULL,123,69,5,24.6,178.26,New Zealand
1161038,Alishan Sharafu,RHB,ON_THE_STUMPS,GOOD_LENGTH,82,69,4,20.5,118.84,United Arab Emirates
5334,Aaron Finch,RHB,DOWN_LEG,FULL,93,69,1,93.0,134.78,Australia
500267,Seb Gotch,RHB,ON_THE_STUMPS,GOOD_LENGTH,74,69,3,24.67,107.25,Australia
787073,Chris Green,RHB,ON_THE_STUMPS,FULL,105,69,5,21.0,152.17,Australia
629059,Yasir Ali,RHB,OUTSIDE_OFFSTUMP,SHORT_OF_A_GOOD_LENGTH,94,69,3,31.33,136.23,Bangladesh
211855,Liam Dawson,RHB,ON_THE_STUMPS,GOOD_LENGTH,59,69,7,8.43,85.51,England
605680,Janneman Malan,RHB,ON_THE_STUMPS,GOOD_LENGTH,51,69,6,8.5,73.91,South Africa
772361,Sam Harper,RHB,OUTSIDE_OFFSTUMP,FULL,80,69,4,20.0,115.94,Australia
820351,Rovman Powell,RHB,WIDE_OUTSIDE_OFFSTUMP,FULL,127,69,1,127.0,184.06,West Indies
629063,Mehidy Hasan Miraz,RHB,ON_THE_STUMPS,FULL,83,69,1,83.0,120.29,Bangladesh
30045,Dinesh Karthik,RHB,WIDE_OUTSIDE_OFFSTUMP,FULL,131,69,5,26.2,189.86,India
230558,Sunil Narine,LHB,DOWN_LEG,GOOD_LENGTH,100,69,3,33.33,144.93,West Indies
28235,Shikhar Dhawan,LHB,OUTSIDE_OFFSTUMP,FULL_TOSS,101,69,1,101.0,146.38,India
525992,Adam Hose,RHB,OUTSIDE_OFFSTUMP,SHORT_OF_A_GOOD_LENGTH,80,69,2,40.0,115.94,England
298438,Jason Roy,RHB,WIDE_OUTSIDE_OFFSTUMP,FULL,128,68,4,32.0,188.24,England
470633,Tom Kohler-Cadmore,RHB,OUTSIDE_OFFSTUMP,FULL,116,68,4,29.0,170.59,England
314615,Jonathan Carter,LHB,ON_THE_STUMPS,GOOD_LENGTH,57,68,4,14.25,83.82,West Indies
230193,Matthew Wade,LHB,WIDE_OUTSIDE_OFFSTUMP,FULL,113,68,6,18.83,166.18,Australia
348056,Kyle Mayers,LHB,DOWN_LEG,SHORT_OF_A_GOOD_LENGTH,90,68,3,30.0,132.35,West Indies
24605,Kevin O'Brien,RHB,OUTSIDE_OFFSTUMP,SHORT_OF_A_GOOD_LENGTH,73,68,1,73.0,107.35,Ireland
721867,Jitesh Sharma,RHB,ON_THE_STUMPS,FULL,101,68,1,101.0,148.53,India
1161024,Prabhsimran Singh,RHB,OUTSIDE_OFFSTUMP,FULL,119,68,2,59.5,175.0,India
525992,Adam Hose,RHB,OUTSIDE_OFFSTUMP,FULL,102,68,2,51.0,150.0,England
1178586,Vriitya Aravind,RHB,OUTSIDE_OFFSTUMP,SHORT_OF_A_GOOD_LENGTH,82,68,3,27.33,120.59,United Arab Emirates
821749,Saif Hassan,RHB,OUTSIDE_OFFSTUMP,GOOD_LENGTH,72,68,4,18.0,105.88,Bangladesh
647785,Sahibzada Farhan,RHB,ON_THE_STUMPS,GOOD_LENGTH,74,68,2,37.0,108.82,Pakistan
722303,Matt Renshaw,LHB,OUTSIDE_OFFSTUMP,SHORT_OF_A_GOOD_LENGTH,67,68,1,67.0,98.53,Australia
28081,MS Dhoni,RHB,OUTSIDE_OFFSTUMP,FULL_TOSS,139,68,1,139.0,204.41,India
1205559,Mohammad Haris,RHB,OUTSIDE_OFFSTUMP,FULL,130,68,2,65.0,191.18,Pakistan
989935,Shahadat Hossain,RHB,OUTSIDE_OFFSTUMP,GOOD_LENGTH,72,68,4,18.0,105.88,Bangladesh
711559,Usman Ghani,RHB,OUTSIDE_OFFSTUMP,FULL,105,68,1,105.0,154.41,Afghanistan
267192,Steven Smith,RHB,WIDE_OUTSIDE_OFFSTUMP,FULL,81,68,3,27.0,119.12,Australia
444970,Jimmy Peirson,RHB,ON_THE_STUMPS,SHORT_OF_A_GOOD_LENGTH,86,68,1,86.0,126.47,Australia
251721,Adam Lyth,LHB,OUTSIDE_OFFSTUMP,GOOD_LENGTH,102,68,2,51.0,150.0,England
787987,Marnus Labuschagne,RHB,OUTSIDE_OFFSTUMP,SHORT_OF_A_GOOD_LENGTH,67,68,2,33.5,98.53,Australia
32498,Yusuf Pathan,RHB,OUTSIDE_OFFSTUMP,SHORT_OF_A_GOOD_LENGTH,84,68,2,42.0,123.53,India
922941,Abdullah Shafique,RHB,OUTSIDE_OFFSTUMP,SHORT_OF_A_GOOD_LENGTH,73,68,2,36.5,107.35,Pakistan
230558,Sunil Narine,LHB,ON_THE_STUMPS,SHORT,102,68,10,10.2,150.0,West Indies
784379,Wanindu Hasaranga,RHB,ON_THE_STUMPS,GOOD_LENGTH,130,67,4,32.5,194.03,Sri Lanka
262456,Dane Vilas,RHB,OUTSIDE_OFFSTUMP,GOOD_LENGTH,58,67,7,8.29,86.57,South Africa
1360563,Muhammad Abbas,RHB,OUTSIDE_OFFSTUMP,GOOD_LENGTH,76,67,3,25.33,113.43,New Zealand
423838,Rahul Tewatia,LHB,OUTSIDE_OFFSTUMP,SHORT_OF_A_GOOD_LENGTH,86,67,2,43.0,128.36,India
232359,Colin Munro,LHB,OUTSIDE_OFFSTUMP,FULL_TOSS,117,67,1,117.0,174.63,New Zealand
300617,Rony Talukdar,RHB,ON_THE_STUMPS,FULL,80,67,5,16.0,119.4,Bangladesh
321777,David Miller,LHB,ON_THE_STUMPS,SHORT,116,67,3,38.67,173.13,South Africa
1168049,Jake Fraser-McGurk,RHB,OUTSIDE_OFFSTUMP,FULL,148,67,2,74.0,220.9,Australia
316102,Craig Williams,RHB,ON_THE_STUMPS,GOOD_LENGTH,71,67,5,14.2,105.97,Namibia
679567,Ben Dwarshuis,LHB,OUTSIDE_OFFSTUMP,GOOD_LENGTH,91,67,4,22.75,135.82,Australia
681117,Faheem Ashraf,LHB,ON_THE_STUMPS,FULL,122,67,5,24.4,182.09,Pakistan
35582,Robin Uthappa,RHB,WIDE_OUTSIDE_OFFSTUMP,GOOD_LENGTH,101,67,1,101.0,150.75,India
36084,Yuvraj Singh,LHB,ON_THE_STUMPS,FULL,98,67,4,24.5,146.27,India
345821,Danushka Gunathilaka,LHB,ON_THE_STUMPS,FULL,80,67,6,13.33,119.4,Sri Lanka
820691,Odean Smith,RHB,OUTSIDE_OFFSTUMP,FULL,144,67,3,48.0,214.93,West Indies
647785,Sahibzada Farhan,RHB,OUTSIDE_OFFSTUMP,SHORT_OF_A_GOOD_LENGTH,85,67,2,42.5,126.87,Pakistan
308251,David Willey,LHB,ON_THE_STUMPS,SHORT_OF_A_GOOD_LENGTH,58,67,4,14.5,86.57,England
1161038,Alishan Sharafu,RHB,OUTSIDE_OFFSTUMP,SHORT_OF_A_GOOD_LENGTH,66,67,4,16.5,98.51,United Arab Emirates
53116,Lendl Simmons,RHB,WIDE_OUTSIDE_OFFSTUMP,FULL,117,66,4,29.25,177.27,West Indies
1027867,Lasith Croospulle,RHB,OUTSIDE_OFFSTUMP,GOOD_LENGTH,68,66,4,17.0,103.03,Sri Lanka
221140,David Wiese,RHB,ON_THE_STUMPS,SHORT_OF_A_GOOD_LENGTH,96,66,3,32.0,145.45,Namibia
300631,Kusal Perera,LHB,DOWN_LEG,GOOD_LENGTH,85,66,2,42.5,128.79,Sri Lanka
990023,Tanzid Hasan,LHB,ON_THE_STUMPS,GOOD_LENGTH,59,66,3,19.67,89.39,Bangladesh
326968,Michael Bracewell,LHB,OUTSIDE_OFFSTUMP,GOOD_LENGTH,81,66,6,13.5,122.73,New Zealand
438563,Mark Chapman,LHB,ON_THE_STUMPS,FULL,111,66,6,18.5,168.18,New Zealand
333780,Nic Maddinson,LHB,ON_THE_STUMPS,FULL,62,66,6,10.33,93.94,Australia
28081,MS Dhoni,RHB,WIDE_OUTSIDE_OFFSTUMP,GOOD_LENGTH,80,66,5,16.0,121.21,India
495964,Ryan Burl,LHB,OUTSIDE_OFFSTUMP,SHORT_OF_A_GOOD_LENGTH,78,66,2,39.0,118.18,Zimbabwe
320652,Asghar Afghan,RHB,OUTSIDE_OFFSTUMP,SHORT_OF_A_GOOD_LENGTH,68,66,4,17.0,103.03,Afghanistan
1151270,Ayush Badoni,RHB,OUTSIDE_OFFSTUMP,FULL,112,66,6,18.67,169.7,India
677077,Romario Shepherd,RHB,ON_THE_STUMPS,FULL,115,66,4,28.75,174.24,West Indies
494581,Rahkeem Cornwall,RHB,ON_THE_STUMPS,FULL,115,66,7,16.43,174.24,West Indies
1081730,Matthew Gilkes,LHB,ON_THE_STUMPS,SHORT_OF_A_GOOD_LENGTH,79,66,2,39.5,119.7,Australia
1161381,Mahmudul Hasan Joy,RHB,ON_THE_STUMPS,FULL,59,66,5,11.8,89.39,Bangladesh
334337,Peter Handscomb,RHB,OUTSIDE_OFFSTUMP,FULL,82,66,5,16.4,124.24,Australia
24598,Eoin Morgan,LHB,DOWN_LEG,GOOD_LENGTH,86,66,2,43.0,130.3,England
1074333,Nuwanidu Fernando,RHB,OUTSIDE_OFFSTUMP,GOOD_LENGTH,74,66,4,18.5,112.12,Sri Lanka
819429,Azmatullah Omarzai,RHB,OUTSIDE_OFFSTUMP,SHORT_OF_A_GOOD_LENGTH,77,66,7,11.0,116.67,Afghanistan
594322,Corbin Bosch,RHB,ON_THE_STUMPS,GOOD_LENGTH,63,66,4,15.75,95.45,South Africa
376169,Michael Neser,RHB,OUTSIDE_OFFSTUMP,GOOD_LENGTH,70,66,7,10.0,106.06,Australia
279810,Wriddhiman Saha,RHB,OUTSIDE_OFFSTUMP,SHORT,135,66,1,135.0,204.55,India
230558,Sunil Narine,LHB,DOWN_LEG,SHORT,161,66,5,32.2,243.94,West Indies
28235,Shikhar Dhawan,LHB,ON_THE_STUMPS,FULL_TOSS,120,65,6,20.0,184.62,India
34102,Rohit Sharma,RHB,OUTSIDE_OFFSTUMP,FULL_TOSS,150,65,1,150.0,230.77,India
321777,David Miller,LHB,WIDE_OUTSIDE_OFFSTUMP,GOOD_LENGTH,94,65,4,23.5,144.62,South Africa
1070168,Prithvi Shaw,RHB,OUTSIDE_OFFSTUMP,SHORT,123,65,6,20.5,189.23,India
625371,Hardik Pandya,RHB,WIDE_OUTSIDE_OFFSTUMP,FULL,162,65,3,54.0,249.23,India
360456,Asela Gunaratne,RHB,ON_THE_STUMPS,GOOD_LENGTH,76,65,3,25.33,116.92,Sri Lanka
1194744,Shevon Daniel,LHB,OUTSIDE_OFFSTUMP,GOOD_LENGTH,84,65,2,42.0,129.23,Sri Lanka
1124283,Aaron Hardie,RHB,OUTSIDE_OFFSTUMP,FULL,98,65,4,24.5,150.77,Australia
628240,Hussain Talat,LHB,ON_THE_STUMPS,FULL,108,65,5,21.6,166.15,Pakistan
230549,Jason Mohammed,RHB,OUTSIDE_OFFSTUMP,SHORT_OF_A_GOOD_LENGTH,75,65,3,25.0,115.38,West Indies
958691,Ashen Bandara,RHB,OUTSIDE_OFFSTUMP,GOOD_LENGTH,50,65,1,50.0,76.92,Sri Lanka
321777,David Miller,LHB,ON_THE_STUMPS,FULL_TOSS,134,65,5,26.8,206.15,South Africa
32242,Parthiv Patel,LHB,ON_THE_STUMPS,FULL,94,65,5,18.8,144.62,India
51880,Chris Gayle,LHB,ON_THE_STUMPS,FULL_TOSS,122,65,3,40.67,187.69,West Indies
25490,Richie Berrington,RHB,ON_THE_STUMPS,GOOD_LENGTH,73,65,5,14.6,112.31,Scotland
230555,Shamarh Brooks,RHB,OUTSIDE_OFFSTUMP,FULL,109,65,4,27.25,167.69,West Indies
505110,Kurtis Patterson,LHB,OUTSIDE_OFFSTUMP,FULL,92,65,3,30.67,141.54,Australia
381743,Daryl Mitchell,RHB,OUTSIDE_OFFSTUMP,SHORT,99,65,5,19.8,152.31,New Zealand
232359,Colin Munro,LHB,OUTSIDE_OFFSTUMP,SHORT,145,65,4,36.25,223.08,New Zealand
296597,James Vince,RHB,DOWN_LEG,GOOD_LENGTH,66,65,3,22.0,101.54,England
1088610,Jack Edwards,RHB,OUTSIDE_OFFSTUMP,SHORT_OF_A_GOOD_LENGTH,64,65,3,21.33,98.46,Australia
720471,Ishan Kishan,LHB,OUTSIDE_OFFSTUMP,SHORT,129,65,9,14.33,198.46,India
230559,Kieron Pollard,RHB,DOWN_LEG,GOOD_LENGTH,79,65,3,26.33,121.54,West Indies
1168651,Haider Ali,RHB,OUTSIDE_OFFSTUMP,FULL,95,65,5,19.0,146.15,Pakistan
1070180,Priyam Garg,RHB,OUTSIDE_OFFSTUMP,GOOD_LENGTH,65,65,6,10.83,100.0,India
604302,Nicholas Pooran,LHB,ON_THE_STUMPS,FULL_TOSS,103,64,7,14.71,160.94,West Indies
42657,Shoaib Malik,RHB,ON_THE_STUMPS,FULL_TOSS,118,64,4,29.5,184.38,Pakistan
533870,Nick Larkin,RHB,ON_THE_STUMPS,SHORT_OF_A_GOOD_LENGTH,79,64,4,19.75,123.44,Australia
431909,Jermaine Blackwood,RHB,OUTSIDE_OFFSTUMP,GOOD_LENGTH,71,64,2,35.5,110.94,West Indies
325012,Marcus Stoinis,RHB,OUTSIDE_OFFSTUMP,FULL_TOSS,123,64,4,30.75,192.19,Australia
308967,Jos Buttler,RHB,OUTSIDE_OFFSTUMP,FULL_TOSS,116,64,2,58.0,181.25,England
1151288,Sai Sudharsan,LHB,ON_THE_STUMPS,FULL,118,64,3,39.33,184.38,India
1076713,Cameron Green,RHB,OUTSIDE_OFFSTUMP,FULL,121,64,5,24.2,189.06,Australia
34102,Rohit Sharma,RHB,DOWN_LEG,GOOD_LENGTH,85,64,4,21.25,132.81,India
505120,Ashton Agar,LHB,ON_THE_STUMPS,FULL,74,64,8,9.25,115.62,Australia
25446,Kyle Coetzer,RHB,OUTSIDE_OFFSTUMP,GOOD_LENGTH,78,64,2,39.0,121.88,Scotland
348144,Babar Azam,RHB,DOWN_LEG,SHORT_OF_A_GOOD_LENGTH,72,64,1,72.0,112.5,Pakistan
304735,Dilshan Munaweera,RHB,OUTSIDE_OFFSTUMP,GOOD_LENGTH,65,64,2,32.5,101.56,Sri Lanka
671805,George Munsey,LHB,OUTSIDE_OFFSTUMP,FULL,94,64,1,94.0,146.88,Scotland
698199,Mitchell Van Buuren,RHB,OUTSIDE_OFFSTUMP,GOOD_LENGTH,65,64,1,65.0,101.56,South Africa
25913,Mohammad Nabi,RHB,WIDE_OUTSIDE_OFFSTUMP,FULL,132,64,4,33.0,206.25,Afghanistan
12454,Joe Denly,RHB,ON_THE_STUMPS,FULL,93,64,3,31.0,145.31,England
219889,David Warner,LHB,OUTSIDE_OFFSTUMP,FULL_TOSS,112,64,1,112.0,175.0,Australia
671805,George Munsey,LHB,ON_THE_STUMPS,FULL,72,64,6,12.0,112.5,Scotland
234675,Ravindra Jadeja,LHB,ON_THE_STUMPS,SHORT,98,64,4,24.5,153.12,India
431901,Evin Lewis,LHB,OUTSIDE_OFFSTUMP,SHORT,156,64,4,39.0,243.75,West Indies
595921,Curtis Campher,RHB,ON_THE_STUMPS,FULL,88,64,6,14.67,137.5,Ireland
55870,Sean Williams,LHB,ON_THE_STUMPS,FULL,94,64,2,47.0,146.88,Zimbabwe
333066,Johnson Charles,RHB,DOWN_LEG,GOOD_LENGTH,65,64,1,65.0,101.56,West Indies
1161024,Prabhsimran Singh,RHB,ON_THE_STUMPS,FULL,108,64,5,21.6,168.75,India
1178586,Vriitya Aravind,RHB,OUTSIDE_OFFSTUMP,FULL,75,64,2,37.5,117.19,United Arab Emirates
1217288,Usman Patel,RHB,OUTSIDE_OFFSTUMP,GOOD_LENGTH,50,63,2,25.0,79.37,Kuwait
990031,Towhid Hridoy,RHB,ON_THE_STUMPS,SHORT_OF_A_GOOD_LENGTH,81,63,4,20.25,128.57,Bangladesh
431901,Evin Lewis,LHB,DOWN_LEG,SHORT,138,63,7,19.71,219.05,West Indies
43265,Sohail Tanvir,LHB,ON_THE_STUMPS,GOOD_LENGTH,62,63,5,12.4,98.41,Pakistan
629059,Yasir Ali,RHB,ON_THE_STUMPS,FULL,96,63,3,32.0,152.38,Bangladesh
10582,Ravi Bopara,RHB,ON_THE_STUMPS,SHORT_OF_A_GOOD_LENGTH,70,63,4,17.5,111.11,England
641423,Dan Lawrence,RHB,ON_THE_STUMPS,GOOD_LENGTH,70,63,10,7.0,111.11,England
940593,Aqib Ilyas,RHB,OUTSIDE_OFFSTUMP,SHORT_OF_A_GOOD_LENGTH,65,63,5,13.0,103.17,Oman
537319,Kennar Lewis,RHB,ON_THE_STUMPS,GOOD_LENGTH,100,63,3,33.33,158.73,West Indies
877051,Tom Banton,RHB,ON_THE_STUMPS,FULL,98,63,7,14.0,155.56,England
304735,Dilshan Munaweera,RHB,ON_THE_STUMPS,GOOD_LENGTH,61,63,5,12.2,96.83,Sri Lanka
530811,Chandrapaul Hemraj,LHB,ON_THE_STUMPS,FULL,97,63,5,19.4,153.97,West Indies
28235,Shikhar Dhawan,LHB,WIDE_OUTSIDE_OFFSTUMP,GOOD_LENGTH,101,63,2,50.5,160.32,India
277911,George Worker,LHB,ON_THE_STUMPS,GOOD_LENGTH,70,63,2,35.0,111.11,New Zealand
670025,Shimron Hetmyer,LHB,OUTSIDE_OFFSTUMP,SHORT,135,63,6,22.5,214.29,West Indies
290716,Kedar Jadhav,RHB,OUTSIDE_OFFSTUMP,FULL,78,63,3,26.0,123.81,India
53115,Daren Sammy,RHB,ON_THE_STUMPS,FULL,70,63,4,17.5,111.11,West Indies
594322,Corbin Bosch,RHB,OUTSIDE_OFFSTUMP,GOOD_LENGTH,63,63,6,10.5,100.0,South Africa
848623,Mark Deyal,LHB,OUTSIDE_OFFSTUMP,SHORT_OF_A_GOOD_LENGTH,103,63,3,34.33,163.49,West Indies
56029,Mushfiqur Rahim,RHB,OUTSIDE_OFFSTUMP,SHORT,139,62,2,69.5,224.19,Bangladesh
51862,Andre Fletcher,RHB,WIDE_OUTSIDE_OFFSTUMP,GOOD_LENGTH,66,62,4,16.5,106.45,West Indies
1193541,William Clark,RHB,OUTSIDE_OFFSTUMP,GOOD_LENGTH,56,62,2,28.0,90.32,New Zealand
521637,Ben Duckett,LHB,OUTSIDE_OFFSTUMP,SHORT_OF_A_GOOD_LENGTH,79,62,6,13.17,127.42,England
53115,Daren Sammy,RHB,OUTSIDE_OFFSTUMP,SHORT_OF_A_GOOD_LENGTH,70,62,5,14.0,112.9,West Indies
1123428,Usman Khan,RHB,ON_THE_STUMPS,SHORT_OF_A_GOOD_LENGTH,101,62,1,101.0,162.9,Pakistan
793463,Rashid Khan,RHB,ON_THE_STUMPS,FULL,84,62,7,12.0,135.48,Afghanistan
373538,Sabbir Rahman,RHB,ON_THE_STUMPS,FULL,67,62,3,22.33,108.06,Bangladesh
1137283,Thomas Rogers,LHB,ON_THE_STUMPS,SHORT_OF_A_GOOD_LENGTH,66,62,3,22.0,106.45,Australia
43906,Hashim Amla,RHB,OUTSIDE_OFFSTUMP,FULL,74,62,3,24.67,119.35,South Africa
277662,Corey Anderson,LHB,ON_THE_STUMPS,SHORT_OF_A_GOOD_LENGTH,63,62,1,63.0,101.61,United States of America
398666,Sean Abbott,RHB,OUTSIDE_OFFSTUMP,GOOD_LENGTH,62,62,9,6.89,100.0,Australia
431901,Evin Lewis,LHB,ON_THE_STUMPS,SHORT,160,62,4,40.0,258.06,West Indies
227760,Sarfaraz Ahmed,RHB,ON_THE_STUMPS,SHORT_OF_A_GOOD_LENGTH,87,62,1,87.0,140.32,Pakistan
36948,Anton Devcich,LHB,OUTSIDE_OFFSTUMP,GOOD_LENGTH,65,62,4,16.25,104.84,New Zealand
784379,Wanindu Hasaranga,RHB,OUTSIDE_OFFSTUMP,GOOD_LENGTH,104,62,7,14.86,167.74,Sri Lanka
326637,Chris Lynn,RHB,DOWN_LEG,GOOD_LENGTH,87,62,2,43.5,140.32,Australia
1167770,Meet Bhavsar,LHB,ON_THE_STUMPS,GOOD_LENGTH,67,62,3,22.33,108.06,Kuwait
940593,Aqib Ilyas,RHB,ON_THE_STUMPS,GOOD_LENGTH,74,62,3,24.67,119.35,Oman
793467,Karim Janat,RHB,ON_THE_STUMPS,FULL,79,62,6,13.17,127.42,Afghanistan
670025,Shimron Hetmyer,LHB,DOWN_LEG,SHORT,139,62,3,46.33,224.19,West Indies
547749,Will Young,RHB,OUTSIDE_OFFSTUMP,SHORT_OF_A_GOOD_LENGTH,80,62,3,26.67,129.03,New Zealand
308967,Jos Buttler,RHB,ON_THE_STUMPS,FULL_TOSS,130,62,4,32.5,209.68,England
398439,Karun Nair,RHB,OUTSIDE_OFFSTUMP,FULL,94,62,3,31.33,151.61,India
308967,Jos Buttler,RHB,ON_THE_STUMPS,YORKER,46,62,10,4.6,74.19,England
56143,Shakib Al Hasan,LHB,DOWN_LEG,SHORT_OF_A_GOOD_LENGTH,68,62,5,13.6,109.68,Bangladesh
605661,Ryan Rickelton,LHB,OUTSIDE_OFFSTUMP,SHORT_OF_A_GOOD_LENGTH,69,62,1,69.0,111.29,South Africa
51862,Andre Fletcher,RHB,WIDE_OUTSIDE_OFFSTUMP,SHORT_OF_A_GOOD_LENGTH,74,62,1,74.0,119.35,West Indies
1290929,Tim Robinson,RHB,ON_THE_STUMPS,GOOD_LENGTH,111,62,1,111.0,179.03,New Zealand
398506,Mandeep Singh,RHB,ON_THE_STUMPS,FULL,84,62,3,28.0,135.48,India
28081,MS Dhoni,RHB,WIDE_OUTSIDE_OFFSTUMP,FULL,111,62,5,22.2,179.03,India
333780,Nic Maddinson,LHB,OUTSIDE_OFFSTUMP,SHORT_OF_A_GOOD_LENGTH,83,62,8,10.38,133.87,Australia
1194744,Shevon Daniel,LHB,ON_THE_STUMPS,GOOD_LENGTH,64,62,3,21.33,103.23,Sri Lanka
594322,Corbin Bosch,RHB,OUTSIDE_OFFSTUMP,SHORT_OF_A_GOOD_LENGTH,55,62,4,13.75,88.71,South Africa
230556,Andre McCarthy,RHB,OUTSIDE_OFFSTUMP,GOOD_LENGTH,49,62,4,12.25,79.03,West Indies
325026,Glenn Maxwell,RHB,ON_THE_STUMPS,SHORT,149,62,1,149.0,240.32,Australia
27223,Stuart Binny,RHB,OUTSIDE_OFFSTUMP,GOOD_LENGTH,68,62,5,13.6,109.68,India
230193,Matthew Wade,LHB,ON_THE_STUMPS,SHORT,125,62,6,20.83,201.61,Australia
230371,Ben Cutting,RHB,ON_THE_STUMPS,SHORT_OF_A_GOOD_LENGTH,82,62,1,82.0,132.26,Australia
595921,Curtis Campher,RHB,OUTSIDE_OFFSTUMP,FULL,104,62,4,26.0,167.74,Ireland
300617,Rony Talukdar,RHB,OUTSIDE_OFFSTUMP,FULL,75,62,4,18.75,120.97,Bangladesh
348034,George Dockrell,RHB,OUTSIDE_OFFSTUMP,FULL,92,62,8,11.5,148.39,Ireland
6683,Shaun Marsh,LHB,DOWN_LEG,GOOD_LENGTH,51,62,3,17.0,82.26,Australia
931581,Rishabh Pant,LHB,DOWN_LEG,SHORT,110,62,4,27.5,177.42,India
603410,Ben McDermott,RHB,WIDE_OUTSIDE_OFFSTUMP,FULL,71,61,7,10.14,116.39,Australia
300629,Angelo Perera,RHB,OUTSIDE_OFFSTUMP,GOOD_LENGTH,54,61,4,13.5,88.52,Sri Lanka
326016,Bhuvneshwar Kumar,RHB,OUTSIDE_OFFSTUMP,GOOD_LENGTH,59,61,7,8.43,96.72,India
296597,James Vince,RHB,WIDE_OUTSIDE_OFFSTUMP,GOOD_LENGTH,90,61,6,15.0,147.54,England
325026,Glenn Maxwell,RHB,WIDE_OUTSIDE_OFFSTUMP,GOOD_LENGTH,70,61,3,23.33,114.75,Australia
465793,Dhananjaya de Silva,RHB,ON_THE_STUMPS,FULL,86,61,4,21.5,140.98,Sri Lanka
222354,Milinda Siriwardana,LHB,OUTSIDE_OFFSTUMP,GOOD_LENGTH,63,61,7,9.0,103.28,Sri Lanka
51862,Andre Fletcher,RHB,DOWN_LEG,GOOD_LENGTH,90,61,2,45.0,147.54,West Indies
793463,Rashid Khan,RHB,ON_THE_STUMPS,GOOD_LENGTH,66,61,6,11.0,108.2,Afghanistan
55395,Colin de Grandhomme,RHB,ON_THE_STUMPS,FULL,78,61,5,15.6,127.87,New Zealand
429754,Niroshan Dickwella,LHB,ON_THE_STUMPS,SHORT_OF_A_GOOD_LENGTH,76,61,5,15.2,124.59,Sri Lanka
248920,Devon Thomas,RHB,ON_THE_STUMPS,FULL,74,61,1,74.0,121.31,West Indies
475281,Shardul Thakur,RHB,OUTSIDE_OFFSTUMP,GOOD_LENGTH,82,61,6,13.67,134.43,India
8180,Shane Watson,RHB,ON_THE_STUMPS,SHORT,175,61,3,58.33,286.89,Australia
253802,Virat Kohli,RHB,DOWN_LEG,SHORT_OF_A_GOOD_LENGTH,72,61,1,72.0,118.03,India
26421,Ravichandran Ashwin,RHB,OUTSIDE_OFFSTUMP,FULL,94,61,8,11.75,154.1,India
921509,Ibrahim Zadran,RHB,ON_THE_STUMPS,SHORT_OF_A_GOOD_LENGTH,49,61,3,16.33,80.33,Afghanistan
318845,Rilee Rossouw,LHB,OUTSIDE_OFFSTUMP,SHORT,122,61,7,17.43,200.0,South Africa
512191,Fakhar Zaman,LHB,ON_THE_STUMPS,SHORT,113,61,10,11.3,185.25,Pakistan
42657,Shoaib Malik,RHB,DOWN_LEG,GOOD_LENGTH,62,61,3,20.67,101.64,Pakistan
481875,George Linde,LHB,OUTSIDE_OFFSTUMP,FULL,75,61,4,18.75,122.95,South Africa
1241277,Muhammad Waseem,RHB,ON_THE_STUMPS,SHORT_OF_A_GOOD_LENGTH,97,61,3,32.33,159.02,United Arab Emirates
5236,Callum Ferguson,RHB,ON_THE_STUMPS,SHORT_OF_A_GOOD_LENGTH,86,61,4,21.5,140.98,Australia
834741,Caleb Jewell,LHB,ON_THE_STUMPS,FULL,94,61,2,47.0,154.1,Australia
500267,Seb Gotch,RHB,OUTSIDE_OFFSTUMP,GOOD_LENGTH,56,61,4,14.0,91.8,Australia
232359,Colin Munro,LHB,ON_THE_STUMPS,FULL_TOSS,81,61,5,16.2,132.79,New Zealand
1074333,Nuwanidu Fernando,RHB,ON_THE_STUMPS,GOOD_LENGTH,60,61,2,30.0,98.36,Sri Lanka
935995,Afif Hossain,LHB,DOWN_LEG,GOOD_LENGTH,62,61,2,31.0,101.64,Bangladesh
51880,Chris Gayle,LHB,WIDE_OUTSIDE_OFFSTUMP,FULL,101,61,9,11.22,165.57,West Indies
398439,Karun Nair,RHB,ON_THE_STUMPS,FULL,98,61,4,24.5,160.66,India
625371,Hardik Pandya,RHB,ON_THE_STUMPS,YORKER,52,61,4,13.0,85.25,India
914171,Qais Ahmad,RHB,OUTSIDE_OFFSTUMP,GOOD_LENGTH,69,61,3,23.0,113.11,Afghanistan
298438,Jason Roy,RHB,WIDE_OUTSIDE_OFFSTUMP,GOOD_LENGTH,71,61,5,14.2,116.39,England
537124,Gurkeerat Singh Mann,RHB,OUTSIDE_OFFSTUMP,GOOD_LENGTH,72,61,4,18.0,118.03,India
633445,Hisham Shaikh,RHB,OUTSIDE_OFFSTUMP,GOOD_LENGTH,45,61,6,7.5,73.77,Saudi Arabia
251721,Adam Lyth,LHB,ON_THE_STUMPS,GOOD_LENGTH,90,60,5,18.0,150.0,England
43590,Wahab Riaz,RHB,ON_THE_STUMPS,GOOD_LENGTH,71,60,9,7.89,118.33,Pakistan
379143,Quinton de Kock,LHB,WIDE_OUTSIDE_OFFSTUMP,GOOD_LENGTH,100,60,3,33.33,166.67,South Africa
6161,Michael Klinger,RHB,OUTSIDE_OFFSTUMP,FULL,63,60,4,15.75,105.0,Australia
379143,Quinton de Kock,LHB,DOWN_LEG,SHORT,161,60,3,53.67,268.33,South Africa
265564,Wayne Parnell,LHB,OUTSIDE_OFFSTUMP,GOOD_LENGTH,49,60,7,7.0,81.67,South Africa
922943,Shadab Khan,RHB,OUTSIDE_OFFSTUMP,SHORT,111,60,9,12.33,185.0,Pakistan
512191,Fakhar Zaman,LHB,WIDE_OUTSIDE_OFFSTUMP,FULL,107,60,7,15.29,178.33,Pakistan
1290929,Tim Robinson,RHB,OUTSIDE_OFFSTUMP,GOOD_LENGTH,110,60,3,36.67,183.33,New Zealand
604527,Nitish Rana,LHB,ON_THE_STUMPS,SHORT,98,60,5,19.6,163.33,India
398439,Karun Nair,RHB,ON_THE_STUMPS,SHORT_OF_A_GOOD_LENGTH,73,60,4,18.25,121.67,India
519070,Gerhard Erasmus,RHB,OUTSIDE_OFFSTUMP,SHORT_OF_A_GOOD_LENGTH,62,60,3,20.67,103.33,Namibia
303423,Andy Balbirnie,RHB,ON_THE_STUMPS,SHORT_OF_A_GOOD_LENGTH,78,60,2,39.0,130.0,Ireland
298438,Jason Roy,RHB,DOWN_LEG,SHORT_OF_A_GOOD_LENGTH,77,60,1,77.0,128.33,England
226492,Martin Guptill,RHB,WIDE_OUTSIDE_OFFSTUMP,FULL,101,60,6,16.83,168.33,New Zealand
1167770,Meet Bhavsar,LHB,OUTSIDE_OFFSTUMP,GOOD_LENGTH,61,60,3,20.33,101.67,Kuwait
494581,Rahkeem Cornwall,RHB,ON_THE_STUMPS,SHORT_OF_A_GOOD_LENGTH,76,60,1,76.0,126.67,West Indies
1081730,Matthew Gilkes,LHB,ON_THE_STUMPS,FULL,92,60,4,23.0,153.33,Australia
230559,Kieron Pollard,RHB,OUTSIDE_OFFSTUMP,YORKER,48,60,2,24.0,80.0,West Indies
28081,MS Dhoni,RHB,WIDE_OUTSIDE_OFFSTUMP,SHORT_OF_A_GOOD_LENGTH,74,60,4,18.5,123.33,India
36084,Yuvraj Singh,LHB,OUTSIDE_OFFSTUMP,SHORT_OF_A_GOOD_LENGTH,57,60,5,11.4,95.0,India
697059,Zakir Hasan,LHB,ON_THE_STUMPS,GOOD_LENGTH,65,60,6,10.83,108.33,Bangladesh
834741,Caleb Jewell,LHB,ON_THE_STUMPS,SHORT_OF_A_GOOD_LENGTH,79,60,2,39.5,131.67,Australia
533870,Nick Larkin,RHB,OUTSIDE_OFFSTUMP,FULL,79,60,1,79.0,131.67,Australia
230371,Ben Cutting,RHB,OUTSIDE_OFFSTUMP,SHORT,136,60,1,136.0,226.67,Australia
419873,Mohammad Shahzad,RHB,OUTSIDE_OFFSTUMP,FULL,130,60,4,32.5,216.67,Afghanistan
33335,Suresh Raina,LHB,ON_THE_STUMPS,SHORT,86,60,5,17.2,143.33,India
402992,Shuvagata Hom,RHB,OUTSIDE_OFFSTUMP,GOOD_LENGTH,68,60,6,11.33,113.33,Bangladesh
55395,Colin de Grandhomme,RHB,ON_THE_STUMPS,SHORT_OF_A_GOOD_LENGTH,89,59,1,89.0,150.85,New Zealand
235516,Richmond Mutumbami,RHB,OUTSIDE_OFFSTUMP,GOOD_LENGTH,65,59,6,10.83,110.17,Zimbabwe
1255248,Jordan Hermann,LHB,OUTSIDE_OFFSTUMP,FULL,58,59,2,29.0,98.31,South Africa
337790,Rassie van der Dussen,RHB,OUTSIDE_OFFSTUMP,SHORT,114,59,3,38.0,193.22,South Africa
930189,Lalit Yadav,RHB,OUTSIDE_OFFSTUMP,GOOD_LENGTH,75,59,2,37.5,127.12,India
8291,Cameron White,RHB,OUTSIDE_OFFSTUMP,SHORT_OF_A_GOOD_LENGTH,56,59,2,28.0,94.92,Australia
629070,Mohammad Saifuddin,LHB,ON_THE_STUMPS,GOOD_LENGTH,59,59,2,29.5,100.0,Bangladesh
307639,Ahmad Faiz,RHB,OUTSIDE_OFFSTUMP,GOOD_LENGTH,46,59,5,9.2,77.97,Malaysia
398438,Mayank Agarwal,RHB,OUTSIDE_OFFSTUMP,SHORT,99,59,6,16.5,167.8,India
24598,Eoin Morgan,LHB,ON_THE_STUMPS,SHORT,80,59,7,11.43,135.59,England
298438,Jason Roy,RHB,DOWN_LEG,GOOD_LENGTH,72,59,2,36.0,122.03,England
595739,Leus du Plooy,LHB,OUTSIDE_OFFSTUMP,FULL,108,59,3,36.0,183.05,England
595739,Leus du Plooy,LHB,ON_THE_STUMPS,SHORT_OF_A_GOOD_LENGTH,79,59,3,26.33,133.9,England
439952,Chris Morris,RHB,OUTSIDE_OFFSTUMP,FULL,79,59,9,8.78,133.9,South Africa
541224,Luke Jongwe,RHB,OUTSIDE_OFFSTUMP,GOOD_LENGTH,62,59,5,12.4,105.08,Zimbabwe
28763,Gautam Gambhir,LHB,ON_THE_STUMPS,FULL,84,59,3,28.0,142.37,India
302845,Tony Ura,RHB,OUTSIDE_OFFSTUMP,GOOD_LENGTH,59,59,4,14.75,100.0,Papua New Guinea
816627,Macalister Wright,RHB,ON_THE_STUMPS,GOOD_LENGTH,53,59,2,26.5,89.83,Australia
450101,Raymon Reifer,LHB,ON_THE_STUMPS,SHORT_OF_A_GOOD_LENGTH,51,59,5,10.2,86.44,West Indies
233514,Thisara Perera,LHB,WIDE_OUTSIDE_OFFSTUMP,FULL,121,59,6,20.17,205.08,Sri Lanka
1124283,Aaron Hardie,RHB,ON_THE_STUMPS,SHORT_OF_A_GOOD_LENGTH,99,59,6,16.5,167.8,Australia
25490,Richie Berrington,RHB,OUTSIDE_OFFSTUMP,FULL,77,59,4,19.25,130.51,Scotland
267192,Steven Smith,RHB,WIDE_OUTSIDE_OFFSTUMP,SHORT_OF_A_GOOD_LENGTH,77,59,3,25.67,130.51,Australia
42639,Shahid Afridi,RHB,ON_THE_STUMPS,GOOD_LENGTH,87,59,9,9.67,147.46,Pakistan
457249,Carlos Brathwaite,RHB,ON_THE_STUMPS,SHORT_OF_A_GOOD_LENGTH,77,59,5,15.4,130.51,West Indies
53118,Dwayne Smith,RHB,OUTSIDE_OFFSTUMP,SHORT,82,59,5,16.4,138.98,West Indies
877051,Tom Banton,RHB,OUTSIDE_OFFSTUMP,FULL,77,59,5,15.4,130.51,England
1088608,Max Bryant,RHB,OUTSIDE_OFFSTUMP,FULL,127,59,3,42.33,215.25,Australia
505120,Ashton Agar,LHB,OUTSIDE_OFFSTUMP,SHORT_OF_A_GOOD_LENGTH,51,59,4,12.75,86.44,Australia
959767,Rachin Ravindra,LHB,OUTSIDE_OFFSTUMP,GOOD_LENGTH,64,59,1,64.0,108.47,New Zealand
44828,Faf du Plessis,RHB,ON_THE_STUMPS,FULL_TOSS,78,59,7,11.14,132.2,South Africa
5961,Moises Henriques,RHB,WIDE_OUTSIDE_OFFSTUMP,FULL,91,59,2,45.5,154.24,Australia
431901,Evin Lewis,LHB,WIDE_OUTSIDE_OFFSTUMP,FULL,134,59,2,67.0,227.12,West Indies
707113,Tom Bruce,RHB,OUTSIDE_OFFSTUMP,FULL,75,58,2,37.5,129.31,New Zealand
629076,Sadeera Samarawickrama,RHB,ON_THE_STUMPS,FULL,81,58,1,81.0,139.66,Sri Lanka
276298,Andre Russell,RHB,DOWN_LEG,SHORT,104,58,7,14.86,179.31,West Indies
1161381,Mahmudul Hasan Joy,RHB,OUTSIDE_OFFSTUMP,FULL,88,58,1,88.0,151.72,Bangladesh
434813,Marcus Harris,LHB,OUTSIDE_OFFSTUMP,FULL,76,58,3,25.33,131.03,Australia
697059,Zakir Hasan,LHB,OUTSIDE_OFFSTUMP,SHORT_OF_A_GOOD_LENGTH,58,58,3,19.33,100.0,Bangladesh
308251,David Willey,LHB,ON_THE_STUMPS,FULL,74,58,1,74.0,127.59,England
51862,Andre Fletcher,RHB,WIDE_OUTSIDE_OFFSTUMP,FULL,89,58,2,44.5,153.45,West Indies
326639,Simon Milenko,RHB,ON_THE_STUMPS,GOOD_LENGTH,60,58,3,20.0,103.45,Australia
1112537,Jordan Cox,RHB,ON_THE_STUMPS,SHORT_OF_A_GOOD_LENGTH,70,58,3,23.33,120.69,England
308967,Jos Buttler,RHB,DOWN_LEG,SHORT_OF_A_GOOD_LENGTH,61,58,2,30.5,105.17,England
436677,Soumya Sarkar,LHB,DOWN_LEG,GOOD_LENGTH,63,58,4,15.75,108.62,Bangladesh
642519,Shreyas Iyer,RHB,ON_THE_STUMPS,SHORT,71,58,2,35.5,122.41,India
44932,Jean-Paul Duminy,LHB,DOWN_LEG,GOOD_LENGTH,56,58,2,28.0,96.55,South Africa
1099379,Gareth Delany,RHB,ON_THE_STUMPS,GOOD_LENGTH,67,58,4,16.75,115.52,Ireland
8917,Moeen Ali,LHB,WIDE_OUTSIDE_OFFSTUMP,FULL,110,58,3,36.67,189.66,England
280490,JJ Smuts,RHB,ON_THE_STUMPS,FULL,77,58,4,19.25,132.76,South Africa
352048,Gulbadin Naib,RHB,OUTSIDE_OFFSTUMP,SHORT_OF_A_GOOD_LENGTH,76,58,3,25.33,131.03,Afghanistan
417268,Matthew Cross,RHB,OUTSIDE_OFFSTUMP,SHORT_OF_A_GOOD_LENGTH,60,58,4,15.0,103.45,Scotland
625371,Hardik Pandya,RHB,ON_THE_STUMPS,FULL_TOSS,130,58,7,18.57,224.14,India
211748,Benny Howell,RHB,OUTSIDE_OFFSTUMP,SHORT_OF_A_GOOD_LENGTH,85,58,2,42.5,146.55,England
670031,Alzarri Joseph,RHB,OUTSIDE_OFFSTUMP,GOOD_LENGTH,54,58,2,27.0,93.1,West Indies
550215,Kagiso Rabada,LHB,OUTSIDE_OFFSTUMP,GOOD_LENGTH,42,58,5,8.4,72.41,South Africa
1123428,Usman Khan,RHB,OUTSIDE_OFFSTUMP,FULL,102,58,5,20.4,175.86,Pakistan
1209110,Basil Hameed,RHB,OUTSIDE_OFFSTUMP,SHORT_OF_A_GOOD_LENGTH,54,58,1,54.0,93.1,United Arab Emirates
446507,Suryakumar Yadav,RHB,WIDE_OUTSIDE_OFFSTUMP,GOOD_LENGTH,103,58,2,51.5,177.59,India
300618,Nasir Hossain,RHB,ON_THE_STUMPS,GOOD_LENGTH,64,58,4,16.0,110.34,Bangladesh
35582,Robin Uthappa,RHB,OUTSIDE_OFFSTUMP,SHORT,107,58,7,15.29,184.48,India
236489,Dawid Malan,LHB,ON_THE_STUMPS,SHORT,105,58,1,105.0,181.03,England
670025,Shimron Hetmyer,LHB,ON_THE_STUMPS,FULL_TOSS,107,58,5,21.4,184.48,West Indies
1123073,Anuj Rawat,LHB,ON_THE_STUMPS,GOOD_LENGTH,49,58,2,24.5,84.48,India
327830,Dwaine Pretorius,RHB,OUTSIDE_OFFSTUMP,FULL,89,58,4,22.25,153.45,South Africa
623695,Chamika Karunaratne,RHB,ON_THE_STUMPS,GOOD_LENGTH,74,58,4,18.5,127.59,Sri Lanka
8917,Moeen Ali,LHB,ON_THE_STUMPS,SHORT,116,58,2,58.0,200.0,England
42657,Shoaib Malik,RHB,WIDE_OUTSIDE_OFFSTUMP,FULL,126,58,4,31.5,217.24,Pakistan
323389,Mohammad Rizwan,RHB,DOWN_LEG,GOOD_LENGTH,77,58,3,25.67,132.76,Pakistan
37737,Brendon McCullum,RHB,DOWN_LEG,GOOD_LENGTH,80,57,1,80.0,140.35,New Zealand
719715,Washington Sundar,LHB,ON_THE_STUMPS,GOOD_LENGTH,50,57,7,7.14,87.72,India
44936,AB de Villiers,RHB,WIDE_OUTSIDE_OFFSTUMP,FULL,150,57,2,75.0,263.16,South Africa
431901,Evin Lewis,LHB,DOWN_LEG,FULL,85,57,1,85.0,149.12,West Indies
719719,M Shahrukh Khan,RHB,ON_THE_STUMPS,GOOD_LENGTH,68,57,3,22.67,119.3,India
32498,Yusuf Pathan,RHB,OUTSIDE_OFFSTUMP,SHORT,87,57,5,17.4,152.63,India
50710,Kumar Sangakkara,LHB,ON_THE_STUMPS,FULL,72,57,3,24.0,126.32,Sri Lanka
5334,Aaron Finch,RHB,WIDE_OUTSIDE_OFFSTUMP,SHORT_OF_A_GOOD_LENGTH,75,57,1,75.0,131.58,Australia
211748,Benny Howell,RHB,ON_THE_STUMPS,GOOD_LENGTH,62,57,5,12.4,108.77,England
823703,Rajat Patidar,RHB,ON_THE_STUMPS,FULL,133,57,2,66.5,233.33,India
505120,Ashton Agar,LHB,ON_THE_STUMPS,SHORT_OF_A_GOOD_LENGTH,63,57,3,21.0,110.53,Australia
50747,Upul Tharanga,LHB,OUTSIDE_OFFSTUMP,FULL,83,57,2,41.5,145.61,Sri Lanka
269237,Mohammad Mithun,RHB,ON_THE_STUMPS,SHORT_OF_A_GOOD_LENGTH,65,57,4,16.25,114.04,Bangladesh
43906,Hashim Amla,RHB,ON_THE_STUMPS,FULL,83,57,4,20.75,145.61,South Africa
505110,Kurtis Patterson,LHB,ON_THE_STUMPS,FULL,58,57,2,29.0,101.75,Australia
379774,Colin Ackermann,RHB,OUTSIDE_OFFSTUMP,GOOD_LENGTH,55,57,6,9.17,96.49,Netherlands
30045,Dinesh Karthik,RHB,WIDE_OUTSIDE_OFFSTUMP,GOOD_LENGTH,80,57,2,40.0,140.35,India
1065662,Roshon Primus,RHB,OUTSIDE_OFFSTUMP,GOOD_LENGTH,57,57,4,14.25,100.0,West Indies
512191,Fakhar Zaman,LHB,DOWN_LEG,FULL,84,57,2,42.0,147.37,Pakistan
774223,Jhye Richardson,RHB,OUTSIDE_OFFSTUMP,GOOD_LENGTH,43,57,4,10.75,75.44,Australia
5334,Aaron Finch,RHB,ON_THE_STUMPS,SHORT,98,57,3,32.67,171.93,Australia
51784,Rayad Emrit,RHB,OUTSIDE_OFFSTUMP,GOOD_LENGTH,44,57,5,8.8,77.19,West Indies
1127317,Scott Edwards,RHB,OUTSIDE_OFFSTUMP,GOOD_LENGTH,49,57,5,9.8,85.96,Netherlands
440990,Lega Siaka,RHB,OUTSIDE_OFFSTUMP,GOOD_LENGTH,51,57,5,10.2,89.47,Papua New Guinea
452472,Anshy Rath,LHB,OUTSIDE_OFFSTUMP,GOOD_LENGTH,42,57,4,10.5,73.68,Hong Kong
322810,Cameron Delport,LHB,OUTSIDE_OFFSTUMP,SHORT_OF_A_GOOD_LENGTH,71,57,2,35.5,124.56,South Africa
348144,Babar Azam,RHB,ON_THE_STUMPS,SHORT,115,57,2,57.5,201.75,Pakistan
1076722,Will Sutherland,RHB,ON_THE_STUMPS,GOOD_LENGTH,79,57,3,26.33,138.6,Australia
55787,Vusi Sibanda,RHB,OUTSIDE_OFFSTUMP,GOOD_LENGTH,45,57,1,45.0,78.95,Zimbabwe
853265,Mahipal Lomror,LHB,OUTSIDE_OFFSTUMP,FULL,95,57,3,31.67,166.67,India
990023,Tanzid Hasan,LHB,ON_THE_STUMPS,SHORT_OF_A_GOOD_LENGTH,63,57,2,31.5,110.53,Bangladesh
1205559,Mohammad Haris,RHB,ON_THE_STUMPS,SHORT_OF_A_GOOD_LENGTH,113,57,2,56.5,198.25,Pakistan
643197,Max O'Dowd,RHB,OUTSIDE_OFFSTUMP,FULL,95,57,1,95.0,166.67,Netherlands
55893,Fazle Mahmud,LHB,OUTSIDE_OFFSTUMP,GOOD_LENGTH,70,57,1,70.0,122.81,Bangladesh
55608,Hamilton Masakadza,RHB,OUTSIDE_OFFSTUMP,FULL,66,57,1,66.0,115.79,Zimbabwe
642525,Sarfaraz Khan,RHB,OUTSIDE_OFFSTUMP,FULL,77,57,4,19.25,135.09,India
595267,Matthew Breetzke,RHB,ON_THE_STUMPS,FULL,58,57,1,58.0,101.75,South Africa
372116,Temba Bavuma,RHB,ON_THE_STUMPS,FULL,74,57,3,24.67,129.82,South Africa
8291,Cameron White,RHB,OUTSIDE_OFFSTUMP,FULL,105,57,3,35.0,184.21,Australia
713195,Harry Nielsen,LHB,OUTSIDE_OFFSTUMP,GOOD_LENGTH,53,57,4,13.25,92.98,Australia
45955,Heino Kuhn,RHB,OUTSIDE_OFFSTUMP,GOOD_LENGTH,48,57,3,16.0,84.21,South Africa
429809,Ravija Sandaruwan,RHB,OUTSIDE_OFFSTUMP,GOOD_LENGTH,69,57,6,11.5,121.05,Kuwait
56025,Mahmudullah,RHB,WIDE_OUTSIDE_OFFSTUMP,GOOD_LENGTH,42,57,6,7.0,73.68,Bangladesh
665053,Zak Crawley,RHB,OUTSIDE_OFFSTUMP,SHORT_OF_A_GOOD_LENGTH,57,57,1,57.0,100.0,England
8917,Moeen Ali,LHB,OUTSIDE_OFFSTUMP,SHORT,120,57,6,20.0,210.53,England
230555,Shamarh Brooks,RHB,ON_THE_STUMPS,SHORT_OF_A_GOOD_LENGTH,68,56,2,34.0,121.43,West Indies
909225,Paul Walter,LHB,OUTSIDE_OFFSTUMP,GOOD_LENGTH,68,56,5,13.6,121.43,England
713811,Tinashe Kamunhukamwe,RHB,OUTSIDE_OFFSTUMP,SHORT_OF_A_GOOD_LENGTH,55,56,2,27.5,98.21,Zimbabwe
958691,Ashen Bandara,RHB,ON_THE_STUMPS,GOOD_LENGTH,75,56,5,15.0,133.93,Sri Lanka
784373,Kamindu Mendis,LHB,OUTSIDE_OFFSTUMP,FULL,70,56,1,70.0,125.0,Sri Lanka
215155,Usman Khawaja,LHB,DOWN_LEG,GOOD_LENGTH,82,56,2,41.0,146.43,Australia
423838,Rahul Tewatia,LHB,ON_THE_STUMPS,SHORT_OF_A_GOOD_LENGTH,47,56,4,11.75,83.93,India
820691,Odean Smith,RHB,ON_THE_STUMPS,GOOD_LENGTH,63,56,2,31.5,112.5,West Indies
990023,Tanzid Hasan,LHB,OUTSIDE_OFFSTUMP,SHORT_OF_A_GOOD_LENGTH,102,56,7,14.57,182.14,Bangladesh
440517,Dane Cleaver,RHB,ON_THE_STUMPS,GOOD_LENGTH,71,56,3,23.67,126.79,New Zealand
892749,Tim David,RHB,OUTSIDE_OFFSTUMP,FULL_TOSS,117,56,5,23.4,208.93,Australia
530812,Akeal Hosein,LHB,ON_THE_STUMPS,SHORT_OF_A_GOOD_LENGTH,55,56,3,18.33,98.21,West Indies
629063,Mehidy Hasan Miraz,RHB,ON_THE_STUMPS,SHORT_OF_A_GOOD_LENGTH,52,56,2,26.0,92.86,Bangladesh
486672,Theunis de Bruyn,RHB,OUTSIDE_OFFSTUMP,SHORT_OF_A_GOOD_LENGTH,52,56,2,26.0,92.86,South Africa
532856,Manan Vohra,RHB,OUTSIDE_OFFSTUMP,SHORT_OF_A_GOOD_LENGTH,61,56,2,30.5,108.93,India
1076713,Cameron Green,RHB,ON_THE_STUMPS,SHORT_OF_A_GOOD_LENGTH,79,56,5,15.8,141.07,Australia
677081,Keemo Paul,RHB,ON_THE_STUMPS,FULL,99,56,1,99.0,176.79,West Indies
44828,Faf du Plessis,RHB,DOWN_LEG,SHORT_OF_A_GOOD_LENGTH,101,56,3,33.67,180.36,South Africa
681117,Faheem Ashraf,LHB,ON_THE_STUMPS,SHORT_OF_A_GOOD_LENGTH,91,56,2,45.5,162.5,Pakistan
41028,Kamran Akmal,RHB,ON_THE_STUMPS,SHORT_OF_A_GOOD_LENGTH,81,56,3,27.0,144.64,Pakistan
671805,George Munsey,LHB,OUTSIDE_OFFSTUMP,SHORT_OF_A_GOOD_LENGTH,75,56,2,37.5,133.93,Scotland
44828,Faf du Plessis,RHB,ON_THE_STUMPS,SHORT,137,56,6,22.83,244.64,South Africa
554691,Axar Patel,LHB,WIDE_OUTSIDE_OFFSTUMP,FULL,100,56,3,33.33,178.57,India
249866,Alex Hales,RHB,DOWN_LEG,FULL,77,56,2,38.5,137.5,England
34102,Rohit Sharma,RHB,WIDE_OUTSIDE_OFFSTUMP,SHORT_OF_A_GOOD_LENGTH,81,56,4,20.25,144.64,India
719719,M Shahrukh Khan,RHB,OUTSIDE_OFFSTUMP,SHORT_OF_A_GOOD_LENGTH,78,56,3,26.0,139.29,India
990081,Mohammad Naim,LHB,DOWN_LEG,SHORT_OF_A_GOOD_LENGTH,63,56,2,31.5,112.5,Bangladesh
670025,Shimron Hetmyer,LHB,DOWN_LEG,FULL,81,56,2,40.5,144.64,West Indies
32498,Yusuf Pathan,RHB,ON_THE_STUMPS,FULL,83,56,1,83.0,148.21,India
362201,Lewis Gregory,RHB,OUTSIDE_OFFSTUMP,FULL,82,56,5,16.4,146.43,England
326637,Chris Lynn,RHB,DOWN_LEG,FULL,75,56,1,75.0,133.93,Australia
462727,Tom Abell,RHB,OUTSIDE_OFFSTUMP,SHORT_OF_A_GOOD_LENGTH,68,56,3,22.67,121.43,England
623636,Kamran Ghulam,RHB,OUTSIDE_OFFSTUMP,SHORT_OF_A_GOOD_LENGTH,73,56,1,73.0,130.36,Pakistan
227760,Sarfaraz Ahmed,RHB,OUTSIDE_OFFSTUMP,SHORT,100,56,4,25.0,178.57,Pakistan
42657,Shoaib Malik,RHB,ON_THE_STUMPS,SHORT,87,56,2,43.5,155.36,Pakistan
32242,Parthiv Patel,LHB,DOWN_LEG,GOOD_LENGTH,73,56,4,18.25,130.36,India
1036191,Bas de Leede,RHB,OUTSIDE_OFFSTUMP,SHORT_OF_A_GOOD_LENGTH,63,56,1,63.0,112.5,Netherlands
1137262,Azam Khan,RHB,WIDE_OUTSIDE_OFFSTUMP,GOOD_LENGTH,90,55,5,18.0,163.64,Pakistan
352048,Gulbadin Naib,RHB,OUTSIDE_OFFSTUMP,FULL,99,55,3,33.0,180.0,Afghanistan
55412,Craig Ervine,LHB,ON_THE_STUMPS,SHORT_OF_A_GOOD_LENGTH,47,55,1,47.0,85.45,Zimbabwe
784379,Wanindu Hasaranga de Silva,RHB,OUTSIDE_OFFSTUMP,FULL,77,55,7,11.0,140.0,Sri Lanka
55814,Brendan Taylor,RHB,ON_THE_STUMPS,GOOD_LENGTH,82,55,3,27.33,149.09,Zimbabwe
951781,Milton Shumba,LHB,ON_THE_STUMPS,GOOD_LENGTH,29,55,7,4.14,52.73,Zimbabwe
379143,Quinton de Kock,LHB,OUTSIDE_OFFSTUMP,FULL_TOSS,77,55,2,38.5,140.0,South Africa
327830,Dwaine Pretorius,RHB,ON_THE_STUMPS,GOOD_LENGTH,43,55,5,8.6,78.18,South Africa
521637,Ben Duckett,LHB,ON_THE_STUMPS,SHORT_OF_A_GOOD_LENGTH,97,55,3,32.33,176.36,England
652687,Saud Shakeel,LHB,OUTSIDE_OFFSTUMP,GOOD_LENGTH,56,55,2,28.0,101.82,Pakistan
698189,Wiaan Mulder,RHB,OUTSIDE_OFFSTUMP,SHORT_OF_A_GOOD_LENGTH,69,55,3,23.0,125.45,South Africa
233648,Alex Doolan,RHB,ON_THE_STUMPS,GOOD_LENGTH,65,55,2,32.5,118.18,Australia
348056,Kyle Mayers,LHB,ON_THE_STUMPS,SHORT,135,55,6,22.5,245.45,West Indies
333000,Peter Moor,RHB,OUTSIDE_OFFSTUMP,GOOD_LENGTH,55,55,1,55.0,100.0,Ireland
375126,Hardus Viljoen,RHB,OUTSIDE_OFFSTUMP,GOOD_LENGTH,53,55,4,13.25,96.36,South Africa
5961,Moises Henriques,RHB,OUTSIDE_OFFSTUMP,SHORT,145,55,2,72.5,263.64,Australia
1081730,Matthew Gilkes,LHB,OUTSIDE_OFFSTUMP,FULL,63,55,4,15.75,114.55,Australia
431901,Evin Lewis,LHB,OUTSIDE_OFFSTUMP,FULL_TOSS,115,55,2,57.5,209.09,West Indies
269237,Mohammad Mithun,RHB,ON_THE_STUMPS,FULL,63,55,2,31.5,114.55,Bangladesh
388802,Tom Latham,LHB,OUTSIDE_OFFSTUMP,FULL,62,55,1,62.0,112.73,New Zealand
823703,Rajat Patidar,RHB,OUTSIDE_OFFSTUMP,FULL,112,55,3,37.33,203.64,India
1088608,Max Bryant,RHB,ON_THE_STUMPS,FULL,103,55,5,20.6,187.27,Australia
308798,D'Arcy Short,LHB,ON_THE_STUMPS,SHORT,98,55,1,98.0,178.18,Australia
452472,Anshy Rath,LHB,ON_THE_STUMPS,GOOD_LENGTH,59,55,1,59.0,107.27,Hong Kong
290716,Kedar Jadhav,RHB,ON_THE_STUMPS,FULL,74,55,4,18.5,134.55,India
36948,Anton Devcich,LHB,ON_THE_STUMPS,FULL,92,55,3,30.67,167.27,New Zealand
525992,Adam Hose,RHB,ON_THE_STUMPS,FULL,77,55,3,25.67,140.0,England
53116,Lendl Simmons,RHB,DOWN_LEG,GOOD_LENGTH,87,55,2,43.5,158.18,West Indies
28081,MS Dhoni,RHB,ON_THE_STUMPS,SHORT,103,55,3,34.33,187.27,India
541224,Luke Jongwe,RHB,ON_THE_STUMPS,GOOD_LENGTH,46,55,4,11.5,83.64,Zimbabwe
326639,Simon Milenko,RHB,OUTSIDE_OFFSTUMP,GOOD_LENGTH,55,55,2,27.5,100.0,Australia
1255248,Jordan Hermann,LHB,ON_THE_STUMPS,FULL,46,55,4,11.5,83.64,South Africa
299572,Sikandar Raza,RHB,OUTSIDE_OFFSTUMP,SHORT,105,55,7,15.0,190.91,Zimbabwe
230555,Shamarh Brooks,RHB,ON_THE_STUMPS,FULL,80,55,7,11.43,145.45,West Indies
268740,Seekkuge Prasanna,RHB,OUTSIDE_OFFSTUMP,GOOD_LENGTH,59,55,7,8.43,107.27,Sri Lanka
772361,Sam Harper,RHB,ON_THE_STUMPS,FULL,61,55,4,15.25,110.91,Australia
505110,Kurtis Patterson,LHB,OUTSIDE_OFFSTUMP,SHORT_OF_A_GOOD_LENGTH,66,55,3,22.0,120.0,Australia
772293,Michael Pepper,RHB,OUTSIDE_OFFSTUMP,GOOD_LENGTH,62,55,5,12.4,112.73,England
834741,Caleb Jewell,LHB,OUTSIDE_OFFSTUMP,SHORT_OF_A_GOOD_LENGTH,53,55,2,26.5,96.36,Australia
946507,Tadiwanashe Marumani,LHB,ON_THE_STUMPS,GOOD_LENGTH,49,54,3,16.33,90.74,Zimbabwe
318845,Rilee Rossouw,LHB,OUTSIDE_OFFSTUMP,FULL_TOSS,124,54,2,62.0,229.63,South Africa
1027867,Lasith Croospulle,RHB,ON_THE_STUMPS,GOOD_LENGTH,62,54,5,12.4,114.81,Sri Lanka
995037,Mahidul Islam Ankon,RHB,OUTSIDE_OFFSTUMP,GOOD_LENGTH,50,54,2,25.0,92.59,Bangladesh
322810,Cameron Delport,LHB,ON_THE_STUMPS,FULL,68,54,6,11.33,125.93,South Africa
321777,David Miller,LHB,DOWN_LEG,SHORT,112,54,2,56.0,207.41,South Africa
959827,Jason Sangha,RHB,OUTSIDE_OFFSTUMP,SHORT_OF_A_GOOD_LENGTH,43,54,4,10.75,79.63,Australia
1096092,Jamie Smith,RHB,OUTSIDE_OFFSTUMP,GOOD_LENGTH,50,54,3,16.67,92.59,England
277911,George Worker,LHB,OUTSIDE_OFFSTUMP,GOOD_LENGTH,46,54,4,11.5,85.19,New Zealand
1178586,Vriitya Aravind,RHB,ON_THE_STUMPS,FULL,63,54,1,63.0,116.67,United Arab Emirates
24609,Gary Wilson,RHB,OUTSIDE_OFFSTUMP,GOOD_LENGTH,47,54,5,9.4,87.04,Ireland
290630,Manish Pandey,RHB,WIDE_OUTSIDE_OFFSTUMP,GOOD_LENGTH,75,54,3,25.0,138.89,India
55893,Fazle Mahmud,LHB,ON_THE_STUMPS,GOOD_LENGTH,49,54,4,12.25,90.74,Bangladesh
42657,Shoaib Malik,RHB,DOWN_LEG,FULL,66,54,2,33.0,122.22,Pakistan
55872,Malcolm Waller,RHB,ON_THE_STUMPS,GOOD_LENGTH,62,54,2,31.0,114.81,Zimbabwe
477021,Vijay Shankar,RHB,ON_THE_STUMPS,SHORT_OF_A_GOOD_LENGTH,72,54,1,72.0,133.33,India
1071484,Brian Bennett,RHB,OUTSIDE_OFFSTUMP,GOOD_LENGTH,61,54,5,12.2,112.96,Zimbabwe
372116,Temba Bavuma,RHB,OUTSIDE_OFFSTUMP,FULL,90,54,5,18.0,166.67,South Africa
234675,Ravindra Jadeja,LHB,DOWN_LEG,GOOD_LENGTH,65,54,1,65.0,120.37,India
1077310,Naseem Khushi,RHB,OUTSIDE_OFFSTUMP,GOOD_LENGTH,73,54,6,12.17,135.19,Oman
298438,Jason Roy,RHB,WIDE_OUTSIDE_OFFSTUMP,SHORT_OF_A_GOOD_LENGTH,69,54,4,17.25,127.78,England
848623,Mark Deyal,LHB,OUTSIDE_OFFSTUMP,FULL,86,54,7,12.29,159.26,West Indies
314743,Shykat Ali,RHB,ON_THE_STUMPS,GOOD_LENGTH,66,54,4,16.5,122.22,Bangladesh
436757,Heinrich Klaasen,RHB,OUTSIDE_OFFSTUMP,SHORT,130,54,1,130.0,240.74,South Africa
230559,Kieron Pollard,RHB,DOWN_LEG,FULL,107,54,4,26.75,198.15,West Indies
470633,Tom Kohler-Cadmore,RHB,ON_THE_STUMPS,SHORT_OF_A_GOOD_LENGTH,75,54,2,37.5,138.89,England
1096092,Jamie Smith,RHB,ON_THE_STUMPS,GOOD_LENGTH,63,54,5,12.6,116.67,England
270484,James Faulkner,RHB,OUTSIDE_OFFSTUMP,FULL,70,54,1,70.0,129.63,Australia
909225,Paul Walter,LHB,OUTSIDE_OFFSTUMP,FULL,82,54,3,27.33,151.85,England
18632,Samit Patel,RHB,ON_THE_STUMPS,FULL,59,54,4,14.75,109.26,England
671805,George Munsey,LHB,ON_THE_STUMPS,SHORT_OF_A_GOOD_LENGTH,60,54,1,60.0,111.11,Scotland
373696,Mominul Haque,LHB,OUTSIDE_OFFSTUMP,FULL,67,54,3,22.33,124.07,Bangladesh
821749,Saif Hassan,RHB,OUTSIDE_OFFSTUMP,SHORT_OF_A_GOOD_LENGTH,76,54,4,19.0,140.74,Bangladesh
547764,Cam Fletcher,RHB,OUTSIDE_OFFSTUMP,GOOD_LENGTH,47,54,1,47.0,87.04,New Zealand
486672,Theunis de Bruyn,RHB,ON_THE_STUMPS,GOOD_LENGTH,71,54,3,23.67,131.48,South Africa
211748,Benny Howell,RHB,ON_THE_STUMPS,FULL,89,54,2,44.5,164.81,England
211748,Benny Howell,RHB,OUTSIDE_OFFSTUMP,FULL,98,54,3,32.67,181.48,England
280490,JJ Smuts,RHB,OUTSIDE_OFFSTUMP,FULL,96,54,1,96.0,177.78,South Africa
550235,Tom Curran,RHB,OUTSIDE_OFFSTUMP,FULL,112,54,1,112.0,207.41,England
53116,Lendl Simmons,RHB,WIDE_OUTSIDE_OFFSTUMP,GOOD_LENGTH,68,54,4,17.0,125.93,West Indies
373538,Sabbir Rahman,RHB,ON_THE_STUMPS,SHORT_OF_A_GOOD_LENGTH,74,54,2,37.0,137.04,Bangladesh
604527,Nitish Rana,LHB,OUTSIDE_OFFSTUMP,SHORT,103,54,1,103.0,190.74,India
308967,Jos Buttler,RHB,DOWN_LEG,FULL,88,54,4,22.0,162.96,England
526441,Mark Adair,RHB,OUTSIDE_OFFSTUMP,SHORT_OF_A_GOOD_LENGTH,61,54,5,12.2,112.96,Ireland
219889,David Warner,LHB,WIDE_OUTSIDE_OFFSTUMP,GOOD_LENGTH,91,54,2,45.5,168.52,Australia
270135,Ariful Haque,RHB,ON_THE_STUMPS,GOOD_LENGTH,49,54,3,16.33,90.74,Bangladesh
334337,Peter Handscomb,RHB,ON_THE_STUMPS,FULL,61,53,3,20.33,115.09,Australia
33141,Ambati Rayudu,RHB,WIDE_OUTSIDE_OFFSTUMP,GOOD_LENGTH,74,53,4,18.5,139.62,India
935995,Afif Hossain,LHB,DOWN_LEG,SHORT_OF_A_GOOD_LENGTH,63,53,3,21.0,118.87,Bangladesh
793463,Rashid Khan,RHB,WIDE_OUTSIDE_OFFSTUMP,FULL,121,53,5,24.2,228.3,Afghanistan
5961,Moises Henriques,RHB,WIDE_OUTSIDE_OFFSTUMP,GOOD_LENGTH,59,53,3,19.67,111.32,Australia
662235,Josh Inglis,RHB,OUTSIDE_OFFSTUMP,SHORT,90,53,3,30.0,169.81,Australia
277472,Darren Bravo,LHB,DOWN_LEG,SHORT_OF_A_GOOD_LENGTH,64,53,1,64.0,120.75,West Indies
27223,Stuart Binny,RHB,ON_THE_STUMPS,GOOD_LENGTH,58,53,3,19.33,109.43,India
1161044,Shamim Hossain,LHB,OUTSIDE_OFFSTUMP,SHORT_OF_A_GOOD_LENGTH,84,53,2,42.0,158.49,Bangladesh
720471,Ishan Kishan,LHB,ON_THE_STUMPS,SHORT,105,53,9,11.67,198.11,India
226492,Martin Guptill,RHB,ON_THE_STUMPS,SHORT,109,53,5,21.8,205.66,New Zealand
219889,David Warner,LHB,ON_THE_STUMPS,FULL_TOSS,78,53,2,39.0,147.17,Australia
707113,Tom Bruce,RHB,ON_THE_STUMPS,FULL,67,53,4,16.75,126.42,New Zealand
1175485,Abdul Samad,RHB,ON_THE_STUMPS,GOOD_LENGTH,63,53,3,21.0,118.87,India
1241265,Aayan Afzal Khan,RHB,OUTSIDE_OFFSTUMP,GOOD_LENGTH,35,53,4,8.75,66.04,United Arab Emirates
318845,Rilee Rossouw,LHB,DOWN_LEG,SHORT,146,53,5,29.2,275.47,South Africa
526441,Mark Adair,RHB,OUTSIDE_OFFSTUMP,GOOD_LENGTH,65,53,4,16.25,122.64,Ireland
709675,James Bazley,RHB,OUTSIDE_OFFSTUMP,GOOD_LENGTH,53,53,5,10.6,100.0,Australia
675945,Nahidul Islam,RHB,OUTSIDE_OFFSTUMP,GOOD_LENGTH,61,53,5,12.2,115.09,Bangladesh
8917,Moeen Ali,LHB,DOWN_LEG,SHORT_OF_A_GOOD_LENGTH,67,53,2,33.5,126.42,England
713811,Tinashe Kamunhukamwe,RHB,OUTSIDE_OFFSTUMP,GOOD_LENGTH,62,53,3,20.67,116.98,Zimbabwe
391485,Jason Holder,RHB,ON_THE_STUMPS,SHORT_OF_A_GOOD_LENGTH,81,53,2,40.5,152.83,West Indies
524049,Najibullah Zadran,LHB,ON_THE_STUMPS,SHORT,119,53,1,119.0,224.53,Afghanistan
696401,Marco Jansen,RHB,OUTSIDE_OFFSTUMP,GOOD_LENGTH,49,53,6,8.17,92.45,South Africa
234675,Ravindra Jadeja,LHB,ON_THE_STUMPS,FULL_TOSS,98,53,4,24.5,184.91,India
323389,Mohammad Rizwan,RHB,OUTSIDE_OFFSTUMP,FULL_TOSS,108,53,3,36.0,203.77,Pakistan
219885,Tom Cooper,RHB,ON_THE_STUMPS,SHORT_OF_A_GOOD_LENGTH,55,52,2,27.5,105.77,Netherlands
677081,Keemo Paul,RHB,ON_THE_STUMPS,SHORT_OF_A_GOOD_LENGTH,55,52,1,55.0,105.77,West Indies
366725,Oshada Fernando,RHB,OUTSIDE_OFFSTUMP,GOOD_LENGTH,64,52,3,21.33,123.08,Sri Lanka
938959,Wessley Madhevere,RHB,OUTSIDE_OFFSTUMP,SHORT_OF_A_GOOD_LENGTH,65,52,3,21.67,125.0,Zimbabwe
400587,Irfan Sukkur,LHB,ON_THE_STUMPS,GOOD_LENGTH,57,52,6,9.5,109.62,Bangladesh
402992,Shuvagata Hom,RHB,OUTSIDE_OFFSTUMP,SHORT_OF_A_GOOD_LENGTH,53,52,1,53.0,101.92,Bangladesh
56194,Tamim Iqbal,LHB,WIDE_OUTSIDE_OFFSTUMP,GOOD_LENGTH,57,52,1,57.0,109.62,Bangladesh
51862,Andre Fletcher,RHB,DOWN_LEG,FULL,74,52,1,74.0,142.31,West Indies
974109,Mujeeb Ur Rahman,RHB,OUTSIDE_OFFSTUMP,GOOD_LENGTH,52,52,2,26.0,100.0,Afghanistan
277906,Kane Williamson,RHB,OUTSIDE_OFFSTUMP,FULL_TOSS,85,52,1,85.0,163.46,New Zealand
696401,Marco Jansen,RHB,ON_THE_STUMPS,GOOD_LENGTH,72,52,2,36.0,138.46,South Africa
300618,Nasir Hossain,RHB,OUTSIDE_OFFSTUMP,SHORT_OF_A_GOOD_LENGTH,56,52,2,28.0,107.69,Bangladesh
643197,Max O'Dowd,RHB,ON_THE_STUMPS,FULL,78,52,3,26.0,150.0,Netherlands
562263,Robert O'Donnell,RHB,OUTSIDE_OFFSTUMP,GOOD_LENGTH,46,52,3,15.33,88.46,New Zealand
348056,Kyle Mayers,LHB,DOWN_LEG,GOOD_LENGTH,63,52,4,15.75,121.15,West Indies
719715,Washington Sundar,LHB,OUTSIDE_OFFSTUMP,GOOD_LENGTH,47,52,6,7.83,90.38,India
429886,Wihan Lubbe,LHB,OUTSIDE_OFFSTUMP,FULL,51,52,3,17.0,98.08,South Africa
388802,Tom Latham,LHB,ON_THE_STUMPS,SHORT_OF_A_GOOD_LENGTH,58,52,1,58.0,111.54,New Zealand
296597,James Vince,RHB,WIDE_OUTSIDE_OFFSTUMP,FULL,79,52,1,79.0,151.92,England
25446,Kyle Coetzer,RHB,ON_THE_STUMPS,GOOD_LENGTH,63,52,5,12.6,121.15,Scotland
440517,Dane Cleaver,RHB,OUTSIDE_OFFSTUMP,SHORT_OF_A_GOOD_LENGTH,80,52,4,20.0,153.85,New Zealand
277914,Jeet Raval,LHB,ON_THE_STUMPS,GOOD_LENGTH,67,52,2,33.5,128.85,New Zealand
265564,Wayne Parnell,LHB,ON_THE_STUMPS,GOOD_LENGTH,49,52,3,16.33,94.23,South Africa
318788,Haris Sohail,LHB,ON_THE_STUMPS,GOOD_LENGTH,42,52,2,21.0,80.77,Pakistan
230193,Matthew Wade,LHB,OUTSIDE_OFFSTUMP,FULL_TOSS,98,52,3,32.67,188.46,Australia
233901,Shan Masood,LHB,DOWN_LEG,GOOD_LENGTH,69,52,1,69.0,132.69,Pakistan
50710,Kumar Sangakkara,LHB,OUTSIDE_OFFSTUMP,FULL,52,52,1,52.0,100.0,Sri Lanka
429886,Wihan Lubbe,LHB,OUTSIDE_OFFSTUMP,SHORT_OF_A_GOOD_LENGTH,78,52,3,26.0,150.0,South Africa
51439,Dwayne Bravo,RHB,WIDE_OUTSIDE_OFFSTUMP,GOOD_LENGTH,60,52,3,20.0,115.38,West Indies
308798,D'Arcy Short,LHB,DOWN_LEG,FULL,43,52,1,43.0,82.69,Australia
833087,Mahedi Hasan,RHB,ON_THE_STUMPS,SHORT_OF_A_GOOD_LENGTH,65,52,6,10.83,125.0,Bangladesh
316102,Craig Williams,RHB,OUTSIDE_OFFSTUMP,SHORT_OF_A_GOOD_LENGTH,52,52,1,52.0,100.0,Namibia
459508,Andrew Tye,RHB,OUTSIDE_OFFSTUMP,GOOD_LENGTH,59,52,7,8.43,113.46,Australia
848623,Mark Deyal,LHB,ON_THE_STUMPS,SHORT_OF_A_GOOD_LENGTH,115,52,3,38.33,221.15,West Indies
377534,Shashank Singh,RHB,OUTSIDE_OFFSTUMP,GOOD_LENGTH,46,52,3,15.33,88.46,India
55787,Vusi Sibanda,RHB,ON_THE_STUMPS,GOOD_LENGTH,60,52,1,60.0,115.38,Zimbabwe
276298,Andre Russell,RHB,DOWN_LEG,FULL,114,52,2,57.0,219.23,West Indies
379504,Adam Zampa,RHB,OUTSIDE_OFFSTUMP,GOOD_LENGTH,54,52,7,7.71,103.85,Australia
1036191,Bas de Leede,RHB,ON_THE_STUMPS,GOOD_LENGTH,47,52,3,15.67,90.38,Netherlands
1070665,Dewald Brevis,RHB,ON_THE_STUMPS,SHORT_OF_A_GOOD_LENGTH,55,52,3,18.33,105.77,South Africa
525992,Adam Hose,RHB,ON_THE_STUMPS,SHORT_OF_A_GOOD_LENGTH,65,52,5,13.0,125.0,England
326637,Chris Lynn,RHB,ON_THE_STUMPS,SHORT,123,52,1,123.0,236.54,Australia
914541,Sherfane Rutherford,LHB,DOWN_LEG,GOOD_LENGTH,59,52,1,59.0,113.46,West Indies
471342,Krunal Pandya,LHB,DOWN_LEG,SHORT_OF_A_GOOD_LENGTH,36,52,4,9.0,69.23,India
314615,Jonathan Carter,LHB,OUTSIDE_OFFSTUMP,FULL,83,52,3,27.67,159.62,West Indies
892749,Tim David,RHB,WIDE_OUTSIDE_OFFSTUMP,GOOD_LENGTH,87,52,4,21.75,167.31,Australia
629074,Kusal Mendis,RHB,OUTSIDE_OFFSTUMP,SHORT,118,51,4,29.5,231.37,Sri Lanka
826901,Daniel Sams,RHB,ON_THE_STUMPS,FULL,59,51,6,9.83,115.69,Australia
931581,Rishabh Pant,LHB,WIDE_OUTSIDE_OFFSTUMP,FULL,77,51,4,19.25,150.98,India
1292498,Yash Dhull,RHB,OUTSIDE_OFFSTUMP,GOOD_LENGTH,35,51,2,17.5,68.63,India
33335,Suresh Raina,LHB,DOWN_LEG,FULL,83,51,2,41.5,162.75,India
605680,Janneman Malan,RHB,OUTSIDE_OFFSTUMP,FULL,61,51,2,30.5,119.61,South Africa
581379,Shai Hope,RHB,WIDE_OUTSIDE_OFFSTUMP,FULL,83,51,4,20.75,162.75,West Indies
277916,Ajinkya Rahane,RHB,WIDE_OUTSIDE_OFFSTUMP,SHORT_OF_A_GOOD_LENGTH,73,51,1,73.0,143.14,India
41434,Mohammad Hafeez,RHB,WIDE_OUTSIDE_OFFSTUMP,FULL,112,51,3,37.33,219.61,Pakistan
697059,Zakir Hasan,LHB,OUTSIDE_OFFSTUMP,FULL,65,51,7,9.29,127.45,Bangladesh
641423,Dan Lawrence,RHB,OUTSIDE_OFFSTUMP,SHORT_OF_A_GOOD_LENGTH,51,51,3,17.0,100.0,England
32102,Naman Ojha,RHB,ON_THE_STUMPS,GOOD_LENGTH,55,51,4,13.75,107.84,India
784373,Kamindu Mendis,LHB,ON_THE_STUMPS,FULL,69,51,3,23.0,135.29,Sri Lanka
585083,Zeeshan Maqsood,LHB,OUTSIDE_OFFSTUMP,GOOD_LENGTH,53,51,1,53.0,103.92,Oman
55608,Hamilton Masakadza,RHB,OUTSIDE_OFFSTUMP,SHORT_OF_A_GOOD_LENGTH,72,51,1,72.0,141.18,Zimbabwe
914541,Sherfane Rutherford,LHB,ON_THE_STUMPS,SHORT,102,51,5,20.4,200.0,West Indies
1168651,Haider Ali,RHB,ON_THE_STUMPS,FULL,84,51,5,16.8,164.71,Pakistan
25490,Richie Berrington,RHB,OUTSIDE_OFFSTUMP,SHORT_OF_A_GOOD_LENGTH,64,51,1,64.0,125.49,Scotland
1168049,Jake Fraser-McGurk,RHB,ON_THE_STUMPS,FULL,147,51,5,29.4,288.24,Australia
851261,Anmolpreet Singh,RHB,OUTSIDE_OFFSTUMP,FULL,65,51,2,32.5,127.45,India
237095,Murali Vijay,RHB,ON_THE_STUMPS,FULL,89,51,3,29.67,174.51,India
1125958,Atharva Taide,LHB,OUTSIDE_OFFSTUMP,GOOD_LENGTH,61,51,1,61.0,119.61,India
1163855,Hayden Kerr,RHB,ON_THE_STUMPS,GOOD_LENGTH,49,51,2,24.5,96.08,Australia
8180,Shane Watson,RHB,DOWN_LEG,GOOD_LENGTH,57,51,2,28.5,111.76,Australia
539304,Babar Hayat,RHB,OUTSIDE_OFFSTUMP,SHORT_OF_A_GOOD_LENGTH,84,51,1,84.0,164.71,Hong Kong
379143,Quinton de Kock,LHB,ON_THE_STUMPS,FULL_TOSS,102,51,5,20.4,200.0,South Africa
37737,Brendon McCullum,RHB,DOWN_LEG,FULL,73,51,1,73.0,143.14,New Zealand
1123073,Anuj Rawat,LHB,OUTSIDE_OFFSTUMP,GOOD_LENGTH,44,51,4,11.0,86.27,India
333066,Johnson Charles,RHB,WIDE_OUTSIDE_OFFSTUMP,FULL,122,51,2,61.0,239.22,West Indies
550133,Mosaddek Hossain,RHB,ON_THE_STUMPS,SHORT_OF_A_GOOD_LENGTH,49,51,1,49.0,96.08,Bangladesh
500268,Ashton Turner,RHB,OUTSIDE_OFFSTUMP,SHORT,110,51,3,36.67,215.69,Australia
290630,Manish Pandey,RHB,WIDE_OUTSIDE_OFFSTUMP,FULL,80,51,2,40.0,156.86,India
37737,Brendon McCullum,RHB,ON_THE_STUMPS,SHORT,107,51,3,35.67,209.8,New Zealand
272450,Mitchell Marsh,RHB,OUTSIDE_OFFSTUMP,SHORT,155,51,1,155.0,303.92,Australia
629058,Najmul Hossain Shanto,LHB,DOWN_LEG,SHORT_OF_A_GOOD_LENGTH,44,51,3,14.67,86.27,Bangladesh
537319,Kennar Lewis,RHB,ON_THE_STUMPS,FULL,77,51,7,11.0,150.98,West Indies
539511,Henry Nicholls,LHB,OUTSIDE_OFFSTUMP,FULL,70,50,2,35.0,140.0,New Zealand
928057,Lorcan Tucker,RHB,ON_THE_STUMPS,FULL,59,50,3,19.67,118.0,Ireland
512191,Fakhar Zaman,LHB,OUTSIDE_OFFSTUMP,FULL_TOSS,71,50,3,23.67,142.0,Pakistan
547749,Will Young,RHB,OUTSIDE_OFFSTUMP,FULL,54,50,4,13.5,108.0,New Zealand
719715,Washington Sundar,LHB,OUTSIDE_OFFSTUMP,SHORT_OF_A_GOOD_LENGTH,63,50,1,63.0,126.0,India
946507,Tadiwanashe Marumani,LHB,OUTSIDE_OFFSTUMP,GOOD_LENGTH,41,50,7,5.86,82.0,Zimbabwe
270484,James Faulkner,RHB,OUTSIDE_OFFSTUMP,SHORT_OF_A_GOOD_LENGTH,71,50,2,35.5,142.0,Australia
55870,Sean Williams,LHB,ON_THE_STUMPS,SHORT_OF_A_GOOD_LENGTH,60,50,4,15.0,120.0,Zimbabwe
333066,Johnson Charles,RHB,WIDE_OUTSIDE_OFFSTUMP,SHORT_OF_A_GOOD_LENGTH,56,50,1,56.0,112.0,West Indies
299572,Sikandar Raza,RHB,WIDE_OUTSIDE_OFFSTUMP,GOOD_LENGTH,57,50,4,14.25,114.0,Zimbabwe
419873,Mohammad Shahzad,RHB,ON_THE_STUMPS,FULL,81,50,7,11.57,162.0,Afghanistan
1161044,Shamim Hossain,LHB,ON_THE_STUMPS,FULL,50,50,3,16.67,100.0,Bangladesh
297628,Sam Billings,RHB,OUTSIDE_OFFSTUMP,SHORT,84,50,3,28.0,168.0,England
388802,Tom Latham,LHB,OUTSIDE_OFFSTUMP,SHORT_OF_A_GOOD_LENGTH,56,50,3,18.67,112.0,New Zealand
315586,Chadwick Walton,RHB,WIDE_OUTSIDE_OFFSTUMP,FULL,76,50,6,12.67,152.0,West Indies
41046,Khalid Latif,RHB,ON_THE_STUMPS,GOOD_LENGTH,53,50,1,53.0,106.0,Pakistan
56167,Ziaur Rahman,RHB,OUTSIDE_OFFSTUMP,GOOD_LENGTH,32,50,4,8.0,64.0,Bangladesh
1076722,Will Sutherland,RHB,OUTSIDE_OFFSTUMP,GOOD_LENGTH,85,50,2,42.5,170.0,Australia
56143,Shakib Al Hasan,LHB,OUTSIDE_OFFSTUMP,FULL_TOSS,59,50,4,14.75,118.0,Bangladesh
362201,Lewis Gregory,RHB,ON_THE_STUMPS,SHORT_OF_A_GOOD_LENGTH,54,50,4,13.5,108.0,England
595267,Matthew Breetzke,RHB,OUTSIDE_OFFSTUMP,FULL,97,50,1,97.0,194.0,South Africa
276298,Andre Russell,RHB,WIDE_OUTSIDE_OFFSTUMP,SHORT_OF_A_GOOD_LENGTH,75,50,5,15.0,150.0,West Indies
1159711,Shahbaz Ahmed,LHB,OUTSIDE_OFFSTUMP,SHORT_OF_A_GOOD_LENGTH,58,50,2,29.0,116.0,India
7502,Luke Ronchi,RHB,ON_THE_STUMPS,SHORT_OF_A_GOOD_LENGTH,105,50,3,35.0,210.0,New Zealand
379890,Chad Bowes,RHB,OUTSIDE_OFFSTUMP,SHORT_OF_A_GOOD_LENGTH,74,50,4,18.5,148.0,New Zealand
268740,Seekkuge Prasanna,RHB,ON_THE_STUMPS,GOOD_LENGTH,60,50,4,15.0,120.0,Sri Lanka
781285,Jake Weatherald,LHB,DOWN_LEG,SHORT_OF_A_GOOD_LENGTH,75,50,1,75.0,150.0,Australia
247235,Chris Woakes,RHB,OUTSIDE_OFFSTUMP,GOOD_LENGTH,69,50,6,11.5,138.0,England
334337,Peter Handscomb,RHB,ON_THE_STUMPS,SHORT_OF_A_GOOD_LENGTH,67,50,3,22.33,134.0,Australia
34102,Rohit Sharma,RHB,DOWN_LEG,FULL,84,50,1,84.0,168.0,India
928057,Lorcan Tucker,RHB,OUTSIDE_OFFSTUMP,FULL,49,50,5,9.8,98.0,Ireland
793463,Rashid Khan,RHB,ON_THE_STUMPS,SHORT_OF_A_GOOD_LENGTH,86,50,8,10.75,172.0,Afghanistan
318340,Noor Ali Zadran,RHB,ON_THE_STUMPS,GOOD_LENGTH,39,50,2,19.5,78.0,Afghanistan
308798,D'Arcy Short,LHB,DOWN_LEG,SHORT,97,50,2,48.5,194.0,Australia
826679,Sam Heazlett,LHB,ON_THE_STUMPS,SHORT_OF_A_GOOD_LENGTH,42,50,6,7.0,84.0,Australia
380354,Anamul Haque,RHB,ON_THE_STUMPS,SHORT_OF_A_GOOD_LENGTH,73,50,3,24.33,146.0,Bangladesh
403902,Liam Livingstone,RHB,WIDE_OUTSIDE_OFFSTUMP,FULL,87,50,6,14.5,174.0,England
44936,AB de Villiers,RHB,ON_THE_STUMPS,FULL_TOSS,138,50,2,69.0,276.0,South Africa
892749,Tim David,RHB,WIDE_OUTSIDE_OFFSTUMP,SHORT_OF_A_GOOD_LENGTH,62,50,4,15.5,124.0,Australia
631668,Stephen Eskinazi,RHB,ON_THE_STUMPS,GOOD_LENGTH,55,50,3,18.33,110.0,England
55343,Elton Chigumbura,RHB,OUTSIDE_OFFSTUMP,GOOD_LENGTH,62,50,4,15.5,124.0,Zimbabwe
318845,Rilee Rossouw,LHB,WIDE_OUTSIDE_OFFSTUMP,FULL,95,50,7,13.57,190.0,South Africa
819441,Darwish Rasooli,RHB,ON_THE_STUMPS,GOOD_LENGTH,45,50,1,45.0,90.0,Afghanistan
625371,Hardik Pandya,RHB,OUTSIDE_OFFSTUMP,YORKER,43,50,1,43.0,86.0,India
300629,Angelo Perera,RHB,ON_THE_STUMPS,GOOD_LENGTH,59,50,5,11.8,118.0,Sri Lanka
226492,Martin Guptill,RHB,WIDE_OUTSIDE_OFFSTUMP,SHORT_OF_A_GOOD_LENGTH,73,50,1,73.0,146.0,New Zealand
227758,Imad Wasim,LHB,WIDE_OUTSIDE_OFFSTUMP,FULL,86,50,3,28.67,172.0,Pakistan
437927,Stephan Baard,RHB,OUTSIDE_OFFSTUMP,SHORT_OF_A_GOOD_LENGTH,46,50,1,46.0,92.0,Namibia
43590,Wahab Riaz,RHB,OUTSIDE_OFFSTUMP,SHORT_OF_A_GOOD_LENGTH,48,50,7,6.86,96.0,Pakistan
530812,Akeal Hosein,LHB,ON_THE_STUMPS,FULL,65,49,1,65.0,132.65,West Indies
425943,Sanju Samson,RHB,WIDE_OUTSIDE_OFFSTUMP,FULL,100,49,1,100.0,204.08,India
1076377,Oliver Davies,RHB,ON_THE_STUMPS,FULL,99,49,3,33.0,202.04,Australia
234675,Ravindra Jadeja,LHB,OUTSIDE_OFFSTUMP,SHORT,78,49,3,26.0,159.18,India
594233,Sibonelo Makhanya,RHB,OUTSIDE_OFFSTUMP,GOOD_LENGTH,50,49,3,16.67,102.04,South Africa
481875,George Linde,LHB,ON_THE_STUMPS,FULL,72,49,1,72.0,146.94,South Africa
325012,Marcus Stoinis,RHB,DOWN_LEG,GOOD_LENGTH,52,49,3,17.33,106.12,Australia
529436,Srikar Bharat,RHB,OUTSIDE_OFFSTUMP,GOOD_LENGTH,62,49,1,62.0,126.53,India
429886,Wihan Lubbe,LHB,ON_THE_STUMPS,FULL,65,49,5,13.0,132.65,South Africa
1223047,Josh Brown,RHB,OUTSIDE_OFFSTUMP,FULL,103,49,2,51.5,210.2,Australia
595739,Leus du Plooy,LHB,ON_THE_STUMPS,FULL,87,49,3,29.0,177.55,England
931581,Rishabh Pant,LHB,OUTSIDE_OFFSTUMP,FULL_TOSS,95,49,5,19.0,193.88,India
249866,Alex Hales,RHB,WIDE_OUTSIDE_OFFSTUMP,GOOD_LENGTH,63,49,4,15.75,128.57,England
35565,Manoj Tiwary,RHB,ON_THE_STUMPS,GOOD_LENGTH,52,49,4,13.0,106.12,India
249866,Alex Hales,RHB,WIDE_OUTSIDE_OFFSTUMP,FULL,91,49,2,45.5,185.71,England
521637,Ben Duckett,LHB,ON_THE_STUMPS,FULL,53,49,3,17.67,108.16,England
44936,AB de Villiers,RHB,OUTSIDE_OFFSTUMP,FULL_TOSS,107,49,1,107.0,218.37,South Africa
34102,Rohit Sharma,RHB,ON_THE_STUMPS,SHORT,127,49,8,15.88,259.18,India
1124290,Nathan McSweeney,RHB,OUTSIDE_OFFSTUMP,SHORT_OF_A_GOOD_LENGTH,49,49,1,49.0,100.0,Australia
536936,Litton Das,RHB,WIDE_OUTSIDE_OFFSTUMP,SHORT_OF_A_GOOD_LENGTH,81,49,2,40.5,165.31,Bangladesh
403902,Liam Livingstone,RHB,ON_THE_STUMPS,FULL_TOSS,90,49,7,12.86,183.67,England
793447,Naveen-ul-Haq,RHB,OUTSIDE_OFFSTUMP,GOOD_LENGTH,42,49,3,14.0,85.71,Afghanistan
470699,Ben Cooper,LHB,ON_THE_STUMPS,GOOD_LENGTH,54,49,3,18.0,110.2,Netherlands
219889,David Warner,LHB,ON_THE_STUMPS,YORKER,43,49,2,21.5,87.76,Australia
520183,Zeeshan Ashraf,LHB,ON_THE_STUMPS,GOOD_LENGTH,70,49,5,14.0,142.86,Pakistan
824541,Jaker Ali,RHB,ON_THE_STUMPS,FULL,47,49,1,47.0,95.92,Bangladesh
820351,Rovman Powell,RHB,ON_THE_STUMPS,FULL_TOSS,97,49,4,24.25,197.96,West Indies
12454,Joe Denly,RHB,ON_THE_STUMPS,SHORT_OF_A_GOOD_LENGTH,54,49,4,13.5,110.2,England
344580,Shreyas Gopal,RHB,OUTSIDE_OFFSTUMP,GOOD_LENGTH,53,49,3,17.67,108.16,India
1151278,Yashasvi Jaiswal,LHB,DOWN_LEG,GOOD_LENGTH,61,49,1,61.0,124.49,India
774223,Jhye Richardson,RHB,OUTSIDE_OFFSTUMP,SHORT_OF_A_GOOD_LENGTH,57,49,2,28.5,116.33,Australia
51862,Andre Fletcher,RHB,OUTSIDE_OFFSTUMP,FULL_TOSS,81,49,1,81.0,165.31,West Indies
308794,Michael Swart,RHB,OUTSIDE_OFFSTUMP,GOOD_LENGTH,40,49,2,20.0,81.63,Australia
28081,MS Dhoni,RHB,ON_THE_STUMPS,FULL_TOSS,106,49,2,53.0,216.33,India
230559,Kieron Pollard,RHB,DOWN_LEG,SHORT,117,49,1,117.0,238.78,West Indies
538506,Taskin Ahmed,LHB,OUTSIDE_OFFSTUMP,GOOD_LENGTH,43,49,7,6.14,87.76,Bangladesh
230559,Kieron Pollard,RHB,WIDE_OUTSIDE_OFFSTUMP,SHORT_OF_A_GOOD_LENGTH,75,49,5,15.0,153.06,West Indies
431909,Jermaine Blackwood,RHB,OUTSIDE_OFFSTUMP,SHORT_OF_A_GOOD_LENGTH,52,49,2,26.0,106.12,West Indies
56143,Shakib Al Hasan,LHB,OUTSIDE_OFFSTUMP,SHORT,102,49,4,25.5,208.16,Bangladesh
288992,Chris Jordan,RHB,ON_THE_STUMPS,FULL,81,48,4,20.25,168.75,England
234675,Ravindra Jadeja,LHB,DOWN_LEG,SHORT_OF_A_GOOD_LENGTH,53,48,2,26.5,110.42,India
604527,Nitish Rana,LHB,WIDE_OUTSIDE_OFFSTUMP,FULL,102,48,3,34.0,212.5,India
670035,Brandon King,RHB,WIDE_OUTSIDE_OFFSTUMP,FULL,99,48,2,49.5,206.25,West Indies
595978,Tristan Stubbs,RHB,ON_THE_STUMPS,SHORT_OF_A_GOOD_LENGTH,83,48,2,41.5,172.92,South Africa
18632,Samit Patel,RHB,OUTSIDE_OFFSTUMP,FULL,68,48,3,22.67,141.67,England
56143,Shakib Al Hasan,LHB,DOWN_LEG,FULL,49,48,2,24.5,102.08,Bangladesh
315594,Ashley Nurse,RHB,ON_THE_STUMPS,GOOD_LENGTH,41,48,3,13.67,85.42,West Indies
33335,Suresh Raina,LHB,WIDE_OUTSIDE_OFFSTUMP,GOOD_LENGTH,68,48,1,68.0,141.67,India
826915,Nathan Ellis,RHB,OUTSIDE_OFFSTUMP,GOOD_LENGTH,41,48,9,4.56,85.42,Australia
1143529,Imran Anwar,RHB,OUTSIDE_OFFSTUMP,GOOD_LENGTH,63,48,2,31.5,131.25,Bahrain
227762,Sharjeel Khan,LHB,ON_THE_STUMPS,FULL,67,48,8,8.38,139.58,Pakistan
1137283,Thomas Rogers,LHB,ON_THE_STUMPS,FULL,68,48,2,34.0,141.67,Australia
555850,Sam Hain,RHB,OUTSIDE_OFFSTUMP,FULL,72,48,6,12.0,150.0,England
1127317,Scott Edwards,RHB,ON_THE_STUMPS,GOOD_LENGTH,47,48,2,23.5,97.92,Netherlands
1125715,Justin Avendano,RHB,OUTSIDE_OFFSTUMP,GOOD_LENGTH,37,48,4,9.25,77.08,Australia
318788,Haris Sohail,LHB,OUTSIDE_OFFSTUMP,GOOD_LENGTH,42,48,3,14.0,87.5,Pakistan
56025,Mahmudullah,RHB,OUTSIDE_OFFSTUMP,FULL_TOSS,80,48,3,26.67,166.67,Bangladesh
303669,Joe Root,RHB,ON_THE_STUMPS,FULL,45,48,3,15.0,93.75,England
37737,Brendon McCullum,RHB,ON_THE_STUMPS,FULL_TOSS,109,48,3,36.33,227.08,New Zealand
819429,Azmatullah Omarzai,RHB,ON_THE_STUMPS,FULL,82,48,3,27.33,170.83,Afghanistan
819429,Azmatullah Omarzai,RHB,OUTSIDE_OFFSTUMP,FULL,63,48,3,21.0,131.25,Afghanistan
307756,Jatinder Singh,RHB,OUTSIDE_OFFSTUMP,GOOD_LENGTH,50,48,1,50.0,104.17,Oman
824541,Jaker Ali,RHB,OUTSIDE_OFFSTUMP,SHORT_OF_A_GOOD_LENGTH,50,48,1,50.0,104.17,Bangladesh
500135,Prashant Chopra,RHB,OUTSIDE_OFFSTUMP,GOOD_LENGTH,65,48,2,32.5,135.42,India
629058,Najmul Hossain Shanto,LHB,DOWN_LEG,GOOD_LENGTH,51,48,3,17.0,106.25,Bangladesh
779929,Nick Hobson,LHB,OUTSIDE_OFFSTUMP,GOOD_LENGTH,66,48,4,16.5,137.5,Australia
713195,Harry Nielsen,LHB,ON_THE_STUMPS,GOOD_LENGTH,54,48,7,7.71,112.5,Australia
877051,Tom Banton,RHB,ON_THE_STUMPS,SHORT_OF_A_GOOD_LENGTH,71,48,1,71.0,147.92,England
474760,Chundangapoyil Rizwan,RHB,OUTSIDE_OFFSTUMP,GOOD_LENGTH,40,48,1,40.0,83.33,United Arab Emirates
348144,Babar Azam,RHB,DOWN_LEG,FULL,75,48,1,75.0,156.25,Pakistan
26421,Ravichandran Ashwin,RHB,ON_THE_STUMPS,FULL,67,48,6,11.17,139.58,India
55814,Brendan Taylor,RHB,OUTSIDE_OFFSTUMP,SHORT_OF_A_GOOD_LENGTH,53,48,1,53.0,110.42,Zimbabwe
376169,Michael Neser,RHB,OUTSIDE_OFFSTUMP,SHORT_OF_A_GOOD_LENGTH,69,48,6,11.5,143.75,Australia
51880,Chris Gayle,LHB,ON_THE_STUMPS,YORKER,25,48,2,12.5,52.08,West Indies
233680,Jonathan Wells,RHB,OUTSIDE_OFFSTUMP,SHORT,89,48,2,44.5,185.42,Australia
698315,Donovan Ferreira,RHB,OUTSIDE_OFFSTUMP,SHORT_OF_A_GOOD_LENGTH,55,48,1,55.0,114.58,South Africa
348034,George Dockrell,RHB,ON_THE_STUMPS,FULL,72,48,6,12.0,150.0,Ireland
497121,Deepak Hooda,RHB,OUTSIDE_OFFSTUMP,SHORT,97,48,4,24.25,202.08,India
230558,Sunil Narine,LHB,OUTSIDE_OFFSTUMP,FULL_TOSS,98,48,3,32.67,204.17,West Indies
326016,Bhuvneshwar Kumar,RHB,ON_THE_STUMPS,GOOD_LENGTH,46,48,5,9.2,95.83,India
629075,Minod Bhanuka,LHB,OUTSIDE_OFFSTUMP,GOOD_LENGTH,42,47,2,21.0,89.36,Sri Lanka
500267,Seb Gotch,RHB,OUTSIDE_OFFSTUMP,SHORT_OF_A_GOOD_LENGTH,43,47,3,14.33,91.49,Australia
376169,Michael Neser,RHB,ON_THE_STUMPS,GOOD_LENGTH,38,47,7,5.43,80.85,Australia
641423,Dan Lawrence,RHB,OUTSIDE_OFFSTUMP,FULL,68,47,4,17.0,144.68,England
4864,Dan Christian,RHB,ON_THE_STUMPS,SHORT_OF_A_GOOD_LENGTH,88,47,1,88.0,187.23,Australia
652687,Saud Shakeel,LHB,ON_THE_STUMPS,GOOD_LENGTH,71,47,2,35.5,151.06,Pakistan
646173,Kiplin Doriga,RHB,OUTSIDE_OFFSTUMP,GOOD_LENGTH,33,47,3,11.0,70.21,Papua New Guinea
974087,Rahmanullah Gurbaz,RHB,WIDE_OUTSIDE_OFFSTUMP,GOOD_LENGTH,60,47,4,15.0,127.66,Afghanistan
277906,Kane Williamson,RHB,WIDE_OUTSIDE_OFFSTUMP,SHORT_OF_A_GOOD_LENGTH,66,47,2,33.0,140.43,New Zealand
719715,Washington Sundar,LHB,OUTSIDE_OFFSTUMP,FULL,73,47,3,24.33,155.32,India
41140,Khurram Manzoor,RHB,OUTSIDE_OFFSTUMP,GOOD_LENGTH,43,47,2,21.5,91.49,Pakistan
1079434,Riyan Parag,RHB,OUTSIDE_OFFSTUMP,SHORT,101,47,3,33.67,214.89,India
1070665,Dewald Brevis,RHB,ON_THE_STUMPS,FULL,83,47,2,41.5,176.6,South Africa
909225,Paul Walter,LHB,ON_THE_STUMPS,GOOD_LENGTH,39,47,3,13.0,82.98,England
721867,Jitesh Sharma,RHB,ON_THE_STUMPS,SHORT_OF_A_GOOD_LENGTH,64,47,1,64.0,136.17,India
1159711,Shahbaz Ahmed,LHB,OUTSIDE_OFFSTUMP,FULL,66,47,3,22.0,140.43,India
1072470,Shaheen Shah Afridi,LHB,ON_THE_STUMPS,GOOD_LENGTH,46,47,8,5.75,97.87,Pakistan
1072470,Shaheen Shah Afridi,LHB,OUTSIDE_OFFSTUMP,GOOD_LENGTH,63,47,4,15.75,134.04,Pakistan
230371,Ben Cutting,RHB,OUTSIDE_OFFSTUMP,FULL_TOSS,127,47,3,42.33,270.21,Australia
851261,Anmolpreet Singh,RHB,OUTSIDE_OFFSTUMP,GOOD_LENGTH,44,47,2,22.0,93.62,India
1168651,Haider Ali,RHB,ON_THE_STUMPS,SHORT_OF_A_GOOD_LENGTH,36,47,2,18.0,76.6,Pakistan
279810,Wriddhiman Saha,RHB,WIDE_OUTSIDE_OFFSTUMP,GOOD_LENGTH,62,47,5,12.4,131.91,India
1124282,Josh Philippe,RHB,OUTSIDE_OFFSTUMP,SHORT,91,47,1,91.0,193.62,Australia
539548,Scott Kuggeleijn,RHB,OUTSIDE_OFFSTUMP,GOOD_LENGTH,50,47,4,12.5,106.38,New Zealand
56154,Shamsur Rahman,RHB,ON_THE_STUMPS,GOOD_LENGTH,55,47,2,27.5,117.02,Bangladesh
36948,Anton Devcich,LHB,OUTSIDE_OFFSTUMP,FULL,78,47,4,19.5,165.96,New Zealand
536936,Litton Das,RHB,WIDE_OUTSIDE_OFFSTUMP,FULL,56,47,2,28.0,119.15,Bangladesh
459508,Andrew Tye,RHB,ON_THE_STUMPS,GOOD_LENGTH,52,47,6,8.67,110.64,Australia
296597,James Vince,RHB,WIDE_OUTSIDE_OFFSTUMP,SHORT_OF_A_GOOD_LENGTH,61,47,4,15.25,129.79,England
44828,Faf du Plessis,RHB,OUTSIDE_OFFSTUMP,FULL_TOSS,103,47,2,51.5,219.15,South Africa
711559,Usman Ghani,RHB,ON_THE_STUMPS,SHORT_OF_A_GOOD_LENGTH,42,47,1,42.0,89.36,Afghanistan
24598,Eoin Morgan,LHB,WIDE_OUTSIDE_OFFSTUMP,FULL,96,47,6,16.0,204.26,England
326632,Joe Burns,RHB,OUTSIDE_OFFSTUMP,FULL,43,47,2,21.5,91.49,Italy
502714,Mitchell Santner,LHB,ON_THE_STUMPS,FULL,71,47,1,71.0,151.06,New Zealand
43266,Sohaib Maqsood,RHB,ON_THE_STUMPS,FULL,51,47,3,17.0,108.51,Pakistan
233514,Thisara Perera,LHB,OUTSIDE_OFFSTUMP,FULL_TOSS,96,47,1,96.0,204.26,Sri Lanka
596375,Tarisai Musakanda,RHB,OUTSIDE_OFFSTUMP,GOOD_LENGTH,53,47,3,17.67,112.77,Zimbabwe
423838,Rahul Tewatia,LHB,ON_THE_STUMPS,FULL,68,47,2,34.0,144.68,India
424176,Rongsen Jonathan,RHB,OUTSIDE_OFFSTUMP,GOOD_LENGTH,31,47,1,31.0,65.96,India
946453,Daniel Smith,LHB,ON_THE_STUMPS,GOOD_LENGTH,63,47,1,63.0,134.04,South Africa
425943,Sanju Samson,RHB,ON_THE_STUMPS,SHORT,113,47,3,37.67,240.43,India
326637,Chris Lynn,RHB,WIDE_OUTSIDE_OFFSTUMP,FULL,77,47,4,19.25,163.83,Australia
892749,Tim David,RHB,ON_THE_STUMPS,YORKER,52,46,4,13.0,113.04,Australia
959827,Jason Sangha,RHB,OUTSIDE_OFFSTUMP,FULL,44,46,2,22.0,95.65,Australia
318334,Nawroz Mangal,RHB,OUTSIDE_OFFSTUMP,GOOD_LENGTH,44,46,2,22.0,95.65,Afghanistan
53116,Lendl Simmons,RHB,WIDE_OUTSIDE_OFFSTUMP,SHORT_OF_A_GOOD_LENGTH,43,46,1,43.0,93.48,West Indies
315594,Ashley Nurse,RHB,OUTSIDE_OFFSTUMP,FULL,79,46,3,26.33,171.74,West Indies
851261,Anmolpreet Singh,RHB,ON_THE_STUMPS,GOOD_LENGTH,72,46,2,36.0,156.52,India
52983,Marlon Samuels,RHB,ON_THE_STUMPS,SHORT_OF_A_GOOD_LENGTH,37,46,1,37.0,80.43,West Indies
55870,Sean Williams,LHB,DOWN_LEG,GOOD_LENGTH,58,46,2,29.0,126.09,Zimbabwe
922941,Abdullah Shafique,RHB,ON_THE_STUMPS,FULL,71,46,5,14.2,154.35,Pakistan
662973,Sam Curran,LHB,ON_THE_STUMPS,SHORT,76,46,5,15.2,165.22,England
793441,Aamer Jamal,RHB,ON_THE_STUMPS,GOOD_LENGTH,46,46,2,23.0,100.0,Pakistan
699723,Grant Roelofsen,RHB,OUTSIDE_OFFSTUMP,FULL,49,46,1,49.0,106.52,South Africa
249866,Alex Hales,RHB,ON_THE_STUMPS,SHORT,79,46,3,26.33,171.74,England
603410,Ben McDermott,RHB,OUTSIDE_OFFSTUMP,FULL_TOSS,74,46,2,37.0,160.87,Australia
604527,Nitish Rana,LHB,DOWN_LEG,SHORT_OF_A_GOOD_LENGTH,64,46,1,64.0,139.13,India
670025,Shimron Hetmyer,LHB,ON_THE_STUMPS,YORKER,41,46,2,20.5,89.13,West Indies
244497,Adil Rashid,RHB,OUTSIDE_OFFSTUMP,GOOD_LENGTH,43,46,7,6.14,93.48,England
236489,Dawid Malan,LHB,DOWN_LEG,SHORT,86,46,2,43.0,186.96,England
234675,Ravindra Jadeja,LHB,OUTSIDE_OFFSTUMP,FULL_TOSS,120,46,2,60.0,260.87,India
642525,Sarfaraz Khan,RHB,ON_THE_STUMPS,FULL,72,46,3,24.0,156.52,India
720471,Ishan Kishan,LHB,DOWN_LEG,FULL,81,46,3,27.0,176.09,India
826679,Sam Heazlett,LHB,OUTSIDE_OFFSTUMP,SHORT_OF_A_GOOD_LENGTH,39,46,2,19.5,84.78,Australia
720471,Ishan Kishan,LHB,DOWN_LEG,SHORT,129,46,1,129.0,280.43,India
50747,Upul Tharanga,LHB,ON_THE_STUMPS,SHORT_OF_A_GOOD_LENGTH,64,46,3,21.33,139.13,Sri Lanka
52917,Denesh Ramdin,RHB,OUTSIDE_OFFSTUMP,SHORT,70,46,3,23.33,152.17,West Indies
230193,Matthew Wade,LHB,ON_THE_STUMPS,FULL_TOSS,90,46,1,90.0,195.65,Australia
787987,Marnus Labuschagne,RHB,ON_THE_STUMPS,SHORT_OF_A_GOOD_LENGTH,49,46,3,16.33,106.52,Australia
555850,Sam Hain,RHB,ON_THE_STUMPS,FULL,74,46,5,14.8,160.87,England
56194,Tamim Iqbal,LHB,DOWN_LEG,SHORT,126,46,2,63.0,273.91,Bangladesh
629076,Sadeera Samarawickrama,RHB,ON_THE_STUMPS,SHORT_OF_A_GOOD_LENGTH,55,46,2,27.5,119.57,Sri Lanka
521637,Ben Duckett,LHB,OUTSIDE_OFFSTUMP,FULL,57,46,1,57.0,123.91,England
233680,Jonathan Wells,RHB,WIDE_OUTSIDE_OFFSTUMP,GOOD_LENGTH,46,46,2,23.0,100.0,Australia
1060380,Ruturaj Gaikwad,RHB,DOWN_LEG,GOOD_LENGTH,55,46,2,27.5,119.57,India
348146,Ahsan Ali,RHB,OUTSIDE_OFFSTUMP,SHORT_OF_A_GOOD_LENGTH,66,46,3,22.0,143.48,Pakistan
325026,Glenn Maxwell,RHB,ON_THE_STUMPS,YORKER,40,46,6,6.67,86.96,Australia
41434,Mohammad Hafeez,RHB,WIDE_OUTSIDE_OFFSTUMP,GOOD_LENGTH,74,46,1,74.0,160.87,Pakistan
391485,Jason Holder,RHB,OUTSIDE_OFFSTUMP,SHORT,97,46,6,16.17,210.87,West Indies
489889,Pat Cummins,RHB,OUTSIDE_OFFSTUMP,SHORT_OF_A_GOOD_LENGTH,82,46,3,27.33,178.26,Australia
437669,Jordan Silk,RHB,OUTSIDE_OFFSTUMP,SHORT,88,46,2,44.0,191.3,Australia
402106,Abdul Waheed,RHB,ON_THE_STUMPS,GOOD_LENGTH,33,46,2,16.5,71.74,Saudi Arabia
348148,Mohammad Nawaz,LHB,OUTSIDE_OFFSTUMP,SHORT,67,46,8,8.38,145.65,Pakistan
345825,Chaturanga de Silva,LHB,OUTSIDE_OFFSTUMP,GOOD_LENGTH,77,46,4,19.25,167.39,Sri Lanka
1137283,Thomas Rogers,LHB,OUTSIDE_OFFSTUMP,FULL,63,46,3,21.0,136.96,Australia
5334,Aaron Finch,RHB,ON_THE_STUMPS,FULL_TOSS,87,46,1,87.0,189.13,Australia
440516,Tom Blundell,RHB,OUTSIDE_OFFSTUMP,GOOD_LENGTH,64,46,3,21.33,139.13,New Zealand
24598,Eoin Morgan,LHB,OUTSIDE_OFFSTUMP,SHORT,120,46,3,40.0,260.87,England
25913,Mohammad Nabi,RHB,ON_THE_STUMPS,FULL_TOSS,115,46,2,57.5,250.0,Afghanistan
470699,Ben Cooper,LHB,OUTSIDE_OFFSTUMP,GOOD_LENGTH,57,46,3,19.0,123.91,Netherlands
398506,Mandeep Singh,RHB,ON_THE_STUMPS,SHORT_OF_A_GOOD_LENGTH,88,46,1,88.0,191.3,India
995037,Mahidul Islam Ankon,RHB,OUTSIDE_OFFSTUMP,SHORT_OF_A_GOOD_LENGTH,44,46,4,11.0,95.65,Bangladesh
436677,Soumya Sarkar,LHB,DOWN_LEG,SHORT_OF_A_GOOD_LENGTH,55,46,1,55.0,119.57,Bangladesh
1209110,Basil Hameed,RHB,ON_THE_STUMPS,GOOD_LENGTH,19,46,9,2.11,41.3,United Arab Emirates
1331512,Mirza Baig,RHB,OUTSIDE_OFFSTUMP,GOOD_LENGTH,27,46,1,27.0,58.7,Pakistan
1161044,Shamim Hossain,LHB,ON_THE_STUMPS,SHORT_OF_A_GOOD_LENGTH,59,46,2,29.5,128.26,Bangladesh
269280,Reeza Hendricks,RHB,WIDE_OUTSIDE_OFFSTUMP,GOOD_LENGTH,71,45,2,35.5,157.78,South Africa
269280,Reeza Hendricks,RHB,OUTSIDE_OFFSTUMP,SHORT,107,45,3,35.67,237.78,South Africa
951781,Milton Shumba,LHB,OUTSIDE_OFFSTUMP,GOOD_LENGTH,39,45,1,39.0,86.67,Zimbabwe
536936,Litton Das,RHB,WIDE_OUTSIDE_OFFSTUMP,GOOD_LENGTH,54,45,5,10.8,120.0,Bangladesh
851261,Anmolpreet Singh,RHB,ON_THE_STUMPS,FULL,43,45,5,8.6,95.56,India
670025,Shimron Hetmyer,LHB,OUTSIDE_OFFSTUMP,YORKER,32,45,2,16.0,71.11,West Indies
600498,Aiden Markram,RHB,OUTSIDE_OFFSTUMP,SHORT,108,45,3,36.0,240.0,South Africa
41028,Kamran Akmal,RHB,OUTSIDE_OFFSTUMP,SHORT,130,45,3,43.33,288.89,Pakistan
270484,James Faulkner,RHB,ON_THE_STUMPS,FULL,49,45,4,12.25,108.89,Australia
332980,Charles Amini,LHB,OUTSIDE_OFFSTUMP,GOOD_LENGTH,41,45,3,13.67,91.11,Papua New Guinea
1329699,Khawaja Nafay,RHB,OUTSIDE_OFFSTUMP,GOOD_LENGTH,35,45,1,35.0,77.78,Pakistan
226492,Martin Guptill,RHB,DOWN_LEG,FULL,71,45,2,35.5,157.78,New Zealand
414966,Michael Leask,RHB,OUTSIDE_OFFSTUMP,GOOD_LENGTH,46,45,4,11.5,102.22,Scotland
35390,Saurabh Tiwary,LHB,OUTSIDE_OFFSTUMP,FULL,66,45,1,66.0,146.67,India
1278994,Shiv Mathur,RHB,OUTSIDE_OFFSTUMP,GOOD_LENGTH,48,45,1,48.0,106.67,Hong Kong
437316,Dasun Shanaka,RHB,OUTSIDE_OFFSTUMP,FULL_TOSS,123,45,1,123.0,273.33,Sri Lanka
316397,Asad Shafiq,RHB,ON_THE_STUMPS,GOOD_LENGTH,46,45,4,11.5,102.22,Pakistan
559066,Ish Sodhi,RHB,OUTSIDE_OFFSTUMP,GOOD_LENGTH,26,45,5,5.2,57.78,New Zealand
45705,Colin Ingram,LHB,DOWN_LEG,GOOD_LENGTH,54,45,1,54.0,120.0,South Africa
462727,Tom Abell,RHB,ON_THE_STUMPS,FULL,62,45,2,31.0,137.78,England
8180,Shane Watson,RHB,WIDE_OUTSIDE_OFFSTUMP,FULL,89,45,3,29.67,197.78,Australia
348144,Babar Azam,RHB,ON_THE_STUMPS,FULL_TOSS,81,45,1,81.0,180.0,Pakistan
437927,Stephan Baard,RHB,OUTSIDE_OFFSTUMP,FULL,46,45,1,46.0,102.22,Namibia
327830,Dwaine Pretorius,RHB,ON_THE_STUMPS,FULL,72,45,5,14.4,160.0,South Africa
1079434,Riyan Parag,RHB,ON_THE_STUMPS,SHORT_OF_A_GOOD_LENGTH,78,45,4,19.5,173.33,India
211855,Liam Dawson,RHB,ON_THE_STUMPS,FULL,81,45,6,13.5,180.0,England
276298,Andre Russell,RHB,DOWN_LEG,GOOD_LENGTH,72,45,1,72.0,160.0,West Indies
534734,Chirag Suri,RHB,OUTSIDE_OFFSTUMP,GOOD_LENGTH,36,45,3,12.0,80.0,United Arab Emirates
44936,AB de Villiers,RHB,ON_THE_STUMPS,YORKER,38,45,2,19.0,84.44,South Africa
457280,Adam Rossington,RHB,OUTSIDE_OFFSTUMP,FULL,89,45,4,22.25,197.78,England
403902,Liam Livingstone,RHB,WIDE_OUTSIDE_OFFSTUMP,GOOD_LENGTH,62,45,1,62.0,137.78,England
288992,Chris Jordan,RHB,ON_THE_STUMPS,SHORT_OF_A_GOOD_LENGTH,51,45,5,10.2,113.33,England
233802,Ashan Priyanjan,RHB,OUTSIDE_OFFSTUMP,GOOD_LENGTH,28,45,3,9.33,62.22,Sri Lanka
989935,Shahadat Hossain,RHB,ON_THE_STUMPS,GOOD_LENGTH,27,45,2,13.5,60.0,Bangladesh
669365,Phil Salt,RHB,WIDE_OUTSIDE_OFFSTUMP,FULL,81,45,3,27.0,180.0,England
37737,Brendon McCullum,RHB,WIDE_OUTSIDE_OFFSTUMP,GOOD_LENGTH,66,45,3,22.0,146.67,New Zealand
554691,Axar Patel,LHB,OUTSIDE_OFFSTUMP,SHORT,94,45,2,47.0,208.89,India
1202263,Thomas Kelly,RHB,ON_THE_STUMPS,GOOD_LENGTH,46,45,3,15.33,102.22,Australia
5334,Aaron Finch,RHB,OUTSIDE_OFFSTUMP,FULL_TOSS,90,45,2,45.0,200.0,Australia
434813,Marcus Harris,LHB,ON_THE_STUMPS,SHORT_OF_A_GOOD_LENGTH,45,45,3,15.0,100.0,Australia
906749,Dominic Drakes,LHB,OUTSIDE_OFFSTUMP,GOOD_LENGTH,38,45,4,9.5,84.44,West Indies
512191,Fakhar Zaman,LHB,OUTSIDE_OFFSTUMP,SHORT,60,45,6,10.0,133.33,Pakistan
681305,Hasan Ali,RHB,OUTSIDE_OFFSTUMP,GOOD_LENGTH,60,45,9,6.67,133.33,Pakistan
623977,Agha Salman,RHB,OUTSIDE_OFFSTUMP,SHORT_OF_A_GOOD_LENGTH,61,45,2,30.5,135.56,Pakistan
227758,Imad Wasim,LHB,OUTSIDE_OFFSTUMP,FULL_TOSS,107,45,3,35.67,237.78,Pakistan
24598,Eoin Morgan,LHB,DOWN_LEG,SHORT_OF_A_GOOD_LENGTH,53,45,1,53.0,117.78,England
320652,Asghar Afghan,RHB,OUTSIDE_OFFSTUMP,FULL,52,45,2,26.0,115.56,Afghanistan
297498,Ian Cockbain,RHB,OUTSIDE_OFFSTUMP,GOOD_LENGTH,54,45,2,27.0,120.0,England
328026,Isuru Udana,RHB,OUTSIDE_OFFSTUMP,FULL,78,45,1,78.0,173.33,Sri Lanka
1058514,Aasif Sheikh,RHB,OUTSIDE_OFFSTUMP,GOOD_LENGTH,56,45,3,18.67,124.44,Nepal
1099379,Gareth Delany,RHB,OUTSIDE_OFFSTUMP,SHORT_OF_A_GOOD_LENGTH,68,45,1,68.0,151.11,Ireland
642519,Shreyas Iyer,RHB,WIDE_OUTSIDE_OFFSTUMP,GOOD_LENGTH,65,44,3,21.67,147.73,India
236489,Dawid Malan,LHB,OUTSIDE_OFFSTUMP,SHORT,74,44,3,24.67,168.18,England
249866,Alex Hales,RHB,ON_THE_STUMPS,FULL_TOSS,72,44,4,18.0,163.64,England
471342,Krunal Pandya,LHB,OUTSIDE_OFFSTUMP,SHORT,79,44,5,15.8,179.55,India
1139511,Parvez Hossain Emon,LHB,ON_THE_STUMPS,GOOD_LENGTH,41,44,4,10.25,93.18,Bangladesh
931581,Rishabh Pant,LHB,DOWN_LEG,FULL,81,44,3,27.0,184.09,India
554691,Axar Patel,LHB,OUTSIDE_OFFSTUMP,FULL_TOSS,64,44,4,16.0,145.45,India
1284532,Haider Butt,RHB,OUTSIDE_OFFSTUMP,GOOD_LENGTH,49,44,1,49.0,111.36,Bahrain
550235,Tom Curran,RHB,ON_THE_STUMPS,FULL,66,44,3,22.0,150.0,England
457280,Adam Rossington,RHB,OUTSIDE_OFFSTUMP,SHORT_OF_A_GOOD_LENGTH,78,44,5,15.6,177.27,England
776695,Matt Critchley,RHB,ON_THE_STUMPS,GOOD_LENGTH,61,44,1,61.0,138.64,England
1151278,Yashasvi Jaiswal,LHB,OUTSIDE_OFFSTUMP,SHORT,119,44,5,23.8,270.45,India
315232,Asif Khan,RHB,ON_THE_STUMPS,GOOD_LENGTH,73,44,1,73.0,165.91,United Arab Emirates
1076382,Mackenzie Harvey,LHB,ON_THE_STUMPS,SHORT_OF_A_GOOD_LENGTH,29,44,4,7.25,65.91,Australia
820351,Rovman Powell,RHB,OUTSIDE_OFFSTUMP,FULL_TOSS,86,44,2,43.0,195.45,West Indies
489889,Pat Cummins,RHB,ON_THE_STUMPS,GOOD_LENGTH,49,44,3,16.33,111.36,Australia
474760,Chundangapoyil Rizwan,RHB,ON_THE_STUMPS,GOOD_LENGTH,45,44,2,22.5,102.27,United Arab Emirates
325012,Marcus Stoinis,RHB,ON_THE_STUMPS,SHORT,108,44,5,21.6,245.45,Australia
232491,Anwar Ali,RHB,OUTSIDE_OFFSTUMP,GOOD_LENGTH,69,44,3,23.0,156.82,Pakistan
826679,Sam Heazlett,LHB,OUTSIDE_OFFSTUMP,FULL,64,44,4,16.0,145.45,Australia
946517,Dion Myers,RHB,OUTSIDE_OFFSTUMP,GOOD_LENGTH,51,44,2,25.5,115.91,Zimbabwe
277916,Ajinkya Rahane,RHB,DOWN_LEG,GOOD_LENGTH,63,44,1,63.0,143.18,India
355269,James Neesham,LHB,OUTSIDE_OFFSTUMP,FULL_TOSS,87,44,4,21.75,197.73,New Zealand
43906,Hashim Amla,RHB,ON_THE_STUMPS,SHORT_OF_A_GOOD_LENGTH,66,44,3,22.0,150.0,South Africa
24598,Eoin Morgan,LHB,DOWN_LEG,SHORT,95,44,2,47.5,215.91,England
317273,Umar Akmal,RHB,OUTSIDE_OFFSTUMP,SHORT_OF_A_GOOD_LENGTH,57,44,1,57.0,129.55,Pakistan
774223,Jhye Richardson,RHB,ON_THE_STUMPS,GOOD_LENGTH,37,44,5,7.4,84.09,Australia
571761,Daniel Hughes,LHB,DOWN_LEG,SHORT_OF_A_GOOD_LENGTH,70,44,1,70.0,159.09,Australia
219889,David Warner,LHB,WIDE_OUTSIDE_OFFSTUMP,SHORT_OF_A_GOOD_LENGTH,65,44,1,65.0,147.73,Australia
25490,Richie Berrington,RHB,ON_THE_STUMPS,FULL,74,44,1,74.0,168.18,Scotland
277662,Corey Anderson,LHB,OUTSIDE_OFFSTUMP,SHORT_OF_A_GOOD_LENGTH,44,44,2,22.0,100.0,United States of America
974087,Rahmanullah Gurbaz,RHB,DOWN_LEG,GOOD_LENGTH,48,44,2,24.0,109.09,Afghanistan
37737,Brendon McCullum,RHB,DOWN_LEG,SHORT_OF_A_GOOD_LENGTH,55,44,1,55.0,125.0,New Zealand
4451,George Bailey,RHB,ON_THE_STUMPS,FULL,57,44,2,28.5,129.55,Australia
288617,Ross Whiteley,LHB,ON_THE_STUMPS,GOOD_LENGTH,42,44,2,21.0,95.45,England
44828,Faf du Plessis,RHB,ON_THE_STUMPS,YORKER,42,44,3,14.0,95.45,South Africa
1076382,Mackenzie Harvey,LHB,OUTSIDE_OFFSTUMP,SHORT_OF_A_GOOD_LENGTH,53,44,2,26.5,120.45,Australia
1418076,Waji Ul Hassan,RHB,OUTSIDE_OFFSTUMP,GOOD_LENGTH,41,44,3,13.67,93.18,
342619,Bhanuka Rajapaksa,LHB,DOWN_LEG,GOOD_LENGTH,54,44,2,27.0,122.73,Sri Lanka
44828,Faf du Plessis,RHB,DOWN_LEG,FULL,79,44,3,26.33,179.55,South Africa
333066,Johnson Charles,RHB,DOWN_LEG,FULL,42,44,1,42.0,95.45,West Indies
227758,Imad Wasim,LHB,DOWN_LEG,SHORT_OF_A_GOOD_LENGTH,46,44,2,23.0,104.55,Pakistan
290716,Kedar Jadhav,RHB,ON_THE_STUMPS,SHORT_OF_A_GOOD_LENGTH,46,44,2,23.0,104.55,India
314743,Shykat Ali,RHB,OUTSIDE_OFFSTUMP,GOOD_LENGTH,53,44,3,17.67,120.45,Bangladesh
538506,Taskin Ahmed,LHB,OUTSIDE_OFFSTUMP,FULL,88,44,4,22.0,200.0,Bangladesh
629063,Mehidy Hasan Miraz,RHB,OUTSIDE_OFFSTUMP,SHORT,81,44,4,20.25,184.09,Bangladesh
325012,Marcus Stoinis,RHB,WIDE_OUTSIDE_OFFSTUMP,GOOD_LENGTH,53,44,3,17.67,120.45,Australia
56025,Mahmudullah,RHB,WIDE_OUTSIDE_OFFSTUMP,FULL,71,44,1,71.0,161.36,Bangladesh
35390,Saurabh Tiwary,LHB,ON_THE_STUMPS,SHORT_OF_A_GOOD_LENGTH,50,44,1,50.0,113.64,India
226492,Martin Guptill,RHB,ON_THE_STUMPS,FULL_TOSS,75,44,2,37.5,170.45,New Zealand
438563,Mark Chapman,LHB,DOWN_LEG,GOOD_LENGTH,61,44,2,30.5,138.64,New Zealand
8180,Shane Watson,RHB,DOWN_LEG,SHORT_OF_A_GOOD_LENGTH,57,43,1,57.0,132.56,Australia
892749,Tim David,RHB,ON_THE_STUMPS,SHORT,134,43,5,26.8,311.63,Australia
321777,David Miller,LHB,OUTSIDE_OFFSTUMP,YORKER,42,43,1,42.0,97.67,South Africa
530773,Pawan Negi,LHB,OUTSIDE_OFFSTUMP,GOOD_LENGTH,49,43,2,24.5,113.95,India
266268,Pite van Biljon,RHB,OUTSIDE_OFFSTUMP,GOOD_LENGTH,35,43,3,11.67,81.4,South Africa
906749,Dominic Drakes,LHB,ON_THE_STUMPS,GOOD_LENGTH,43,43,3,14.33,100.0,West Indies
489889,Pat Cummins,RHB,OUTSIDE_OFFSTUMP,FULL,57,43,3,19.0,132.56,Australia
233514,Thisara Perera,LHB,ON_THE_STUMPS,SHORT,67,43,1,67.0,155.81,Sri Lanka
550215,Kagiso Rabada,LHB,OUTSIDE_OFFSTUMP,FULL,65,43,3,21.67,151.16,South Africa
215155,Usman Khawaja,LHB,DOWN_LEG,SHORT_OF_A_GOOD_LENGTH,62,43,2,31.0,144.19,Australia
422108,KL Rahul,RHB,WIDE_OUTSIDE_OFFSTUMP,SHORT_OF_A_GOOD_LENGTH,64,43,1,64.0,148.84,India
28081,MS Dhoni,RHB,DOWN_LEG,GOOD_LENGTH,63,43,1,63.0,146.51,India
781285,Jake Weatherald,LHB,DOWN_LEG,GOOD_LENGTH,44,43,2,22.0,102.33,Australia
550235,Tom Curran,RHB,ON_THE_STUMPS,SHORT_OF_A_GOOD_LENGTH,59,43,1,59.0,137.21,England
1151278,Yashasvi Jaiswal,LHB,DOWN_LEG,SHORT_OF_A_GOOD_LENGTH,59,43,4,14.75,137.21,India
303427,Paul Stirling,RHB,WIDE_OUTSIDE_OFFSTUMP,GOOD_LENGTH,84,43,1,84.0,195.35,Ireland
1065662,Roshon Primus,RHB,ON_THE_STUMPS,GOOD_LENGTH,36,43,1,36.0,83.72,West Indies
276298,Andre Russell,RHB,OUTSIDE_OFFSTUMP,YORKER,28,43,1,28.0,65.12,West Indies
1021025,Muhammad Amir,LHB,OUTSIDE_OFFSTUMP,GOOD_LENGTH,25,43,7,3.57,58.14,Malaysia
331375,Hamish Rutherford,LHB,OUTSIDE_OFFSTUMP,GOOD_LENGTH,46,43,3,15.33,106.98,New Zealand
1161031,Saim Ayub,LHB,DOWN_LEG,GOOD_LENGTH,38,43,2,19.0,88.37,Pakistan
50747,Upul Tharanga,LHB,OUTSIDE_OFFSTUMP,SHORT_OF_A_GOOD_LENGTH,61,43,1,61.0,141.86,Sri Lanka
277916,Ajinkya Rahane,RHB,WIDE_OUTSIDE_OFFSTUMP,FULL,79,43,2,39.5,183.72,India
425943,Sanju Samson,RHB,DOWN_LEG,GOOD_LENGTH,59,43,2,29.5,137.21,India
510530,Jamie Overton,RHB,OUTSIDE_OFFSTUMP,FULL,88,43,2,44.0,204.65,England
554691,Axar Patel,LHB,ON_THE_STUMPS,SHORT,75,43,6,12.5,174.42,India
388802,Tom Latham,LHB,ON_THE_STUMPS,FULL,56,43,1,56.0,130.23,New Zealand
41046,Khalid Latif,RHB,OUTSIDE_OFFSTUMP,GOOD_LENGTH,38,43,2,19.0,88.37,Pakistan
439952,Chris Morris,RHB,ON_THE_STUMPS,FULL,76,43,7,10.86,176.74,South Africa
233901,Shan Masood,LHB,DOWN_LEG,SHORT_OF_A_GOOD_LENGTH,56,43,1,56.0,130.23,Pakistan
221140,David Wiese,RHB,OUTSIDE_OFFSTUMP,SHORT,74,43,4,18.5,172.09,Namibia
510823,Justin Greaves,RHB,OUTSIDE_OFFSTUMP,GOOD_LENGTH,28,43,5,5.6,65.12,West Indies
270135,Ariful Haque,RHB,OUTSIDE_OFFSTUMP,FULL,82,43,2,41.0,190.7,Bangladesh
379774,Colin Ackermann,RHB,ON_THE_STUMPS,GOOD_LENGTH,50,43,1,50.0,116.28,Netherlands
698199,Mitchell Van Buuren,RHB,OUTSIDE_OFFSTUMP,SHORT_OF_A_GOOD_LENGTH,39,43,2,19.5,90.7,South Africa
24605,Kevin O'Brien,RHB,ON_THE_STUMPS,FULL,57,43,5,11.4,132.56,Ireland
559235,Kuldeep Yadav,LHB,OUTSIDE_OFFSTUMP,GOOD_LENGTH,32,43,3,10.67,74.42,India
237095,Murali Vijay,RHB,ON_THE_STUMPS,SHORT_OF_A_GOOD_LENGTH,57,43,2,28.5,132.56,India
501011,Cameron Bancroft,RHB,OUTSIDE_OFFSTUMP,SHORT,90,43,2,45.0,209.3,Australia
326637,Chris Lynn,RHB,WIDE_OUTSIDE_OFFSTUMP,SHORT_OF_A_GOOD_LENGTH,68,43,5,13.6,158.14,Australia
53118,Dwayne Smith,RHB,WIDE_OUTSIDE_OFFSTUMP,GOOD_LENGTH,69,43,1,69.0,160.47,West Indies
227758,Imad Wasim,LHB,DOWN_LEG,GOOD_LENGTH,41,43,1,41.0,95.35,Pakistan
1099379,Gareth Delany,RHB,OUTSIDE_OFFSTUMP,FULL,67,43,1,67.0,155.81,Ireland
326968,Michael Bracewell,LHB,OUTSIDE_OFFSTUMP,FULL,65,43,1,65.0,151.16,New Zealand
298438,Jason Roy,RHB,ON_THE_STUMPS,SHORT,98,43,2,49.0,227.91,England
819441,Darwish Rasooli,RHB,OUTSIDE_OFFSTUMP,GOOD_LENGTH,49,43,2,24.5,113.95,Afghanistan
559235,Kuldeep Yadav,LHB,ON_THE_STUMPS,GOOD_LENGTH,29,43,3,9.67,67.44,India
776695,Matt Critchley,RHB,OUTSIDE_OFFSTUMP,GOOD_LENGTH,49,43,4,12.25,113.95,England
230371,Ben Cutting,RHB,WIDE_OUTSIDE_OFFSTUMP,FULL,84,43,2,42.0,195.35,Australia
436757,Heinrich Klaasen,RHB,ON_THE_STUMPS,FULL_TOSS,124,43,4,31.0,288.37,South Africa
333066,Johnson Charles,RHB,ON_THE_STUMPS,FULL_TOSS,64,43,2,32.0,148.84,West Indies
457280,Adam Rossington,RHB,ON_THE_STUMPS,FULL,75,43,1,75.0,174.42,England
990023,Tanzid Hasan,LHB,OUTSIDE_OFFSTUMP,FULL,82,43,1,82.0,190.7,Bangladesh
534734,Chirag Suri,RHB,ON_THE_STUMPS,GOOD_LENGTH,39,43,3,13.0,90.7,United Arab Emirates
677077,Romario Shepherd,RHB,ON_THE_STUMPS,SHORT_OF_A_GOOD_LENGTH,71,43,2,35.5,165.12,West Indies
823509,Glenn Phillips,RHB,DOWN_LEG,SHORT_OF_A_GOOD_LENGTH,62,43,2,31.0,144.19,New Zealand
533870,Nick Larkin,RHB,ON_THE_STUMPS,FULL,49,43,4,12.25,113.95,Australia
417268,Matthew Cross,RHB,ON_THE_STUMPS,FULL,51,42,1,51.0,121.43,Scotland
1131181,Llew Johnson,RHB,OUTSIDE_OFFSTUMP,GOOD_LENGTH,30,42,3,10.0,71.43,New Zealand
1202786,Sakibul Gani,RHB,OUTSIDE_OFFSTUMP,GOOD_LENGTH,52,42,1,52.0,123.81,India
253802,Virat Kohli,RHB,ON_THE_STUMPS,YORKER,35,42,5,7.0,83.33,India
1193548,Tim Pringle,RHB,OUTSIDE_OFFSTUMP,GOOD_LENGTH,45,42,2,22.5,107.14,Netherlands
532424,Sohail Akhtar,RHB,OUTSIDE_OFFSTUMP,FULL,50,42,2,25.0,119.05,Pakistan
851261,Anmolpreet Singh,RHB,OUTSIDE_OFFSTUMP,SHORT_OF_A_GOOD_LENGTH,56,42,1,56.0,133.33,India
1202263,Thomas Kelly,RHB,OUTSIDE_OFFSTUMP,SHORT_OF_A_GOOD_LENGTH,60,42,1,60.0,142.86,Australia
662235,Josh Inglis,RHB,WIDE_OUTSIDE_OFFSTUMP,FULL,74,42,1,74.0,176.19,Australia
1045883,Clive Madande,RHB,OUTSIDE_OFFSTUMP,GOOD_LENGTH,27,42,1,27.0,64.29,Zimbabwe
326434,Alex Carey,LHB,DOWN_LEG,FULL,39,42,2,19.5,92.86,Australia
1151270,Ayush Badoni,RHB,ON_THE_STUMPS,FULL,68,42,2,34.0,161.9,India
665053,Zak Crawley,RHB,OUTSIDE_OFFSTUMP,FULL,75,42,1,75.0,178.57,England
559059,Joe Carter,RHB,OUTSIDE_OFFSTUMP,GOOD_LENGTH,44,42,2,22.0,104.76,New Zealand
33335,Suresh Raina,LHB,OUTSIDE_OFFSTUMP,SHORT,77,42,2,38.5,183.33,India
1199426,Irfan Khan,RHB,OUTSIDE_OFFSTUMP,GOOD_LENGTH,33,42,1,33.0,78.57,Pakistan
316397,Asad Shafiq,RHB,OUTSIDE_OFFSTUMP,GOOD_LENGTH,46,42,3,15.33,109.52,Pakistan
930189,Lalit Yadav,RHB,ON_THE_STUMPS,GOOD_LENGTH,27,42,4,6.75,64.29,India
698315,Donovan Ferreira,RHB,OUTSIDE_OFFSTUMP,GOOD_LENGTH,44,42,2,22.0,104.76,South Africa
325026,Glenn Maxwell,RHB,DOWN_LEG,SHORT_OF_A_GOOD_LENGTH,51,42,1,51.0,121.43,Australia
873199,Chris Greaves,RHB,OUTSIDE_OFFSTUMP,GOOD_LENGTH,43,42,3,14.33,102.38,Scotland
596137,Clyde Fortuin,RHB,OUTSIDE_OFFSTUMP,GOOD_LENGTH,38,42,2,19.0,90.48,South Africa
230193,Matthew Wade,LHB,OUTSIDE_OFFSTUMP,SHORT,76,42,3,25.33,180.95,Australia
235516,Richmond Mutumbami,RHB,ON_THE_STUMPS,GOOD_LENGTH,42,42,2,21.0,100.0,Zimbabwe
1209110,Basil Hameed,RHB,ON_THE_STUMPS,FULL,49,42,5,9.8,116.67,United Arab Emirates
233712,Stephan Myburgh,LHB,ON_THE_STUMPS,GOOD_LENGTH,28,42,4,7.0,66.67,Netherlands
520183,Zeeshan Ashraf,LHB,OUTSIDE_OFFSTUMP,GOOD_LENGTH,42,42,3,14.0,100.0,Pakistan
465793,Dhananjaya de Silva,RHB,OUTSIDE_OFFSTUMP,SHORT,64,42,4,16.0,152.38,Sri Lanka
398666,Sean Abbott,RHB,ON_THE_STUMPS,GOOD_LENGTH,51,42,6,8.5,121.43,Australia
350629,Nizakat Khan,RHB,ON_THE_STUMPS,FULL,50,42,3,16.67,119.05,Hong Kong
332980,Charles Amini,LHB,ON_THE_STUMPS,GOOD_LENGTH,53,42,1,53.0,126.19,Papua New Guinea
4864,Dan Christian,RHB,WIDE_OUTSIDE_OFFSTUMP,FULL,88,42,2,44.0,209.52,Australia
373696,Mominul Haque,LHB,ON_THE_STUMPS,SHORT_OF_A_GOOD_LENGTH,61,42,1,61.0,145.24,Bangladesh
938959,Wessley Madhevere,RHB,OUTSIDE_OFFSTUMP,FULL,56,42,2,28.0,133.33,Zimbabwe
265564,Wayne Parnell,LHB,OUTSIDE_OFFSTUMP,FULL,55,42,1,55.0,130.95,South Africa
43265,Sohail Tanvir,LHB,ON_THE_STUMPS,FULL,49,42,6,8.17,116.67,Pakistan
825211,Ryan Gibson,RHB,ON_THE_STUMPS,GOOD_LENGTH,47,42,4,11.75,111.9,Australia
297628,Sam Billings,RHB,OUTSIDE_OFFSTUMP,FULL_TOSS,85,42,2,42.5,202.38,England
28763,Gautam Gambhir,LHB,DOWN_LEG,SHORT_OF_A_GOOD_LENGTH,59,42,1,59.0,140.48,India
56007,Mashrafe Mortaza,RHB,ON_THE_STUMPS,GOOD_LENGTH,51,42,3,17.0,121.43,Bangladesh
1124282,Josh Philippe,RHB,WIDE_OUTSIDE_OFFSTUMP,FULL,56,42,3,18.67,133.33,Australia
720471,Ishan Kishan,LHB,OUTSIDE_OFFSTUMP,FULL_TOSS,92,42,4,23.0,219.05,India
901157,Arjun Nair,RHB,OUTSIDE_OFFSTUMP,GOOD_LENGTH,39,42,1,39.0,92.86,Australia
1276719,Kashyap Prajapati,RHB,ON_THE_STUMPS,GOOD_LENGTH,42,42,3,14.0,100.0,Oman
823509,Glenn Phillips,RHB,DOWN_LEG,FULL,68,42,4,17.0,161.9,New Zealand
230556,Andre McCarthy,RHB,ON_THE_STUMPS,GOOD_LENGTH,33,42,3,11.0,78.57,West Indies
494581,Rahkeem Cornwall,RHB,OUTSIDE_OFFSTUMP,SHORT,92,42,2,46.0,219.05,West Indies
549950,Munim Shahriar,RHB,OUTSIDE_OFFSTUMP,GOOD_LENGTH,35,42,5,7.0,83.33,Bangladesh
35565,Manoj Tiwary,RHB,OUTSIDE_OFFSTUMP,SHORT_OF_A_GOOD_LENGTH,47,42,2,23.5,111.9,India
41434,Mohammad Hafeez,RHB,DOWN_LEG,GOOD_LENGTH,38,42,1,38.0,90.48,Pakistan
345821,Danushka Gunathilaka,LHB,DOWN_LEG,GOOD_LENGTH,45,42,1,45.0,107.14,Sri Lanka
1088610,Jack Edwards,RHB,ON_THE_STUMPS,FULL,53,42,5,10.6,126.19,Australia
345825,Chaturanga de Silva,LHB,ON_THE_STUMPS,GOOD_LENGTH,57,42,2,28.5,135.71,Sri Lanka
259410,Ahmed Shehzad,RHB,ON_THE_STUMPS,SHORT_OF_A_GOOD_LENGTH,44,42,3,14.67,104.76,Pakistan
25913,Mohammad Nabi,RHB,DOWN_LEG,GOOD_LENGTH,62,42,3,20.67,147.62,Afghanistan
259410,Ahmed Shehzad,RHB,WIDE_OUTSIDE_OFFSTUMP,GOOD_LENGTH,63,42,3,21.0,150.0,Pakistan
256956,Laurie Evans,RHB,WIDE_OUTSIDE_OFFSTUMP,FULL,76,42,3,25.33,180.95,England
820691,Odean Smith,RHB,ON_THE_STUMPS,FULL,64,42,4,16.0,152.38,West Indies
541224,Luke Jongwe,RHB,OUTSIDE_OFFSTUMP,SHORT_OF_A_GOOD_LENGTH,58,42,6,9.67,138.1,Zimbabwe
537124,Gurkeerat Singh Mann,RHB,ON_THE_STUMPS,GOOD_LENGTH,32,42,3,10.67,76.19,India
232364,Tim Southee,RHB,OUTSIDE_OFFSTUMP,GOOD_LENGTH,57,42,5,11.4,135.71,New Zealand
820681,Amir Jangoo,LHB,OUTSIDE_OFFSTUMP,GOOD_LENGTH,28,42,3,9.33,66.67,West Indies
446507,Suryakumar Yadav,RHB,DOWN_LEG,FULL,95,42,1,95.0,226.19,India
434813,Marcus Harris,LHB,OUTSIDE_OFFSTUMP,SHORT_OF_A_GOOD_LENGTH,57,42,2,28.5,135.71,Australia
605575,Matthew Short,RHB,OUTSIDE_OFFSTUMP,SHORT,114,41,5,22.8,278.05,Australia
49764,Angelo Mathews,RHB,WIDE_OUTSIDE_OFFSTUMP,GOOD_LENGTH,42,41,3,14.0,102.44,Sri Lanka
820351,Rovman Powell,RHB,ON_THE_STUMPS,SHORT,98,41,4,24.5,239.02,West Indies
1175496,Nitish Kumar Reddy,RHB,OUTSIDE_OFFSTUMP,GOOD_LENGTH,39,41,1,39.0,95.12,India
222354,Milinda Siriwardana,LHB,ON_THE_STUMPS,GOOD_LENGTH,31,41,3,10.33,75.61,Sri Lanka
868003,Syed Aziz,LHB,ON_THE_STUMPS,GOOD_LENGTH,48,41,2,24.0,117.07,Malaysia
348059,Barry McCarthy,RHB,OUTSIDE_OFFSTUMP,GOOD_LENGTH,38,41,2,19.0,92.68,Ireland
719719,M Shahrukh Khan,RHB,OUTSIDE_OFFSTUMP,FULL,84,41,2,42.0,204.88,India
955093,Bikramkumar Das,LHB,OUTSIDE_OFFSTUMP,GOOD_LENGTH,39,41,1,39.0,95.12,India
56194,Tamim Iqbal,LHB,WIDE_OUTSIDE_OFFSTUMP,FULL,81,41,2,40.5,197.56,Bangladesh
471342,Krunal Pandya,LHB,ON_THE_STUMPS,SHORT,82,41,3,27.33,200.0,India
321777,David Miller,LHB,ON_THE_STUMPS,YORKER,34,41,4,8.5,82.93,South Africa
49764,Angelo Mathews,RHB,OUTSIDE_OFFSTUMP,SHORT,69,41,1,69.0,168.29,Sri Lanka
51862,Andre Fletcher,RHB,ON_THE_STUMPS,SHORT,82,41,2,41.0,200.0,West Indies
631668,Stephen Eskinazi,RHB,ON_THE_STUMPS,FULL,69,41,2,34.5,168.29,England
1070180,Priyam Garg,RHB,ON_THE_STUMPS,GOOD_LENGTH,44,41,3,14.67,107.32,India
446507,Suryakumar Yadav,RHB,WIDE_OUTSIDE_OFFSTUMP,SHORT_OF_A_GOOD_LENGTH,81,41,2,40.5,197.56,India
373696,Mominul Haque,LHB,OUTSIDE_OFFSTUMP,SHORT_OF_A_GOOD_LENGTH,37,41,1,37.0,90.24,Bangladesh
307756,Jatinder Singh,RHB,ON_THE_STUMPS,GOOD_LENGTH,29,41,3,9.67,70.73,Oman
623695,Chamika Karunaratne,RHB,OUTSIDE_OFFSTUMP,FULL,63,41,1,63.0,153.66,Sri Lanka
901157,Arjun Nair,RHB,ON_THE_STUMPS,GOOD_LENGTH,65,41,1,65.0,158.54,Australia
300617,Rony Talukdar,RHB,ON_THE_STUMPS,SHORT_OF_A_GOOD_LENGTH,43,41,3,14.33,104.88,Bangladesh
390484,Jaydev Unadkat,RHB,OUTSIDE_OFFSTUMP,GOOD_LENGTH,51,41,3,17.0,124.39,India
604527,Nitish Rana,LHB,DOWN_LEG,FULL,55,41,2,27.5,134.15,India
8291,Cameron White,RHB,ON_THE_STUMPS,FULL,44,41,2,22.0,107.32,Australia
1076713,Cameron Green,RHB,ON_THE_STUMPS,FULL,73,41,3,24.33,178.05,Australia
853265,Mahipal Lomror,LHB,ON_THE_STUMPS,FULL,64,41,2,32.0,156.1,India
233514,Thisara Perera,LHB,ON_THE_STUMPS,FULL_TOSS,78,41,2,39.0,190.24,Sri Lanka
303669,Joe Root,RHB,OUTSIDE_OFFSTUMP,FULL,45,41,2,22.5,109.76,England
938959,Wessly Madhevere,RHB,OUTSIDE_OFFSTUMP,GOOD_LENGTH,47,41,1,47.0,114.63,Zimbabwe
56143,Shakib Al Hasan,LHB,ON_THE_STUMPS,SHORT,66,41,6,11.0,160.98,Bangladesh
720471,Ishan Kishan,LHB,WIDE_OUTSIDE_OFFSTUMP,FULL,71,41,5,14.2,173.17,India
55412,Craig Ervine,LHB,OUTSIDE_OFFSTUMP,SHORT_OF_A_GOOD_LENGTH,32,41,1,32.0,78.05,Zimbabwe
311158,Ben Stokes,LHB,DOWN_LEG,GOOD_LENGTH,47,41,1,47.0,114.63,England
698315,Donovan Ferreira,RHB,ON_THE_STUMPS,GOOD_LENGTH,27,41,8,3.38,65.85,South Africa
990081,Mohammad Naim,LHB,OUTSIDE_OFFSTUMP,SHORT,78,41,3,26.0,190.24,Bangladesh
381329,Beau Webster,RHB,WIDE_OUTSIDE_OFFSTUMP,FULL,64,41,1,64.0,156.1,Australia
53116,Lendl Simmons,RHB,ON_THE_STUMPS,FULL_TOSS,72,41,1,72.0,175.61,West Indies
56154,Shamsur Rahman,RHB,OUTSIDE_OFFSTUMP,GOOD_LENGTH,65,41,2,32.5,158.54,Bangladesh
1137283,Thomas Rogers,LHB,OUTSIDE_OFFSTUMP,SHORT_OF_A_GOOD_LENGTH,55,41,2,27.5,134.15,Australia
959767,Rachin Ravindra,LHB,ON_THE_STUMPS,FULL,65,41,7,9.29,158.54,New Zealand
480603,Iftikhar Ahmed,RHB,WIDE_OUTSIDE_OFFSTUMP,FULL,61,41,5,12.2,148.78,Pakistan
290716,Kedar Jadhav,RHB,OUTSIDE_OFFSTUMP,SHORT,49,41,2,24.5,119.51,India
665053,Zak Crawley,RHB,ON_THE_STUMPS,FULL,52,41,3,17.33,126.83,England
249866,Alex Hales,RHB,WIDE_OUTSIDE_OFFSTUMP,SHORT_OF_A_GOOD_LENGTH,44,41,2,22.0,107.32,England
379140,Devon Conway,LHB,OUTSIDE_OFFSTUMP,SHORT,72,41,2,36.0,175.61,New Zealand
276298,Andre Russell,RHB,WIDE_OUTSIDE_OFFSTUMP,YORKER,30,40,3,10.0,75.0,West Indies
288617,Ross Whiteley,LHB,OUTSIDE_OFFSTUMP,GOOD_LENGTH,47,40,3,15.67,117.5,England
784373,Kamindu Mendis,LHB,ON_THE_STUMPS,SHORT_OF_A_GOOD_LENGTH,36,40,2,18.0,90.0,Sri Lanka
1099224,Will Smeed,RHB,OUTSIDE_OFFSTUMP,FULL,54,40,1,54.0,135.0,England
47850,Roelof van der Merwe,RHB,OUTSIDE_OFFSTUMP,GOOD_LENGTH,50,40,2,25.0,125.0,Netherlands
5674,Brad Hodge,RHB,OUTSIDE_OFFSTUMP,GOOD_LENGTH,37,40,3,12.33,92.5,Australia
328026,Isuru Udana,RHB,OUTSIDE_OFFSTUMP,SHORT_OF_A_GOOD_LENGTH,65,40,5,13.0,162.5,Sri Lanka
1119026,Devdutt Padikkal,LHB,DOWN_LEG,GOOD_LENGTH,49,40,1,49.0,122.5,India
1329699,Khawaja Nafay,RHB,ON_THE_STUMPS,GOOD_LENGTH,37,40,5,7.4,92.5,Pakistan
44410,Farhaan Behardien,RHB,ON_THE_STUMPS,FULL,39,40,2,19.5,97.5,South Africa
322810,Cameron Delport,LHB,ON_THE_STUMPS,SHORT_OF_A_GOOD_LENGTH,31,40,2,15.5,77.5,South Africa
784379,Wanindu Hasaranga de Silva,RHB,ON_THE_STUMPS,FULL,61,40,3,20.33,152.5,Sri Lanka
1163855,Hayden Kerr,RHB,OUTSIDE_OFFSTUMP,SHORT_OF_A_GOOD_LENGTH,59,40,1,59.0,147.5,Australia
958691,Ashen Bandara,RHB,ON_THE_STUMPS,FULL,50,40,2,25.0,125.0,Sri Lanka
24598,Eoin Morgan,LHB,OUTSIDE_OFFSTUMP,FULL_TOSS,94,40,1,94.0,235.0,England
37737,Brendon McCullum,RHB,WIDE_OUTSIDE_OFFSTUMP,FULL,66,40,2,33.0,165.0,New Zealand
314615,Jonathan Carter,LHB,ON_THE_STUMPS,SHORT_OF_A_GOOD_LENGTH,38,40,2,19.0,95.0,West Indies
56167,Ziaur Rahman,RHB,ON_THE_STUMPS,GOOD_LENGTH,54,40,1,54.0,135.0,Bangladesh
376169,Michael Neser,RHB,OUTSIDE_OFFSTUMP,FULL,49,40,4,12.25,122.5,Australia
30288,Karn Sharma,LHB,OUTSIDE_OFFSTUMP,GOOD_LENGTH,37,40,2,18.5,92.5,India
342619,Bhanuka Rajapaksa,LHB,DOWN_LEG,SHORT_OF_A_GOOD_LENGTH,51,40,1,51.0,127.5,Sri Lanka
719715,Washington Sundar,LHB,ON_THE_STUMPS,SHORT_OF_A_GOOD_LENGTH,61,40,1,61.0,152.5,India
581379,Shai Hope,RHB,OUTSIDE_OFFSTUMP,SHORT,51,40,5,10.2,127.5,West Indies
707111,Henry Cooper,RHB,OUTSIDE_OFFSTUMP,GOOD_LENGTH,33,40,5,6.6,82.5,New Zealand
334394,Sam Whiteman,LHB,ON_THE_STUMPS,GOOD_LENGTH,41,40,6,6.83,102.5,Australia
233514,Thisara Perera,LHB,DOWN_LEG,SHORT,96,40,3,32.0,240.0,Sri Lanka
308967,Jos Buttler,RHB,OUTSIDE_OFFSTUMP,YORKER,35,40,3,11.67,87.5,England
931581,Rishabh Pant,LHB,OUTSIDE_OFFSTUMP,YORKER,23,40,1,23.0,57.5,India
826901,Daniel Sams,RHB,OUTSIDE_OFFSTUMP,SHORT,77,40,6,12.83,192.5,Australia
662973,Sam Curran,LHB,OUTSIDE_OFFSTUMP,SHORT,112,40,1,112.0,280.0,England
914541,Sherfane Rutherford,LHB,WIDE_OUTSIDE_OFFSTUMP,FULL,100,40,4,25.0,250.0,West Indies
1125958,Atharva Taide,LHB,ON_THE_STUMPS,GOOD_LENGTH,64,40,2,32.0,160.0,India
698333,Jiveshan Pillay,LHB,OUTSIDE_OFFSTUMP,FULL,45,40,1,45.0,112.5,South Africa
51439,Dwayne Bravo,RHB,DOWN_LEG,FULL,53,40,3,17.67,132.5,West Indies
233680,Jonathan Wells,RHB,WIDE_OUTSIDE_OFFSTUMP,SHORT_OF_A_GOOD_LENGTH,35,40,1,35.0,87.5,Australia
446507,Suryakumar Yadav,RHB,DOWN_LEG,GOOD_LENGTH,61,40,2,30.5,152.5,India
778963,Abhinav Manohar,RHB,OUTSIDE_OFFSTUMP,GOOD_LENGTH,24,40,4,6.0,60.0,India
704693,Lahiru Udara,RHB,OUTSIDE_OFFSTUMP,GOOD_LENGTH,47,40,3,15.67,117.5,Sri Lanka
793457,Hazratullah Zazai,LHB,WIDE_OUTSIDE_OFFSTUMP,FULL,112,40,1,112.0,280.0,Afghanistan
314743,Shykat Ali,RHB,OUTSIDE_OFFSTUMP,FULL,51,40,1,51.0,127.5,Bangladesh
362541,Doug Bracewell,RHB,OUTSIDE_OFFSTUMP,GOOD_LENGTH,60,40,2,30.0,150.0,New Zealand
1081730,Matthew Gilkes,LHB,DOWN_LEG,GOOD_LENGTH,28,40,6,4.67,70.0,Australia
826901,Daniel Sams,RHB,ON_THE_STUMPS,SHORT_OF_A_GOOD_LENGTH,62,40,2,31.0,155.0,Australia
481875,George Linde,LHB,OUTSIDE_OFFSTUMP,SHORT_OF_A_GOOD_LENGTH,48,40,3,16.0,120.0,South Africa
439952,Chris Morris,RHB,OUTSIDE_OFFSTUMP,SHORT_OF_A_GOOD_LENGTH,48,40,3,16.0,120.0,South Africa
298438,Jason Roy,RHB,ON_THE_STUMPS,FULL_TOSS,62,40,4,15.5,155.0,England
290462,Solomon Mire,RHB,OUTSIDE_OFFSTUMP,FULL,45,40,2,22.5,112.5,Zimbabwe
308798,D'Arcy Short,LHB,OUTSIDE_OFFSTUMP,SHORT,57,40,4,14.25,142.5,Australia
437316,Dasun Shanaka,RHB,ON_THE_STUMPS,FULL_TOSS,101,40,5,20.2,252.5,Sri Lanka
457249,Carlos Brathwaite,RHB,OUTSIDE_OFFSTUMP,FULL_TOSS,63,40,1,63.0,157.5,West Indies
388678,Ben Dunk,LHB,DOWN_LEG,SHORT_OF_A_GOOD_LENGTH,51,40,1,51.0,127.5,Australia
46543,Wayne Madsen,RHB,OUTSIDE_OFFSTUMP,GOOD_LENGTH,56,40,2,28.0,140.0,Italy
642519,Shreyas Iyer,RHB,DOWN_LEG,GOOD_LENGTH,67,40,3,22.33,167.5,India
326637,Chris Lynn,RHB,ON_THE_STUMPS,FULL_TOSS,93,40,1,93.0,232.5,Australia
530773,Pawan Negi,LHB,ON_THE_STUMPS,GOOD_LENGTH,63,40,5,12.6,157.5,India
554691,Axar Patel,LHB,DOWN_LEG,GOOD_LENGTH,36,40,3,12.0,90.0,India
10582,Ravi Bopara,RHB,WIDE_OUTSIDE_OFFSTUMP,GOOD_LENGTH,54,40,1,54.0,135.0,England
410765,Nurul Hasan,RHB,ON_THE_STUMPS,SHORT_OF_A_GOOD_LENGTH,40,40,4,10.0,100.0,Bangladesh
681305,Hasan Ali,RHB,OUTSIDE_OFFSTUMP,FULL,60,39,5,12.0,153.85,Pakistan
519070,Gerhard Erasmus,RHB,ON_THE_STUMPS,GOOD_LENGTH,38,39,5,7.6,97.44,Namibia
436677,Soumya Sarkar,LHB,DOWN_LEG,FULL,49,39,1,49.0,125.64,Bangladesh
293831,Regis Chakabva,RHB,OUTSIDE_OFFSTUMP,SHORT_OF_A_GOOD_LENGTH,41,39,3,13.67,105.13,Zimbabwe
1161024,Prabhsimran Singh,RHB,ON_THE_STUMPS,SHORT_OF_A_GOOD_LENGTH,34,39,4,8.5,87.18,India
55343,Elton Chigumbura,RHB,OUTSIDE_OFFSTUMP,FULL,59,39,4,14.75,151.28,Zimbabwe
52983,Marlon Samuels,RHB,OUTSIDE_OFFSTUMP,SHORT,66,39,1,66.0,169.23,West Indies
873199,Chris Greaves,RHB,ON_THE_STUMPS,GOOD_LENGTH,50,39,2,25.0,128.21,Scotland
232359,Colin Munro,LHB,ON_THE_STUMPS,YORKER,17,39,3,5.67,43.59,New Zealand
571703,Wellington Masakadza,LHB,ON_THE_STUMPS,GOOD_LENGTH,27,39,4,6.75,69.23,Zimbabwe
25913,Mohammad Nabi,RHB,OUTSIDE_OFFSTUMP,FULL_TOSS,52,39,3,17.33,133.33,Afghanistan
698333,Jiveshan Pillay,LHB,OUTSIDE_OFFSTUMP,GOOD_LENGTH,34,39,2,17.0,87.18,South Africa
30045,Dinesh Karthik,RHB,ON_THE_STUMPS,FULL_TOSS,83,39,4,20.75,212.82,India
1161031,Saim Ayub,LHB,WIDE_OUTSIDE_OFFSTUMP,GOOD_LENGTH,28,39,5,5.6,71.79,Pakistan
326632,Joe Burns,RHB,ON_THE_STUMPS,FULL,67,39,2,33.5,171.79,Italy
570854,Jack Wildermuth,RHB,ON_THE_STUMPS,GOOD_LENGTH,32,39,6,5.33,82.05,Australia
24605,Kevin O'Brien,RHB,OUTSIDE_OFFSTUMP,FULL,84,39,2,42.0,215.38,Ireland
670013,Fabian Allen,RHB,ON_THE_STUMPS,SHORT_OF_A_GOOD_LENGTH,50,39,3,16.67,128.21,West Indies
824159,Tayyab Tahir,RHB,ON_THE_STUMPS,GOOD_LENGTH,54,39,2,27.0,138.46,Pakistan
272450,Mitchell Marsh,RHB,WIDE_OUTSIDE_OFFSTUMP,FULL,67,39,2,33.5,171.79,Australia
554691,Axar Patel,LHB,ON_THE_STUMPS,YORKER,32,39,3,10.67,82.05,India
45955,Heino Kuhn,RHB,ON_THE_STUMPS,GOOD_LENGTH,44,39,3,14.67,112.82,South Africa
325012,Marcus Stoinis,RHB,DOWN_LEG,FULL,52,39,1,52.0,133.33,Australia
390481,Harshal Patel,RHB,OUTSIDE_OFFSTUMP,GOOD_LENGTH,44,39,5,8.8,112.82,India
922943,Shadab Khan,RHB,WIDE_OUTSIDE_OFFSTUMP,FULL,78,39,3,26.0,200.0,Pakistan
629074,Kusal Mendis,RHB,ON_THE_STUMPS,SHORT,100,39,7,14.29,256.41,Sri Lanka
938959,Wessley Madhevere,RHB,ON_THE_STUMPS,GOOD_LENGTH,48,39,3,16.0,123.08,Zimbabwe
1124282,Josh Philippe,RHB,WIDE_OUTSIDE_OFFSTUMP,GOOD_LENGTH,53,39,4,13.25,135.9,Australia
45705,Colin Ingram,LHB,DOWN_LEG,SHORT_OF_A_GOOD_LENGTH,55,39,2,27.5,141.03,South Africa
444970,Jimmy Peirson,RHB,OUTSIDE_OFFSTUMP,SHORT,45,39,1,45.0,115.38,Australia
793457,Hazratullah Zazai,LHB,DOWN_LEG,GOOD_LENGTH,36,39,2,18.0,92.31,Afghanistan
8917,Moeen Ali,LHB,DOWN_LEG,SHORT,89,39,2,44.5,228.21,England
8917,Moeen Ali,LHB,DOWN_LEG,FULL,83,39,1,83.0,212.82,England
272385,Josh Lalor,RHB,OUTSIDE_OFFSTUMP,GOOD_LENGTH,34,39,4,8.5,87.18,Australia
462727,Tom Abell,RHB,OUTSIDE_OFFSTUMP,FULL,44,39,1,44.0,112.82,England
662973,Sam Curran,LHB,DOWN_LEG,GOOD_LENGTH,35,39,4,8.75,89.74,England
381030,Gihahn Cloete,LHB,ON_THE_STUMPS,GOOD_LENGTH,37,39,4,9.25,94.87,South Africa
398666,Sean Abbott,RHB,ON_THE_STUMPS,FULL,46,39,6,7.67,117.95,Australia
1125715,Justin Avendano,RHB,OUTSIDE_OFFSTUMP,SHORT_OF_A_GOOD_LENGTH,38,39,4,9.5,97.44,Australia
56025,Mahmudullah,RHB,WIDE_OUTSIDE_OFFSTUMP,SHORT_OF_A_GOOD_LENGTH,57,39,4,14.25,146.15,Bangladesh
277662,Corey Anderson,LHB,WIDE_OUTSIDE_OFFSTUMP,GOOD_LENGTH,33,39,1,33.0,84.62,United States of America
55343,Elton Chigumbura,RHB,ON_THE_STUMPS,GOOD_LENGTH,20,39,3,6.67,51.28,Zimbabwe
314615,Jonathan Carter,LHB,OUTSIDE_OFFSTUMP,SHORT_OF_A_GOOD_LENGTH,37,39,2,18.5,94.87,West Indies
625371,Hardik Pandya,RHB,WIDE_OUTSIDE_OFFSTUMP,SHORT_OF_A_GOOD_LENGTH,65,39,3,21.67,166.67,India
1045883,Clive Madande,RHB,ON_THE_STUMPS,GOOD_LENGTH,29,39,2,14.5,74.36,Zimbabwe
277906,Kane Williamson,RHB,ON_THE_STUMPS,SHORT,69,39,2,34.5,176.92,New Zealand
1199426,Irfan Khan,RHB,ON_THE_STUMPS,GOOD_LENGTH,49,39,2,24.5,125.64,Pakistan
300628,Dinesh Chandimal,RHB,WIDE_OUTSIDE_OFFSTUMP,GOOD_LENGTH,59,39,4,14.75,151.28,Sri Lanka
277906,Kane Williamson,RHB,DOWN_LEG,SHORT_OF_A_GOOD_LENGTH,62,39,1,62.0,158.97,New Zealand
784379,Wanindu Hasaranga de Silva,RHB,ON_THE_STUMPS,SHORT_OF_A_GOOD_LENGTH,45,39,2,22.5,115.38,Sri Lanka
36084,Yuvraj Singh,LHB,DOWN_LEG,GOOD_LENGTH,48,39,1,48.0,123.08,India
457249,Carlos Brathwaite,RHB,OUTSIDE_OFFSTUMP,SHORT,61,39,6,10.17,156.41,West Indies
352048,Gulbadin Naib,RHB,ON_THE_STUMPS,FULL,51,39,3,17.0,130.77,Afghanistan
6161,Michael Klinger,RHB,ON_THE_STUMPS,FULL,53,39,3,17.67,135.9,Australia
604302,Nicholas Pooran,LHB,WIDE_OUTSIDE_OFFSTUMP,FULL_TOSS,89,38,4,22.25,234.21,West Indies
46543,Wayne Madsen,RHB,ON_THE_STUMPS,GOOD_LENGTH,46,38,1,46.0,121.05,Italy
30045,Dinesh Karthik,RHB,ON_THE_STUMPS,SHORT,77,38,3,25.67,202.63,India
793463,Rashid Khan,RHB,OUTSIDE_OFFSTUMP,FULL_TOSS,66,38,3,22.0,173.68,Afghanistan
446763,Rahul Tripathi,RHB,WIDE_OUTSIDE_OFFSTUMP,GOOD_LENGTH,68,38,1,68.0,178.95,India
1168641,Harpreet Brar,LHB,OUTSIDE_OFFSTUMP,GOOD_LENGTH,45,38,2,22.5,118.42,India
297628,Sam Billings,RHB,WIDE_OUTSIDE_OFFSTUMP,FULL,63,38,2,31.5,165.79,England
362603,Shafiqullah,RHB,OUTSIDE_OFFSTUMP,GOOD_LENGTH,44,38,4,11.0,115.79,Afghanistan
277472,Darren Bravo,LHB,OUTSIDE_OFFSTUMP,SHORT,30,38,4,7.5,78.95,West Indies
935995,Afif Hossain,LHB,ON_THE_STUMPS,SHORT,113,38,1,113.0,297.37,Bangladesh
386302,Zeeshan Ali,RHB,OUTSIDE_OFFSTUMP,GOOD_LENGTH,47,38,2,23.5,123.68,Hong Kong
594322,Corbin Bosch,RHB,OUTSIDE_OFFSTUMP,FULL,44,38,2,22.0,115.79,South Africa
714451,Shivam Dube,LHB,OUTSIDE_OFFSTUMP,SHORT,62,38,3,20.67,163.16,India
1175485,Abdul Samad,RHB,OUTSIDE_OFFSTUMP,FULL,65,38,7,9.29,171.05,India
326637,Chris Lynn,RHB,DOWN_LEG,SHORT,86,38,1,86.0,226.32,Australia
232359,Colin Munro,LHB,WIDE_OUTSIDE_OFFSTUMP,GOOD_LENGTH,53,38,3,17.67,139.47,New Zealand
381183,Evan Gulbis,RHB,ON_THE_STUMPS,GOOD_LENGTH,39,38,3,13.0,102.63,Australia
723105,Rinku Singh,LHB,OUTSIDE_OFFSTUMP,SHORT,69,38,2,34.5,181.58,India
826869,Shivam Chaudhary,RHB,ON_THE_STUMPS,FULL,49,38,2,24.5,128.95,India
1088610,Jack Edwards,RHB,OUTSIDE_OFFSTUMP,FULL,53,38,2,26.5,139.47,Australia
277662,Corey Anderson,LHB,WIDE_OUTSIDE_OFFSTUMP,FULL,86,38,1,86.0,226.32,United States of America
816627,Macalister Wright,RHB,ON_THE_STUMPS,FULL,71,38,3,23.67,186.84,Australia
53116,Lendl Simmons,RHB,ON_THE_STUMPS,SHORT,68,38,2,34.0,178.95,West Indies
303669,Joe Root,RHB,ON_THE_STUMPS,SHORT_OF_A_GOOD_LENGTH,40,38,3,13.33,105.26,England
38699,Ross Taylor,RHB,ON_THE_STUMPS,SHORT_OF_A_GOOD_LENGTH,30,38,1,30.0,78.95,New Zealand
1124282,Josh Philippe,RHB,DOWN_LEG,GOOD_LENGTH,54,38,2,27.0,142.11,Australia
318845,Rilee Rossouw,LHB,DOWN_LEG,FULL,59,38,2,29.5,155.26,South Africa
303427,Paul Stirling,RHB,OUTSIDE_OFFSTUMP,SHORT,114,38,2,57.0,300.0,Ireland
474760,Chundangapoyil Rizwan,RHB,OUTSIDE_OFFSTUMP,FULL,49,38,2,24.5,128.95,United Arab Emirates
56007,Mashrafe Mortaza,RHB,OUTSIDE_OFFSTUMP,GOOD_LENGTH,41,38,7,5.86,107.89,Bangladesh
530011,Travis Head,LHB,WIDE_OUTSIDE_OFFSTUMP,FULL,69,38,3,23.0,181.58,Australia
547756,Brett Hampton,RHB,OUTSIDE_OFFSTUMP,GOOD_LENGTH,29,38,2,14.5,76.32,New Zealand
642519,Shreyas Iyer,RHB,WIDE_OUTSIDE_OFFSTUMP,FULL,101,38,2,50.5,265.79,India
938959,Wessly Madhevere,RHB,OUTSIDE_OFFSTUMP,SHORT_OF_A_GOOD_LENGTH,34,38,3,11.33,89.47,Zimbabwe
914541,Sherfane Rutherford,LHB,OUTSIDE_OFFSTUMP,SHORT,108,38,1,108.0,284.21,West Indies
974719,Muhammad Usman,LHB,ON_THE_STUMPS,GOOD_LENGTH,49,38,3,16.33,128.95,United Arab Emirates
990031,Towhid Hridoy,RHB,OUTSIDE_OFFSTUMP,SHORT,80,38,2,40.0,210.53,Bangladesh
325012,Marcus Stoinis,RHB,WIDE_OUTSIDE_OFFSTUMP,SHORT_OF_A_GOOD_LENGTH,61,38,2,30.5,160.53,Australia
436677,Soumya Sarkar,LHB,ON_THE_STUMPS,SHORT,74,38,4,18.5,194.74,Bangladesh
8180,Shane Watson,RHB,OUTSIDE_OFFSTUMP,FULL_TOSS,88,38,2,44.0,231.58,Australia
360456,Asela Gunaratne,RHB,OUTSIDE_OFFSTUMP,SHORT_OF_A_GOOD_LENGTH,43,38,2,21.5,113.16,Sri Lanka
10582,Ravi Bopara,RHB,WIDE_OUTSIDE_OFFSTUMP,FULL,63,38,3,21.0,165.79,England
530011,Travis Head,LHB,DOWN_LEG,GOOD_LENGTH,52,38,1,52.0,136.84,Australia
414966,Michael Leask,RHB,ON_THE_STUMPS,GOOD_LENGTH,39,38,3,13.0,102.63,Scotland
32966,Piyush Chawla,LHB,ON_THE_STUMPS,GOOD_LENGTH,23,38,6,3.83,60.53,India
570854,Jack Wildermuth,RHB,OUTSIDE_OFFSTUMP,GOOD_LENGTH,49,38,2,24.5,128.95,Australia
670031,Alzarri Joseph,RHB,ON_THE_STUMPS,GOOD_LENGTH,35,38,2,17.5,92.11,West Indies
276298,Andre Russell,RHB,WIDE_OUTSIDE_OFFSTUMP,SHORT,120,38,1,120.0,315.79,West Indies
922941,Abdullah Shafique,RHB,OUTSIDE_OFFSTUMP,FULL,56,38,2,28.0,147.37,Pakistan
233904,Yasim Murtaza,LHB,OUTSIDE_OFFSTUMP,GOOD_LENGTH,33,38,3,11.0,86.84,Hong Kong
1099224,Will Smeed,RHB,ON_THE_STUMPS,FULL,46,38,2,23.0,121.05,England
32540,Cheteshwar Pujara,RHB,OUTSIDE_OFFSTUMP,GOOD_LENGTH,29,38,2,14.5,76.32,India
1369884,Manan Ali,RHB,OUTSIDE_OFFSTUMP,GOOD_LENGTH,37,38,3,12.33,97.37,Saudi Arabia
823509,Glenn Phillips,RHB,WIDE_OUTSIDE_OFFSTUMP,FULL,74,38,4,18.5,194.74,New Zealand
337790,Rassie van der Dussen,RHB,WIDE_OUTSIDE_OFFSTUMP,GOOD_LENGTH,74,38,1,74.0,194.74,South Africa
823509,Glenn Phillips,RHB,WIDE_OUTSIDE_OFFSTUMP,GOOD_LENGTH,41,38,1,41.0,107.89,New Zealand
959827,Jason Sangha,RHB,ON_THE_STUMPS,FULL,60,38,2,30.0,157.89,Australia
227758,Imad Wasim,LHB,ON_THE_STUMPS,SHORT,76,38,5,15.2,200.0,Pakistan
227758,Imad Wasim,LHB,OUTSIDE_OFFSTUMP,SHORT,79,38,2,39.5,207.89,Pakistan
44410,Farhaan Behardien,RHB,OUTSIDE_OFFSTUMP,FULL,56,38,1,56.0,147.37,South Africa
784379,Wanindu Hasaranga,RHB,OUTSIDE_OFFSTUMP,SHORT_OF_A_GOOD_LENGTH,68,38,3,22.67,178.95,Sri Lanka
300628,Dinesh Chandimal,RHB,OUTSIDE_OFFSTUMP,SHORT,61,38,2,30.5,160.53,Sri Lanka
51880,Chris Gayle,LHB,WIDE_OUTSIDE_OFFSTUMP,GOOD_LENGTH,28,38,1,28.0,73.68,West Indies
1137262,Azam Khan,RHB,WIDE_OUTSIDE_OFFSTUMP,FULL,87,38,3,29.0,228.95,Pakistan
595978,Tristan Stubbs,RHB,OUTSIDE_OFFSTUMP,SHORT,86,38,2,43.0,226.32,South Africa
534734,Chirag Suri,RHB,OUTSIDE_OFFSTUMP,FULL,49,38,4,12.25,128.95,United Arab Emirates
253802,Virat Kohli,RHB,DOWN_LEG,SHORT,70,38,2,35.0,184.21,India
624813,Khalid Kail,RHB,OUTSIDE_OFFSTUMP,GOOD_LENGTH,47,38,1,47.0,123.68,
233680,Jonathan Wells,RHB,WIDE_OUTSIDE_OFFSTUMP,FULL,65,38,2,32.5,171.05,Australia
1223047,Josh Brown,RHB,ON_THE_STUMPS,FULL,55,38,5,11.0,144.74,Australia
56029,Mushfiqur Rahim,RHB,WIDE_OUTSIDE_OFFSTUMP,FULL,69,38,1,69.0,181.58,Bangladesh
326637,Chris Lynn,RHB,WIDE_OUTSIDE_OFFSTUMP,GOOD_LENGTH,66,38,2,33.0,173.68,Australia
44936,AB de Villiers,RHB,DOWN_LEG,GOOD_LENGTH,36,38,2,18.0,94.74,South Africa
784367,Charith Asalanka,LHB,DOWN_LEG,GOOD_LENGTH,27,38,2,13.5,71.05,Sri Lanka
1125715,Justin Avendano,RHB,ON_THE_STUMPS,GOOD_LENGTH,33,38,4,8.25,86.84,Australia
334394,Sam Whiteman,LHB,OUTSIDE_OFFSTUMP,GOOD_LENGTH,30,38,3,10.0,78.95,Australia
510530,Jamie Overton,RHB,OUTSIDE_OFFSTUMP,GOOD_LENGTH,38,38,2,19.0,100.0,England
330408,Chris Barnwell,RHB,OUTSIDE_OFFSTUMP,GOOD_LENGTH,19,38,5,3.8,50.0,West Indies
348056,Kyle Mayers,LHB,OUTSIDE_OFFSTUMP,SHORT,96,38,4,24.0,252.63,West Indies
33335,Suresh Raina,LHB,WIDE_OUTSIDE_OFFSTUMP,FULL,73,38,2,36.5,192.11,India
823703,Rajat Patidar,RHB,ON_THE_STUMPS,SHORT_OF_A_GOOD_LENGTH,70,37,2,35.0,189.19,India
480603,Iftikhar Ahmed,RHB,WIDE_OUTSIDE_OFFSTUMP,SHORT_OF_A_GOOD_LENGTH,43,37,2,21.5,116.22,Pakistan
481875,George Linde,LHB,ON_THE_STUMPS,SHORT_OF_A_GOOD_LENGTH,30,37,4,7.5,81.08,South Africa
56029,Mushfiqur Rahim,RHB,OUTSIDE_OFFSTUMP,FULL_TOSS,44,37,5,8.8,118.92,Bangladesh
333066,Johnson Charles,RHB,ON_THE_STUMPS,YORKER,27,37,7,3.86,72.97,West Indies
974087,Rahmanullah Gurbaz,RHB,DOWN_LEG,SHORT_OF_A_GOOD_LENGTH,52,37,2,26.0,140.54,Afghanistan
315594,Ashley Nurse,RHB,OUTSIDE_OFFSTUMP,SHORT_OF_A_GOOD_LENGTH,46,37,5,9.2,124.32,West Indies
436677,Soumya Sarkar,LHB,OUTSIDE_OFFSTUMP,SHORT,65,37,2,32.5,175.68,Bangladesh
526021,Cole McConchie,RHB,ON_THE_STUMPS,GOOD_LENGTH,49,37,1,49.0,132.43,New Zealand
629058,Najmul Hossain Shanto,LHB,DOWN_LEG,FULL,44,37,2,22.0,118.92,Bangladesh
56194,Tamim Iqbal,LHB,ON_THE_STUMPS,SHORT,69,37,2,34.5,186.49,Bangladesh
28235,Shikhar Dhawan,LHB,ON_THE_STUMPS,YORKER,17,37,7,2.43,45.95,India
315586,Chadwick Walton,RHB,OUTSIDE_OFFSTUMP,FULL_TOSS,106,37,2,53.0,286.49,West Indies
629074,Kusal Mendis,RHB,WIDE_OUTSIDE_OFFSTUMP,SHORT_OF_A_GOOD_LENGTH,42,37,2,21.0,113.51,Sri Lanka
1099224,Will Smeed,RHB,ON_THE_STUMPS,SHORT_OF_A_GOOD_LENGTH,86,37,3,28.67,232.43,England
914171,Qais Ahmad,RHB,OUTSIDE_OFFSTUMP,FULL,39,37,2,19.5,105.41,Afghanistan
56143,Shakib Al Hasan,LHB,WIDE_OUTSIDE_OFFSTUMP,GOOD_LENGTH,42,37,2,21.0,113.51,Bangladesh
230558,Sunil Narine,LHB,ON_THE_STUMPS,FULL_TOSS,57,37,1,57.0,154.05,West Indies
277472,Darren Bravo,LHB,DOWN_LEG,GOOD_LENGTH,35,37,2,17.5,94.59,West Indies
56194,Tamim Iqbal,LHB,OUTSIDE_OFFSTUMP,SHORT,54,37,4,13.5,145.95,Bangladesh
1099379,Gareth Delany,RHB,ON_THE_STUMPS,FULL,49,37,3,16.33,132.43,Ireland
56029,Mushfiqur Rahim,RHB,WIDE_OUTSIDE_OFFSTUMP,GOOD_LENGTH,27,37,1,27.0,72.97,Bangladesh
56025,Mahmudullah,RHB,ON_THE_STUMPS,YORKER,25,37,2,12.5,67.57,Bangladesh
1194744,Shevon Daniel,LHB,OUTSIDE_OFFSTUMP,FULL,40,37,2,20.0,108.11,Sri Lanka
550215,Kagiso Rabada,LHB,ON_THE_STUMPS,FULL,42,37,5,8.4,113.51,South Africa
311158,Ben Stokes,LHB,DOWN_LEG,SHORT_OF_A_GOOD_LENGTH,39,37,1,39.0,105.41,England
532424,Sohail Akhtar,RHB,ON_THE_STUMPS,SHORT_OF_A_GOOD_LENGTH,58,37,3,19.33,156.76,Pakistan
699723,Grant Roelofsen,RHB,OUTSIDE_OFFSTUMP,SHORT_OF_A_GOOD_LENGTH,50,37,3,16.67,135.14,South Africa
699723,Grant Roelofsen,RHB,ON_THE_STUMPS,FULL,38,37,2,19.0,102.7,South Africa
437669,Jordan Silk,RHB,WIDE_OUTSIDE_OFFSTUMP,FULL,47,37,3,15.67,127.03,Australia
471342,Krunal Pandya,LHB,ON_THE_STUMPS,FULL_TOSS,60,37,3,20.0,162.16,India
303423,Andy Balbirnie,RHB,OUTSIDE_OFFSTUMP,SHORT,94,37,1,94.0,254.05,Ireland
697059,Zakir Hasan,LHB,ON_THE_STUMPS,FULL,45,37,2,22.5,121.62,Bangladesh
51439,Dwayne Bravo,RHB,DOWN_LEG,GOOD_LENGTH,36,37,3,12.0,97.3,West Indies
29264,Harbhajan Singh,RHB,OUTSIDE_OFFSTUMP,GOOD_LENGTH,46,37,3,15.33,124.32,India
290462,Solomon Mire,RHB,OUTSIDE_OFFSTUMP,GOOD_LENGTH,52,37,1,52.0,140.54,Zimbabwe
53115,Daren Sammy,RHB,OUTSIDE_OFFSTUMP,SHORT,54,37,6,9.0,145.95,West Indies
55608,Hamilton Masakadza,RHB,ON_THE_STUMPS,FULL,50,37,4,12.5,135.14,Zimbabwe
51862,Andre Fletcher,RHB,ON_THE_STUMPS,YORKER,16,37,6,2.67,43.24,West Indies
215155,Usman Khawaja,LHB,WIDE_OUTSIDE_OFFSTUMP,FULL,70,37,1,70.0,189.19,Australia
290630,Manish Pandey,RHB,WIDE_OUTSIDE_OFFSTUMP,SHORT_OF_A_GOOD_LENGTH,64,37,1,64.0,172.97,India
51439,Dwayne Bravo,RHB,WIDE_OUTSIDE_OFFSTUMP,FULL,63,37,4,15.75,170.27,West Indies
249866,Alex Hales,RHB,DOWN_LEG,SHORT_OF_A_GOOD_LENGTH,76,37,1,76.0,205.41,England
793463,Rashid Khan,RHB,WIDE_OUTSIDE_OFFSTUMP,GOOD_LENGTH,30,37,7,4.29,81.08,Afghanistan
1028655,Pathum Nissanka,RHB,OUTSIDE_OFFSTUMP,SHORT,67,37,1,67.0,181.08,Sri Lanka
230371,Ben Cutting,RHB,ON_THE_STUMPS,FULL_TOSS,63,37,5,12.6,170.27,Australia
288211,Umar Amin,LHB,OUTSIDE_OFFSTUMP,GOOD_LENGTH,32,37,2,16.0,86.49,Pakistan
631668,Stephen Eskinazi,RHB,OUTSIDE_OFFSTUMP,SHORT_OF_A_GOOD_LENGTH,39,37,1,39.0,105.41,England
23460,Luke Wright,RHB,OUTSIDE_OFFSTUMP,GOOD_LENGTH,35,37,1,35.0,94.59,England
43266,Sohaib Maqsood,RHB,ON_THE_STUMPS,SHORT_OF_A_GOOD_LENGTH,56,37,1,56.0,151.35,Pakistan
316102,Craig Williams,RHB,OUTSIDE_OFFSTUMP,FULL,59,37,1,59.0,159.46,Namibia
267724,Keshav Maharaj,RHB,OUTSIDE_OFFSTUMP,GOOD_LENGTH,26,37,2,13.0,70.27,South Africa
457249,Carlos Brathwaite,RHB,WIDE_OUTSIDE_OFFSTUMP,FULL,37,37,4,9.25,100.0,West Indies
1070173,Shubman Gill,RHB,WIDE_OUTSIDE_OFFSTUMP,FULL,65,37,3,21.67,175.68,India
55946,Junaid Siddique,LHB,OUTSIDE_OFFSTUMP,GOOD_LENGTH,38,37,1,38.0,102.7,Bangladesh
30045,Dinesh Karthik,RHB,OUTSIDE_OFFSTUMP,FULL_TOSS,82,37,2,41.0,221.62,India
267192,Steven Smith,RHB,DOWN_LEG,GOOD_LENGTH,46,37,1,46.0,124.32,Australia
38699,Ross Taylor,RHB,OUTSIDE_OFFSTUMP,SHORT,75,37,1,75.0,202.7,New Zealand
643197,Max O'Dowd,RHB,ON_THE_STUMPS,SHORT_OF_A_GOOD_LENGTH,47,37,2,23.5,127.03,Netherlands
237696,Sheldon Jackson,RHB,ON_THE_STUMPS,GOOD_LENGTH,34,37,4,8.5,91.89,India
19296,Kevin Pietersen,RHB,ON_THE_STUMPS,FULL,71,37,3,23.67,191.89,England
261354,Nathan Coulter-Nile,RHB,OUTSIDE_OFFSTUMP,SHORT_OF_A_GOOD_LENGTH,59,37,2,29.5,159.46,Australia
297498,Ian Cockbain,RHB,OUTSIDE_OFFSTUMP,SHORT_OF_A_GOOD_LENGTH,39,36,3,13.0,108.33,England
440522,Logan van Beek,RHB,OUTSIDE_OFFSTUMP,GOOD_LENGTH,37,36,1,37.0,102.78,Netherlands
465793,Dhananjaya de Silva,RHB,WIDE_OUTSIDE_OFFSTUMP,GOOD_LENGTH,47,36,3,15.67,130.56,Sri Lanka
1129634,Katene Clarke,RHB,OUTSIDE_OFFSTUMP,GOOD_LENGTH,39,36,4,9.75,108.33,New Zealand
853265,Mahipal Lomror,LHB,OUTSIDE_OFFSTUMP,SHORT_OF_A_GOOD_LENGTH,49,36,1,49.0,136.11,India
772293,Michael Pepper,RHB,OUTSIDE_OFFSTUMP,SHORT_OF_A_GOOD_LENGTH,43,36,1,43.0,119.44,England
1139511,Parvez Hossain Emon,LHB,OUTSIDE_OFFSTUMP,GOOD_LENGTH,21,36,3,7.0,58.33,Bangladesh
330902,Mustafizur Rahman,LHB,OUTSIDE_OFFSTUMP,GOOD_LENGTH,42,36,5,8.4,116.67,Bangladesh
30045,Dinesh Karthik,RHB,DOWN_LEG,GOOD_LENGTH,39,36,3,13.0,108.33,India
477021,Vijay Shankar,RHB,OUTSIDE_OFFSTUMP,SHORT,70,36,2,35.0,194.44,India
820689,Shamar Springer,RHB,OUTSIDE_OFFSTUMP,GOOD_LENGTH,25,36,3,8.33,69.44,West Indies
816627,Macalister Wright,RHB,OUTSIDE_OFFSTUMP,FULL,39,36,3,13.0,108.33,Australia
211855,Liam Dawson,RHB,ON_THE_STUMPS,SHORT_OF_A_GOOD_LENGTH,31,36,3,10.33,86.11,England
298438,Jason Roy,RHB,DOWN_LEG,FULL,57,36,3,19.0,158.33,England
297628,Sam Billings,RHB,WIDE_OUTSIDE_OFFSTUMP,GOOD_LENGTH,57,36,5,11.4,158.33,England
446507,Suryakumar Yadav,RHB,ON_THE_STUMPS,SHORT,87,36,3,29.0,241.67,India
779929,Nick Hobson,LHB,ON_THE_STUMPS,GOOD_LENGTH,36,36,1,36.0,100.0,Australia
536936,Litton Das,RHB,DOWN_LEG,GOOD_LENGTH,37,36,2,18.5,102.78,Bangladesh
1076377,Oliver Davies,RHB,OUTSIDE_OFFSTUMP,FULL,58,36,4,14.5,161.11,Australia
1151273,Nehal Wadhera,LHB,OUTSIDE_OFFSTUMP,GOOD_LENGTH,44,36,2,22.0,122.22,India
34102,Rohit Sharma,RHB,ON_THE_STUMPS,YORKER,22,36,2,11.0,61.11,India
37737,Brendon McCullum,RHB,OUTSIDE_OFFSTUMP,FULL_TOSS,76,36,2,38.0,211.11,New Zealand
539511,Henry Nicholls,LHB,OUTSIDE_OFFSTUMP,SHORT_OF_A_GOOD_LENGTH,57,36,2,28.5,158.33,New Zealand
230556,Andre McCarthy,RHB,OUTSIDE_OFFSTUMP,SHORT_OF_A_GOOD_LENGTH,48,36,2,24.0,133.33,West Indies
1125958,Atharva Taide,LHB,OUTSIDE_OFFSTUMP,SHORT_OF_A_GOOD_LENGTH,37,36,3,12.33,102.78,India
568276,Imam-ul-Haq,LHB,OUTSIDE_OFFSTUMP,GOOD_LENGTH,24,36,3,8.0,66.67,Pakistan
33141,Ambati Rayudu,RHB,WIDE_OUTSIDE_OFFSTUMP,SHORT_OF_A_GOOD_LENGTH,55,36,3,18.33,152.78,India
793441,Aamer Jamal,RHB,OUTSIDE_OFFSTUMP,GOOD_LENGTH,37,36,3,12.33,102.78,Pakistan
230193,Matthew Wade,LHB,DOWN_LEG,SHORT,75,36,5,15.0,208.33,Australia
605661,Ryan Rickelton,LHB,ON_THE_STUMPS,SHORT_OF_A_GOOD_LENGTH,32,36,3,10.67,88.89,South Africa
318339,Samiullah Shinwari,RHB,OUTSIDE_OFFSTUMP,SHORT_OF_A_GOOD_LENGTH,40,36,5,8.0,111.11,Afghanistan
326625,Cameron Boyce,RHB,OUTSIDE_OFFSTUMP,GOOD_LENGTH,34,36,4,8.5,94.44,Australia
288211,Umar Amin,LHB,ON_THE_STUMPS,GOOD_LENGTH,37,36,2,18.5,102.78,Pakistan
914541,Sherfane Rutherford,LHB,DOWN_LEG,FULL,50,36,1,50.0,138.89,West Indies
1168049,Jake Fraser-McGurk,RHB,ON_THE_STUMPS,SHORT_OF_A_GOOD_LENGTH,62,36,2,31.0,172.22,Australia
581379,Shai Hope,RHB,WIDE_OUTSIDE_OFFSTUMP,GOOD_LENGTH,52,36,2,26.0,144.44,West Indies
429886,Wihan Lubbe,LHB,ON_THE_STUMPS,SHORT_OF_A_GOOD_LENGTH,27,36,4,6.75,75.0,South Africa
326637,Chris Lynn,RHB,ON_THE_STUMPS,YORKER,18,36,4,4.5,50.0,Australia
43265,Sohail Tanvir,LHB,OUTSIDE_OFFSTUMP,SHORT_OF_A_GOOD_LENGTH,28,36,2,14.0,77.78,Pakistan
1174143,Rafiullah,RHB,OUTSIDE_OFFSTUMP,GOOD_LENGTH,54,36,3,18.0,150.0,Oman
1070180,Priyam Garg,RHB,ON_THE_STUMPS,FULL,35,36,2,17.5,97.22,India
390481,Harshal Patel,RHB,OUTSIDE_OFFSTUMP,SHORT_OF_A_GOOD_LENGTH,58,36,1,58.0,161.11,India
629059,Yasir Ali,RHB,ON_THE_STUMPS,SHORT_OF_A_GOOD_LENGTH,48,36,2,24.0,133.33,Bangladesh
642519,Shreyas Iyer,RHB,OUTSIDE_OFFSTUMP,FULL_TOSS,68,36,2,34.0,188.89,India
642519,Shreyas Iyer,RHB,WIDE_OUTSIDE_OFFSTUMP,SHORT_OF_A_GOOD_LENGTH,57,36,3,19.0,158.33,India
914541,Sherfane Rutherford,LHB,DOWN_LEG,SHORT_OF_A_GOOD_LENGTH,54,36,1,54.0,150.0,West Indies
595004,Kyle Verreynne,RHB,OUTSIDE_OFFSTUMP,GOOD_LENGTH,42,36,3,14.0,116.67,South Africa
375126,Hardus Viljoen,RHB,ON_THE_STUMPS,GOOD_LENGTH,44,36,1,44.0,122.22,South Africa
974087,Rahmanullah Gurbaz,RHB,WIDE_OUTSIDE_OFFSTUMP,SHORT_OF_A_GOOD_LENGTH,53,36,1,53.0,147.22,Afghanistan
277906,Kane Williamson,RHB,ON_THE_STUMPS,FULL_TOSS,65,36,3,21.67,180.56,New Zealand
604302,Nicholas Pooran,LHB,WIDE_OUTSIDE_OFFSTUMP,SHORT_OF_A_GOOD_LENGTH,58,36,2,29.0,161.11,West Indies
537319,Kennar Lewis,RHB,ON_THE_STUMPS,SHORT_OF_A_GOOD_LENGTH,25,36,1,25.0,69.44,West Indies
595004,Kyle Verreynne,RHB,OUTSIDE_OFFSTUMP,SHORT_OF_A_GOOD_LENGTH,46,36,1,46.0,127.78,South Africa
604527,Nitish Rana,LHB,DOWN_LEG,SHORT,71,36,6,11.83,197.22,India
325026,Glenn Maxwell,RHB,WIDE_OUTSIDE_OFFSTUMP,SHORT_OF_A_GOOD_LENGTH,47,36,3,15.67,130.56,Australia
49764,Angelo Mathews,RHB,WIDE_OUTSIDE_OFFSTUMP,FULL,58,36,3,19.33,161.11,Sri Lanka
422593,Daniel Bell-Drummond,RHB,OUTSIDE_OFFSTUMP,GOOD_LENGTH,42,36,1,42.0,116.67,England
1223047,Josh Brown,RHB,ON_THE_STUMPS,SHORT_OF_A_GOOD_LENGTH,62,36,2,31.0,172.22,Australia
251721,Adam Lyth,LHB,OUTSIDE_OFFSTUMP,SHORT_OF_A_GOOD_LENGTH,49,36,2,24.5,136.11,England
974719,Muhammad Usman,LHB,OUTSIDE_OFFSTUMP,GOOD_LENGTH,18,36,2,9.0,50.0,United Arab Emirates
425943,Sanju Samson,RHB,ON_THE_STUMPS,FULL_TOSS,72,36,2,36.0,200.0,India
512191,Fakhar Zaman,LHB,WIDE_OUTSIDE_OFFSTUMP,GOOD_LENGTH,67,36,1,67.0,186.11,Pakistan
595978,Tristan Stubbs,RHB,WIDE_OUTSIDE_OFFSTUMP,FULL,95,36,1,95.0,263.89,South Africa
530011,Travis Head,LHB,DOWN_LEG,SHORT_OF_A_GOOD_LENGTH,53,36,1,53.0,147.22,Australia
348144,Babar Azam,RHB,ON_THE_STUMPS,YORKER,31,36,3,10.33,86.11,Pakistan
237095,Murali Vijay,RHB,OUTSIDE_OFFSTUMP,SHORT,68,36,1,68.0,188.89,India
431909,Jermaine Blackwood,RHB,ON_THE_STUMPS,GOOD_LENGTH,25,36,2,12.5,69.44,West Indies
325012,Marcus Stoinis,RHB,ON_THE_STUMPS,YORKER,34,36,1,34.0,94.44,Australia
1194744,Shevon Daniel,LHB,OUTSIDE_OFFSTUMP,SHORT_OF_A_GOOD_LENGTH,46,36,3,15.33,127.78,Sri Lanka
297433,Jonny Bairstow,RHB,ON_THE_STUMPS,SHORT,88,36,2,44.0,244.44,England
43590,Wahab Riaz,RHB,OUTSIDE_OFFSTUMP,FULL,60,36,2,30.0,166.67,Pakistan
959767,Rachin Ravindra,LHB,OUTSIDE_OFFSTUMP,SHORT_OF_A_GOOD_LENGTH,51,36,2,25.5,141.67,New Zealand
1163855,Hayden Kerr,RHB,ON_THE_STUMPS,FULL,55,36,3,18.33,152.78,Australia
51862,Andre Fletcher,RHB,ON_THE_STUMPS,FULL_TOSS,55,36,1,55.0,152.78,West Indies
990031,Towhid Hridoy,RHB,WIDE_OUTSIDE_OFFSTUMP,GOOD_LENGTH,33,36,2,16.5,91.67,Bangladesh
24598,Eoin Morgan,LHB,DOWN_LEG,FULL,32,36,2,16.0,88.89,England
237095,Murali Vijay,RHB,WIDE_OUTSIDE_OFFSTUMP,GOOD_LENGTH,40,36,1,40.0,111.11,India
642519,Shreyas Iyer,RHB,DOWN_LEG,SHORT_OF_A_GOOD_LENGTH,37,36,2,18.5,102.78,India
938959,Wessly Madhevere,RHB,ON_THE_STUMPS,GOOD_LENGTH,26,35,3,8.67,74.29,Zimbabwe
787987,Marnus Labuschagne,RHB,ON_THE_STUMPS,FULL,56,35,1,56.0,160.0,Australia
437316,Dasun Shanaka,RHB,WIDE_OUTSIDE_OFFSTUMP,FULL,65,35,5,13.0,185.71,Sri Lanka
1254269,Aman Hakim Khan,RHB,OUTSIDE_OFFSTUMP,GOOD_LENGTH,33,35,2,16.5,94.29,India
437448,Jake Lehmann,LHB,ON_THE_STUMPS,GOOD_LENGTH,29,35,3,9.67,82.86,Australia
277906,Kane Williamson,RHB,DOWN_LEG,GOOD_LENGTH,44,35,2,22.0,125.71,New Zealand
698343,Eathan Bosch,RHB,OUTSIDE_OFFSTUMP,SHORT_OF_A_GOOD_LENGTH,35,35,3,11.67,100.0,South Africa
1161022,Sundeep Jora,RHB,OUTSIDE_OFFSTUMP,GOOD_LENGTH,33,35,1,33.0,94.29,Nepal
1074333,Nuwanidu Fernando,RHB,OUTSIDE_OFFSTUMP,SHORT_OF_A_GOOD_LENGTH,54,35,4,13.5,154.29,Sri Lanka
50710,Kumar Sangakkara,LHB,OUTSIDE_OFFSTUMP,SHORT_OF_A_GOOD_LENGTH,45,35,1,45.0,128.57,Sri Lanka
227758,Imad Wasim,LHB,ON_THE_STUMPS,FULL_TOSS,70,35,3,23.33,200.0,Pakistan
304735,Dilshan Munaweera,RHB,OUTSIDE_OFFSTUMP,SHORT_OF_A_GOOD_LENGTH,38,35,2,19.0,108.57,Sri Lanka
422108,KL Rahul,RHB,ON_THE_STUMPS,YORKER,27,35,4,6.75,77.14,India
1200965,Saqlain Arshad,RHB,ON_THE_STUMPS,GOOD_LENGTH,22,35,2,11.0,62.86,Qatar
350629,Nizakat Khan,RHB,OUTSIDE_OFFSTUMP,SHORT_OF_A_GOOD_LENGTH,33,35,3,11.0,94.29,Hong Kong
420427,Sese Bau,LHB,ON_THE_STUMPS,GOOD_LENGTH,32,35,2,16.0,91.43,Papua New Guinea
227758,Imad Wasim,LHB,DOWN_LEG,FULL,42,35,3,14.0,120.0,Pakistan
853859,Samarth Vyas,RHB,OUTSIDE_OFFSTUMP,GOOD_LENGTH,43,35,1,43.0,122.86,India
1277545,Abishek Porel,LHB,OUTSIDE_OFFSTUMP,GOOD_LENGTH,40,35,1,40.0,114.29,India
41140,Khurram Manzoor,RHB,ON_THE_STUMPS,GOOD_LENGTH,25,35,1,25.0,71.43,Pakistan
1278029,Yasir Khan,RHB,OUTSIDE_OFFSTUMP,GOOD_LENGTH,22,35,6,3.67,62.86,Pakistan
605661,Ryan Rickelton,LHB,ON_THE_STUMPS,FULL,66,35,3,22.0,188.57,South Africa
348148,Mohammad Nawaz,LHB,ON_THE_STUMPS,SHORT,60,35,3,20.0,171.43,Pakistan
662973,Sam Curran,LHB,DOWN_LEG,SHORT_OF_A_GOOD_LENGTH,35,35,1,35.0,100.0,England
820351,Rovman Powell,RHB,WIDE_OUTSIDE_OFFSTUMP,SHORT_OF_A_GOOD_LENGTH,49,35,4,12.25,140.0,West Indies
325012,Marcus Stoinis,RHB,DOWN_LEG,SHORT_OF_A_GOOD_LENGTH,33,35,3,11.0,94.29,Australia
265564,Wayne Parnell,LHB,OUTSIDE_OFFSTUMP,SHORT_OF_A_GOOD_LENGTH,31,35,3,10.33,88.57,South Africa
439952,Chris Morris,RHB,OUTSIDE_OFFSTUMP,SHORT,72,35,4,18.0,205.71,South Africa
704693,Lahiru Udara,RHB,ON_THE_STUMPS,GOOD_LENGTH,30,35,4,7.5,85.71,Sri Lanka
45705,Colin Ingram,LHB,OUTSIDE_OFFSTUMP,FULL_TOSS,49,35,2,24.5,140.0,South Africa
261354,Nathan Coulter-Nile,RHB,ON_THE_STUMPS,GOOD_LENGTH,34,35,3,11.33,97.14,Australia
604302,Nicholas Pooran,LHB,WIDE_OUTSIDE_OFFSTUMP,GOOD_LENGTH,37,35,3,12.33,105.71,West Indies
553821,JJ Smit,RHB,OUTSIDE_OFFSTUMP,SHORT_OF_A_GOOD_LENGTH,43,35,1,43.0,122.86,Namibia
5236,Callum Ferguson,RHB,OUTSIDE_OFFSTUMP,SHORT,58,35,2,29.0,165.71,Australia
462727,Tom Abell,RHB,ON_THE_STUMPS,SHORT_OF_A_GOOD_LENGTH,49,35,2,24.5,140.0,England
320652,Asghar Afghan,RHB,ON_THE_STUMPS,FULL,24,35,1,24.0,68.57,Afghanistan
272450,Mitchell Marsh,RHB,OUTSIDE_OFFSTUMP,FULL_TOSS,68,35,1,68.0,194.29,Australia
625371,Hardik Pandya,RHB,ON_THE_STUMPS,SHORT,61,35,1,61.0,174.29,India
322810,Cameron Delport,LHB,OUTSIDE_OFFSTUMP,FULL,67,35,2,33.5,191.43,South Africa
793463,Rashid Khan,RHB,ON_THE_STUMPS,FULL_TOSS,64,35,6,10.67,182.86,Afghanistan
33141,Ambati Rayudu,RHB,ON_THE_STUMPS,FULL_TOSS,86,35,3,28.67,245.71,India
497121,Deepak Hooda,RHB,WIDE_OUTSIDE_OFFSTUMP,GOOD_LENGTH,56,35,3,18.67,160.0,India
348056,Kyle Mayers,LHB,OUTSIDE_OFFSTUMP,FULL_TOSS,67,35,4,16.75,191.43,West Indies
529436,Srikar Bharat,RHB,OUTSIDE_OFFSTUMP,SHORT_OF_A_GOOD_LENGTH,34,35,4,8.5,97.14,India
834741,Caleb Jewell,LHB,DOWN_LEG,GOOD_LENGTH,30,35,5,6.0,85.71,Australia
377534,Shashank Singh,RHB,OUTSIDE_OFFSTUMP,SHORT_OF_A_GOOD_LENGTH,54,35,2,27.0,154.29,India
552152,Dushmantha Chameera,RHB,OUTSIDE_OFFSTUMP,GOOD_LENGTH,38,35,3,12.67,108.57,Sri Lanka
318340,Noor Ali Zadran,RHB,OUTSIDE_OFFSTUMP,SHORT_OF_A_GOOD_LENGTH,32,35,1,32.0,91.43,Afghanistan
230558,Sunil Narine,LHB,WIDE_OUTSIDE_OFFSTUMP,FULL,62,35,2,31.0,177.14,West Indies
215155,Usman Khawaja,LHB,ON_THE_STUMPS,SHORT,52,35,1,52.0,148.57,Australia
251721,Adam Lyth,LHB,ON_THE_STUMPS,SHORT_OF_A_GOOD_LENGTH,48,35,3,16.0,137.14,England
1217288,Usman Patel,RHB,ON_THE_STUMPS,GOOD_LENGTH,40,35,3,13.33,114.29,Kuwait
248920,Devon Thomas,RHB,ON_THE_STUMPS,SHORT_OF_A_GOOD_LENGTH,47,35,3,15.67,134.29,West Indies
379890,Chad Bowes,RHB,ON_THE_STUMPS,FULL,45,35,4,11.25,128.57,New Zealand
326016,Bhuvneshwar Kumar,RHB,OUTSIDE_OFFSTUMP,SHORT_OF_A_GOOD_LENGTH,32,35,1,32.0,91.43,India
429668,Imal Liyanage,LHB,OUTSIDE_OFFSTUMP,GOOD_LENGTH,36,35,1,36.0,102.86,Qatar
440516,Tom Blundell,RHB,ON_THE_STUMPS,GOOD_LENGTH,27,35,3,9.0,77.14,New Zealand
670013,Fabian Allen,RHB,OUTSIDE_OFFSTUMP,SHORT,48,35,5,9.6,137.14,West Indies
270484,James Faulkner,RHB,ON_THE_STUMPS,SHORT_OF_A_GOOD_LENGTH,36,35,1,36.0,102.86,Australia
1072470,Shaheen Shah Afridi,LHB,OUTSIDE_OFFSTUMP,FULL,78,35,1,78.0,222.86,Pakistan
41434,Mohammad Hafeez,RHB,ON_THE_STUMPS,SHORT,69,35,4,17.25,197.14,Pakistan
230551,Gajanand Singh,LHB,ON_THE_STUMPS,GOOD_LENGTH,35,35,4,8.75,100.0,United States of America
713195,Harry Nielsen,LHB,OUTSIDE_OFFSTUMP,FULL,33,35,1,33.0,94.29,Australia
429754,Niroshan Dickwella,LHB,DOWN_LEG,GOOD_LENGTH,55,35,1,55.0,157.14,Sri Lanka
355269,James Neesham,LHB,ON_THE_STUMPS,SHORT,69,35,2,34.5,197.14,New Zealand
642531,Ricky Bhui,RHB,OUTSIDE_OFFSTUMP,GOOD_LENGTH,29,34,3,9.67,85.29,India
221140,David Wiese,RHB,WIDE_OUTSIDE_OFFSTUMP,FULL,74,34,2,37.0,217.65,Namibia
328026,Isuru Udana,RHB,ON_THE_STUMPS,GOOD_LENGTH,33,34,3,11.0,97.06,Sri Lanka
555850,Sam Hain,RHB,ON_THE_STUMPS,SHORT_OF_A_GOOD_LENGTH,34,34,2,17.0,100.0,England
303427,Paul Stirling,RHB,WIDE_OUTSIDE_OFFSTUMP,FULL,62,34,2,31.0,182.35,Ireland
261354,Nathan Coulter-Nile,RHB,OUTSIDE_OFFSTUMP,FULL,53,34,5,10.6,155.88,Australia
51439,Dwayne Bravo,RHB,OUTSIDE_OFFSTUMP,FULL_TOSS,73,34,5,14.6,214.71,West Indies
390481,Harshal Patel,RHB,OUTSIDE_OFFSTUMP,FULL,51,34,2,25.5,150.0,India
928057,Lorcan Tucker,RHB,WIDE_OUTSIDE_OFFSTUMP,GOOD_LENGTH,40,34,2,20.0,117.65,Ireland
669365,Phil Salt,RHB,DOWN_LEG,SHORT_OF_A_GOOD_LENGTH,35,34,3,11.67,102.94,England
1246518,Karan Sharma,RHB,OUTSIDE_OFFSTUMP,GOOD_LENGTH,15,34,1,15.0,44.12,India
330408,Chris Barnwell,RHB,ON_THE_STUMPS,GOOD_LENGTH,31,34,2,15.5,91.18,West Indies
247235,Chris Woakes,RHB,OUTSIDE_OFFSTUMP,SHORT_OF_A_GOOD_LENGTH,31,34,3,10.33,91.18,England
226492,Martin Guptill,RHB,OUTSIDE_OFFSTUMP,FULL_TOSS,76,34,3,25.33,223.53,New Zealand
403902,Liam Livingstone,RHB,ON_THE_STUMPS,SHORT,104,34,2,52.0,305.88,England
1131570,Urvil Patel,RHB,OUTSIDE_OFFSTUMP,GOOD_LENGTH,50,34,1,50.0,147.06,India
420402,Afsar Zazai,RHB,OUTSIDE_OFFSTUMP,GOOD_LENGTH,23,34,2,11.5,67.65,Afghanistan
398439,Karun Nair,RHB,OUTSIDE_OFFSTUMP,SHORT,56,34,2,28.0,164.71,India
604302,Nicholas Pooran,LHB,ON_THE_STUMPS,YORKER,26,34,5,5.2,76.47,West Indies
642519,Shreyas Iyer,RHB,ON_THE_STUMPS,FULL_TOSS,52,34,1,52.0,152.94,India
1124290,Nathan McSweeney,RHB,OUTSIDE_OFFSTUMP,FULL,40,34,2,20.0,117.65,Australia
44936,AB de Villiers,RHB,WIDE_OUTSIDE_OFFSTUMP,SHORT_OF_A_GOOD_LENGTH,53,34,1,53.0,155.88,South Africa
8917,Moeen Ali,LHB,OUTSIDE_OFFSTUMP,YORKER,30,34,1,30.0,88.24,England
323389,Mohammad Rizwan,RHB,OUTSIDE_OFFSTUMP,YORKER,25,34,1,25.0,73.53,Pakistan
946453,Daniel Smith,LHB,OUTSIDE_OFFSTUMP,GOOD_LENGTH,29,34,3,9.67,85.29,South Africa
779929,Nick Hobson,LHB,ON_THE_STUMPS,SHORT_OF_A_GOOD_LENGTH,43,34,4,10.75,126.47,Australia
270135,Ariful Haque,RHB,OUTSIDE_OFFSTUMP,SHORT_OF_A_GOOD_LENGTH,38,34,1,38.0,111.76,Bangladesh
36084,Yuvraj Singh,LHB,OUTSIDE_OFFSTUMP,SHORT,65,34,2,32.5,191.18,India
485379,Andries Gous,RHB,OUTSIDE_OFFSTUMP,GOOD_LENGTH,39,34,2,19.5,114.71,United States of America
825211,Ryan Gibson,RHB,OUTSIDE_OFFSTUMP,GOOD_LENGTH,28,34,1,28.0,82.35,Australia
500360,Akshdeep Nath,RHB,OUTSIDE_OFFSTUMP,GOOD_LENGTH,31,34,3,10.33,91.18,India
270484,James Faulkner,RHB,WIDE_OUTSIDE_OFFSTUMP,GOOD_LENGTH,54,34,1,54.0,158.82,Australia
958691,Ashen Bandara,RHB,OUTSIDE_OFFSTUMP,FULL,41,34,3,13.67,120.59,Sri Lanka
821749,Saif Hassan,RHB,ON_THE_STUMPS,GOOD_LENGTH,23,34,1,23.0,67.65,Bangladesh
36592,Peter Borren,RHB,OUTSIDE_OFFSTUMP,GOOD_LENGTH,38,34,2,19.0,111.76,Netherlands
41984,Mohammad Nadeem,RHB,OUTSIDE_OFFSTUMP,GOOD_LENGTH,34,34,2,17.0,100.0,Oman
1152427,Dunith Wellalage,LHB,ON_THE_STUMPS,GOOD_LENGTH,25,34,1,25.0,73.53,Sri Lanka
36084,Yuvraj Singh,LHB,ON_THE_STUMPS,SHORT,68,34,2,34.0,200.0,India
1168651,Haider Ali,RHB,OUTSIDE_OFFSTUMP,SHORT,49,34,5,9.8,144.12,Pakistan
772293,Michael Pepper,RHB,ON_THE_STUMPS,GOOD_LENGTH,37,34,4,9.25,108.82,England
28763,Gautam Gambhir,LHB,WIDE_OUTSIDE_OFFSTUMP,FULL,47,34,2,23.5,138.24,India
326637,Chris Lynn,RHB,OUTSIDE_OFFSTUMP,FULL_TOSS,85,34,1,85.0,250.0,Australia
914171,Qais Ahmad,RHB,ON_THE_STUMPS,GOOD_LENGTH,40,34,5,8.0,117.65,Afghanistan
823509,Glenn Phillips,RHB,ON_THE_STUMPS,FULL_TOSS,84,34,2,42.0,247.06,New Zealand
25913,Mohammad Nabi,RHB,WIDE_OUTSIDE_OFFSTUMP,GOOD_LENGTH,48,34,5,9.6,141.18,Afghanistan
315586,Chadwick Walton,RHB,DOWN_LEG,GOOD_LENGTH,31,34,1,31.0,91.18,West Indies
348056,Kyle Mayers,LHB,DOWN_LEG,SHORT,78,34,1,78.0,229.41,West Indies
500135,Prashant Chopra,RHB,ON_THE_STUMPS,GOOD_LENGTH,29,34,1,29.0,85.29,India
823509,Glenn Phillips,RHB,OUTSIDE_OFFSTUMP,FULL_TOSS,75,34,2,37.5,220.59,New Zealand
297498,Ian Cockbain,RHB,ON_THE_STUMPS,FULL,51,34,2,25.5,150.0,England
230559,Kieron Pollard,RHB,WIDE_OUTSIDE_OFFSTUMP,SHORT,80,34,2,40.0,235.29,West Indies
892749,Tim David,RHB,DOWN_LEG,GOOD_LENGTH,44,34,2,22.0,129.41,Australia
974109,Mujeeb Ur Rahman,RHB,ON_THE_STUMPS,GOOD_LENGTH,41,34,9,4.56,120.59,Afghanistan
541224,Luke Jongwe,RHB,OUTSIDE_OFFSTUMP,FULL,52,34,2,26.0,152.94,Zimbabwe
5961,Moises Henriques,RHB,DOWN_LEG,GOOD_LENGTH,25,34,2,12.5,73.53,Australia
6683,Shaun Marsh,LHB,DOWN_LEG,FULL,64,34,1,64.0,188.24,Australia
516039,Alex Davies,RHB,OUTSIDE_OFFSTUMP,GOOD_LENGTH,35,34,1,35.0,102.94,England
326434,Alex Carey,LHB,DOWN_LEG,SHORT_OF_A_GOOD_LENGTH,43,34,2,21.5,126.47,Australia
471342,Krunal Pandya,LHB,DOWN_LEG,SHORT,64,34,6,10.67,188.24,India
693975,Sahan Arachchige,LHB,ON_THE_STUMPS,GOOD_LENGTH,35,34,2,17.5,102.94,Sri Lanka
1277545,Abishek Porel,LHB,OUTSIDE_OFFSTUMP,FULL,54,34,2,27.0,158.82,India
914625,Jack Boyle,RHB,ON_THE_STUMPS,GOOD_LENGTH,26,34,2,13.0,76.47,New Zealand
1138316,Maheesh Theekshana,RHB,OUTSIDE_OFFSTUMP,GOOD_LENGTH,29,34,3,9.67,85.29,Sri Lanka
326434,Alex Carey,LHB,WIDE_OUTSIDE_OFFSTUMP,FULL,72,34,1,72.0,211.76,Australia
43906,Hashim Amla,RHB,WIDE_OUTSIDE_OFFSTUMP,FULL,69,34,1,69.0,202.94,South Africa
5961,Moises Henriques,RHB,ON_THE_STUMPS,FULL_TOSS,44,34,1,44.0,129.41,Australia
333780,Nic Maddinson,LHB,ON_THE_STUMPS,SHORT,63,34,4,15.75,185.29,Australia
233802,Ashan Priyanjan,RHB,ON_THE_STUMPS,GOOD_LENGTH,29,34,2,14.5,85.29,Sri Lanka
1175496,Nitish Kumar Reddy,RHB,ON_THE_STUMPS,GOOD_LENGTH,37,34,1,37.0,108.82,India
547749,Will Young,RHB,ON_THE_STUMPS,FULL,36,34,1,36.0,105.88,New Zealand
489889,Pat Cummins,RHB,ON_THE_STUMPS,FULL,53,34,4,13.25,155.88,Australia
308798,D'Arcy Short,LHB,OUTSIDE_OFFSTUMP,FULL_TOSS,57,34,1,57.0,167.65,Australia
362201,Lewis Gregory,RHB,ON_THE_STUMPS,FULL,40,34,4,10.0,117.65,England
373538,Sabbir Rahman,RHB,OUTSIDE_OFFSTUMP,SHORT,72,33,2,36.0,218.18,Bangladesh
540316,Andile Phehlukwayo,LHB,ON_THE_STUMPS,GOOD_LENGTH,20,33,5,4.0,60.61,South Africa
4451,George Bailey,RHB,ON_THE_STUMPS,SHORT_OF_A_GOOD_LENGTH,45,33,2,22.5,136.36,Australia
1292498,Yash Dhull,RHB,OUTSIDE_OFFSTUMP,FULL,37,33,1,37.0,112.12,India
4451,George Bailey,RHB,OUTSIDE_OFFSTUMP,SHORT,67,33,2,33.5,203.03,Australia
35582,Robin Uthappa,RHB,DOWN_LEG,GOOD_LENGTH,45,33,1,45.0,136.36,India
1093669,Muhammad Tanveer,RHB,OUTSIDE_OFFSTUMP,FULL,36,33,1,36.0,109.09,Qatar
35390,Saurabh Tiwary,LHB,ON_THE_STUMPS,FULL,38,33,1,38.0,115.15,India
308798,D'Arcy Short,LHB,ON_THE_STUMPS,FULL_TOSS,67,33,1,67.0,203.03,Australia
379143,Quinton de Kock,LHB,WIDE_OUTSIDE_OFFSTUMP,SHORT_OF_A_GOOD_LENGTH,63,33,1,63.0,190.91,South Africa
450101,Raymon Reifer,LHB,ON_THE_STUMPS,FULL,35,33,5,7.0,106.06,West Indies
34102,Rohit Sharma,RHB,DOWN_LEG,SHORT_OF_A_GOOD_LENGTH,34,33,1,34.0,103.03,India
1123073,Anuj Rawat,LHB,OUTSIDE_OFFSTUMP,SHORT_OF_A_GOOD_LENGTH,32,33,2,16.0,96.97,India
1241265,Aayan Afzal Khan,RHB,OUTSIDE_OFFSTUMP,SHORT_OF_A_GOOD_LENGTH,33,33,2,16.5,100.0,United Arab Emirates
272262,Kane Richardson,RHB,OUTSIDE_OFFSTUMP,GOOD_LENGTH,16,33,3,5.33,48.48,Australia
958691,Ashen Bandara,RHB,OUTSIDE_OFFSTUMP,SHORT_OF_A_GOOD_LENGTH,35,33,1,35.0,106.06,Sri Lanka
56029,Mushfiqur Rahim,RHB,ON_THE_STUMPS,SHORT,44,33,3,14.67,133.33,Bangladesh
56143,Shakib Al Hasan,LHB,WIDE_OUTSIDE_OFFSTUMP,FULL,68,33,1,68.0,206.06,Bangladesh
450075,Kesrick Williams,RHB,OUTSIDE_OFFSTUMP,GOOD_LENGTH,15,33,3,5.0,45.45,West Indies
500268,Ashton Turner,RHB,WIDE_OUTSIDE_OFFSTUMP,FULL,49,33,3,16.33,148.48,Australia
303508,Shane Getkate,RHB,OUTSIDE_OFFSTUMP,GOOD_LENGTH,40,33,2,20.0,121.21,Ireland
1091078,Tion Webster,RHB,OUTSIDE_OFFSTUMP,FULL,29,33,4,7.25,87.88,West Indies
272385,Josh Lalor,RHB,ON_THE_STUMPS,GOOD_LENGTH,30,33,3,10.0,90.91,Australia
623695,Chamika Karunaratne,RHB,ON_THE_STUMPS,FULL,41,33,2,20.5,124.24,Sri Lanka
539548,Scott Kuggeleijn,RHB,ON_THE_STUMPS,GOOD_LENGTH,44,33,3,14.67,133.33,New Zealand
446499,Unmukt Chand,RHB,OUTSIDE_OFFSTUMP,GOOD_LENGTH,31,33,2,15.5,93.94,United States of America
32966,Piyush Chawla,LHB,OUTSIDE_OFFSTUMP,GOOD_LENGTH,46,33,3,15.33,139.39,India
290630,Manish Pandey,RHB,ON_THE_STUMPS,SHORT,46,33,3,15.33,139.39,India
784615,Henry Hunt,RHB,OUTSIDE_OFFSTUMP,GOOD_LENGTH,31,33,4,7.75,93.94,Australia
533870,Nick Larkin,RHB,OUTSIDE_OFFSTUMP,SHORT,44,33,1,44.0,133.33,Australia
670031,Alzarri Joseph,RHB,OUTSIDE_OFFSTUMP,FULL,25,33,3,8.33,75.76,West Indies
670031,Alzarri Joseph,RHB,OUTSIDE_OFFSTUMP,SHORT_OF_A_GOOD_LENGTH,21,33,2,10.5,63.64,West Indies
571911,Joe Clarke,RHB,OUTSIDE_OFFSTUMP,SHORT,76,33,3,25.33,230.3,England
300631,Kusal Perera,LHB,ON_THE_STUMPS,SHORT,82,33,2,41.0,248.48,Sri Lanka
355269,James Neesham,LHB,DOWN_LEG,GOOD_LENGTH,43,33,1,43.0,130.3,New Zealand
1036191,Bas de Leede,RHB,OUTSIDE_OFFSTUMP,FULL,36,33,1,36.0,109.09,Netherlands
1070173,Shubman Gill,RHB,DOWN_LEG,SHORT_OF_A_GOOD_LENGTH,48,33,1,48.0,145.45,India
340062,Priyank Panchal,RHB,OUTSIDE_OFFSTUMP,GOOD_LENGTH,43,33,2,21.5,130.3,India
677077,Romario Shepherd,RHB,OUTSIDE_OFFSTUMP,SHORT,55,33,2,27.5,166.67,West Indies
596137,Clyde Fortuin,RHB,ON_THE_STUMPS,GOOD_LENGTH,40,33,2,20.0,121.21,South Africa
326016,Bhuvneshwar Kumar,RHB,OUTSIDE_OFFSTUMP,FULL,29,33,3,9.67,87.88,India
888565,Mehran Khan,RHB,OUTSIDE_OFFSTUMP,GOOD_LENGTH,38,33,4,9.5,115.15,Oman
24611,William Porterfield,LHB,OUTSIDE_OFFSTUMP,GOOD_LENGTH,17,33,2,8.5,51.52,Ireland
437448,Jake Lehmann,LHB,ON_THE_STUMPS,SHORT_OF_A_GOOD_LENGTH,32,33,1,32.0,96.97,Australia
557295,Hilton Cartwright,RHB,OUTSIDE_OFFSTUMP,SHORT,58,33,5,11.6,175.76,Australia
41140,Khurram Manzoor,RHB,OUTSIDE_OFFSTUMP,SHORT_OF_A_GOOD_LENGTH,39,33,3,13.0,118.18,Pakistan
28763,Gautam Gambhir,LHB,WIDE_OUTSIDE_OFFSTUMP,GOOD_LENGTH,50,33,1,50.0,151.52,India
337790,Rassie van der Dussen,RHB,OUTSIDE_OFFSTUMP,FULL_TOSS,76,33,2,38.0,230.3,South Africa
25913,Mohammad Nabi,RHB,ON_THE_STUMPS,SHORT,72,33,2,36.0,218.18,Afghanistan
249866,Alex Hales,RHB,ON_THE_STUMPS,YORKER,30,33,4,7.5,90.91,England
1161038,Alishan Sharafu,RHB,ON_THE_STUMPS,SHORT_OF_A_GOOD_LENGTH,46,33,1,46.0,139.39,United Arab Emirates
297433,Jonny Bairstow,RHB,WIDE_OUTSIDE_OFFSTUMP,FULL,66,33,5,13.2,200.0,England
553821,JJ Smit,RHB,OUTSIDE_OFFSTUMP,GOOD_LENGTH,36,33,2,18.0,109.09,Namibia
33141,Ambati Rayudu,RHB,DOWN_LEG,GOOD_LENGTH,44,33,1,44.0,133.33,India
793447,Naveen-ul-Haq,RHB,ON_THE_STUMPS,GOOD_LENGTH,29,33,3,9.67,87.88,Afghanistan
1161031,Saim Ayub,LHB,WIDE_OUTSIDE_OFFSTUMP,FULL,51,33,2,25.5,154.55,Pakistan
233712,Stephan Myburgh,LHB,OUTSIDE_OFFSTUMP,GOOD_LENGTH,29,32,3,9.67,90.62,Netherlands
233514,Thisara Perera,LHB,OUTSIDE_OFFSTUMP,SHORT,85,32,1,85.0,265.62,Sri Lanka
524049,Najibullah Zadran,LHB,OUTSIDE_OFFSTUMP,SHORT,41,32,1,41.0,128.12,Afghanistan
434813,Marcus Harris,LHB,ON_THE_STUMPS,FULL,42,32,2,21.0,131.25,Australia
42639,Shahid Afridi,RHB,OUTSIDE_OFFSTUMP,FULL,31,32,7,4.43,96.88,Pakistan
424377,Krishnappa Gowtham,RHB,OUTSIDE_OFFSTUMP,GOOD_LENGTH,47,32,2,23.5,146.88,India
321777,David Miller,LHB,WIDE_OUTSIDE_OFFSTUMP,SHORT_OF_A_GOOD_LENGTH,45,32,2,22.5,140.62,South Africa
290630,Manish Pandey,RHB,OUTSIDE_OFFSTUMP,FULL_TOSS,66,32,1,66.0,206.25,India
524049,Najibullah Zadran,LHB,DOWN_LEG,FULL,56,32,2,28.0,175.0,Afghanistan
55608,Hamilton Masakadza,RHB,WIDE_OUTSIDE_OFFSTUMP,GOOD_LENGTH,37,32,2,18.5,115.62,Zimbabwe
5961,Moises Henriques,RHB,OUTSIDE_OFFSTUMP,FULL_TOSS,61,32,1,61.0,190.62,Australia
401540,Aizaz Khan,RHB,OUTSIDE_OFFSTUMP,GOOD_LENGTH,22,32,3,7.33,68.75,Hong Kong
436677,Soumya Sarkar,LHB,WIDE_OUTSIDE_OFFSTUMP,FULL,57,32,2,28.5,178.12,Bangladesh
540316,Andile Phehlukwayo,LHB,OUTSIDE_OFFSTUMP,GOOD_LENGTH,46,32,2,23.0,143.75,South Africa
230556,Andre McCarthy,RHB,OUTSIDE_OFFSTUMP,FULL,58,32,2,29.0,181.25,West Indies
571761,Daniel Hughes,LHB,WIDE_OUTSIDE_OFFSTUMP,FULL,32,32,4,8.0,100.0,Australia
5334,Aaron Finch,RHB,ON_THE_STUMPS,YORKER,23,32,6,3.83,71.88,Australia
42639,Shahid Afridi,RHB,OUTSIDE_OFFSTUMP,SHORT_OF_A_GOOD_LENGTH,44,32,4,11.0,137.5,Pakistan
526441,Mark Adair,RHB,OUTSIDE_OFFSTUMP,FULL,40,32,5,8.0,125.0,Ireland
1163855,Hayden Kerr,RHB,OUTSIDE_OFFSTUMP,FULL,40,32,2,20.0,125.0,Australia
55354,Chamu Chibhabha,RHB,OUTSIDE_OFFSTUMP,GOOD_LENGTH,35,32,3,11.67,109.38,Zimbabwe
530015,William Bosisto,RHB,ON_THE_STUMPS,GOOD_LENGTH,37,32,1,37.0,115.62,Australia
1152427,Dunith Wellalage,LHB,OUTSIDE_OFFSTUMP,GOOD_LENGTH,37,32,3,12.33,115.62,Sri Lanka
297433,Jonny Bairstow,RHB,WIDE_OUTSIDE_OFFSTUMP,GOOD_LENGTH,43,32,2,21.5,134.38,England
43266,Sohaib Maqsood,RHB,OUTSIDE_OFFSTUMP,SHORT,68,32,5,13.6,212.5,Pakistan
333066,Johnson Charles,RHB,DOWN_LEG,SHORT_OF_A_GOOD_LENGTH,40,32,1,40.0,125.0,West Indies
36948,Anton Devcich,LHB,OUTSIDE_OFFSTUMP,SHORT_OF_A_GOOD_LENGTH,47,32,3,15.67,146.88,New Zealand
824159,Tayyab Tahir,RHB,OUTSIDE_OFFSTUMP,GOOD_LENGTH,38,32,2,19.0,118.75,Pakistan
707109,Sean Solia,LHB,OUTSIDE_OFFSTUMP,GOOD_LENGTH,43,32,2,21.5,134.38,New Zealand
530811,Chandrapaul Hemraj,LHB,DOWN_LEG,SHORT_OF_A_GOOD_LENGTH,37,32,3,12.33,115.62,West Indies
377534,Shashank Singh,RHB,OUTSIDE_OFFSTUMP,FULL,64,32,1,64.0,200.0,India
595380,Raynard van Tonder,RHB,OUTSIDE_OFFSTUMP,GOOD_LENGTH,35,32,1,35.0,109.38,South Africa
662973,Sam Curran,LHB,DOWN_LEG,FULL,42,32,2,21.0,131.25,England
7069,Steve O'Keefe,RHB,OUTSIDE_OFFSTUMP,GOOD_LENGTH,22,32,2,11.0,68.75,Australia
6683,Shaun Marsh,LHB,ON_THE_STUMPS,SHORT,85,32,1,85.0,265.62,Australia
440990,Lega Siaka,RHB,ON_THE_STUMPS,GOOD_LENGTH,37,32,1,37.0,115.62,Papua New Guinea
1201520,Ripal Patel,RHB,OUTSIDE_OFFSTUMP,GOOD_LENGTH,25,32,2,12.5,78.12,India
318845,Rilee Rossouw,LHB,ON_THE_STUMPS,FULL_TOSS,75,32,3,25.0,234.38,South Africa
256956,Laurie Evans,RHB,OUTSIDE_OFFSTUMP,SHORT,82,32,2,41.0,256.25,England
398506,Mandeep Singh,RHB,WIDE_OUTSIDE_OFFSTUMP,GOOD_LENGTH,31,32,1,31.0,96.88,India
596442,Delano Potgieter,LHB,OUTSIDE_OFFSTUMP,GOOD_LENGTH,38,32,2,19.0,118.75,South Africa
596375,Tarisai Musakanda,RHB,OUTSIDE_OFFSTUMP,FULL,44,32,1,44.0,137.5,Zimbabwe
512191,Fakhar Zaman,LHB,ON_THE_STUMPS,YORKER,31,32,2,15.5,96.88,Pakistan
990081,Mohammad Naim,LHB,DOWN_LEG,GOOD_LENGTH,35,32,1,35.0,109.38,Bangladesh
403902,Liam Livingstone,RHB,OUTSIDE_OFFSTUMP,FULL_TOSS,41,32,1,41.0,128.12,England
550215,Kagiso Rabada,LHB,ON_THE_STUMPS,GOOD_LENGTH,21,32,3,7.0,65.62,South Africa
669855,Jofra Archer,RHB,OUTSIDE_OFFSTUMP,GOOD_LENGTH,27,32,4,6.75,84.38,England
940593,Aqib Ilyas,RHB,ON_THE_STUMPS,FULL,56,32,1,56.0,175.0,Oman
679567,Ben Dwarshuis,LHB,ON_THE_STUMPS,GOOD_LENGTH,50,32,6,8.33,156.25,Australia
990023,Tanzid Hasan,LHB,ON_THE_STUMPS,FULL,54,32,1,54.0,168.75,Bangladesh
233904,Yasim Murtaza,LHB,ON_THE_STUMPS,GOOD_LENGTH,39,32,2,19.5,121.88,Hong Kong
417268,Matthew Cross,RHB,OUTSIDE_OFFSTUMP,FULL,36,32,4,9.0,112.5,Scotland
234675,Ravindra Jadeja,LHB,DOWN_LEG,SHORT,41,32,1,41.0,128.12,India
512191,Fakhar Zaman,LHB,DOWN_LEG,SHORT,76,32,2,38.0,237.5,Pakistan
55944,Jahurul Islam,RHB,OUTSIDE_OFFSTUMP,GOOD_LENGTH,22,32,4,5.5,68.75,Bangladesh
826915,Nathan Ellis,RHB,ON_THE_STUMPS,GOOD_LENGTH,21,32,8,2.62,65.62,Australia
552152,Dushmantha Chameera,RHB,OUTSIDE_OFFSTUMP,SHORT_OF_A_GOOD_LENGTH,39,32,1,39.0,121.88,Sri Lanka
670035,Brandon King,RHB,DOWN_LEG,GOOD_LENGTH,30,32,1,30.0,93.75,West Indies
230559,Kieron Pollard,RHB,WIDE_OUTSIDE_OFFSTUMP,FULL_TOSS,56,31,3,18.67,180.65,West Indies
298438,Jason Roy,RHB,OUTSIDE_OFFSTUMP,FULL_TOSS,41,31,2,20.5,132.26,England
629058,Najmul Hossain Shanto,LHB,OUTSIDE_OFFSTUMP,SHORT,49,31,2,24.5,158.06,Bangladesh
348059,Barry McCarthy,RHB,OUTSIDE_OFFSTUMP,FULL,46,31,3,15.33,148.39,Ireland
823509,Glenn Phillips,RHB,DOWN_LEG,GOOD_LENGTH,50,31,1,50.0,161.29,New Zealand
279862,Shrikant Mundhe,RHB,OUTSIDE_OFFSTUMP,GOOD_LENGTH,34,31,2,17.0,109.68,India
696401,Marco Jansen,RHB,OUTSIDE_OFFSTUMP,SHORT_OF_A_GOOD_LENGTH,30,31,1,30.0,96.77,South Africa
377534,Shashank Singh,RHB,ON_THE_STUMPS,FULL,53,31,1,53.0,170.97,India
276298,Andre Russell,RHB,DOWN_LEG,SHORT_OF_A_GOOD_LENGTH,41,31,2,20.5,132.26,West Indies
1125958,Atharva Taide,LHB,ON_THE_STUMPS,FULL,54,31,3,18.0,174.19,India
279810,Wriddhiman Saha,RHB,WIDE_OUTSIDE_OFFSTUMP,FULL,58,31,1,58.0,187.1,India
402992,Shuvagata Hom,RHB,OUTSIDE_OFFSTUMP,FULL,44,31,1,44.0,141.94,Bangladesh
721867,Jitesh Sharma,RHB,OUTSIDE_OFFSTUMP,SHORT,50,31,4,12.5,161.29,India
444135,Sohag Gazi,RHB,OUTSIDE_OFFSTUMP,GOOD_LENGTH,41,31,1,41.0,132.26,Bangladesh
443263,Hayden Walsh,LHB,OUTSIDE_OFFSTUMP,GOOD_LENGTH,33,31,2,16.5,106.45,West Indies
56143,Shakib Al Hasan,LHB,DOWN_LEG,SHORT,72,31,3,24.0,232.26,Bangladesh
8180,Shane Watson,RHB,ON_THE_STUMPS,FULL_TOSS,64,31,2,32.0,206.45,Australia
1241265,Aayan Afzal Khan,RHB,ON_THE_STUMPS,GOOD_LENGTH,24,31,1,24.0,77.42,United Arab Emirates
272450,Mitchell Marsh,RHB,WIDE_OUTSIDE_OFFSTUMP,GOOD_LENGTH,43,31,3,14.33,138.71,Australia
665053,Zak Crawley,RHB,ON_THE_STUMPS,SHORT_OF_A_GOOD_LENGTH,39,31,1,39.0,125.81,England
398506,Mandeep Singh,RHB,OUTSIDE_OFFSTUMP,SHORT,62,31,2,31.0,200.0,India
299572,Sikandar Raza,RHB,WIDE_OUTSIDE_OFFSTUMP,SHORT_OF_A_GOOD_LENGTH,46,31,3,15.33,148.39,Zimbabwe
29264,Harbhajan Singh,RHB,OUTSIDE_OFFSTUMP,SHORT_OF_A_GOOD_LENGTH,33,31,2,16.5,106.45,India
269280,Reeza Hendricks,RHB,DOWN_LEG,GOOD_LENGTH,25,31,2,12.5,80.65,South Africa
333624,Alex Ross,RHB,OUTSIDE_OFFSTUMP,SHORT,45,31,1,45.0,145.16,Australia
698333,Jiveshan Pillay,LHB,ON_THE_STUMPS,GOOD_LENGTH,29,31,2,14.5,93.55,South Africa
556916,Mukhtar Ahmed,RHB,OUTSIDE_OFFSTUMP,GOOD_LENGTH,31,31,2,15.5,100.0,United States of America
677081,Keemo Paul,RHB,OUTSIDE_OFFSTUMP,SHORT,61,31,1,61.0,196.77,West Indies
698199,Mitchell Van Buuren,RHB,ON_THE_STUMPS,FULL,49,31,2,24.5,158.06,South Africa
350629,Nizakat Khan,RHB,OUTSIDE_OFFSTUMP,FULL,59,31,2,29.5,190.32,Hong Kong
595921,Curtis Campher,RHB,ON_THE_STUMPS,SHORT_OF_A_GOOD_LENGTH,47,31,1,47.0,151.61,Ireland
348144,Babar Azam,RHB,OUTSIDE_OFFSTUMP,YORKER,16,31,1,16.0,51.61,Pakistan
1123073,Anuj Rawat,LHB,ON_THE_STUMPS,FULL,40,31,4,10.0,129.03,India
288992,Chris Jordan,RHB,OUTSIDE_OFFSTUMP,SHORT,55,31,6,9.17,177.42,England
641423,Dan Lawrence,RHB,ON_THE_STUMPS,FULL,55,31,2,27.5,177.42,England
5961,Moises Henriques,RHB,ON_THE_STUMPS,SHORT,85,31,3,28.33,274.19,Australia
1287029,Bipin Saurabh,RHB,OUTSIDE_OFFSTUMP,GOOD_LENGTH,35,31,1,35.0,112.9,India
425943,Sanju Samson,RHB,ON_THE_STUMPS,YORKER,30,31,2,15.0,96.77,India
623636,Kamran Ghulam,RHB,ON_THE_STUMPS,FULL,35,31,2,17.5,112.9,Pakistan
391485,Jason Holder,RHB,WIDE_OUTSIDE_OFFSTUMP,FULL,66,31,4,16.5,212.9,West Indies
1170265,Tilak Varma,LHB,ON_THE_STUMPS,SHORT,41,31,1,41.0,132.26,India
670035,Brandon King,RHB,WIDE_OUTSIDE_OFFSTUMP,SHORT_OF_A_GOOD_LENGTH,53,31,3,17.67,170.97,West Indies
714451,Shivam Dube,LHB,DOWN_LEG,SHORT,46,31,1,46.0,148.39,India
19296,Kevin Pietersen,RHB,OUTSIDE_OFFSTUMP,FULL,40,31,2,20.0,129.03,England
821749,Saif Hassan,RHB,OUTSIDE_OFFSTUMP,FULL,47,31,1,47.0,151.61,Bangladesh
1278029,Yasir Khan,RHB,OUTSIDE_OFFSTUMP,SHORT_OF_A_GOOD_LENGTH,28,31,1,28.0,90.32,Pakistan
30045,Dinesh Karthik,RHB,WIDE_OUTSIDE_OFFSTUMP,SHORT_OF_A_GOOD_LENGTH,72,31,1,72.0,232.26,India
596664,Zane Green,LHB,OUTSIDE_OFFSTUMP,GOOD_LENGTH,24,31,1,24.0,77.42,Namibia
381183,Evan Gulbis,RHB,OUTSIDE_OFFSTUMP,GOOD_LENGTH,47,31,1,47.0,151.61,Australia
277472,Darren Bravo,LHB,ON_THE_STUMPS,SHORT,41,31,3,13.67,132.26,West Indies
785323,Nathan McAndrew,RHB,ON_THE_STUMPS,GOOD_LENGTH,37,31,3,12.33,119.35,Australia
1331512,Mirza Baig,RHB,OUTSIDE_OFFSTUMP,SHORT_OF_A_GOOD_LENGTH,21,31,2,10.5,67.74,Pakistan
233514,Thisara Perera,LHB,DOWN_LEG,SHORT_OF_A_GOOD_LENGTH,60,31,1,60.0,193.55,Sri Lanka
303669,Joe Root,RHB,OUTSIDE_OFFSTUMP,SHORT,46,31,4,11.5,148.39,England
47850,Roelof van der Merwe,RHB,OUTSIDE_OFFSTUMP,SHORT_OF_A_GOOD_LENGTH,40,31,1,40.0,129.03,Netherlands
914171,Qais Ahmad,RHB,OUTSIDE_OFFSTUMP,SHORT_OF_A_GOOD_LENGTH,44,31,6,7.33,141.94,Afghanistan
1077310,Naseem Khushi,RHB,ON_THE_STUMPS,GOOD_LENGTH,73,31,2,36.5,235.48,Oman
40082,Ehsan Khan,RHB,OUTSIDE_OFFSTUMP,GOOD_LENGTH,25,31,2,12.5,80.65,Hong Kong
323389,Mohammad Rizwan,RHB,ON_THE_STUMPS,SHORT,71,31,1,71.0,229.03,Pakistan
56025,Mahmudullah,RHB,ON_THE_STUMPS,FULL_TOSS,59,31,3,19.67,190.32,Bangladesh
485676,Keegan Petersen,RHB,OUTSIDE_OFFSTUMP,GOOD_LENGTH,38,31,1,38.0,122.58,South Africa
451782,James Fuller,RHB,OUTSIDE_OFFSTUMP,SHORT_OF_A_GOOD_LENGTH,37,31,2,18.5,119.35,England
1065662,Roshon Primus,RHB,ON_THE_STUMPS,FULL,32,31,3,10.67,103.23,West Indies
524049,Najibullah Zadran,LHB,DOWN_LEG,SHORT_OF_A_GOOD_LENGTH,28,31,1,28.0,90.32,Afghanistan
508442,Abdul Mazid,RHB,OUTSIDE_OFFSTUMP,GOOD_LENGTH,23,31,1,23.0,74.19,Bangladesh
51439,Dwayne Bravo,RHB,ON_THE_STUMPS,FULL_TOSS,61,31,3,20.33,196.77,West Indies
51439,Dwayne Bravo,RHB,ON_THE_STUMPS,SHORT,54,31,4,13.5,174.19,West Indies
308798,D'Arcy Short,LHB,WIDE_OUTSIDE_OFFSTUMP,FULL,60,31,1,60.0,193.55,Australia
44149,Johan Botha,RHB,OUTSIDE_OFFSTUMP,GOOD_LENGTH,20,31,2,10.0,64.52,South Africa
534734,Chirag Suri,RHB,ON_THE_STUMPS,FULL,31,31,1,31.0,100.0,United Arab Emirates
326639,Simon Milenko,RHB,OUTSIDE_OFFSTUMP,FULL,55,31,3,18.33,177.42,Australia
931015,Thanuka Dabare,LHB,ON_THE_STUMPS,GOOD_LENGTH,25,31,3,8.33,80.65,Sri Lanka
314615,Jonathan Carter,LHB,ON_THE_STUMPS,FULL,30,31,1,30.0,96.77,West Indies
48472,Tillakaratne Dilshan,RHB,OUTSIDE_OFFSTUMP,FULL,32,31,2,16.0,103.23,Sri Lanka
51784,Rayad Emrit,RHB,ON_THE_STUMPS,GOOD_LENGTH,30,31,2,15.0,96.77,West Indies
714451,Shivam Dube,LHB,DOWN_LEG,GOOD_LENGTH,32,30,1,32.0,106.67,India
244497,Adil Rashid,RHB,OUTSIDE_OFFSTUMP,SHORT_OF_A_GOOD_LENGTH,32,30,4,8.0,106.67,England
1170265,Tilak Varma,LHB,DOWN_LEG,GOOD_LENGTH,33,30,1,33.0,110.0,India
262456,Dane Vilas,RHB,ON_THE_STUMPS,GOOD_LENGTH,27,30,1,27.0,90.0,South Africa
293831,Regis Chakabva,RHB,ON_THE_STUMPS,FULL,49,30,1,49.0,163.33,Zimbabwe
1170265,Tilak Varma,LHB,DOWN_LEG,SHORT_OF_A_GOOD_LENGTH,40,30,2,20.0,133.33,India
292152,Jamie Atkinson,RHB,ON_THE_STUMPS,GOOD_LENGTH,21,30,1,21.0,70.0,Hong Kong
914541,Sherfane Rutherford,LHB,ON_THE_STUMPS,YORKER,14,30,5,2.8,46.67,West Indies
290948,Mohammad Amir,LHB,OUTSIDE_OFFSTUMP,GOOD_LENGTH,35,30,3,11.67,116.67,Pakistan
333624,Alex Ross,RHB,ON_THE_STUMPS,FULL_TOSS,68,30,1,68.0,226.67,Australia
1209110,Basil Hameed,RHB,OUTSIDE_OFFSTUMP,FULL,50,30,1,50.0,166.67,United Arab Emirates
232364,Tim Southee,RHB,OUTSIDE_OFFSTUMP,FULL,49,30,4,12.25,163.33,New Zealand
7502,Luke Ronchi,RHB,OUTSIDE_OFFSTUMP,SHORT,59,30,4,14.75,196.67,New Zealand
536936,Litton Das,RHB,DOWN_LEG,FULL,60,30,1,60.0,200.0,Bangladesh
297433,Jonny Bairstow,RHB,ON_THE_STUMPS,FULL_TOSS,43,30,1,43.0,143.33,England
1161381,Mahmudul Hasan Joy,RHB,ON_THE_STUMPS,SHORT_OF_A_GOOD_LENGTH,32,30,2,16.0,106.67,Bangladesh
26421,Ravichandran Ashwin,RHB,ON_THE_STUMPS,SHORT_OF_A_GOOD_LENGTH,22,30,2,11.0,73.33,India
267192,Steven Smith,RHB,WIDE_OUTSIDE_OFFSTUMP,SHORT,53,30,2,26.5,176.67,Australia
1161038,Alishan Sharafu,RHB,OUTSIDE_OFFSTUMP,FULL,27,30,2,13.5,90.0,United Arab Emirates
1278029,Yasir Khan,RHB,ON_THE_STUMPS,GOOD_LENGTH,25,30,1,25.0,83.33,Pakistan
43590,Wahab Riaz,RHB,ON_THE_STUMPS,FULL,37,30,6,6.17,123.33,Pakistan
288617,Ross Whiteley,LHB,ON_THE_STUMPS,SHORT_OF_A_GOOD_LENGTH,32,30,2,16.0,106.67,England
209457,Chamara Kapugedera,RHB,OUTSIDE_OFFSTUMP,SHORT_OF_A_GOOD_LENGTH,41,30,1,41.0,136.67,Sri Lanka
1212829,Ali Naseer,LHB,OUTSIDE_OFFSTUMP,GOOD_LENGTH,26,30,1,26.0,86.67,United Arab Emirates
931581,Rishabh Pant,LHB,WIDE_OUTSIDE_OFFSTUMP,GOOD_LENGTH,32,30,4,8.0,106.67,India
1185475,Qasim Akram,RHB,ON_THE_STUMPS,GOOD_LENGTH,41,30,1,41.0,136.67,Pakistan
402992,Shuvagata Hom,RHB,ON_THE_STUMPS,FULL,35,30,3,11.67,116.67,Bangladesh
8291,Cameron White,RHB,ON_THE_STUMPS,SHORT_OF_A_GOOD_LENGTH,26,30,2,13.0,86.67,Australia
698189,Wiaan Mulder,RHB,ON_THE_STUMPS,FULL,52,30,1,52.0,173.33,South Africa
24609,Gary Wilson,RHB,ON_THE_STUMPS,GOOD_LENGTH,27,30,5,5.4,90.0,Ireland
8180,Shane Watson,RHB,DOWN_LEG,FULL,52,30,2,26.0,173.33,Australia
8119,Adam Voges,RHB,OUTSIDE_OFFSTUMP,SHORT_OF_A_GOOD_LENGTH,31,30,1,31.0,103.33,Australia
647785,Sahibzada Farhan,RHB,ON_THE_STUMPS,SHORT_OF_A_GOOD_LENGTH,35,30,2,17.5,116.67,Pakistan
1048813,Narayan Jagadeesan,RHB,OUTSIDE_OFFSTUMP,GOOD_LENGTH,34,30,3,11.33,113.33,India
494230,Asif Ali,RHB,WIDE_OUTSIDE_OFFSTUMP,FULL,64,30,3,21.33,213.33,Pakistan
480603,Iftikhar Ahmed,RHB,WIDE_OUTSIDE_OFFSTUMP,GOOD_LENGTH,55,30,3,18.33,183.33,Pakistan
486672,Theunis de Bruyn,RHB,OUTSIDE_OFFSTUMP,FULL,43,30,4,10.75,143.33,South Africa
379140,Devon Conway,LHB,WIDE_OUTSIDE_OFFSTUMP,FULL,64,30,3,21.33,213.33,New Zealand
211855,Liam Dawson,RHB,OUTSIDE_OFFSTUMP,FULL,47,30,1,47.0,156.67,England
486672,Theunis de Bruyn,RHB,ON_THE_STUMPS,FULL,50,30,1,50.0,166.67,South Africa
45705,Colin Ingram,LHB,DOWN_LEG,FULL,53,30,1,53.0,176.67,South Africa
425943,Sanju Samson,RHB,OUTSIDE_OFFSTUMP,FULL_TOSS,64,30,1,64.0,213.33,India
670035,Brandon King,RHB,WIDE_OUTSIDE_OFFSTUMP,GOOD_LENGTH,28,30,1,28.0,93.33,West Indies
549947,Al-Amin,RHB,OUTSIDE_OFFSTUMP,GOOD_LENGTH,22,30,4,5.5,73.33,Bangladesh
930189,Lalit Yadav,RHB,OUTSIDE_OFFSTUMP,FULL,42,30,1,42.0,140.0,India
519070,Gerhard Erasmus,RHB,OUTSIDE_OFFSTUMP,FULL,26,30,1,26.0,86.67,Namibia
974087,Rahmanullah Gurbaz,RHB,WIDE_OUTSIDE_OFFSTUMP,FULL,73,30,3,24.33,243.33,Afghanistan
497121,Deepak Hooda,RHB,WIDE_OUTSIDE_OFFSTUMP,FULL,57,30,6,9.5,190.0,India
436757,Heinrich Klaasen,RHB,WIDE_OUTSIDE_OFFSTUMP,FULL,60,30,2,30.0,200.0,South Africa
33141,Ambati Rayudu,RHB,WIDE_OUTSIDE_OFFSTUMP,FULL,47,30,3,15.67,156.67,India
33141,Ambati Rayudu,RHB,OUTSIDE_OFFSTUMP,FULL_TOSS,55,30,1,55.0,183.33,India
215155,Usman Khawaja,LHB,OUTSIDE_OFFSTUMP,SHORT,45,30,5,9.0,150.0,Australia
500268,Ashton Turner,RHB,DOWN_LEG,GOOD_LENGTH,49,30,1,49.0,163.33,Australia
41434,Mohammad Hafeez,RHB,WIDE_OUTSIDE_OFFSTUMP,SHORT_OF_A_GOOD_LENGTH,32,30,2,16.0,106.67,Pakistan
779929,Nick Hobson,LHB,OUTSIDE_OFFSTUMP,FULL,31,30,1,31.0,103.33,Australia
437448,Jake Lehmann,LHB,OUTSIDE_OFFSTUMP,FULL,43,30,3,14.33,143.33,Australia
315586,Chadwick Walton,RHB,DOWN_LEG,FULL,53,30,1,53.0,176.67,West Indies
300618,Nasir Hossain,RHB,ON_THE_STUMPS,FULL,25,30,1,25.0,83.33,Bangladesh
781285,Jake Weatherald,LHB,WIDE_OUTSIDE_OFFSTUMP,FULL,58,30,1,58.0,193.33,Australia
1138316,Maheesh Theekshana,RHB,OUTSIDE_OFFSTUMP,SHORT_OF_A_GOOD_LENGTH,19,30,5,3.8,63.33,Sri Lanka
227760,Sarfaraz Ahmed,RHB,WIDE_OUTSIDE_OFFSTUMP,FULL,47,30,1,47.0,156.67,Pakistan
276298,Andre Russell,RHB,WIDE_OUTSIDE_OFFSTUMP,FULL_TOSS,65,30,2,32.5,216.67,West Indies
32242,Parthiv Patel,LHB,DOWN_LEG,SHORT_OF_A_GOOD_LENGTH,34,30,3,11.33,113.33,India
532856,Manan Vohra,RHB,WIDE_OUTSIDE_OFFSTUMP,GOOD_LENGTH,33,30,1,33.0,110.0,India
1129634,Katene Clarke,RHB,ON_THE_STUMPS,GOOD_LENGTH,34,30,2,17.0,113.33,New Zealand
625371,Hardik Pandya,RHB,WIDE_OUTSIDE_OFFSTUMP,GOOD_LENGTH,46,30,1,46.0,153.33,India
4451,George Bailey,RHB,WIDE_OUTSIDE_OFFSTUMP,GOOD_LENGTH,25,30,1,25.0,83.33,Australia
470633,Tom Kohler-Cadmore,RHB,OUTSIDE_OFFSTUMP,SHORT,60,30,1,60.0,200.0,England
276298,Andre Russell,RHB,DOWN_LEG,YORKER,25,30,2,12.5,83.33,West Indies
851403,Venkatesh Iyer,LHB,DOWN_LEG,GOOD_LENGTH,42,30,2,21.0,140.0,India
28763,Gautam Gambhir,LHB,OUTSIDE_OFFSTUMP,SHORT,37,30,3,12.33,123.33,India
549950,Munim Shahriar,RHB,OUTSIDE_OFFSTUMP,SHORT_OF_A_GOOD_LENGTH,24,30,2,12.0,80.0,Bangladesh
723105,Rinku Singh,LHB,ON_THE_STUMPS,SHORT,61,30,1,61.0,203.33,India
906749,Dominic Drakes,LHB,OUTSIDE_OFFSTUMP,FULL,52,30,1,52.0,173.33,West Indies
230559,Kieron Pollard,RHB,DOWN_LEG,FULL_TOSS,54,30,1,54.0,180.0,West Indies
901157,Arjun Nair,RHB,OUTSIDE_OFFSTUMP,SHORT_OF_A_GOOD_LENGTH,24,30,4,6.0,80.0,Australia
297628,Sam Billings,RHB,ON_THE_STUMPS,FULL_TOSS,60,30,1,60.0,200.0,England
480603,Iftikhar Ahmed,RHB,ON_THE_STUMPS,SHORT,50,30,3,16.67,166.67,Pakistan
605680,Janneman Malan,RHB,ON_THE_STUMPS,FULL,43,30,4,10.75,143.33,South Africa
1284532,Haider Butt,RHB,ON_THE_STUMPS,GOOD_LENGTH,18,30,1,18.0,60.0,Bahrain
530011,Travis Head,LHB,DOWN_LEG,FULL,35,29,3,11.67,120.69,Australia
25913,Mohammad Nabi,RHB,WIDE_OUTSIDE_OFFSTUMP,SHORT_OF_A_GOOD_LENGTH,32,29,2,16.0,110.34,Afghanistan
719715,Washington Sundar,LHB,ON_THE_STUMPS,FULL,45,29,1,45.0,155.17,India
42657,Shoaib Malik,RHB,DOWN_LEG,SHORT_OF_A_GOOD_LENGTH,31,29,1,31.0,106.9,Pakistan
315586,Chadwick Walton,RHB,WIDE_OUTSIDE_OFFSTUMP,SHORT_OF_A_GOOD_LENGTH,41,29,1,41.0,141.38,West Indies
55608,Hamilton Masakadza,RHB,ON_THE_STUMPS,SHORT_OF_A_GOOD_LENGTH,34,29,2,17.0,117.24,Zimbabwe
27223,Stuart Binny,RHB,OUTSIDE_OFFSTUMP,SHORT_OF_A_GOOD_LENGTH,37,29,1,37.0,127.59,India
24598,Eoin Morgan,LHB,WIDE_OUTSIDE_OFFSTUMP,GOOD_LENGTH,39,29,3,13.0,134.48,England
288617,Ross Whiteley,LHB,OUTSIDE_OFFSTUMP,FULL,54,29,1,54.0,186.21,England
788101,Tom Moores,LHB,OUTSIDE_OFFSTUMP,GOOD_LENGTH,21,29,4,5.25,72.41,England
681117,Faheem Ashraf,LHB,OUTSIDE_OFFSTUMP,FULL_TOSS,80,29,4,20.0,275.86,Pakistan
317252,Sohail Khan,RHB,OUTSIDE_OFFSTUMP,GOOD_LENGTH,19,29,2,9.5,65.52,Pakistan
1125715,Justin Avendano,RHB,OUTSIDE_OFFSTUMP,FULL,46,29,1,46.0,158.62,Australia
679567,Ben Dwarshuis,LHB,OUTSIDE_OFFSTUMP,FULL,66,29,1,66.0,227.59,Australia
535393,Senuran Muthusamy,LHB,OUTSIDE_OFFSTUMP,GOOD_LENGTH,28,29,2,14.0,96.55,South Africa
670025,Shimron Hetmyer,LHB,WIDE_OUTSIDE_OFFSTUMP,GOOD_LENGTH,33,29,3,11.0,113.79,West Indies
300631,Kusal Perera,LHB,OUTSIDE_OFFSTUMP,SHORT,41,29,1,41.0,141.38,Sri Lanka
431901,Evin Lewis,LHB,OUTSIDE_OFFSTUMP,YORKER,10,29,1,10.0,34.48,West Indies
1161031,Saim Ayub,LHB,DOWN_LEG,SHORT_OF_A_GOOD_LENGTH,42,29,1,42.0,144.83,Pakistan
534734,Chirag Suri,RHB,OUTSIDE_OFFSTUMP,SHORT_OF_A_GOOD_LENGTH,29,29,2,14.5,100.0,United Arab Emirates
226492,Martin Guptill,RHB,ON_THE_STUMPS,YORKER,21,29,1,21.0,72.41,New Zealand
1171127,Haseebullah Khan,LHB,ON_THE_STUMPS,GOOD_LENGTH,37,29,5,7.4,127.59,Pakistan
437316,Dasun Shanaka,RHB,WIDE_OUTSIDE_OFFSTUMP,SHORT_OF_A_GOOD_LENGTH,30,29,2,15.0,103.45,Sri Lanka
429903,Lesiba Ngoepe,LHB,ON_THE_STUMPS,GOOD_LENGTH,18,29,1,18.0,62.07,South Africa
316397,Asad Shafiq,RHB,OUTSIDE_OFFSTUMP,SHORT_OF_A_GOOD_LENGTH,52,29,3,17.33,179.31,Pakistan
1070173,Shubman Gill,RHB,DOWN_LEG,GOOD_LENGTH,41,29,1,41.0,141.38,India
465327,Innocent Kaia,RHB,OUTSIDE_OFFSTUMP,GOOD_LENGTH,39,29,3,13.0,134.48,Zimbabwe
1070168,Prithvi Shaw,RHB,ON_THE_STUMPS,SHORT,50,29,3,16.67,172.41,India
485676,Keegan Petersen,RHB,ON_THE_STUMPS,GOOD_LENGTH,24,29,1,24.0,82.76,South Africa
230556,Andre McCarthy,RHB,ON_THE_STUMPS,FULL,25,29,3,8.33,86.21,West Indies
219885,Tom Cooper,RHB,OUTSIDE_OFFSTUMP,SHORT,53,29,3,17.67,182.76,Netherlands
524253,Norman Vanua,RHB,OUTSIDE_OFFSTUMP,GOOD_LENGTH,20,29,2,10.0,68.97,Papua New Guinea
897549,Will Jacks,RHB,OUTSIDE_OFFSTUMP,SHORT,84,29,2,42.0,289.66,England
33141,Ambati Rayudu,RHB,ON_THE_STUMPS,SHORT,50,29,1,50.0,172.41,India
524049,Najibullah Zadran,LHB,WIDE_OUTSIDE_OFFSTUMP,FULL,59,29,1,59.0,203.45,Afghanistan
562263,Robert O'Donnell,RHB,ON_THE_STUMPS,GOOD_LENGTH,37,29,1,37.0,127.59,New Zealand
230554,Javon Searles,RHB,OUTSIDE_OFFSTUMP,GOOD_LENGTH,27,29,3,9.0,93.1,West Indies
43906,Hashim Amla,RHB,OUTSIDE_OFFSTUMP,SHORT,44,29,3,14.67,151.72,South Africa
707113,Tom Bruce,RHB,ON_THE_STUMPS,SHORT_OF_A_GOOD_LENGTH,44,29,1,44.0,151.72,New Zealand
1081525,Yash Kothari,RHB,OUTSIDE_OFFSTUMP,GOOD_LENGTH,20,29,1,20.0,68.97,India
526021,Cole McConchie,RHB,ON_THE_STUMPS,FULL,43,29,2,21.5,148.28,New Zealand
559066,Ish Sodhi,RHB,OUTSIDE_OFFSTUMP,SHORT_OF_A_GOOD_LENGTH,45,29,5,9.0,155.17,New Zealand
41434,Mohammad Hafeez,RHB,DOWN_LEG,SHORT_OF_A_GOOD_LENGTH,36,29,2,18.0,124.14,Pakistan
429809,Ravija Sandaruwan,RHB,ON_THE_STUMPS,GOOD_LENGTH,53,29,3,17.67,182.76,Kuwait
1079470,Ramandeep Singh,RHB,OUTSIDE_OFFSTUMP,GOOD_LENGTH,34,29,2,17.0,117.24,India
326968,Michael Bracewell,LHB,ON_THE_STUMPS,FULL,34,29,1,34.0,117.24,New Zealand
436757,Heinrich Klaasen,RHB,DOWN_LEG,GOOD_LENGTH,44,29,1,44.0,151.72,South Africa
550215,Kagiso Rabada,LHB,ON_THE_STUMPS,SHORT_OF_A_GOOD_LENGTH,16,29,1,16.0,55.17,South Africa
290630,Manish Pandey,RHB,ON_THE_STUMPS,YORKER,23,29,4,5.75,79.31,India
43906,Hashim Amla,RHB,WIDE_OUTSIDE_OFFSTUMP,SHORT_OF_A_GOOD_LENGTH,36,29,1,36.0,124.14,South Africa
1125958,Atharva Taide,LHB,OUTSIDE_OFFSTUMP,FULL,30,29,2,15.0,103.45,India
787073,Chris Green,RHB,ON_THE_STUMPS,SHORT_OF_A_GOOD_LENGTH,53,29,3,17.67,182.76,Australia
277472,Darren Bravo,LHB,OUTSIDE_OFFSTUMP,FULL_TOSS,61,29,1,61.0,210.34,West Indies
631668,Stephen Eskinazi,RHB,ON_THE_STUMPS,SHORT_OF_A_GOOD_LENGTH,38,29,2,19.0,131.03,England
381743,Daryl Mitchell,RHB,OUTSIDE_OFFSTUMP,FULL_TOSS,61,29,1,61.0,210.34,New Zealand
1360563,Muhammad Abbas,RHB,OUTSIDE_OFFSTUMP,SHORT_OF_A_GOOD_LENGTH,38,29,3,12.67,131.03,New Zealand
323389,Mohammad Rizwan,RHB,ON_THE_STUMPS,YORKER,17,29,4,4.25,58.62,Pakistan
662235,Josh Inglis,RHB,ON_THE_STUMPS,SHORT,75,29,2,37.5,258.62,Australia
935995,Afif Hossain,LHB,ON_THE_STUMPS,FULL_TOSS,47,29,2,23.5,162.07,Bangladesh
935995,Afif Hossain,LHB,DOWN_LEG,FULL,51,29,1,51.0,175.86,Bangladesh
8119,Adam Voges,RHB,OUTSIDE_OFFSTUMP,GOOD_LENGTH,19,29,2,9.5,65.52,Australia
931581,Rishabh Pant,LHB,ON_THE_STUMPS,YORKER,25,29,4,6.25,86.21,India
320652,Asghar Afghan,RHB,OUTSIDE_OFFSTUMP,SHORT,38,29,4,9.5,131.03,Afghanistan
605661,Ryan Rickelton,LHB,OUTSIDE_OFFSTUMP,FULL,53,29,1,53.0,182.76,South Africa
1028655,Pathum Nissanka,RHB,DOWN_LEG,GOOD_LENGTH,31,29,2,15.5,106.9,Sri Lanka
8180,Shane Watson,RHB,WIDE_OUTSIDE_OFFSTUMP,GOOD_LENGTH,45,29,4,11.25,155.17,Australia
318845,Rilee Rossouw,LHB,ON_THE_STUMPS,YORKER,26,29,3,8.67,89.66,South Africa
373538,Sabbir Rahman,RHB,DOWN_LEG,GOOD_LENGTH,25,29,1,25.0,86.21,Bangladesh
931581,Rishabh Pant,LHB,WIDE_OUTSIDE_OFFSTUMP,FULL_TOSS,53,29,2,26.5,182.76,India
1217274,Sathaiya Veerapathiran,RHB,OUTSIDE_OFFSTUMP,GOOD_LENGTH,27,29,2,13.5,93.1,Bahrain
1210488,Cooper Connolly,LHB,ON_THE_STUMPS,GOOD_LENGTH,31,29,1,31.0,106.9,Australia
379504,Adam Zampa,RHB,OUTSIDE_OFFSTUMP,SHORT_OF_A_GOOD_LENGTH,17,29,2,8.5,58.62,Australia
510530,Jamie Overton,RHB,OUTSIDE_OFFSTUMP,SHORT_OF_A_GOOD_LENGTH,43,29,3,14.33,148.28,England
623636,Kamran Ghulam,RHB,OUTSIDE_OFFSTUMP,FULL,45,29,1,45.0,155.17,Pakistan
262456,Dane Vilas,RHB,ON_THE_STUMPS,FULL,40,29,2,20.0,137.93,South Africa
321777,David Miller,LHB,WIDE_OUTSIDE_OFFSTUMP,FULL_TOSS,65,29,2,32.5,224.14,South Africa
629070,Mohammad Saifuddin,LHB,OUTSIDE_OFFSTUMP,SHORT_OF_A_GOOD_LENGTH,37,29,5,7.4,127.59,Bangladesh
47850,Roelof van der Merwe,RHB,ON_THE_STUMPS,GOOD_LENGTH,25,29,2,12.5,86.21,Netherlands
270135,Ariful Haque,RHB,ON_THE_STUMPS,FULL,29,29,3,9.67,100.0,Bangladesh
248920,Devon Thomas,RHB,OUTSIDE_OFFSTUMP,SHORT,59,29,1,59.0,203.45,West Indies
1241277,Muhammad Waseem,RHB,WIDE_OUTSIDE_OFFSTUMP,GOOD_LENGTH,44,29,2,22.0,151.72,United Arab Emirates
232359,Colin Munro,LHB,OUTSIDE_OFFSTUMP,YORKER,24,28,1,24.0,85.71,New Zealand
45705,Colin Ingram,LHB,WIDE_OUTSIDE_OFFSTUMP,FULL,54,28,5,10.8,192.86,South Africa
4864,Dan Christian,RHB,OUTSIDE_OFFSTUMP,SHORT,45,28,2,22.5,160.71,Australia
1090866,Vijay Unni,RHB,ON_THE_STUMPS,GOOD_LENGTH,19,28,1,19.0,67.86,Malaysia
713195,Harry Nielsen,LHB,OUTSIDE_OFFSTUMP,SHORT_OF_A_GOOD_LENGTH,47,28,1,47.0,167.86,Australia
784367,Charith Asalanka,LHB,WIDE_OUTSIDE_OFFSTUMP,GOOD_LENGTH,36,28,3,12.0,128.57,Sri Lanka
53118,Dwayne Smith,RHB,WIDE_OUTSIDE_OFFSTUMP,FULL,53,28,7,7.57,189.29,West Indies
348109,Paul van Meekeren,RHB,OUTSIDE_OFFSTUMP,GOOD_LENGTH,22,28,3,7.33,78.57,Netherlands
56194,Tamim Iqbal,LHB,OUTSIDE_OFFSTUMP,FULL_TOSS,45,28,1,45.0,160.71,Bangladesh
550235,Tom Curran,RHB,OUTSIDE_OFFSTUMP,SHORT,61,28,2,30.5,217.86,England
372116,Temba Bavuma,RHB,ON_THE_STUMPS,SHORT_OF_A_GOOD_LENGTH,34,28,3,11.33,121.43,South Africa
267192,Steven Smith,RHB,ON_THE_STUMPS,FULL_TOSS,44,28,2,22.0,157.14,Australia
31107,Amit Mishra,RHB,ON_THE_STUMPS,GOOD_LENGTH,23,28,3,7.67,82.14,India
641387,Max Holden,LHB,ON_THE_STUMPS,GOOD_LENGTH,37,28,4,9.25,132.14,England
500267,Seb Gotch,RHB,ON_THE_STUMPS,SHORT_OF_A_GOOD_LENGTH,20,28,2,10.0,71.43,Australia
530011,Travis Head,LHB,OUTSIDE_OFFSTUMP,FULL_TOSS,49,28,1,49.0,175.0,Australia
629075,Minod Bhanuka,LHB,OUTSIDE_OFFSTUMP,SHORT_OF_A_GOOD_LENGTH,32,28,2,16.0,114.29,Sri Lanka
297628,Sam Billings,RHB,ON_THE_STUMPS,SHORT,46,28,3,15.33,164.29,England
230371,Ben Cutting,RHB,WIDE_OUTSIDE_OFFSTUMP,SHORT_OF_A_GOOD_LENGTH,22,28,5,4.4,78.57,Australia
1151288,Sai Sudharsan,LHB,ON_THE_STUMPS,SHORT,27,28,4,6.75,96.43,India
28763,Gautam Gambhir,LHB,ON_THE_STUMPS,SHORT,41,28,3,13.67,146.43,India
55395,Colin de Grandhomme,RHB,OUTSIDE_OFFSTUMP,SHORT,83,28,2,41.5,296.43,New Zealand
277472,Darren Bravo,LHB,WIDE_OUTSIDE_OFFSTUMP,FULL,40,28,3,13.33,142.86,West Indies
1126045,Nishan Madushka,RHB,ON_THE_STUMPS,GOOD_LENGTH,17,28,5,3.4,60.71,Sri Lanka
977451,Jack Prestwidge,RHB,OUTSIDE_OFFSTUMP,GOOD_LENGTH,42,28,1,42.0,150.0,Australia
230558,Sunil Narine,LHB,ON_THE_STUMPS,YORKER,18,28,7,2.57,64.29,West Indies
267192,Steven Smith,RHB,OUTSIDE_OFFSTUMP,FULL_TOSS,54,28,1,54.0,192.86,Australia
315594,Ashley Nurse,RHB,ON_THE_STUMPS,FULL,35,28,2,17.5,125.0,West Indies
230193,Matthew Wade,LHB,ON_THE_STUMPS,YORKER,15,28,2,7.5,53.57,Australia
344580,Shreyas Gopal,RHB,OUTSIDE_OFFSTUMP,SHORT_OF_A_GOOD_LENGTH,33,28,1,33.0,117.86,India
376169,Michael Neser,RHB,ON_THE_STUMPS,FULL,58,28,4,14.5,207.14,Australia
946507,Tadiwanashe Marumani,LHB,OUTSIDE_OFFSTUMP,FULL,30,28,4,7.5,107.14,Zimbabwe
437316,Dasun Shanaka,RHB,WIDE_OUTSIDE_OFFSTUMP,GOOD_LENGTH,47,28,2,23.5,167.86,Sri Lanka
623977,Agha Salman,RHB,ON_THE_STUMPS,SHORT_OF_A_GOOD_LENGTH,46,28,1,46.0,164.29,Pakistan
42657,Shoaib Malik,RHB,OUTSIDE_OFFSTUMP,YORKER,19,28,1,19.0,67.86,Pakistan
1159711,Shahbaz Ahmed,LHB,ON_THE_STUMPS,SHORT_OF_A_GOOD_LENGTH,32,28,2,16.0,114.29,India
778963,Abhinav Manohar,RHB,OUTSIDE_OFFSTUMP,FULL,46,28,1,46.0,164.29,India
391832,Roston Chase,RHB,WIDE_OUTSIDE_OFFSTUMP,FULL,46,28,2,23.0,164.29,West Indies
390481,Harshal Patel,RHB,ON_THE_STUMPS,GOOD_LENGTH,15,28,5,3.0,53.57,India
300631,Kusal Perera,LHB,DOWN_LEG,SHORT,44,28,1,44.0,157.14,Sri Lanka
1185538,Mohammad Wasim,RHB,OUTSIDE_OFFSTUMP,GOOD_LENGTH,36,28,3,12.0,128.57,Pakistan
494230,Asif Ali,RHB,ON_THE_STUMPS,FULL_TOSS,48,28,3,16.0,171.43,Pakistan
550133,Mosaddek Hossain,RHB,WIDE_OUTSIDE_OFFSTUMP,GOOD_LENGTH,22,28,4,5.5,78.57,Bangladesh
403902,Liam Livingstone,RHB,ON_THE_STUMPS,YORKER,20,28,2,10.0,71.43,England
1058924,Nasrulla Rana,RHB,OUTSIDE_OFFSTUMP,GOOD_LENGTH,16,28,2,8.0,57.14,Hong Kong
1212829,Ali Naseer,LHB,ON_THE_STUMPS,GOOD_LENGTH,30,28,2,15.0,107.14,United Arab Emirates
328026,Isuru Udana,RHB,ON_THE_STUMPS,FULL,49,28,2,24.5,175.0,Sri Lanka
1194744,Shevon Daniel,LHB,ON_THE_STUMPS,SHORT_OF_A_GOOD_LENGTH,37,28,1,37.0,132.14,Sri Lanka
681117,Faheem Ashraf,LHB,DOWN_LEG,GOOD_LENGTH,25,28,1,25.0,89.29,Pakistan
820351,Rovman Powell,RHB,ON_THE_STUMPS,YORKER,18,28,3,6.0,64.29,West Indies
681117,Faheem Ashraf,LHB,OUTSIDE_OFFSTUMP,SHORT,33,28,5,6.6,117.86,Pakistan
1027867,Lasith Croospulle,RHB,OUTSIDE_OFFSTUMP,SHORT_OF_A_GOOD_LENGTH,27,28,3,9.0,96.43,Sri Lanka
333800,Lachlan Pfeffer,LHB,OUTSIDE_OFFSTUMP,GOOD_LENGTH,33,28,1,33.0,117.86,Australia
1060380,Ruturaj Gaikwad,RHB,ON_THE_STUMPS,SHORT,103,28,2,51.5,367.86,India
693975,Sahan Arachchige,LHB,OUTSIDE_OFFSTUMP,GOOD_LENGTH,27,28,3,9.0,96.43,Sri Lanka
1129633,Max Chu,LHB,ON_THE_STUMPS,GOOD_LENGTH,37,28,3,12.33,132.14,New Zealand
787987,Marnus Labuschagne,RHB,OUTSIDE_OFFSTUMP,FULL,27,28,3,9.0,96.43,Australia
625964,Tim Seifert,RHB,ON_THE_STUMPS,SHORT,68,28,1,68.0,242.86,New Zealand
670035,Brandon King,RHB,ON_THE_STUMPS,FULL_TOSS,42,28,1,42.0,150.0,West Indies
410765,Nurul Hasan,RHB,WIDE_OUTSIDE_OFFSTUMP,FULL,49,28,3,16.33,175.0,Bangladesh
410765,Nurul Hasan,RHB,OUTSIDE_OFFSTUMP,SHORT,39,28,5,7.8,139.29,Bangladesh
35582,Robin Uthappa,RHB,WIDE_OUTSIDE_OFFSTUMP,FULL,57,28,2,28.5,203.57,India
280734,Imrul Kayes,LHB,DOWN_LEG,SHORT_OF_A_GOOD_LENGTH,42,28,2,21.0,150.0,Bangladesh
670035,Brandon King,RHB,DOWN_LEG,SHORT_OF_A_GOOD_LENGTH,32,28,1,32.0,114.29,West Indies
355266,Craig Cachopa,RHB,OUTSIDE_OFFSTUMP,GOOD_LENGTH,31,28,3,10.33,110.71,New Zealand
360456,Asela Gunaratne,RHB,OUTSIDE_OFFSTUMP,FULL,42,28,2,21.0,150.0,Sri Lanka
669365,Phil Salt,RHB,ON_THE_STUMPS,SHORT,83,28,3,27.67,296.43,England
403902,Liam Livingstone,RHB,WIDE_OUTSIDE_OFFSTUMP,SHORT_OF_A_GOOD_LENGTH,19,28,2,9.5,67.86,England
669365,Phil Salt,RHB,DOWN_LEG,GOOD_LENGTH,29,28,2,14.5,103.57,England
600498,Aiden Markram,RHB,DOWN_LEG,FULL,53,28,1,53.0,189.29,South Africa
625964,Tim Seifert,RHB,ON_THE_STUMPS,FULL_TOSS,46,28,2,23.0,164.29,New Zealand
337790,Rassie van der Dussen,RHB,WIDE_OUTSIDE_OFFSTUMP,SHORT_OF_A_GOOD_LENGTH,31,28,2,15.5,110.71,South Africa
596375,Tarisai Musakanda,RHB,OUTSIDE_OFFSTUMP,SHORT_OF_A_GOOD_LENGTH,25,28,2,12.5,89.29,Zimbabwe
44956,Grant Elliott,RHB,ON_THE_STUMPS,GOOD_LENGTH,25,28,1,25.0,89.29,New Zealand
1064812,Rahul Chahar,RHB,OUTSIDE_OFFSTUMP,SHORT_OF_A_GOOD_LENGTH,23,28,2,11.5,82.14,India
50747,Upul Tharanga,LHB,ON_THE_STUMPS,FULL,32,28,2,16.0,114.29,Sri Lanka
604527,Nitish Rana,LHB,ON_THE_STUMPS,YORKER,21,28,2,10.5,75.0,India
438563,Mark Chapman,LHB,DOWN_LEG,SHORT_OF_A_GOOD_LENGTH,46,28,1,46.0,164.29,New Zealand
625964,Tim Seifert,RHB,WIDE_OUTSIDE_OFFSTUMP,SHORT_OF_A_GOOD_LENGTH,48,28,3,16.0,171.43,New Zealand
1088610,Jack Edwards,RHB,ON_THE_STUMPS,SHORT_OF_A_GOOD_LENGTH,32,28,2,16.0,114.29,Australia
290630,Manish Pandey,RHB,DOWN_LEG,GOOD_LENGTH,33,28,1,33.0,117.86,India
227760,Sarfaraz Ahmed,RHB,WIDE_OUTSIDE_OFFSTUMP,GOOD_LENGTH,18,28,1,18.0,64.29,Pakistan
424377,Krishnappa Gowtham,RHB,OUTSIDE_OFFSTUMP,FULL,48,28,3,16.0,171.43,India
647785,Sahibzada Farhan,RHB,OUTSIDE_OFFSTUMP,FULL,52,28,3,17.33,185.71,Pakistan
1119026,Devdutt Padikkal,LHB,ON_THE_STUMPS,SHORT,18,28,5,3.6,64.29,India
52983,Marlon Samuels,RHB,WIDE_OUTSIDE_OFFSTUMP,GOOD_LENGTH,19,28,2,9.5,67.86,West Indies
227762,Sharjeel Khan,LHB,DOWN_LEG,SHORT_OF_A_GOOD_LENGTH,45,28,2,22.5,160.71,Pakistan
1175488,Dhruv Jurel,RHB,OUTSIDE_OFFSTUMP,FULL,51,28,2,25.5,182.14,India
914625,Jack Boyle,RHB,OUTSIDE_OFFSTUMP,GOOD_LENGTH,24,28,4,6.0,85.71,New Zealand
826901,Daniel Sams,RHB,OUTSIDE_OFFSTUMP,FULL_TOSS,44,28,2,22.0,157.14,Australia
56025,Mahmudullah,RHB,ON_THE_STUMPS,SHORT,49,28,3,16.33,175.0,Bangladesh
1088608,Max Bryant,RHB,OUTSIDE_OFFSTUMP,SHORT,59,28,2,29.5,210.71,Australia
459508,Andrew Tye,RHB,OUTSIDE_OFFSTUMP,SHORT_OF_A_GOOD_LENGTH,22,28,4,5.5,78.57,Australia
290630,Manish Pandey,RHB,ON_THE_STUMPS,FULL_TOSS,49,28,2,24.5,175.0,India
489889,Pat Cummins,RHB,OUTSIDE_OFFSTUMP,SHORT,41,28,4,10.25,146.43,Australia
32102,Naman Ojha,RHB,ON_THE_STUMPS,FULL,41,28,4,10.25,146.43,India
557295,Hilton Cartwright,RHB,WIDE_OUTSIDE_OFFSTUMP,FULL,46,27,1,46.0,170.37,Australia
500268,Ashton Turner,RHB,DOWN_LEG,SHORT_OF_A_GOOD_LENGTH,35,27,1,35.0,129.63,Australia
959759,Finn Allen,RHB,OUTSIDE_OFFSTUMP,SHORT,51,27,2,25.5,188.89,New Zealand
784369,Avishka Fernando,RHB,OUTSIDE_OFFSTUMP,SHORT,50,27,3,16.67,185.19,Sri Lanka
1076382,Mackenzie Harvey,LHB,ON_THE_STUMPS,FULL,41,27,3,13.67,151.85,Australia
530015,William Bosisto,RHB,OUTSIDE_OFFSTUMP,GOOD_LENGTH,22,27,1,22.0,81.48,Australia
959767,Rachin Ravindra,LHB,OUTSIDE_OFFSTUMP,FULL,31,27,3,10.33,114.81,New Zealand
1072470,Shaheen Shah Afridi,LHB,ON_THE_STUMPS,FULL,33,27,5,6.6,122.22,Pakistan
559235,Kuldeep Yadav,LHB,OUTSIDE_OFFSTUMP,SHORT_OF_A_GOOD_LENGTH,24,27,2,12.0,88.89,India
1076382,Mackenzie Harvey,LHB,OUTSIDE_OFFSTUMP,FULL,44,27,1,44.0,162.96,Australia
32540,Cheteshwar Pujara,RHB,ON_THE_STUMPS,GOOD_LENGTH,31,27,2,15.5,114.81,India
959767,Rachin Ravindra,LHB,ON_THE_STUMPS,SHORT_OF_A_GOOD_LENGTH,35,27,1,35.0,129.63,New Zealand
853265,Mahipal Lomror,LHB,ON_THE_STUMPS,SHORT_OF_A_GOOD_LENGTH,41,27,2,20.5,151.85,India
1151278,Yashasvi Jaiswal,LHB,ON_THE_STUMPS,SHORT,61,27,3,20.33,225.93,India
55787,Vusi Sibanda,RHB,OUTSIDE_OFFSTUMP,SHORT_OF_A_GOOD_LENGTH,21,27,1,21.0,77.78,Zimbabwe
868003,Syed Aziz,LHB,OUTSIDE_OFFSTUMP,GOOD_LENGTH,22,27,3,7.33,81.48,Malaysia
974087,Rahmanullah Gurbaz,RHB,DOWN_LEG,FULL,24,27,1,24.0,88.89,Afghanistan
379143,Quinton de Kock,LHB,WIDE_OUTSIDE_OFFSTUMP,FULL_TOSS,40,27,2,20.0,148.15,South Africa
974087,Rahmanullah Gurbaz,RHB,ON_THE_STUMPS,SHORT,58,27,3,19.33,214.81,Afghanistan
32242,Parthiv Patel,LHB,OUTSIDE_OFFSTUMP,SHORT,61,27,2,30.5,225.93,India
781285,Jake Weatherald,LHB,OUTSIDE_OFFSTUMP,SHORT,30,27,2,15.0,111.11,Australia
32498,Yusuf Pathan,RHB,OUTSIDE_OFFSTUMP,FULL_TOSS,40,27,1,40.0,148.15,India
778963,Abhinav Manohar,RHB,ON_THE_STUMPS,GOOD_LENGTH,31,27,3,10.33,114.81,India
41378,Misbah-ul-Haq,RHB,ON_THE_STUMPS,GOOD_LENGTH,28,27,1,28.0,103.7,Pakistan
1149157,Chris Benjamin,RHB,OUTSIDE_OFFSTUMP,GOOD_LENGTH,34,27,4,8.5,125.93,England
355269,James Neesham,LHB,OUTSIDE_OFFSTUMP,SHORT,39,27,4,9.75,144.44,New Zealand
298438,Jason Roy,RHB,ON_THE_STUMPS,YORKER,14,27,2,7.0,51.85,England
1241277,Muhammad Waseem,RHB,OUTSIDE_OFFSTUMP,SHORT,50,27,1,50.0,185.19,United Arab Emirates
1175488,Dhruv Jurel,RHB,OUTSIDE_OFFSTUMP,GOOD_LENGTH,19,27,1,19.0,70.37,India
362603,Shafiqullah,RHB,OUTSIDE_OFFSTUMP,FULL,42,27,5,8.4,155.56,Afghanistan
995037,Mahidul Islam Ankon,RHB,OUTSIDE_OFFSTUMP,FULL,40,27,3,13.33,148.15,Bangladesh
604527,Nitish Rana,LHB,ON_THE_STUMPS,FULL_TOSS,58,27,1,58.0,214.81,India
398438,Mayank Agarwal,RHB,ON_THE_STUMPS,SHORT,62,27,3,20.67,229.63,India
914541,Sherfane Rutherford,LHB,OUTSIDE_OFFSTUMP,FULL_TOSS,54,27,1,54.0,200.0,West Indies
604527,Nitish Rana,LHB,OUTSIDE_OFFSTUMP,FULL_TOSS,42,27,3,14.0,155.56,India
604527,Nitish Rana,LHB,WIDE_OUTSIDE_OFFSTUMP,GOOD_LENGTH,41,27,3,13.67,151.85,India
707113,Tom Bruce,RHB,OUTSIDE_OFFSTUMP,SHORT,49,27,1,49.0,181.48,New Zealand
265564,Wayne Parnell,LHB,DOWN_LEG,GOOD_LENGTH,22,27,1,22.0,81.48,South Africa
296597,James Vince,RHB,ON_THE_STUMPS,FULL_TOSS,43,27,3,14.33,159.26,England
642525,Sarfaraz Khan,RHB,ON_THE_STUMPS,SHORT_OF_A_GOOD_LENGTH,22,27,2,11.0,81.48,India
232364,Tim Southee,RHB,OUTSIDE_OFFSTUMP,SHORT_OF_A_GOOD_LENGTH,33,27,3,11.0,122.22,New Zealand
595004,Kyle Verreynne,RHB,ON_THE_STUMPS,FULL,31,27,2,15.5,114.81,South Africa
362541,Doug Bracewell,RHB,OUTSIDE_OFFSTUMP,FULL,61,27,4,15.25,225.93,New Zealand
436757,Heinrich Klaasen,RHB,WIDE_OUTSIDE_OFFSTUMP,SHORT_OF_A_GOOD_LENGTH,42,27,1,42.0,155.56,South Africa
325026,Glenn Maxwell,RHB,DOWN_LEG,FULL_TOSS,67,27,1,67.0,248.15,Australia
355269,James Neesham,LHB,DOWN_LEG,SHORT_OF_A_GOOD_LENGTH,42,27,1,42.0,155.56,New Zealand
1205559,Mohammad Haris,RHB,WIDE_OUTSIDE_OFFSTUMP,GOOD_LENGTH,48,27,2,24.0,177.78,Pakistan
237696,Sheldon Jackson,RHB,OUTSIDE_OFFSTUMP,GOOD_LENGTH,19,27,1,19.0,70.37,India
596664,Zane Green,LHB,ON_THE_STUMPS,GOOD_LENGTH,15,27,3,5.0,55.56,Namibia
236489,Dawid Malan,LHB,WIDE_OUTSIDE_OFFSTUMP,FULL,47,27,3,15.67,174.07,England
1210488,Cooper Connolly,LHB,ON_THE_STUMPS,SHORT_OF_A_GOOD_LENGTH,43,27,1,43.0,159.26,Australia
317273,Umar Akmal,RHB,ON_THE_STUMPS,FULL,24,27,3,8.0,88.89,Pakistan
516039,Alex Davies,RHB,ON_THE_STUMPS,GOOD_LENGTH,28,27,2,14.0,103.7,England
422593,Daniel Bell-Drummond,RHB,ON_THE_STUMPS,GOOD_LENGTH,25,27,3,8.33,92.59,England
326434,Alex Carey,LHB,OUTSIDE_OFFSTUMP,FULL_TOSS,51,27,1,51.0,188.89,Australia
526021,Cole McConchie,RHB,OUTSIDE_OFFSTUMP,FULL,39,27,2,19.5,144.44,New Zealand
716733,Khushdil Shah,LHB,ON_THE_STUMPS,YORKER,17,27,3,5.67,62.96,Pakistan
530011,Travis Head,LHB,ON_THE_STUMPS,SHORT,52,27,2,26.0,192.59,Australia
230558,Sunil Narine,LHB,WIDE_OUTSIDE_OFFSTUMP,GOOD_LENGTH,32,27,2,16.0,118.52,West Indies
1159711,Shahbaz Ahmed,LHB,ON_THE_STUMPS,FULL,29,27,4,7.25,107.41,India
1292495,Angkrish Raghuvanshi,RHB,ON_THE_STUMPS,GOOD_LENGTH,41,27,1,41.0,151.85,India
315586,Chadwick Walton,RHB,ON_THE_STUMPS,FULL_TOSS,63,27,2,31.5,233.33,West Indies
1294141,Aryansh Sharma,RHB,OUTSIDE_OFFSTUMP,SHORT_OF_A_GOOD_LENGTH,36,27,3,12.0,133.33,United Arab Emirates
629074,Kusal Mendis,RHB,DOWN_LEG,SHORT_OF_A_GOOD_LENGTH,32,27,1,32.0,118.52,Sri Lanka
1158088,Naseem Shah,RHB,OUTSIDE_OFFSTUMP,GOOD_LENGTH,18,27,3,6.0,66.67,Pakistan
629070,Mohammad Saifuddin,LHB,ON_THE_STUMPS,FULL,43,27,2,21.5,159.26,Bangladesh
568276,Imam-ul-Haq,LHB,ON_THE_STUMPS,SHORT_OF_A_GOOD_LENGTH,24,27,3,8.0,88.89,Pakistan
897549,Will Jacks,RHB,WIDE_OUTSIDE_OFFSTUMP,FULL,46,27,2,23.0,170.37,England
345825,Chaturanga de Silva,LHB,OUTSIDE_OFFSTUMP,SHORT_OF_A_GOOD_LENGTH,21,27,3,7.0,77.78,Sri Lanka
297498,Ian Cockbain,RHB,ON_THE_STUMPS,GOOD_LENGTH,27,27,1,27.0,100.0,England
1209196,Kirk McKenzie,LHB,ON_THE_STUMPS,GOOD_LENGTH,9,27,2,4.5,33.33,West Indies
232364,Tim Southee,RHB,ON_THE_STUMPS,GOOD_LENGTH,26,27,2,13.0,96.3,New Zealand
716733,Khushdil Shah,LHB,OUTSIDE_OFFSTUMP,SHORT,50,27,1,50.0,185.19,Pakistan
526441,Mark Adair,RHB,ON_THE_STUMPS,GOOD_LENGTH,17,27,4,4.25,62.96,Ireland
431901,Evin Lewis,LHB,WIDE_OUTSIDE_OFFSTUMP,GOOD_LENGTH,26,27,2,13.0,96.3,West Indies
315586,Chadwick Walton,RHB,WIDE_OUTSIDE_OFFSTUMP,GOOD_LENGTH,38,27,1,38.0,140.74,West Indies
1070183,Abhishek Sharma,LHB,ON_THE_STUMPS,SHORT,73,27,2,36.5,270.37,India
49764,Angelo Mathews,RHB,WIDE_OUTSIDE_OFFSTUMP,SHORT_OF_A_GOOD_LENGTH,27,27,1,27.0,100.0,Sri Lanka
720471,Ishan Kishan,LHB,WIDE_OUTSIDE_OFFSTUMP,GOOD_LENGTH,34,27,2,17.0,125.93,India
633445,Hisham Shaikh,RHB,ON_THE_STUMPS,GOOD_LENGTH,24,27,2,12.0,88.89,Saudi Arabia
373538,Sabbir Rahman,RHB,WIDE_OUTSIDE_OFFSTUMP,GOOD_LENGTH,34,27,1,34.0,125.93,Bangladesh
909225,Paul Walter,LHB,ON_THE_STUMPS,FULL,41,27,3,13.67,151.85,England
348133,Steven Taylor,LHB,OUTSIDE_OFFSTUMP,GOOD_LENGTH,43,27,2,21.5,159.26,United States of America
276298,Andre Russell,RHB,DOWN_LEG,FULL_TOSS,61,27,1,61.0,225.93,West Indies
36581,Neil Broom,RHB,ON_THE_STUMPS,GOOD_LENGTH,30,27,4,7.5,111.11,New Zealand
1099379,Gareth Delany,RHB,ON_THE_STUMPS,SHORT_OF_A_GOOD_LENGTH,40,27,2,20.0,148.15,Ireland
1076722,Will Sutherland,RHB,OUTSIDE_OFFSTUMP,SHORT_OF_A_GOOD_LENGTH,29,27,1,29.0,107.41,Australia
820681,Amir Jangoo,LHB,ON_THE_STUMPS,SHORT_OF_A_GOOD_LENGTH,10,27,3,3.33,37.04,West Indies
540316,Andile Phehlukwayo,LHB,OUTSIDE_OFFSTUMP,FULL,32,27,3,10.67,118.52,South Africa
56194,Tamim Iqbal,LHB,ON_THE_STUMPS,FULL_TOSS,34,27,1,34.0,125.93,Bangladesh
1123073,Anuj Rawat,LHB,OUTSIDE_OFFSTUMP,FULL,27,27,4,6.75,100.0,India
446507,Suryakumar Yadav,RHB,DOWN_LEG,SHORT_OF_A_GOOD_LENGTH,47,27,1,47.0,174.07,India
823509,Glenn Phillips,RHB,ON_THE_STUMPS,SHORT,52,27,3,17.33,192.59,New Zealand
303427,Paul Stirling,RHB,DOWN_LEG,SHORT_OF_A_GOOD_LENGTH,41,27,3,13.67,151.85,Ireland
547756,Brett Hampton,RHB,ON_THE_STUMPS,GOOD_LENGTH,25,27,3,8.33,92.59,New Zealand
793467,Karim Janat,RHB,ON_THE_STUMPS,SHORT_OF_A_GOOD_LENGTH,30,27,5,6.0,111.11,Afghanistan
444970,Jimmy Peirson,RHB,ON_THE_STUMPS,SHORT,55,27,1,55.0,203.7,Australia
37737,Brendon McCullum,RHB,WIDE_OUTSIDE_OFFSTUMP,SHORT_OF_A_GOOD_LENGTH,52,27,1,52.0,192.59,New Zealand
826869,Shivam Chaudhary,RHB,ON_THE_STUMPS,GOOD_LENGTH,24,27,2,12.0,88.89,India
1088608,Max Bryant,RHB,DOWN_LEG,GOOD_LENGTH,27,27,2,13.5,100.0,Australia
221140,David Wiese,RHB,OUTSIDE_OFFSTUMP,FULL_TOSS,62,27,2,31.0,229.63,Namibia
56167,Ziaur Rahman,RHB,OUTSIDE_OFFSTUMP,SHORT_OF_A_GOOD_LENGTH,41,27,4,10.25,151.85,Bangladesh
538506,Taskin Ahmed,LHB,ON_THE_STUMPS,FULL,19,27,2,9.5,70.37,Bangladesh
304735,Dilshan Munaweera,RHB,ON_THE_STUMPS,SHORT_OF_A_GOOD_LENGTH,33,27,2,16.5,122.22,Sri Lanka
56154,Shamsur Rahman,RHB,OUTSIDE_OFFSTUMP,SHORT_OF_A_GOOD_LENGTH,21,27,2,10.5,77.78,Bangladesh
446763,Rahul Tripathi,RHB,ON_THE_STUMPS,SHORT,51,27,1,51.0,188.89,India
230371,Ben Cutting,RHB,ON_THE_STUMPS,YORKER,22,26,7,3.14,84.62,Australia
447458,Swapnil Patil,RHB,ON_THE_STUMPS,GOOD_LENGTH,18,26,3,6.0,69.23,United Arab Emirates
474760,Chundangapoyil Rizwan,RHB,ON_THE_STUMPS,FULL,12,26,2,6.0,46.15,United Arab Emirates
227762,Sharjeel Khan,LHB,DOWN_LEG,GOOD_LENGTH,19,26,1,19.0,73.08,Pakistan
390484,Jaydev Unadkat,RHB,OUTSIDE_OFFSTUMP,FULL,31,26,2,15.5,119.23,India
494230,Asif Ali,RHB,ON_THE_STUMPS,YORKER,12,26,5,2.4,46.15,Pakistan
530811,Chandrapaul Hemraj,LHB,DOWN_LEG,GOOD_LENGTH,24,26,1,24.0,92.31,West Indies
629075,Minod Bhanuka,LHB,ON_THE_STUMPS,GOOD_LENGTH,22,26,4,5.5,84.62,Sri Lanka
669365,Phil Salt,RHB,WIDE_OUTSIDE_OFFSTUMP,SHORT_OF_A_GOOD_LENGTH,38,26,1,38.0,146.15,England
1138316,Maheesh Theekshana,RHB,ON_THE_STUMPS,GOOD_LENGTH,8,26,4,2.0,30.77,Sri Lanka
333624,Alex Ross,RHB,ON_THE_STUMPS,SHORT,41,26,3,13.67,157.69,Australia
337790,Rassie van der Dussen,RHB,ON_THE_STUMPS,FULL_TOSS,46,26,2,23.0,176.92,South Africa
46543,Wayne Madsen,RHB,OUTSIDE_OFFSTUMP,SHORT_OF_A_GOOD_LENGTH,36,26,1,36.0,138.46,Italy
461281,Preston Mommsen,RHB,OUTSIDE_OFFSTUMP,GOOD_LENGTH,36,26,1,36.0,138.46,Scotland
1171647,Avneesh Sudha,RHB,OUTSIDE_OFFSTUMP,GOOD_LENGTH,15,26,1,15.0,57.69,India
251721,Adam Lyth,LHB,OUTSIDE_OFFSTUMP,FULL,60,26,3,20.0,230.77,England
1072470,Shaheen Shah Afridi,LHB,OUTSIDE_OFFSTUMP,SHORT_OF_A_GOOD_LENGTH,28,26,3,9.33,107.69,Pakistan
906749,Dominic Drakes,LHB,ON_THE_STUMPS,SHORT_OF_A_GOOD_LENGTH,32,26,2,16.0,123.08,West Indies
43266,Sohaib Maqsood,RHB,WIDE_OUTSIDE_OFFSTUMP,GOOD_LENGTH,41,26,2,20.5,157.69,Pakistan
1185538,Mohammad Wasim,RHB,OUTSIDE_OFFSTUMP,SHORT_OF_A_GOOD_LENGTH,20,26,2,10.0,76.92,Pakistan
446763,Rahul Tripathi,RHB,DOWN_LEG,GOOD_LENGTH,28,26,3,9.33,107.69,India
232491,Anwar Ali,RHB,OUTSIDE_OFFSTUMP,FULL,46,26,3,15.33,176.92,Pakistan
1209272,Adnan Mirza,RHB,OUTSIDE_OFFSTUMP,GOOD_LENGTH,20,26,1,20.0,76.92,Qatar
1161031,Saim Ayub,LHB,ON_THE_STUMPS,SHORT,58,26,3,19.33,223.08,Pakistan
326968,Michael Bracewell,LHB,ON_THE_STUMPS,SHORT_OF_A_GOOD_LENGTH,30,26,1,30.0,115.38,New Zealand
381743,Daryl Mitchell,RHB,DOWN_LEG,GOOD_LENGTH,30,26,1,30.0,115.38,New Zealand
326434,Alex Carey,LHB,OUTSIDE_OFFSTUMP,SHORT,56,26,1,56.0,215.38,Australia
926651,Joshua Ozukum,RHB,OUTSIDE_OFFSTUMP,GOOD_LENGTH,20,26,2,10.0,76.92,India
38699,Ross Taylor,RHB,ON_THE_STUMPS,FULL_TOSS,47,26,3,15.67,180.77,New Zealand
1070665,Dewald Brevis,RHB,OUTSIDE_OFFSTUMP,SHORT,47,26,2,23.5,180.77,South Africa
55354,Chamu Chibhabha,RHB,ON_THE_STUMPS,GOOD_LENGTH,12,26,4,3.0,46.15,Zimbabwe
552152,Dushmantha Chameera,RHB,ON_THE_STUMPS,GOOD_LENGTH,15,26,4,3.75,57.69,Sri Lanka
28081,MS Dhoni,RHB,ON_THE_STUMPS,YORKER,33,26,1,33.0,126.92,India
345825,Chaturanga de Silva,LHB,OUTSIDE_OFFSTUMP,FULL,22,26,6,3.67,84.62,Sri Lanka
314743,Shykat Ali,RHB,OUTSIDE_OFFSTUMP,SHORT_OF_A_GOOD_LENGTH,27,26,1,27.0,103.85,Bangladesh
697059,Zakir Hasan,LHB,ON_THE_STUMPS,SHORT_OF_A_GOOD_LENGTH,37,26,3,12.33,142.31,Bangladesh
270484,James Faulkner,RHB,ON_THE_STUMPS,FULL_TOSS,41,26,2,20.5,157.69,Australia
779929,Nick Hobson,LHB,OUTSIDE_OFFSTUMP,SHORT_OF_A_GOOD_LENGTH,33,26,1,33.0,126.92,Australia
784379,Wanindu Hasaranga,RHB,OUTSIDE_OFFSTUMP,FULL,41,26,1,41.0,157.69,Sri Lanka
36084,Yuvraj Singh,LHB,DOWN_LEG,SHORT,37,26,5,7.4,142.31,India
41028,Kamran Akmal,RHB,DOWN_LEG,FULL,34,26,1,34.0,130.77,Pakistan
451782,James Fuller,RHB,ON_THE_STUMPS,GOOD_LENGTH,27,26,3,9.0,103.85,England
625964,Tim Seifert,RHB,WIDE_OUTSIDE_OFFSTUMP,GOOD_LENGTH,24,26,3,8.0,92.31,New Zealand
833087,Mahedi Hasan,RHB,OUTSIDE_OFFSTUMP,SHORT,54,26,5,10.8,207.69,Bangladesh
1151273,Nehal Wadhera,LHB,OUTSIDE_OFFSTUMP,FULL,55,26,1,55.0,211.54,India
719719,M Shahrukh Khan,RHB,OUTSIDE_OFFSTUMP,SHORT,56,26,2,28.0,215.38,India
55814,Brendan Taylor,RHB,OUTSIDE_OFFSTUMP,FULL,39,26,2,19.5,150.0,Zimbabwe
446499,Unmukt Chand,RHB,ON_THE_STUMPS,FULL,20,26,1,20.0,76.92,United States of America
44932,Jean-Paul Duminy,LHB,DOWN_LEG,SHORT_OF_A_GOOD_LENGTH,26,26,2,13.0,100.0,South Africa
30045,Dinesh Karthik,RHB,DOWN_LEG,FULL,38,26,2,19.0,146.15,India
333904,Aditya Tare,RHB,OUTSIDE_OFFSTUMP,GOOD_LENGTH,36,26,3,12.0,138.46,India
45705,Colin Ingram,LHB,ON_THE_STUMPS,SHORT,39,26,5,7.8,150.0,South Africa
1151273,Nehal Wadhera,LHB,ON_THE_STUMPS,SHORT_OF_A_GOOD_LENGTH,43,26,3,14.33,165.38,India
265564,Wayne Parnell,LHB,ON_THE_STUMPS,SHORT_OF_A_GOOD_LENGTH,19,26,2,9.5,73.08,South Africa
820691,Odean Smith,RHB,ON_THE_STUMPS,SHORT_OF_A_GOOD_LENGTH,34,26,3,11.33,130.77,West Indies
524049,Najibullah Zadran,LHB,OUTSIDE_OFFSTUMP,FULL_TOSS,53,26,1,53.0,203.85,Afghanistan
47850,Roelof van der Merwe,RHB,ON_THE_STUMPS,FULL,32,26,2,16.0,123.08,Netherlands
429754,Niroshan Dickwella,LHB,DOWN_LEG,SHORT_OF_A_GOOD_LENGTH,38,26,2,19.0,146.15,Sri Lanka
681305,Hasan Ali,RHB,ON_THE_STUMPS,GOOD_LENGTH,31,26,2,15.5,119.23,Pakistan
1175485,Abdul Samad,RHB,OUTSIDE_OFFSTUMP,SHORT,61,26,2,30.5,234.62,India
233680,Jonathan Wells,RHB,ON_THE_STUMPS,FULL_TOSS,46,26,2,23.0,176.92,Australia
398438,Mayank Agarwal,RHB,DOWN_LEG,SHORT_OF_A_GOOD_LENGTH,31,26,1,31.0,119.23,India
1076722,Will Sutherland,RHB,ON_THE_STUMPS,FULL,44,26,5,8.8,169.23,Australia
446507,Suryakumar Yadav,RHB,OUTSIDE_OFFSTUMP,YORKER,24,26,1,24.0,92.31,India
348146,Ahsan Ali,RHB,ON_THE_STUMPS,FULL,36,26,3,12.0,138.46,Pakistan
529436,Srikar Bharat,RHB,OUTSIDE_OFFSTUMP,FULL,28,26,2,14.0,107.69,India
555853,Mark Steketee,RHB,ON_THE_STUMPS,GOOD_LENGTH,24,26,2,12.0,92.31,Australia
625371,Hardik Pandya,RHB,WIDE_OUTSIDE_OFFSTUMP,FULL_TOSS,77,26,1,77.0,296.15,India
398439,Karun Nair,RHB,ON_THE_STUMPS,SHORT,34,26,2,17.0,130.77,India
1028655,Pathum Nissanka,RHB,WIDE_OUTSIDE_OFFSTUMP,GOOD_LENGTH,29,26,5,5.8,111.54,Sri Lanka
277911,George Worker,LHB,OUTSIDE_OFFSTUMP,FULL,32,26,1,32.0,123.08,New Zealand
670013,Fabian Allen,RHB,WIDE_OUTSIDE_OFFSTUMP,FULL,71,26,3,23.67,273.08,West Indies
422965,Shehan Jayasuriya,LHB,ON_THE_STUMPS,SHORT_OF_A_GOOD_LENGTH,25,26,1,25.0,96.15,United States of America
475281,Shardul Thakur,RHB,OUTSIDE_OFFSTUMP,FULL,30,26,4,7.5,115.38,India
510530,Jamie Overton,RHB,ON_THE_STUMPS,GOOD_LENGTH,35,26,1,35.0,134.62,England
391485,Jason Holder,RHB,DOWN_LEG,GOOD_LENGTH,22,26,3,7.33,84.62,West Indies
436677,Soumya Sarkar,LHB,DOWN_LEG,SHORT,37,26,3,12.33,142.31,Bangladesh
824159,Tayyab Tahir,RHB,OUTSIDE_OFFSTUMP,SHORT_OF_A_GOOD_LENGTH,28,26,1,28.0,107.69,Pakistan
623977,Agha Salman,RHB,OUTSIDE_OFFSTUMP,FULL,44,26,1,44.0,169.23,Pakistan
379890,Chad Bowes,RHB,ON_THE_STUMPS,SHORT_OF_A_GOOD_LENGTH,30,26,2,15.0,115.38,New Zealand
528332,Nikhil Gangta,RHB,OUTSIDE_OFFSTUMP,GOOD_LENGTH,24,26,2,12.0,92.31,India
262456,Dane Vilas,RHB,OUTSIDE_OFFSTUMP,SHORT_OF_A_GOOD_LENGTH,33,26,1,33.0,126.92,South Africa
581379,Shai Hope,RHB,DOWN_LEG,SHORT_OF_A_GOOD_LENGTH,30,26,2,15.0,115.38,West Indies
595267,Matthew Breetzke,RHB,ON_THE_STUMPS,SHORT_OF_A_GOOD_LENGTH,27,26,2,13.5,103.85,South Africa
24598,Eoin Morgan,LHB,ON_THE_STUMPS,FULL_TOSS,53,26,3,17.67,203.85,England
549947,Al-Amin,RHB,ON_THE_STUMPS,GOOD_LENGTH,34,26,1,34.0,130.77,Bangladesh
902447,Dale Phillips,RHB,OUTSIDE_OFFSTUMP,GOOD_LENGTH,15,26,3,5.0,57.69,New Zealand
45705,Colin Ingram,LHB,OUTSIDE_OFFSTUMP,SHORT,50,26,2,25.0,192.31,South Africa
1246518,Karan Sharma,RHB,ON_THE_STUMPS,FULL,32,26,1,32.0,123.08,India
1074333,Nuwanidu Fernando,RHB,ON_THE_STUMPS,FULL,30,26,1,30.0,115.38,Sri Lanka
398666,Sean Abbott,RHB,OUTSIDE_OFFSTUMP,FULL,31,26,2,15.5,119.23,Australia
902447,Dale Phillips,RHB,ON_THE_STUMPS,GOOD_LENGTH,21,26,2,10.5,80.77,New Zealand
279810,Wriddhiman Saha,RHB,WIDE_OUTSIDE_OFFSTUMP,SHORT_OF_A_GOOD_LENGTH,22,26,2,11.0,84.62,India
826901,Daniel Sams,RHB,WIDE_OUTSIDE_OFFSTUMP,FULL,48,26,3,16.0,184.62,Australia
1126059,Omair Yousuf,RHB,OUTSIDE_OFFSTUMP,GOOD_LENGTH,26,26,3,8.67,100.0,Pakistan
819429,Azmatullah Omarzai,RHB,ON_THE_STUMPS,SHORT_OF_A_GOOD_LENGTH,33,26,1,33.0,126.92,Afghanistan
1078692,Alick Athanaze,LHB,ON_THE_STUMPS,GOOD_LENGTH,15,25,1,15.0,60.0,West Indies
603410,Ben McDermott,RHB,WIDE_OUTSIDE_OFFSTUMP,GOOD_LENGTH,31,25,2,15.5,124.0,Australia
267192,Steven Smith,RHB,ON_THE_STUMPS,YORKER,23,25,3,7.67,92.0,Australia
940973,Mohammed Siraj,RHB,OUTSIDE_OFFSTUMP,GOOD_LENGTH,14,25,2,7.0,56.0,India
955093,Bikramkumar Das,LHB,ON_THE_STUMPS,FULL,36,25,2,18.0,144.0,India
333624,Alex Ross,RHB,WIDE_OUTSIDE_OFFSTUMP,GOOD_LENGTH,11,25,1,11.0,44.0,Australia
7502,Luke Ronchi,RHB,DOWN_LEG,GOOD_LENGTH,43,25,1,43.0,172.0,New Zealand
391485,Jason Holder,RHB,WIDE_OUTSIDE_OFFSTUMP,GOOD_LENGTH,33,25,5,6.6,132.0,West Indies
51439,Dwayne Bravo,RHB,ON_THE_STUMPS,YORKER,20,25,1,20.0,80.0,West Indies
494230,Asif Ali,RHB,ON_THE_STUMPS,SHORT,45,25,1,45.0,180.0,Pakistan
772293,Michael Pepper,RHB,OUTSIDE_OFFSTUMP,FULL,53,25,1,53.0,212.0,England
536936,Litton Das,RHB,ON_THE_STUMPS,SHORT,59,25,1,59.0,236.0,Bangladesh
1071484,Brian Bennett,RHB,OUTSIDE_OFFSTUMP,SHORT_OF_A_GOOD_LENGTH,51,25,2,25.5,204.0,Zimbabwe
334394,Sam Whiteman,LHB,OUTSIDE_OFFSTUMP,FULL,16,25,1,16.0,64.0,Australia
647785,Sahibzada Farhan,RHB,ON_THE_STUMPS,FULL,30,25,3,10.0,120.0,Pakistan
711559,Usman Ghani,RHB,OUTSIDE_OFFSTUMP,SHORT,34,25,2,17.0,136.0,Afghanistan
436677,Soumya Sarkar,LHB,WIDE_OUTSIDE_OFFSTUMP,GOOD_LENGTH,42,25,3,14.0,168.0,Bangladesh
311158,Ben Stokes,LHB,WIDE_OUTSIDE_OFFSTUMP,FULL,42,25,1,42.0,168.0,England
459508,Andrew Tye,RHB,OUTSIDE_OFFSTUMP,FULL,28,25,2,14.0,112.0,Australia
642519,Shreyas Iyer,RHB,ON_THE_STUMPS,YORKER,22,25,3,7.33,88.0,India
345821,Danushka Gunathilaka,LHB,DOWN_LEG,SHORT,54,25,1,54.0,216.0,Sri Lanka
232491,Anwar Ali,RHB,ON_THE_STUMPS,GOOD_LENGTH,40,25,1,40.0,160.0,Pakistan
333066,Johnson Charles,RHB,DOWN_LEG,SHORT,54,25,1,54.0,216.0,West Indies
713195,Harry Nielsen,LHB,ON_THE_STUMPS,FULL,33,25,2,16.5,132.0,Australia
55395,Colin de Grandhomme,RHB,WIDE_OUTSIDE_OFFSTUMP,FULL,58,25,5,11.6,232.0,New Zealand
475281,Shardul Thakur,RHB,ON_THE_STUMPS,GOOD_LENGTH,33,25,2,16.5,132.0,India
659081,Mark Watt,LHB,ON_THE_STUMPS,GOOD_LENGTH,30,25,2,15.0,120.0,Scotland
265564,Wayne Parnell,LHB,ON_THE_STUMPS,FULL,32,25,3,10.67,128.0,South Africa
680045,Shubham Sharma,RHB,OUTSIDE_OFFSTUMP,GOOD_LENGTH,16,25,1,16.0,64.0,India
1152716,Javelle Glen,LHB,OUTSIDE_OFFSTUMP,GOOD_LENGTH,26,25,2,13.0,104.0,West Indies
436757,Heinrich Klaasen,RHB,ON_THE_STUMPS,YORKER,36,25,1,36.0,144.0,South Africa
1092313,Rohail Nazir,RHB,ON_THE_STUMPS,GOOD_LENGTH,16,25,1,16.0,64.0,Pakistan
4864,Dan Christian,RHB,WIDE_OUTSIDE_OFFSTUMP,GOOD_LENGTH,42,25,1,42.0,168.0,Australia
424377,Krishnappa Gowtham,RHB,OUTSIDE_OFFSTUMP,SHORT_OF_A_GOOD_LENGTH,39,25,3,13.0,156.0,India
227758,Imad Wasim,LHB,ON_THE_STUMPS,YORKER,17,25,4,4.25,68.0,Pakistan
600498,Aiden Markram,RHB,WIDE_OUTSIDE_OFFSTUMP,GOOD_LENGTH,33,25,2,16.5,132.0,South Africa
425943,Sanju Samson,RHB,OUTSIDE_OFFSTUMP,YORKER,27,25,1,27.0,108.0,India
1096092,Jamie Smith,RHB,OUTSIDE_OFFSTUMP,SHORT_OF_A_GOOD_LENGTH,27,25,1,27.0,108.0,England
505773,Apoorv Wankhade,RHB,OUTSIDE_OFFSTUMP,FULL,39,25,1,39.0,156.0,India
788101,Tom Moores,LHB,ON_THE_STUMPS,GOOD_LENGTH,29,25,3,9.67,116.0,England
303427,Paul Stirling,RHB,WIDE_OUTSIDE_OFFSTUMP,SHORT_OF_A_GOOD_LENGTH,47,25,1,47.0,188.0,Ireland
1070180,Priyam Garg,RHB,OUTSIDE_OFFSTUMP,FULL,20,25,3,6.67,80.0,India
300628,Dinesh Chandimal,RHB,WIDE_OUTSIDE_OFFSTUMP,FULL,54,25,1,54.0,216.0,Sri Lanka
497121,Deepak Hooda,RHB,DOWN_LEG,GOOD_LENGTH,24,25,5,4.8,96.0,India
227760,Sarfaraz Ahmed,RHB,ON_THE_STUMPS,YORKER,16,25,4,4.0,64.0,Pakistan
1048813,Narayan Jagadeesan,RHB,OUTSIDE_OFFSTUMP,FULL,23,25,1,23.0,92.0,India
227758,Imad Wasim,LHB,DOWN_LEG,SHORT,32,25,6,5.33,128.0,Pakistan
851403,Venkatesh Iyer,LHB,OUTSIDE_OFFSTUMP,SHORT,55,25,3,18.33,220.0,India
537124,Gurkeerat Singh Mann,RHB,OUTSIDE_OFFSTUMP,FULL,30,25,2,15.0,120.0,India
787073,Chris Green,RHB,OUTSIDE_OFFSTUMP,SHORT,42,25,2,21.0,168.0,Australia
55946,Junaid Siddique,LHB,ON_THE_STUMPS,GOOD_LENGTH,23,25,3,7.67,92.0,Bangladesh
1093091,Michael Jones,RHB,OUTSIDE_OFFSTUMP,GOOD_LENGTH,27,25,2,13.5,108.0,Scotland
498582,Jason Smith,RHB,OUTSIDE_OFFSTUMP,GOOD_LENGTH,27,25,1,27.0,108.0,South Africa
302845,Tony Ura,RHB,ON_THE_STUMPS,GOOD_LENGTH,26,25,2,13.0,104.0,Papua New Guinea
1175485,Abdul Samad,RHB,ON_THE_STUMPS,FULL,62,25,2,31.0,248.0,India
921509,Ibrahim Zadran,RHB,OUTSIDE_OFFSTUMP,SHORT,32,25,3,10.67,128.0,Afghanistan
450860,Adam Milne,RHB,OUTSIDE_OFFSTUMP,GOOD_LENGTH,17,25,4,4.25,68.0,New Zealand
400587,Irfan Sukkur,LHB,OUTSIDE_OFFSTUMP,SHORT_OF_A_GOOD_LENGTH,19,25,2,9.5,76.0,Bangladesh
961407,Harry Tector,RHB,OUTSIDE_OFFSTUMP,SHORT,55,25,3,18.33,220.0,Ireland
595004,Kyle Verreynne,RHB,OUTSIDE_OFFSTUMP,FULL,55,25,1,55.0,220.0,South Africa
326625,Cameron Boyce,RHB,OUTSIDE_OFFSTUMP,FULL,40,25,2,20.0,160.0,Australia
43121,Shaiman Anwar,RHB,ON_THE_STUMPS,GOOD_LENGTH,12,25,1,12.0,48.0,United Arab Emirates
211855,Liam Dawson,RHB,OUTSIDE_OFFSTUMP,SHORT,49,25,4,12.25,196.0,England
1175488,Dhruv Jurel,RHB,OUTSIDE_OFFSTUMP,SHORT_OF_A_GOOD_LENGTH,25,25,3,8.33,100.0,India
32498,Yusuf Pathan,RHB,ON_THE_STUMPS,SHORT,35,25,1,35.0,140.0,India
784379,Wanindu Hasaranga de Silva,RHB,OUTSIDE_OFFSTUMP,SHORT,45,25,2,22.5,180.0,Sri Lanka
1331512,Mirza Baig,RHB,OUTSIDE_OFFSTUMP,FULL,70,25,1,70.0,280.0,Pakistan
376116,Umesh Yadav,RHB,OUTSIDE_OFFSTUMP,GOOD_LENGTH,26,25,2,13.0,104.0,India
675945,Nahidul Islam,RHB,ON_THE_STUMPS,GOOD_LENGTH,27,25,3,9.0,108.0,Bangladesh
375126,Hardus Viljoen,RHB,OUTSIDE_OFFSTUMP,SHORT_OF_A_GOOD_LENGTH,31,25,1,31.0,124.0,South Africa
897549,Will Jacks,RHB,ON_THE_STUMPS,SHORT,84,25,2,42.0,336.0,England
526441,Mark Adair,RHB,ON_THE_STUMPS,FULL,31,25,5,6.2,124.0,Ireland
784367,Charith Asalanka,LHB,DOWN_LEG,SHORT_OF_A_GOOD_LENGTH,20,25,2,10.0,80.0,Sri Lanka
25446,Kyle Coetzer,RHB,OUTSIDE_OFFSTUMP,SHORT_OF_A_GOOD_LENGTH,28,25,3,9.33,112.0,Scotland
1079380,Nikhil Chaudhary,RHB,ON_THE_STUMPS,GOOD_LENGTH,35,25,2,17.5,140.0,Australia
345825,Chaturanga de Silva,LHB,ON_THE_STUMPS,FULL,34,25,4,8.5,136.0,Sri Lanka
42657,Shoaib Malik,RHB,ON_THE_STUMPS,YORKER,21,25,1,21.0,84.0,Pakistan
1083851,Suyash Prabhudessai,RHB,OUTSIDE_OFFSTUMP,GOOD_LENGTH,15,25,3,5.0,60.0,India
559062,Nick Kelly,LHB,OUTSIDE_OFFSTUMP,FULL,41,25,3,13.67,164.0,New Zealand
581379,Shai Hope,RHB,ON_THE_STUMPS,SHORT,68,25,1,68.0,272.0,West Indies
502714,Mitchell Santner,LHB,DOWN_LEG,SHORT_OF_A_GOOD_LENGTH,23,25,1,23.0,92.0,New Zealand
23460,Luke Wright,RHB,ON_THE_STUMPS,GOOD_LENGTH,11,25,3,3.67,44.0,England
1074333,Nuwanidu Fernando,RHB,OUTSIDE_OFFSTUMP,FULL,30,25,1,30.0,120.0,Sri Lanka
398439,Karun Nair,RHB,WIDE_OUTSIDE_OFFSTUMP,GOOD_LENGTH,28,25,1,28.0,112.0,India
437316,Dasun Shanaka,RHB,DOWN_LEG,GOOD_LENGTH,28,25,1,28.0,112.0,Sri Lanka
709675,James Bazley,RHB,OUTSIDE_OFFSTUMP,SHORT_OF_A_GOOD_LENGTH,19,25,1,19.0,76.0,Australia
267724,Keshav Maharaj,RHB,ON_THE_STUMPS,GOOD_LENGTH,15,25,4,3.75,60.0,South Africa
447458,Swapnil Patil,RHB,OUTSIDE_OFFSTUMP,GOOD_LENGTH,16,25,1,16.0,64.0,United Arab Emirates
234675,Ravindra Jadeja,LHB,WIDE_OUTSIDE_OFFSTUMP,FULL,38,25,2,19.0,152.0,India
820351,Rovman Powell,RHB,DOWN_LEG,SHORT,48,25,1,48.0,192.0,West Indies
873199,Chris Greaves,RHB,OUTSIDE_OFFSTUMP,SHORT_OF_A_GOOD_LENGTH,14,25,1,14.0,56.0,Scotland
355266,Craig Cachopa,RHB,ON_THE_STUMPS,GOOD_LENGTH,32,25,1,32.0,128.0,New Zealand
532856,Manan Vohra,RHB,ON_THE_STUMPS,FULL,40,25,4,10.0,160.0,India
1329699,Khawaja Nafay,RHB,OUTSIDE_OFFSTUMP,SHORT_OF_A_GOOD_LENGTH,26,25,1,26.0,104.0,Pakistan
956871,Prerak Mankad,RHB,OUTSIDE_OFFSTUMP,GOOD_LENGTH,34,25,2,17.0,136.0,India
1209196,Kirk McKenzie,LHB,OUTSIDE_OFFSTUMP,GOOD_LENGTH,17,25,1,17.0,68.0,West Indies
1060380,Ruturaj Gaikwad,RHB,WIDE_OUTSIDE_OFFSTUMP,GOOD_LENGTH,42,25,1,42.0,168.0,India
853859,Samarth Vyas,RHB,ON_THE_STUMPS,GOOD_LENGTH,30,25,2,15.0,120.0,India
45204,Robbie Frylinck,RHB,OUTSIDE_OFFSTUMP,GOOD_LENGTH,22,25,1,22.0,88.0,South Africa
1139053,Ram Sharan,RHB,OUTSIDE_OFFSTUMP,GOOD_LENGTH,12,25,4,3.0,48.0,Cambodia
819441,Darwish Rasooli,RHB,OUTSIDE_OFFSTUMP,SHORT_OF_A_GOOD_LENGTH,26,25,2,13.0,104.0,Afghanistan
55944,Jahurul Islam,RHB,OUTSIDE_OFFSTUMP,SHORT_OF_A_GOOD_LENGTH,18,25,3,6.0,72.0,Bangladesh
28763,Gautam Gambhir,LHB,WIDE_OUTSIDE_OFFSTUMP,SHORT,58,25,2,29.0,232.0,India
19296,Kevin Pietersen,RHB,OUTSIDE_OFFSTUMP,SHORT,55,25,2,27.5,220.0,England
342619,Bhanuka Rajapaksa,LHB,ON_THE_STUMPS,SHORT,34,25,2,17.0,136.0,Sri Lanka
423838,Rahul Tewatia,LHB,DOWN_LEG,SHORT,42,25,1,42.0,168.0,India
28763,Gautam Gambhir,LHB,DOWN_LEG,FULL,43,24,1,43.0,179.17,India
317273,Umar Akmal,RHB,WIDE_OUTSIDE_OFFSTUMP,GOOD_LENGTH,45,24,2,22.5,187.5,Pakistan
362201,Lewis Gregory,RHB,OUTSIDE_OFFSTUMP,SHORT,55,24,1,55.0,229.17,England
1119026,Devdutt Padikkal,LHB,OUTSIDE_OFFSTUMP,SHORT,43,24,1,43.0,179.17,India
465327,Innocent Kaia,RHB,ON_THE_STUMPS,GOOD_LENGTH,21,24,1,21.0,87.5,Zimbabwe
27223,Stuart Binny,RHB,OUTSIDE_OFFSTUMP,FULL,27,24,1,27.0,112.5,India
44936,AB de Villiers,RHB,ON_THE_STUMPS,SHORT,52,24,1,52.0,216.67,South Africa
419873,Mohammad Shahzad,RHB,WIDE_OUTSIDE_OFFSTUMP,GOOD_LENGTH,24,24,3,8.0,100.0,Afghanistan
930189,Lalit Yadav,RHB,ON_THE_STUMPS,FULL,26,24,2,13.0,108.33,India
315623,Ben Laughlin,RHB,OUTSIDE_OFFSTUMP,GOOD_LENGTH,16,24,4,4.0,66.67,Australia
600498,Aiden Markram,RHB,ON_THE_STUMPS,FULL_TOSS,35,24,2,17.5,145.83,South Africa
1205559,Mohammad Haris,RHB,OUTSIDE_OFFSTUMP,SHORT,77,24,1,77.0,320.83,Pakistan
535393,Senuran Muthusamy,LHB,ON_THE_STUMPS,GOOD_LENGTH,20,24,2,10.0,83.33,South Africa
318339,Samiullah Shinwari,RHB,ON_THE_STUMPS,FULL,26,24,1,26.0,108.33,Afghanistan
603410,Ben McDermott,RHB,DOWN_LEG,FULL,39,24,1,39.0,162.5,Australia
348056,Kyle Mayers,LHB,DOWN_LEG,FULL,35,24,1,35.0,145.83,West Indies
1209190,Matthew Forde,RHB,ON_THE_STUMPS,GOOD_LENGTH,17,24,4,4.25,70.83,West Indies
355269,James Neesham,LHB,OUTSIDE_OFFSTUMP,YORKER,25,24,1,25.0,104.17,New Zealand
1028655,Pathum Nissanka,RHB,WIDE_OUTSIDE_OFFSTUMP,SHORT_OF_A_GOOD_LENGTH,20,24,1,20.0,83.33,Sri Lanka
315594,Ashley Nurse,RHB,OUTSIDE_OFFSTUMP,SHORT,47,24,2,23.5,195.83,West Indies
414973,Ollie Hairs,LHB,ON_THE_STUMPS,GOOD_LENGTH,10,24,4,2.5,41.67,Scotland
1161606,Haris Rauf,RHB,OUTSIDE_OFFSTUMP,GOOD_LENGTH,25,24,4,6.25,104.17,Pakistan
571761,Daniel Hughes,LHB,DOWN_LEG,FULL,36,24,1,36.0,150.0,Australia
348059,Barry McCarthy,RHB,OUTSIDE_OFFSTUMP,SHORT_OF_A_GOOD_LENGTH,25,24,3,8.33,104.17,Ireland
25490,Richie Berrington,RHB,ON_THE_STUMPS,SHORT_OF_A_GOOD_LENGTH,20,24,1,20.0,83.33,Scotland
436757,Heinrich Klaasen,RHB,OUTSIDE_OFFSTUMP,YORKER,15,24,2,7.5,62.5,South Africa
571911,Joe Clarke,RHB,WIDE_OUTSIDE_OFFSTUMP,GOOD_LENGTH,31,24,2,15.5,129.17,England
547764,Cam Fletcher,RHB,OUTSIDE_OFFSTUMP,SHORT_OF_A_GOOD_LENGTH,31,24,1,31.0,129.17,New Zealand
33335,Suresh Raina,LHB,ON_THE_STUMPS,FULL_TOSS,29,24,2,14.5,120.83,India
436757,Heinrich Klaasen,RHB,ON_THE_STUMPS,SHORT,58,24,2,29.0,241.67,South Africa
1202263,Thomas Kelly,RHB,ON_THE_STUMPS,FULL,19,24,3,6.33,79.17,Australia
28081,MS Dhoni,RHB,WIDE_OUTSIDE_OFFSTUMP,SHORT,61,24,1,61.0,254.17,India
570854,Jack Wildermuth,RHB,OUTSIDE_OFFSTUMP,SHORT_OF_A_GOOD_LENGTH,18,24,5,3.6,75.0,Australia
928015,Josh Clarkson,RHB,ON_THE_STUMPS,GOOD_LENGTH,30,24,1,30.0,125.0,New Zealand
716733,Khushdil Shah,LHB,OUTSIDE_OFFSTUMP,FULL_TOSS,54,24,2,27.0,225.0,Pakistan
8917,Moeen Ali,LHB,ON_THE_STUMPS,YORKER,14,24,3,4.67,58.33,England
906745,Leniko Boucher,RHB,OUTSIDE_OFFSTUMP,SHORT_OF_A_GOOD_LENGTH,15,24,1,15.0,62.5,West Indies
333780,Nic Maddinson,LHB,DOWN_LEG,SHORT_OF_A_GOOD_LENGTH,22,24,1,22.0,91.67,Australia
906749,Dominic Drakes,LHB,ON_THE_STUMPS,FULL,37,24,2,18.5,154.17,West Indies
897549,Will Jacks,RHB,WIDE_OUTSIDE_OFFSTUMP,SHORT_OF_A_GOOD_LENGTH,39,24,1,39.0,162.5,England
232491,Anwar Ali,RHB,ON_THE_STUMPS,FULL,39,24,1,39.0,162.5,Pakistan
820681,Amir Jangoo,LHB,OUTSIDE_OFFSTUMP,SHORT_OF_A_GOOD_LENGTH,20,24,1,20.0,83.33,West Indies
696401,Marco Jansen,RHB,OUTSIDE_OFFSTUMP,FULL,50,24,2,25.0,208.33,South Africa
423838,Rahul Tewatia,LHB,ON_THE_STUMPS,SHORT,44,24,2,22.0,183.33,India
956035,Karan Shinde,LHB,OUTSIDE_OFFSTUMP,GOOD_LENGTH,31,24,1,31.0,129.17,India
1070173,Shubman Gill,RHB,ON_THE_STUMPS,FULL_TOSS,43,24,2,21.5,179.17,India
228210,Mehedi Maruf,RHB,OUTSIDE_OFFSTUMP,SHORT_OF_A_GOOD_LENGTH,22,24,1,22.0,91.67,Bangladesh
308294,Stuart Poynter,RHB,OUTSIDE_OFFSTUMP,GOOD_LENGTH,27,24,1,27.0,112.5,Ireland
1060380,Ruturaj Gaikwad,RHB,ON_THE_STUMPS,YORKER,20,24,1,20.0,83.33,India
784367,Charith Asalanka,LHB,OUTSIDE_OFFSTUMP,SHORT,49,24,1,49.0,204.17,Sri Lanka
520183,Zeeshan Ashraf,LHB,OUTSIDE_OFFSTUMP,SHORT_OF_A_GOOD_LENGTH,21,24,1,21.0,87.5,Pakistan
44407,Wesley Barresi,RHB,ON_THE_STUMPS,GOOD_LENGTH,36,24,2,18.0,150.0,Netherlands
318845,Rilee Rossouw,LHB,WIDE_OUTSIDE_OFFSTUMP,GOOD_LENGTH,31,24,2,15.5,129.17,South Africa
629074,Kusal Mendis,RHB,DOWN_LEG,GOOD_LENGTH,22,24,2,11.0,91.67,Sri Lanka
709675,James Bazley,RHB,ON_THE_STUMPS,GOOD_LENGTH,16,24,2,8.0,66.67,Australia
437448,Jake Lehmann,LHB,OUTSIDE_OFFSTUMP,SHORT_OF_A_GOOD_LENGTH,16,24,2,8.0,66.67,Australia
1284532,Haider Butt,RHB,OUTSIDE_OFFSTUMP,FULL,39,24,2,19.5,162.5,Bahrain
53116,Lendl Simmons,RHB,ON_THE_STUMPS,YORKER,13,24,3,4.33,54.17,West Indies
633660,Virandeep Singh,RHB,OUTSIDE_OFFSTUMP,FULL,21,24,1,21.0,87.5,Malaysia
605575,Matthew Short,RHB,WIDE_OUTSIDE_OFFSTUMP,GOOD_LENGTH,42,24,2,21.0,175.0,Australia
946507,Tadiwanashe Marumani,LHB,ON_THE_STUMPS,FULL,34,24,3,11.33,141.67,Zimbabwe
681305,Hasan Ali,RHB,ON_THE_STUMPS,FULL,52,24,3,17.33,216.67,Pakistan
56154,Shamsur Rahman,RHB,ON_THE_STUMPS,FULL,28,24,3,9.33,116.67,Bangladesh
956319,Ayaan Khan,LHB,ON_THE_STUMPS,GOOD_LENGTH,34,24,2,17.0,141.67,Oman
821749,Saif Hassan,RHB,ON_THE_STUMPS,FULL,24,24,1,24.0,100.0,Bangladesh
1137262,Azam Khan,RHB,ON_THE_STUMPS,FULL_TOSS,38,24,1,38.0,158.33,Pakistan
446507,Suryakumar Yadav,RHB,ON_THE_STUMPS,YORKER,14,24,1,14.0,58.33,India
823509,Glenn Phillips,RHB,WIDE_OUTSIDE_OFFSTUMP,SHORT_OF_A_GOOD_LENGTH,36,24,1,36.0,150.0,New Zealand
594329,Jacques Snyman,RHB,OUTSIDE_OFFSTUMP,GOOD_LENGTH,41,24,1,41.0,170.83,South Africa
625964,Tim Seifert,RHB,ON_THE_STUMPS,YORKER,21,24,6,3.5,87.5,New Zealand
32498,Yusuf Pathan,RHB,WIDE_OUTSIDE_OFFSTUMP,GOOD_LENGTH,31,24,1,31.0,129.17,India
233648,Alex Doolan,RHB,OUTSIDE_OFFSTUMP,SHORT_OF_A_GOOD_LENGTH,29,24,2,14.5,120.83,Australia
470633,Tom Kohler-Cadmore,RHB,WIDE_OUTSIDE_OFFSTUMP,FULL,47,24,1,47.0,195.83,England
48472,Tillakaratne Dilshan,RHB,OUTSIDE_OFFSTUMP,SHORT,43,24,1,43.0,179.17,Sri Lanka
699723,Grant Roelofsen,RHB,ON_THE_STUMPS,SHORT_OF_A_GOOD_LENGTH,55,24,1,55.0,229.17,South Africa
226492,Martin Guptill,RHB,WIDE_OUTSIDE_OFFSTUMP,SHORT,74,24,2,37.0,308.33,New Zealand
379504,Adam Zampa,RHB,ON_THE_STUMPS,GOOD_LENGTH,16,24,5,3.2,66.67,Australia
973799,Janak Prakash,RHB,OUTSIDE_OFFSTUMP,GOOD_LENGTH,17,24,1,17.0,70.83,Singapore
629070,Mohammad Saifuddin,LHB,ON_THE_STUMPS,SHORT_OF_A_GOOD_LENGTH,28,24,1,28.0,116.67,Bangladesh
629058,Najmul Hossain Shanto,LHB,ON_THE_STUMPS,SHORT,66,24,1,66.0,275.0,Bangladesh
500268,Ashton Turner,RHB,DOWN_LEG,FULL,44,24,1,44.0,183.33,Australia
497121,Deepak Hooda,RHB,ON_THE_STUMPS,FULL_TOSS,47,24,3,15.67,195.83,India
333001,Tinotenda Mutombodzi,RHB,ON_THE_STUMPS,GOOD_LENGTH,20,24,3,6.67,83.33,Zimbabwe
381030,Gihahn Cloete,LHB,OUTSIDE_OFFSTUMP,GOOD_LENGTH,15,24,2,7.5,62.5,South Africa
784379,Wanindu Hasaranga,RHB,ON_THE_STUMPS,FULL,55,24,2,27.5,229.17,Sri Lanka
697183,Tony de Zorzi,LHB,ON_THE_STUMPS,GOOD_LENGTH,13,24,4,3.25,54.17,South Africa
308405,Raymond van Schoor,RHB,ON_THE_STUMPS,GOOD_LENGTH,19,24,2,9.5,79.17,Namibia
314743,Shykat Ali,RHB,ON_THE_STUMPS,FULL,23,24,1,23.0,95.83,Bangladesh
559062,Nick Kelly,LHB,ON_THE_STUMPS,SHORT_OF_A_GOOD_LENGTH,35,24,3,11.67,145.83,New Zealand
457249,Carlos Brathwaite,RHB,ON_THE_STUMPS,FULL_TOSS,47,24,3,15.67,195.83,West Indies
820689,Shamar Springer,RHB,OUTSIDE_OFFSTUMP,FULL,27,24,1,27.0,112.5,West Indies
714451,Shivam Dube,LHB,OUTSIDE_OFFSTUMP,FULL_TOSS,47,24,1,47.0,195.83,India
820691,Odean Smith,RHB,OUTSIDE_OFFSTUMP,SHORT,32,24,2,16.0,133.33,West Indies
550137,Abu Hider,RHB,OUTSIDE_OFFSTUMP,FULL,23,24,3,7.67,95.83,Bangladesh
559235,Kuldeep Yadav,LHB,ON_THE_STUMPS,SHORT_OF_A_GOOD_LENGTH,18,24,2,9.0,75.0,India
550137,Abu Hider,RHB,ON_THE_STUMPS,GOOD_LENGTH,43,24,1,43.0,179.17,Bangladesh
457249,Carlos Brathwaite,RHB,DOWN_LEG,FULL,38,24,1,38.0,158.33,West Indies
604534,Ankush Bains,RHB,OUTSIDE_OFFSTUMP,GOOD_LENGTH,29,24,2,14.5,120.83,India
643433,George Garton,LHB,OUTSIDE_OFFSTUMP,GOOD_LENGTH,28,24,3,9.33,116.67,England
420427,Sese Bau,LHB,OUTSIDE_OFFSTUMP,GOOD_LENGTH,15,24,1,15.0,62.5,Papua New Guinea
219889,David Warner,LHB,WIDE_OUTSIDE_OFFSTUMP,SHORT,54,24,2,27.0,225.0,Australia
307808,Rohan Mustafa,LHB,ON_THE_STUMPS,GOOD_LENGTH,24,24,3,8.0,100.0,United Arab Emirates
793463,Rashid Khan,RHB,ON_THE_STUMPS,YORKER,14,24,7,2.0,58.33,Afghanistan
714451,Shivam Dube,LHB,ON_THE_STUMPS,FULL_TOSS,50,24,1,50.0,208.33,India
505120,Ashton Agar,LHB,DOWN_LEG,GOOD_LENGTH,18,24,1,18.0,75.0,Australia
364343,Craig Young,RHB,OUTSIDE_OFFSTUMP,GOOD_LENGTH,24,24,2,12.0,100.0,Ireland
25446,Kyle Coetzer,RHB,ON_THE_STUMPS,FULL,30,24,2,15.0,125.0,Scotland
366725,Oshada Fernando,RHB,ON_THE_STUMPS,GOOD_LENGTH,41,24,1,41.0,170.83,Sri Lanka
897549,Will Jacks,RHB,DOWN_LEG,GOOD_LENGTH,30,24,1,30.0,125.0,England
35565,Manoj Tiwary,RHB,ON_THE_STUMPS,FULL,24,24,4,6.0,100.0,India
293831,Regis Chakabva,RHB,OUTSIDE_OFFSTUMP,FULL,53,24,2,26.5,220.83,Zimbabwe
230371,Ben Cutting,RHB,DOWN_LEG,GOOD_LENGTH,27,24,1,27.0,112.5,Australia
230371,Ben Cutting,RHB,WIDE_OUTSIDE_OFFSTUMP,GOOD_LENGTH,30,24,2,15.0,125.0,Australia
475281,Shardul Thakur,RHB,ON_THE_STUMPS,FULL,32,24,3,10.67,133.33,India
574178,Akila Dananjaya,LHB,ON_THE_STUMPS,GOOD_LENGTH,13,24,5,2.6,54.17,Sri Lanka
398666,Sean Abbott,RHB,OUTSIDE_OFFSTUMP,SHORT_OF_A_GOOD_LENGTH,36,24,1,36.0,150.0,Australia
266268,Pite van Biljon,RHB,ON_THE_STUMPS,GOOD_LENGTH,19,24,5,3.8,79.17,South Africa
457234,Keron Cottoy,LHB,OUTSIDE_OFFSTUMP,GOOD_LENGTH,12,24,1,12.0,50.0,West Indies
677077,Romario Shepherd,RHB,WIDE_OUTSIDE_OFFSTUMP,FULL,29,23,1,29.0,126.09,West Indies
719719,M Shahrukh Khan,RHB,ON_THE_STUMPS,FULL,36,23,2,18.0,156.52,India
698315,Donovan Ferreira,RHB,ON_THE_STUMPS,SHORT_OF_A_GOOD_LENGTH,34,23,1,34.0,147.83,South Africa
590326,Mitchell Swepson,RHB,OUTSIDE_OFFSTUMP,GOOD_LENGTH,29,23,3,9.67,126.09,Australia
25913,Mohammad Nabi,RHB,ON_THE_STUMPS,YORKER,18,23,3,6.0,78.26,Afghanistan
698315,Donovan Ferreira,RHB,OUTSIDE_OFFSTUMP,FULL,57,23,2,28.5,247.83,South Africa
594322,Corbin Bosch,RHB,ON_THE_STUMPS,FULL,26,23,1,26.0,113.04,South Africa
348144,Babar Azam,RHB,WIDE_OUTSIDE_OFFSTUMP,SHORT,64,23,1,64.0,278.26,Pakistan
35582,Robin Uthappa,RHB,ON_THE_STUMPS,SHORT,41,23,4,10.25,178.26,India
677081,Keemo Paul,RHB,ON_THE_STUMPS,YORKER,12,23,5,2.4,52.17,West Indies
232435,Calum MacLeod,RHB,OUTSIDE_OFFSTUMP,SHORT_OF_A_GOOD_LENGTH,40,23,1,40.0,173.91,Scotland
18632,Samit Patel,RHB,WIDE_OUTSIDE_OFFSTUMP,GOOD_LENGTH,39,23,1,39.0,169.57,England
43265,Sohail Tanvir,LHB,ON_THE_STUMPS,SHORT_OF_A_GOOD_LENGTH,41,23,4,10.25,178.26,Pakistan
237095,Murali Vijay,RHB,DOWN_LEG,GOOD_LENGTH,36,23,1,36.0,156.52,India
288285,Clive Rose,RHB,OUTSIDE_OFFSTUMP,GOOD_LENGTH,25,23,3,8.33,108.7,Australia
793463,Rashid Khan,RHB,WIDE_OUTSIDE_OFFSTUMP,SHORT,70,23,2,35.0,304.35,Afghanistan
1170265,Tilak Varma,LHB,OUTSIDE_OFFSTUMP,FULL_TOSS,29,23,1,29.0,126.09,India
296597,James Vince,RHB,DOWN_LEG,FULL,20,23,1,20.0,86.96,England
681117,Faheem Ashraf,LHB,DOWN_LEG,SHORT_OF_A_GOOD_LENGTH,36,23,1,36.0,156.52,Pakistan
596417,Brydon Carse,RHB,ON_THE_STUMPS,GOOD_LENGTH,24,23,1,24.0,104.35,England
581379,Shai Hope,RHB,ON_THE_STUMPS,FULL_TOSS,59,23,1,59.0,256.52,West Indies
681305,Hasan Ali,RHB,OUTSIDE_OFFSTUMP,SHORT_OF_A_GOOD_LENGTH,26,23,1,26.0,113.04,Pakistan
922943,Shadab Khan,RHB,ON_THE_STUMPS,YORKER,17,23,1,17.0,73.91,Pakistan
232364,Tim Southee,RHB,ON_THE_STUMPS,FULL,35,23,2,17.5,152.17,New Zealand
211748,Benny Howell,RHB,OUTSIDE_OFFSTUMP,SHORT,52,23,2,26.0,226.09,England
1170265,Tilak Varma,LHB,WIDE_OUTSIDE_OFFSTUMP,FULL,45,23,2,22.5,195.65,India
1124290,Nathan McSweeney,RHB,ON_THE_STUMPS,SHORT_OF_A_GOOD_LENGTH,26,23,1,26.0,113.04,Australia
303423,Andy Balbirnie,RHB,WIDE_OUTSIDE_OFFSTUMP,FULL,41,23,2,20.5,178.26,Ireland
52917,Denesh Ramdin,RHB,DOWN_LEG,GOOD_LENGTH,23,23,1,23.0,100.0,West Indies
233904,Yasim Murtaza,LHB,ON_THE_STUMPS,FULL,48,23,1,48.0,208.7,Hong Kong
585083,Zeeshan Maqsood,LHB,ON_THE_STUMPS,GOOD_LENGTH,31,23,1,31.0,134.78,Oman
677077,Romario Shepherd,RHB,OUTSIDE_OFFSTUMP,FULL_TOSS,61,23,3,20.33,265.22,West Indies
595380,Raynard van Tonder,RHB,ON_THE_STUMPS,GOOD_LENGTH,28,23,1,28.0,121.74,South Africa
550209,Wesley Marshall,RHB,OUTSIDE_OFFSTUMP,GOOD_LENGTH,28,23,2,14.0,121.74,South Africa
233901,Shan Masood,LHB,DOWN_LEG,FULL,32,23,2,16.0,139.13,Pakistan
211854,Rob Quiney,LHB,OUTSIDE_OFFSTUMP,GOOD_LENGTH,35,23,1,35.0,152.17,Australia
1048813,Narayan Jagadeesan,RHB,ON_THE_STUMPS,GOOD_LENGTH,18,23,2,9.0,78.26,India
685831,Luqman Butt,RHB,OUTSIDE_OFFSTUMP,GOOD_LENGTH,34,23,1,34.0,147.83,Cambodia
1126045,Nishan Madushka,RHB,OUTSIDE_OFFSTUMP,SHORT_OF_A_GOOD_LENGTH,33,23,2,16.5,143.48,Sri Lanka
779929,Nick Hobson,LHB,ON_THE_STUMPS,FULL,29,23,1,29.0,126.09,Australia
36592,Peter Borren,RHB,ON_THE_STUMPS,GOOD_LENGTH,39,23,1,39.0,169.57,Netherlands
946507,Tadiwanashe Marumani,LHB,ON_THE_STUMPS,SHORT_OF_A_GOOD_LENGTH,10,23,3,3.33,43.48,Zimbabwe
633638,Sharvin Muniandy,RHB,OUTSIDE_OFFSTUMP,GOOD_LENGTH,32,23,1,32.0,139.13,Malaysia
437448,Jake Lehmann,LHB,ON_THE_STUMPS,FULL,24,23,4,6.0,104.35,Australia
46543,Wayne Madsen,RHB,ON_THE_STUMPS,FULL,21,23,2,10.5,91.3,Italy
277911,George Worker,LHB,ON_THE_STUMPS,FULL,31,23,2,15.5,134.78,New Zealand
631668,Stephen Eskinazi,RHB,OUTSIDE_OFFSTUMP,FULL,16,23,1,16.0,69.57,England
440517,Dane Cleaver,RHB,ON_THE_STUMPS,SHORT_OF_A_GOOD_LENGTH,20,23,1,20.0,86.96,New Zealand
40618,Imran Tahir,RHB,OUTSIDE_OFFSTUMP,GOOD_LENGTH,21,23,5,4.2,91.3,South Africa
949205,Salman Khan,RHB,OUTSIDE_OFFSTUMP,GOOD_LENGTH,37,23,1,37.0,160.87,India
269280,Reeza Hendricks,RHB,ON_THE_STUMPS,SHORT,50,23,1,50.0,217.39,South Africa
1292497,Shaik Rasheed,RHB,OUTSIDE_OFFSTUMP,GOOD_LENGTH,22,23,1,22.0,95.65,India
990081,Mohammad Naim,LHB,ON_THE_STUMPS,SHORT,33,23,3,11.0,143.48,Bangladesh
300617,Rony Talukdar,RHB,OUTSIDE_OFFSTUMP,SHORT,30,23,2,15.0,130.43,Bangladesh
940593,Aqib Ilyas,RHB,ON_THE_STUMPS,SHORT_OF_A_GOOD_LENGTH,45,23,1,45.0,195.65,Oman
55395,Colin de Grandhomme,RHB,ON_THE_STUMPS,FULL_TOSS,29,23,3,9.67,126.09,New Zealand
935995,Afif Hossain,LHB,OUTSIDE_OFFSTUMP,FULL_TOSS,37,23,2,18.5,160.87,Bangladesh
259410,Ahmed Shehzad,RHB,OUTSIDE_OFFSTUMP,SHORT,35,23,1,35.0,152.17,Pakistan
45705,Colin Ingram,LHB,DOWN_LEG,SHORT,50,23,3,16.67,217.39,South Africa
315232,Asif Khan,RHB,ON_THE_STUMPS,FULL,48,23,1,48.0,208.7,United Arab Emirates
437316,Dasun Shanaka,RHB,ON_THE_STUMPS,YORKER,17,23,3,5.67,73.91,Sri Lanka
774217,Clint Hinchliffe,LHB,ON_THE_STUMPS,GOOD_LENGTH,16,23,1,16.0,69.57,Australia
774223,Jhye Richardson,RHB,ON_THE_STUMPS,FULL,20,23,5,4.0,86.96,Australia
33141,Ambati Rayudu,RHB,DOWN_LEG,FULL,24,23,1,24.0,104.35,India
391485,Jason Holder,RHB,ON_THE_STUMPS,FULL_TOSS,29,23,4,7.25,126.09,West Indies
30045,Dinesh Karthik,RHB,OUTSIDE_OFFSTUMP,YORKER,18,23,2,9.0,78.26,India
776695,Matt Critchley,RHB,ON_THE_STUMPS,SHORT_OF_A_GOOD_LENGTH,41,23,1,41.0,178.26,England
642519,Shreyas Iyer,RHB,WIDE_OUTSIDE_OFFSTUMP,SHORT,49,23,3,16.33,213.04,India
1161606,Haris Rauf,RHB,OUTSIDE_OFFSTUMP,SHORT_OF_A_GOOD_LENGTH,10,23,5,2.0,43.48,Pakistan
471342,Krunal Pandya,LHB,ON_THE_STUMPS,YORKER,19,23,1,19.0,82.61,India
1397996,Kashif Abbas,LHB,OUTSIDE_OFFSTUMP,GOOD_LENGTH,40,23,1,40.0,173.91,Saudi Arabia
320652,Asghar Afghan,RHB,WIDE_OUTSIDE_OFFSTUMP,FULL,31,23,3,10.33,134.78,Afghanistan
785323,Nathan McAndrew,RHB,OUTSIDE_OFFSTUMP,FULL,45,23,2,22.5,195.65,Australia
555853,Mark Steketee,RHB,OUTSIDE_OFFSTUMP,GOOD_LENGTH,24,23,1,24.0,104.35,Australia
1093638,Imran Ali,LHB,OUTSIDE_OFFSTUMP,FULL,35,23,2,17.5,152.17,Bahrain
538506,Taskin Ahmed,LHB,ON_THE_STUMPS,SHORT_OF_A_GOOD_LENGTH,23,23,1,23.0,100.0,Bangladesh
1127317,Scott Edwards,RHB,OUTSIDE_OFFSTUMP,FULL,32,23,1,32.0,139.13,Netherlands
1402600,Pratik Athavale,RHB,OUTSIDE_OFFSTUMP,GOOD_LENGTH,21,23,1,21.0,91.3,Oman
538506,Taskin Ahmed,LHB,ON_THE_STUMPS,GOOD_LENGTH,12,23,1,12.0,52.17,Bangladesh
625964,Tim Seifert,RHB,DOWN_LEG,SHORT_OF_A_GOOD_LENGTH,30,23,1,30.0,130.43,New Zealand
499594,Kasun Rajitha,RHB,OUTSIDE_OFFSTUMP,GOOD_LENGTH,7,23,2,3.5,30.43,Sri Lanka
973799,Janak Prakash,RHB,ON_THE_STUMPS,GOOD_LENGTH,21,23,1,21.0,91.3,Singapore
379774,Colin Ackermann,RHB,OUTSIDE_OFFSTUMP,FULL,19,23,1,19.0,82.61,Netherlands
539511,Henry Nicholls,LHB,ON_THE_STUMPS,FULL,30,23,1,30.0,130.43,New Zealand
554691,Axar Patel,LHB,WIDE_OUTSIDE_OFFSTUMP,GOOD_LENGTH,38,23,4,9.5,165.22,India
277662,Corey Anderson,LHB,OUTSIDE_OFFSTUMP,FULL_TOSS,47,23,2,23.5,204.35,United States of America
1091078,Tion Webster,RHB,ON_THE_STUMPS,SHORT_OF_A_GOOD_LENGTH,22,23,1,22.0,95.65,West Indies
1301600,Umer Toor,RHB,OUTSIDE_OFFSTUMP,GOOD_LENGTH,27,23,2,13.5,117.39,Bahrain
437669,Jordan Silk,RHB,WIDE_OUTSIDE_OFFSTUMP,GOOD_LENGTH,30,23,1,30.0,130.43,Australia
496219,Chirag Gandhi,RHB,OUTSIDE_OFFSTUMP,GOOD_LENGTH,36,23,1,36.0,156.52,India
32242,Parthiv Patel,LHB,DOWN_LEG,FULL,39,23,1,39.0,169.57,India
500268,Ashton Turner,RHB,ON_THE_STUMPS,FULL_TOSS,44,23,3,14.67,191.3,Australia
227758,Imad Wasim,LHB,OUTSIDE_OFFSTUMP,YORKER,15,23,2,7.5,65.22,Pakistan
42639,Shahid Afridi,RHB,ON_THE_STUMPS,FULL,36,23,3,12.0,156.52,Pakistan
326625,Cameron Boyce,RHB,OUTSIDE_OFFSTUMP,SHORT_OF_A_GOOD_LENGTH,26,23,2,13.0,113.04,Australia
553249,Bjorn Fortuin,RHB,OUTSIDE_OFFSTUMP,SHORT_OF_A_GOOD_LENGTH,22,23,1,22.0,95.65,South Africa
510530,Jamie Overton,RHB,ON_THE_STUMPS,FULL,30,23,3,10.0,130.43,England
662973,Sam Curran,LHB,DOWN_LEG,SHORT,28,23,3,9.33,121.74,England
510823,Justin Greaves,RHB,ON_THE_STUMPS,GOOD_LENGTH,17,23,2,8.5,73.91,West Indies
909225,Paul Walter,LHB,OUTSIDE_OFFSTUMP,SHORT_OF_A_GOOD_LENGTH,31,23,3,10.33,134.78,England
662973,Sam Curran,LHB,ON_THE_STUMPS,FULL_TOSS,52,23,1,52.0,226.09,England
928067,Josh Little,RHB,OUTSIDE_OFFSTUMP,SHORT_OF_A_GOOD_LENGTH,13,23,2,6.5,56.52,Ireland
28081,MS Dhoni,RHB,OUTSIDE_OFFSTUMP,YORKER,27,23,1,27.0,117.39,India
669365,Phil Salt,RHB,WIDE_OUTSIDE_OFFSTUMP,GOOD_LENGTH,43,23,4,10.75,186.96,England
1209196,Kirk McKenzie,LHB,OUTSIDE_OFFSTUMP,SHORT_OF_A_GOOD_LENGTH,13,23,1,13.0,56.52,West Indies
480603,Iftikhar Ahmed,RHB,OUTSIDE_OFFSTUMP,FULL_TOSS,39,23,2,19.5,169.57,Pakistan
906745,Leniko Boucher,RHB,ON_THE_STUMPS,GOOD_LENGTH,32,23,1,32.0,139.13,West Indies
1027867,Lasith Croospulle,RHB,OUTSIDE_OFFSTUMP,FULL,27,23,3,9.0,117.39,Sri Lanka
820351,Rovman Powell,RHB,DOWN_LEG,FULL,41,23,1,41.0,178.26,West Indies
334337,Peter Handscomb,RHB,OUTSIDE_OFFSTUMP,SHORT,45,23,2,22.5,195.65,Australia
56007,Mashrafe Mortaza,RHB,OUTSIDE_OFFSTUMP,FULL,14,23,4,3.5,60.87,Bangladesh
1028655,Pathum Nissanka,RHB,DOWN_LEG,SHORT_OF_A_GOOD_LENGTH,28,23,1,28.0,121.74,Sri Lanka
45204,Robbie Frylinck,RHB,ON_THE_STUMPS,GOOD_LENGTH,29,23,2,14.5,126.09,South Africa
721867,Jitesh Sharma,RHB,WIDE_OUTSIDE_OFFSTUMP,FULL,50,23,1,50.0,217.39,India
360456,Asela Gunaratne,RHB,ON_THE_STUMPS,SHORT_OF_A_GOOD_LENGTH,32,23,1,32.0,139.13,Sri Lanka
820351,Rovman Powell,RHB,DOWN_LEG,SHORT_OF_A_GOOD_LENGTH,32,23,2,16.0,139.13,West Indies
549950,Munim Shahriar,RHB,ON_THE_STUMPS,FULL,47,23,1,47.0,204.35,Bangladesh
55872,Malcolm Waller,RHB,ON_THE_STUMPS,FULL,36,23,2,18.0,156.52,Zimbabwe
670013,Fabian Allen,RHB,OUTSIDE_OFFSTUMP,FULL_TOSS,59,23,1,59.0,256.52,West Indies
348056,Kyle Mayers,LHB,WIDE_OUTSIDE_OFFSTUMP,FULL,44,23,3,14.67,191.3,West Indies
215155,Usman Khawaja,LHB,DOWN_LEG,SHORT,49,23,1,49.0,213.04,Australia
550133,Mosaddek Hossain,RHB,ON_THE_STUMPS,FULL_TOSS,30,23,1,30.0,130.43,Bangladesh
311158,Ben Stokes,LHB,OUTSIDE_OFFSTUMP,FULL_TOSS,49,23,2,24.5,213.04,England
732269,Upendra Yadav,RHB,OUTSIDE_OFFSTUMP,GOOD_LENGTH,20,23,1,20.0,86.96,India
431902,Yannic Cariah,LHB,OUTSIDE_OFFSTUMP,GOOD_LENGTH,28,23,1,28.0,121.74,West Indies
348056,Kyle Mayers,LHB,ON_THE_STUMPS,YORKER,8,23,1,8.0,34.78,West Indies
553821,JJ Smit,RHB,ON_THE_STUMPS,GOOD_LENGTH,20,23,1,20.0,86.96,Namibia
669855,Jofra Archer,RHB,OUTSIDE_OFFSTUMP,SHORT_OF_A_GOOD_LENGTH,37,23,3,12.33,160.87,England
272450,Mitchell Marsh,RHB,DOWN_LEG,GOOD_LENGTH,29,22,1,29.0,131.82,Australia
500135,Prashant Chopra,RHB,OUTSIDE_OFFSTUMP,SHORT_OF_A_GOOD_LENGTH,23,22,1,23.0,104.55,India
51784,Rayad Emrit,RHB,ON_THE_STUMPS,FULL,43,22,3,14.33,195.45,West Indies
1329699,Khawaja Nafay,RHB,ON_THE_STUMPS,FULL,35,22,2,17.5,159.09,Pakistan
376116,Umesh Yadav,RHB,ON_THE_STUMPS,GOOD_LENGTH,11,22,6,1.83,50.0,India
500360,Akshdeep Nath,RHB,OUTSIDE_OFFSTUMP,SHORT_OF_A_GOOD_LENGTH,20,22,1,20.0,90.91,India
669855,Jofra Archer,RHB,ON_THE_STUMPS,GOOD_LENGTH,31,22,4,7.75,140.91,England
595406,Shane Dadswell,RHB,OUTSIDE_OFFSTUMP,SHORT_OF_A_GOOD_LENGTH,18,22,1,18.0,81.82,South Africa
486672,Theunis de Bruyn,RHB,ON_THE_STUMPS,SHORT_OF_A_GOOD_LENGTH,25,22,1,25.0,113.64,South Africa
625964,Tim Seifert,RHB,DOWN_LEG,FULL,25,22,1,25.0,113.64,New Zealand
379140,Devon Conway,LHB,ON_THE_STUMPS,SHORT,36,22,1,36.0,163.64,New Zealand
629065,Nihaduzzaman,RHB,OUTSIDE_OFFSTUMP,GOOD_LENGTH,8,22,1,8.0,36.36,Bangladesh
494230,Asif Ali,RHB,WIDE_OUTSIDE_OFFSTUMP,GOOD_LENGTH,20,22,3,6.67,90.91,Pakistan
272450,Mitchell Marsh,RHB,ON_THE_STUMPS,SHORT,82,22,1,82.0,372.73,Australia
500360,Akshdeep Nath,RHB,OUTSIDE_OFFSTUMP,FULL,19,22,1,19.0,86.36,India
826901,Daniel Sams,RHB,WIDE_OUTSIDE_OFFSTUMP,GOOD_LENGTH,33,22,1,33.0,150.0,Australia
209457,Chamara Kapugedera,RHB,OUTSIDE_OFFSTUMP,FULL,26,22,1,26.0,118.18,Sri Lanka
233712,Stephan Myburgh,LHB,ON_THE_STUMPS,SHORT_OF_A_GOOD_LENGTH,39,22,3,13.0,177.27,Netherlands
625371,Hardik Pandya,RHB,DOWN_LEG,SHORT_OF_A_GOOD_LENGTH,19,22,1,19.0,86.36,India
247235,Chris Woakes,RHB,OUTSIDE_OFFSTUMP,FULL,28,22,2,14.0,127.27,England
56143,Shakib Al Hasan,LHB,ON_THE_STUMPS,YORKER,13,22,3,4.33,59.09,Bangladesh
5236,Callum Ferguson,RHB,WIDE_OUTSIDE_OFFSTUMP,GOOD_LENGTH,29,22,3,9.67,131.82,Australia
698199,Mitchell Van Buuren,RHB,OUTSIDE_OFFSTUMP,FULL,16,22,2,8.0,72.73,South Africa
670035,Brandon King,RHB,ON_THE_STUMPS,SHORT,38,22,3,12.67,172.73,West Indies
595004,Kyle Verreynne,RHB,ON_THE_STUMPS,GOOD_LENGTH,24,22,3,8.0,109.09,South Africa
380354,Anamul Haque,RHB,OUTSIDE_OFFSTUMP,SHORT,51,22,1,51.0,231.82,Bangladesh
823703,Rajat Patidar,RHB,OUTSIDE_OFFSTUMP,SHORT,45,22,2,22.5,204.55,India
44932,Jean-Paul Duminy,LHB,ON_THE_STUMPS,FULL_TOSS,62,22,1,62.0,281.82,South Africa
794749,Faisal Khan,RHB,OUTSIDE_OFFSTUMP,GOOD_LENGTH,14,22,3,4.67,63.64,Saudi Arabia
1096092,Jamie Smith,RHB,ON_THE_STUMPS,SHORT_OF_A_GOOD_LENGTH,37,22,3,12.33,168.18,England
1199426,Irfan Khan,RHB,ON_THE_STUMPS,FULL,33,22,2,16.5,150.0,Pakistan
681117,Faheem Ashraf,LHB,ON_THE_STUMPS,SHORT,38,22,5,7.6,172.73,Pakistan
502714,Mitchell Santner,LHB,OUTSIDE_OFFSTUMP,SHORT,29,22,3,9.67,131.82,New Zealand
352048,Gulbadin Naib,RHB,OUTSIDE_OFFSTUMP,SHORT,34,22,2,17.0,154.55,Afghanistan
277916,Ajinkya Rahane,RHB,DOWN_LEG,FULL,42,22,1,42.0,190.91,India
348146,Ahsan Ali,RHB,OUTSIDE_OFFSTUMP,FULL,33,22,1,33.0,150.0,Pakistan
595978,Tristan Stubbs,RHB,ON_THE_STUMPS,FULL_TOSS,45,22,1,45.0,204.55,South Africa
938959,Wessly Madhevere,RHB,ON_THE_STUMPS,SHORT_OF_A_GOOD_LENGTH,18,22,1,18.0,81.82,Zimbabwe
932635,Nayeem Hasan,RHB,OUTSIDE_OFFSTUMP,GOOD_LENGTH,19,22,1,19.0,86.36,Bangladesh
7252,Tim Paine,RHB,OUTSIDE_OFFSTUMP,GOOD_LENGTH,22,22,2,11.0,100.0,Australia
261354,Nathan Coulter-Nile,RHB,OUTSIDE_OFFSTUMP,SHORT,44,22,1,44.0,200.0,Australia
922943,Shadab Khan,RHB,WIDE_OUTSIDE_OFFSTUMP,SHORT_OF_A_GOOD_LENGTH,29,22,1,29.0,131.82,Pakistan
279810,Wriddhiman Saha,RHB,DOWN_LEG,SHORT_OF_A_GOOD_LENGTH,24,22,1,24.0,109.09,India
261354,Nathan Coulter-Nile,RHB,ON_THE_STUMPS,FULL,25,22,5,5.0,113.64,Australia
249866,Alex Hales,RHB,DOWN_LEG,SHORT,77,22,1,77.0,350.0,England
1254269,Aman Hakim Khan,RHB,ON_THE_STUMPS,GOOD_LENGTH,16,22,2,8.0,72.73,India
550133,Mosaddek Hossain,RHB,WIDE_OUTSIDE_OFFSTUMP,FULL,39,22,3,13.0,177.27,Bangladesh
236489,Dawid Malan,LHB,ON_THE_STUMPS,YORKER,9,22,3,3.0,40.91,England
279810,Wriddhiman Saha,RHB,DOWN_LEG,FULL,23,22,2,11.5,104.55,India
1005257,Simi Singh,RHB,OUTSIDE_OFFSTUMP,GOOD_LENGTH,23,22,2,11.5,104.55,Ireland
1252585,Shubham Dubey,LHB,OUTSIDE_OFFSTUMP,FULL,27,22,1,27.0,122.73,India
307808,Rohan Mustafa,LHB,OUTSIDE_OFFSTUMP,SHORT_OF_A_GOOD_LENGTH,14,22,1,14.0,63.64,United Arab Emirates
44410,Farhaan Behardien,RHB,OUTSIDE_OFFSTUMP,SHORT_OF_A_GOOD_LENGTH,29,22,1,29.0,131.82,South Africa
398666,Sean Abbott,RHB,ON_THE_STUMPS,SHORT_OF_A_GOOD_LENGTH,31,22,1,31.0,140.91,Australia
935995,Afif Hossain,LHB,DOWN_LEG,SHORT,49,22,1,49.0,222.73,Bangladesh
325026,Glenn Maxwell,RHB,DOWN_LEG,SHORT,53,22,2,26.5,240.91,Australia
447261,Deepak Chahar,RHB,OUTSIDE_OFFSTUMP,GOOD_LENGTH,34,22,3,11.33,154.55,India
450075,Kesrick Williams,RHB,ON_THE_STUMPS,GOOD_LENGTH,14,22,1,14.0,63.64,West Indies
1122501,Mitesh Patel,RHB,ON_THE_STUMPS,GOOD_LENGTH,25,22,2,12.5,113.64,India
675945,Nahidul Islam,RHB,OUTSIDE_OFFSTUMP,FULL,13,22,5,2.6,59.09,Bangladesh
629074,Kusal Mendis,RHB,WIDE_OUTSIDE_OFFSTUMP,FULL,24,22,2,12.0,109.09,Sri Lanka
288211,Umar Amin,LHB,ON_THE_STUMPS,FULL,26,22,1,26.0,118.18,Pakistan
539548,Scott Kuggeleijn,RHB,OUTSIDE_OFFSTUMP,FULL,28,22,5,5.6,127.27,New Zealand
1060380,Ruturaj Gaikwad,RHB,ON_THE_STUMPS,FULL_TOSS,47,22,3,15.67,213.64,India
521637,Ben Duckett,LHB,DOWN_LEG,GOOD_LENGTH,24,22,2,12.0,109.09,England
333780,Nic Maddinson,LHB,DOWN_LEG,GOOD_LENGTH,26,22,2,13.0,118.18,Australia
277906,Kane Williamson,RHB,ON_THE_STUMPS,YORKER,16,22,1,16.0,72.73,New Zealand
949205,Salman Khan,RHB,ON_THE_STUMPS,GOOD_LENGTH,30,22,1,30.0,136.36,India
948593,Mihlali Mpongwana,RHB,OUTSIDE_OFFSTUMP,GOOD_LENGTH,20,22,1,20.0,90.91,South Africa
326434,Alex Carey,LHB,ON_THE_STUMPS,FULL_TOSS,24,22,1,24.0,109.09,Australia
8917,Moeen Ali,LHB,ON_THE_STUMPS,FULL_TOSS,40,22,1,40.0,181.82,England
388678,Ben Dunk,LHB,OUTSIDE_OFFSTUMP,FULL_TOSS,25,22,1,25.0,113.64,Australia
457249,Carlos Brathwaite,RHB,OUTSIDE_OFFSTUMP,YORKER,9,22,1,9.0,40.91,West Indies
237095,Murali Vijay,RHB,WIDE_OUTSIDE_OFFSTUMP,SHORT_OF_A_GOOD_LENGTH,27,22,1,27.0,122.73,India
946517,Dion Myers,RHB,ON_THE_STUMPS,GOOD_LENGTH,23,22,1,23.0,104.55,Zimbabwe
1083851,Suyash Prabhudessai,RHB,ON_THE_STUMPS,GOOD_LENGTH,32,22,1,32.0,145.45,India
402245,Amir Hamza,RHB,OUTSIDE_OFFSTUMP,GOOD_LENGTH,20,22,2,10.0,90.91,Afghanistan
595921,Curtis Campher,RHB,OUTSIDE_OFFSTUMP,SHORT,31,22,2,15.5,140.91,Ireland
600498,Aiden Markram,RHB,OUTSIDE_OFFSTUMP,FULL_TOSS,33,22,2,16.5,150.0,South Africa
333000,Peter Moor,RHB,ON_THE_STUMPS,FULL,22,22,2,11.0,100.0,Ireland
29264,Harbhajan Singh,RHB,OUTSIDE_OFFSTUMP,FULL,26,22,2,13.0,118.18,India
30045,Dinesh Karthik,RHB,ON_THE_STUMPS,YORKER,13,22,3,4.33,59.09,India
530773,Pawan Negi,LHB,OUTSIDE_OFFSTUMP,FULL,17,22,3,5.67,77.27,India
300628,Dinesh Chandimal,RHB,DOWN_LEG,SHORT_OF_A_GOOD_LENGTH,27,22,1,27.0,122.73,Sri Lanka
1072470,Shaheen Shah Afridi,LHB,ON_THE_STUMPS,SHORT_OF_A_GOOD_LENGTH,23,22,3,7.67,104.55,Pakistan
1139511,Parvez Hossain Emon,LHB,ON_THE_STUMPS,FULL,23,22,3,7.67,104.55,Bangladesh
429903,Lesiba Ngoepe,LHB,OUTSIDE_OFFSTUMP,GOOD_LENGTH,20,22,1,20.0,90.91,South Africa
297433,Jonny Bairstow,RHB,DOWN_LEG,FULL,30,22,1,30.0,136.36,England
297433,Jonny Bairstow,RHB,DOWN_LEG,GOOD_LENGTH,31,22,1,31.0,140.91,England
299572,Sikandar Raza,RHB,DOWN_LEG,SHORT_OF_A_GOOD_LENGTH,42,22,1,42.0,190.91,Zimbabwe
471342,Krunal Pandya,LHB,DOWN_LEG,FULL,29,22,1,29.0,131.82,India
230554,Javon Searles,RHB,OUTSIDE_OFFSTUMP,FULL,30,22,2,15.0,136.36,West Indies
1137262,Azam Khan,RHB,WIDE_OUTSIDE_OFFSTUMP,SHORT_OF_A_GOOD_LENGTH,24,22,3,8.0,109.09,Pakistan
1124282,Josh Philippe,RHB,WIDE_OUTSIDE_OFFSTUMP,SHORT_OF_A_GOOD_LENGTH,37,22,1,37.0,168.18,Australia
1153149,Vijayakanth Viyaskanth,RHB,OUTSIDE_OFFSTUMP,SHORT_OF_A_GOOD_LENGTH,15,22,1,15.0,68.18,Sri Lanka
438563,Mark Chapman,LHB,ON_THE_STUMPS,FULL_TOSS,43,22,2,21.5,195.45,New Zealand
707109,Sean Solia,LHB,ON_THE_STUMPS,GOOD_LENGTH,9,22,2,4.5,40.91,New Zealand
480603,Iftikhar Ahmed,RHB,ON_THE_STUMPS,FULL_TOSS,50,22,4,12.5,227.27,Pakistan
1153767,Vikramjit Singh,LHB,OUTSIDE_OFFSTUMP,GOOD_LENGTH,17,22,2,8.5,77.27,Netherlands
342619,Bhanuka Rajapaksa,LHB,DOWN_LEG,SHORT,47,22,1,47.0,213.64,Sri Lanka
1168641,Harpreet Brar,LHB,ON_THE_STUMPS,GOOD_LENGTH,10,22,5,2.0,45.45,India
716733,Khushdil Shah,LHB,DOWN_LEG,SHORT_OF_A_GOOD_LENGTH,25,22,1,25.0,113.64,Pakistan
557295,Hilton Cartwright,RHB,OUTSIDE_OFFSTUMP,FULL_TOSS,32,22,1,32.0,145.45,Australia
221140,David Wiese,RHB,ON_THE_STUMPS,FULL_TOSS,59,22,1,59.0,268.18,Namibia
429738,Lakshan Sandakan,RHB,OUTSIDE_OFFSTUMP,GOOD_LENGTH,6,22,1,6.0,27.27,Sri Lanka
348133,Steven Taylor,LHB,ON_THE_STUMPS,GOOD_LENGTH,24,22,2,12.0,109.09,United States of America
709675,James Bazley,RHB,OUTSIDE_OFFSTUMP,FULL,37,22,3,12.33,168.18,Australia
914541,Sherfane Rutherford,LHB,DOWN_LEG,SHORT,56,22,2,28.0,254.55,West Indies
776695,Matt Critchley,RHB,OUTSIDE_OFFSTUMP,SHORT_OF_A_GOOD_LENGTH,23,22,1,23.0,104.55,England
327830,Dwaine Pretorius,RHB,ON_THE_STUMPS,SHORT_OF_A_GOOD_LENGTH,31,22,3,10.33,140.91,South Africa
1168651,Haider Ali,RHB,ON_THE_STUMPS,SHORT,40,22,2,20.0,181.82,Pakistan
848623,Mark Deyal,LHB,ON_THE_STUMPS,FULL,32,22,3,10.67,145.45,West Indies
554691,Axar Patel,LHB,DOWN_LEG,FULL,26,22,3,8.67,118.18,India
1070173,Shubman Gill,RHB,ON_THE_STUMPS,YORKER,12,22,1,12.0,54.55,India
55395,Colin de Grandhomme,RHB,WIDE_OUTSIDE_OFFSTUMP,GOOD_LENGTH,46,22,2,23.0,209.09,New Zealand
784369,Avishka Fernando,RHB,DOWN_LEG,GOOD_LENGTH,41,22,2,20.5,186.36,Sri Lanka
793463,Rashid Khan,RHB,WIDE_OUTSIDE_OFFSTUMP,SHORT_OF_A_GOOD_LENGTH,34,22,1,34.0,154.55,Afghanistan
314650,Nkrumah Bonner,RHB,ON_THE_STUMPS,GOOD_LENGTH,15,22,3,5.0,68.18,West Indies
228210,Mehedi Maruf,RHB,OUTSIDE_OFFSTUMP,GOOD_LENGTH,12,22,3,4.0,54.55,Bangladesh
571911,Joe Clarke,RHB,WIDE_OUTSIDE_OFFSTUMP,SHORT_OF_A_GOOD_LENGTH,29,22,1,29.0,131.82,England
42639,Shahid Afridi,RHB,OUTSIDE_OFFSTUMP,SHORT,30,22,3,10.0,136.36,Pakistan
573170,Luke Wood,LHB,OUTSIDE_OFFSTUMP,GOOD_LENGTH,17,22,3,5.67,77.27,England
311592,Mitchell Starc,LHB,OUTSIDE_OFFSTUMP,GOOD_LENGTH,15,22,1,15.0,68.18,Australia
302845,Tony Ura,RHB,OUTSIDE_OFFSTUMP,SHORT_OF_A_GOOD_LENGTH,33,22,1,33.0,150.0,Papua New Guinea
1161024,Prabhsimran Singh,RHB,OUTSIDE_OFFSTUMP,SHORT,62,22,3,20.67,281.82,India
290727,Rishi Dhawan,RHB,OUTSIDE_OFFSTUMP,GOOD_LENGTH,29,22,1,29.0,131.82,India
784615,Henry Hunt,RHB,OUTSIDE_OFFSTUMP,FULL,26,22,1,26.0,118.18,Australia
532856,Manan Vohra,RHB,WIDE_OUTSIDE_OFFSTUMP,FULL,45,22,3,15.0,204.55,India
723105,Rinku Singh,LHB,DOWN_LEG,SHORT_OF_A_GOOD_LENGTH,45,22,2,22.5,204.55,India
1158100,Mohammad Hasnain,RHB,OUTSIDE_OFFSTUMP,GOOD_LENGTH,9,22,1,9.0,40.91,Pakistan
297433,Jonny Bairstow,RHB,WIDE_OUTSIDE_OFFSTUMP,SHORT_OF_A_GOOD_LENGTH,30,22,1,30.0,136.36,England
439952,Chris Morris,RHB,OUTSIDE_OFFSTUMP,FULL_TOSS,34,22,4,8.5,154.55,South Africa
556916,Mukhtar Ahmed,RHB,ON_THE_STUMPS,GOOD_LENGTH,13,22,1,13.0,59.09,United States of America
1079434,Riyan Parag,RHB,ON_THE_STUMPS,FULL_TOSS,33,22,3,11.0,150.0,India
1161050,Sediqullah Atal,LHB,OUTSIDE_OFFSTUMP,SHORT_OF_A_GOOD_LENGTH,20,22,1,20.0,90.91,Afghanistan
1137262,Azam Khan,RHB,DOWN_LEG,SHORT_OF_A_GOOD_LENGTH,53,22,1,53.0,240.91,Pakistan
30288,Karn Sharma,LHB,ON_THE_STUMPS,GOOD_LENGTH,13,21,3,4.33,61.9,India
414966,Michael Leask,RHB,OUTSIDE_OFFSTUMP,FULL,19,21,3,6.33,90.48,Scotland
300617,Rony Talukdar,RHB,WIDE_OUTSIDE_OFFSTUMP,FULL,27,21,1,27.0,128.57,Bangladesh
897549,Will Jacks,RHB,WIDE_OUTSIDE_OFFSTUMP,GOOD_LENGTH,27,21,2,13.5,128.57,England
277914,Jeet Raval,LHB,OUTSIDE_OFFSTUMP,GOOD_LENGTH,13,21,2,6.5,61.9,New Zealand
906745,Leniko Boucher,RHB,OUTSIDE_OFFSTUMP,GOOD_LENGTH,30,21,1,30.0,142.86,West Indies
28081,MS Dhoni,RHB,DOWN_LEG,FULL,32,21,3,10.67,152.38,India
359649,Mohammed Aslam,RHB,ON_THE_STUMPS,GOOD_LENGTH,27,21,1,27.0,128.57,Kuwait
44410,Farhaan Behardien,RHB,WIDE_OUTSIDE_OFFSTUMP,GOOD_LENGTH,21,21,2,10.5,100.0,South Africa
26421,Ravichandran Ashwin,RHB,OUTSIDE_OFFSTUMP,SHORT,44,21,2,22.0,209.52,India
40618,Imran Tahir,RHB,ON_THE_STUMPS,FULL,23,21,4,5.75,109.52,South Africa
834741,Caleb Jewell,LHB,WIDE_OUTSIDE_OFFSTUMP,FULL,35,21,2,17.5,166.67,Australia
44932,Jean-Paul Duminy,LHB,OUTSIDE_OFFSTUMP,SHORT,36,21,1,36.0,171.43,South Africa
44410,Farhaan Behardien,RHB,ON_THE_STUMPS,SHORT_OF_A_GOOD_LENGTH,35,21,2,17.5,166.67,South Africa
595978,Tristan Stubbs,RHB,ON_THE_STUMPS,SHORT,43,21,2,21.5,204.76,South Africa
432783,Sachin Baby,LHB,OUTSIDE_OFFSTUMP,GOOD_LENGTH,13,21,1,13.0,61.9,India
680045,Shubham Sharma,RHB,ON_THE_STUMPS,FULL,20,21,1,20.0,95.24,India
922943,Shadab Khan,RHB,WIDE_OUTSIDE_OFFSTUMP,GOOD_LENGTH,21,21,2,10.5,100.0,Pakistan
277912,Trent Boult,RHB,OUTSIDE_OFFSTUMP,GOOD_LENGTH,33,21,1,33.0,157.14,New Zealand
495964,Ryan Burl,LHB,OUTSIDE_OFFSTUMP,SHORT,15,21,2,7.5,71.43,Zimbabwe
410765,Nurul Hasan,RHB,WIDE_OUTSIDE_OFFSTUMP,GOOD_LENGTH,37,21,1,37.0,176.19,Bangladesh
360456,Asela Gunaratne,RHB,ON_THE_STUMPS,FULL,39,21,2,19.5,185.71,Sri Lanka
56029,Mushfiqur Rahim,RHB,DOWN_LEG,GOOD_LENGTH,15,21,3,5.0,71.43,Bangladesh
446507,Suryakumar Yadav,RHB,WIDE_OUTSIDE_OFFSTUMP,FULL_TOSS,61,21,1,61.0,290.48,India
1277545,Abishek Porel,LHB,ON_THE_STUMPS,FULL,36,21,4,9.0,171.43,India
1124283,Aaron Hardie,RHB,OUTSIDE_OFFSTUMP,SHORT,47,21,1,47.0,223.81,Australia
46248,Albie Morkel,LHB,ON_THE_STUMPS,GOOD_LENGTH,21,21,1,21.0,100.0,South Africa
304735,Dilshan Munaweera,RHB,ON_THE_STUMPS,FULL,29,21,2,14.5,138.1,Sri Lanka
390481,Harshal Patel,RHB,ON_THE_STUMPS,FULL,38,21,4,9.5,180.95,India
990031,Towhid Hridoy,RHB,WIDE_OUTSIDE_OFFSTUMP,FULL,26,21,2,13.0,123.81,Bangladesh
348049,Nasum Ahmed,LHB,ON_THE_STUMPS,GOOD_LENGTH,22,21,3,7.33,104.76,Bangladesh
1123428,Usman Khan,RHB,ON_THE_STUMPS,SHORT,41,21,1,41.0,195.24,Pakistan
40618,Imran Tahir,RHB,ON_THE_STUMPS,GOOD_LENGTH,26,21,6,4.33,123.81,South Africa
1124283,Aaron Hardie,RHB,WIDE_OUTSIDE_OFFSTUMP,FULL,31,21,2,15.5,147.62,Australia
714451,Shivam Dube,LHB,WIDE_OUTSIDE_OFFSTUMP,FULL,44,21,4,11.0,209.52,India
833777,Michael van Lingen,LHB,OUTSIDE_OFFSTUMP,SHORT_OF_A_GOOD_LENGTH,20,21,2,10.0,95.24,Namibia
326637,Chris Lynn,RHB,WIDE_OUTSIDE_OFFSTUMP,SHORT,53,21,3,17.67,252.38,Australia
1125715,Justin Avendano,RHB,ON_THE_STUMPS,FULL,30,21,1,30.0,142.86,Australia
55354,Chamu Chibhabha,RHB,OUTSIDE_OFFSTUMP,SHORT_OF_A_GOOD_LENGTH,25,21,2,12.5,119.05,Zimbabwe
659081,Mark Watt,LHB,OUTSIDE_OFFSTUMP,GOOD_LENGTH,19,21,2,9.5,90.48,Scotland
35582,Robin Uthappa,RHB,DOWN_LEG,SHORT_OF_A_GOOD_LENGTH,22,21,1,22.0,104.76,India
334337,Peter Handscomb,RHB,DOWN_LEG,GOOD_LENGTH,29,21,2,14.5,138.1,Australia
325026,Glenn Maxwell,RHB,WIDE_OUTSIDE_OFFSTUMP,SHORT,58,21,1,58.0,276.19,Australia
35582,Robin Uthappa,RHB,WIDE_OUTSIDE_OFFSTUMP,SHORT_OF_A_GOOD_LENGTH,36,21,1,36.0,171.43,India
1243738,Mitchell Hay,RHB,OUTSIDE_OFFSTUMP,GOOD_LENGTH,27,21,1,27.0,128.57,New Zealand
1070183,Abhishek Sharma,LHB,DOWN_LEG,GOOD_LENGTH,37,21,1,37.0,176.19,India
600498,Aiden Markram,RHB,ON_THE_STUMPS,YORKER,13,21,2,6.5,61.9,South Africa
325026,Glenn Maxwell,RHB,DOWN_LEG,YORKER,17,21,1,17.0,80.95,Australia
259410,Ahmed Shehzad,RHB,DOWN_LEG,GOOD_LENGTH,24,21,2,12.0,114.29,Pakistan
253802,Virat Kohli,RHB,WIDE_OUTSIDE_OFFSTUMP,FULL_TOSS,42,21,1,42.0,200.0,India
36084,Yuvraj Singh,LHB,DOWN_LEG,FULL,43,21,2,21.5,204.76,India
35582,Robin Uthappa,RHB,ON_THE_STUMPS,FULL_TOSS,35,21,1,35.0,166.67,India
928057,Lorcan Tucker,RHB,OUTSIDE_OFFSTUMP,SHORT,45,21,1,45.0,214.29,Ireland
732269,Upendra Yadav,RHB,ON_THE_STUMPS,FULL,36,21,2,18.0,171.43,India
219885,Tom Cooper,RHB,WIDE_OUTSIDE_OFFSTUMP,SHORT_OF_A_GOOD_LENGTH,15,21,1,15.0,71.43,Netherlands
244497,Adil Rashid,RHB,ON_THE_STUMPS,GOOD_LENGTH,14,21,3,4.67,66.67,England
547749,Will Young,RHB,ON_THE_STUMPS,SHORT_OF_A_GOOD_LENGTH,17,21,2,8.5,80.95,New Zealand
1158088,Naseem Shah,RHB,OUTSIDE_OFFSTUMP,SHORT_OF_A_GOOD_LENGTH,15,21,3,5.0,71.43,Pakistan
267724,Keshav Maharaj,RHB,OUTSIDE_OFFSTUMP,SHORT_OF_A_GOOD_LENGTH,20,21,3,6.67,95.24,South Africa
477021,Vijay Shankar,RHB,ON_THE_STUMPS,SHORT,29,21,1,29.0,138.1,India
1168641,Harpreet Brar,LHB,OUTSIDE_OFFSTUMP,FULL,50,21,1,50.0,238.1,India
296597,James Vince,RHB,OUTSIDE_OFFSTUMP,YORKER,15,21,1,15.0,71.43,England
816627,Macalister Wright,RHB,ON_THE_STUMPS,SHORT_OF_A_GOOD_LENGTH,26,21,1,26.0,123.81,Australia
333624,Alex Ross,RHB,WIDE_OUTSIDE_OFFSTUMP,FULL,37,21,3,12.33,176.19,Australia
326639,Simon Milenko,RHB,ON_THE_STUMPS,FULL,32,21,2,16.0,152.38,Australia
913847,Zubaidi Zulkifle,RHB,OUTSIDE_OFFSTUMP,GOOD_LENGTH,23,21,2,11.5,109.52,Malaysia
722303,Matt Renshaw,LHB,WIDE_OUTSIDE_OFFSTUMP,FULL,37,21,2,18.5,176.19,Australia
41984,Mohammad Nadeem,RHB,OUTSIDE_OFFSTUMP,FULL,17,21,3,5.67,80.95,Oman
505110,Kurtis Patterson,LHB,DOWN_LEG,SHORT_OF_A_GOOD_LENGTH,23,21,1,23.0,109.52,Australia
774217,Clint Hinchliffe,LHB,OUTSIDE_OFFSTUMP,GOOD_LENGTH,9,21,4,2.25,42.86,Australia
605360,Akshay Wadkar,RHB,ON_THE_STUMPS,FULL,20,21,1,20.0,95.24,India
299572,Sikandar Raza,RHB,WIDE_OUTSIDE_OFFSTUMP,SHORT,48,21,4,12.0,228.57,Zimbabwe
1202263,Thomas Kelly,RHB,OUTSIDE_OFFSTUMP,FULL,22,21,1,22.0,104.76,Australia
430246,Yuzvendra Chahal,RHB,OUTSIDE_OFFSTUMP,GOOD_LENGTH,7,21,1,7.0,33.33,India
1012137,Mrittunjoy Chowdhury,LHB,OUTSIDE_OFFSTUMP,GOOD_LENGTH,21,21,1,21.0,100.0,Bangladesh
772361,Sam Harper,RHB,WIDE_OUTSIDE_OFFSTUMP,GOOD_LENGTH,24,21,1,24.0,114.29,Australia
297433,Jonny Bairstow,RHB,DOWN_LEG,SHORT_OF_A_GOOD_LENGTH,29,21,1,29.0,138.1,England
1152427,Dunith Wellalage,LHB,OUTSIDE_OFFSTUMP,SHORT_OF_A_GOOD_LENGTH,18,21,3,6.0,85.71,Sri Lanka
12454,Joe Denly,RHB,DOWN_LEG,GOOD_LENGTH,16,21,1,16.0,76.19,England
32102,Naman Ojha,RHB,OUTSIDE_OFFSTUMP,FULL,15,21,1,15.0,71.43,India
1178586,Vriitya Aravind,RHB,ON_THE_STUMPS,SHORT_OF_A_GOOD_LENGTH,19,21,2,9.5,90.48,United Arab Emirates
1139520,Tanzim Hasan Sakib,RHB,OUTSIDE_OFFSTUMP,SHORT_OF_A_GOOD_LENGTH,25,21,1,25.0,119.05,Bangladesh
550215,Kagiso Rabada,LHB,OUTSIDE_OFFSTUMP,SHORT_OF_A_GOOD_LENGTH,28,21,2,14.0,133.33,South Africa
44149,Johan Botha,RHB,OUTSIDE_OFFSTUMP,FULL,26,21,2,13.0,123.81,South Africa
826901,Daniel Sams,RHB,ON_THE_STUMPS,FULL_TOSS,51,21,3,17.0,242.86,Australia
319439,Mitchell McClenaghan,LHB,OUTSIDE_OFFSTUMP,GOOD_LENGTH,19,21,3,6.33,90.48,New Zealand
342619,Bhanuka Rajapaksa,LHB,ON_THE_STUMPS,YORKER,10,21,1,10.0,47.62,Sri Lanka
627627,Tom Rogers,LHB,ON_THE_STUMPS,GOOD_LENGTH,25,21,1,25.0,119.05,Australia
974109,Mujeeb Ur Rahman,RHB,OUTSIDE_OFFSTUMP,SHORT_OF_A_GOOD_LENGTH,18,21,2,9.0,85.71,Afghanistan
322810,Cameron Delport,LHB,DOWN_LEG,GOOD_LENGTH,25,21,3,8.33,119.05,South Africa
1126693,Baxter Holt,RHB,OUTSIDE_OFFSTUMP,GOOD_LENGTH,18,21,2,9.0,85.71,Australia
486672,Theunis de Bruyn,RHB,WIDE_OUTSIDE_OFFSTUMP,GOOD_LENGTH,18,21,1,18.0,85.71,South Africa
1295842,Campbell Kellaway,LHB,OUTSIDE_OFFSTUMP,GOOD_LENGTH,25,21,2,12.5,119.05,Australia
559062,Nick Kelly,LHB,DOWN_LEG,GOOD_LENGTH,15,21,1,15.0,71.43,New Zealand
537119,Mohit Sharma,RHB,OUTSIDE_OFFSTUMP,FULL,25,21,2,12.5,119.05,India
376116,Umesh Yadav,RHB,OUTSIDE_OFFSTUMP,FULL,23,21,1,23.0,109.52,India
451782,James Fuller,RHB,OUTSIDE_OFFSTUMP,FULL,29,21,2,14.5,138.1,England
1091078,Tion Webster,RHB,OUTSIDE_OFFSTUMP,SHORT,19,21,2,9.5,90.48,West Indies
40618,Imran Tahir,RHB,OUTSIDE_OFFSTUMP,SHORT_OF_A_GOOD_LENGTH,19,21,4,4.75,90.48,South Africa
41140,Khurram Manzoor,RHB,ON_THE_STUMPS,FULL,35,21,2,17.5,166.67,Pakistan
227762,Sharjeel Khan,LHB,ON_THE_STUMPS,SHORT,47,21,1,47.0,223.81,Pakistan
52917,Denesh Ramdin,RHB,DOWN_LEG,FULL,24,21,2,12.0,114.29,West Indies
590326,Mitchell Swepson,RHB,ON_THE_STUMPS,GOOD_LENGTH,14,21,3,4.67,66.67,Australia
300631,Kusal Perera,LHB,OUTSIDE_OFFSTUMP,FULL_TOSS,39,21,2,19.5,185.71,Sri Lanka
234675,Ravindra Jadeja,LHB,DOWN_LEG,FULL,28,21,1,28.0,133.33,India
277662,Corey Anderson,LHB,DOWN_LEG,GOOD_LENGTH,21,21,1,21.0,100.0,United States of America
595406,Shane Dadswell,RHB,OUTSIDE_OFFSTUMP,GOOD_LENGTH,11,21,1,11.0,52.38,South Africa
333904,Aditya Tare,RHB,ON_THE_STUMPS,FULL,27,21,2,13.5,128.57,India
539304,Babar Hayat,RHB,ON_THE_STUMPS,FULL,30,21,1,30.0,142.86,Hong Kong
824159,Tayyab Tahir,RHB,ON_THE_STUMPS,FULL,30,21,1,30.0,142.86,Pakistan
681801,Shakeel Ahmed,LHB,OUTSIDE_OFFSTUMP,GOOD_LENGTH,20,21,1,20.0,95.24,Oman
423838,Rahul Tewatia,LHB,WIDE_OUTSIDE_OFFSTUMP,FULL,48,21,4,12.0,228.57,India
1287029,Bipin Saurabh,RHB,OUTSIDE_OFFSTUMP,SHORT_OF_A_GOOD_LENGTH,37,21,2,18.5,176.19,India
303427,Paul Stirling,RHB,ON_THE_STUMPS,YORKER,11,21,1,11.0,52.38,Ireland
308794,Michael Swart,RHB,ON_THE_STUMPS,GOOD_LENGTH,13,21,1,13.0,61.9,Australia
43266,Sohaib Maqsood,RHB,WIDE_OUTSIDE_OFFSTUMP,SHORT_OF_A_GOOD_LENGTH,25,21,1,25.0,119.05,Pakistan
41028,Kamran Akmal,RHB,ON_THE_STUMPS,SHORT,50,21,3,16.67,238.1,Pakistan
326434,Alex Carey,LHB,WIDE_OUTSIDE_OFFSTUMP,GOOD_LENGTH,28,21,2,14.0,133.33,Australia
1076722,Will Sutherland,RHB,OUTSIDE_OFFSTUMP,FULL,31,21,2,15.5,147.62,Australia
1428999,Vimukthi Viraj,RHB,OUTSIDE_OFFSTUMP,GOOD_LENGTH,10,21,2,5.0,47.62,
595954,Duan Jansen,RHB,OUTSIDE_OFFSTUMP,GOOD_LENGTH,31,21,3,10.33,147.62,South Africa
633366,Shahidullah,LHB,ON_THE_STUMPS,GOOD_LENGTH,19,21,1,19.0,90.48,Afghanistan
32242,Parthiv Patel,LHB,ON_THE_STUMPS,SHORT,45,21,1,45.0,214.29,India
56029,Mushfiqur Rahim,RHB,ON_THE_STUMPS,FULL_TOSS,49,21,1,49.0,233.33,Bangladesh
388678,Ben Dunk,LHB,DOWN_LEG,GOOD_LENGTH,18,21,1,18.0,85.71,Australia
24605,Kevin O'Brien,RHB,ON_THE_STUMPS,SHORT_OF_A_GOOD_LENGTH,35,21,2,17.5,166.67,Ireland
539548,Scott Kuggeleijn,RHB,OUTSIDE_OFFSTUMP,SHORT_OF_A_GOOD_LENGTH,38,21,1,38.0,180.95,New Zealand
52917,Denesh Ramdin,RHB,ON_THE_STUMPS,SHORT,22,21,3,7.33,104.76,West Indies
55870,Sean Williams,LHB,DOWN_LEG,SHORT_OF_A_GOOD_LENGTH,37,21,1,37.0,176.19,Zimbabwe
788101,Tom Moores,LHB,OUTSIDE_OFFSTUMP,SHORT_OF_A_GOOD_LENGTH,24,21,1,24.0,114.29,England
440517,Dane Cleaver,RHB,ON_THE_STUMPS,FULL,29,21,2,14.5,138.1,New Zealand
328026,Isuru Udana,RHB,OUTSIDE_OFFSTUMP,SHORT,35,21,1,35.0,166.67,Sri Lanka
290716,Kedar Jadhav,RHB,WIDE_OUTSIDE_OFFSTUMP,GOOD_LENGTH,28,21,1,28.0,133.33,India
625964,Tim Seifert,RHB,DOWN_LEG,GOOD_LENGTH,36,21,2,18.0,171.43,New Zealand
269237,Mohammad Mithun,RHB,WIDE_OUTSIDE_OFFSTUMP,GOOD_LENGTH,13,21,2,6.5,61.9,Bangladesh
698343,Eathan Bosch,RHB,OUTSIDE_OFFSTUMP,GOOD_LENGTH,22,21,1,22.0,104.76,South Africa
974087,Rahmanullah Gurbaz,RHB,ON_THE_STUMPS,FULL_TOSS,36,21,2,18.0,171.43,Afghanistan
826915,Nathan Ellis,RHB,ON_THE_STUMPS,FULL,32,21,3,10.67,152.38,Australia
629063,Mehidy Hasan Miraz,RHB,WIDE_OUTSIDE_OFFSTUMP,FULL,35,21,2,17.5,166.67,Bangladesh
662235,Josh Inglis,RHB,WIDE_OUTSIDE_OFFSTUMP,GOOD_LENGTH,40,20,1,40.0,200.0,Australia
56025,Mahmudullah,RHB,DOWN_LEG,GOOD_LENGTH,22,20,1,22.0,110.0,Bangladesh
732293,Vishnu Vinod,RHB,OUTSIDE_OFFSTUMP,GOOD_LENGTH,12,20,2,6.0,60.0,India
532856,Manan Vohra,RHB,OUTSIDE_OFFSTUMP,SHORT,49,20,1,49.0,245.0,India
834741,Caleb Jewell,LHB,DOWN_LEG,SHORT_OF_A_GOOD_LENGTH,15,20,1,15.0,75.0,Australia
1217288,Usman Patel,RHB,ON_THE_STUMPS,FULL,29,20,1,29.0,145.0,Kuwait
438563,Mark Chapman,LHB,OUTSIDE_OFFSTUMP,SHORT,41,20,2,20.5,205.0,New Zealand
793447,Naveen-ul-Haq,RHB,OUTSIDE_OFFSTUMP,SHORT_OF_A_GOOD_LENGTH,15,20,1,15.0,75.0,Afghanistan
1129634,Katene Clarke,RHB,OUTSIDE_OFFSTUMP,SHORT_OF_A_GOOD_LENGTH,39,20,1,39.0,195.0,New Zealand
1093638,Imran Ali,LHB,ON_THE_STUMPS,FULL,18,20,1,18.0,90.0,Bahrain
40082,Ehsan Khan,RHB,ON_THE_STUMPS,GOOD_LENGTH,21,20,2,10.5,105.0,Hong Kong
55872,Malcolm Waller,RHB,OUTSIDE_OFFSTUMP,SHORT_OF_A_GOOD_LENGTH,36,20,1,36.0,180.0,Zimbabwe
311158,Ben Stokes,LHB,ON_THE_STUMPS,FULL_TOSS,18,20,4,4.5,90.0,England
833777,Michael van Lingen,LHB,ON_THE_STUMPS,GOOD_LENGTH,18,20,1,18.0,90.0,Namibia
1028655,Pathum Nissanka,RHB,ON_THE_STUMPS,SHORT,35,20,4,8.75,175.0,Sri Lanka
793457,Hazratullah Zazai,LHB,ON_THE_STUMPS,SHORT,53,20,2,26.5,265.0,Afghanistan
1129639,Callum McLachlan,RHB,ON_THE_STUMPS,GOOD_LENGTH,21,20,2,10.5,105.0,New Zealand
906783,Obed McCoy,LHB,OUTSIDE_OFFSTUMP,GOOD_LENGTH,18,20,6,3.0,90.0,West Indies
625371,Hardik Pandya,RHB,WIDE_OUTSIDE_OFFSTUMP,SHORT,42,20,3,14.0,210.0,India
42657,Shoaib Malik,RHB,DOWN_LEG,SHORT,23,20,4,5.75,115.0,Pakistan
571703,Wellington Masakadza,LHB,OUTSIDE_OFFSTUMP,GOOD_LENGTH,19,20,1,19.0,95.0,Zimbabwe
333000,Peter Moor,RHB,OUTSIDE_OFFSTUMP,FULL,33,20,1,33.0,165.0,Ireland
1344846,Saad Khan,LHB,OUTSIDE_OFFSTUMP,GOOD_LENGTH,20,20,3,6.67,100.0,Saudi Arabia
723105,Rinku Singh,LHB,ON_THE_STUMPS,YORKER,17,20,2,8.5,85.0,India
784615,Henry Hunt,RHB,ON_THE_STUMPS,FULL,21,20,2,10.5,105.0,Australia
362201,Lewis Gregory,RHB,ON_THE_STUMPS,FULL_TOSS,35,20,2,17.5,175.0,England
4864,Dan Christian,RHB,DOWN_LEG,FULL,26,20,3,8.67,130.0,Australia
1012137,Mrittunjoy Chowdhury,LHB,OUTSIDE_OFFSTUMP,SHORT_OF_A_GOOD_LENGTH,14,20,3,4.67,70.0,Bangladesh
297628,Sam Billings,RHB,DOWN_LEG,FULL,29,20,2,14.5,145.0,England
959771,Nathan Smith,RHB,OUTSIDE_OFFSTUMP,GOOD_LENGTH,28,20,3,9.33,140.0,New Zealand
628240,Hussain Talat,LHB,DOWN_LEG,GOOD_LENGTH,18,20,1,18.0,90.0,Pakistan
662973,Sam Curran,LHB,WIDE_OUTSIDE_OFFSTUMP,GOOD_LENGTH,27,20,2,13.5,135.0,England
1093638,Imran Ali,LHB,OUTSIDE_OFFSTUMP,SHORT_OF_A_GOOD_LENGTH,14,20,1,14.0,70.0,Bahrain
820351,Rovman Powell,RHB,OUTSIDE_OFFSTUMP,YORKER,15,20,1,15.0,75.0,West Indies
28081,MS Dhoni,RHB,WIDE_OUTSIDE_OFFSTUMP,FULL_TOSS,41,20,1,41.0,205.0,India
1278994,Shiv Mathur,RHB,ON_THE_STUMPS,GOOD_LENGTH,14,20,2,7.0,70.0,Hong Kong
227758,Imad Wasim,LHB,WIDE_OUTSIDE_OFFSTUMP,GOOD_LENGTH,23,20,1,23.0,115.0,Pakistan
1149157,Chris Benjamin,RHB,ON_THE_STUMPS,GOOD_LENGTH,19,20,2,9.5,95.0,England
784367,Charith Asalanka,LHB,ON_THE_STUMPS,SHORT,42,20,2,21.0,210.0,Sri Lanka
269237,Mohammad Mithun,RHB,OUTSIDE_OFFSTUMP,SHORT,33,20,2,16.5,165.0,Bangladesh
951781,Milton Shumba,LHB,ON_THE_STUMPS,FULL,13,20,1,13.0,65.0,Zimbabwe
1151278,Yashasvi Jaiswal,LHB,ON_THE_STUMPS,FULL_TOSS,39,20,3,13.0,195.0,India
557295,Hilton Cartwright,RHB,WIDE_OUTSIDE_OFFSTUMP,GOOD_LENGTH,23,20,1,23.0,115.0,Australia
345821,Danushka Gunathilaka,LHB,ON_THE_STUMPS,SHORT,42,20,3,14.0,210.0,Sri Lanka
1292498,Yash Dhull,RHB,ON_THE_STUMPS,GOOD_LENGTH,18,20,1,18.0,90.0,India
892749,Tim David,RHB,DOWN_LEG,SHORT_OF_A_GOOD_LENGTH,22,20,3,7.33,110.0,Australia
327830,Dwaine Pretorius,RHB,WIDE_OUTSIDE_OFFSTUMP,FULL,56,20,2,28.0,280.0,South Africa
221140,David Wiese,RHB,ON_THE_STUMPS,SHORT,44,20,1,44.0,220.0,Namibia
633638,Sharvin Muniandy,RHB,ON_THE_STUMPS,GOOD_LENGTH,15,20,2,7.5,75.0,Malaysia
781285,Jake Weatherald,LHB,DOWN_LEG,FULL,41,20,1,41.0,205.0,Australia
559066,Ish Sodhi,RHB,ON_THE_STUMPS,FULL,41,20,1,41.0,205.0,New Zealand
502714,Mitchell Santner,LHB,ON_THE_STUMPS,SHORT,24,20,1,24.0,120.0,New Zealand
49764,Angelo Mathews,RHB,OUTSIDE_OFFSTUMP,FULL_TOSS,29,20,2,14.5,145.0,Sri Lanka
344580,Shreyas Gopal,RHB,ON_THE_STUMPS,GOOD_LENGTH,16,20,3,5.33,80.0,India
373696,Mominul Haque,LHB,ON_THE_STUMPS,FULL,29,20,2,14.5,145.0,Bangladesh
389605,Ashish Reddy,RHB,OUTSIDE_OFFSTUMP,GOOD_LENGTH,32,20,1,32.0,160.0,India
605575,Matthew Short,RHB,ON_THE_STUMPS,YORKER,17,20,5,3.4,85.0,Australia
1151273,Nehal Wadhera,LHB,ON_THE_STUMPS,FULL,39,20,1,39.0,195.0,India
221140,David Wiese,RHB,DOWN_LEG,GOOD_LENGTH,25,20,1,25.0,125.0,Namibia
437669,Jordan Silk,RHB,DOWN_LEG,GOOD_LENGTH,20,20,1,20.0,100.0,Australia
471342,Krunal Pandya,LHB,WIDE_OUTSIDE_OFFSTUMP,FULL,37,20,1,37.0,185.0,India
390484,Jaydev Unadkat,RHB,OUTSIDE_OFFSTUMP,SHORT_OF_A_GOOD_LENGTH,29,20,1,29.0,145.0,India
46942,Aaron Phangiso,RHB,OUTSIDE_OFFSTUMP,GOOD_LENGTH,7,20,1,7.0,35.0,South Africa
29264,Harbhajan Singh,RHB,ON_THE_STUMPS,GOOD_LENGTH,13,20,2,6.5,65.0,India
299572,Sikandar Raza,RHB,OUTSIDE_OFFSTUMP,FULL_TOSS,25,20,4,6.25,125.0,Zimbabwe
530011,Travis Head,LHB,WIDE_OUTSIDE_OFFSTUMP,GOOD_LENGTH,25,20,2,12.5,125.0,Australia
477021,Vijay Shankar,RHB,WIDE_OUTSIDE_OFFSTUMP,FULL,63,20,1,63.0,315.0,India
227760,Sarfaraz Ahmed,RHB,OUTSIDE_OFFSTUMP,FULL_TOSS,27,20,1,27.0,135.0,Pakistan
935995,Afif Hossain,LHB,WIDE_OUTSIDE_OFFSTUMP,FULL,40,20,2,20.0,200.0,Bangladesh
532856,Manan Vohra,RHB,ON_THE_STUMPS,SHORT_OF_A_GOOD_LENGTH,26,20,2,13.0,130.0,India
629059,Yasir Ali,RHB,OUTSIDE_OFFSTUMP,SHORT,23,20,2,11.5,115.0,Bangladesh
227758,Imad Wasim,LHB,WIDE_OUTSIDE_OFFSTUMP,SHORT_OF_A_GOOD_LENGTH,19,20,1,19.0,95.0,Pakistan
1241277,Muhammad Waseem,RHB,WIDE_OUTSIDE_OFFSTUMP,FULL,32,20,3,10.67,160.0,United Arab Emirates
227762,Sharjeel Khan,LHB,DOWN_LEG,SHORT,66,20,1,66.0,330.0,Pakistan
873199,Chris Greaves,RHB,OUTSIDE_OFFSTUMP,FULL,16,20,2,8.0,80.0,Scotland
56025,Mahmudullah,RHB,OUTSIDE_OFFSTUMP,YORKER,23,20,1,23.0,115.0,Bangladesh
501011,Cameron Bancroft,RHB,ON_THE_STUMPS,FULL_TOSS,29,20,2,14.5,145.0,Australia
381743,Daryl Mitchell,RHB,ON_THE_STUMPS,FULL_TOSS,31,20,1,31.0,155.0,New Zealand
227762,Sharjeel Khan,LHB,WIDE_OUTSIDE_OFFSTUMP,GOOD_LENGTH,13,20,4,3.25,65.0,Pakistan
642531,Ricky Bhui,RHB,ON_THE_STUMPS,GOOD_LENGTH,23,20,1,23.0,115.0,India
774223,Jhye Richardson,RHB,ON_THE_STUMPS,SHORT_OF_A_GOOD_LENGTH,20,20,1,20.0,100.0,Australia
227762,Sharjeel Khan,LHB,OUTSIDE_OFFSTUMP,SHORT,54,20,2,27.0,270.0,Pakistan
49619,Suranga Lakmal,RHB,OUTSIDE_OFFSTUMP,GOOD_LENGTH,13,20,2,6.5,65.0,Sri Lanka
314622,Krishmar Santokie,LHB,OUTSIDE_OFFSTUMP,FULL,17,20,4,4.25,85.0,West Indies
55870,Sean Williams,LHB,WIDE_OUTSIDE_OFFSTUMP,GOOD_LENGTH,22,20,1,22.0,110.0,Zimbabwe
345821,Danushka Gunathilaka,LHB,OUTSIDE_OFFSTUMP,SHORT,39,20,1,39.0,195.0,Sri Lanka
56251,Alok Kapali,RHB,ON_THE_STUMPS,GOOD_LENGTH,25,20,1,25.0,125.0,Bangladesh
787073,Chris Green,RHB,WIDE_OUTSIDE_OFFSTUMP,SHORT_OF_A_GOOD_LENGTH,37,20,1,37.0,185.0,Australia
18632,Samit Patel,RHB,OUTSIDE_OFFSTUMP,SHORT,43,20,3,14.33,215.0,England
288992,Chris Jordan,RHB,WIDE_OUTSIDE_OFFSTUMP,FULL,37,20,2,18.5,185.0,England
1185538,Mohammad Wasim,RHB,OUTSIDE_OFFSTUMP,FULL,19,20,1,19.0,95.0,Pakistan
1185538,Mohammad Wasim,RHB,OUTSIDE_OFFSTUMP,SHORT,24,20,2,12.0,120.0,Pakistan
326016,Bhuvneshwar Kumar,RHB,ON_THE_STUMPS,FULL,24,20,2,12.0,120.0,India
352048,Gulbadin Naib,RHB,ON_THE_STUMPS,SHORT_OF_A_GOOD_LENGTH,20,20,2,10.0,100.0,Afghanistan
1050545,Xavier Bartlett,RHB,ON_THE_STUMPS,GOOD_LENGTH,11,20,1,11.0,55.0,Australia
596099,Dean Foxcroft,RHB,ON_THE_STUMPS,SHORT_OF_A_GOOD_LENGTH,30,20,2,15.0,150.0,New Zealand
234675,Ravindra Jadeja,LHB,ON_THE_STUMPS,YORKER,22,20,1,22.0,110.0,India
1079470,Ramandeep Singh,RHB,OUTSIDE_OFFSTUMP,SHORT_OF_A_GOOD_LENGTH,28,20,2,14.0,140.0,India
355269,James Neesham,LHB,ON_THE_STUMPS,FULL_TOSS,49,20,2,24.5,245.0,New Zealand
911707,Harry Brook,RHB,OUTSIDE_OFFSTUMP,SHORT,40,20,2,20.0,200.0,England
1206406,Jake Gibson,RHB,OUTSIDE_OFFSTUMP,GOOD_LENGTH,19,20,3,6.33,95.0,New Zealand
355269,James Neesham,LHB,ON_THE_STUMPS,YORKER,16,20,1,16.0,80.0,New Zealand
290727,Rishi Dhawan,RHB,ON_THE_STUMPS,GOOD_LENGTH,16,20,2,8.0,80.0,India
524253,Norman Vanua,RHB,ON_THE_STUMPS,GOOD_LENGTH,14,20,1,14.0,70.0,Papua New Guinea
1193529,Ollie White,LHB,ON_THE_STUMPS,GOOD_LENGTH,19,20,2,9.5,95.0,New Zealand
482478,Jan Frylinck,LHB,ON_THE_STUMPS,GOOD_LENGTH,20,20,1,20.0,100.0,Namibia
280490,JJ Smuts,RHB,WIDE_OUTSIDE_OFFSTUMP,GOOD_LENGTH,30,20,1,30.0,150.0,South Africa
450860,Adam Milne,RHB,ON_THE_STUMPS,FULL,35,20,1,35.0,175.0,New Zealand
720471,Ishan Kishan,LHB,ON_THE_STUMPS,FULL_TOSS,34,20,1,34.0,170.0,India
233648,Alex Doolan,RHB,OUTSIDE_OFFSTUMP,FULL,18,20,1,18.0,90.0,Australia
1168641,Harpreet Brar,LHB,ON_THE_STUMPS,FULL,41,20,1,41.0,205.0,India
677077,Romario Shepherd,RHB,ON_THE_STUMPS,YORKER,15,20,2,7.5,75.0,West Indies
25913,Mohammad Nabi,RHB,DOWN_LEG,FULL,26,20,1,26.0,130.0,Afghanistan
330902,Mustafizur Rahman,LHB,OUTSIDE_OFFSTUMP,FULL,22,20,1,22.0,110.0,Bangladesh
209457,Chamara Kapugedera,RHB,WIDE_OUTSIDE_OFFSTUMP,GOOD_LENGTH,25,20,3,8.33,125.0,Sri Lanka
550209,Wesley Marshall,RHB,ON_THE_STUMPS,GOOD_LENGTH,18,20,4,4.5,90.0,South Africa
1064812,Rahul Chahar,RHB,OUTSIDE_OFFSTUMP,GOOD_LENGTH,19,20,3,6.33,95.0,India
280734,Imrul Kayes,LHB,OUTSIDE_OFFSTUMP,SHORT,50,20,1,50.0,250.0,Bangladesh
1070173,Shubman Gill,RHB,DOWN_LEG,FULL,31,20,1,31.0,155.0,India
1182529,Noor Ahmad,RHB,OUTSIDE_OFFSTUMP,GOOD_LENGTH,20,20,4,5.0,100.0,Afghanistan
233901,Shan Masood,LHB,OUTSIDE_OFFSTUMP,SHORT,28,20,3,9.33,140.0,Pakistan
1167770,Meet Bhavsar,LHB,OUTSIDE_OFFSTUMP,FULL,22,20,1,22.0,110.0,Kuwait
44149,Johan Botha,RHB,ON_THE_STUMPS,GOOD_LENGTH,21,20,2,10.5,105.0,South Africa
716733,Khushdil Shah,LHB,OUTSIDE_OFFSTUMP,YORKER,19,20,1,19.0,95.0,Pakistan
355269,James Neesham,LHB,DOWN_LEG,FULL,29,20,1,29.0,145.0,New Zealand
297433,Jonny Bairstow,RHB,ON_THE_STUMPS,YORKER,19,20,1,19.0,95.0,England
800395,Anas Khan,LHB,OUTSIDE_OFFSTUMP,GOOD_LENGTH,10,20,1,10.0,50.0,Hong Kong
290948,Mohammad Amir,LHB,OUTSIDE_OFFSTUMP,FULL,24,20,2,12.0,120.0,Pakistan
585083,Zeeshan Maqsood,LHB,OUTSIDE_OFFSTUMP,FULL,30,20,3,10.0,150.0,Oman
243944,Alex Blake,LHB,OUTSIDE_OFFSTUMP,GOOD_LENGTH,16,20,2,8.0,80.0,England
1045883,Clive Madande,RHB,OUTSIDE_OFFSTUMP,FULL,25,20,1,25.0,125.0,Zimbabwe
914171,Qais Ahmad,RHB,ON_THE_STUMPS,FULL,18,20,3,6.0,90.0,Afghanistan
1036191,Bas de Leede,RHB,ON_THE_STUMPS,FULL,16,20,1,16.0,80.0,Netherlands
348049,Nasum Ahmed,LHB,ON_THE_STUMPS,FULL,18,20,3,6.0,90.0,Bangladesh
288617,Ross Whiteley,LHB,ON_THE_STUMPS,FULL,28,20,1,28.0,140.0,England
280490,JJ Smuts,RHB,OUTSIDE_OFFSTUMP,SHORT,35,20,3,11.67,175.0,South Africa
679567,Ben Dwarshuis,LHB,OUTSIDE_OFFSTUMP,SHORT_OF_A_GOOD_LENGTH,20,20,3,6.67,100.0,Australia
317252,Sohail Khan,RHB,ON_THE_STUMPS,GOOD_LENGTH,17,20,3,5.67,85.0,Pakistan
311158,Ben Stokes,LHB,DOWN_LEG,FULL,32,20,3,10.67,160.0,England
833087,Mahedi Hasan,RHB,WIDE_OUTSIDE_OFFSTUMP,GOOD_LENGTH,13,20,2,6.5,65.0,Bangladesh
922943,Shadab Khan,RHB,ON_THE_STUMPS,SHORT,45,20,1,45.0,225.0,Pakistan
1170265,Tilak Varma,LHB,ON_THE_STUMPS,FULL_TOSS,33,20,1,33.0,165.0,India
333904,Aditya Tare,RHB,OUTSIDE_OFFSTUMP,FULL,23,20,2,11.5,115.0,India
429738,Lakshan Sandakan,RHB,ON_THE_STUMPS,GOOD_LENGTH,7,20,1,7.0,35.0,Sri Lanka
55872,Malcolm Waller,RHB,WIDE_OUTSIDE_OFFSTUMP,GOOD_LENGTH,21,20,1,21.0,105.0,Zimbabwe
519070,Gerhard Erasmus,RHB,ON_THE_STUMPS,FULL,24,20,1,24.0,120.0,Namibia
594329,Jacques Snyman,RHB,ON_THE_STUMPS,GOOD_LENGTH,19,20,2,9.5,95.0,South Africa
460079,Miles Hammond,LHB,OUTSIDE_OFFSTUMP,GOOD_LENGTH,17,20,1,17.0,85.0,England
922943,Shadab Khan,RHB,ON_THE_STUMPS,FULL_TOSS,48,20,2,24.0,240.0,Pakistan
12454,Joe Denly,RHB,OUTSIDE_OFFSTUMP,SHORT,29,20,3,9.67,145.0,England
316397,Asad Shafiq,RHB,OUTSIDE_OFFSTUMP,FULL,28,20,2,14.0,140.0,Pakistan
1209190,Matthew Forde,RHB,OUTSIDE_OFFSTUMP,GOOD_LENGTH,24,20,2,12.0,120.0,West Indies
605360,Akshay Wadkar,RHB,ON_THE_STUMPS,GOOD_LENGTH,10,19,3,3.33,52.63,India
376116,Umesh Yadav,RHB,OUTSIDE_OFFSTUMP,SHORT_OF_A_GOOD_LENGTH,7,19,2,3.5,36.84,India
32966,Piyush Chawla,LHB,OUTSIDE_OFFSTUMP,FULL,28,19,1,28.0,147.37,India
344580,Shreyas Gopal,RHB,OUTSIDE_OFFSTUMP,FULL,34,19,1,34.0,178.95,India
500360,Akshdeep Nath,RHB,ON_THE_STUMPS,GOOD_LENGTH,14,19,2,7.0,73.68,India
1077310,Naseem Khushi,RHB,OUTSIDE_OFFSTUMP,SHORT_OF_A_GOOD_LENGTH,35,19,2,17.5,184.21,Oman
1058989,Aryan Lakra,LHB,ON_THE_STUMPS,GOOD_LENGTH,12,19,2,6.0,63.16,United Arab Emirates
681681,Janith Liyanage,RHB,OUTSIDE_OFFSTUMP,GOOD_LENGTH,10,19,1,10.0,52.63,Sri Lanka
270484,James Faulkner,RHB,OUTSIDE_OFFSTUMP,SHORT,26,19,3,8.67,136.84,Australia
235516,Richmond Mutumbami,RHB,OUTSIDE_OFFSTUMP,SHORT_OF_A_GOOD_LENGTH,15,19,1,15.0,78.95,Zimbabwe
1273869,Parameeswaran Sivaraman,RHB,OUTSIDE_OFFSTUMP,GOOD_LENGTH,10,19,2,5.0,52.63,India
557295,Hilton Cartwright,RHB,ON_THE_STUMPS,SHORT,42,19,2,21.0,221.05,Australia
423838,Rahul Tewatia,LHB,OUTSIDE_OFFSTUMP,SHORT,23,19,3,7.67,121.05,India
340854,Harpreet Singh,LHB,ON_THE_STUMPS,GOOD_LENGTH,15,19,1,15.0,78.95,India
457249,Carlos Brathwaite,RHB,ON_THE_STUMPS,SHORT,35,19,2,17.5,184.21,West Indies
451782,James Fuller,RHB,OUTSIDE_OFFSTUMP,GOOD_LENGTH,16,19,3,5.33,84.21,England
581160,Khary Pierre,LHB,OUTSIDE_OFFSTUMP,GOOD_LENGTH,20,19,1,20.0,105.26,West Indies
304735,Dilshan Munaweera,RHB,OUTSIDE_OFFSTUMP,SHORT,28,19,1,28.0,147.37,Sri Lanka
1253822,Gulsan Jha,LHB,OUTSIDE_OFFSTUMP,GOOD_LENGTH,41,19,1,41.0,215.79,Nepal
437669,Jordan Silk,RHB,ON_THE_STUMPS,SHORT,42,19,1,42.0,221.05,Australia
1254269,Aman Hakim Khan,RHB,ON_THE_STUMPS,FULL,24,19,1,24.0,126.32,India
392945,Donald Tiripano,RHB,OUTSIDE_OFFSTUMP,GOOD_LENGTH,12,19,1,12.0,63.16,Zimbabwe
227760,Sarfaraz Ahmed,RHB,DOWN_LEG,SHORT,21,19,1,21.0,110.53,Pakistan
419873,Mohammad Shahzad,RHB,WIDE_OUTSIDE_OFFSTUMP,SHORT_OF_A_GOOD_LENGTH,34,19,2,17.0,178.95,Afghanistan
439952,Chris Morris,RHB,WIDE_OUTSIDE_OFFSTUMP,GOOD_LENGTH,15,19,4,3.75,78.95,South Africa
605680,Janneman Malan,RHB,WIDE_OUTSIDE_OFFSTUMP,GOOD_LENGTH,23,19,2,11.5,121.05,South Africa
272262,Kane Richardson,RHB,OUTSIDE_OFFSTUMP,FULL,27,19,3,9.0,142.11,Australia
1194744,Shevon Daniel,LHB,ON_THE_STUMPS,FULL,23,19,1,23.0,121.05,Sri Lanka
290948,Mohammad Amir,LHB,ON_THE_STUMPS,GOOD_LENGTH,15,19,4,3.75,78.95,Pakistan
1287029,Bipin Saurabh,RHB,ON_THE_STUMPS,GOOD_LENGTH,17,19,1,17.0,89.47,India
384355,Anaru Kitchen,RHB,ON_THE_STUMPS,GOOD_LENGTH,33,19,1,33.0,173.68,New Zealand
6973,Peter Nevill,RHB,OUTSIDE_OFFSTUMP,GOOD_LENGTH,13,19,2,6.5,68.42,Australia
277916,Ajinkya Rahane,RHB,ON_THE_STUMPS,FULL_TOSS,38,19,1,38.0,200.0,India
318842,Khaya Zondo,RHB,ON_THE_STUMPS,GOOD_LENGTH,17,19,1,17.0,89.47,South Africa
326434,Alex Carey,LHB,DOWN_LEG,SHORT,31,19,1,31.0,163.16,Australia
595978,Tristan Stubbs,RHB,WIDE_OUTSIDE_OFFSTUMP,SHORT_OF_A_GOOD_LENGTH,20,19,1,20.0,105.26,South Africa
1108830,Nyeem Young,RHB,OUTSIDE_OFFSTUMP,GOOD_LENGTH,9,19,2,4.5,47.37,West Indies
269280,Reeza Hendricks,RHB,ON_THE_STUMPS,YORKER,11,19,2,5.5,57.89,South Africa
679567,Ben Dwarshuis,LHB,ON_THE_STUMPS,SHORT_OF_A_GOOD_LENGTH,19,19,1,19.0,100.0,Australia
559066,Ish Sodhi,RHB,ON_THE_STUMPS,GOOD_LENGTH,15,19,3,5.0,78.95,New Zealand
332366,Sharwan Godara,RHB,OUTSIDE_OFFSTUMP,GOOD_LENGTH,36,19,3,12.0,189.47,
696401,Marco Jansen,RHB,ON_THE_STUMPS,FULL,40,19,2,20.0,210.53,South Africa
55870,Sean Williams,LHB,ON_THE_STUMPS,SHORT,40,19,1,40.0,210.53,Zimbabwe
390724,Sumeet Verma,RHB,OUTSIDE_OFFSTUMP,SHORT_OF_A_GOOD_LENGTH,27,19,2,13.5,142.11,India
333001,Tinotenda Mutombodzi,RHB,OUTSIDE_OFFSTUMP,GOOD_LENGTH,13,19,2,6.5,68.42,Zimbabwe
641387,Max Holden,LHB,OUTSIDE_OFFSTUMP,SHORT_OF_A_GOOD_LENGTH,22,19,1,22.0,115.79,England
989935,Shahadat Hossain,RHB,OUTSIDE_OFFSTUMP,FULL,30,19,1,30.0,157.89,Bangladesh
6161,Michael Klinger,RHB,ON_THE_STUMPS,SHORT_OF_A_GOOD_LENGTH,18,19,1,18.0,94.74,Australia
342619,Bhanuka Rajapaksa,LHB,OUTSIDE_OFFSTUMP,FULL_TOSS,34,19,2,17.0,178.95,Sri Lanka
373538,Sabbir Rahman,RHB,OUTSIDE_OFFSTUMP,FULL_TOSS,34,19,2,17.0,178.95,Bangladesh
56029,Mushfiqur Rahim,RHB,DOWN_LEG,SHORT,38,19,1,38.0,200.0,Bangladesh
914541,Sherfane Rutherford,LHB,ON_THE_STUMPS,FULL_TOSS,25,19,1,25.0,131.58,West Indies
1292495,Angkrish Raghuvanshi,RHB,OUTSIDE_OFFSTUMP,SHORT_OF_A_GOOD_LENGTH,24,19,4,6.0,126.32,India
559059,Joe Carter,RHB,ON_THE_STUMPS,GOOD_LENGTH,17,19,3,5.67,89.47,New Zealand
267192,Steven Smith,RHB,DOWN_LEG,SHORT_OF_A_GOOD_LENGTH,31,19,1,31.0,163.16,Australia
946367,Michael Copeland,RHB,OUTSIDE_OFFSTUMP,GOOD_LENGTH,14,19,2,7.0,73.68,South Africa
43590,Wahab Riaz,RHB,ON_THE_STUMPS,SHORT_OF_A_GOOD_LENGTH,26,19,3,8.67,136.84,Pakistan
453289,Neville Madziva,RHB,OUTSIDE_OFFSTUMP,GOOD_LENGTH,9,19,3,3.0,47.37,Zimbabwe
581379,Shai Hope,RHB,ON_THE_STUMPS,YORKER,12,19,3,4.0,63.16,West Indies
822485,Muhammad Akhlaq,RHB,OUTSIDE_OFFSTUMP,SHORT_OF_A_GOOD_LENGTH,13,19,2,6.5,68.42,Pakistan
793441,Aamer Jamal,RHB,OUTSIDE_OFFSTUMP,FULL,32,19,3,10.67,168.42,Pakistan
46543,Wayne Madsen,RHB,ON_THE_STUMPS,SHORT_OF_A_GOOD_LENGTH,16,19,3,5.33,84.21,Italy
303427,Paul Stirling,RHB,ON_THE_STUMPS,FULL_TOSS,36,19,1,36.0,189.47,Ireland
429809,Ravija Sandaruwan,RHB,ON_THE_STUMPS,FULL,22,19,1,22.0,115.79,Kuwait
821749,Saif Hassan,RHB,ON_THE_STUMPS,SHORT_OF_A_GOOD_LENGTH,20,19,3,6.67,105.26,Bangladesh
573170,Luke Wood,LHB,OUTSIDE_OFFSTUMP,FULL,20,19,1,20.0,105.26,England
781285,Jake Weatherald,LHB,DOWN_LEG,SHORT,38,19,2,19.0,200.0,Australia
1139511,Parvez Hossain Emon,LHB,OUTSIDE_OFFSTUMP,FULL,24,19,1,24.0,126.32,Bangladesh
423838,Rahul Tewatia,LHB,DOWN_LEG,SHORT_OF_A_GOOD_LENGTH,23,19,3,7.67,121.05,India
25446,Kyle Coetzer,RHB,OUTSIDE_OFFSTUMP,FULL,31,19,1,31.0,163.16,Scotland
714451,Shivam Dube,LHB,DOWN_LEG,FULL,24,19,1,24.0,126.32,India
559066,Ish Sodhi,RHB,OUTSIDE_OFFSTUMP,FULL,15,19,1,15.0,78.95,New Zealand
642519,Shreyas Iyer,RHB,DOWN_LEG,SHORT,46,19,1,46.0,242.11,India
423838,Rahul Tewatia,LHB,DOWN_LEG,GOOD_LENGTH,35,19,1,35.0,184.21,India
457234,Keron Cottoy,LHB,ON_THE_STUMPS,GOOD_LENGTH,23,19,1,23.0,121.05,West Indies
235516,Richmond Mutumbami,RHB,OUTSIDE_OFFSTUMP,FULL,33,19,3,11.0,173.68,Zimbabwe
596010,Gerald Coetzee,RHB,OUTSIDE_OFFSTUMP,GOOD_LENGTH,16,19,3,5.33,84.21,South Africa
1170265,Tilak Varma,LHB,DOWN_LEG,SHORT,37,19,1,37.0,194.74,India
470699,Ben Cooper,LHB,ON_THE_STUMPS,SHORT_OF_A_GOOD_LENGTH,10,19,1,10.0,52.63,Netherlands
555853,Mark Steketee,RHB,OUTSIDE_OFFSTUMP,SHORT_OF_A_GOOD_LENGTH,18,19,3,6.0,94.74,Australia
468573,Ross Adair,RHB,ON_THE_STUMPS,GOOD_LENGTH,23,19,3,7.67,121.05,Ireland
450860,Adam Milne,RHB,OUTSIDE_OFFSTUMP,FULL,16,19,2,8.0,84.21,New Zealand
785323,Nathan McAndrew,RHB,OUTSIDE_OFFSTUMP,GOOD_LENGTH,20,19,3,6.67,105.26,Australia
553249,Bjorn Fortuin,RHB,OUTSIDE_OFFSTUMP,GOOD_LENGTH,15,19,3,5.0,78.95,South Africa
51862,Andre Fletcher,RHB,DOWN_LEG,SHORT,25,19,1,25.0,131.58,West Indies
1175423,Hrithik Shokeen,RHB,OUTSIDE_OFFSTUMP,GOOD_LENGTH,12,19,2,6.0,63.16,India
722597,Akash Vasisht,LHB,OUTSIDE_OFFSTUMP,GOOD_LENGTH,31,19,2,15.5,163.16,India
44932,Jean-Paul Duminy,LHB,ON_THE_STUMPS,SHORT,42,19,1,42.0,221.05,South Africa
279810,Wriddhiman Saha,RHB,ON_THE_STUMPS,SHORT,45,19,3,15.0,236.84,India
723105,Rinku Singh,LHB,ON_THE_STUMPS,FULL_TOSS,44,19,3,14.67,231.58,India
51439,Dwayne Bravo,RHB,DOWN_LEG,SHORT,12,19,3,4.0,63.16,West Indies
55346,Graeme Cremer,RHB,ON_THE_STUMPS,GOOD_LENGTH,17,19,1,17.0,89.47,Zimbabwe
401537,Kinchit Shah,LHB,ON_THE_STUMPS,GOOD_LENGTH,15,19,1,15.0,78.95,Hong Kong
670031,Alzarri Joseph,RHB,ON_THE_STUMPS,FULL,26,19,2,13.0,136.84,West Indies
1012137,Mrittunjoy Chowdhury,LHB,ON_THE_STUMPS,GOOD_LENGTH,17,19,2,8.5,89.47,Bangladesh
280734,Imrul Kayes,LHB,DOWN_LEG,GOOD_LENGTH,13,19,1,13.0,68.42,Bangladesh
8180,Shane Watson,RHB,DOWN_LEG,SHORT,40,19,1,40.0,210.53,Australia
698199,Mitchell Van Buuren,RHB,ON_THE_STUMPS,SHORT_OF_A_GOOD_LENGTH,34,19,1,34.0,178.95,South Africa
820681,Amir Jangoo,LHB,OUTSIDE_OFFSTUMP,FULL,30,19,1,30.0,157.89,West Indies
1161606,Haris Rauf,RHB,OUTSIDE_OFFSTUMP,FULL,27,19,6,4.5,142.11,Pakistan
1096092,Jamie Smith,RHB,ON_THE_STUMPS,FULL,33,19,2,16.5,173.68,England
720471,Ishan Kishan,LHB,ON_THE_STUMPS,YORKER,6,19,4,1.5,31.58,India
290716,Kedar Jadhav,RHB,WIDE_OUTSIDE_OFFSTUMP,FULL,34,19,3,11.33,178.95,India
1079434,Riyan Parag,RHB,ON_THE_STUMPS,YORKER,9,19,3,3.0,47.37,India
450860,Adam Milne,RHB,ON_THE_STUMPS,GOOD_LENGTH,10,19,6,1.67,52.63,New Zealand
820351,Rovman Powell,RHB,DOWN_LEG,FULL_TOSS,56,19,2,28.0,294.74,West Indies
1131181,Llew Johnson,RHB,ON_THE_STUMPS,GOOD_LENGTH,12,19,2,6.0,63.16,New Zealand
787073,Chris Green,RHB,OUTSIDE_OFFSTUMP,FULL_TOSS,32,19,3,10.67,168.42,Australia
906783,Obed McCoy,LHB,ON_THE_STUMPS,GOOD_LENGTH,21,19,1,21.0,110.53,West Indies
669365,Phil Salt,RHB,DOWN_LEG,FULL,34,19,2,17.0,178.95,England
931015,Thanuka Dabare,LHB,ON_THE_STUMPS,FULL,24,19,1,24.0,126.32,Sri Lanka
669855,Jofra Archer,RHB,OUTSIDE_OFFSTUMP,FULL,32,19,2,16.0,168.42,England
308967,Jos Buttler,RHB,DOWN_LEG,FULL_TOSS,30,19,1,30.0,157.89,England
4451,George Bailey,RHB,WIDE_OUTSIDE_OFFSTUMP,FULL,39,19,1,39.0,205.26,Australia
56007,Mashrafe Mortaza,RHB,ON_THE_STUMPS,FULL,24,19,5,4.8,126.32,Bangladesh
27223,Stuart Binny,RHB,ON_THE_STUMPS,FULL,38,19,1,38.0,200.0,India
303423,Andy Balbirnie,RHB,DOWN_LEG,GOOD_LENGTH,21,19,1,21.0,110.53,Ireland
8917,Moeen Ali,LHB,WIDE_OUTSIDE_OFFSTUMP,GOOD_LENGTH,15,19,3,5.0,78.95,England
436677,Soumya Sarkar,LHB,OUTSIDE_OFFSTUMP,FULL_TOSS,30,19,1,30.0,157.89,Bangladesh
594233,Sibonelo Makhanya,RHB,OUTSIDE_OFFSTUMP,SHORT_OF_A_GOOD_LENGTH,17,19,1,17.0,89.47,South Africa
45705,Colin Ingram,LHB,ON_THE_STUMPS,FULL_TOSS,56,19,1,56.0,294.74,South Africa
826945,Peter David Bocock,RHB,OUTSIDE_OFFSTUMP,GOOD_LENGTH,17,19,1,17.0,89.47,New Zealand
33141,Ambati Rayudu,RHB,DOWN_LEG,SHORT_OF_A_GOOD_LENGTH,18,19,1,18.0,94.74,India
505110,Kurtis Patterson,LHB,OUTSIDE_OFFSTUMP,SHORT,38,19,4,9.5,200.0,Australia
379774,Colin Ackermann,RHB,ON_THE_STUMPS,SHORT_OF_A_GOOD_LENGTH,11,19,3,3.67,57.89,Netherlands
766809,Jordan Thompson,LHB,OUTSIDE_OFFSTUMP,GOOD_LENGTH,10,19,1,10.0,52.63,England
524049,Najibullah Zadran,LHB,DOWN_LEG,SHORT,23,19,3,7.67,121.05,Afghanistan
766809,Jordan Thompson,LHB,OUTSIDE_OFFSTUMP,FULL,38,19,1,38.0,200.0,England
334394,Sam Whiteman,LHB,ON_THE_STUMPS,SHORT_OF_A_GOOD_LENGTH,14,19,1,14.0,73.68,Australia
670035,Brandon King,RHB,OUTSIDE_OFFSTUMP,YORKER,12,19,1,12.0,63.16,West Indies
959759,Finn Allen,RHB,WIDE_OUTSIDE_OFFSTUMP,FULL,40,19,2,20.0,210.53,New Zealand
307808,Rohan Mustafa,LHB,OUTSIDE_OFFSTUMP,GOOD_LENGTH,22,19,3,7.33,115.79,United Arab Emirates
19264,Liam Plunkett,RHB,OUTSIDE_OFFSTUMP,GOOD_LENGTH,16,19,1,16.0,84.21,United States of America
935995,Afif Hossain,LHB,OUTSIDE_OFFSTUMP,SHORT,55,19,1,55.0,289.47,Bangladesh
1137262,Azam Khan,RHB,ON_THE_STUMPS,YORKER,10,19,3,3.33,52.63,Pakistan
53115,Daren Sammy,RHB,ON_THE_STUMPS,SHORT_OF_A_GOOD_LENGTH,17,19,3,5.67,89.47,West Indies
897549,Will Jacks,RHB,ON_THE_STUMPS,YORKER,13,19,2,6.5,68.42,England
8119,Adam Voges,RHB,ON_THE_STUMPS,GOOD_LENGTH,19,19,1,19.0,100.0,Australia
414973,Ollie Hairs,LHB,OUTSIDE_OFFSTUMP,GOOD_LENGTH,25,19,1,25.0,131.58,Scotland
379890,Chad Bowes,RHB,OUTSIDE_OFFSTUMP,SHORT,56,19,1,56.0,294.74,New Zealand
600498,Aiden Markram,RHB,DOWN_LEG,SHORT_OF_A_GOOD_LENGTH,22,19,1,22.0,115.79,South Africa
348148,Mohammad Nawaz,LHB,ON_THE_STUMPS,FULL_TOSS,27,19,1,27.0,142.11,Pakistan
1171127,Haseebullah Khan,LHB,OUTSIDE_OFFSTUMP,GOOD_LENGTH,30,19,1,30.0,157.89,Pakistan
244497,Adil Rashid,RHB,ON_THE_STUMPS,FULL,21,19,4,5.25,110.53,England
526462,Jonty Jenner,RHB,OUTSIDE_OFFSTUMP,GOOD_LENGTH,22,19,1,22.0,115.79,Jersey
334394,Sam Whiteman,LHB,ON_THE_STUMPS,FULL,38,19,1,38.0,200.0,Australia
1241265,Aayan Afzal Khan,RHB,OUTSIDE_OFFSTUMP,FULL,11,19,1,11.0,57.89,United Arab Emirates
1005257,Simi Singh,RHB,OUTSIDE_OFFSTUMP,FULL,9,19,4,2.25,47.37,Ireland
1343344,Curtis Heaphy,RHB,OUTSIDE_OFFSTUMP,GOOD_LENGTH,15,19,1,15.0,78.95,New Zealand
303427,Paul Stirling,RHB,OUTSIDE_OFFSTUMP,FULL_TOSS,27,19,1,27.0,142.11,Ireland
375126,Hardus Viljoen,RHB,ON_THE_STUMPS,FULL,18,18,2,9.0,100.0,South Africa
919525,Akbar Khan,RHB,OUTSIDE_OFFSTUMP,GOOD_LENGTH,11,18,2,5.5,61.11,Hong Kong
1411891,Tanish Suri,RHB,OUTSIDE_OFFSTUMP,GOOD_LENGTH,14,18,1,14.0,77.78,United Arab Emirates
625371,Hardik Pandya,RHB,WIDE_OUTSIDE_OFFSTUMP,YORKER,22,18,1,22.0,122.22,India
500268,Ashton Turner,RHB,WIDE_OUTSIDE_OFFSTUMP,SHORT_OF_A_GOOD_LENGTH,33,18,1,33.0,183.33,Australia
386302,Zeeshan Ali,RHB,ON_THE_STUMPS,GOOD_LENGTH,11,18,1,11.0,61.11,Hong Kong
300631,Kusal Perera,LHB,ON_THE_STUMPS,FULL_TOSS,21,18,2,10.5,116.67,Sri Lanka
709675,James Bazley,RHB,ON_THE_STUMPS,FULL,30,18,2,15.0,166.67,Australia
321777,David Miller,LHB,WIDE_OUTSIDE_OFFSTUMP,SHORT,31,18,2,15.5,172.22,South Africa
380354,Anamul Haque,RHB,WIDE_OUTSIDE_OFFSTUMP,FULL,35,18,2,17.5,194.44,Bangladesh
1076722,Will Sutherland,RHB,WIDE_OUTSIDE_OFFSTUMP,FULL,24,18,2,12.0,133.33,Australia
37737,Brendon McCullum,RHB,DOWN_LEG,FULL_TOSS,39,18,1,39.0,216.67,New Zealand
4451,George Bailey,RHB,WIDE_OUTSIDE_OFFSTUMP,SHORT_OF_A_GOOD_LENGTH,14,18,1,14.0,77.78,Australia
381743,Daryl Mitchell,RHB,WIDE_OUTSIDE_OFFSTUMP,FULL,23,18,1,23.0,127.78,New Zealand
537319,Kennar Lewis,RHB,OUTSIDE_OFFSTUMP,SHORT,55,18,1,55.0,305.56,West Indies
1058989,Aryan Lakra,LHB,OUTSIDE_OFFSTUMP,GOOD_LENGTH,10,18,1,10.0,55.56,United Arab Emirates
322810,Cameron Delport,LHB,DOWN_LEG,FULL,20,18,1,20.0,111.11,South Africa
521637,Ben Duckett,LHB,WIDE_OUTSIDE_OFFSTUMP,FULL,32,18,1,32.0,177.78,England
381743,Daryl Mitchell,RHB,ON_THE_STUMPS,YORKER,15,18,1,15.0,83.33,New Zealand
437927,Stephan Baard,RHB,ON_THE_STUMPS,SHORT_OF_A_GOOD_LENGTH,17,18,1,17.0,94.44,Namibia
792725,Tanmay Agarwal,LHB,OUTSIDE_OFFSTUMP,GOOD_LENGTH,14,18,2,7.0,77.78,India
55787,Vusi Sibanda,RHB,WIDE_OUTSIDE_OFFSTUMP,GOOD_LENGTH,19,18,1,19.0,105.56,Zimbabwe
52983,Marlon Samuels,RHB,ON_THE_STUMPS,FULL_TOSS,23,18,1,23.0,127.78,West Indies
628240,Hussain Talat,LHB,ON_THE_STUMPS,SHORT,33,18,1,33.0,183.33,Pakistan
922941,Abdullah Shafique,RHB,OUTSIDE_OFFSTUMP,SHORT,31,18,1,31.0,172.22,Pakistan
784615,Henry Hunt,RHB,OUTSIDE_OFFSTUMP,SHORT_OF_A_GOOD_LENGTH,29,18,1,29.0,161.11,Australia
425943,Sanju Samson,RHB,DOWN_LEG,FULL,25,18,2,12.5,138.89,India
784379,Wanindu Hasaranga de Silva,RHB,ON_THE_STUMPS,SHORT,20,18,4,5.0,111.11,Sri Lanka
429122,Umaid Asif,RHB,ON_THE_STUMPS,GOOD_LENGTH,28,18,3,9.33,155.56,Pakistan
55608,Hamilton Masakadza,RHB,WIDE_OUTSIDE_OFFSTUMP,SHORT_OF_A_GOOD_LENGTH,15,18,1,15.0,83.33,Zimbabwe
300629,Angelo Perera,RHB,ON_THE_STUMPS,FULL,33,18,1,33.0,183.33,Sri Lanka
1131978,Ashutosh Sharma,RHB,OUTSIDE_OFFSTUMP,SHORT,38,18,2,19.0,211.11,India
328026,Isuru Udana,RHB,ON_THE_STUMPS,SHORT_OF_A_GOOD_LENGTH,23,18,2,11.5,127.78,Sri Lanka
277662,Corey Anderson,LHB,DOWN_LEG,SHORT_OF_A_GOOD_LENGTH,10,18,1,10.0,55.56,United States of America
784369,Avishka Fernando,RHB,WIDE_OUTSIDE_OFFSTUMP,FULL,37,18,1,37.0,205.56,Sri Lanka
221140,David Wiese,RHB,WIDE_OUTSIDE_OFFSTUMP,SHORT_OF_A_GOOD_LENGTH,36,18,1,36.0,200.0,Namibia
381329,Beau Webster,RHB,OUTSIDE_OFFSTUMP,SHORT,51,18,3,17.0,283.33,Australia
438563,Mark Chapman,LHB,WIDE_OUTSIDE_OFFSTUMP,FULL,40,18,1,40.0,222.22,New Zealand
270135,Ariful Haque,RHB,OUTSIDE_OFFSTUMP,SHORT,23,18,1,23.0,127.78,Bangladesh
24598,Eoin Morgan,LHB,WIDE_OUTSIDE_OFFSTUMP,SHORT_OF_A_GOOD_LENGTH,27,18,2,13.5,150.0,England
56143,Shakib Al Hasan,LHB,DOWN_LEG,FULL_TOSS,27,18,1,27.0,150.0,Bangladesh
471342,Krunal Pandya,LHB,OUTSIDE_OFFSTUMP,FULL_TOSS,25,18,1,25.0,138.89,India
348152,Usman Qadir,LHB,OUTSIDE_OFFSTUMP,SHORT_OF_A_GOOD_LENGTH,12,18,1,12.0,66.67,Pakistan
595267,Matthew Breetzke,RHB,WIDE_OUTSIDE_OFFSTUMP,GOOD_LENGTH,15,18,1,15.0,83.33,South Africa
41028,Kamran Akmal,RHB,WIDE_OUTSIDE_OFFSTUMP,GOOD_LENGTH,26,18,1,26.0,144.44,Pakistan
1170265,Tilak Varma,LHB,OUTSIDE_OFFSTUMP,SHORT,39,18,1,39.0,216.67,India
1397994,Mohammad Ahnaff,RHB,OUTSIDE_OFFSTUMP,GOOD_LENGTH,23,18,1,23.0,127.78,Qatar
801019,Ashwin Hebbar,RHB,OUTSIDE_OFFSTUMP,GOOD_LENGTH,24,18,1,24.0,133.33,India
784369,Avishka Fernando,RHB,ON_THE_STUMPS,FULL_TOSS,21,18,3,7.0,116.67,Sri Lanka
977451,Jack Prestwidge,RHB,ON_THE_STUMPS,GOOD_LENGTH,11,18,2,5.5,61.11,Australia
851403,Venkatesh Iyer,LHB,ON_THE_STUMPS,SHORT,32,18,3,10.67,177.78,India
794707,Dipendra Singh Airee,RHB,OUTSIDE_OFFSTUMP,GOOD_LENGTH,21,18,1,21.0,116.67,Nepal
1193529,Ollie White,LHB,OUTSIDE_OFFSTUMP,GOOD_LENGTH,8,18,2,4.0,44.44,New Zealand
233712,Stephan Myburgh,LHB,OUTSIDE_OFFSTUMP,SHORT_OF_A_GOOD_LENGTH,7,18,1,7.0,38.89,Netherlands
627627,Tom Rogers,LHB,OUTSIDE_OFFSTUMP,GOOD_LENGTH,10,18,1,10.0,55.56,Australia
851403,Venkatesh Iyer,LHB,WIDE_OUTSIDE_OFFSTUMP,FULL,40,18,1,40.0,222.22,India
698189,Wiaan Mulder,RHB,WIDE_OUTSIDE_OFFSTUMP,FULL,34,18,1,34.0,188.89,South Africa
328026,Isuru Udana,RHB,ON_THE_STUMPS,FULL_TOSS,46,18,2,23.0,255.56,Sri Lanka
437927,Stephan Baard,RHB,ON_THE_STUMPS,FULL,16,18,2,8.0,88.89,Namibia
233482,Tim Ludeman,RHB,ON_THE_STUMPS,GOOD_LENGTH,20,18,1,20.0,111.11,Australia
1185475,Qasim Akram,RHB,OUTSIDE_OFFSTUMP,GOOD_LENGTH,14,18,1,14.0,77.78,Pakistan
604534,Ankush Bains,RHB,OUTSIDE_OFFSTUMP,SHORT_OF_A_GOOD_LENGTH,17,18,1,17.0,94.44,India
230549,Jason Mohammed,RHB,OUTSIDE_OFFSTUMP,SHORT,35,18,2,17.5,194.44,West Indies
30045,Dinesh Karthik,RHB,DOWN_LEG,SHORT,33,18,3,11.0,183.33,India
662973,Sam Curran,LHB,ON_THE_STUMPS,YORKER,11,18,5,2.2,61.11,England
793447,Naveen-ul-Haq,RHB,OUTSIDE_OFFSTUMP,FULL,16,18,1,16.0,88.89,Afghanistan
995037,Mahidul Islam Ankon,RHB,ON_THE_STUMPS,FULL,23,18,1,23.0,127.78,Bangladesh
51866,Assad Fudadin,LHB,ON_THE_STUMPS,GOOD_LENGTH,16,18,2,8.0,88.89,West Indies
928015,Josh Clarkson,RHB,OUTSIDE_OFFSTUMP,FULL,20,18,2,10.0,111.11,New Zealand
571911,Joe Clarke,RHB,OUTSIDE_OFFSTUMP,FULL_TOSS,39,18,1,39.0,216.67,England
820677,Keacy Carty,RHB,ON_THE_STUMPS,FULL,20,18,1,20.0,111.11,West Indies
50747,Upul Tharanga,LHB,DOWN_LEG,SHORT_OF_A_GOOD_LENGTH,28,18,2,14.0,155.56,Sri Lanka
281188,Nazmul Hossain Milon,RHB,OUTSIDE_OFFSTUMP,GOOD_LENGTH,9,18,1,9.0,50.0,Bangladesh
568276,Imam-ul-Haq,LHB,OUTSIDE_OFFSTUMP,SHORT_OF_A_GOOD_LENGTH,14,18,1,14.0,77.78,Pakistan
642525,Sarfaraz Khan,RHB,OUTSIDE_OFFSTUMP,SHORT,27,18,1,27.0,150.0,India
308798,D'Arcy Short,LHB,ON_THE_STUMPS,YORKER,5,18,5,1.0,27.78,Australia
355269,James Neesham,LHB,WIDE_OUTSIDE_OFFSTUMP,FULL,32,18,1,32.0,177.78,New Zealand
573170,Luke Wood,LHB,ON_THE_STUMPS,GOOD_LENGTH,17,18,3,5.67,94.44,England
420402,Afsar Zazai,RHB,OUTSIDE_OFFSTUMP,SHORT_OF_A_GOOD_LENGTH,23,18,1,23.0,127.78,Afghanistan
400587,Irfan Sukkur,LHB,ON_THE_STUMPS,SHORT_OF_A_GOOD_LENGTH,15,18,3,5.0,83.33,Bangladesh
1070665,Dewald Brevis,RHB,WIDE_OUTSIDE_OFFSTUMP,SHORT_OF_A_GOOD_LENGTH,24,18,1,24.0,133.33,South Africa
232364,Tim Southee,RHB,ON_THE_STUMPS,SHORT_OF_A_GOOD_LENGTH,12,18,4,3.0,66.67,New Zealand
662973,Sam Curran,LHB,OUTSIDE_OFFSTUMP,YORKER,13,18,1,13.0,72.22,England
43265,Sohail Tanvir,LHB,OUTSIDE_OFFSTUMP,FULL_TOSS,23,18,1,23.0,127.78,Pakistan
642531,Ricky Bhui,RHB,OUTSIDE_OFFSTUMP,FULL,26,18,1,26.0,144.44,India
318334,Nawroz Mangal,RHB,ON_THE_STUMPS,GOOD_LENGTH,24,18,1,24.0,133.33,Afghanistan
50710,Kumar Sangakkara,LHB,WIDE_OUTSIDE_OFFSTUMP,FULL,29,18,2,14.5,161.11,Sri Lanka
1028655,Pathum Nissanka,RHB,WIDE_OUTSIDE_OFFSTUMP,FULL,27,18,2,13.5,150.0,Sri Lanka
541224,Luke Jongwe,RHB,ON_THE_STUMPS,SHORT_OF_A_GOOD_LENGTH,13,18,1,13.0,72.22,Zimbabwe
512191,Fakhar Zaman,LHB,ON_THE_STUMPS,FULL_TOSS,23,18,1,23.0,127.78,Pakistan
436757,Heinrich Klaasen,RHB,WIDE_OUTSIDE_OFFSTUMP,GOOD_LENGTH,28,18,1,28.0,155.56,South Africa
738445,Mohammad Shahzad,RHB,OUTSIDE_OFFSTUMP,GOOD_LENGTH,23,18,1,23.0,127.78,United Arab Emirates
505120,Ashton Agar,LHB,OUTSIDE_OFFSTUMP,FULL_TOSS,19,18,3,6.33,105.56,Australia
398506,Mandeep Singh,RHB,WIDE_OUTSIDE_OFFSTUMP,SHORT_OF_A_GOOD_LENGTH,17,18,1,17.0,94.44,India
1005257,Simi Singh,RHB,ON_THE_STUMPS,GOOD_LENGTH,17,18,3,5.67,94.44,Ireland
325012,Marcus Stoinis,RHB,WIDE_OUTSIDE_OFFSTUMP,SHORT,46,18,1,46.0,255.56,Australia
1175488,Dhruv Jurel,RHB,ON_THE_STUMPS,FULL,45,18,2,22.5,250.0,India
51433,Samuel Badree,RHB,OUTSIDE_OFFSTUMP,FULL,12,18,4,3.0,66.67,West Indies
1045883,Clive Madande,RHB,ON_THE_STUMPS,FULL,19,18,3,6.33,105.56,Zimbabwe
53118,Dwayne Smith,RHB,WIDE_OUTSIDE_OFFSTUMP,SHORT_OF_A_GOOD_LENGTH,44,18,2,22.0,244.44,West Indies
51439,Dwayne Bravo,RHB,DOWN_LEG,FULL_TOSS,35,18,2,17.5,194.44,West Indies
330902,Mustafizur Rahman,LHB,ON_THE_STUMPS,SHORT_OF_A_GOOD_LENGTH,18,18,2,9.0,100.0,Bangladesh
1206406,Jake Gibson,RHB,ON_THE_STUMPS,GOOD_LENGTH,12,18,2,6.0,66.67,New Zealand
401540,Aizaz Khan,RHB,ON_THE_STUMPS,GOOD_LENGTH,13,18,4,3.25,72.22,Hong Kong
1088608,Max Bryant,RHB,WIDE_OUTSIDE_OFFSTUMP,SHORT_OF_A_GOOD_LENGTH,18,18,3,6.0,100.0,Australia
315586,Chadwick Walton,RHB,DOWN_LEG,SHORT_OF_A_GOOD_LENGTH,19,18,1,19.0,105.56,West Indies
670025,Shimron Hetmyer,LHB,WIDE_OUTSIDE_OFFSTUMP,YORKER,15,18,1,15.0,83.33,West Indies
437316,Dasun Shanaka,RHB,DOWN_LEG,SHORT,7,18,1,7.0,38.89,Sri Lanka
299572,Sikandar Raza,RHB,ON_THE_STUMPS,FULL_TOSS,20,18,4,5.0,111.11,Zimbabwe
1252163,Cole Briggs,RHB,OUTSIDE_OFFSTUMP,GOOD_LENGTH,16,18,1,16.0,88.89,New Zealand
1252163,Cole Briggs,RHB,ON_THE_STUMPS,GOOD_LENGTH,12,18,1,12.0,66.67,New Zealand
670037,Ramaal Lewis,RHB,OUTSIDE_OFFSTUMP,GOOD_LENGTH,22,18,1,22.0,122.22,West Indies
25913,Mohammad Nabi,RHB,DOWN_LEG,SHORT_OF_A_GOOD_LENGTH,27,18,1,27.0,150.0,Afghanistan
414970,Safyaan Sharif,RHB,OUTSIDE_OFFSTUMP,GOOD_LENGTH,8,18,3,2.67,44.44,Scotland
1126179,Dhruv Patel,RHB,OUTSIDE_OFFSTUMP,GOOD_LENGTH,8,18,1,8.0,44.44,India
267479,Stiaan van Zyl,LHB,ON_THE_STUMPS,GOOD_LENGTH,22,18,1,22.0,122.22,South Africa
314650,Nkrumah Bonner,RHB,OUTSIDE_OFFSTUMP,SHORT_OF_A_GOOD_LENGTH,15,18,1,15.0,83.33,West Indies
236489,Dawid Malan,LHB,ON_THE_STUMPS,FULL_TOSS,38,18,1,38.0,211.11,England
440522,Logan van Beek,RHB,ON_THE_STUMPS,FULL,20,18,1,20.0,111.11,Netherlands
713811,Tinashe Kamunhukamwe,RHB,ON_THE_STUMPS,GOOD_LENGTH,10,18,3,3.33,55.56,Zimbabwe
552152,Dushmantha Chameera,RHB,ON_THE_STUMPS,FULL,13,18,5,2.6,72.22,Sri Lanka
1209196,Kirk McKenzie,LHB,OUTSIDE_OFFSTUMP,FULL,19,18,3,6.33,105.56,West Indies
279862,Shrikant Mundhe,RHB,ON_THE_STUMPS,GOOD_LENGTH,16,18,1,16.0,88.89,India
1124283,Aaron Hardie,RHB,ON_THE_STUMPS,SHORT,34,18,2,17.0,188.89,Australia
549950,Munim Shahriar,RHB,OUTSIDE_OFFSTUMP,FULL,41,18,3,13.67,227.78,Bangladesh
403902,Liam Livingstone,RHB,DOWN_LEG,SHORT_OF_A_GOOD_LENGTH,22,18,1,22.0,122.22,England
288211,Umar Amin,LHB,OUTSIDE_OFFSTUMP,FULL,23,18,1,23.0,127.78,Pakistan
56167,Ziaur Rahman,RHB,ON_THE_STUMPS,FULL,26,18,2,13.0,144.44,Bangladesh
432783,Sachin Baby,LHB,ON_THE_STUMPS,SHORT_OF_A_GOOD_LENGTH,19,18,1,19.0,105.56,India
51784,Rayad Emrit,RHB,OUTSIDE_OFFSTUMP,SHORT_OF_A_GOOD_LENGTH,16,18,3,5.33,88.89,West Indies
25065,Jack Vare,RHB,OUTSIDE_OFFSTUMP,GOOD_LENGTH,13,18,1,13.0,72.22,Papua New Guinea
928067,Josh Little,RHB,OUTSIDE_OFFSTUMP,GOOD_LENGTH,15,18,1,15.0,83.33,Ireland
267479,Stiaan van Zyl,LHB,OUTSIDE_OFFSTUMP,GOOD_LENGTH,18,18,3,6.0,100.0,South Africa
208657,Pieter Seelaar,RHB,ON_THE_STUMPS,GOOD_LENGTH,21,18,2,10.5,116.67,Netherlands
605661,Ryan Rickelton,LHB,OUTSIDE_OFFSTUMP,SHORT,56,18,1,56.0,311.11,South Africa
633638,Sharvin Muniandy,RHB,OUTSIDE_OFFSTUMP,FULL,21,18,1,21.0,116.67,Malaysia
669855,Jofra Archer,RHB,ON_THE_STUMPS,FULL,37,18,1,37.0,205.56,England
793457,Hazratullah Zazai,LHB,DOWN_LEG,SHORT,43,18,1,43.0,238.89,Afghanistan
348049,Nasum Ahmed,LHB,OUTSIDE_OFFSTUMP,SHORT_OF_A_GOOD_LENGTH,15,18,1,15.0,83.33,Bangladesh
268740,Seekkuge Prasanna,RHB,OUTSIDE_OFFSTUMP,FULL,17,18,2,8.5,94.44,Sri Lanka
55870,Sean Williams,LHB,OUTSIDE_OFFSTUMP,SHORT,32,18,2,16.0,177.78,Zimbabwe
444970,Jimmy Peirson,RHB,WIDE_OUTSIDE_OFFSTUMP,FULL,34,18,1,34.0,188.89,Australia
300618,Nasir Hossain,RHB,ON_THE_STUMPS,SHORT_OF_A_GOOD_LENGTH,18,18,1,18.0,100.0,Bangladesh
489889,Pat Cummins,RHB,OUTSIDE_OFFSTUMP,YORKER,14,18,1,14.0,77.78,Australia
296597,James Vince,RHB,OUTSIDE_OFFSTUMP,FULL_TOSS,30,18,1,30.0,166.67,England
452472,Anshy Rath,LHB,OUTSIDE_OFFSTUMP,FULL,22,18,2,11.0,122.22,Hong Kong
28081,MS Dhoni,RHB,DOWN_LEG,SHORT_OF_A_GOOD_LENGTH,26,18,1,26.0,144.44,India
1078692,Alick Athanaze,LHB,ON_THE_STUMPS,SHORT_OF_A_GOOD_LENGTH,18,18,2,9.0,100.0,West Indies
230193,Matthew Wade,LHB,WIDE_OUTSIDE_OFFSTUMP,FULL_TOSS,49,18,1,49.0,272.22,Australia
1108830,Nyeem Young,RHB,ON_THE_STUMPS,GOOD_LENGTH,7,18,3,2.33,38.89,West Indies
1168667,Joshua Da Silva,RHB,ON_THE_STUMPS,SHORT_OF_A_GOOD_LENGTH,21,18,3,7.0,116.67,West Indies
267192,Steven Smith,RHB,ON_THE_STUMPS,SHORT,39,18,2,19.5,216.67,Australia
324260,Sarel Erwee,LHB,OUTSIDE_OFFSTUMP,GOOD_LENGTH,10,18,1,10.0,55.56,South Africa
930189,Lalit Yadav,RHB,ON_THE_STUMPS,SHORT_OF_A_GOOD_LENGTH,11,18,1,11.0,61.11,India
345821,Danushka Gunathilaka,LHB,DOWN_LEG,FULL,34,18,1,34.0,188.89,Sri Lanka
603410,Ben McDermott,RHB,ON_THE_STUMPS,SHORT,52,17,1,52.0,305.88,Australia
571761,Daniel Hughes,LHB,OUTSIDE_OFFSTUMP,SHORT,31,17,2,15.5,182.35,Australia
536936,Litton Das,RHB,OUTSIDE_OFFSTUMP,FULL_TOSS,34,17,1,34.0,200.0,Bangladesh
556916,Mukhtar Ahmed,RHB,DOWN_LEG,GOOD_LENGTH,19,17,1,19.0,111.76,United States of America
297488,Matt Machan,LHB,OUTSIDE_OFFSTUMP,GOOD_LENGTH,23,17,1,23.0,135.29,England
297628,Sam Billings,RHB,ON_THE_STUMPS,YORKER,16,17,5,3.2,94.12,England
379504,Adam Zampa,RHB,ON_THE_STUMPS,FULL,13,17,4,3.25,76.47,Australia
403902,Liam Livingstone,RHB,WIDE_OUTSIDE_OFFSTUMP,SHORT,39,17,3,13.0,229.41,England
571911,Joe Clarke,RHB,DOWN_LEG,FULL,30,17,1,30.0,176.47,England
439952,Chris Morris,RHB,ON_THE_STUMPS,YORKER,18,17,1,18.0,105.88,South Africa
603411,Jay Lenton,LHB,OUTSIDE_OFFSTUMP,GOOD_LENGTH,14,17,1,14.0,82.35,Australia
439952,Chris Morris,RHB,ON_THE_STUMPS,SHORT_OF_A_GOOD_LENGTH,27,17,1,27.0,158.82,South Africa
570854,Jack Wildermuth,RHB,ON_THE_STUMPS,FULL,21,17,2,10.5,123.53,Australia
524253,Norman Vanua,RHB,ON_THE_STUMPS,FULL,27,17,2,13.5,158.82,Papua New Guinea
494230,Asif Ali,RHB,WIDE_OUTSIDE_OFFSTUMP,SHORT_OF_A_GOOD_LENGTH,31,17,1,31.0,182.35,Pakistan
297628,Sam Billings,RHB,DOWN_LEG,SHORT,41,17,1,41.0,241.18,England
379143,Quinton de Kock,LHB,WIDE_OUTSIDE_OFFSTUMP,SHORT,27,17,1,27.0,158.82,South Africa
510530,Jamie Overton,RHB,ON_THE_STUMPS,SHORT_OF_A_GOOD_LENGTH,32,17,1,32.0,188.24,England
280490,JJ Smuts,RHB,WIDE_OUTSIDE_OFFSTUMP,SHORT_OF_A_GOOD_LENGTH,19,17,1,19.0,111.76,South Africa
505773,Apoorv Wankhade,RHB,ON_THE_STUMPS,FULL,23,17,1,23.0,135.29,India
348148,Mohammad Nawaz,LHB,DOWN_LEG,FULL,14,17,3,4.67,82.35,Pakistan
330902,Mustafizur Rahman,LHB,ON_THE_STUMPS,GOOD_LENGTH,5,17,2,2.5,29.41,Bangladesh
452472,Anshy Rath,LHB,ON_THE_STUMPS,SHORT_OF_A_GOOD_LENGTH,8,17,1,8.0,47.06,Hong Kong
422108,KL Rahul,RHB,WIDE_OUTSIDE_OFFSTUMP,SHORT,25,17,1,25.0,147.06,India
288992,Chris Jordan,RHB,OUTSIDE_OFFSTUMP,FULL_TOSS,22,17,3,7.33,129.41,England
605575,Matthew Short,RHB,ON_THE_STUMPS,SHORT,32,17,1,32.0,188.24,Australia
605683,Migael Pretorius,RHB,OUTSIDE_OFFSTUMP,GOOD_LENGTH,14,17,4,3.5,82.35,South Africa
381743,Daryl Mitchell,RHB,ON_THE_STUMPS,SHORT,17,17,3,5.67,100.0,New Zealand
296597,James Vince,RHB,ON_THE_STUMPS,YORKER,11,17,2,5.5,64.71,England
325012,Marcus Stoinis,RHB,DOWN_LEG,FULL_TOSS,37,17,1,37.0,217.65,Australia
537119,Mohit Sharma,RHB,ON_THE_STUMPS,GOOD_LENGTH,14,17,1,14.0,82.35,India
277662,Corey Anderson,LHB,ON_THE_STUMPS,FULL_TOSS,28,17,1,28.0,164.71,United States of America
376116,Umesh Yadav,RHB,ON_THE_STUMPS,FULL,29,17,2,14.5,170.59,India
422965,Shehan Jayasuriya,LHB,OUTSIDE_OFFSTUMP,SHORT_OF_A_GOOD_LENGTH,17,17,2,8.5,100.0,United States of America
319439,Mitchell McClenaghan,LHB,OUTSIDE_OFFSTUMP,FULL,18,17,5,3.6,105.88,New Zealand
277912,Trent Boult,RHB,OUTSIDE_OFFSTUMP,SHORT_OF_A_GOOD_LENGTH,13,17,1,13.0,76.47,New Zealand
300618,Nasir Hossain,RHB,OUTSIDE_OFFSTUMP,SHORT,32,17,3,10.67,188.24,Bangladesh
326632,Joe Burns,RHB,OUTSIDE_OFFSTUMP,SHORT,38,17,2,19.0,223.53,Italy
530812,Akeal Hosein,LHB,DOWN_LEG,GOOD_LENGTH,9,17,3,3.0,52.94,West Indies
388678,Ben Dunk,LHB,WIDE_OUTSIDE_OFFSTUMP,FULL,26,17,1,26.0,152.94,Australia
605661,Ryan Rickelton,LHB,WIDE_OUTSIDE_OFFSTUMP,FULL,35,17,2,17.5,205.88,South Africa
550189,Dayyaan Galiem,RHB,OUTSIDE_OFFSTUMP,FULL,16,17,1,16.0,94.12,South Africa
422965,Shehan Jayasuriya,LHB,OUTSIDE_OFFSTUMP,FULL,12,17,1,12.0,70.59,United States of America
495964,Ryan Burl,LHB,WIDE_OUTSIDE_OFFSTUMP,FULL,16,17,3,5.33,94.12,Zimbabwe
277912,Trent Boult,RHB,ON_THE_STUMPS,GOOD_LENGTH,24,17,1,24.0,141.18,New Zealand
391485,Jason Holder,RHB,ON_THE_STUMPS,YORKER,16,17,1,16.0,94.12,West Indies
556916,Mukhtar Ahmed,RHB,OUTSIDE_OFFSTUMP,FULL,38,17,1,38.0,223.53,United States of America
348148,Mohammad Nawaz,LHB,WIDE_OUTSIDE_OFFSTUMP,FULL,36,17,2,18.0,211.76,Pakistan
303508,Shane Getkate,RHB,ON_THE_STUMPS,GOOD_LENGTH,10,17,3,3.33,58.82,Ireland
489889,Pat Cummins,RHB,OUTSIDE_OFFSTUMP,FULL_TOSS,30,17,1,30.0,176.47,Australia
446763,Rahul Tripathi,RHB,ON_THE_STUMPS,FULL_TOSS,45,17,1,45.0,264.71,India
299572,Sikandar Raza,RHB,ON_THE_STUMPS,YORKER,16,17,1,16.0,94.12,Zimbabwe
542023,Lungi Ngidi,RHB,OUTSIDE_OFFSTUMP,GOOD_LENGTH,22,17,1,22.0,129.41,South Africa
366725,Oshada Fernando,RHB,OUTSIDE_OFFSTUMP,SHORT_OF_A_GOOD_LENGTH,6,17,2,3.0,35.29,Sri Lanka
600498,Aiden Markram,RHB,ON_THE_STUMPS,SHORT,31,17,2,15.5,182.35,South Africa
535393,Senuran Muthusamy,LHB,OUTSIDE_OFFSTUMP,SHORT_OF_A_GOOD_LENGTH,12,17,1,12.0,70.59,South Africa
355269,James Neesham,LHB,DOWN_LEG,SHORT,26,17,1,26.0,152.94,New Zealand
379774,Colin Ackermann,RHB,ON_THE_STUMPS,FULL,25,17,2,12.5,147.06,Netherlands
623695,Chamika Karunaratne,RHB,OUTSIDE_OFFSTUMP,FULL_TOSS,24,17,2,12.0,141.18,Sri Lanka
423838,Rahul Tewatia,LHB,ON_THE_STUMPS,YORKER,11,17,2,5.5,64.71,India
348152,Usman Qadir,LHB,OUTSIDE_OFFSTUMP,GOOD_LENGTH,15,17,2,7.5,88.24,Pakistan
585081,Khawar Ali,RHB,OUTSIDE_OFFSTUMP,GOOD_LENGTH,28,17,2,14.0,164.71,Oman
290462,Solomon Mire,RHB,ON_THE_STUMPS,FULL,26,17,2,13.0,152.94,Zimbabwe
300631,Kusal Perera,LHB,WIDE_OUTSIDE_OFFSTUMP,FULL,29,17,2,14.5,170.59,Sri Lanka
482478,Jan Frylinck,LHB,OUTSIDE_OFFSTUMP,FULL,13,17,2,6.5,76.47,Namibia
596376,Joylord Gumbie,RHB,ON_THE_STUMPS,GOOD_LENGTH,9,17,1,9.0,52.94,Zimbabwe
500268,Ashton Turner,RHB,WIDE_OUTSIDE_OFFSTUMP,GOOD_LENGTH,32,17,1,32.0,188.24,Australia
348152,Usman Qadir,LHB,OUTSIDE_OFFSTUMP,FULL,20,17,2,10.0,117.65,Pakistan
391832,Roston Chase,RHB,ON_THE_STUMPS,FULL_TOSS,33,17,3,11.0,194.12,West Indies
537119,Mohit Sharma,RHB,OUTSIDE_OFFSTUMP,GOOD_LENGTH,10,17,1,10.0,58.82,India
429668,Imal Liyanage,LHB,ON_THE_STUMPS,GOOD_LENGTH,12,17,1,12.0,70.59,Qatar
457249,Carlos Brathwaite,RHB,DOWN_LEG,GOOD_LENGTH,22,17,2,11.0,129.41,West Indies
48472,Tillakaratne Dilshan,RHB,WIDE_OUTSIDE_OFFSTUMP,GOOD_LENGTH,19,17,1,19.0,111.76,Sri Lanka
1137283,Thomas Rogers,LHB,DOWN_LEG,GOOD_LENGTH,24,17,2,12.0,141.18,Australia
820691,Odean Smith,RHB,ON_THE_STUMPS,YORKER,7,17,4,1.75,41.18,West Indies
232435,Calum MacLeod,RHB,OUTSIDE_OFFSTUMP,FULL,16,17,1,16.0,94.12,Scotland
1210488,Cooper Connolly,LHB,ON_THE_STUMPS,FULL,32,17,2,16.0,188.24,Australia
820689,Shamar Springer,RHB,OUTSIDE_OFFSTUMP,SHORT_OF_A_GOOD_LENGTH,33,17,1,33.0,194.12,West Indies
1284532,Haider Butt,RHB,OUTSIDE_OFFSTUMP,SHORT_OF_A_GOOD_LENGTH,23,17,1,23.0,135.29,Bahrain
1284532,Haider Butt,RHB,ON_THE_STUMPS,FULL,20,17,1,20.0,117.65,Bahrain
662973,Sam Curran,LHB,WIDE_OUTSIDE_OFFSTUMP,SHORT_OF_A_GOOD_LENGTH,20,17,1,20.0,117.65,England
32102,Naman Ojha,RHB,ON_THE_STUMPS,SHORT_OF_A_GOOD_LENGTH,15,17,1,15.0,88.24,India
1278263,Jack Jarvis,RHB,OUTSIDE_OFFSTUMP,GOOD_LENGTH,20,17,2,10.0,117.65,
820691,Odean Smith,RHB,WIDE_OUTSIDE_OFFSTUMP,FULL,27,17,3,9.0,158.82,West Indies
1278029,Yasir Khan,RHB,OUTSIDE_OFFSTUMP,FULL,23,17,1,23.0,135.29,Pakistan
820677,Keacy Carty,RHB,ON_THE_STUMPS,GOOD_LENGTH,5,17,1,5.0,29.41,West Indies
1277545,Abishek Porel,LHB,OUTSIDE_OFFSTUMP,SHORT,32,17,1,32.0,188.24,India
1070168,Prithvi Shaw,RHB,DOWN_LEG,SHORT,34,17,1,34.0,200.0,India
819429,Azmatullah Omarzai,RHB,WIDE_OUTSIDE_OFFSTUMP,SHORT_OF_A_GOOD_LENGTH,24,17,1,24.0,141.18,Afghanistan
1070183,Abhishek Sharma,LHB,DOWN_LEG,SHORT,25,17,3,8.33,147.06,India
45204,Robbie Frylinck,RHB,OUTSIDE_OFFSTUMP,SHORT_OF_A_GOOD_LENGTH,19,17,2,9.5,111.76,South Africa
233514,Thisara Perera,LHB,DOWN_LEG,FULL,18,17,1,18.0,105.88,Sri Lanka
1153767,Vikramjit Singh,LHB,ON_THE_STUMPS,GOOD_LENGTH,15,17,1,15.0,88.24,Netherlands
30288,Karn Sharma,LHB,OUTSIDE_OFFSTUMP,FULL,48,17,1,48.0,282.35,India
45705,Colin Ingram,LHB,ON_THE_STUMPS,YORKER,13,17,2,6.5,76.47,South Africa
5961,Moises Henriques,RHB,ON_THE_STUMPS,YORKER,14,17,2,7.0,82.35,Australia
823509,Glenn Phillips,RHB,ON_THE_STUMPS,YORKER,9,17,2,4.5,52.94,New Zealand
629076,Sadeera Samarawickrama,RHB,WIDE_OUTSIDE_OFFSTUMP,GOOD_LENGTH,32,17,3,10.67,188.24,Sri Lanka
44936,AB de Villiers,RHB,WIDE_OUTSIDE_OFFSTUMP,FULL_TOSS,40,17,1,40.0,235.29,South Africa
56154,Shamsur Rahman,RHB,ON_THE_STUMPS,SHORT_OF_A_GOOD_LENGTH,8,17,1,8.0,47.06,Bangladesh
629076,Sadeera Samarawickrama,RHB,DOWN_LEG,GOOD_LENGTH,13,17,1,13.0,76.47,Sri Lanka
30288,Karn Sharma,LHB,OUTSIDE_OFFSTUMP,SHORT_OF_A_GOOD_LENGTH,20,17,1,20.0,117.65,India
1028655,Pathum Nissanka,RHB,ON_THE_STUMPS,YORKER,5,17,2,2.5,29.41,Sri Lanka
822485,Muhammad Akhlaq,RHB,OUTSIDE_OFFSTUMP,GOOD_LENGTH,33,17,3,11.0,194.12,Pakistan
712219,Zahir Khan,LHB,OUTSIDE_OFFSTUMP,GOOD_LENGTH,25,17,1,25.0,147.06,Afghanistan
256956,Laurie Evans,RHB,DOWN_LEG,GOOD_LENGTH,25,17,4,6.25,147.06,England
1131570,Urvil Patel,RHB,ON_THE_STUMPS,GOOD_LENGTH,29,17,1,29.0,170.59,India
219885,Tom Cooper,RHB,WIDE_OUTSIDE_OFFSTUMP,FULL,28,17,2,14.0,164.71,Netherlands
1079434,Riyan Parag,RHB,WIDE_OUTSIDE_OFFSTUMP,FULL,34,17,1,34.0,200.0,India
221140,David Wiese,RHB,ON_THE_STUMPS,YORKER,11,17,1,11.0,64.71,Namibia
35390,Saurabh Tiwary,LHB,DOWN_LEG,GOOD_LENGTH,11,17,1,11.0,64.71,India
792519,Dhananjaya Lakshan,LHB,OUTSIDE_OFFSTUMP,GOOD_LENGTH,14,17,2,7.0,82.35,Sri Lanka
1124282,Josh Philippe,RHB,ON_THE_STUMPS,SHORT,40,17,1,40.0,235.29,Australia
772311,Aritra Dutta,RHB,ON_THE_STUMPS,GOOD_LENGTH,12,17,2,6.0,70.59,Singapore
8180,Shane Watson,RHB,ON_THE_STUMPS,YORKER,9,17,4,2.25,52.94,Australia
38373,Jesse Ryder,LHB,OUTSIDE_OFFSTUMP,GOOD_LENGTH,19,17,1,19.0,111.76,New Zealand
647667,Usama Mir,RHB,OUTSIDE_OFFSTUMP,GOOD_LENGTH,22,17,2,11.0,129.41,Pakistan
787073,Chris Green,RHB,WIDE_OUTSIDE_OFFSTUMP,FULL,21,17,2,10.5,123.53,Australia
643197,Max O'Dowd,RHB,OUTSIDE_OFFSTUMP,SHORT,41,17,1,41.0,241.18,Netherlands
646173,Kiplin Doriga,RHB,ON_THE_STUMPS,GOOD_LENGTH,19,17,1,19.0,111.76,Papua New Guinea
1112535,Neil Rock,LHB,ON_THE_STUMPS,GOOD_LENGTH,15,17,2,7.5,88.24,Ireland
228210,Mehedi Maruf,RHB,ON_THE_STUMPS,GOOD_LENGTH,16,17,1,16.0,94.12,Bangladesh
259410,Ahmed Shehzad,RHB,WIDE_OUTSIDE_OFFSTUMP,FULL,21,17,2,10.5,123.53,Pakistan
1077310,Naseem Khushi,RHB,OUTSIDE_OFFSTUMP,FULL,36,17,1,36.0,211.76,Oman
1070665,Dewald Brevis,RHB,WIDE_OUTSIDE_OFFSTUMP,GOOD_LENGTH,24,17,2,12.0,141.18,South Africa
1276719,Kashyap Prajapati,RHB,ON_THE_STUMPS,FULL,27,17,1,27.0,158.82,Oman
1127317,Scott Edwards,RHB,ON_THE_STUMPS,FULL,23,17,1,23.0,135.29,Netherlands
1126693,Baxter Holt,RHB,OUTSIDE_OFFSTUMP,SHORT_OF_A_GOOD_LENGTH,10,17,2,5.0,58.82,Australia
32966,Piyush Chawla,LHB,ON_THE_STUMPS,SHORT_OF_A_GOOD_LENGTH,13,17,1,13.0,76.47,India
41434,Mohammad Hafeez,RHB,ON_THE_STUMPS,YORKER,7,17,1,7.0,41.18,Pakistan
256956,Laurie Evans,RHB,OUTSIDE_OFFSTUMP,FULL_TOSS,34,17,1,34.0,200.0,England
1076377,Oliver Davies,RHB,OUTSIDE_OFFSTUMP,SHORT,35,17,2,17.5,205.88,Australia
41140,Khurram Manzoor,RHB,OUTSIDE_OFFSTUMP,FULL,10,17,1,10.0,58.82,Pakistan
793467,Karim Janat,RHB,OUTSIDE_OFFSTUMP,SHORT,29,17,2,14.5,170.59,Afghanistan
1076713,Cameron Green,RHB,DOWN_LEG,GOOD_LENGTH,19,17,1,19.0,111.76,Australia
1076713,Cameron Green,RHB,ON_THE_STUMPS,FULL_TOSS,33,17,1,33.0,194.12,Australia
1076713,Cameron Green,RHB,OUTSIDE_OFFSTUMP,FULL_TOSS,31,17,3,10.33,182.35,Australia
1201520,Ripal Patel,RHB,OUTSIDE_OFFSTUMP,FULL,29,17,1,29.0,170.59,India
33141,Ambati Rayudu,RHB,ON_THE_STUMPS,YORKER,15,17,3,5.0,88.24,India
723105,Rinku Singh,LHB,WIDE_OUTSIDE_OFFSTUMP,FULL,34,17,3,11.33,200.0,India
49758,Lasith Malinga,RHB,ON_THE_STUMPS,GOOD_LENGTH,9,17,1,9.0,52.94,Sri Lanka
877051,Tom Banton,RHB,OUTSIDE_OFFSTUMP,SHORT,38,17,1,38.0,223.53,England
680045,Shubham Sharma,RHB,ON_THE_STUMPS,GOOD_LENGTH,16,17,2,8.0,94.12,India
946507,Tadiwanashe Marumani,LHB,OUTSIDE_OFFSTUMP,SHORT_OF_A_GOOD_LENGTH,14,17,1,14.0,82.35,Zimbabwe
52917,Denesh Ramdin,RHB,OUTSIDE_OFFSTUMP,FULL_TOSS,30,17,1,30.0,176.47,West Indies
946517,Dion Myers,RHB,ON_THE_STUMPS,FULL,19,17,1,19.0,111.76,Zimbabwe
921509,Ibrahim Zadran,RHB,DOWN_LEG,GOOD_LENGTH,17,17,1,17.0,100.0,Afghanistan
670013,Fabian Allen,RHB,ON_THE_STUMPS,SHORT,44,17,3,14.67,258.82,West Indies
237696,Sheldon Jackson,RHB,ON_THE_STUMPS,SHORT_OF_A_GOOD_LENGTH,13,17,1,13.0,76.47,India
956871,Prerak Mankad,RHB,ON_THE_STUMPS,GOOD_LENGTH,19,17,2,9.5,111.76,India
851403,Venkatesh Iyer,LHB,ON_THE_STUMPS,FULL_TOSS,24,17,1,24.0,141.18,India
851403,Venkatesh Iyer,LHB,DOWN_LEG,FULL,18,17,1,18.0,105.88,India
909225,Paul Walter,LHB,ON_THE_STUMPS,SHORT_OF_A_GOOD_LENGTH,12,17,3,4.0,70.59,England
1166910,Piyush Joshi,RHB,ON_THE_STUMPS,GOOD_LENGTH,23,17,2,11.5,135.29,India
1171647,Avneesh Sudha,RHB,ON_THE_STUMPS,GOOD_LENGTH,21,17,1,21.0,123.53,India
928057,Lorcan Tucker,RHB,WIDE_OUTSIDE_OFFSTUMP,FULL,31,17,1,31.0,182.35,Ireland
628240,Hussain Talat,LHB,WIDE_OUTSIDE_OFFSTUMP,FULL,19,17,2,9.5,111.76,Pakistan
1175489,Sameer Rizvi,RHB,OUTSIDE_OFFSTUMP,GOOD_LENGTH,15,17,2,7.5,88.24,India
1388460,Rahul Chopra,RHB,ON_THE_STUMPS,GOOD_LENGTH,16,17,1,16.0,94.12,
931015,Thanuka Dabare,LHB,OUTSIDE_OFFSTUMP,GOOD_LENGTH,15,17,4,3.75,88.24,Sri Lanka
931015,Thanuka Dabare,LHB,OUTSIDE_OFFSTUMP,SHORT_OF_A_GOOD_LENGTH,29,17,1,29.0,170.59,Sri Lanka
51439,Dwayne Bravo,RHB,DOWN_LEG,SHORT_OF_A_GOOD_LENGTH,10,17,3,3.33,58.82,West Indies
49535,Nuwan Kulasekara,RHB,OUTSIDE_OFFSTUMP,GOOD_LENGTH,14,17,3,4.67,82.35,Sri Lanka
704693,Lahiru Udara,RHB,ON_THE_STUMPS,SHORT_OF_A_GOOD_LENGTH,16,17,2,8.0,94.12,Sri Lanka
961407,Harry Tector,RHB,WIDE_OUTSIDE_OFFSTUMP,FULL,31,17,1,31.0,182.35,Ireland
55893,Fazle Mahmud,LHB,ON_THE_STUMPS,SHORT_OF_A_GOOD_LENGTH,24,17,1,24.0,141.18,Bangladesh
270484,James Faulkner,RHB,WIDE_OUTSIDE_OFFSTUMP,FULL,18,17,1,18.0,105.88,Australia
56007,Mashrafe Mortaza,RHB,OUTSIDE_OFFSTUMP,SHORT_OF_A_GOOD_LENGTH,15,17,3,5.0,88.24,Bangladesh
834741,Caleb Jewell,LHB,ON_THE_STUMPS,SHORT,42,17,3,14.0,247.06,Australia
5334,Aaron Finch,RHB,DOWN_LEG,FULL_TOSS,33,17,2,16.5,194.12,Australia
1323683,Aaron Johnson,RHB,OUTSIDE_OFFSTUMP,GOOD_LENGTH,19,17,1,19.0,111.76,Canada
1199426,Irfan Khan,RHB,OUTSIDE_OFFSTUMP,FULL,35,16,1,35.0,218.75,Pakistan
1119026,Devdutt Padikkal,LHB,ON_THE_STUMPS,YORKER,10,16,1,10.0,62.5,India
596442,Delano Potgieter,LHB,ON_THE_STUMPS,GOOD_LENGTH,20,16,1,20.0,125.0,South Africa
425639,Tendai Chatara,RHB,OUTSIDE_OFFSTUMP,GOOD_LENGTH,13,16,1,13.0,81.25,Zimbabwe
596664,Zane Green,LHB,OUTSIDE_OFFSTUMP,SHORT_OF_A_GOOD_LENGTH,13,16,1,13.0,81.25,Namibia
1112537,Jordan Cox,RHB,OUTSIDE_OFFSTUMP,SHORT,20,16,1,20.0,125.0,England
1175485,Abdul Samad,RHB,WIDE_OUTSIDE_OFFSTUMP,FULL,29,16,2,14.5,181.25,India
33335,Suresh Raina,LHB,WIDE_OUTSIDE_OFFSTUMP,SHORT_OF_A_GOOD_LENGTH,20,16,1,20.0,125.0,India
446763,Rahul Tripathi,RHB,WIDE_OUTSIDE_OFFSTUMP,SHORT,43,16,1,43.0,268.75,India
348148,Mohammad Nawaz,LHB,ON_THE_STUMPS,YORKER,11,16,3,3.67,68.75,Pakistan
781285,Jake Weatherald,LHB,WIDE_OUTSIDE_OFFSTUMP,GOOD_LENGTH,27,16,1,27.0,168.75,Australia
446507,Suryakumar Yadav,RHB,DOWN_LEG,FULL_TOSS,26,16,3,8.67,162.5,India
333780,Nic Maddinson,LHB,OUTSIDE_OFFSTUMP,SHORT,31,16,2,15.5,193.75,Australia
1175485,Abdul Samad,RHB,OUTSIDE_OFFSTUMP,YORKER,14,16,1,14.0,87.5,India
1121574,Kunal Chandela,RHB,ON_THE_STUMPS,GOOD_LENGTH,20,16,1,20.0,125.0,India
1193541,William Clark,RHB,OUTSIDE_OFFSTUMP,SHORT_OF_A_GOOD_LENGTH,22,16,2,11.0,137.5,New Zealand
781285,Jake Weatherald,LHB,ON_THE_STUMPS,FULL_TOSS,25,16,1,25.0,156.25,Australia
230551,Gajanand Singh,LHB,ON_THE_STUMPS,FULL,14,16,2,7.0,87.5,United States of America
422965,Shehan Jayasuriya,LHB,WIDE_OUTSIDE_OFFSTUMP,GOOD_LENGTH,21,16,2,10.5,131.25,United States of America
1185538,Mohammad Wasim,RHB,ON_THE_STUMPS,GOOD_LENGTH,22,16,3,7.33,137.5,Pakistan
333624,Alex Ross,RHB,WIDE_OUTSIDE_OFFSTUMP,SHORT_OF_A_GOOD_LENGTH,18,16,1,18.0,112.5,Australia
299572,Sikandar Raza,RHB,DOWN_LEG,FULL,27,16,1,27.0,168.75,Zimbabwe
774223,Jhye Richardson,RHB,OUTSIDE_OFFSTUMP,SHORT,30,16,2,15.0,187.5,Australia
1119026,Devdutt Padikkal,LHB,WIDE_OUTSIDE_OFFSTUMP,FULL,24,16,1,24.0,150.0,India
586985,Jiwanjot Singh,RHB,ON_THE_STUMPS,GOOD_LENGTH,19,16,1,19.0,118.75,India
722303,Matt Renshaw,LHB,ON_THE_STUMPS,SHORT,19,16,3,6.33,118.75,Australia
444970,Jimmy Peirson,RHB,ON_THE_STUMPS,FULL_TOSS,32,16,1,32.0,200.0,Australia
232491,Anwar Ali,RHB,OUTSIDE_OFFSTUMP,SHORT,20,16,4,5.0,125.0,Pakistan
437669,Jordan Silk,RHB,WIDE_OUTSIDE_OFFSTUMP,SHORT,43,16,1,43.0,268.75,Australia
698189,Wiaan Mulder,RHB,WIDE_OUTSIDE_OFFSTUMP,GOOD_LENGTH,20,16,1,20.0,125.0,South Africa
25913,Mohammad Nabi,RHB,WIDE_OUTSIDE_OFFSTUMP,SHORT,40,16,3,13.33,250.0,Afghanistan
1161606,Haris Rauf,RHB,ON_THE_STUMPS,GOOD_LENGTH,8,16,1,8.0,50.0,Pakistan
431909,Jermaine Blackwood,RHB,OUTSIDE_OFFSTUMP,FULL,24,16,1,24.0,150.0,West Indies
559059,Joe Carter,RHB,OUTSIDE_OFFSTUMP,SHORT_OF_A_GOOD_LENGTH,14,16,2,7.0,87.5,New Zealand
233680,Jonathan Wells,RHB,ON_THE_STUMPS,YORKER,11,16,3,3.67,68.75,Australia
594233,Sibonelo Makhanya,RHB,OUTSIDE_OFFSTUMP,FULL,13,16,2,6.5,81.25,South Africa
345825,Chaturanga de Silva,LHB,ON_THE_STUMPS,SHORT_OF_A_GOOD_LENGTH,12,16,1,12.0,75.0,Sri Lanka
28081,MS Dhoni,RHB,DOWN_LEG,SHORT,23,16,3,7.67,143.75,India
430246,Yuzvendra Chahal,RHB,OUTSIDE_OFFSTUMP,SHORT_OF_A_GOOD_LENGTH,5,16,1,5.0,31.25,India
1168641,Harpreet Brar,LHB,ON_THE_STUMPS,SHORT_OF_A_GOOD_LENGTH,12,16,2,6.0,75.0,India
443263,Hayden Walsh,LHB,ON_THE_STUMPS,GOOD_LENGTH,14,16,1,14.0,87.5,West Indies
1129633,Max Chu,LHB,OUTSIDE_OFFSTUMP,GOOD_LENGTH,20,16,1,20.0,125.0,New Zealand
1172968,Dan Mousley,LHB,ON_THE_STUMPS,GOOD_LENGTH,12,16,2,6.0,75.0,England
1126059,Omair Yousuf,RHB,OUTSIDE_OFFSTUMP,FULL,22,16,1,22.0,137.5,Pakistan
570854,Jack Wildermuth,RHB,OUTSIDE_OFFSTUMP,FULL,15,16,1,15.0,93.75,Australia
288992,Chris Jordan,RHB,ON_THE_STUMPS,FULL_TOSS,29,16,2,14.5,181.25,England
1171127,Haseebullah Khan,LHB,ON_THE_STUMPS,FULL,23,16,1,23.0,143.75,Pakistan
230559,Kieron Pollard,RHB,WIDE_OUTSIDE_OFFSTUMP,YORKER,13,16,2,6.5,81.25,West Indies
438362,Sandeep Sharma,RHB,OUTSIDE_OFFSTUMP,GOOD_LENGTH,11,16,3,3.67,68.75,India
348133,Steven Taylor,LHB,OUTSIDE_OFFSTUMP,FULL,18,16,2,9.0,112.5,United States of America
429668,Imal Liyanage,LHB,OUTSIDE_OFFSTUMP,SHORT_OF_A_GOOD_LENGTH,28,16,1,28.0,175.0,Qatar
429754,Niroshan Dickwella,LHB,ON_THE_STUMPS,FULL_TOSS,32,16,1,32.0,200.0,Sri Lanka
233901,Shan Masood,LHB,WIDE_OUTSIDE_OFFSTUMP,FULL,8,16,1,8.0,50.0,Pakistan
232292,Swapnil Singh,RHB,OUTSIDE_OFFSTUMP,GOOD_LENGTH,12,16,2,6.0,75.0,India
32498,Yusuf Pathan,RHB,DOWN_LEG,GOOD_LENGTH,21,16,1,21.0,131.25,India
719715,Washington Sundar,LHB,ON_THE_STUMPS,SHORT,22,16,5,4.4,137.5,India
447142,Sudip Chatterjee,LHB,OUTSIDE_OFFSTUMP,GOOD_LENGTH,15,16,1,15.0,93.75,India
470633,Tom Kohler-Cadmore,RHB,ON_THE_STUMPS,FULL_TOSS,21,16,2,10.5,131.25,England
333066,Johnson Charles,RHB,WIDE_OUTSIDE_OFFSTUMP,SHORT,35,16,2,17.5,218.75,West Indies
320652,Asghar Afghan,RHB,WIDE_OUTSIDE_OFFSTUMP,GOOD_LENGTH,18,16,1,18.0,112.5,Afghanistan
959771,Nathan Smith,RHB,ON_THE_STUMPS,GOOD_LENGTH,17,16,1,17.0,106.25,New Zealand
55870,Sean Williams,LHB,WIDE_OUTSIDE_OFFSTUMP,FULL,24,16,1,24.0,150.0,Zimbabwe
48472,Tillakaratne Dilshan,RHB,ON_THE_STUMPS,FULL,13,16,4,3.25,81.25,Sri Lanka
55787,Vusi Sibanda,RHB,OUTSIDE_OFFSTUMP,FULL,28,16,1,28.0,175.0,Zimbabwe
853265,Mahipal Lomror,LHB,WIDE_OUTSIDE_OFFSTUMP,FULL,24,16,5,4.8,150.0,India
946517,Dion Myers,RHB,OUTSIDE_OFFSTUMP,SHORT_OF_A_GOOD_LENGTH,17,16,1,17.0,106.25,Zimbabwe
532853,Smit Patel,RHB,ON_THE_STUMPS,GOOD_LENGTH,7,16,1,7.0,43.75,United States of America
55893,Fazle Mahmud,LHB,OUTSIDE_OFFSTUMP,FULL,33,16,2,16.5,206.25,Bangladesh
45705,Colin Ingram,LHB,OUTSIDE_OFFSTUMP,YORKER,11,16,1,11.0,68.75,South Africa
974719,Muhammad Usman,LHB,ON_THE_STUMPS,FULL,8,16,2,4.0,50.0,United Arab Emirates
990081,Mohammad Naim,LHB,WIDE_OUTSIDE_OFFSTUMP,FULL,19,16,3,6.33,118.75,Bangladesh
495551,Sheldon Cottrell,RHB,OUTSIDE_OFFSTUMP,GOOD_LENGTH,13,16,2,6.5,81.25,West Indies
824541,Jaker Ali,RHB,OUTSIDE_OFFSTUMP,FULL_TOSS,32,16,1,32.0,200.0,Bangladesh
495964,Ryan Burl,LHB,WIDE_OUTSIDE_OFFSTUMP,GOOD_LENGTH,16,16,1,16.0,100.0,Zimbabwe
977451,Jack Prestwidge,RHB,OUTSIDE_OFFSTUMP,SHORT_OF_A_GOOD_LENGTH,12,16,1,12.0,75.0,Australia
536936,Litton Das,RHB,ON_THE_STUMPS,YORKER,10,16,3,3.33,62.5,Bangladesh
826679,Sam Heazlett,LHB,DOWN_LEG,SHORT_OF_A_GOOD_LENGTH,9,16,1,9.0,56.25,Australia
974109,Mujeeb Ur Rahman,RHB,ON_THE_STUMPS,FULL,9,16,5,1.8,56.25,Afghanistan
46942,Aaron Phangiso,RHB,OUTSIDE_OFFSTUMP,SHORT_OF_A_GOOD_LENGTH,11,16,1,11.0,68.75,South Africa
961407,Harry Tector,RHB,OUTSIDE_OFFSTUMP,FULL_TOSS,31,16,1,31.0,193.75,Ireland
55944,Jahurul Islam,RHB,ON_THE_STUMPS,FULL,15,16,1,15.0,93.75,Bangladesh
826915,Nathan Ellis,RHB,ON_THE_STUMPS,SHORT_OF_A_GOOD_LENGTH,22,16,4,5.5,137.5,Australia
943295,Muhammad Kaleem,RHB,OUTSIDE_OFFSTUMP,GOOD_LENGTH,3,16,2,1.5,18.75,United Arab Emirates
50710,Kumar Sangakkara,LHB,OUTSIDE_OFFSTUMP,SHORT,26,16,1,26.0,162.5,Sri Lanka
922941,Abdullah Shafique,RHB,WIDE_OUTSIDE_OFFSTUMP,FULL,39,16,1,39.0,243.75,Pakistan
52334,Imran Khan,RHB,OUTSIDE_OFFSTUMP,SHORT_OF_A_GOOD_LENGTH,8,16,3,2.67,50.0,West Indies
53191,Jerome Taylor,RHB,OUTSIDE_OFFSTUMP,GOOD_LENGTH,12,16,2,6.0,75.0,West Indies
529436,Srikar Bharat,RHB,ON_THE_STUMPS,SHORT_OF_A_GOOD_LENGTH,19,16,3,6.33,118.75,India
877051,Tom Banton,RHB,DOWN_LEG,GOOD_LENGTH,31,16,2,15.5,193.75,England
524049,Najibullah Zadran,LHB,WIDE_OUTSIDE_OFFSTUMP,GOOD_LENGTH,10,16,1,10.0,62.5,Afghanistan
524253,Norman Vanua,RHB,OUTSIDE_OFFSTUMP,SHORT_OF_A_GOOD_LENGTH,25,16,2,12.5,156.25,Papua New Guinea
53118,Dwayne Smith,RHB,ON_THE_STUMPS,FULL_TOSS,22,16,1,22.0,137.5,West Indies
53116,Lendl Simmons,RHB,DOWN_LEG,SHORT,37,16,2,18.5,231.25,West Indies
525992,Adam Hose,RHB,OUTSIDE_OFFSTUMP,SHORT,37,16,2,18.5,231.25,England
906783,Obed McCoy,LHB,ON_THE_STUMPS,FULL,35,16,2,17.5,218.75,West Indies
512191,Fakhar Zaman,LHB,OUTSIDE_OFFSTUMP,YORKER,15,16,1,15.0,93.75,Pakistan
55343,Elton Chigumbura,RHB,ON_THE_STUMPS,FULL,17,16,2,8.5,106.25,Zimbabwe
317273,Umar Akmal,RHB,WIDE_OUTSIDE_OFFSTUMP,FULL,18,16,3,6.0,112.5,Pakistan
315586,Chadwick Walton,RHB,DOWN_LEG,SHORT,25,16,3,8.33,156.25,West Indies
55346,Graeme Cremer,RHB,OUTSIDE_OFFSTUMP,GOOD_LENGTH,6,16,4,1.5,37.5,Zimbabwe
530773,Pawan Negi,LHB,ON_THE_STUMPS,FULL,23,16,2,11.5,143.75,India
505120,Ashton Agar,LHB,DOWN_LEG,SHORT_OF_A_GOOD_LENGTH,12,16,4,3.0,75.0,Australia
505120,Ashton Agar,LHB,DOWN_LEG,FULL,18,16,1,18.0,112.5,Australia
936337,Rahul Hazarika,LHB,OUTSIDE_OFFSTUMP,GOOD_LENGTH,14,16,1,14.0,87.5,India
44936,AB de Villiers,RHB,DOWN_LEG,SHORT,37,16,2,18.5,231.25,South Africa
302579,Shreevats Goswami,LHB,ON_THE_STUMPS,GOOD_LENGTH,17,16,1,17.0,106.25,India
459508,Andrew Tye,RHB,ON_THE_STUMPS,SHORT_OF_A_GOOD_LENGTH,22,16,1,22.0,137.5,Australia
459508,Andrew Tye,RHB,OUTSIDE_OFFSTUMP,SHORT,33,16,4,8.25,206.25,Australia
1083851,Suyash Prabhudessai,RHB,ON_THE_STUMPS,FULL,24,16,1,24.0,150.0,India
1079434,Riyan Parag,RHB,OUTSIDE_OFFSTUMP,FULL_TOSS,20,16,1,20.0,125.0,India
1079434,Riyan Parag,RHB,ON_THE_STUMPS,SHORT,34,16,3,11.33,212.5,India
553249,Bjorn Fortuin,RHB,ON_THE_STUMPS,GOOD_LENGTH,13,16,2,6.5,81.25,South Africa
330408,Chris Barnwell,RHB,ON_THE_STUMPS,FULL,18,16,1,18.0,112.5,West Indies
459508,Andrew Tye,RHB,ON_THE_STUMPS,FULL,21,16,2,10.5,131.25,Australia
788101,Tom Moores,LHB,ON_THE_STUMPS,SHORT_OF_A_GOOD_LENGTH,24,16,1,24.0,150.0,England
308294,Stuart Poynter,RHB,ON_THE_STUMPS,GOOD_LENGTH,15,16,1,15.0,93.75,Ireland
557295,Hilton Cartwright,RHB,ON_THE_STUMPS,YORKER,17,16,3,5.67,106.25,Australia
447458,Swapnil Patil,RHB,OUTSIDE_OFFSTUMP,SHORT_OF_A_GOOD_LENGTH,14,16,1,14.0,87.5,United Arab Emirates
227760,Sarfaraz Ahmed,RHB,WIDE_OUTSIDE_OFFSTUMP,SHORT_OF_A_GOOD_LENGTH,20,16,1,20.0,125.0,Pakistan
557295,Hilton Cartwright,RHB,ON_THE_STUMPS,FULL_TOSS,28,16,5,5.6,175.0,Australia
1093091,Michael Jones,RHB,OUTSIDE_OFFSTUMP,SHORT_OF_A_GOOD_LENGTH,9,16,2,4.5,56.25,Scotland
1088608,Max Bryant,RHB,WIDE_OUTSIDE_OFFSTUMP,FULL,37,16,1,37.0,231.25,Australia
222354,Milinda Siriwardana,LHB,ON_THE_STUMPS,SHORT_OF_A_GOOD_LENGTH,25,16,1,25.0,156.25,Sri Lanka
38373,Jesse Ryder,LHB,ON_THE_STUMPS,GOOD_LENGTH,10,16,1,10.0,62.5,New Zealand
468573,Ross Adair,RHB,OUTSIDE_OFFSTUMP,GOOD_LENGTH,3,16,1,3.0,18.75,Ireland
793457,Hazratullah Zazai,LHB,WIDE_OUTSIDE_OFFSTUMP,GOOD_LENGTH,19,16,2,9.5,118.75,Afghanistan
470633,Tom Kohler-Cadmore,RHB,DOWN_LEG,SHORT_OF_A_GOOD_LENGTH,28,16,1,28.0,175.0,England
488998,Tshepang Dithole,LHB,ON_THE_STUMPS,GOOD_LENGTH,7,16,3,2.33,43.75,South Africa
208253,Irfan Ahmed,RHB,OUTSIDE_OFFSTUMP,GOOD_LENGTH,20,16,1,20.0,125.0,Hong Kong
56268,Arafat Sunny,LHB,OUTSIDE_OFFSTUMP,GOOD_LENGTH,14,16,1,14.0,87.5,Bangladesh
547756,Brett Hampton,RHB,OUTSIDE_OFFSTUMP,SHORT_OF_A_GOOD_LENGTH,11,16,3,3.67,68.75,New Zealand
547756,Brett Hampton,RHB,OUTSIDE_OFFSTUMP,FULL,24,16,2,12.0,150.0,New Zealand
326625,Cameron Boyce,RHB,ON_THE_STUMPS,GOOD_LENGTH,10,16,2,5.0,62.5,Australia
44149,Johan Botha,RHB,OUTSIDE_OFFSTUMP,SHORT_OF_A_GOOD_LENGTH,21,16,1,21.0,131.25,South Africa
303423,Andy Balbirnie,RHB,WIDE_OUTSIDE_OFFSTUMP,SHORT_OF_A_GOOD_LENGTH,21,16,1,21.0,131.25,Ireland
1058514,Aasif Sheikh,RHB,ON_THE_STUMPS,GOOD_LENGTH,14,16,1,14.0,87.5,Nepal
44828,Faf du Plessis,RHB,DOWN_LEG,SHORT,25,16,1,25.0,156.25,South Africa
44828,Faf du Plessis,RHB,WIDE_OUTSIDE_OFFSTUMP,SHORT,40,16,1,40.0,250.0,South Africa
540316,Andile Phehlukwayo,LHB,ON_THE_STUMPS,FULL,22,16,4,5.5,137.5,South Africa
819441,Darwish Rasooli,RHB,OUTSIDE_OFFSTUMP,FULL,15,16,1,15.0,93.75,Afghanistan
481979,Anrich Nortje,RHB,OUTSIDE_OFFSTUMP,GOOD_LENGTH,12,16,1,12.0,75.0,South Africa
1070173,Shubman Gill,RHB,WIDE_OUTSIDE_OFFSTUMP,GOOD_LENGTH,22,16,1,22.0,137.5,India
1070183,Abhishek Sharma,LHB,OUTSIDE_OFFSTUMP,SHORT,34,16,1,34.0,212.5,India
1070199,Het Patel,RHB,ON_THE_STUMPS,GOOD_LENGTH,10,16,1,10.0,62.5,India
480603,Iftikhar Ahmed,RHB,DOWN_LEG,GOOD_LENGTH,14,16,1,14.0,87.5,Pakistan
326968,Michael Bracewell,LHB,OUTSIDE_OFFSTUMP,SHORT_OF_A_GOOD_LENGTH,20,16,2,10.0,125.0,New Zealand
474760,Chundangapoyil Rizwan,RHB,OUTSIDE_OFFSTUMP,SHORT_OF_A_GOOD_LENGTH,23,16,1,23.0,143.75,United Arab Emirates
796255,Bilal Tahir,LHB,OUTSIDE_OFFSTUMP,FULL,15,16,1,15.0,93.75,Kuwait
1072488,Rohit Paudel,RHB,ON_THE_STUMPS,GOOD_LENGTH,15,16,1,15.0,93.75,Nepal
327830,Dwaine Pretorius,RHB,WIDE_OUTSIDE_OFFSTUMP,GOOD_LENGTH,25,16,1,25.0,156.25,South Africa
327832,Mangaliso Mosehle,RHB,ON_THE_STUMPS,GOOD_LENGTH,26,16,1,26.0,162.5,South Africa
41028,Kamran Akmal,RHB,WIDE_OUTSIDE_OFFSTUMP,SHORT_OF_A_GOOD_LENGTH,28,16,1,28.0,175.0,Pakistan
1201520,Ripal Patel,RHB,ON_THE_STUMPS,GOOD_LENGTH,21,16,1,21.0,131.25,India
1218226,Muhammad Faizan,RHB,OUTSIDE_OFFSTUMP,GOOD_LENGTH,14,16,1,14.0,87.5,Pakistan
625960,Kyle Jamieson,RHB,OUTSIDE_OFFSTUMP,GOOD_LENGTH,19,16,1,19.0,118.75,New Zealand
1205559,Mohammad Haris,RHB,ON_THE_STUMPS,FULL_TOSS,22,16,1,22.0,137.5,Pakistan
629074,Kusal Mendis,RHB,ON_THE_STUMPS,FULL_TOSS,27,16,1,27.0,168.75,Sri Lanka
259410,Ahmed Shehzad,RHB,WIDE_OUTSIDE_OFFSTUMP,SHORT,35,16,1,35.0,218.75,Pakistan
388678,Ben Dunk,LHB,ON_THE_STUMPS,SHORT,39,16,2,19.5,243.75,Australia
362201,Lewis Gregory,RHB,DOWN_LEG,GOOD_LENGTH,18,16,1,18.0,112.5,England
261354,Nathan Coulter-Nile,RHB,ON_THE_STUMPS,SHORT_OF_A_GOOD_LENGTH,17,16,2,8.5,106.25,Australia
247235,Chris Woakes,RHB,ON_THE_STUMPS,SHORT_OF_A_GOOD_LENGTH,13,16,2,6.5,81.25,England
380956,Michael Rippon,RHB,OUTSIDE_OFFSTUMP,SHORT_OF_A_GOOD_LENGTH,28,16,2,14.0,175.0,New Zealand
604534,Ankush Bains,RHB,ON_THE_STUMPS,GOOD_LENGTH,18,16,1,18.0,112.5,India
380354,Anamul Haque,RHB,WIDE_OUTSIDE_OFFSTUMP,SHORT_OF_A_GOOD_LENGTH,19,16,1,19.0,118.75,Bangladesh
414821,Stuart Thompson,LHB,OUTSIDE_OFFSTUMP,GOOD_LENGTH,17,16,1,17.0,106.25,Ireland
627627,Tom Rogers,LHB,ON_THE_STUMPS,FULL,27,16,2,13.5,168.75,Australia
269332,Muktar Ali,RHB,OUTSIDE_OFFSTUMP,GOOD_LENGTH,18,16,2,9.0,112.5,Bangladesh
605575,Matthew Short,RHB,DOWN_LEG,SHORT_OF_A_GOOD_LENGTH,20,16,1,20.0,125.0,Australia
669365,Phil Salt,RHB,DOWN_LEG,SHORT,35,16,1,35.0,218.75,England
277662,Corey Anderson,LHB,DOWN_LEG,SHORT,22,16,1,22.0,137.5,United States of America
269280,Reeza Hendricks,RHB,ON_THE_STUMPS,FULL_TOSS,20,16,1,20.0,125.0,South Africa
272385,Josh Lalor,RHB,OUTSIDE_OFFSTUMP,SHORT_OF_A_GOOD_LENGTH,20,16,2,10.0,125.0,Australia
641387,Max Holden,LHB,OUTSIDE_OFFSTUMP,GOOD_LENGTH,28,16,1,28.0,175.0,England
380354,Anamul Haque,RHB,DOWN_LEG,GOOD_LENGTH,13,16,1,13.0,81.25,Bangladesh
604593,Vishnu Solanki,RHB,ON_THE_STUMPS,GOOD_LENGTH,18,16,2,9.0,112.5,India
270484,James Faulkner,RHB,OUTSIDE_OFFSTUMP,FULL_TOSS,22,16,4,5.5,137.5,Australia
4864,Dan Christian,RHB,ON_THE_STUMPS,SHORT,23,16,1,23.0,143.75,Australia
1252585,Shubham Dubey,LHB,ON_THE_STUMPS,GOOD_LENGTH,14,16,2,7.0,87.5,India
629058,Najmul Hossain Shanto,LHB,WIDE_OUTSIDE_OFFSTUMP,GOOD_LENGTH,11,16,2,5.5,68.75,Bangladesh
373538,Sabbir Rahman,RHB,ON_THE_STUMPS,FULL_TOSS,19,16,2,9.5,118.75,Bangladesh
1209272,Adnan Mirza,RHB,ON_THE_STUMPS,GOOD_LENGTH,5,16,1,5.0,31.25,Qatar
6683,Shaun Marsh,LHB,DOWN_LEG,SHORT,38,16,2,19.0,237.5,Australia
398439,Karun Nair,RHB,WIDE_OUTSIDE_OFFSTUMP,SHORT_OF_A_GOOD_LENGTH,17,16,2,8.5,106.25,India
268740,Seekkuge Prasanna,RHB,OUTSIDE_OFFSTUMP,SHORT_OF_A_GOOD_LENGTH,12,16,2,6.0,75.0,Sri Lanka
410765,Nurul Hasan,RHB,OUTSIDE_OFFSTUMP,FULL_TOSS,27,16,1,27.0,168.75,Bangladesh
670045,Gudakesh Motie,LHB,OUTSIDE_OFFSTUMP,GOOD_LENGTH,5,16,1,5.0,31.25,West Indies
388802,Tom Latham,LHB,DOWN_LEG,SHORT_OF_A_GOOD_LENGTH,23,16,1,23.0,143.75,New Zealand
407265,Josh Davey,RHB,OUTSIDE_OFFSTUMP,GOOD_LENGTH,19,16,2,9.5,118.75,Scotland
1212829,Ali Naseer,LHB,OUTSIDE_OFFSTUMP,FULL,19,16,2,9.5,118.75,United Arab Emirates
398438,Mayank Agarwal,RHB,WIDE_OUTSIDE_OFFSTUMP,FULL,23,16,2,11.5,143.75,India
379774,Colin Ackermann,RHB,OUTSIDE_OFFSTUMP,SHORT,11,16,3,3.67,68.75,Netherlands
625371,Hardik Pandya,RHB,DOWN_LEG,SHORT,39,16,1,39.0,243.75,India
359649,Mohammed Aslam,RHB,ON_THE_STUMPS,FULL,16,16,1,16.0,100.0,Kuwait
670045,Gudakesh Motie,LHB,ON_THE_STUMPS,GOOD_LENGTH,14,16,4,3.5,87.5,West Indies
643433,George Garton,LHB,OUTSIDE_OFFSTUMP,SHORT_OF_A_GOOD_LENGTH,24,16,2,12.0,150.0,England
1352980,Habibur Rahman Sohan,RHB,OUTSIDE_OFFSTUMP,GOOD_LENGTH,11,16,2,5.5,68.75,Bangladesh
380956,Michael Rippon,RHB,ON_THE_STUMPS,GOOD_LENGTH,15,16,1,15.0,93.75,New Zealand
230555,Shamarh Brooks,RHB,OUTSIDE_OFFSTUMP,YORKER,6,15,1,6.0,40.0,West Indies
723105,Rinku Singh,LHB,WIDE_OUTSIDE_OFFSTUMP,FULL_TOSS,46,15,1,46.0,306.67,India
444970,Jimmy Peirson,RHB,DOWN_LEG,SHORT_OF_A_GOOD_LENGTH,13,15,1,13.0,86.67,Australia
1079848,Shivam Mavi,RHB,OUTSIDE_OFFSTUMP,SHORT_OF_A_GOOD_LENGTH,12,15,3,4.0,80.0,India
446763,Rahul Tripathi,RHB,ON_THE_STUMPS,YORKER,8,15,2,4.0,53.33,India
230549,Jason Mohammed,RHB,DOWN_LEG,FULL,15,15,1,15.0,100.0,West Indies
381183,Evan Gulbis,RHB,OUTSIDE_OFFSTUMP,SHORT_OF_A_GOOD_LENGTH,22,15,1,22.0,146.67,Australia
401540,Aizaz Khan,RHB,OUTSIDE_OFFSTUMP,SHORT_OF_A_GOOD_LENGTH,20,15,1,20.0,133.33,Hong Kong
401537,Kinchit Shah,LHB,ON_THE_STUMPS,FULL,15,15,2,7.5,100.0,Hong Kong
373538,Sabbir Rahman,RHB,ON_THE_STUMPS,SHORT,16,15,1,16.0,106.67,Bangladesh
230554,Javon Searles,RHB,OUTSIDE_OFFSTUMP,SHORT_OF_A_GOOD_LENGTH,17,15,1,17.0,113.33,West Indies
499660,Gurinder Sandhu,LHB,OUTSIDE_OFFSTUMP,FULL,10,15,5,2.0,66.67,Australia
230556,Andre McCarthy,RHB,ON_THE_STUMPS,SHORT_OF_A_GOOD_LENGTH,19,15,2,9.5,126.67,West Indies
1126059,Omair Yousuf,RHB,ON_THE_STUMPS,FULL,33,15,1,33.0,220.0,Pakistan
277472,Darren Bravo,LHB,ON_THE_STUMPS,FULL_TOSS,25,15,1,25.0,166.67,West Indies
342619,Bhanuka Rajapaksa,LHB,DOWN_LEG,FULL,27,15,1,27.0,180.0,Sri Lanka
342619,Bhanuka Rajapaksa,LHB,ON_THE_STUMPS,FULL_TOSS,18,15,2,9.0,120.0,Sri Lanka
55787,Vusi Sibanda,RHB,ON_THE_STUMPS,FULL,10,15,2,5.0,66.67,Zimbabwe
603411,Jay Lenton,LHB,ON_THE_STUMPS,GOOD_LENGTH,22,15,1,22.0,146.67,Australia
10582,Ravi Bopara,RHB,ON_THE_STUMPS,SHORT,48,15,1,48.0,320.0,England
232491,Anwar Ali,RHB,ON_THE_STUMPS,FULL_TOSS,18,15,2,9.0,120.0,Pakistan
574287,Chad Soper,RHB,OUTSIDE_OFFSTUMP,GOOD_LENGTH,18,15,1,18.0,120.0,Papua New Guinea
532424,Sohail Akhtar,RHB,OUTSIDE_OFFSTUMP,SHORT,28,15,1,28.0,186.67,Pakistan
1151270,Ayush Badoni,RHB,WIDE_OUTSIDE_OFFSTUMP,GOOD_LENGTH,17,15,1,17.0,113.33,India
868003,Syed Aziz,LHB,OUTSIDE_OFFSTUMP,FULL,22,15,1,22.0,146.67,Malaysia
940973,Mohammed Siraj,RHB,OUTSIDE_OFFSTUMP,SHORT_OF_A_GOOD_LENGTH,14,15,1,14.0,93.33,India
318845,Rilee Rossouw,LHB,DOWN_LEG,FULL_TOSS,32,15,1,32.0,213.33,South Africa
1151278,Yashasvi Jaiswal,LHB,DOWN_LEG,SHORT,45,15,1,45.0,300.0,India
502714,Mitchell Santner,LHB,OUTSIDE_OFFSTUMP,FULL_TOSS,28,15,2,14.0,186.67,New Zealand
1151278,Yashasvi Jaiswal,LHB,ON_THE_STUMPS,YORKER,6,15,1,6.0,40.0,India
1151278,Yashasvi Jaiswal,LHB,OUTSIDE_OFFSTUMP,FULL_TOSS,25,15,2,12.5,166.67,India
50710,Kumar Sangakkara,LHB,DOWN_LEG,FULL,19,15,2,9.5,126.67,Sri Lanka
403902,Liam Livingstone,RHB,WIDE_OUTSIDE_OFFSTUMP,FULL_TOSS,34,15,1,34.0,226.67,England
232364,Tim Southee,RHB,OUTSIDE_OFFSTUMP,SHORT,32,15,1,32.0,213.33,New Zealand
956871,Prerak Mankad,RHB,OUTSIDE_OFFSTUMP,SHORT_OF_A_GOOD_LENGTH,21,15,2,10.5,140.0,India
256956,Laurie Evans,RHB,ON_THE_STUMPS,YORKER,16,15,3,5.33,106.67,England
256956,Laurie Evans,RHB,ON_THE_STUMPS,SHORT,31,15,4,7.75,206.67,England
1343344,Curtis Heaphy,RHB,ON_THE_STUMPS,GOOD_LENGTH,21,15,1,21.0,140.0,New Zealand
230558,Sunil Narine,LHB,WIDE_OUTSIDE_OFFSTUMP,SHORT_OF_A_GOOD_LENGTH,17,15,1,17.0,113.33,West Indies
439952,Chris Morris,RHB,WIDE_OUTSIDE_OFFSTUMP,FULL,18,15,1,18.0,120.0,South Africa
337790,Rassie van der Dussen,RHB,DOWN_LEG,SHORT_OF_A_GOOD_LENGTH,12,15,1,12.0,80.0,South Africa
279810,Wriddhiman Saha,RHB,DOWN_LEG,GOOD_LENGTH,29,15,2,14.5,193.33,India
500268,Ashton Turner,RHB,ON_THE_STUMPS,SHORT,41,15,2,20.5,273.33,Australia
571761,Daniel Hughes,LHB,OUTSIDE_OFFSTUMP,FULL_TOSS,22,15,1,22.0,146.67,Australia
851403,Venkatesh Iyer,LHB,DOWN_LEG,SHORT,51,15,1,51.0,340.0,India
956871,Prerak Mankad,RHB,ON_THE_STUMPS,SHORT_OF_A_GOOD_LENGTH,21,15,1,21.0,140.0,India
717373,Amad Butt,RHB,OUTSIDE_OFFSTUMP,SHORT_OF_A_GOOD_LENGTH,20,15,2,10.0,133.33,Pakistan
5236,Callum Ferguson,RHB,ON_THE_STUMPS,FULL_TOSS,26,15,2,13.0,173.33,Australia
501011,Cameron Bancroft,RHB,DOWN_LEG,GOOD_LENGTH,11,15,1,11.0,73.33,Australia
571911,Joe Clarke,RHB,ON_THE_STUMPS,FULL_TOSS,26,15,1,26.0,173.33,England
571911,Joe Clarke,RHB,ON_THE_STUMPS,SHORT,23,15,2,11.5,153.33,England
32242,Parthiv Patel,LHB,WIDE_OUTSIDE_OFFSTUMP,FULL,22,15,1,22.0,146.67,India
1137262,Azam Khan,RHB,OUTSIDE_OFFSTUMP,FULL_TOSS,26,15,1,26.0,173.33,Pakistan
32102,Naman Ojha,RHB,WIDE_OUTSIDE_OFFSTUMP,GOOD_LENGTH,14,15,3,4.67,93.33,India
41434,Mohammad Hafeez,RHB,WIDE_OUTSIDE_OFFSTUMP,SHORT,29,15,3,9.67,193.33,Pakistan
211854,Rob Quiney,LHB,ON_THE_STUMPS,GOOD_LENGTH,10,15,1,10.0,66.67,Australia
267724,Keshav Maharaj,RHB,ON_THE_STUMPS,FULL,16,15,1,16.0,106.67,South Africa
390724,Sumeet Verma,RHB,ON_THE_STUMPS,GOOD_LENGTH,21,15,2,10.5,140.0,India
605575,Matthew Short,RHB,WIDE_OUTSIDE_OFFSTUMP,SHORT_OF_A_GOOD_LENGTH,20,15,1,20.0,133.33,Australia
540316,Andile Phehlukwayo,LHB,OUTSIDE_OFFSTUMP,SHORT_OF_A_GOOD_LENGTH,12,15,1,12.0,80.0,South Africa
794707,Dipendra Singh Airee,RHB,OUTSIDE_OFFSTUMP,SHORT_OF_A_GOOD_LENGTH,31,15,1,31.0,206.67,Nepal
629076,Sadeera Samarawickrama,RHB,WIDE_OUTSIDE_OFFSTUMP,FULL,28,15,2,14.0,186.67,Sri Lanka
325026,Glenn Maxwell,RHB,WIDE_OUTSIDE_OFFSTUMP,FULL_TOSS,34,15,1,34.0,226.67,Australia
793463,Rashid Khan,RHB,WIDE_OUTSIDE_OFFSTUMP,FULL_TOSS,22,15,4,5.5,146.67,Afghanistan
470633,Tom Kohler-Cadmore,RHB,WIDE_OUTSIDE_OFFSTUMP,GOOD_LENGTH,20,15,1,20.0,133.33,England
641387,Max Holden,LHB,ON_THE_STUMPS,SHORT_OF_A_GOOD_LENGTH,21,15,1,21.0,140.0,England
539548,Scott Kuggeleijn,RHB,OUTSIDE_OFFSTUMP,SHORT,26,15,1,26.0,173.33,New Zealand
215152,Jackson Bird,RHB,OUTSIDE_OFFSTUMP,GOOD_LENGTH,20,15,1,20.0,133.33,Australia
470633,Tom Kohler-Cadmore,RHB,DOWN_LEG,GOOD_LENGTH,11,15,1,11.0,73.33,England
215155,Usman Khawaja,LHB,ON_THE_STUMPS,YORKER,7,15,2,3.5,46.67,Australia
1254269,Aman Hakim Khan,RHB,OUTSIDE_OFFSTUMP,FULL,24,15,2,12.0,160.0,India
1079380,Nikhil Chaudhary,RHB,ON_THE_STUMPS,FULL,19,15,1,19.0,126.67,Australia
823339,Ahmer Bin Nisar,RHB,OUTSIDE_OFFSTUMP,GOOD_LENGTH,13,15,1,13.0,86.67,Bahrain
1021025,Muhammad Amir,LHB,ON_THE_STUMPS,FULL,29,15,1,29.0,193.33,Malaysia
605681,Evan Jones,RHB,ON_THE_STUMPS,GOOD_LENGTH,21,15,2,10.5,140.0,South Africa
373539,Robiul Islam Robi,RHB,OUTSIDE_OFFSTUMP,GOOD_LENGTH,10,15,1,10.0,66.67,Bangladesh
390484,Jaydev Unadkat,RHB,ON_THE_STUMPS,GOOD_LENGTH,10,15,1,10.0,66.67,India
1070199,Het Patel,RHB,OUTSIDE_OFFSTUMP,GOOD_LENGTH,10,15,1,10.0,66.67,India
1278029,Yasir Khan,RHB,ON_THE_STUMPS,FULL,16,15,2,8.0,106.67,Pakistan
547764,Cam Fletcher,RHB,OUTSIDE_OFFSTUMP,FULL,29,15,1,29.0,193.33,New Zealand
209457,Chamara Kapugedera,RHB,OUTSIDE_OFFSTUMP,SHORT,18,15,1,18.0,120.0,Sri Lanka
43266,Sohaib Maqsood,RHB,DOWN_LEG,GOOD_LENGTH,20,15,1,20.0,133.33,Pakistan
1065115,Benjamin Manenti,RHB,OUTSIDE_OFFSTUMP,GOOD_LENGTH,11,15,2,5.5,73.33,Italy
43906,Hashim Amla,RHB,ON_THE_STUMPS,SHORT,31,15,1,31.0,206.67,South Africa
820685,Nicholas Kirton,LHB,ON_THE_STUMPS,GOOD_LENGTH,13,15,3,4.33,86.67,Canada
475281,Shardul Thakur,RHB,ON_THE_STUMPS,SHORT_OF_A_GOOD_LENGTH,20,15,1,20.0,133.33,India
489889,Pat Cummins,RHB,ON_THE_STUMPS,SHORT_OF_A_GOOD_LENGTH,23,15,1,23.0,153.33,Australia
56251,Alok Kapali,RHB,OUTSIDE_OFFSTUMP,GOOD_LENGTH,8,15,3,2.67,53.33,Bangladesh
42639,Shahid Afridi,RHB,WIDE_OUTSIDE_OFFSTUMP,GOOD_LENGTH,22,15,4,5.5,146.67,Pakistan
307808,Rohan Mustafa,LHB,ON_THE_STUMPS,SHORT_OF_A_GOOD_LENGTH,7,15,2,3.5,46.67,United Arab Emirates
1276719,Kashyap Prajapati,RHB,OUTSIDE_OFFSTUMP,FULL,17,15,2,8.5,113.33,Oman
489889,Pat Cummins,RHB,WIDE_OUTSIDE_OFFSTUMP,FULL,36,15,2,18.0,240.0,Australia
41984,Mohammad Nadeem,RHB,ON_THE_STUMPS,GOOD_LENGTH,11,15,1,11.0,73.33,Oman
303508,Shane Getkate,RHB,OUTSIDE_OFFSTUMP,SHORT_OF_A_GOOD_LENGTH,10,15,2,5.0,66.67,Ireland
605570,Jake Doran,LHB,OUTSIDE_OFFSTUMP,GOOD_LENGTH,9,15,1,9.0,60.0,Australia
362603,Shafiqullah,RHB,OUTSIDE_OFFSTUMP,SHORT_OF_A_GOOD_LENGTH,21,15,3,7.0,140.0,Afghanistan
300628,Dinesh Chandimal,RHB,ON_THE_STUMPS,YORKER,9,15,2,4.5,60.0,Sri Lanka
300628,Dinesh Chandimal,RHB,ON_THE_STUMPS,FULL_TOSS,27,15,2,13.5,180.0,Sri Lanka
1112535,Neil Rock,LHB,OUTSIDE_OFFSTUMP,FULL,16,15,3,5.33,106.67,Ireland
496219,Chirag Gandhi,RHB,ON_THE_STUMPS,GOOD_LENGTH,10,15,1,10.0,66.67,India
536936,Litton Das,RHB,WIDE_OUTSIDE_OFFSTUMP,SHORT,47,15,2,23.5,313.33,Bangladesh
1301600,Umer Toor,RHB,ON_THE_STUMPS,GOOD_LENGTH,4,15,2,2.0,26.67,Bahrain
974087,Rahmanullah Gurbaz,RHB,OUTSIDE_OFFSTUMP,FULL_TOSS,20,15,2,10.0,133.33,Afghanistan
497121,Deepak Hooda,RHB,OUTSIDE_OFFSTUMP,FULL_TOSS,24,15,1,24.0,160.0,India
400587,Irfan Sukkur,LHB,ON_THE_STUMPS,FULL,21,15,1,21.0,140.0,Bangladesh
646175,Hiri Hiri,RHB,ON_THE_STUMPS,GOOD_LENGTH,11,15,2,5.5,73.33,Papua New Guinea
300617,Rony Talukdar,RHB,WIDE_OUTSIDE_OFFSTUMP,SHORT_OF_A_GOOD_LENGTH,21,15,2,10.5,140.0,Bangladesh
826901,Daniel Sams,RHB,ON_THE_STUMPS,SHORT,30,15,4,7.5,200.0,Australia
826901,Daniel Sams,RHB,ON_THE_STUMPS,YORKER,5,15,7,0.71,33.33,Australia
333000,Peter Moor,RHB,OUTSIDE_OFFSTUMP,SHORT_OF_A_GOOD_LENGTH,27,15,2,13.5,180.0,Ireland
1092313,Rohail Nazir,RHB,OUTSIDE_OFFSTUMP,SHORT_OF_A_GOOD_LENGTH,26,15,1,26.0,173.33,Pakistan
324260,Sarel Erwee,LHB,ON_THE_STUMPS,GOOD_LENGTH,18,15,2,9.0,120.0,South Africa
990081,Mohammad Naim,LHB,ON_THE_STUMPS,FULL_TOSS,15,15,1,15.0,100.0,Bangladesh
277662,Corey Anderson,LHB,WIDE_OUTSIDE_OFFSTUMP,SHORT_OF_A_GOOD_LENGTH,12,15,1,12.0,80.0,United States of America
398438,Mayank Agarwal,RHB,ON_THE_STUMPS,FULL_TOSS,26,15,2,13.0,173.33,India
221140,David Wiese,RHB,WIDE_OUTSIDE_OFFSTUMP,GOOD_LENGTH,27,15,1,27.0,180.0,Namibia
331855,Taruwar Kohli,RHB,OUTSIDE_OFFSTUMP,FULL,22,15,1,22.0,146.67,India
7502,Luke Ronchi,RHB,WIDE_OUTSIDE_OFFSTUMP,GOOD_LENGTH,24,15,1,24.0,160.0,New Zealand
990081,Mohammad Naim,LHB,ON_THE_STUMPS,YORKER,6,15,3,2.0,40.0,Bangladesh
1246422,Denish Das,RHB,OUTSIDE_OFFSTUMP,GOOD_LENGTH,9,15,1,9.0,60.0,India
222354,Milinda Siriwardana,LHB,OUTSIDE_OFFSTUMP,FULL,30,15,3,10.0,200.0,Sri Lanka
784379,Wanindu Hasaranga de Silva,RHB,WIDE_OUTSIDE_OFFSTUMP,FULL,23,15,2,11.5,153.33,Sri Lanka
398439,Karun Nair,RHB,WIDE_OUTSIDE_OFFSTUMP,FULL,25,15,1,25.0,166.67,India
495551,Sheldon Cottrell,RHB,ON_THE_STUMPS,GOOD_LENGTH,9,15,3,3.0,60.0,West Indies
785323,Nathan McAndrew,RHB,ON_THE_STUMPS,FULL,22,15,2,11.0,146.67,Australia
37737,Brendon McCullum,RHB,ON_THE_STUMPS,YORKER,5,15,1,5.0,33.33,New Zealand
938959,Wessly Madhevere,RHB,OUTSIDE_OFFSTUMP,FULL,13,15,1,13.0,86.67,Zimbabwe
320652,Asghar Afghan,RHB,ON_THE_STUMPS,SHORT_OF_A_GOOD_LENGTH,19,15,1,19.0,126.67,Afghanistan
345821,Danushka Gunathilaka,LHB,WIDE_OUTSIDE_OFFSTUMP,FULL,24,15,2,12.0,160.0,Sri Lanka
432783,Sachin Baby,LHB,OUTSIDE_OFFSTUMP,FULL,19,15,1,19.0,126.67,India
24605,Kevin O'Brien,RHB,DOWN_LEG,FULL,22,15,1,22.0,146.67,Ireland
677081,Keemo Paul,RHB,WIDE_OUTSIDE_OFFSTUMP,FULL,26,15,2,13.0,173.33,West Indies
240609,Fawad Ahmed,RHB,OUTSIDE_OFFSTUMP,GOOD_LENGTH,6,15,1,6.0,40.0,Australia
51439,Dwayne Bravo,RHB,DOWN_LEG,YORKER,16,15,1,16.0,106.67,West Indies
530811,Chandrapaul Hemraj,LHB,ON_THE_STUMPS,SHORT,31,15,2,15.5,206.67,West Indies
677081,Keemo Paul,RHB,DOWN_LEG,GOOD_LENGTH,10,15,1,10.0,66.67,West Indies
914541,Sherfane Rutherford,LHB,WIDE_OUTSIDE_OFFSTUMP,GOOD_LENGTH,15,15,3,5.0,100.0,West Indies
700167,Navdeep Saini,RHB,OUTSIDE_OFFSTUMP,GOOD_LENGTH,15,15,3,5.0,100.0,India
677081,Keemo Paul,RHB,DOWN_LEG,FULL,18,15,1,18.0,120.0,West Indies
1411891,Tanish Suri,RHB,OUTSIDE_OFFSTUMP,SHORT_OF_A_GOOD_LENGTH,13,15,1,13.0,86.67,United Arab Emirates
25051,Mahuru Dai,RHB,OUTSIDE_OFFSTUMP,GOOD_LENGTH,18,15,1,18.0,120.0,Papua New Guinea
1171127,Haseebullah Khan,LHB,OUTSIDE_OFFSTUMP,FULL,35,15,1,35.0,233.33,Pakistan
627627,Tom Rogers,LHB,ON_THE_STUMPS,SHORT_OF_A_GOOD_LENGTH,22,15,2,11.0,146.67,Australia
432783,Sachin Baby,LHB,ON_THE_STUMPS,FULL,22,15,2,11.0,146.67,India
1175485,Abdul Samad,RHB,OUTSIDE_OFFSTUMP,FULL_TOSS,25,15,1,25.0,166.67,India
422965,Shehan Jayasuriya,LHB,ON_THE_STUMPS,FULL,24,15,2,12.0,160.0,United States of America
1209196,Kirk McKenzie,LHB,ON_THE_STUMPS,FULL,25,15,1,25.0,166.67,West Indies
1161044,Shamim Hossain,LHB,DOWN_LEG,SHORT_OF_A_GOOD_LENGTH,15,15,1,15.0,100.0,Bangladesh
681117,Faheem Ashraf,LHB,ON_THE_STUMPS,FULL_TOSS,51,15,1,51.0,340.0,Pakistan
1161044,Shamim Hossain,LHB,DOWN_LEG,GOOD_LENGTH,24,15,1,24.0,160.0,Bangladesh
928057,Lorcan Tucker,RHB,WIDE_OUTSIDE_OFFSTUMP,SHORT_OF_A_GOOD_LENGTH,10,15,2,5.0,66.67,Ireland
272450,Mitchell Marsh,RHB,DOWN_LEG,FULL_TOSS,35,15,1,35.0,233.33,Australia
594329,Jacques Snyman,RHB,OUTSIDE_OFFSTUMP,FULL,16,15,1,16.0,106.67,South Africa
911707,Harry Brook,RHB,WIDE_OUTSIDE_OFFSTUMP,FULL,39,15,2,19.5,260.0,England
1161381,Mahmudul Hasan Joy,RHB,OUTSIDE_OFFSTUMP,SHORT,24,15,2,12.0,160.0,Bangladesh
52983,Marlon Samuels,RHB,ON_THE_STUMPS,SHORT,17,15,1,17.0,113.33,West Indies
288617,Ross Whiteley,LHB,ON_THE_STUMPS,SHORT,22,15,1,22.0,146.67,England
1161606,Haris Rauf,RHB,OUTSIDE_OFFSTUMP,SHORT,28,15,1,28.0,186.67,Pakistan
1182529,Noor Ahmad,RHB,ON_THE_STUMPS,GOOD_LENGTH,13,15,5,2.6,86.67,Afghanistan
280734,Imrul Kayes,LHB,ON_THE_STUMPS,SHORT,37,15,1,37.0,246.67,Bangladesh
350126,Luke Wells,LHB,ON_THE_STUMPS,GOOD_LENGTH,21,15,1,21.0,140.0,England
901155,Liam Hatcher,RHB,OUTSIDE_OFFSTUMP,GOOD_LENGTH,9,15,2,4.5,60.0,Australia
901157,Arjun Nair,RHB,ON_THE_STUMPS,FULL,13,15,2,6.5,86.67,Australia
25490,Richie Berrington,RHB,WIDE_OUTSIDE_OFFSTUMP,GOOD_LENGTH,8,15,2,4.0,53.33,Scotland
914541,Sherfane Rutherford,LHB,DOWN_LEG,YORKER,15,15,2,7.5,100.0,West Indies
52334,Imran Khan,RHB,ON_THE_STUMPS,FULL,16,15,1,16.0,106.67,West Indies
290948,Mohammad Amir,LHB,OUTSIDE_OFFSTUMP,SHORT_OF_A_GOOD_LENGTH,20,15,1,20.0,133.33,Pakistan
290462,Solomon Mire,RHB,OUTSIDE_OFFSTUMP,SHORT,34,15,1,34.0,226.67,Zimbabwe
596664,Zane Green,LHB,OUTSIDE_OFFSTUMP,FULL,21,15,2,10.5,140.0,Namibia
55343,Elton Chigumbura,RHB,OUTSIDE_OFFSTUMP,SHORT_OF_A_GOOD_LENGTH,26,15,1,26.0,173.33,Zimbabwe
410765,Nurul Hasan,RHB,ON_THE_STUMPS,YORKER,9,15,1,9.0,60.0,Bangladesh
1205559,Mohammad Haris,RHB,ON_THE_STUMPS,SHORT,33,15,1,33.0,220.0,Pakistan
625383,Jasprit Bumrah,RHB,OUTSIDE_OFFSTUMP,GOOD_LENGTH,14,15,2,7.0,93.33,India
53115,Daren Sammy,RHB,WIDE_OUTSIDE_OFFSTUMP,FULL,42,15,2,21.0,280.0,West Indies
516039,Alex Davies,RHB,OUTSIDE_OFFSTUMP,FULL,25,15,1,25.0,166.67,England
1170265,Tilak Varma,LHB,ON_THE_STUMPS,YORKER,10,15,3,3.33,66.67,India
922943,Shadab Khan,RHB,OUTSIDE_OFFSTUMP,YORKER,14,15,2,7.0,93.33,Pakistan
350126,Luke Wells,LHB,OUTSIDE_OFFSTUMP,GOOD_LENGTH,11,15,2,5.5,73.33,England
877051,Tom Banton,RHB,WIDE_OUTSIDE_OFFSTUMP,GOOD_LENGTH,26,15,1,26.0,173.33,England
935995,Afif Hossain,LHB,ON_THE_STUMPS,YORKER,10,15,5,2.0,66.67,Bangladesh
25056,Assad Vala,LHB,ON_THE_STUMPS,SHORT_OF_A_GOOD_LENGTH,29,15,1,29.0,193.33,Papua New Guinea
56125,Shohidul Islam,RHB,OUTSIDE_OFFSTUMP,GOOD_LENGTH,4,14,2,2.0,28.57,Bangladesh
419873,Mohammad Shahzad,RHB,DOWN_LEG,GOOD_LENGTH,14,14,1,14.0,100.0,Afghanistan
681117,Faheem Ashraf,LHB,WIDE_OUTSIDE_OFFSTUMP,FULL,18,14,3,6.0,128.57,Pakistan
302579,Shreevats Goswami,LHB,OUTSIDE_OFFSTUMP,GOOD_LENGTH,25,14,2,12.5,178.57,India
300619,Rubel Hossain,RHB,OUTSIDE_OFFSTUMP,GOOD_LENGTH,12,14,3,4.0,85.71,Bangladesh
277916,Ajinkya Rahane,RHB,DOWN_LEG,SHORT,20,14,1,20.0,142.86,India
538506,Taskin Ahmed,LHB,OUTSIDE_OFFSTUMP,SHORT_OF_A_GOOD_LENGTH,15,14,1,15.0,107.14,Bangladesh
270135,Ariful Haque,RHB,ON_THE_STUMPS,SHORT_OF_A_GOOD_LENGTH,12,14,1,12.0,85.71,Bangladesh
911707,Harry Brook,RHB,WIDE_OUTSIDE_OFFSTUMP,SHORT_OF_A_GOOD_LENGTH,20,14,1,20.0,142.86,England
595954,Duan Jansen,RHB,ON_THE_STUMPS,GOOD_LENGTH,17,14,2,8.5,121.43,South Africa
923369,Hamed Khan,RHB,OUTSIDE_OFFSTUMP,GOOD_LENGTH,8,14,1,8.0,57.14,Hong Kong
793411,Danish Aziz,LHB,OUTSIDE_OFFSTUMP,GOOD_LENGTH,7,14,1,7.0,50.0,Pakistan
629075,Minod Bhanuka,LHB,ON_THE_STUMPS,FULL,14,14,1,14.0,100.0,Sri Lanka
56125,Shohidul Islam,RHB,ON_THE_STUMPS,GOOD_LENGTH,8,14,1,8.0,57.14,Bangladesh
398438,Mayank Agarwal,RHB,OUTSIDE_OFFSTUMP,FULL_TOSS,24,14,1,24.0,171.43,India
315586,Chadwick Walton,RHB,WIDE_OUTSIDE_OFFSTUMP,SHORT,45,14,1,45.0,321.43,West Indies
989749,SM Meherob,LHB,ON_THE_STUMPS,GOOD_LENGTH,8,14,1,8.0,57.14,
1099379,Gareth Delany,RHB,OUTSIDE_OFFSTUMP,SHORT,25,14,1,25.0,178.57,Ireland
317248,Saad Nasim,RHB,OUTSIDE_OFFSTUMP,GOOD_LENGTH,14,14,2,7.0,100.0,Pakistan
447587,Jayant Yadav,RHB,OUTSIDE_OFFSTUMP,GOOD_LENGTH,11,14,1,11.0,78.57,India
793411,Danish Aziz,LHB,OUTSIDE_OFFSTUMP,SHORT_OF_A_GOOD_LENGTH,14,14,1,14.0,100.0,Pakistan
1088608,Max Bryant,RHB,WIDE_OUTSIDE_OFFSTUMP,GOOD_LENGTH,22,14,1,22.0,157.14,Australia
280734,Imrul Kayes,LHB,DOWN_LEG,SHORT,27,14,2,13.5,192.86,Bangladesh
922943,Shadab Khan,RHB,DOWN_LEG,GOOD_LENGTH,10,14,2,5.0,71.43,Pakistan
824159,Tayyab Tahir,RHB,ON_THE_STUMPS,SHORT_OF_A_GOOD_LENGTH,15,14,1,15.0,107.14,Pakistan
1175488,Dhruv Jurel,RHB,ON_THE_STUMPS,SHORT_OF_A_GOOD_LENGTH,18,14,1,18.0,128.57,India
222320,Christiaan Jonker,RHB,OUTSIDE_OFFSTUMP,GOOD_LENGTH,10,14,2,5.0,71.43,South Africa
788101,Tom Moores,LHB,OUTSIDE_OFFSTUMP,FULL,15,14,1,15.0,107.14,England
1301600,Umer Toor,RHB,ON_THE_STUMPS,FULL,4,14,1,4.0,28.57,Bahrain
627627,Tom Rogers,LHB,OUTSIDE_OFFSTUMP,SHORT_OF_A_GOOD_LENGTH,13,14,1,13.0,92.86,Australia
288992,Chris Jordan,RHB,WIDE_OUTSIDE_OFFSTUMP,GOOD_LENGTH,15,14,1,15.0,107.14,England
273439,Sachithra Senanayake,RHB,OUTSIDE_OFFSTUMP,GOOD_LENGTH,7,14,2,3.5,50.0,Sri Lanka
25057,Kila Pala,LHB,ON_THE_STUMPS,GOOD_LENGTH,14,14,2,7.0,100.0,Papua New Guinea
391832,Roston Chase,RHB,WIDE_OUTSIDE_OFFSTUMP,GOOD_LENGTH,16,14,1,16.0,114.29,West Indies
398438,Mayank Agarwal,RHB,DOWN_LEG,SHORT,32,14,2,16.0,228.57,India
677077,Romario Shepherd,RHB,OUTSIDE_OFFSTUMP,YORKER,9,14,1,9.0,64.29,West Indies
596417,Brydon Carse,RHB,OUTSIDE_OFFSTUMP,SHORT_OF_A_GOOD_LENGTH,14,14,1,14.0,100.0,England
240609,Fawad Ahmed,RHB,ON_THE_STUMPS,GOOD_LENGTH,8,14,2,4.0,57.14,Australia
525992,Adam Hose,RHB,WIDE_OUTSIDE_OFFSTUMP,SHORT_OF_A_GOOD_LENGTH,13,14,2,6.5,92.86,England
1064812,Rahul Chahar,RHB,OUTSIDE_OFFSTUMP,FULL,21,14,3,7.0,150.0,India
326639,Simon Milenko,RHB,OUTSIDE_OFFSTUMP,SHORT_OF_A_GOOD_LENGTH,15,14,3,5.0,107.14,Australia
274921,Veerasammy Permaul,RHB,OUTSIDE_OFFSTUMP,GOOD_LENGTH,3,14,1,3.0,21.43,West Indies
550189,Dayyaan Galiem,RHB,ON_THE_STUMPS,SHORT_OF_A_GOOD_LENGTH,20,14,1,20.0,142.86,South Africa
420402,Afsar Zazai,RHB,OUTSIDE_OFFSTUMP,FULL,7,14,1,7.0,50.0,Afghanistan
53118,Dwayne Smith,RHB,ON_THE_STUMPS,YORKER,12,14,1,12.0,85.71,West Indies
326434,Alex Carey,LHB,ON_THE_STUMPS,SHORT,40,14,1,40.0,285.71,Australia
326637,Chris Lynn,RHB,WIDE_OUTSIDE_OFFSTUMP,FULL_TOSS,16,14,2,8.0,114.29,Australia
477021,Vijay Shankar,RHB,ON_THE_STUMPS,YORKER,11,14,1,11.0,78.57,India
820691,Odean Smith,RHB,ON_THE_STUMPS,FULL_TOSS,26,14,1,26.0,185.71,West Indies
6033,Mitchell Johnson,LHB,ON_THE_STUMPS,GOOD_LENGTH,10,14,1,10.0,71.43,Australia
390481,Harshal Patel,RHB,OUTSIDE_OFFSTUMP,SHORT,16,14,3,5.33,114.29,India
303508,Shane Getkate,RHB,OUTSIDE_OFFSTUMP,FULL,15,14,1,15.0,107.14,Ireland
677081,Keemo Paul,RHB,DOWN_LEG,SHORT_OF_A_GOOD_LENGTH,12,14,1,12.0,85.71,West Indies
379140,Devon Conway,LHB,ON_THE_STUMPS,YORKER,10,14,1,10.0,71.43,New Zealand
463668,Jake Lintott,RHB,OUTSIDE_OFFSTUMP,GOOD_LENGTH,11,14,2,5.5,78.57,England
481896,Mohammed Shami,RHB,OUTSIDE_OFFSTUMP,GOOD_LENGTH,3,14,4,0.75,21.43,India
1277545,Abishek Porel,LHB,ON_THE_STUMPS,SHORT_OF_A_GOOD_LENGTH,24,14,1,24.0,171.43,India
1070168,Prithvi Shaw,RHB,DOWN_LEG,GOOD_LENGTH,22,14,1,22.0,157.14,India
373538,Sabbir Rahman,RHB,DOWN_LEG,SHORT_OF_A_GOOD_LENGTH,25,14,2,12.5,178.57,Bangladesh
819441,Darwish Rasooli,RHB,ON_THE_STUMPS,FULL,7,14,1,7.0,50.0,Afghanistan
481979,Anrich Nortje,RHB,OUTSIDE_OFFSTUMP,SHORT_OF_A_GOOD_LENGTH,16,14,1,16.0,114.29,South Africa
307756,Jatinder Singh,RHB,OUTSIDE_OFFSTUMP,SHORT_OF_A_GOOD_LENGTH,20,14,1,20.0,142.86,Oman
596664,Zane Green,LHB,ON_THE_STUMPS,SHORT_OF_A_GOOD_LENGTH,12,14,1,12.0,85.71,Namibia
316102,Craig Williams,RHB,OUTSIDE_OFFSTUMP,SHORT,17,14,2,8.5,121.43,Namibia
268740,Seekkuge Prasanna,RHB,OUTSIDE_OFFSTUMP,SHORT,26,14,1,26.0,185.71,Sri Lanka
675945,Nahidul Islam,RHB,ON_THE_STUMPS,FULL,16,14,2,8.0,114.29,Bangladesh
23460,Luke Wright,RHB,OUTSIDE_OFFSTUMP,FULL,25,14,1,25.0,178.57,England
625956,Leo Carter,LHB,ON_THE_STUMPS,GOOD_LENGTH,15,14,1,15.0,107.14,New Zealand
43121,Shaiman Anwar,RHB,OUTSIDE_OFFSTUMP,SHORT_OF_A_GOOD_LENGTH,7,14,1,7.0,50.0,United Arab Emirates
1070183,Abhishek Sharma,LHB,OUTSIDE_OFFSTUMP,FULL_TOSS,36,14,1,36.0,257.14,India
41434,Mohammad Hafeez,RHB,WIDE_OUTSIDE_OFFSTUMP,FULL_TOSS,24,14,1,24.0,171.43,Pakistan
625960,Kyle Jamieson,RHB,OUTSIDE_OFFSTUMP,FULL,22,14,1,22.0,157.14,New Zealand
1202786,Sakibul Gani,RHB,ON_THE_STUMPS,GOOD_LENGTH,7,14,2,3.5,50.0,India
550251,Kyle Simmonds,LHB,OUTSIDE_OFFSTUMP,SHORT_OF_A_GOOD_LENGTH,16,14,3,5.33,114.29,South Africa
330408,Chris Barnwell,RHB,OUTSIDE_OFFSTUMP,FULL,7,14,1,7.0,50.0,West Indies
1287032,Naman Dhir,RHB,OUTSIDE_OFFSTUMP,FULL,19,14,1,19.0,135.71,India
277906,Kane Williamson,RHB,DOWN_LEG,SHORT,27,14,1,27.0,192.86,New Zealand
24605,Kevin O'Brien,RHB,WIDE_OUTSIDE_OFFSTUMP,GOOD_LENGTH,17,14,1,17.0,121.43,Ireland
327830,Dwaine Pretorius,RHB,OUTSIDE_OFFSTUMP,FULL_TOSS,37,14,1,37.0,264.29,South Africa
539511,Henry Nicholls,LHB,ON_THE_STUMPS,SHORT_OF_A_GOOD_LENGTH,28,14,1,28.0,200.0,New Zealand
553249,Bjorn Fortuin,RHB,OUTSIDE_OFFSTUMP,FULL,17,14,3,5.67,121.43,South Africa
1021025,Muhammad Amir,LHB,OUTSIDE_OFFSTUMP,FULL,13,14,1,13.0,92.86,Malaysia
528067,Murugan Ashwin,RHB,OUTSIDE_OFFSTUMP,SHORT_OF_A_GOOD_LENGTH,11,14,3,3.67,78.57,India
553821,JJ Smit,RHB,ON_THE_STUMPS,FULL,13,14,1,13.0,92.86,Namibia
539304,Babar Hayat,RHB,ON_THE_STUMPS,SHORT_OF_A_GOOD_LENGTH,22,14,2,11.0,157.14,Hong Kong
45204,Robbie Frylinck,RHB,OUTSIDE_OFFSTUMP,FULL,30,14,2,15.0,214.29,South Africa
219885,Tom Cooper,RHB,WIDE_OUTSIDE_OFFSTUMP,GOOD_LENGTH,14,14,1,14.0,100.0,Netherlands
793441,Aamer Jamal,RHB,OUTSIDE_OFFSTUMP,SHORT_OF_A_GOOD_LENGTH,11,14,1,11.0,78.57,Pakistan
539548,Scott Kuggeleijn,RHB,ON_THE_STUMPS,SHORT_OF_A_GOOD_LENGTH,20,14,3,6.67,142.86,New Zealand
470633,Tom Kohler-Cadmore,RHB,DOWN_LEG,FULL,28,14,1,28.0,200.0,England
329845,Mizanur Rahman,RHB,OUTSIDE_OFFSTUMP,GOOD_LENGTH,7,14,1,7.0,50.0,Bangladesh
327830,Dwaine Pretorius,RHB,OUTSIDE_OFFSTUMP,SHORT,24,14,2,12.0,171.43,South Africa
1256189,Vishnu Sukumaran,LHB,ON_THE_STUMPS,GOOD_LENGTH,7,14,3,2.33,50.0,
44752,Henry Davids,RHB,OUTSIDE_OFFSTUMP,GOOD_LENGTH,16,14,2,8.0,114.29,South Africa
391485,Jason Holder,RHB,WIDE_OUTSIDE_OFFSTUMP,SHORT_OF_A_GOOD_LENGTH,18,14,1,18.0,128.57,West Indies
1076377,Oliver Davies,RHB,WIDE_OUTSIDE_OFFSTUMP,SHORT_OF_A_GOOD_LENGTH,10,14,1,10.0,71.43,Australia
638912,Matthew Kelly,RHB,ON_THE_STUMPS,GOOD_LENGTH,13,14,2,6.5,92.86,Australia
793467,Karim Janat,RHB,WIDE_OUTSIDE_OFFSTUMP,FULL,22,14,1,22.0,157.14,Afghanistan
391832,Roston Chase,RHB,ON_THE_STUMPS,SHORT,45,14,2,22.5,321.43,West Indies
24605,Kevin O'Brien,RHB,DOWN_LEG,GOOD_LENGTH,20,14,1,20.0,142.86,Ireland
596010,Gerald Coetzee,RHB,OUTSIDE_OFFSTUMP,FULL,22,14,2,11.0,157.14,South Africa
539548,Scott Kuggeleijn,RHB,WIDE_OUTSIDE_OFFSTUMP,FULL,27,14,1,27.0,192.86,New Zealand
822485,Muhammad Akhlaq,RHB,ON_THE_STUMPS,GOOD_LENGTH,12,14,2,6.0,85.71,Pakistan
793457,Hazratullah Zazai,LHB,WIDE_OUTSIDE_OFFSTUMP,SHORT_OF_A_GOOD_LENGTH,17,14,1,17.0,121.43,Afghanistan
398506,Mandeep Singh,RHB,WIDE_OUTSIDE_OFFSTUMP,FULL,26,14,2,13.0,185.71,India
595267,Matthew Breetzke,RHB,DOWN_LEG,FULL,15,14,1,15.0,107.14,South Africa
959759,Finn Allen,RHB,DOWN_LEG,FULL,22,14,1,22.0,157.14,New Zealand
533870,Nick Larkin,RHB,WIDE_OUTSIDE_OFFSTUMP,SHORT_OF_A_GOOD_LENGTH,20,14,2,10.0,142.86,Australia
722303,Matt Renshaw,LHB,DOWN_LEG,SHORT,21,14,1,21.0,150.0,Australia
1369884,Manan Ali,RHB,ON_THE_STUMPS,GOOD_LENGTH,17,14,1,17.0,121.43,Saudi Arabia
337790,Rassie van der Dussen,RHB,ON_THE_STUMPS,YORKER,12,14,1,12.0,85.71,South Africa
698343,Eathan Bosch,RHB,OUTSIDE_OFFSTUMP,FULL,16,14,1,16.0,114.29,South Africa
49535,Nuwan Kulasekara,RHB,ON_THE_STUMPS,GOOD_LENGTH,15,14,1,15.0,107.14,Sri Lanka
319750,Kamran Khan,RHB,OUTSIDE_OFFSTUMP,GOOD_LENGTH,18,14,2,9.0,128.57,Qatar
500268,Ashton Turner,RHB,ON_THE_STUMPS,YORKER,15,14,1,15.0,107.14,Australia
348049,Nasum Ahmed,LHB,OUTSIDE_OFFSTUMP,GOOD_LENGTH,5,14,2,2.5,35.71,Bangladesh
500360,Akshdeep Nath,RHB,ON_THE_STUMPS,FULL,12,14,1,12.0,85.71,India
55412,Craig Ervine,LHB,DOWN_LEG,SHORT_OF_A_GOOD_LENGTH,21,14,1,21.0,150.0,Zimbabwe
27223,Stuart Binny,RHB,OUTSIDE_OFFSTUMP,FULL_TOSS,14,14,4,3.5,100.0,India
27223,Stuart Binny,RHB,OUTSIDE_OFFSTUMP,SHORT,30,14,2,15.0,214.29,India
230558,Sunil Narine,LHB,WIDE_OUTSIDE_OFFSTUMP,FULL_TOSS,16,14,1,16.0,114.29,West Indies
33335,Suresh Raina,LHB,ON_THE_STUMPS,YORKER,6,14,4,1.5,42.86,India
928067,Josh Little,RHB,ON_THE_STUMPS,GOOD_LENGTH,13,14,1,13.0,92.86,Ireland
444135,Sohag Gazi,RHB,ON_THE_STUMPS,GOOD_LENGTH,11,14,2,5.5,78.57,Bangladesh
443263,Hayden Walsh,LHB,OUTSIDE_OFFSTUMP,FULL,17,14,2,8.5,121.43,West Indies
723105,Rinku Singh,LHB,OUTSIDE_OFFSTUMP,YORKER,8,14,1,8.0,57.14,India
32966,Piyush Chawla,LHB,DOWN_LEG,GOOD_LENGTH,12,14,1,12.0,85.71,India
530773,Pawan Negi,LHB,ON_THE_STUMPS,SHORT_OF_A_GOOD_LENGTH,20,14,2,10.0,142.86,India
723105,Rinku Singh,LHB,DOWN_LEG,SHORT,9,14,3,3.0,64.29,India
959759,Finn Allen,RHB,ON_THE_STUMPS,YORKER,5,14,2,2.5,35.71,New Zealand
959759,Finn Allen,RHB,ON_THE_STUMPS,FULL_TOSS,30,14,1,30.0,214.29,New Zealand
440517,Dane Cleaver,RHB,OUTSIDE_OFFSTUMP,SHORT,18,14,2,9.0,128.57,New Zealand
319758,Karim Sadiq,RHB,ON_THE_STUMPS,GOOD_LENGTH,12,14,1,12.0,85.71,Afghanistan
359649,Mohammed Aslam,RHB,OUTSIDE_OFFSTUMP,FULL,8,14,2,4.0,57.14,Kuwait
851403,Venkatesh Iyer,LHB,ON_THE_STUMPS,YORKER,6,14,2,3.0,42.86,India
931581,Rishabh Pant,LHB,WIDE_OUTSIDE_OFFSTUMP,SHORT_OF_A_GOOD_LENGTH,25,14,1,25.0,178.57,India
253802,Virat Kohli,RHB,DOWN_LEG,FULL_TOSS,26,14,2,13.0,185.71,India
665053,Zak Crawley,RHB,OUTSIDE_OFFSTUMP,SHORT,15,14,1,15.0,107.14,England
935995,Afif Hossain,LHB,WIDE_OUTSIDE_OFFSTUMP,SHORT_OF_A_GOOD_LENGTH,11,14,2,5.5,78.57,Bangladesh
853859,Samarth Vyas,RHB,OUTSIDE_OFFSTUMP,SHORT_OF_A_GOOD_LENGTH,22,14,1,22.0,157.14,India
379147,Dominic Hendricks,LHB,OUTSIDE_OFFSTUMP,GOOD_LENGTH,14,14,1,14.0,100.0,South Africa
4864,Dan Christian,RHB,ON_THE_STUMPS,YORKER,9,14,4,2.25,64.29,Australia
233482,Tim Ludeman,RHB,OUTSIDE_OFFSTUMP,GOOD_LENGTH,24,14,1,24.0,171.43,Australia
50747,Upul Tharanga,LHB,DOWN_LEG,FULL,15,14,2,7.5,107.14,Sri Lanka
233238,Akeem Dodson,LHB,ON_THE_STUMPS,GOOD_LENGTH,8,14,1,8.0,57.14,United States of America
379504,Adam Zampa,RHB,ON_THE_STUMPS,SHORT_OF_A_GOOD_LENGTH,12,14,1,12.0,85.71,Australia
30045,Dinesh Karthik,RHB,WIDE_OUTSIDE_OFFSTUMP,FULL_TOSS,26,14,1,26.0,185.71,India
436757,Heinrich Klaasen,RHB,WIDE_OUTSIDE_OFFSTUMP,FULL_TOSS,27,14,2,13.5,192.86,South Africa
252932,Kieran Powell,LHB,OUTSIDE_OFFSTUMP,GOOD_LENGTH,9,14,1,9.0,64.29,West Indies
232361,Kieran Noema-Barnett,LHB,ON_THE_STUMPS,GOOD_LENGTH,22,14,1,22.0,157.14,New Zealand
719715,Washington Sundar,LHB,DOWN_LEG,SHORT_OF_A_GOOD_LENGTH,15,14,1,15.0,107.14,India
436677,Soumya Sarkar,LHB,ON_THE_STUMPS,YORKER,8,14,4,2.0,57.14,Bangladesh
1159711,Shahbaz Ahmed,LHB,OUTSIDE_OFFSTUMP,SHORT,18,14,1,18.0,128.57,India
1137262,Azam Khan,RHB,WIDE_OUTSIDE_OFFSTUMP,SHORT,40,14,1,40.0,285.71,Pakistan
314650,Nkrumah Bonner,RHB,OUTSIDE_OFFSTUMP,FULL,12,14,1,12.0,85.71,West Indies
49758,Lasith Malinga,RHB,OUTSIDE_OFFSTUMP,SHORT_OF_A_GOOD_LENGTH,12,14,1,12.0,85.71,Sri Lanka
51433,Samuel Badree,RHB,OUTSIDE_OFFSTUMP,GOOD_LENGTH,7,14,2,3.5,50.0,West Indies
49764,Angelo Mathews,RHB,DOWN_LEG,SHORT_OF_A_GOOD_LENGTH,13,14,1,13.0,92.86,Sri Lanka
713195,Harry Nielsen,LHB,DOWN_LEG,SHORT_OF_A_GOOD_LENGTH,25,14,2,12.5,178.57,Australia
742489,Neil Brand,LHB,OUTSIDE_OFFSTUMP,GOOD_LENGTH,4,14,1,4.0,28.57,South Africa
1126059,Omair Yousuf,RHB,ON_THE_STUMPS,SHORT_OF_A_GOOD_LENGTH,23,14,1,23.0,164.29,Pakistan
444970,Jimmy Peirson,RHB,WIDE_OUTSIDE_OFFSTUMP,GOOD_LENGTH,15,14,1,15.0,107.14,Australia
25613,Amjad Javed,RHB,ON_THE_STUMPS,GOOD_LENGTH,15,14,1,15.0,107.14,United Arab Emirates
647667,Usama Mir,RHB,OUTSIDE_OFFSTUMP,FULL,21,14,2,10.5,150.0,Pakistan
362541,Doug Bracewell,RHB,ON_THE_STUMPS,FULL,20,14,1,20.0,142.86,New Zealand
272450,Mitchell Marsh,RHB,ON_THE_STUMPS,YORKER,8,14,4,2.0,57.14,Australia
1123428,Usman Khan,RHB,WIDE_OUTSIDE_OFFSTUMP,SHORT_OF_A_GOOD_LENGTH,16,14,1,16.0,114.29,Pakistan
1331512,Mirza Baig,RHB,ON_THE_STUMPS,SHORT_OF_A_GOOD_LENGTH,19,14,1,19.0,135.71,Pakistan
669855,Jofra Archer,RHB,OUTSIDE_OFFSTUMP,FULL_TOSS,13,14,1,13.0,92.86,England
697279,Usman Shinwari,RHB,OUTSIDE_OFFSTUMP,SHORT_OF_A_GOOD_LENGTH,15,14,2,7.5,107.14,Pakistan
230371,Ben Cutting,RHB,WIDE_OUTSIDE_OFFSTUMP,FULL_TOSS,28,14,1,28.0,200.0,Australia
1168651,Haider Ali,RHB,WIDE_OUTSIDE_OFFSTUMP,GOOD_LENGTH,21,14,1,21.0,150.0,Pakistan
924551,Lahiru Samarakoon,LHB,OUTSIDE_OFFSTUMP,GOOD_LENGTH,6,14,1,6.0,42.86,Sri Lanka
1205559,Mohammad Haris,RHB,WIDE_OUTSIDE_OFFSTUMP,FULL,19,14,1,19.0,135.71,Pakistan
36084,Yuvraj Singh,LHB,OUTSIDE_OFFSTUMP,YORKER,15,14,1,15.0,107.14,India
4493,Dean Brownlie,RHB,OUTSIDE_OFFSTUMP,GOOD_LENGTH,19,14,2,9.5,135.71,New Zealand
429809,Ravija Sandaruwan,RHB,ON_THE_STUMPS,SHORT_OF_A_GOOD_LENGTH,26,14,1,26.0,185.71,Kuwait
317273,Umar Akmal,RHB,WIDE_OUTSIDE_OFFSTUMP,SHORT,23,14,1,23.0,164.29,Pakistan
559066,Ish Sodhi,RHB,ON_THE_STUMPS,SHORT_OF_A_GOOD_LENGTH,7,14,1,7.0,50.0,New Zealand
333780,Nic Maddinson,LHB,DOWN_LEG,FULL,13,14,2,6.5,92.86,Australia
333780,Nic Maddinson,LHB,DOWN_LEG,SHORT,32,14,1,32.0,228.57,Australia
778963,Abhinav Manohar,RHB,ON_THE_STUMPS,SHORT_OF_A_GOOD_LENGTH,15,14,4,3.75,107.14,India
230371,Ben Cutting,RHB,DOWN_LEG,YORKER,1,14,1,1.0,7.14,Australia
652687,Saud Shakeel,LHB,ON_THE_STUMPS,SHORT_OF_A_GOOD_LENGTH,17,14,1,17.0,121.43,Pakistan
348056,Kyle Mayers,LHB,WIDE_OUTSIDE_OFFSTUMP,SHORT_OF_A_GOOD_LENGTH,24,14,1,24.0,171.43,West Indies
12454,Joe Denly,RHB,WIDE_OUTSIDE_OFFSTUMP,FULL,30,14,2,15.0,214.29,England
772293,Michael Pepper,RHB,ON_THE_STUMPS,FULL,12,14,2,6.0,85.71,England
562263,Robert O'Donnell,RHB,OUTSIDE_OFFSTUMP,SHORT_OF_A_GOOD_LENGTH,12,14,2,6.0,85.71,New Zealand
35263,Virender Sehwag,RHB,OUTSIDE_OFFSTUMP,GOOD_LENGTH,10,14,3,3.33,71.43,India
1124283,Aaron Hardie,RHB,OUTSIDE_OFFSTUMP,FULL_TOSS,27,14,1,27.0,192.86,Australia
53118,Dwayne Smith,RHB,DOWN_LEG,SHORT_OF_A_GOOD_LENGTH,17,13,1,17.0,130.77,West Indies
629058,Najmul Hossain Shanto,LHB,ON_THE_STUMPS,YORKER,5,13,1,5.0,38.46,Bangladesh
56125,Shohidul Islam,RHB,ON_THE_STUMPS,FULL,12,13,3,4.0,92.31,Bangladesh
1397996,Kashif Abbas,LHB,ON_THE_STUMPS,GOOD_LENGTH,2,13,1,2.0,15.38,Saudi Arabia
1064812,Rahul Chahar,RHB,ON_THE_STUMPS,GOOD_LENGTH,3,13,2,1.5,23.08,India
505120,Ashton Agar,LHB,DOWN_LEG,SHORT,31,13,1,31.0,238.46,Australia
51433,Samuel Badree,RHB,ON_THE_STUMPS,GOOD_LENGTH,13,13,1,13.0,100.0,West Indies
269237,Mohammad Mithun,RHB,DOWN_LEG,GOOD_LENGTH,13,13,1,13.0,100.0,Bangladesh
49700,Jeevan Mendis,LHB,OUTSIDE_OFFSTUMP,GOOD_LENGTH,12,13,1,12.0,92.31,Sri Lanka
323389,Mohammad Rizwan,RHB,WIDE_OUTSIDE_OFFSTUMP,FULL_TOSS,21,13,1,21.0,161.54,Pakistan
1058989,Aryan Lakra,LHB,ON_THE_STUMPS,FULL,8,13,2,4.0,61.54,United Arab Emirates
629063,Mehidy Hasan Miraz,RHB,OUTSIDE_OFFSTUMP,FULL_TOSS,37,13,1,37.0,284.62,Bangladesh
1058990,Ansh Tandon,LHB,OUTSIDE_OFFSTUMP,GOOD_LENGTH,11,13,1,11.0,84.62,United Arab Emirates
911707,Harry Brook,RHB,WIDE_OUTSIDE_OFFSTUMP,GOOD_LENGTH,31,13,1,31.0,238.46,England
501012,Joel Paris,LHB,ON_THE_STUMPS,SHORT_OF_A_GOOD_LENGTH,14,13,2,7.0,107.69,Australia
990031,Towhid Hridoy,RHB,DOWN_LEG,SHORT_OF_A_GOOD_LENGTH,10,13,1,10.0,76.92,Bangladesh
326434,Alex Carey,LHB,ON_THE_STUMPS,YORKER,9,13,2,4.5,69.23,Australia
1287369,Saurav Chauhan,LHB,OUTSIDE_OFFSTUMP,GOOD_LENGTH,20,13,1,20.0,153.85,India
537319,Kennar Lewis,RHB,WIDE_OUTSIDE_OFFSTUMP,FULL,19,13,2,9.5,146.15,West Indies
55343,Elton Chigumbura,RHB,OUTSIDE_OFFSTUMP,SHORT,24,13,1,24.0,184.62,Zimbabwe
938959,Wessley Madhevere,RHB,OUTSIDE_OFFSTUMP,SHORT,16,13,2,8.0,123.08,Zimbabwe
820677,Keacy Carty,RHB,OUTSIDE_OFFSTUMP,GOOD_LENGTH,6,13,1,6.0,46.15,West Indies
938959,Wessly Madhevere,RHB,ON_THE_STUMPS,FULL,12,13,1,12.0,92.31,Zimbabwe
268740,Seekkuge Prasanna,RHB,ON_THE_STUMPS,SHORT_OF_A_GOOD_LENGTH,14,13,2,7.0,107.69,Sri Lanka
500135,Prashant Chopra,RHB,OUTSIDE_OFFSTUMP,FULL,21,13,1,21.0,161.54,India
272465,James Pattinson,LHB,ON_THE_STUMPS,GOOD_LENGTH,16,13,3,5.33,123.08,Australia
381329,Beau Webster,RHB,ON_THE_STUMPS,FULL_TOSS,30,13,1,30.0,230.77,Australia
277662,Corey Anderson,LHB,WIDE_OUTSIDE_OFFSTUMP,SHORT,26,13,2,13.0,200.0,United States of America
315586,Chadwick Walton,RHB,ON_THE_STUMPS,YORKER,7,13,2,3.5,53.85,West Indies
318339,Samiullah Shinwari,RHB,ON_THE_STUMPS,SHORT_OF_A_GOOD_LENGTH,15,13,1,15.0,115.38,Afghanistan
1344829,Rizwan Butt,RHB,OUTSIDE_OFFSTUMP,GOOD_LENGTH,7,13,1,7.0,53.85,Bahrain
537319,Kennar Lewis,RHB,WIDE_OUTSIDE_OFFSTUMP,SHORT_OF_A_GOOD_LENGTH,7,13,2,3.5,53.85,West Indies
1005257,Simi Singh,RHB,ON_THE_STUMPS,FULL,10,13,1,10.0,76.92,Ireland
826679,Sam Heazlett,LHB,DOWN_LEG,GOOD_LENGTH,17,13,1,17.0,130.77,Australia
315232,Asif Khan,RHB,ON_THE_STUMPS,SHORT_OF_A_GOOD_LENGTH,13,13,2,6.5,100.0,United Arab Emirates
55872,Malcolm Waller,RHB,WIDE_OUTSIDE_OFFSTUMP,SHORT,19,13,2,9.5,146.15,Zimbabwe
1065662,Roshon Primus,RHB,ON_THE_STUMPS,FULL_TOSS,22,13,2,11.0,169.23,West Indies
270484,James Faulkner,RHB,WIDE_OUTSIDE_OFFSTUMP,FULL_TOSS,14,13,3,4.67,107.69,Australia
824541,Jaker Ali,RHB,WIDE_OUTSIDE_OFFSTUMP,FULL,25,13,1,25.0,192.31,Bangladesh
530773,Pawan Negi,LHB,DOWN_LEG,SHORT_OF_A_GOOD_LENGTH,11,13,3,3.67,84.62,India
494230,Asif Ali,RHB,DOWN_LEG,SHORT,29,13,2,14.5,223.08,Pakistan
930189,Lalit Yadav,RHB,OUTSIDE_OFFSTUMP,SHORT,17,13,1,17.0,130.77,India
911707,Harry Brook,RHB,ON_THE_STUMPS,FULL_TOSS,25,13,1,25.0,192.31,England
524049,Najibullah Zadran,LHB,ON_THE_STUMPS,YORKER,12,13,4,3.0,92.31,Afghanistan
495964,Ryan Burl,LHB,DOWN_LEG,SHORT,15,13,1,15.0,115.38,Zimbabwe
911707,Harry Brook,RHB,DOWN_LEG,GOOD_LENGTH,21,13,1,21.0,161.54,England
960361,Sandeep Lamichhane,RHB,OUTSIDE_OFFSTUMP,GOOD_LENGTH,5,13,2,2.5,38.46,Nepal
914455,Jyd Goolie,LHB,ON_THE_STUMPS,GOOD_LENGTH,7,13,3,2.33,53.85,West Indies
52983,Marlon Samuels,RHB,WIDE_OUTSIDE_OFFSTUMP,FULL,27,13,3,9.0,207.69,West Indies
311158,Ben Stokes,LHB,WIDE_OUTSIDE_OFFSTUMP,GOOD_LENGTH,24,13,1,24.0,184.62,England
52917,Denesh Ramdin,RHB,WIDE_OUTSIDE_OFFSTUMP,SHORT_OF_A_GOOD_LENGTH,17,13,1,17.0,130.77,West Indies
1287036,Jay Gohil,RHB,OUTSIDE_OFFSTUMP,GOOD_LENGTH,9,13,2,4.5,69.23,India
833087,Mahedi Hasan,RHB,DOWN_LEG,SHORT_OF_A_GOOD_LENGTH,11,13,1,11.0,84.62,Bangladesh
52917,Denesh Ramdin,RHB,WIDE_OUTSIDE_OFFSTUMP,GOOD_LENGTH,15,13,1,15.0,115.38,West Indies
51862,Andre Fletcher,RHB,WIDE_OUTSIDE_OFFSTUMP,SHORT,27,13,1,27.0,207.69,West Indies
272477,Jason Behrendorff,RHB,OUTSIDE_OFFSTUMP,FULL,7,13,3,2.33,53.85,Australia
499560,Patrick Kruger,RHB,ON_THE_STUMPS,GOOD_LENGTH,10,13,1,10.0,76.92,South Africa
311158,Ben Stokes,LHB,ON_THE_STUMPS,YORKER,8,13,2,4.0,61.54,England
308251,David Willey,LHB,OUTSIDE_OFFSTUMP,SHORT,21,13,3,7.0,161.54,England
537119,Mohit Sharma,RHB,OUTSIDE_OFFSTUMP,SHORT_OF_A_GOOD_LENGTH,21,13,2,10.5,161.54,India
53115,Daren Sammy,RHB,ON_THE_STUMPS,FULL_TOSS,32,13,1,32.0,246.15,West Indies
1287369,Saurav Chauhan,LHB,ON_THE_STUMPS,GOOD_LENGTH,9,13,1,9.0,69.23,India
959759,Finn Allen,RHB,DOWN_LEG,SHORT_OF_A_GOOD_LENGTH,17,13,1,17.0,130.77,New Zealand
308794,Michael Swart,RHB,OUTSIDE_OFFSTUMP,FULL,8,13,1,8.0,61.54,Australia
49619,Suranga Lakmal,RHB,ON_THE_STUMPS,GOOD_LENGTH,8,13,3,2.67,61.54,Sri Lanka
625371,Hardik Pandya,RHB,DOWN_LEG,YORKER,4,13,2,2.0,30.77,India
53115,Daren Sammy,RHB,DOWN_LEG,FULL,26,13,1,26.0,200.0,West Indies
1329699,Khawaja Nafay,RHB,OUTSIDE_OFFSTUMP,FULL,17,13,2,8.5,130.77,Pakistan
629058,Najmul Hossain Shanto,LHB,DOWN_LEG,SHORT,34,13,1,34.0,261.54,Bangladesh
52917,Denesh Ramdin,RHB,ON_THE_STUMPS,YORKER,7,13,1,7.0,53.85,West Indies
834741,Caleb Jewell,LHB,DOWN_LEG,SHORT,24,13,2,12.0,184.62,Australia
629084,Ramesh Mendis,RHB,OUTSIDE_OFFSTUMP,GOOD_LENGTH,4,13,1,4.0,30.77,Sri Lanka
990039,Shoriful Islam,LHB,OUTSIDE_OFFSTUMP,GOOD_LENGTH,14,13,2,7.0,107.69,Bangladesh
897549,Will Jacks,RHB,DOWN_LEG,SHORT_OF_A_GOOD_LENGTH,14,13,2,7.0,107.69,England
47711,Morne van Wyk,RHB,WIDE_OUTSIDE_OFFSTUMP,GOOD_LENGTH,23,13,2,11.5,176.92,South Africa
629080,Binura Fernando,RHB,OUTSIDE_OFFSTUMP,SHORT_OF_A_GOOD_LENGTH,6,13,2,3.0,46.15,Sri Lanka
311592,Mitchell Starc,LHB,OUTSIDE_OFFSTUMP,SHORT_OF_A_GOOD_LENGTH,14,13,2,7.0,107.69,Australia
598933,Babul Kumar,RHB,ON_THE_STUMPS,GOOD_LENGTH,14,13,2,7.0,107.69,India
1070168,Prithvi Shaw,RHB,OUTSIDE_OFFSTUMP,FULL_TOSS,21,13,1,21.0,161.54,India
279506,Gulraiz Sadaf,RHB,ON_THE_STUMPS,FULL,15,13,1,15.0,115.38,Pakistan
446763,Rahul Tripathi,RHB,DOWN_LEG,SHORT,29,13,1,29.0,223.08,India
279506,Gulraiz Sadaf,RHB,OUTSIDE_OFFSTUMP,FULL,12,13,1,12.0,92.31,Pakistan
230551,Gajanand Singh,LHB,OUTSIDE_OFFSTUMP,FULL,22,13,1,22.0,169.23,United States of America
595004,Kyle Verreynne,RHB,WIDE_OUTSIDE_OFFSTUMP,SHORT_OF_A_GOOD_LENGTH,11,13,2,5.5,84.62,South Africa
1161044,Shamim Hossain,LHB,ON_THE_STUMPS,SHORT,12,13,2,6.0,92.31,Bangladesh
1123428,Usman Khan,RHB,WIDE_OUTSIDE_OFFSTUMP,GOOD_LENGTH,22,13,3,7.33,169.23,Pakistan
772361,Sam Harper,RHB,ON_THE_STUMPS,SHORT,24,13,2,12.0,184.62,Australia
772361,Sam Harper,RHB,DOWN_LEG,SHORT_OF_A_GOOD_LENGTH,10,13,2,5.0,76.92,Australia
772293,Michael Pepper,RHB,ON_THE_STUMPS,SHORT_OF_A_GOOD_LENGTH,19,13,1,19.0,146.15,England
698315,Donovan Ferreira,RHB,WIDE_OUTSIDE_OFFSTUMP,FULL,37,13,1,37.0,284.62,South Africa
8180,Shane Watson,RHB,WIDE_OUTSIDE_OFFSTUMP,SHORT,21,13,2,10.5,161.54,Australia
35263,Virender Sehwag,RHB,ON_THE_STUMPS,SHORT_OF_A_GOOD_LENGTH,19,13,1,19.0,146.15,India
348056,Kyle Mayers,LHB,ON_THE_STUMPS,FULL_TOSS,14,13,1,14.0,107.69,West Indies
446499,Unmukt Chand,RHB,OUTSIDE_OFFSTUMP,FULL,20,13,1,20.0,153.85,United States of America
431901,Evin Lewis,LHB,WIDE_OUTSIDE_OFFSTUMP,YORKER,12,13,1,12.0,92.31,West Indies
334337,Peter Handscomb,RHB,WIDE_OUTSIDE_OFFSTUMP,GOOD_LENGTH,6,13,3,2.0,46.15,Australia
297628,Sam Billings,RHB,WIDE_OUTSIDE_OFFSTUMP,SHORT_OF_A_GOOD_LENGTH,10,13,1,10.0,76.92,England
669365,Phil Salt,RHB,ON_THE_STUMPS,YORKER,6,13,3,2.0,46.15,England
440990,Lega Siaka,RHB,OUTSIDE_OFFSTUMP,SHORT_OF_A_GOOD_LENGTH,15,13,2,7.5,115.38,Papua New Guinea
696401,Marco Jansen,RHB,ON_THE_STUMPS,SHORT_OF_A_GOOD_LENGTH,20,13,2,10.0,153.85,South Africa
348133,Steven Taylor,LHB,ON_THE_STUMPS,FULL,7,13,1,7.0,53.85,United States of America
670013,Fabian Allen,RHB,WIDE_OUTSIDE_OFFSTUMP,SHORT_OF_A_GOOD_LENGTH,12,13,1,12.0,92.31,West Indies
227760,Sarfaraz Ahmed,RHB,WIDE_OUTSIDE_OFFSTUMP,SHORT,24,13,1,24.0,184.62,Pakistan
450075,Kesrick Williams,RHB,OUTSIDE_OFFSTUMP,FULL,3,13,2,1.5,23.08,West Indies
1108830,Nyeem Young,RHB,ON_THE_STUMPS,FULL,16,13,2,8.0,123.08,West Indies
604573,Vivek Singh,LHB,OUTSIDE_OFFSTUMP,FULL,18,13,2,9.0,138.46,India
604573,Vivek Singh,LHB,ON_THE_STUMPS,GOOD_LENGTH,9,13,1,9.0,69.23,India
697059,Zakir Hasan,LHB,WIDE_OUTSIDE_OFFSTUMP,FULL,15,13,2,7.5,115.38,Bangladesh
261354,Nathan Coulter-Nile,RHB,ON_THE_STUMPS,YORKER,8,13,3,2.67,61.54,Australia
447287,Faizan Asif,LHB,OUTSIDE_OFFSTUMP,GOOD_LENGTH,16,13,1,16.0,123.08,United Arab Emirates
333066,Johnson Charles,RHB,WIDE_OUTSIDE_OFFSTUMP,FULL_TOSS,24,13,3,8.0,184.62,West Indies
290630,Manish Pandey,RHB,DOWN_LEG,FULL_TOSS,17,13,1,17.0,130.77,India
1206406,Jake Gibson,RHB,OUTSIDE_OFFSTUMP,SHORT_OF_A_GOOD_LENGTH,29,13,3,9.67,223.08,New Zealand
697279,Usman Shinwari,RHB,ON_THE_STUMPS,GOOD_LENGTH,19,13,2,9.5,146.15,Pakistan
1241265,Aayan Afzal Khan,RHB,ON_THE_STUMPS,FULL,14,13,1,14.0,107.69,United Arab Emirates
429903,Lesiba Ngoepe,LHB,ON_THE_STUMPS,SHORT_OF_A_GOOD_LENGTH,6,13,2,3.0,46.15,South Africa
25613,Amjad Javed,RHB,OUTSIDE_OFFSTUMP,FULL,11,13,2,5.5,84.62,United Arab Emirates
1223047,Josh Brown,RHB,OUTSIDE_OFFSTUMP,SHORT,23,13,1,23.0,176.92,Australia
340854,Harpreet Singh,LHB,ON_THE_STUMPS,FULL,14,13,1,14.0,107.69,India
410765,Nurul Hasan,RHB,WIDE_OUTSIDE_OFFSTUMP,SHORT_OF_A_GOOD_LENGTH,10,13,1,10.0,76.92,Bangladesh
1210488,Cooper Connolly,LHB,OUTSIDE_OFFSTUMP,FULL,30,13,1,30.0,230.77,Australia
716733,Khushdil Shah,LHB,WIDE_OUTSIDE_OFFSTUMP,FULL,18,13,5,3.6,138.46,Pakistan
279810,Wriddhiman Saha,RHB,ON_THE_STUMPS,YORKER,10,13,2,5.0,76.92,India
348026,John Campbell,LHB,OUTSIDE_OFFSTUMP,GOOD_LENGTH,5,13,2,2.5,38.46,West Indies
12454,Joe Denly,RHB,DOWN_LEG,SHORT_OF_A_GOOD_LENGTH,15,13,2,7.5,115.38,England
1158538,Abbas Afridi,RHB,OUTSIDE_OFFSTUMP,GOOD_LENGTH,8,13,3,2.67,61.54,Pakistan
1143529,Imran Anwar,RHB,OUTSIDE_OFFSTUMP,SHORT_OF_A_GOOD_LENGTH,10,13,2,5.0,76.92,Bahrain
290948,Mohammad Amir,LHB,ON_THE_STUMPS,FULL,13,13,1,13.0,100.0,Pakistan
1158100,Mohammad Hasnain,RHB,OUTSIDE_OFFSTUMP,SHORT_OF_A_GOOD_LENGTH,24,13,1,24.0,184.62,Pakistan
1158088,Naseem Shah,RHB,OUTSIDE_OFFSTUMP,FULL,25,13,3,8.33,192.31,Pakistan
574178,Akila Dananjaya,LHB,OUTSIDE_OFFSTUMP,FULL,11,13,2,5.5,84.62,Sri Lanka
30732,Praveen Kumar,RHB,OUTSIDE_OFFSTUMP,GOOD_LENGTH,11,13,1,11.0,84.62,India
1151270,Ayush Badoni,RHB,WIDE_OUTSIDE_OFFSTUMP,FULL,29,13,2,14.5,223.08,India
711559,Usman Ghani,RHB,ON_THE_STUMPS,SHORT,9,13,1,9.0,69.23,Afghanistan
1151278,Yashasvi Jaiswal,LHB,DOWN_LEG,FULL,25,13,2,12.5,192.31,India
29264,Harbhajan Singh,RHB,ON_THE_STUMPS,FULL,19,13,1,19.0,146.15,India
581379,Shai Hope,RHB,OUTSIDE_OFFSTUMP,FULL_TOSS,30,13,1,30.0,230.77,West Indies
345821,Danushka Gunathilaka,LHB,OUTSIDE_OFFSTUMP,FULL_TOSS,13,13,1,13.0,100.0,Sri Lanka
1152716,Javelle Glen,LHB,ON_THE_STUMPS,GOOD_LENGTH,17,13,1,17.0,130.77,West Indies
1159748,Lalhmangaiha,LHB,ON_THE_STUMPS,GOOD_LENGTH,4,13,2,2.0,30.77,India
1137262,Azam Khan,RHB,DOWN_LEG,SHORT,30,13,1,30.0,230.77,Pakistan
1129639,Callum McLachlan,RHB,OUTSIDE_OFFSTUMP,GOOD_LENGTH,8,13,2,4.0,61.54,New Zealand
414966,Michael Leask,RHB,ON_THE_STUMPS,FULL,22,13,2,11.0,169.23,Scotland
8917,Moeen Ali,LHB,WIDE_OUTSIDE_OFFSTUMP,YORKER,16,13,2,8.0,123.08,England
440516,Tom Blundell,RHB,ON_THE_STUMPS,FULL,17,13,1,17.0,130.77,New Zealand
571703,Wellington Masakadza,LHB,ON_THE_STUMPS,SHORT_OF_A_GOOD_LENGTH,13,13,1,13.0,100.0,Zimbabwe
1127317,Scott Edwards,RHB,ON_THE_STUMPS,SHORT_OF_A_GOOD_LENGTH,10,13,1,10.0,76.92,Netherlands
1212829,Ali Naseer,LHB,ON_THE_STUMPS,FULL,10,13,2,5.0,76.92,United Arab Emirates
571911,Joe Clarke,RHB,DOWN_LEG,SHORT_OF_A_GOOD_LENGTH,12,13,1,12.0,92.31,England
721867,Jitesh Sharma,RHB,ON_THE_STUMPS,FULL_TOSS,21,13,3,7.0,161.54,India
1131978,Ashutosh Sharma,RHB,OUTSIDE_OFFSTUMP,FULL,23,13,3,7.67,176.92,India
32540,Cheteshwar Pujara,RHB,ON_THE_STUMPS,SHORT_OF_A_GOOD_LENGTH,31,13,1,31.0,238.46,India
1131978,Ashutosh Sharma,RHB,OUTSIDE_OFFSTUMP,GOOD_LENGTH,19,13,1,19.0,146.15,India
232292,Swapnil Singh,RHB,ON_THE_STUMPS,FULL,11,13,2,5.5,84.62,India
1212684,Subham Mandal,LHB,OUTSIDE_OFFSTUMP,GOOD_LENGTH,18,13,1,18.0,138.46,India
290716,Kedar Jadhav,RHB,WIDE_OUTSIDE_OFFSTUMP,SHORT_OF_A_GOOD_LENGTH,11,13,1,11.0,84.62,India
434429,Aamer Yamin,RHB,OUTSIDE_OFFSTUMP,GOOD_LENGTH,23,13,1,23.0,176.92,Pakistan
1137262,Azam Khan,RHB,DOWN_LEG,FULL,18,13,2,9.0,138.46,Pakistan
348034,George Dockrell,RHB,OUTSIDE_OFFSTUMP,FULL_TOSS,24,13,1,24.0,184.62,Ireland
452044,Hanuma Vihari,RHB,OUTSIDE_OFFSTUMP,GOOD_LENGTH,4,13,4,1.0,30.77,India
300629,Angelo Perera,RHB,ON_THE_STUMPS,SHORT_OF_A_GOOD_LENGTH,14,13,1,14.0,107.69,Sri Lanka
236489,Dawid Malan,LHB,WIDE_OUTSIDE_OFFSTUMP,SHORT_OF_A_GOOD_LENGTH,18,13,1,18.0,138.46,England
1273885,Avinash Jadhav,RHB,OUTSIDE_OFFSTUMP,GOOD_LENGTH,15,13,1,15.0,115.38,India
794713,Kushal Bhurtel,RHB,OUTSIDE_OFFSTUMP,GOOD_LENGTH,8,13,4,2.0,61.54,Nepal
1074333,Nuwanidu Fernando,RHB,WIDE_OUTSIDE_OFFSTUMP,GOOD_LENGTH,7,13,1,7.0,53.85,Sri Lanka
288285,Clive Rose,RHB,ON_THE_STUMPS,GOOD_LENGTH,17,13,1,17.0,130.77,Australia
477021,Vijay Shankar,RHB,ON_THE_STUMPS,FULL_TOSS,14,13,1,14.0,107.69,India
681067,Akif Raja,LHB,ON_THE_STUMPS,GOOD_LENGTH,8,13,1,8.0,61.54,United Arab Emirates
41046,Khalid Latif,RHB,OUTSIDE_OFFSTUMP,SHORT_OF_A_GOOD_LENGTH,12,13,1,12.0,92.31,Pakistan
681067,Akif Raja,LHB,OUTSIDE_OFFSTUMP,GOOD_LENGTH,6,13,1,6.0,46.15,United Arab Emirates
793463,Rashid Khan,RHB,DOWN_LEG,FULL,20,13,2,10.0,153.85,Afghanistan
7252,Tim Paine,RHB,OUTSIDE_OFFSTUMP,SHORT_OF_A_GOOD_LENGTH,15,13,1,15.0,115.38,Australia
19296,Kevin Pietersen,RHB,ON_THE_STUMPS,SHORT_OF_A_GOOD_LENGTH,8,13,1,8.0,61.54,England
681117,Faheem Ashraf,LHB,WIDE_OUTSIDE_OFFSTUMP,GOOD_LENGTH,7,13,1,7.0,53.85,Pakistan
1078693,Joshua Bishop,RHB,OUTSIDE_OFFSTUMP,SHORT_OF_A_GOOD_LENGTH,7,13,1,7.0,53.85,West Indies
422992,Ankit Sharma,LHB,ON_THE_STUMPS,GOOD_LENGTH,11,13,2,5.5,84.62,India
806241,Richard Ngarava,LHB,OUTSIDE_OFFSTUMP,GOOD_LENGTH,14,13,4,3.5,107.69,Zimbabwe
43590,Wahab Riaz,RHB,OUTSIDE_OFFSTUMP,SHORT,16,13,3,5.33,123.08,Pakistan
43590,Wahab Riaz,RHB,ON_THE_STUMPS,YORKER,3,13,5,0.6,23.08,Pakistan
307639,Ahmad Faiz,RHB,OUTSIDE_OFFSTUMP,FULL,24,13,1,24.0,184.62,Malaysia
598284,Damodaran Rohit,RHB,ON_THE_STUMPS,GOOD_LENGTH,19,13,2,9.5,146.15,India
209457,Chamara Kapugedera,RHB,ON_THE_STUMPS,FULL,12,13,2,6.0,92.31,Sri Lanka
281188,Nazmul Hossain Milon,RHB,ON_THE_STUMPS,GOOD_LENGTH,12,13,1,12.0,92.31,Bangladesh
633421,Muhammad Khan,RHB,OUTSIDE_OFFSTUMP,GOOD_LENGTH,5,13,2,2.5,38.46,Hong Kong
422593,Daniel Bell-Drummond,RHB,ON_THE_STUMPS,FULL,21,13,1,21.0,161.54,England
6683,Shaun Marsh,LHB,ON_THE_STUMPS,YORKER,16,13,1,16.0,123.08,Australia
1070183,Abhishek Sharma,LHB,WIDE_OUTSIDE_OFFSTUMP,FULL,21,13,2,10.5,161.54,India
1070665,Dewald Brevis,RHB,ON_THE_STUMPS,SHORT,20,13,2,10.0,153.85,South Africa
550137,Abu Hider,RHB,OUTSIDE_OFFSTUMP,SHORT_OF_A_GOOD_LENGTH,18,13,1,18.0,138.46,Bangladesh
1193548,Tim Pringle,RHB,ON_THE_STUMPS,FULL,19,13,1,19.0,146.15,Netherlands
1070665,Dewald Brevis,RHB,WIDE_OUTSIDE_OFFSTUMP,FULL,35,13,1,35.0,269.23,South Africa
288211,Umar Amin,LHB,ON_THE_STUMPS,SHORT_OF_A_GOOD_LENGTH,11,13,1,11.0,84.62,Pakistan
1070997,Connor Esterhuizen,RHB,ON_THE_STUMPS,GOOD_LENGTH,8,13,1,8.0,61.54,
801019,Ashwin Hebbar,RHB,OUTSIDE_OFFSTUMP,SHORT_OF_A_GOOD_LENGTH,34,13,1,34.0,261.54,India
42439,Rafatullah Mohmand,RHB,OUTSIDE_OFFSTUMP,GOOD_LENGTH,3,13,1,3.0,23.08,Pakistan
793447,Naveen-ul-Haq,RHB,OUTSIDE_OFFSTUMP,SHORT,21,13,3,7.0,161.54,Afghanistan
595978,Tristan Stubbs,RHB,ON_THE_STUMPS,YORKER,8,13,3,2.67,61.54,South Africa
348146,Ahsan Ali,RHB,OUTSIDE_OFFSTUMP,SHORT,14,13,1,14.0,107.69,Pakistan
1081730,Matthew Gilkes,LHB,DOWN_LEG,SHORT,32,13,1,32.0,246.15,Australia
1175485,Abdul Samad,RHB,ON_THE_STUMPS,SHORT_OF_A_GOOD_LENGTH,12,13,3,4.0,92.31,India
1079470,Ramandeep Singh,RHB,ON_THE_STUMPS,GOOD_LENGTH,16,13,2,8.0,123.08,India
222354,Milinda Siriwardana,LHB,OUTSIDE_OFFSTUMP,SHORT_OF_A_GOOD_LENGTH,21,13,2,10.5,161.54,Sri Lanka
1088608,Max Bryant,RHB,DOWN_LEG,SHORT_OF_A_GOOD_LENGTH,9,13,1,9.0,69.23,Australia
1172968,Dan Mousley,LHB,OUTSIDE_OFFSTUMP,FULL,18,13,1,18.0,138.46,England
554691,Axar Patel,LHB,WIDE_OUTSIDE_OFFSTUMP,FULL_TOSS,27,13,1,27.0,207.69,India
787073,Chris Green,RHB,ON_THE_STUMPS,YORKER,10,13,2,5.0,76.92,Australia
7502,Luke Ronchi,RHB,WIDE_OUTSIDE_OFFSTUMP,SHORT_OF_A_GOOD_LENGTH,29,13,1,29.0,223.08,New Zealand
787987,Marnus Labuschagne,RHB,WIDE_OUTSIDE_OFFSTUMP,FULL,22,13,1,22.0,169.23,Australia
457249,Carlos Brathwaite,RHB,WIDE_OUTSIDE_OFFSTUMP,GOOD_LENGTH,20,13,1,20.0,153.85,West Indies
288992,Chris Jordan,RHB,ON_THE_STUMPS,SHORT,28,13,1,28.0,215.38,England
1079470,Ramandeep Singh,RHB,ON_THE_STUMPS,FULL,21,13,1,21.0,161.54,India
277914,Jeet Raval,LHB,ON_THE_STUMPS,SHORT_OF_A_GOOD_LENGTH,11,13,1,11.0,84.62,New Zealand
464702,Diego Rosier,RHB,ON_THE_STUMPS,FULL,18,13,1,18.0,138.46,South Africa
793447,Naveen-ul-Haq,RHB,ON_THE_STUMPS,FULL,10,13,1,10.0,76.92,Afghanistan
464702,Diego Rosier,RHB,ON_THE_STUMPS,GOOD_LENGTH,13,13,1,13.0,100.0,South Africa
605575,Matthew Short,RHB,DOWN_LEG,GOOD_LENGTH,17,13,1,17.0,130.77,Australia
398506,Mandeep Singh,RHB,ON_THE_STUMPS,SHORT,24,13,1,24.0,184.62,India
226492,Martin Guptill,RHB,DOWN_LEG,SHORT,27,13,1,27.0,207.69,New Zealand
50802,Mahela Udawatte,LHB,ON_THE_STUMPS,GOOD_LENGTH,15,12,1,15.0,125.0,Sri Lanka
25446,Kyle Coetzer,RHB,ON_THE_STUMPS,SHORT_OF_A_GOOD_LENGTH,12,12,2,6.0,100.0,Scotland
1159711,Shahbaz Ahmed,LHB,DOWN_LEG,SHORT,27,12,1,27.0,225.0,India
512191,Fakhar Zaman,LHB,WIDE_OUTSIDE_OFFSTUMP,FULL_TOSS,22,12,1,22.0,183.33,Pakistan
1159711,Shahbaz Ahmed,LHB,ON_THE_STUMPS,FULL_TOSS,19,12,2,9.5,158.33,India
1168651,Haider Ali,RHB,OUTSIDE_OFFSTUMP,FULL_TOSS,25,12,1,25.0,208.33,Pakistan
19264,Liam Plunkett,RHB,ON_THE_STUMPS,GOOD_LENGTH,13,12,3,4.33,108.33,United States of America
1153767,Vikramjit Singh,LHB,OUTSIDE_OFFSTUMP,FULL,15,12,2,7.5,125.0,Netherlands
1158088,Naseem Shah,RHB,ON_THE_STUMPS,FULL,17,12,1,17.0,141.67,Pakistan
318788,Haris Sohail,LHB,OUTSIDE_OFFSTUMP,FULL,16,12,1,16.0,133.33,Pakistan
1200965,Saqlain Arshad,RHB,ON_THE_STUMPS,SHORT_OF_A_GOOD_LENGTH,11,12,2,5.5,91.67,Qatar
1205559,Mohammad Haris,RHB,ON_THE_STUMPS,YORKER,14,12,1,14.0,116.67,Pakistan
428366,Lahiru Madushanka,RHB,ON_THE_STUMPS,GOOD_LENGTH,8,12,1,8.0,66.67,Sri Lanka
53115,Daren Sammy,RHB,ON_THE_STUMPS,YORKER,6,12,1,6.0,50.0,West Indies
350629,Nizakat Khan,RHB,ON_THE_STUMPS,SHORT_OF_A_GOOD_LENGTH,12,12,1,12.0,100.0,Hong Kong
379145,Tabraiz Shamsi,RHB,ON_THE_STUMPS,GOOD_LENGTH,3,12,5,0.6,25.0,South Africa
51439,Dwayne Bravo,RHB,WIDE_OUTSIDE_OFFSTUMP,SHORT,22,12,1,22.0,183.33,West Indies
25446,Kyle Coetzer,RHB,WIDE_OUTSIDE_OFFSTUMP,GOOD_LENGTH,15,12,2,7.5,125.0,Scotland
1175485,Abdul Samad,RHB,WIDE_OUTSIDE_OFFSTUMP,YORKER,12,12,2,6.0,100.0,India
318339,Samiullah Shinwari,RHB,WIDE_OUTSIDE_OFFSTUMP,FULL,17,12,1,17.0,141.67,Afghanistan
930189,Lalit Yadav,RHB,ON_THE_STUMPS,SHORT,13,12,1,13.0,108.33,India
352216,Peter Gough,LHB,OUTSIDE_OFFSTUMP,FULL,8,12,1,8.0,66.67,Jersey
417268,Matthew Cross,RHB,OUTSIDE_OFFSTUMP,SHORT,15,12,2,7.5,125.0,Scotland
26421,Ravichandran Ashwin,RHB,ON_THE_STUMPS,SHORT,17,12,1,17.0,141.67,India
26421,Ravichandran Ashwin,RHB,ON_THE_STUMPS,FULL_TOSS,20,12,1,20.0,166.67,India
431902,Yannic Cariah,LHB,ON_THE_STUMPS,GOOD_LENGTH,8,12,1,8.0,66.67,West Indies
414966,Michael Leask,RHB,ON_THE_STUMPS,SHORT_OF_A_GOOD_LENGTH,14,12,1,14.0,116.67,Scotland
1161050,Sediqullah Atal,LHB,ON_THE_STUMPS,GOOD_LENGTH,4,12,1,4.0,33.33,Afghanistan
1175488,Dhruv Jurel,RHB,OUTSIDE_OFFSTUMP,SHORT,13,12,1,13.0,108.33,India
24605,Kevin O'Brien,RHB,OUTSIDE_OFFSTUMP,SHORT,23,12,2,11.5,191.67,Ireland
24844,Sarel Burger,RHB,ON_THE_STUMPS,GOOD_LENGTH,9,12,2,4.5,75.0,Namibia
1202263,Thomas Kelly,RHB,ON_THE_STUMPS,SHORT_OF_A_GOOD_LENGTH,16,12,1,16.0,133.33,Australia
348154,Zafar Gohar,LHB,OUTSIDE_OFFSTUMP,GOOD_LENGTH,8,12,1,8.0,66.67,Pakistan
417386,Cornelis Bodenstein,LHB,OUTSIDE_OFFSTUMP,GOOD_LENGTH,10,12,1,10.0,83.33,England
922941,Abdullah Shafique,RHB,WIDE_OUTSIDE_OFFSTUMP,SHORT_OF_A_GOOD_LENGTH,11,12,1,11.0,91.67,Pakistan
51866,Assad Fudadin,LHB,OUTSIDE_OFFSTUMP,FULL,20,12,1,20.0,166.67,West Indies
26421,Ravichandran Ashwin,RHB,WIDE_OUTSIDE_OFFSTUMP,FULL,15,12,1,15.0,125.0,India
1397990,Mohammed Irshad,RHB,ON_THE_STUMPS,GOOD_LENGTH,6,12,1,6.0,50.0,Qatar
348152,Usman Qadir,LHB,ON_THE_STUMPS,SHORT_OF_A_GOOD_LENGTH,14,12,1,14.0,116.67,Pakistan
318340,Noor Ali Zadran,RHB,ON_THE_STUMPS,FULL,10,12,2,5.0,83.33,Afghanistan
430246,Yuzvendra Chahal,RHB,OUTSIDE_OFFSTUMP,FULL,4,12,1,4.0,33.33,India
1152427,Dunith Wellalage,LHB,ON_THE_STUMPS,FULL,9,12,1,9.0,75.0,Sri Lanka
440522,Logan van Beek,RHB,OUTSIDE_OFFSTUMP,FULL,10,12,2,5.0,83.33,Netherlands
30045,Dinesh Karthik,RHB,DOWN_LEG,FULL_TOSS,27,12,1,27.0,225.0,India
398438,Mayank Agarwal,RHB,DOWN_LEG,FULL,32,12,1,32.0,266.67,India
1252163,Cole Briggs,RHB,OUTSIDE_OFFSTUMP,SHORT_OF_A_GOOD_LENGTH,15,12,1,15.0,125.0,New Zealand
7502,Luke Ronchi,RHB,OUTSIDE_OFFSTUMP,FULL_TOSS,21,12,1,21.0,175.0,New Zealand
7502,Luke Ronchi,RHB,ON_THE_STUMPS,SHORT,24,12,1,24.0,200.0,New Zealand
7502,Luke Ronchi,RHB,ON_THE_STUMPS,FULL_TOSS,20,12,3,6.67,166.67,New Zealand
1081442,Mayank Markande,RHB,OUTSIDE_OFFSTUMP,GOOD_LENGTH,7,12,1,7.0,58.33,India
330902,Mustafizur Rahman,LHB,ON_THE_STUMPS,FULL,16,12,2,8.0,133.33,Bangladesh
1076722,Will Sutherland,RHB,OUTSIDE_OFFSTUMP,SHORT,18,12,1,18.0,150.0,Australia
494581,Rahkeem Cornwall,RHB,WIDE_OUTSIDE_OFFSTUMP,FULL,38,12,1,38.0,316.67,West Indies
494581,Rahkeem Cornwall,RHB,DOWN_LEG,SHORT,25,12,1,25.0,208.33,West Indies
977815,Ekant Sen,RHB,OUTSIDE_OFFSTUMP,GOOD_LENGTH,25,12,1,25.0,208.33,India
989935,Shahadat Hossain,RHB,ON_THE_STUMPS,FULL,15,12,1,15.0,125.0,Bangladesh
990023,Tanzid Hasan,LHB,DOWN_LEG,SHORT_OF_A_GOOD_LENGTH,11,12,1,11.0,91.67,Bangladesh
450101,Raymon Reifer,LHB,ON_THE_STUMPS,SHORT,28,12,2,14.0,233.33,West Indies
990031,Towhid Hridoy,RHB,ON_THE_STUMPS,FULL_TOSS,25,12,2,12.5,208.33,Bangladesh
495964,Ryan Burl,LHB,ON_THE_STUMPS,YORKER,9,12,4,2.25,75.0,Zimbabwe
495551,Sheldon Cottrell,RHB,ON_THE_STUMPS,SHORT_OF_A_GOOD_LENGTH,9,12,1,9.0,75.0,West Indies
1092313,Rohail Nazir,RHB,ON_THE_STUMPS,FULL,19,12,1,19.0,158.33,Pakistan
453289,Neville Madziva,RHB,ON_THE_STUMPS,GOOD_LENGTH,5,12,1,5.0,41.67,Zimbabwe
38003,Stephen Murdoch,RHB,ON_THE_STUMPS,GOOD_LENGTH,22,12,1,22.0,183.33,New Zealand
1088608,Max Bryant,RHB,ON_THE_STUMPS,SHORT,24,12,1,24.0,200.0,Australia
1287017,Kuldeep Gehi,LHB,ON_THE_STUMPS,GOOD_LENGTH,10,12,1,10.0,83.33,India
390481,Harshal Patel,RHB,OUTSIDE_OFFSTUMP,FULL_TOSS,18,12,1,18.0,150.0,India
1060380,Ruturaj Gaikwad,RHB,DOWN_LEG,SHORT,38,12,1,38.0,316.67,India
373538,Sabbir Rahman,RHB,WIDE_OUTSIDE_OFFSTUMP,SHORT_OF_A_GOOD_LENGTH,18,12,2,9.0,150.0,Bangladesh
480693,Anthony Bramble,RHB,OUTSIDE_OFFSTUMP,GOOD_LENGTH,10,12,1,10.0,83.33,West Indies
43121,Shaiman Anwar,RHB,OUTSIDE_OFFSTUMP,FULL,14,12,1,14.0,116.67,United Arab Emirates
6683,Shaun Marsh,LHB,WIDE_OUTSIDE_OFFSTUMP,SHORT,33,12,1,33.0,275.0,Australia
43266,Sohaib Maqsood,RHB,ON_THE_STUMPS,SHORT,29,12,1,29.0,241.67,Pakistan
326635,Cameron Gannon,RHB,OUTSIDE_OFFSTUMP,GOOD_LENGTH,7,12,1,7.0,58.33,United States of America
42639,Shahid Afridi,RHB,OUTSIDE_OFFSTUMP,FULL_TOSS,29,12,1,29.0,241.67,Pakistan
42439,Rafatullah Mohmand,RHB,OUTSIDE_OFFSTUMP,SHORT_OF_A_GOOD_LENGTH,12,12,1,12.0,100.0,Pakistan
1076713,Cameron Green,RHB,DOWN_LEG,FULL,25,12,1,25.0,208.33,Australia
1076579,Mohammad Ishaq,RHB,OUTSIDE_OFFSTUMP,SHORT_OF_A_GOOD_LENGTH,14,12,1,14.0,116.67,Afghanistan
1036191,Bas de Leede,RHB,OUTSIDE_OFFSTUMP,SHORT,15,12,1,15.0,125.0,Netherlands
493773,Lockie Ferguson,RHB,ON_THE_STUMPS,FULL,20,12,1,20.0,166.67,New Zealand
1050545,Xavier Bartlett,RHB,ON_THE_STUMPS,FULL,14,12,2,7.0,116.67,Australia
41434,Mohammad Hafeez,RHB,DOWN_LEG,SHORT,21,12,2,10.5,175.0,Pakistan
44410,Farhaan Behardien,RHB,OUTSIDE_OFFSTUMP,FULL_TOSS,15,12,1,15.0,125.0,South Africa
1072470,Shaheen Shah Afridi,LHB,WIDE_OUTSIDE_OFFSTUMP,GOOD_LENGTH,21,12,1,21.0,175.0,Pakistan
475281,Shardul Thakur,RHB,OUTSIDE_OFFSTUMP,SHORT,21,12,3,7.0,175.0,India
1299794,Tarang Gohel,RHB,OUTSIDE_OFFSTUMP,GOOD_LENGTH,7,12,1,7.0,58.33,India
974109,Mujeeb Ur Rahman,RHB,OUTSIDE_OFFSTUMP,SHORT,10,12,3,3.33,83.33,Afghanistan
32498,Yusuf Pathan,RHB,OUTSIDE_OFFSTUMP,YORKER,8,12,1,8.0,66.67,India
49758,Lasith Malinga,RHB,OUTSIDE_OFFSTUMP,GOOD_LENGTH,9,12,2,4.5,75.0,Sri Lanka
951781,Milton Shumba,LHB,ON_THE_STUMPS,SHORT_OF_A_GOOD_LENGTH,16,12,1,16.0,133.33,Zimbabwe
438563,Mark Chapman,LHB,ON_THE_STUMPS,YORKER,9,12,1,9.0,75.0,New Zealand
1131978,Ashutosh Sharma,RHB,ON_THE_STUMPS,FULL,5,12,2,2.5,41.67,India
1129639,Callum McLachlan,RHB,OUTSIDE_OFFSTUMP,SHORT_OF_A_GOOD_LENGTH,11,12,1,11.0,91.67,New Zealand
485379,Andries Gous,RHB,ON_THE_STUMPS,GOOD_LENGTH,5,12,3,1.67,41.67,United States of America
402992,Shuvagata Hom,RHB,OUTSIDE_OFFSTUMP,SHORT,31,12,2,15.5,258.33,Bangladesh
502714,Mitchell Santner,LHB,DOWN_LEG,SHORT,14,12,2,7.0,116.67,New Zealand
1138316,Maheesh Theekshana,RHB,OUTSIDE_OFFSTUMP,FULL,6,12,1,6.0,50.0,Sri Lanka
30288,Karn Sharma,LHB,ON_THE_STUMPS,FULL,11,12,2,5.5,91.67,India
1151273,Nehal Wadhera,LHB,OUTSIDE_OFFSTUMP,SHORT_OF_A_GOOD_LENGTH,16,12,3,5.33,133.33,India
1151273,Nehal Wadhera,LHB,DOWN_LEG,FULL,5,12,1,5.0,41.67,India
30732,Praveen Kumar,RHB,ON_THE_STUMPS,GOOD_LENGTH,12,12,1,12.0,100.0,India
379887,Lizaad Williams,LHB,OUTSIDE_OFFSTUMP,SHORT_OF_A_GOOD_LENGTH,5,12,1,5.0,41.67,South Africa
1139523,Rishad Hossain,RHB,OUTSIDE_OFFSTUMP,GOOD_LENGTH,5,12,2,2.5,41.67,Bangladesh
1342699,Shadrack Descarte,LHB,OUTSIDE_OFFSTUMP,GOOD_LENGTH,24,12,1,24.0,200.0,West Indies
33141,Ambati Rayudu,RHB,DOWN_LEG,SHORT,18,12,1,18.0,150.0,India
380354,Anamul Haque,RHB,ON_THE_STUMPS,SHORT,28,12,1,28.0,233.33,Bangladesh
497121,Deepak Hooda,RHB,WIDE_OUTSIDE_OFFSTUMP,SHORT_OF_A_GOOD_LENGTH,18,12,1,18.0,150.0,India
1120613,Johnathan Campbell,LHB,ON_THE_STUMPS,GOOD_LENGTH,13,12,1,13.0,108.33,Zimbabwe
1119026,Devdutt Padikkal,LHB,OUTSIDE_OFFSTUMP,FULL_TOSS,12,12,1,12.0,100.0,India
47660,Ryan ten Doeschate,RHB,ON_THE_STUMPS,GOOD_LENGTH,7,12,2,3.5,58.33,Netherlands
497121,Deepak Hooda,RHB,ON_THE_STUMPS,YORKER,7,12,3,2.33,58.33,India
398506,Mandeep Singh,RHB,WIDE_OUTSIDE_OFFSTUMP,SHORT,28,12,1,28.0,233.33,India
974087,Rahmanullah Gurbaz,RHB,WIDE_OUTSIDE_OFFSTUMP,SHORT,40,12,2,20.0,333.33,Afghanistan
7898,Peter Siddle,RHB,OUTSIDE_OFFSTUMP,FULL,3,12,2,1.5,25.0,Australia
974109,Mujeeb Ur Rahman,RHB,ON_THE_STUMPS,SHORT_OF_A_GOOD_LENGTH,18,12,2,9.0,150.0,Afghanistan
35565,Manoj Tiwary,RHB,OUTSIDE_OFFSTUMP,SHORT,27,12,1,27.0,225.0,India
499560,Patrick Kruger,RHB,OUTSIDE_OFFSTUMP,GOOD_LENGTH,10,12,2,5.0,83.33,South Africa
1123428,Usman Khan,RHB,OUTSIDE_OFFSTUMP,YORKER,10,12,1,10.0,83.33,Pakistan
500267,Seb Gotch,RHB,ON_THE_STUMPS,FULL,12,12,1,12.0,100.0,Australia
334394,Sam Whiteman,LHB,DOWN_LEG,GOOD_LENGTH,13,12,3,4.33,108.33,Australia
444970,Jimmy Peirson,RHB,DOWN_LEG,FULL,9,12,2,4.5,75.0,Australia
320652,Asghar Afghan,RHB,WIDE_OUTSIDE_OFFSTUMP,FULL_TOSS,18,12,1,18.0,150.0,Afghanistan
1217288,Usman Patel,RHB,OUTSIDE_OFFSTUMP,FULL,15,12,1,15.0,125.0,Kuwait
33335,Suresh Raina,LHB,WIDE_OUTSIDE_OFFSTUMP,FULL_TOSS,21,12,1,21.0,175.0,India
446499,Unmukt Chand,RHB,OUTSIDE_OFFSTUMP,SHORT_OF_A_GOOD_LENGTH,17,12,2,8.5,141.67,United States of America
321777,David Miller,LHB,DOWN_LEG,YORKER,14,12,1,14.0,116.67,South Africa
333904,Aditya Tare,RHB,OUTSIDE_OFFSTUMP,SHORT_OF_A_GOOD_LENGTH,4,12,1,4.0,33.33,India
625383,Jasprit Bumrah,RHB,ON_THE_STUMPS,GOOD_LENGTH,2,12,2,1.0,16.67,India
532856,Manan Vohra,RHB,DOWN_LEG,GOOD_LENGTH,18,12,2,9.0,150.0,India
853265,Mahipal Lomror,LHB,ON_THE_STUMPS,SHORT,16,12,2,8.0,133.33,India
314615,Jonathan Carter,LHB,OUTSIDE_OFFSTUMP,SHORT,17,12,1,17.0,141.67,West Indies
698315,Donavon Ferreira,RHB,OUTSIDE_OFFSTUMP,GOOD_LENGTH,11,12,1,11.0,91.67,South Africa
595267,Matthew Breetzke,RHB,DOWN_LEG,GOOD_LENGTH,14,12,1,14.0,116.67,South Africa
704693,Lahiru Udara,RHB,ON_THE_STUMPS,FULL,8,12,1,8.0,66.67,Sri Lanka
585083,Zeeshan Maqsood,LHB,DOWN_LEG,GOOD_LENGTH,16,12,1,16.0,133.33,Oman
707177,Josh Finnie,RHB,ON_THE_STUMPS,GOOD_LENGTH,19,12,1,19.0,158.33,New Zealand
292152,Jamie Atkinson,RHB,OUTSIDE_OFFSTUMP,FULL,6,12,1,6.0,50.0,Hong Kong
709675,James Bazley,RHB,OUTSIDE_OFFSTUMP,SHORT,28,12,1,28.0,233.33,Australia
580400,Khizar Hayat,RHB,OUTSIDE_OFFSTUMP,GOOD_LENGTH,7,12,1,7.0,58.33,Malaysia
535393,Senuran Muthusamy,LHB,ON_THE_STUMPS,FULL,5,12,1,5.0,41.67,South Africa
574178,Akila Dananjaya,LHB,ON_THE_STUMPS,FULL,13,12,1,13.0,108.33,Sri Lanka
833087,Mahedi Hasan,RHB,OUTSIDE_OFFSTUMP,FULL_TOSS,29,12,1,29.0,241.67,Bangladesh
717373,Amad Butt,RHB,ON_THE_STUMPS,FULL,32,12,2,16.0,266.67,Pakistan
232359,Colin Munro,LHB,DOWN_LEG,YORKER,9,12,1,9.0,75.0,New Zealand
719719,M Shahrukh Khan,RHB,WIDE_OUTSIDE_OFFSTUMP,FULL,22,12,1,22.0,183.33,India
720465,Virat Singh,LHB,OUTSIDE_OFFSTUMP,GOOD_LENGTH,4,12,1,4.0,33.33,India
314622,Krishmar Santokie,LHB,ON_THE_STUMPS,GOOD_LENGTH,6,12,1,6.0,50.0,West Indies
248920,Devon Thomas,RHB,WIDE_OUTSIDE_OFFSTUMP,GOOD_LENGTH,5,12,1,5.0,41.67,West Indies
669365,Phil Salt,RHB,ON_THE_STUMPS,FULL_TOSS,30,12,1,30.0,250.0,England
245490,Ahmed Raza,RHB,ON_THE_STUMPS,GOOD_LENGTH,11,12,1,11.0,91.67,United Arab Emirates
244497,Adil Rashid,RHB,OUTSIDE_OFFSTUMP,SHORT,17,12,2,8.5,141.67,England
892749,Tim David,RHB,DOWN_LEG,SHORT,29,12,1,29.0,241.67,Australia
598284,Damodaran Rohit,RHB,OUTSIDE_OFFSTUMP,GOOD_LENGTH,15,12,1,15.0,125.0,India
237696,Sheldon Jackson,RHB,OUTSIDE_OFFSTUMP,FULL,10,12,1,10.0,83.33,India
234675,Ravindra Jadeja,LHB,WIDE_OUTSIDE_OFFSTUMP,GOOD_LENGTH,13,12,1,13.0,108.33,India
288211,Umar Amin,LHB,OUTSIDE_OFFSTUMP,SHORT_OF_A_GOOD_LENGTH,8,12,1,8.0,66.67,Pakistan
877051,Tom Banton,RHB,ON_THE_STUMPS,SHORT,33,12,1,33.0,275.0,England
677081,Keemo Paul,RHB,ON_THE_STUMPS,SHORT,28,12,1,28.0,233.33,West Indies
596010,Gerald Coetzee,RHB,OUTSIDE_OFFSTUMP,SHORT_OF_A_GOOD_LENGTH,10,12,2,5.0,83.33,South Africa
679567,Ben Dwarshuis,LHB,ON_THE_STUMPS,FULL,17,12,2,8.5,141.67,Australia
530812,Akeal Hosein,LHB,ON_THE_STUMPS,FULL_TOSS,12,12,2,6.0,100.0,West Indies
314622,Krishmar Santokie,LHB,OUTSIDE_OFFSTUMP,SHORT_OF_A_GOOD_LENGTH,13,12,2,6.5,108.33,West Indies
314622,Krishmar Santokie,LHB,OUTSIDE_OFFSTUMP,GOOD_LENGTH,5,12,1,5.0,41.67,West Indies
595739,Leus du Plooy,LHB,OUTSIDE_OFFSTUMP,SHORT,19,12,1,19.0,158.33,England
571761,Daniel Hughes,LHB,DOWN_LEG,SHORT,17,12,1,17.0,141.67,Australia
56194,Tamim Iqbal,LHB,ON_THE_STUMPS,YORKER,10,12,1,10.0,83.33,Bangladesh
302845,Tony Ura,RHB,OUTSIDE_OFFSTUMP,FULL,19,12,1,19.0,158.33,Papua New Guinea
219885,Tom Cooper,RHB,ON_THE_STUMPS,FULL_TOSS,27,12,1,27.0,225.0,Netherlands
56143,Shakib Al Hasan,LHB,WIDE_OUTSIDE_OFFSTUMP,SHORT,19,12,2,9.5,158.33,Bangladesh
550235,Tom Curran,RHB,WIDE_OUTSIDE_OFFSTUMP,FULL,6,12,2,3.0,50.0,England
793463,Rashid Khan,RHB,DOWN_LEG,FULL_TOSS,26,12,1,26.0,216.67,Afghanistan
215152,Jackson Bird,RHB,ON_THE_STUMPS,FULL,13,12,1,13.0,108.33,Australia
308251,David Willey,LHB,WIDE_OUTSIDE_OFFSTUMP,FULL,20,12,2,10.0,166.67,England
794707,Dipendra Singh Airee,RHB,ON_THE_STUMPS,GOOD_LENGTH,17,12,1,17.0,141.67,Nepal
211748,Benny Howell,RHB,ON_THE_STUMPS,SHORT_OF_A_GOOD_LENGTH,11,12,2,5.5,91.67,England
307817,Adnan Idrees,RHB,OUTSIDE_OFFSTUMP,GOOD_LENGTH,1,12,3,0.33,8.33,Kuwait
542023,Lungi Ngidi,RHB,ON_THE_STUMPS,FULL,14,12,1,14.0,116.67,South Africa
208657,Pieter Seelaar,RHB,OUTSIDE_OFFSTUMP,SHORT,20,12,1,20.0,166.67,Netherlands
307756,Jatinder Singh,RHB,ON_THE_STUMPS,FULL,10,12,1,10.0,83.33,Oman
793441,Aamer Jamal,RHB,ON_THE_STUMPS,SHORT_OF_A_GOOD_LENGTH,27,12,1,27.0,225.0,Pakistan
230558,Sunil Narine,LHB,WIDE_OUTSIDE_OFFSTUMP,SHORT,22,12,2,11.0,183.33,West Indies
826915,Nathan Ellis,RHB,OUTSIDE_OFFSTUMP,SHORT,9,12,1,9.0,75.0,Australia
55894,Farhad Reza,RHB,OUTSIDE_OFFSTUMP,SHORT_OF_A_GOOD_LENGTH,7,12,2,3.5,58.33,Bangladesh
570854,Jack Wildermuth,RHB,ON_THE_STUMPS,SHORT_OF_A_GOOD_LENGTH,7,12,1,7.0,58.33,Australia
230556,Andre McCarthy,RHB,OUTSIDE_OFFSTUMP,SHORT,15,12,2,7.5,125.0,West Indies
738445,Mohammad Shahzad,RHB,ON_THE_STUMPS,GOOD_LENGTH,15,12,2,7.5,125.0,United Arab Emirates
738445,Mohammad Shahzad,RHB,OUTSIDE_OFFSTUMP,SHORT_OF_A_GOOD_LENGTH,15,12,1,15.0,125.0,United Arab Emirates
298438,Jason Roy,RHB,OUTSIDE_OFFSTUMP,YORKER,10,12,2,5.0,83.33,England
826679,Sam Heazlett,LHB,OUTSIDE_OFFSTUMP,SHORT,24,12,2,12.0,200.0,Australia
221140,David Wiese,RHB,OUTSIDE_OFFSTUMP,YORKER,7,12,1,7.0,58.33,Namibia
300617,Rony Talukdar,RHB,DOWN_LEG,SHORT_OF_A_GOOD_LENGTH,15,12,1,15.0,125.0,Bangladesh
781297,James Seymour,LHB,OUTSIDE_OFFSTUMP,FULL,23,12,1,23.0,191.67,Australia
559062,Nick Kelly,LHB,DOWN_LEG,SHORT,10,12,1,10.0,83.33,New Zealand
227762,Sharjeel Khan,LHB,OUTSIDE_OFFSTUMP,FULL_TOSS,14,12,2,7.0,116.67,Pakistan
300628,Dinesh Chandimal,RHB,ON_THE_STUMPS,SHORT,30,12,1,30.0,250.0,Sri Lanka
56054,Naeem Islam,RHB,OUTSIDE_OFFSTUMP,SHORT_OF_A_GOOD_LENGTH,10,12,1,10.0,83.33,Bangladesh
787987,Marnus Labuschagne,RHB,WIDE_OUTSIDE_OFFSTUMP,GOOD_LENGTH,8,12,1,8.0,66.67,Australia
820685,Nicholas Kirton,LHB,OUTSIDE_OFFSTUMP,GOOD_LENGTH,17,12,1,17.0,141.67,Canada
269237,Mohammad Mithun,RHB,WIDE_OUTSIDE_OFFSTUMP,SHORT,41,12,1,41.0,341.67,Bangladesh
647785,Sahibzada Farhan,RHB,OUTSIDE_OFFSTUMP,SHORT,27,12,1,27.0,225.0,Pakistan
605681,Evan Jones,RHB,OUTSIDE_OFFSTUMP,SHORT_OF_A_GOOD_LENGTH,7,12,1,7.0,58.33,South Africa
623977,Agha Salman,RHB,OUTSIDE_OFFSTUMP,SHORT,14,12,1,14.0,116.67,Pakistan
633638,Sharvin Muniandy,RHB,OUTSIDE_OFFSTUMP,SHORT_OF_A_GOOD_LENGTH,22,12,1,22.0,183.33,Malaysia
530011,Travis Head,LHB,ON_THE_STUMPS,FULL_TOSS,23,12,1,23.0,191.67,Australia
604527,Nitish Rana,LHB,WIDE_OUTSIDE_OFFSTUMP,SHORT_OF_A_GOOD_LENGTH,3,12,2,1.5,25.0,India
643433,George Garton,LHB,ON_THE_STUMPS,GOOD_LENGTH,10,12,1,10.0,83.33,England
633660,Virandeep Singh,RHB,OUTSIDE_OFFSTUMP,SHORT_OF_A_GOOD_LENGTH,27,12,1,27.0,225.0,Malaysia
643197,Max O'Dowd,RHB,WIDE_OUTSIDE_OFFSTUMP,FULL,13,12,1,13.0,108.33,Netherlands
623695,Chamika Karunaratne,RHB,OUTSIDE_OFFSTUMP,SHORT,15,12,2,7.5,125.0,Sri Lanka
605683,Migael Pretorius,RHB,OUTSIDE_OFFSTUMP,SHORT_OF_A_GOOD_LENGTH,7,12,3,2.33,58.33,South Africa
629059,Yasir Ali,RHB,WIDE_OUTSIDE_OFFSTUMP,FULL,14,12,2,7.0,116.67,Bangladesh
277662,Corey Anderson,LHB,OUTSIDE_OFFSTUMP,SHORT,15,12,1,15.0,125.0,United States of America
629063,Mehidy Hasan Miraz,RHB,DOWN_LEG,GOOD_LENGTH,5,12,3,1.67,41.67,Bangladesh
270484,James Faulkner,RHB,WIDE_OUTSIDE_OFFSTUMP,SHORT_OF_A_GOOD_LENGTH,17,12,1,17.0,141.67,Australia
265564,Wayne Parnell,LHB,DOWN_LEG,SHORT,19,12,1,19.0,158.33,South Africa
530011,Travis Head,LHB,ON_THE_STUMPS,YORKER,7,12,1,7.0,58.33,Australia
633366,Shahidullah,LHB,OUTSIDE_OFFSTUMP,FULL,23,12,1,23.0,191.67,Afghanistan
631668,Stephen Eskinazi,RHB,DOWN_LEG,GOOD_LENGTH,23,12,1,23.0,191.67,England
625960,Kyle Jamieson,RHB,ON_THE_STUMPS,FULL,12,12,1,12.0,100.0,New Zealand
272477,Jason Behrendorff,RHB,OUTSIDE_OFFSTUMP,GOOD_LENGTH,8,12,2,4.0,66.67,Australia
633561,Mirza Mohammed Baig,LHB,OUTSIDE_OFFSTUMP,GOOD_LENGTH,10,12,1,10.0,83.33,Qatar
276843,Aubrey Swanepoel,RHB,OUTSIDE_OFFSTUMP,GOOD_LENGTH,8,12,1,8.0,66.67,South Africa
53276,Tonito Willett,RHB,OUTSIDE_OFFSTUMP,GOOD_LENGTH,10,12,1,10.0,83.33,West Indies
625960,Kyle Jamieson,RHB,ON_THE_STUMPS,GOOD_LENGTH,11,12,1,11.0,91.67,New Zealand
1126059,Omair Yousuf,RHB,OUTSIDE_OFFSTUMP,SHORT_OF_A_GOOD_LENGTH,6,11,1,6.0,54.55,Pakistan
557298,Daniel Worrall,RHB,ON_THE_STUMPS,FULL,8,11,1,8.0,72.73,Australia
722303,Matt Renshaw,LHB,ON_THE_STUMPS,YORKER,1,11,5,0.2,9.09,Australia
277662,Corey Anderson,LHB,ON_THE_STUMPS,YORKER,4,11,2,2.0,36.36,United States of America
36581,Neil Broom,RHB,ON_THE_STUMPS,SHORT_OF_A_GOOD_LENGTH,6,11,1,6.0,54.55,New Zealand
1108830,Nyeem Young,RHB,OUTSIDE_OFFSTUMP,FULL,19,11,1,19.0,172.73,West Indies
227762,Sharjeel Khan,LHB,WIDE_OUTSIDE_OFFSTUMP,FULL,29,11,1,29.0,263.64,Pakistan
784373,Kamindu Mendis,LHB,DOWN_LEG,SHORT_OF_A_GOOD_LENGTH,12,11,2,6.0,109.09,Sri Lanka
1099379,Gareth Delany,RHB,ON_THE_STUMPS,YORKER,5,11,2,2.5,45.45,Ireland
1278263,Jack Jarvis,RHB,ON_THE_STUMPS,GOOD_LENGTH,3,11,1,3.0,27.27,
1125960,Tanush Kotian,RHB,ON_THE_STUMPS,FULL,13,11,1,13.0,118.18,India
1093638,Imran Ali,LHB,ON_THE_STUMPS,SHORT_OF_A_GOOD_LENGTH,7,11,1,7.0,63.64,Bahrain
784379,Wanindu Hasaranga de Silva,RHB,OUTSIDE_OFFSTUMP,FULL_TOSS,8,11,2,4.0,72.73,Sri Lanka
784379,Wanindu Hasaranga de Silva,RHB,ON_THE_STUMPS,YORKER,13,11,2,6.5,118.18,Sri Lanka
784379,Wanindu Hasaranga de Silva,RHB,ON_THE_STUMPS,FULL_TOSS,24,11,2,12.0,218.18,Sri Lanka
1093091,Michael Jones,RHB,OUTSIDE_OFFSTUMP,FULL,18,11,1,18.0,163.64,Scotland
450101,Raymon Reifer,LHB,WIDE_OUTSIDE_OFFSTUMP,FULL,22,11,2,11.0,200.0,West Indies
1099224,Will Smeed,RHB,OUTSIDE_OFFSTUMP,SHORT,36,11,1,36.0,327.27,England
32966,Piyush Chawla,LHB,ON_THE_STUMPS,FULL,13,11,1,13.0,118.18,India
268740,Seekkuge Prasanna,RHB,ON_THE_STUMPS,FULL,7,11,2,3.5,63.64,Sri Lanka
36948,Anton Devcich,LHB,DOWN_LEG,SHORT,22,11,1,22.0,200.0,New Zealand
784373,Kamindu Mendis,LHB,ON_THE_STUMPS,SHORT,6,11,1,6.0,54.55,Sri Lanka
36948,Anton Devcich,LHB,DOWN_LEG,FULL,14,11,1,14.0,127.27,New Zealand
36592,Peter Borren,RHB,WIDE_OUTSIDE_OFFSTUMP,GOOD_LENGTH,26,11,1,26.0,236.36,Netherlands
446808,Pradeep Airee,RHB,OUTSIDE_OFFSTUMP,GOOD_LENGTH,4,11,1,4.0,36.36,Nepal
36084,Yuvraj Singh,LHB,WIDE_OUTSIDE_OFFSTUMP,SHORT,5,11,2,2.5,45.45,India
230555,Shamarh Brooks,RHB,ON_THE_STUMPS,SHORT,16,11,1,16.0,145.45,West Indies
386302,Zeeshan Ali,RHB,ON_THE_STUMPS,FULL,18,11,1,18.0,163.64,Hong Kong
334337,Peter Handscomb,RHB,ON_THE_STUMPS,SHORT,21,11,2,10.5,190.91,Australia
755459,Ben Green,RHB,OUTSIDE_OFFSTUMP,GOOD_LENGTH,15,11,3,5.0,136.36,England
334337,Peter Handscomb,RHB,WIDE_OUTSIDE_OFFSTUMP,SHORT_OF_A_GOOD_LENGTH,14,11,1,14.0,127.27,Australia
1284534,Muhammad Murad,LHB,OUTSIDE_OFFSTUMP,GOOD_LENGTH,8,11,1,8.0,72.73,Qatar
333624,Alex Ross,RHB,WIDE_OUTSIDE_OFFSTUMP,SHORT,17,11,2,8.5,154.55,Australia
559062,Nick Kelly,LHB,WIDE_OUTSIDE_OFFSTUMP,GOOD_LENGTH,18,11,1,18.0,163.64,New Zealand
779929,Nick Hobson,LHB,ON_THE_STUMPS,SHORT,19,11,1,19.0,172.73,Australia
1120613,Johnathan Campbell,LHB,OUTSIDE_OFFSTUMP,GOOD_LENGTH,13,11,2,6.5,118.18,Zimbabwe
777743,Abhishek Reddy,RHB,OUTSIDE_OFFSTUMP,GOOD_LENGTH,4,11,1,4.0,36.36,India
35582,Robin Uthappa,RHB,ON_THE_STUMPS,YORKER,8,11,1,8.0,72.73,India
375126,Hardus Viljoen,RHB,OUTSIDE_OFFSTUMP,FULL,17,11,1,17.0,154.55,South Africa
1081730,Matthew Gilkes,LHB,WIDE_OUTSIDE_OFFSTUMP,FULL,13,11,1,13.0,118.18,Australia
1090866,Vijay Unni,RHB,OUTSIDE_OFFSTUMP,FULL,8,11,1,8.0,72.73,Malaysia
1089962,Patrick Dooley,LHB,ON_THE_STUMPS,GOOD_LENGTH,5,11,1,5.0,45.45,Australia
4527,Ryan Campbell,RHB,OUTSIDE_OFFSTUMP,GOOD_LENGTH,8,11,2,4.0,72.73,Hong Kong
211748,Benny Howell,RHB,OUTSIDE_OFFSTUMP,FULL_TOSS,21,11,2,10.5,190.91,England
42639,Shahid Afridi,RHB,ON_THE_STUMPS,FULL_TOSS,19,11,2,9.5,172.73,Pakistan
1369680,Clinto Anto,RHB,ON_THE_STUMPS,GOOD_LENGTH,28,11,2,14.0,254.55,Kuwait
550209,Wesley Marshall,RHB,ON_THE_STUMPS,FULL,11,11,1,11.0,100.0,South Africa
4864,Dan Christian,RHB,DOWN_LEG,FULL_TOSS,9,11,1,9.0,81.82,Australia
1071473,Jan Nicol Loftie-Eaton,LHB,OUTSIDE_OFFSTUMP,GOOD_LENGTH,8,11,2,4.0,72.73,Namibia
211748,Benny Howell,RHB,WIDE_OUTSIDE_OFFSTUMP,GOOD_LENGTH,9,11,1,9.0,81.82,England
800675,Karan KC,RHB,OUTSIDE_OFFSTUMP,GOOD_LENGTH,4,11,2,2.0,36.36,Nepal
42439,Rafatullah Mohmand,RHB,ON_THE_STUMPS,GOOD_LENGTH,9,11,1,9.0,81.82,Pakistan
1072470,Shaheen Shah Afridi,LHB,WIDE_OUTSIDE_OFFSTUMP,FULL,33,11,1,33.0,300.0,Pakistan
1072488,Rohit Paudel,RHB,ON_THE_STUMPS,FULL,17,11,1,17.0,154.55,Nepal
794713,Kushal Bhurtel,RHB,OUTSIDE_OFFSTUMP,SHORT_OF_A_GOOD_LENGTH,12,11,1,12.0,109.09,Nepal
550235,Tom Curran,RHB,ON_THE_STUMPS,SHORT,18,11,1,18.0,163.64,England
379145,Tabraiz Shamsi,RHB,OUTSIDE_OFFSTUMP,SHORT_OF_A_GOOD_LENGTH,9,11,3,3.0,81.82,South Africa
1369833,Amir Farooq,RHB,OUTSIDE_OFFSTUMP,GOOD_LENGTH,8,11,1,8.0,72.73,
303870,Edward Farley,RHB,OUTSIDE_OFFSTUMP,GOOD_LENGTH,6,11,1,6.0,54.55,Jersey
547756,Brett Hampton,RHB,OUTSIDE_OFFSTUMP,SHORT,10,11,2,5.0,90.91,New Zealand
1065662,Roshon Primus,RHB,ON_THE_STUMPS,YORKER,10,11,1,10.0,90.91,West Indies
485379,Andries Gous,RHB,ON_THE_STUMPS,SHORT_OF_A_GOOD_LENGTH,19,11,1,19.0,172.73,United States of America
819429,Azmatullah Omarzai,RHB,WIDE_OUTSIDE_OFFSTUMP,FULL,12,11,3,4.0,109.09,Afghanistan
814241,Deepraj Gaonkar,RHB,OUTSIDE_OFFSTUMP,GOOD_LENGTH,7,11,1,7.0,63.64,India
43265,Sohail Tanvir,LHB,OUTSIDE_OFFSTUMP,YORKER,8,11,1,8.0,72.73,Pakistan
625371,Hardik Pandya,RHB,DOWN_LEG,FULL_TOSS,20,11,1,20.0,181.82,India
327832,Mangaliso Mosehle,RHB,OUTSIDE_OFFSTUMP,GOOD_LENGTH,16,11,1,16.0,145.45,South Africa
629058,Najmul Hossain Shanto,LHB,OUTSIDE_OFFSTUMP,YORKER,6,11,1,6.0,54.55,Bangladesh
300631,Kusal Perera,LHB,WIDE_OUTSIDE_OFFSTUMP,SHORT_OF_A_GOOD_LENGTH,20,11,1,20.0,181.82,Sri Lanka
1080812,Danru Ferns,RHB,OUTSIDE_OFFSTUMP,GOOD_LENGTH,18,11,1,18.0,163.64,New Zealand
793411,Danish Aziz,LHB,ON_THE_STUMPS,GOOD_LENGTH,12,11,1,12.0,109.09,Pakistan
331375,Hamish Rutherford,LHB,DOWN_LEG,GOOD_LENGTH,21,11,1,21.0,190.91,New Zealand
38699,Ross Taylor,RHB,WIDE_OUTSIDE_OFFSTUMP,SHORT_OF_A_GOOD_LENGTH,16,11,1,16.0,145.45,New Zealand
331375,Hamish Rutherford,LHB,OUTSIDE_OFFSTUMP,SHORT,26,11,2,13.0,236.36,New Zealand
554691,Axar Patel,LHB,WIDE_OUTSIDE_OFFSTUMP,SHORT_OF_A_GOOD_LENGTH,26,11,1,26.0,236.36,India
462727,Tom Abell,RHB,OUTSIDE_OFFSTUMP,SHORT,18,11,1,18.0,163.64,England
457280,Adam Rossington,RHB,OUTSIDE_OFFSTUMP,SHORT,13,11,1,13.0,118.18,England
300631,Kusal Perera,LHB,ON_THE_STUMPS,YORKER,4,11,3,1.33,36.36,Sri Lanka
787073,Chris Green,RHB,ON_THE_STUMPS,FULL_TOSS,11,11,2,5.5,100.0,Australia
555853,Mark Steketee,RHB,ON_THE_STUMPS,SHORT_OF_A_GOOD_LENGTH,7,11,2,3.5,63.64,Australia
1088610,Jack Edwards,RHB,OUTSIDE_OFFSTUMP,SHORT,24,11,1,24.0,218.18,Australia
332980,Charles Amini,LHB,ON_THE_STUMPS,FULL,9,11,2,4.5,81.82,Papua New Guinea
457249,Carlos Brathwaite,RHB,DOWN_LEG,SHORT_OF_A_GOOD_LENGTH,10,11,1,10.0,90.91,West Indies
1079848,Shivam Mavi,RHB,OUTSIDE_OFFSTUMP,GOOD_LENGTH,11,11,1,11.0,100.0,India
379504,Adam Zampa,RHB,WIDE_OUTSIDE_OFFSTUMP,FULL,9,11,1,9.0,81.82,Australia
5236,Callum Ferguson,RHB,ON_THE_STUMPS,SHORT,21,11,1,21.0,190.91,Australia
550235,Tom Curran,RHB,OUTSIDE_OFFSTUMP,FULL_TOSS,26,11,1,26.0,236.36,England
793463,Rashid Khan,RHB,DOWN_LEG,SHORT,11,11,3,3.67,100.0,Afghanistan
1076722,Will Sutherland,RHB,ON_THE_STUMPS,SHORT_OF_A_GOOD_LENGTH,24,11,1,24.0,218.18,Australia
41028,Kamran Akmal,RHB,OUTSIDE_OFFSTUMP,FULL_TOSS,12,11,1,12.0,109.09,Pakistan
550235,Tom Curran,RHB,OUTSIDE_OFFSTUMP,YORKER,9,11,1,9.0,81.82,England
629065,Nihaduzzaman,RHB,ON_THE_STUMPS,FULL,5,11,1,5.0,45.45,Bangladesh
467350,Jonathan Foo,RHB,ON_THE_STUMPS,GOOD_LENGTH,9,11,1,9.0,81.82,West Indies
380354,Anamul Haque,RHB,ON_THE_STUMPS,FULL_TOSS,12,11,1,12.0,109.09,Bangladesh
629063,Mehidy Hasan Miraz,RHB,ON_THE_STUMPS,FULL_TOSS,19,11,1,19.0,172.73,Bangladesh
571703,Wellington Masakadza,LHB,ON_THE_STUMPS,FULL,11,11,1,11.0,100.0,Zimbabwe
297433,Jonny Bairstow,RHB,WIDE_OUTSIDE_OFFSTUMP,SHORT,26,11,1,26.0,236.36,England
1173272,Bayley Wiggins,RHB,OUTSIDE_OFFSTUMP,GOOD_LENGTH,5,11,1,5.0,45.45,New Zealand
1175423,Hrithik Shokeen,RHB,OUTSIDE_OFFSTUMP,SHORT_OF_A_GOOD_LENGTH,8,11,1,8.0,72.73,India
425639,Tendai Chatara,RHB,OUTSIDE_OFFSTUMP,SHORT_OF_A_GOOD_LENGTH,6,11,1,6.0,54.55,Zimbabwe
1244751,Arshad Khan,LHB,OUTSIDE_OFFSTUMP,GOOD_LENGTH,10,11,1,10.0,90.91,India
679567,Ben Dwarshuis,LHB,WIDE_OUTSIDE_OFFSTUMP,FULL,18,11,1,18.0,163.64,Australia
1178586,Vriitya Aravind,RHB,WIDE_OUTSIDE_OFFSTUMP,GOOD_LENGTH,9,11,1,9.0,81.82,United Arab Emirates
424176,Rongsen Jonathan,RHB,OUTSIDE_OFFSTUMP,SHORT_OF_A_GOOD_LENGTH,7,11,2,3.5,63.64,India
398506,Mandeep Singh,RHB,DOWN_LEG,GOOD_LENGTH,15,11,1,15.0,136.36,India
398506,Mandeep Singh,RHB,ON_THE_STUMPS,FULL_TOSS,17,11,1,17.0,154.55,India
1185538,Mohammad Wasim,RHB,ON_THE_STUMPS,SHORT_OF_A_GOOD_LENGTH,12,11,1,12.0,109.09,Pakistan
1243738,Mitchell Hay,RHB,ON_THE_STUMPS,GOOD_LENGTH,6,11,2,3.0,54.55,New Zealand
1172968,Dan Mousley,LHB,OUTSIDE_OFFSTUMP,GOOD_LENGTH,4,11,3,1.33,36.36,England
348091,Kavem Hodge,RHB,OUTSIDE_OFFSTUMP,SHORT_OF_A_GOOD_LENGTH,3,11,4,0.75,27.27,West Indies
1168049,Jake Fraser-McGurk,RHB,WIDE_OUTSIDE_OFFSTUMP,FULL,13,11,1,13.0,118.18,Australia
7502,Luke Ronchi,RHB,WIDE_OUTSIDE_OFFSTUMP,FULL,23,11,1,23.0,209.09,New Zealand
1168651,Haider Ali,RHB,WIDE_OUTSIDE_OFFSTUMP,FULL,10,11,1,10.0,90.91,Pakistan
429122,Umaid Asif,RHB,OUTSIDE_OFFSTUMP,FULL,30,11,1,30.0,272.73,Pakistan
642525,Sarfaraz Khan,RHB,OUTSIDE_OFFSTUMP,FULL_TOSS,16,11,1,16.0,145.45,India
398438,Mayank Agarwal,RHB,WIDE_OUTSIDE_OFFSTUMP,SHORT,30,11,1,30.0,272.73,India
398439,Karun Nair,RHB,ON_THE_STUMPS,FULL_TOSS,12,11,3,4.0,109.09,India
288992,Chris Jordan,RHB,ON_THE_STUMPS,YORKER,11,11,4,2.75,100.0,England
364343,Craig Young,RHB,ON_THE_STUMPS,GOOD_LENGTH,9,11,2,4.5,81.82,Ireland
350126,Luke Wells,LHB,OUTSIDE_OFFSTUMP,SHORT_OF_A_GOOD_LENGTH,21,11,1,21.0,190.91,England
233901,Shan Masood,LHB,DOWN_LEG,SHORT,14,11,1,14.0,127.27,Pakistan
600498,Aiden Markram,RHB,OUTSIDE_OFFSTUMP,YORKER,7,11,1,7.0,63.64,South Africa
18632,Samit Patel,RHB,ON_THE_STUMPS,FULL_TOSS,12,11,1,12.0,109.09,England
1217359,Sayed Monib,RHB,OUTSIDE_OFFSTUMP,GOOD_LENGTH,11,11,1,11.0,100.0,Kuwait
1209110,Basil Hameed,RHB,ON_THE_STUMPS,SHORT_OF_A_GOOD_LENGTH,12,11,2,6.0,109.09,United Arab Emirates
670013,Fabian Allen,RHB,ON_THE_STUMPS,YORKER,8,11,4,2.0,72.73,West Indies
414966,Michael Leask,RHB,OUTSIDE_OFFSTUMP,SHORT,10,11,1,10.0,90.91,Scotland
259410,Ahmed Shehzad,RHB,DOWN_LEG,SHORT_OF_A_GOOD_LENGTH,10,11,1,10.0,90.91,Pakistan
12454,Joe Denly,RHB,ON_THE_STUMPS,FULL_TOSS,13,11,2,6.5,118.18,England
410768,Alauddin Babu,RHB,ON_THE_STUMPS,GOOD_LENGTH,14,11,1,14.0,127.27,Bangladesh
1213979,Mitchell Owen,RHB,OUTSIDE_OFFSTUMP,FULL,18,11,2,9.0,163.64,Australia
10582,Ravi Bopara,RHB,ON_THE_STUMPS,YORKER,5,11,2,2.5,45.45,England
663613,Saif Zaib,LHB,OUTSIDE_OFFSTUMP,GOOD_LENGTH,13,11,2,6.5,118.18,England
253802,Virat Kohli,RHB,WIDE_OUTSIDE_OFFSTUMP,YORKER,3,11,1,3.0,27.27,India
1210488,Cooper Connolly,LHB,OUTSIDE_OFFSTUMP,SHORT_OF_A_GOOD_LENGTH,7,11,1,7.0,63.64,Australia
1217487,Mubasir Khan,RHB,OUTSIDE_OFFSTUMP,SHORT_OF_A_GOOD_LENGTH,6,11,2,3.0,54.55,Pakistan
244497,Adil Rashid,RHB,ON_THE_STUMPS,SHORT_OF_A_GOOD_LENGTH,6,11,2,3.0,54.55,England
362201,Lewis Gregory,RHB,WIDE_OUTSIDE_OFFSTUMP,GOOD_LENGTH,16,11,1,16.0,145.45,England
398666,Sean Abbott,RHB,OUTSIDE_OFFSTUMP,SHORT,14,11,2,7.0,127.27,Australia
596442,Delano Potgieter,LHB,ON_THE_STUMPS,SHORT_OF_A_GOOD_LENGTH,7,11,1,7.0,63.64,South Africa
422342,Siddhesh Lad,RHB,OUTSIDE_OFFSTUMP,FULL,5,11,1,5.0,45.45,India
1196500,Zawar Farid,RHB,ON_THE_STUMPS,GOOD_LENGTH,6,11,2,3.0,54.55,United Arab Emirates
604527,Nitish Rana,LHB,WIDE_OUTSIDE_OFFSTUMP,FULL_TOSS,33,11,1,33.0,300.0,India
596442,Delano Potgieter,LHB,OUTSIDE_OFFSTUMP,SHORT_OF_A_GOOD_LENGTH,7,11,1,7.0,63.64,South Africa
596664,Zane Green,LHB,ON_THE_STUMPS,FULL,8,11,1,8.0,72.73,Namibia
647667,Usama Mir,RHB,ON_THE_STUMPS,GOOD_LENGTH,15,11,2,7.5,136.36,Pakistan
670037,Ramaal Lewis,RHB,OUTSIDE_OFFSTUMP,SHORT_OF_A_GOOD_LENGTH,8,11,1,8.0,72.73,West Indies
240609,Fawad Ahmed,RHB,OUTSIDE_OFFSTUMP,FULL,10,11,2,5.0,90.91,Australia
352216,Peter Gough,LHB,ON_THE_STUMPS,GOOD_LENGTH,6,11,1,6.0,54.55,Jersey
233901,Shan Masood,LHB,ON_THE_STUMPS,FULL_TOSS,21,11,2,10.5,190.91,Pakistan
430246,Yuzvendra Chahal,RHB,ON_THE_STUMPS,SHORT_OF_A_GOOD_LENGTH,4,11,2,2.0,36.36,India
713811,Tinashe Kamunhukamwe,RHB,ON_THE_STUMPS,FULL,17,11,3,5.67,154.55,Zimbabwe
232489,Rameez Raja,RHB,OUTSIDE_OFFSTUMP,GOOD_LENGTH,10,11,1,10.0,90.91,Pakistan
391485,Jason Holder,RHB,DOWN_LEG,FULL_TOSS,12,11,1,12.0,109.09,West Indies
574178,Akila Dananjaya,LHB,OUTSIDE_OFFSTUMP,SHORT_OF_A_GOOD_LENGTH,9,11,1,9.0,81.82,Sri Lanka
232491,Anwar Ali,RHB,ON_THE_STUMPS,SHORT_OF_A_GOOD_LENGTH,16,11,1,16.0,145.45,Pakistan
711559,Usman Ghani,RHB,WIDE_OUTSIDE_OFFSTUMP,FULL,12,11,2,6.0,109.09,Afghanistan
345821,Danushka Gunathilaka,LHB,ON_THE_STUMPS,YORKER,9,11,1,9.0,81.82,Sri Lanka
391832,Roston Chase,RHB,DOWN_LEG,FULL,13,11,1,13.0,118.18,West Indies
1152716,Javelle Glen,LHB,OUTSIDE_OFFSTUMP,FULL,30,11,1,30.0,272.73,West Indies
1152716,Javelle Glen,LHB,OUTSIDE_OFFSTUMP,SHORT_OF_A_GOOD_LENGTH,3,11,2,1.5,27.27,West Indies
707113,Tom Bruce,RHB,DOWN_LEG,GOOD_LENGTH,13,11,1,13.0,118.18,New Zealand
277912,Trent Boult,RHB,ON_THE_STUMPS,SHORT_OF_A_GOOD_LENGTH,14,11,2,7.0,127.27,New Zealand
721867,Jitesh Sharma,RHB,ON_THE_STUMPS,SHORT,11,11,2,5.5,100.0,India
279810,Wriddhiman Saha,RHB,DOWN_LEG,SHORT,25,11,3,8.33,227.27,India
32242,Parthiv Patel,LHB,WIDE_OUTSIDE_OFFSTUMP,SHORT_OF_A_GOOD_LENGTH,10,11,1,10.0,90.91,India
277912,Trent Boult,RHB,ON_THE_STUMPS,FULL,6,11,2,3.0,54.55,New Zealand
1275938,Rivaldo Clarke,RHB,OUTSIDE_OFFSTUMP,GOOD_LENGTH,2,11,1,2.0,18.18,West Indies
390484,Jaydev Unadkat,RHB,OUTSIDE_OFFSTUMP,SHORT,11,11,2,5.5,100.0,India
716733,Khushdil Shah,LHB,ON_THE_STUMPS,SHORT,18,11,2,9.0,163.64,Pakistan
716733,Khushdil Shah,LHB,DOWN_LEG,SHORT,28,11,1,28.0,254.55,Pakistan
341593,Devendra Bishoo,LHB,ON_THE_STUMPS,SHORT_OF_A_GOOD_LENGTH,8,11,1,8.0,72.73,West Indies
573170,Luke Wood,LHB,ON_THE_STUMPS,FULL,23,11,1,23.0,209.09,England
7252,Tim Paine,RHB,ON_THE_STUMPS,FULL,12,11,1,12.0,109.09,Australia
1153767,Vikramjit Singh,LHB,ON_THE_STUMPS,SHORT_OF_A_GOOD_LENGTH,17,11,1,17.0,154.55,Netherlands
25613,Amjad Javed,RHB,OUTSIDE_OFFSTUMP,GOOD_LENGTH,6,11,1,6.0,54.55,United Arab Emirates
265564,Wayne Parnell,LHB,WIDE_OUTSIDE_OFFSTUMP,GOOD_LENGTH,9,11,2,4.5,81.82,South Africa
1161043,Mohammed Faraazuddin,RHB,OUTSIDE_OFFSTUMP,GOOD_LENGTH,8,11,2,4.0,72.73,United Arab Emirates
266268,Pite van Biljon,RHB,ON_THE_STUMPS,FULL,14,11,2,7.0,127.27,South Africa
1161044,Shamim Hossain,LHB,WIDE_OUTSIDE_OFFSTUMP,FULL,18,11,1,18.0,163.64,Bangladesh
1161044,Shamim Hossain,LHB,WIDE_OUTSIDE_OFFSTUMP,SHORT_OF_A_GOOD_LENGTH,11,11,1,11.0,100.0,Bangladesh
431901,Evin Lewis,LHB,WIDE_OUTSIDE_OFFSTUMP,SHORT,40,11,1,40.0,363.64,West Indies
641387,Max Holden,LHB,ON_THE_STUMPS,FULL,11,11,2,5.5,100.0,England
1161606,Haris Rauf,RHB,ON_THE_STUMPS,FULL,23,11,1,23.0,209.09,Pakistan
265564,Wayne Parnell,LHB,WIDE_OUTSIDE_OFFSTUMP,FULL,15,11,1,15.0,136.36,South Africa
233713,Neil Wagner,LHB,ON_THE_STUMPS,GOOD_LENGTH,7,11,1,7.0,63.64,New Zealand
25913,Mohammad Nabi,RHB,WIDE_OUTSIDE_OFFSTUMP,YORKER,13,11,1,13.0,118.18,Afghanistan
26421,Ravichandran Ashwin,RHB,WIDE_OUTSIDE_OFFSTUMP,GOOD_LENGTH,13,11,1,13.0,118.18,India
434429,Aamer Yamin,RHB,ON_THE_STUMPS,GOOD_LENGTH,10,11,3,3.33,90.91,Pakistan
707111,Henry Cooper,RHB,ON_THE_STUMPS,GOOD_LENGTH,7,11,1,7.0,63.64,New Zealand
233482,Tim Ludeman,RHB,OUTSIDE_OFFSTUMP,SHORT_OF_A_GOOD_LENGTH,12,11,1,12.0,109.09,Australia
290948,Mohammad Amir,LHB,ON_THE_STUMPS,SHORT_OF_A_GOOD_LENGTH,8,11,2,4.0,72.73,Pakistan
233514,Thisara Perera,LHB,WIDE_OUTSIDE_OFFSTUMP,GOOD_LENGTH,14,11,3,4.67,127.27,Sri Lanka
1064812,Rahul Chahar,RHB,ON_THE_STUMPS,SHORT_OF_A_GOOD_LENGTH,16,11,1,16.0,145.45,India
348034,George Dockrell,RHB,ON_THE_STUMPS,YORKER,6,11,4,1.5,54.55,Ireland
699723,Grant Roelofsen,RHB,OUTSIDE_OFFSTUMP,SHORT,24,11,1,24.0,218.18,South Africa
233648,Alex Doolan,RHB,ON_THE_STUMPS,FULL,17,11,1,17.0,154.55,Australia
701227,Ainool Hafizs,RHB,OUTSIDE_OFFSTUMP,GOOD_LENGTH,12,11,1,12.0,109.09,Malaysia
494581,Rahkeem Cornwall,RHB,DOWN_LEG,GOOD_LENGTH,5,11,1,5.0,45.45,West Indies
308408,Josh Cobb,RHB,OUTSIDE_OFFSTUMP,GOOD_LENGTH,9,11,2,4.5,81.82,England
530812,Akeal Hosein,LHB,ON_THE_STUMPS,SHORT,11,11,1,11.0,100.0,West Indies
926629,Hasan Mahmud,RHB,OUTSIDE_OFFSTUMP,GOOD_LENGTH,6,11,1,6.0,54.55,Bangladesh
1050545,Xavier Bartlett,RHB,OUTSIDE_OFFSTUMP,GOOD_LENGTH,10,11,2,5.0,90.91,Australia
56007,Mashrafe Mortaza,RHB,WIDE_OUTSIDE_OFFSTUMP,FULL,24,11,1,24.0,218.18,Bangladesh
55893,Fazle Mahmud,LHB,OUTSIDE_OFFSTUMP,SHORT_OF_A_GOOD_LENGTH,9,11,1,9.0,81.82,Bangladesh
995037,Mahidul Islam Ankon,RHB,OUTSIDE_OFFSTUMP,SHORT,26,11,2,13.0,236.36,Bangladesh
853265,Mahipal Lomror,LHB,ON_THE_STUMPS,FULL_TOSS,14,11,1,14.0,127.27,India
55395,Colin de Grandhomme,RHB,DOWN_LEG,GOOD_LENGTH,7,11,2,3.5,63.64,New Zealand
932569,Imranuzzaman,RHB,OUTSIDE_OFFSTUMP,GOOD_LENGTH,0,11,2,0.0,0.0,Bangladesh
977451,Jack Prestwidge,RHB,ON_THE_STUMPS,SHORT_OF_A_GOOD_LENGTH,15,11,1,15.0,136.36,Australia
317252,Sohail Khan,RHB,ON_THE_STUMPS,FULL,6,11,4,1.5,54.55,Pakistan
311158,Ben Stokes,LHB,ON_THE_STUMPS,SHORT,32,11,1,32.0,290.91,England
311158,Ben Stokes,LHB,DOWN_LEG,FULL_TOSS,16,11,1,16.0,145.45,England
527663,Jagadeesha Suchith,LHB,ON_THE_STUMPS,GOOD_LENGTH,6,11,2,3.0,54.55,India
990147,Akbar Ali,RHB,OUTSIDE_OFFSTUMP,FULL,23,11,1,23.0,209.09,Bangladesh
494581,Rahkeem Cornwall,RHB,ON_THE_STUMPS,FULL_TOSS,23,11,1,23.0,209.09,West Indies
308251,David Willey,LHB,ON_THE_STUMPS,SHORT,19,11,3,6.33,172.73,England
499594,Kasun Rajitha,RHB,ON_THE_STUMPS,GOOD_LENGTH,1,11,1,1.0,9.09,Sri Lanka
946367,Michael Copeland,RHB,ON_THE_STUMPS,GOOD_LENGTH,17,11,1,17.0,154.55,South Africa
47711,Morne van Wyk,RHB,WIDE_OUTSIDE_OFFSTUMP,SHORT_OF_A_GOOD_LENGTH,15,11,1,15.0,136.36,South Africa
53115,Daren Sammy,RHB,DOWN_LEG,SHORT,11,11,3,3.67,100.0,West Indies
499560,Patrick Kruger,RHB,OUTSIDE_OFFSTUMP,SHORT_OF_A_GOOD_LENGTH,15,11,1,15.0,136.36,South Africa
524094,Rajesh Pulami,RHB,OUTSIDE_OFFSTUMP,GOOD_LENGTH,2,11,1,2.0,18.18,Nepal
55944,Jahurul Islam,RHB,ON_THE_STUMPS,SHORT_OF_A_GOOD_LENGTH,13,11,1,13.0,118.18,Bangladesh
52917,Denesh Ramdin,RHB,ON_THE_STUMPS,FULL_TOSS,23,11,1,23.0,209.09,West Indies
530811,Chandrapaul Hemraj,LHB,DOWN_LEG,SHORT,22,11,2,11.0,200.0,West Indies
1028655,Pathum Nissanka,RHB,ON_THE_STUMPS,FULL_TOSS,14,11,1,14.0,127.27,Sri Lanka
56167,Ziaur Rahman,RHB,ON_THE_STUMPS,SHORT_OF_A_GOOD_LENGTH,15,11,2,7.5,136.36,Bangladesh
540316,Andile Phehlukwayo,LHB,ON_THE_STUMPS,YORKER,6,11,3,2.0,54.55,South Africa
55343,Elton Chigumbura,RHB,OUTSIDE_OFFSTUMP,FULL_TOSS,14,11,1,14.0,127.27,Zimbabwe
55395,Colin de Grandhomme,RHB,WIDE_OUTSIDE_OFFSTUMP,SHORT_OF_A_GOOD_LENGTH,15,11,1,15.0,136.36,New Zealand
47850,Roelof van der Merwe,RHB,OUTSIDE_OFFSTUMP,FULL,13,11,2,6.5,118.18,Netherlands
922943,Shadab Khan,RHB,WIDE_OUTSIDE_OFFSTUMP,SHORT,16,11,3,5.33,145.45,Pakistan
55329,Charles Coventry,RHB,OUTSIDE_OFFSTUMP,GOOD_LENGTH,12,11,2,6.0,109.09,Zimbabwe
906749,Dominic Drakes,LHB,ON_THE_STUMPS,YORKER,9,11,1,9.0,81.82,West Indies
530812,Akeal Hosein,LHB,OUTSIDE_OFFSTUMP,SHORT,4,11,1,4.0,36.36,West Indies
1012131,Rakibul Hasan,LHB,OUTSIDE_OFFSTUMP,GOOD_LENGTH,12,11,2,6.0,109.09,Bangladesh
826497,Snehal Kauthankar,RHB,OUTSIDE_OFFSTUMP,GOOD_LENGTH,5,11,1,5.0,45.45,India
1058924,Nasrulla Rana,RHB,ON_THE_STUMPS,GOOD_LENGTH,15,11,1,15.0,136.36,Hong Kong
505110,Kurtis Patterson,LHB,WIDE_OUTSIDE_OFFSTUMP,FULL,15,11,2,7.5,136.36,Australia
311592,Mitchell Starc,LHB,ON_THE_STUMPS,FULL,9,11,1,9.0,81.82,Australia
897549,Will Jacks,RHB,DOWN_LEG,FULL,26,11,1,26.0,236.36,England
314615,Jonathan Carter,LHB,DOWN_LEG,SHORT,13,11,1,13.0,118.18,West Indies
318788,Haris Sohail,LHB,DOWN_LEG,GOOD_LENGTH,15,11,1,15.0,136.36,Pakistan
990031,Towhid Hridoy,RHB,WIDE_OUTSIDE_OFFSTUMP,SHORT,25,11,2,12.5,227.27,Bangladesh
990039,Shoriful Islam,LHB,ON_THE_STUMPS,GOOD_LENGTH,17,11,1,17.0,154.55,Bangladesh
928015,Josh Clarkson,RHB,ON_THE_STUMPS,FULL,16,11,2,8.0,145.45,New Zealand
990039,Shoriful Islam,LHB,OUTSIDE_OFFSTUMP,FULL,8,11,1,8.0,72.73,Bangladesh
530011,Travis Head,LHB,WIDE_OUTSIDE_OFFSTUMP,FULL_TOSS,13,11,1,13.0,118.18,Australia
56054,Naeem Islam,RHB,OUTSIDE_OFFSTUMP,GOOD_LENGTH,12,11,3,4.0,109.09,Bangladesh
495551,Sheldon Cottrell,RHB,OUTSIDE_OFFSTUMP,SHORT_OF_A_GOOD_LENGTH,14,11,1,14.0,127.27,West Indies
961407,Harry Tector,RHB,WIDE_OUTSIDE_OFFSTUMP,SHORT_OF_A_GOOD_LENGTH,7,11,1,7.0,63.64,Ireland
319439,Mitchell McClenaghan,LHB,ON_THE_STUMPS,FULL,15,11,2,7.5,136.36,New Zealand
525992,Adam Hose,RHB,DOWN_LEG,GOOD_LENGTH,7,11,4,1.75,63.64,England
319439,Mitchell McClenaghan,LHB,ON_THE_STUMPS,GOOD_LENGTH,6,11,2,3.0,54.55,New Zealand
1058514,Aasif Sheikh,RHB,OUTSIDE_OFFSTUMP,SHORT_OF_A_GOOD_LENGTH,18,11,1,18.0,163.64,Nepal
825211,Ryan Gibson,RHB,OUTSIDE_OFFSTUMP,FULL,8,10,2,4.0,80.0,Australia
766809,Jordan Thompson,LHB,ON_THE_STUMPS,GOOD_LENGTH,5,10,2,2.5,50.0,England
766809,Jordan Thompson,LHB,ON_THE_STUMPS,FULL,24,10,2,12.0,240.0,England
424377,Krishnappa Gowtham,RHB,OUTSIDE_OFFSTUMP,SHORT,25,10,3,8.33,250.0,India
914171,Qais Ahmad,RHB,WIDE_OUTSIDE_OFFSTUMP,FULL,19,10,1,19.0,190.0,Afghanistan
46942,Aaron Phangiso,RHB,OUTSIDE_OFFSTUMP,FULL,15,10,1,15.0,150.0,South Africa
990039,Shoriful Islam,LHB,OUTSIDE_OFFSTUMP,SHORT_OF_A_GOOD_LENGTH,2,10,1,2.0,20.0,Bangladesh
288284,Josh Hazlewood,LHB,OUTSIDE_OFFSTUMP,FULL,18,10,1,18.0,180.0,Australia
270484,James Faulkner,RHB,ON_THE_STUMPS,YORKER,9,10,2,4.5,90.0,Australia
348148,Mohammad Nawaz,LHB,DOWN_LEG,SHORT,22,10,1,22.0,220.0,Pakistan
1175496,Nitish Kumar Reddy,RHB,OUTSIDE_OFFSTUMP,SHORT,7,10,3,2.33,70.0,India
230554,Javon Searles,RHB,ON_THE_STUMPS,GOOD_LENGTH,7,10,2,3.5,70.0,West Indies
450075,Kesrick Williams,RHB,OUTSIDE_OFFSTUMP,SHORT_OF_A_GOOD_LENGTH,3,10,1,3.0,30.0,West Indies
629074,Kusal Mendis,RHB,ON_THE_STUMPS,YORKER,8,10,2,4.0,80.0,Sri Lanka
24611,William Porterfield,LHB,DOWN_LEG,GOOD_LENGTH,20,10,1,20.0,200.0,Ireland
56025,Mahmudullah,RHB,WIDE_OUTSIDE_OFFSTUMP,FULL_TOSS,14,10,1,14.0,140.0,Bangladesh
33141,Ambati Rayudu,RHB,WIDE_OUTSIDE_OFFSTUMP,FULL_TOSS,17,10,1,17.0,170.0,India
1185538,Mohammad Wasim,RHB,ON_THE_STUMPS,YORKER,6,10,3,2.0,60.0,Pakistan
568276,Imam-ul-Haq,LHB,DOWN_LEG,SHORT_OF_A_GOOD_LENGTH,14,10,1,14.0,140.0,Pakistan
230555,Shamarh Brooks,RHB,ON_THE_STUMPS,YORKER,8,10,1,8.0,80.0,West Indies
450101,Raymon Reifer,LHB,OUTSIDE_OFFSTUMP,SHORT,20,10,1,20.0,200.0,West Indies
297628,Sam Billings,RHB,WIDE_OUTSIDE_OFFSTUMP,SHORT,17,10,2,8.5,170.0,England
1292498,Yash Dhull,RHB,ON_THE_STUMPS,SHORT_OF_A_GOOD_LENGTH,15,10,1,15.0,150.0,India
971349,Nandre Burger,LHB,ON_THE_STUMPS,GOOD_LENGTH,1,10,3,0.33,10.0,South Africa
537124,Gurkeerat Singh Mann,RHB,OUTSIDE_OFFSTUMP,SHORT,11,10,1,11.0,110.0,India
5334,Aaron Finch,RHB,WIDE_OUTSIDE_OFFSTUMP,FULL_TOSS,20,10,1,20.0,200.0,Australia
1175488,Dhruv Jurel,RHB,WIDE_OUTSIDE_OFFSTUMP,FULL,17,10,1,17.0,170.0,India
1299794,Tarang Gohel,RHB,ON_THE_STUMPS,GOOD_LENGTH,15,10,1,15.0,150.0,India
56054,Naeem Islam,RHB,OUTSIDE_OFFSTUMP,FULL,17,10,1,17.0,170.0,Bangladesh
1185475,Qasim Akram,RHB,OUTSIDE_OFFSTUMP,FULL,15,10,1,15.0,150.0,Pakistan
36084,Yuvraj Singh,LHB,OUTSIDE_OFFSTUMP,FULL_TOSS,16,10,1,16.0,160.0,India
228622,John Hastings,RHB,OUTSIDE_OFFSTUMP,FULL,13,10,1,13.0,130.0,Australia
1192940,Shiraz Khan,RHB,OUTSIDE_OFFSTUMP,SHORT_OF_A_GOOD_LENGTH,6,10,1,6.0,60.0,Kuwait
1185475,Qasim Akram,RHB,ON_THE_STUMPS,FULL,19,10,2,9.5,190.0,Pakistan
596375,Tarisai Musakanda,RHB,ON_THE_STUMPS,FULL,8,10,2,4.0,80.0,Zimbabwe
559235,Kuldeep Yadav,LHB,DOWN_LEG,GOOD_LENGTH,15,10,1,15.0,150.0,India
605683,Migael Pretorius,RHB,WIDE_OUTSIDE_OFFSTUMP,FULL,29,10,1,29.0,290.0,South Africa
56029,Mushfiqur Rahim,RHB,ON_THE_STUMPS,YORKER,5,10,2,2.5,50.0,Bangladesh
642525,Sarfaraz Khan,RHB,ON_THE_STUMPS,YORKER,8,10,2,4.0,80.0,India
235516,Richmond Mutumbami,RHB,WIDE_OUTSIDE_OFFSTUMP,FULL,8,10,4,2.0,80.0,Zimbabwe
974719,Muhammad Usman,LHB,ON_THE_STUMPS,SHORT_OF_A_GOOD_LENGTH,6,10,1,6.0,60.0,United Arab Emirates
55608,Hamilton Masakadza,RHB,WIDE_OUTSIDE_OFFSTUMP,SHORT,17,10,1,17.0,170.0,Zimbabwe
557298,Daniel Worrall,RHB,OUTSIDE_OFFSTUMP,GOOD_LENGTH,10,10,2,5.0,100.0,Australia
381183,Evan Gulbis,RHB,ON_THE_STUMPS,FULL,15,10,1,15.0,150.0,Australia
422965,Shehan Jayasuriya,LHB,ON_THE_STUMPS,SHORT,8,10,1,8.0,80.0,United States of America
299572,Sikandar Raza,RHB,DOWN_LEG,FULL_TOSS,22,10,1,22.0,220.0,Zimbabwe
381329,Beau Webster,RHB,WIDE_OUTSIDE_OFFSTUMP,FULL_TOSS,16,10,1,16.0,160.0,Australia
24605,Kevin O'Brien,RHB,WIDE_OUTSIDE_OFFSTUMP,FULL,11,10,1,11.0,110.0,Ireland
1191384,Peter Hatzoglou,RHB,OUTSIDE_OFFSTUMP,FULL,9,10,1,9.0,90.0,Australia
530812,Akeal Hosein,LHB,ON_THE_STUMPS,YORKER,3,10,4,0.75,30.0,West Indies
1337353,Abdullah Bayoumy,RHB,ON_THE_STUMPS,GOOD_LENGTH,7,10,1,7.0,70.0,South Africa
1178586,Vriitya Aravind,RHB,WIDE_OUTSIDE_OFFSTUMP,SHORT_OF_A_GOOD_LENGTH,8,10,1,8.0,80.0,United Arab Emirates
906749,Dominic Drakes,LHB,ON_THE_STUMPS,SHORT,21,10,1,21.0,210.0,West Indies
333624,Alex Ross,RHB,OUTSIDE_OFFSTUMP,YORKER,8,10,1,8.0,80.0,Australia
56029,Mushfiqur Rahim,RHB,DOWN_LEG,FULL_TOSS,22,10,1,22.0,220.0,Bangladesh
496219,Chirag Gandhi,RHB,OUTSIDE_OFFSTUMP,SHORT_OF_A_GOOD_LENGTH,18,10,1,18.0,180.0,India
446690,Pargat Singh,RHB,OUTSIDE_OFFSTUMP,GOOD_LENGTH,12,10,2,6.0,120.0,Canada
424377,Krishnappa Gowtham,RHB,ON_THE_STUMPS,FULL,23,10,3,7.67,230.0,India
781297,James Seymour,LHB,OUTSIDE_OFFSTUMP,SHORT_OF_A_GOOD_LENGTH,7,10,1,7.0,70.0,Australia
1331512,Mirza Baig,RHB,OUTSIDE_OFFSTUMP,SHORT,12,10,2,6.0,120.0,Pakistan
1175460,Parvez Ahmed,RHB,OUTSIDE_OFFSTUMP,GOOD_LENGTH,8,10,1,8.0,80.0,India
1163453,William O'Donnell,RHB,ON_THE_STUMPS,GOOD_LENGTH,15,10,1,15.0,150.0,New Zealand
922943,Shadab Khan,RHB,DOWN_LEG,SHORT,12,10,2,6.0,120.0,Pakistan
833777,Michael van Lingen,LHB,ON_THE_STUMPS,SHORT_OF_A_GOOD_LENGTH,6,10,1,6.0,60.0,Namibia
834741,Caleb Jewell,LHB,ON_THE_STUMPS,FULL_TOSS,15,10,2,7.5,150.0,Australia
707113,Tom Bruce,RHB,WIDE_OUTSIDE_OFFSTUMP,GOOD_LENGTH,12,10,1,12.0,120.0,New Zealand
707113,Tom Bruce,RHB,ON_THE_STUMPS,SHORT,15,10,1,15.0,150.0,New Zealand
585100,Abdul Shakoor,RHB,OUTSIDE_OFFSTUMP,GOOD_LENGTH,10,10,1,10.0,100.0,United Arab Emirates
1161606,Haris Rauf,RHB,ON_THE_STUMPS,SHORT_OF_A_GOOD_LENGTH,14,10,3,4.67,140.0,Pakistan
52334,Imran Khan,RHB,OUTSIDE_OFFSTUMP,GOOD_LENGTH,5,10,1,5.0,50.0,West Indies
319758,Karim Sadiq,RHB,OUTSIDE_OFFSTUMP,GOOD_LENGTH,10,10,1,10.0,100.0,Afghanistan
951781,Milton Shumba,LHB,OUTSIDE_OFFSTUMP,FULL,10,10,1,10.0,100.0,Zimbabwe
55787,Vusi Sibanda,RHB,OUTSIDE_OFFSTUMP,SHORT,9,10,2,4.5,90.0,Zimbabwe
30732,Praveen Kumar,RHB,OUTSIDE_OFFSTUMP,SHORT_OF_A_GOOD_LENGTH,7,10,2,3.5,70.0,India
437448,Jake Lehmann,LHB,OUTSIDE_OFFSTUMP,FULL_TOSS,21,10,1,21.0,210.0,Australia
437448,Jake Lehmann,LHB,ON_THE_STUMPS,SHORT,20,10,1,20.0,200.0,Australia
1168049,Jake Fraser-McGurk,RHB,ON_THE_STUMPS,FULL_TOSS,17,10,1,17.0,170.0,Australia
833087,Mahedi Hasan,RHB,WIDE_OUTSIDE_OFFSTUMP,SHORT_OF_A_GOOD_LENGTH,9,10,1,9.0,90.0,Bangladesh
581160,Khary Pierre,LHB,ON_THE_STUMPS,SHORT_OF_A_GOOD_LENGTH,5,10,1,5.0,50.0,West Indies
319439,Mitchell McClenaghan,LHB,OUTSIDE_OFFSTUMP,FULL_TOSS,16,10,1,16.0,160.0,New Zealand
230555,Shamarh Brooks,RHB,WIDE_OUTSIDE_OFFSTUMP,GOOD_LENGTH,2,10,1,2.0,20.0,West Indies
633638,Sharvin Muniandy,RHB,ON_THE_STUMPS,FULL,15,10,1,15.0,150.0,Malaysia
532856,Manan Vohra,RHB,WIDE_OUTSIDE_OFFSTUMP,SHORT_OF_A_GOOD_LENGTH,9,10,1,9.0,90.0,India
633428,Mohammad Ghazanfar,RHB,OUTSIDE_OFFSTUMP,GOOD_LENGTH,2,10,3,0.67,20.0,Hong Kong
390481,Harshal Patel,RHB,ON_THE_STUMPS,SHORT_OF_A_GOOD_LENGTH,9,10,2,4.5,90.0,India
519070,Gerhard Erasmus,RHB,ON_THE_STUMPS,SHORT_OF_A_GOOD_LENGTH,12,10,2,6.0,120.0,Namibia
55814,Brendan Taylor,RHB,ON_THE_STUMPS,SHORT_OF_A_GOOD_LENGTH,2,10,1,2.0,20.0,Zimbabwe
698343,Eathan Bosch,RHB,WIDE_OUTSIDE_OFFSTUMP,SHORT_OF_A_GOOD_LENGTH,7,10,2,3.5,70.0,South Africa
348049,Nasum Ahmed,LHB,ON_THE_STUMPS,SHORT_OF_A_GOOD_LENGTH,19,10,1,19.0,190.0,Bangladesh
1159748,Lalhmangaiha,LHB,OUTSIDE_OFFSTUMP,FULL,8,10,1,8.0,80.0,India
28235,Shikhar Dhawan,LHB,DOWN_LEG,YORKER,3,10,1,3.0,30.0,India
1159641,Monank Patel,RHB,OUTSIDE_OFFSTUMP,FULL,16,10,1,16.0,160.0,United States of America
348026,John Campbell,LHB,ON_THE_STUMPS,FULL,11,10,1,11.0,110.0,West Indies
1161044,Shamim Hossain,LHB,WIDE_OUTSIDE_OFFSTUMP,GOOD_LENGTH,12,10,2,6.0,120.0,Bangladesh
590326,Mitchell Swepson,RHB,OUTSIDE_OFFSTUMP,SHORT_OF_A_GOOD_LENGTH,8,10,1,8.0,80.0,Australia
629084,Ramesh Mendis,RHB,OUTSIDE_OFFSTUMP,SHORT_OF_A_GOOD_LENGTH,17,10,1,17.0,170.0,Sri Lanka
722303,Matt Renshaw,LHB,ON_THE_STUMPS,FULL_TOSS,18,10,1,18.0,180.0,Australia
316730,Jono Dean,RHB,OUTSIDE_OFFSTUMP,GOOD_LENGTH,2,10,1,2.0,20.0,Australia
1171647,Avneesh Sudha,RHB,ON_THE_STUMPS,SHORT_OF_A_GOOD_LENGTH,16,10,1,16.0,160.0,India
288992,Chris Jordan,RHB,DOWN_LEG,FULL_TOSS,19,10,1,19.0,190.0,England
31107,Amit Mishra,RHB,ON_THE_STUMPS,FULL,8,10,2,4.0,80.0,India
7252,Tim Paine,RHB,ON_THE_STUMPS,GOOD_LENGTH,6,10,2,3.0,60.0,Australia
5961,Moises Henriques,RHB,DOWN_LEG,SHORT,11,10,2,5.5,110.0,Australia
595739,Leus du Plooy,LHB,WIDE_OUTSIDE_OFFSTUMP,SHORT_OF_A_GOOD_LENGTH,20,10,1,20.0,200.0,England
521637,Ben Duckett,LHB,OUTSIDE_OFFSTUMP,SHORT,13,10,1,13.0,130.0,England
528067,Murugan Ashwin,RHB,OUTSIDE_OFFSTUMP,GOOD_LENGTH,10,10,2,5.0,100.0,India
914171,Qais Ahmad,RHB,ON_THE_STUMPS,SHORT_OF_A_GOOD_LENGTH,16,10,2,8.0,160.0,Afghanistan
277914,Jeet Raval,LHB,DOWN_LEG,SHORT_OF_A_GOOD_LENGTH,14,10,1,14.0,140.0,New Zealand
722303,Matt Renshaw,LHB,OUTSIDE_OFFSTUMP,SHORT,18,10,1,18.0,180.0,Australia
1126693,Baxter Holt,RHB,ON_THE_STUMPS,GOOD_LENGTH,11,10,1,11.0,110.0,Australia
1287032,Naman Dhir,RHB,OUTSIDE_OFFSTUMP,GOOD_LENGTH,11,10,2,5.5,110.0,India
1132219,Sanvir Singh,RHB,OUTSIDE_OFFSTUMP,GOOD_LENGTH,12,10,1,12.0,120.0,India
1263691,Rehan Ahmed,RHB,ON_THE_STUMPS,GOOD_LENGTH,3,10,1,3.0,30.0,England
595406,Shane Dadswell,RHB,ON_THE_STUMPS,FULL,11,10,1,11.0,110.0,South Africa
1168651,Haider Ali,RHB,ON_THE_STUMPS,FULL_TOSS,9,10,2,4.5,90.0,Pakistan
853265,Mahipal Lomror,LHB,DOWN_LEG,GOOD_LENGTH,2,10,1,2.0,20.0,India
31820,Ashish Nehra,RHB,ON_THE_STUMPS,GOOD_LENGTH,3,10,2,1.5,30.0,India
232438,Gary Ballance,LHB,OUTSIDE_OFFSTUMP,SHORT_OF_A_GOOD_LENGTH,8,10,1,8.0,80.0,Zimbabwe
25490,Richie Berrington,RHB,OUTSIDE_OFFSTUMP,SHORT,15,10,1,15.0,150.0,Scotland
713811,Tinashe Kamunhukamwe,RHB,OUTSIDE_OFFSTUMP,FULL,11,10,1,11.0,110.0,Zimbabwe
499660,Gurinder Sandhu,LHB,OUTSIDE_OFFSTUMP,GOOD_LENGTH,11,10,1,11.0,110.0,Australia
1143529,Imran Anwar,RHB,ON_THE_STUMPS,FULL,11,10,1,11.0,110.0,Bahrain
321757,Rudi Second,RHB,ON_THE_STUMPS,GOOD_LENGTH,6,10,1,6.0,60.0,South Africa
1284541,Zain Ul Abidin,LHB,OUTSIDE_OFFSTUMP,GOOD_LENGTH,8,10,2,4.0,80.0,Saudi Arabia
48472,Tillakaratne Dilshan,RHB,DOWN_LEG,GOOD_LENGTH,8,10,1,8.0,80.0,Sri Lanka
959833,Wes Agar,RHB,OUTSIDE_OFFSTUMP,GOOD_LENGTH,7,10,1,7.0,70.0,Australia
388678,Ben Dunk,LHB,DOWN_LEG,SHORT,6,10,1,6.0,60.0,Australia
719719,M Shahrukh Khan,RHB,ON_THE_STUMPS,YORKER,8,10,2,4.0,80.0,India
719719,M Shahrukh Khan,RHB,ON_THE_STUMPS,FULL_TOSS,19,10,3,6.33,190.0,India
719715,Washington Sundar,LHB,OUTSIDE_OFFSTUMP,FULL_TOSS,7,10,2,3.5,70.0,India
595739,Leus du Plooy,LHB,DOWN_LEG,SHORT_OF_A_GOOD_LENGTH,16,10,1,16.0,160.0,England
717373,Amad Butt,RHB,ON_THE_STUMPS,GOOD_LENGTH,20,10,1,20.0,200.0,Pakistan
47850,Roelof van der Merwe,RHB,OUTSIDE_OFFSTUMP,SHORT,5,10,4,1.25,50.0,Netherlands
437927,Stephan Baard,RHB,OUTSIDE_OFFSTUMP,SHORT,16,10,1,16.0,160.0,Namibia
1337353,Abdullah Bayoumy,RHB,OUTSIDE_OFFSTUMP,GOOD_LENGTH,7,10,2,3.5,70.0,South Africa
432783,Sachin Baby,LHB,OUTSIDE_OFFSTUMP,FULL_TOSS,19,10,1,19.0,190.0,India
1209270,Himanshu Rathod,RHB,ON_THE_STUMPS,GOOD_LENGTH,8,10,2,4.0,80.0,Qatar
327830,Dwaine Pretorius,RHB,DOWN_LEG,GOOD_LENGTH,9,10,3,3.0,90.0,South Africa
1369884,Manan Ali,RHB,OUTSIDE_OFFSTUMP,SHORT_OF_A_GOOD_LENGTH,11,10,1,11.0,110.0,Saudi Arabia
530773,Pawan Negi,LHB,OUTSIDE_OFFSTUMP,SHORT_OF_A_GOOD_LENGTH,11,10,1,11.0,110.0,India
413023,Etienne Beukes,RHB,OUTSIDE_OFFSTUMP,GOOD_LENGTH,5,10,3,1.67,50.0,Cambodia
1369884,Manan Ali,RHB,ON_THE_STUMPS,FULL,22,10,1,22.0,220.0,Saudi Arabia
629057,Shadman Islam,LHB,OUTSIDE_OFFSTUMP,SHORT_OF_A_GOOD_LENGTH,10,10,1,10.0,100.0,Bangladesh
251721,Adam Lyth,LHB,DOWN_LEG,GOOD_LENGTH,14,10,2,7.0,140.0,England
798167,Rubel Mia,RHB,OUTSIDE_OFFSTUMP,SHORT_OF_A_GOOD_LENGTH,5,10,1,5.0,50.0,Bangladesh
1397995,Shahzaib Jamil,RHB,OUTSIDE_OFFSTUMP,GOOD_LENGTH,7,10,1,7.0,70.0,
42639,Shahid Afridi,RHB,ON_THE_STUMPS,SHORT_OF_A_GOOD_LENGTH,27,10,1,27.0,270.0,Pakistan
1210488,Cooper Connolly,LHB,DOWN_LEG,SHORT,20,10,1,20.0,200.0,Australia
326016,Bhuvneshwar Kumar,RHB,OUTSIDE_OFFSTUMP,SHORT,10,10,2,5.0,100.0,India
603411,Jay Lenton,LHB,ON_THE_STUMPS,FULL,16,10,1,16.0,160.0,Australia
530015,William Bosisto,RHB,OUTSIDE_OFFSTUMP,FULL,2,10,2,1.0,20.0,Australia
477021,Vijay Shankar,RHB,WIDE_OUTSIDE_OFFSTUMP,GOOD_LENGTH,9,10,1,9.0,90.0,India
42639,Shahid Afridi,RHB,DOWN_LEG,FULL,24,10,1,24.0,240.0,Pakistan
1048891,Aryaman Sunil,RHB,OUTSIDE_OFFSTUMP,GOOD_LENGTH,7,10,1,7.0,70.0,Singapore
1076382,Mackenzie Harvey,LHB,DOWN_LEG,GOOD_LENGTH,8,10,1,8.0,80.0,Australia
530773,Pawan Negi,LHB,WIDE_OUTSIDE_OFFSTUMP,GOOD_LENGTH,12,10,2,6.0,120.0,India
550235,Tom Curran,RHB,ON_THE_STUMPS,YORKER,8,10,3,2.67,80.0,England
1244751,Arshad Khan,LHB,ON_THE_STUMPS,GOOD_LENGTH,9,10,1,9.0,90.0,India
793457,Hazratullah Zazai,LHB,ON_THE_STUMPS,YORKER,6,10,2,3.0,60.0,Afghanistan
55412,Craig Ervine,LHB,OUTSIDE_OFFSTUMP,FULL_TOSS,9,10,1,9.0,90.0,Zimbabwe
466090,Shaylen Pillay,RHB,ON_THE_STUMPS,GOOD_LENGTH,6,10,1,6.0,60.0,South Africa
44956,Grant Elliott,RHB,OUTSIDE_OFFSTUMP,FULL,15,10,1,15.0,150.0,New Zealand
1205559,Mohammad Haris,RHB,OUTSIDE_OFFSTUMP,FULL_TOSS,18,10,2,9.0,180.0,Pakistan
55412,Craig Ervine,LHB,OUTSIDE_OFFSTUMP,SHORT,12,10,2,6.0,120.0,Zimbabwe
280490,JJ Smuts,RHB,WIDE_OUTSIDE_OFFSTUMP,FULL,19,10,1,19.0,190.0,South Africa
19264,Liam Plunkett,RHB,OUTSIDE_OFFSTUMP,FULL,11,10,2,5.5,110.0,United States of America
623695,Chamika Karunaratne,RHB,WIDE_OUTSIDE_OFFSTUMP,FULL,21,10,1,21.0,210.0,Sri Lanka
41140,Khurram Manzoor,RHB,ON_THE_STUMPS,SHORT_OF_A_GOOD_LENGTH,9,10,1,9.0,90.0,Pakistan
623695,Chamika Karunaratne,RHB,WIDE_OUTSIDE_OFFSTUMP,GOOD_LENGTH,4,10,2,2.0,40.0,Sri Lanka
317273,Umar Akmal,RHB,WIDE_OUTSIDE_OFFSTUMP,SHORT_OF_A_GOOD_LENGTH,3,10,2,1.5,30.0,Pakistan
414970,Safyaan Sharif,RHB,ON_THE_STUMPS,GOOD_LENGTH,13,10,2,6.5,130.0,Scotland
823339,Ahmer Bin Nasir,RHB,ON_THE_STUMPS,GOOD_LENGTH,9,10,1,9.0,90.0,Bahrain
328026,Isuru Udana,RHB,OUTSIDE_OFFSTUMP,FULL_TOSS,13,10,2,6.5,130.0,Sri Lanka
914541,Sherfane Rutherford,LHB,WIDE_OUTSIDE_OFFSTUMP,YORKER,7,10,1,7.0,70.0,West Indies
41028,Kamran Akmal,RHB,ON_THE_STUMPS,YORKER,4,10,1,4.0,40.0,Pakistan
470633,Tom Kohler-Cadmore,RHB,ON_THE_STUMPS,SHORT,17,10,2,8.5,170.0,England
550189,Dayyaan Galiem,RHB,OUTSIDE_OFFSTUMP,SHORT_OF_A_GOOD_LENGTH,17,10,1,17.0,170.0,South Africa
362603,Shafiqullah,RHB,OUTSIDE_OFFSTUMP,FULL_TOSS,18,10,1,18.0,180.0,Afghanistan
259551,Junaid Khan,RHB,ON_THE_STUMPS,GOOD_LENGTH,2,10,1,2.0,20.0,Pakistan
525992,Adam Hose,RHB,DOWN_LEG,SHORT_OF_A_GOOD_LENGTH,12,10,1,12.0,120.0,England
659081,Mark Watt,LHB,ON_THE_STUMPS,FULL,4,10,4,1.0,40.0,Scotland
485676,Keegan Petersen,RHB,ON_THE_STUMPS,SHORT_OF_A_GOOD_LENGTH,9,10,1,9.0,90.0,South Africa
1241265,Aayan Afzal Khan,RHB,ON_THE_STUMPS,SHORT_OF_A_GOOD_LENGTH,15,10,1,15.0,150.0,United Arab Emirates
44407,Wesley Barresi,RHB,OUTSIDE_OFFSTUMP,SHORT_OF_A_GOOD_LENGTH,20,10,1,20.0,200.0,Netherlands
1058989,Aryan Lakra,LHB,OUTSIDE_OFFSTUMP,FULL,24,10,1,24.0,240.0,United Arab Emirates
1217359,Sayed Monib,RHB,ON_THE_STUMPS,GOOD_LENGTH,19,10,1,19.0,190.0,Kuwait
1070168,Prithvi Shaw,RHB,WIDE_OUTSIDE_OFFSTUMP,GOOD_LENGTH,18,10,1,18.0,180.0,India
53115,Daren Sammy,RHB,WIDE_OUTSIDE_OFFSTUMP,GOOD_LENGTH,12,10,2,6.0,120.0,West Indies
928057,Lorcan Tucker,RHB,ON_THE_STUMPS,FULL_TOSS,12,10,1,12.0,120.0,Ireland
44149,Johan Botha,RHB,ON_THE_STUMPS,FULL,9,10,1,9.0,90.0,South Africa
489889,Pat Cummins,RHB,ON_THE_STUMPS,YORKER,6,10,3,2.0,60.0,Australia
401057,Taijul Islam,LHB,OUTSIDE_OFFSTUMP,FULL,5,10,1,5.0,50.0,Bangladesh
307775,Rezza Gaznavi,RHB,OUTSIDE_OFFSTUMP,SHORT_OF_A_GOOD_LENGTH,8,10,2,4.0,80.0,Singapore
401057,Taijul Islam,LHB,OUTSIDE_OFFSTUMP,GOOD_LENGTH,5,10,1,5.0,50.0,Bangladesh
307775,Rezza Gaznavi,RHB,OUTSIDE_OFFSTUMP,GOOD_LENGTH,6,10,1,6.0,60.0,Singapore
547749,Will Young,RHB,OUTSIDE_OFFSTUMP,SHORT,20,10,1,20.0,200.0,New Zealand
820681,Amir Jangoo,LHB,ON_THE_STUMPS,FULL,16,10,2,8.0,160.0,West Indies
55354,Chamu Chibhabha,RHB,ON_THE_STUMPS,FULL,11,10,1,11.0,110.0,Zimbabwe
486672,Theunis de Bruyn,RHB,WIDE_OUTSIDE_OFFSTUMP,FULL,21,10,1,21.0,210.0,South Africa
1070173,Shubman Gill,RHB,DOWN_LEG,SHORT,31,10,1,31.0,310.0,India
43515,Usman Mushtaq,RHB,ON_THE_STUMPS,GOOD_LENGTH,1,10,1,1.0,10.0,United Arab Emirates
56194,Tamim Iqbal,LHB,WIDE_OUTSIDE_OFFSTUMP,FULL_TOSS,22,10,1,22.0,220.0,Bangladesh
1213979,Mitchell Owen,RHB,OUTSIDE_OFFSTUMP,GOOD_LENGTH,7,10,1,7.0,70.0,Australia
807657,Sanjay Raghunath,RHB,OUTSIDE_OFFSTUMP,FULL,13,10,1,13.0,130.0,India
807469,Thikshila de Silva,LHB,OUTSIDE_OFFSTUMP,FULL,15,10,1,15.0,150.0,Sri Lanka
1070195,Harvik Desai,RHB,OUTSIDE_OFFSTUMP,GOOD_LENGTH,8,10,1,8.0,80.0,India
550137,Abu Hider,RHB,DOWN_LEG,SHORT,3,10,1,3.0,30.0,Bangladesh
628240,Hussain Talat,LHB,DOWN_LEG,SHORT,11,10,2,5.5,110.0,Pakistan
1070199,Het Patel,RHB,OUTSIDE_OFFSTUMP,SHORT_OF_A_GOOD_LENGTH,11,10,1,11.0,110.0,India
806241,Richard Ngarava,LHB,ON_THE_STUMPS,GOOD_LENGTH,12,10,3,4.0,120.0,Zimbabwe
42657,Shoaib Malik,RHB,WIDE_OUTSIDE_OFFSTUMP,YORKER,8,10,1,8.0,80.0,Pakistan
481875,George Linde,LHB,ON_THE_STUMPS,YORKER,3,10,4,0.75,30.0,South Africa
511532,Al-Amin Hossain,RHB,OUTSIDE_OFFSTUMP,GOOD_LENGTH,3,10,2,1.5,30.0,Bangladesh
1213979,Mitchell Owen,RHB,OUTSIDE_OFFSTUMP,SHORT_OF_A_GOOD_LENGTH,15,10,2,7.5,150.0,Australia
819441,Darwish Rasooli,RHB,ON_THE_STUMPS,SHORT_OF_A_GOOD_LENGTH,15,10,1,15.0,150.0,Afghanistan
326632,Joe Burns,RHB,WIDE_OUTSIDE_OFFSTUMP,FULL,17,10,1,17.0,170.0,Italy
481979,Anrich Nortje,RHB,OUTSIDE_OFFSTUMP,FULL,11,10,3,3.67,110.0,South Africa
259410,Ahmed Shehzad,RHB,ON_THE_STUMPS,SHORT,19,10,1,19.0,190.0,Pakistan
43266,Sohaib Maqsood,RHB,ON_THE_STUMPS,YORKER,6,10,1,6.0,60.0,Pakistan
550133,Mosaddek Hossain,RHB,ON_THE_STUMPS,YORKER,7,10,1,7.0,70.0,Bangladesh
43266,Sohaib Maqsood,RHB,DOWN_LEG,SHORT,13,10,1,13.0,130.0,Pakistan
1216245,Ramachandran Ragupathy,RHB,OUTSIDE_OFFSTUMP,GOOD_LENGTH,7,10,1,7.0,70.0,India
43265,Sohail Tanvir,LHB,WIDE_OUTSIDE_OFFSTUMP,FULL,10,10,1,10.0,100.0,Pakistan
304735,Dilshan Munaweera,RHB,ON_THE_STUMPS,SHORT,12,10,2,6.0,120.0,Sri Lanka
420427,Sese Bau,LHB,ON_THE_STUMPS,FULL,14,10,1,14.0,140.0,Papua New Guinea
398438,Mayank Agarwal,RHB,WIDE_OUTSIDE_OFFSTUMP,SHORT_OF_A_GOOD_LENGTH,22,10,1,22.0,220.0,India
219889,David Warner,LHB,WIDE_OUTSIDE_OFFSTUMP,YORKER,3,10,1,3.0,30.0,Australia
931603,Brendan Doggett,RHB,OUTSIDE_OFFSTUMP,SHORT_OF_A_GOOD_LENGTH,6,10,2,3.0,60.0,Australia
1088618,Jonathan Merlo,RHB,OUTSIDE_OFFSTUMP,GOOD_LENGTH,10,10,2,5.0,100.0,Australia
888565,Mehran Khan,RHB,OUTSIDE_OFFSTUMP,FULL,15,10,1,15.0,150.0,Oman
1088608,Max Bryant,RHB,DOWN_LEG,FULL,14,10,1,14.0,140.0,Australia
670031,Alzarri Joseph,RHB,WIDE_OUTSIDE_OFFSTUMP,FULL,9,10,4,2.25,90.0,West Indies
398439,Karun Nair,RHB,DOWN_LEG,FULL_TOSS,19,10,1,19.0,190.0,India
45204,Robbie Frylinck,RHB,ON_THE_STUMPS,SHORT_OF_A_GOOD_LENGTH,13,10,1,13.0,130.0,South Africa
505120,Ashton Agar,LHB,OUTSIDE_OFFSTUMP,SHORT,16,10,2,8.0,160.0,Australia
932665,Tanvir Islam,LHB,OUTSIDE_OFFSTUMP,GOOD_LENGTH,10,10,1,10.0,100.0,Bangladesh
38699,Ross Taylor,RHB,WIDE_OUTSIDE_OFFSTUMP,SHORT,14,10,1,14.0,140.0,New Zealand
243944,Alex Blake,LHB,ON_THE_STUMPS,GOOD_LENGTH,6,10,1,6.0,60.0,England
505120,Ashton Agar,LHB,ON_THE_STUMPS,YORKER,4,10,4,1.0,40.0,Australia
379890,Chad Bowes,RHB,DOWN_LEG,GOOD_LENGTH,4,10,2,2.0,40.0,New Zealand
419873,Mohammad Shahzad,RHB,WIDE_OUTSIDE_OFFSTUMP,SHORT,27,10,1,27.0,270.0,Afghanistan
670035,Brandon King,RHB,ON_THE_STUMPS,YORKER,1,10,6,0.17,10.0,West Indies
52983,Marlon Samuels,RHB,WIDE_OUTSIDE_OFFSTUMP,SHORT,20,10,1,20.0,200.0,West Indies
1000791,Bradley Currie,RHB,OUTSIDE_OFFSTUMP,GOOD_LENGTH,5,10,1,5.0,50.0,Scotland
931581,Rishabh Pant,LHB,WIDE_OUTSIDE_OFFSTUMP,YORKER,7,10,1,7.0,70.0,India
823703,Rajat Patidar,RHB,ON_THE_STUMPS,FULL_TOSS,17,10,1,17.0,170.0,India
420427,Sese Bau,LHB,OUTSIDE_OFFSTUMP,FULL,9,10,1,9.0,90.0,Papua New Guinea
56125,Shohidul Islam,RHB,OUTSIDE_OFFSTUMP,FULL,12,10,2,6.0,120.0,Bangladesh
38373,Jesse Ryder,LHB,ON_THE_STUMPS,FULL,12,10,2,6.0,120.0,New Zealand
1201552,Sachin Kumar,LHB,ON_THE_STUMPS,GOOD_LENGTH,17,10,1,17.0,170.0,India
554700,Nikhil Naik,RHB,OUTSIDE_OFFSTUMP,FULL,6,10,1,6.0,60.0,India
364343,Craig Young,RHB,OUTSIDE_OFFSTUMP,FULL,6,10,2,3.0,60.0,Ireland
1193548,Tim Pringle,RHB,OUTSIDE_OFFSTUMP,FULL,5,10,2,2.5,50.0,Netherlands
537124,Gurkeerat Singh Mann,RHB,WIDE_OUTSIDE_OFFSTUMP,FULL,14,10,1,14.0,140.0,India
459508,Andrew Tye,RHB,ON_THE_STUMPS,FULL_TOSS,26,10,1,26.0,260.0,Australia
1339045,Chanchal Rathore,RHB,OUTSIDE_OFFSTUMP,GOOD_LENGTH,25,10,1,25.0,250.0,India
459257,Tymal Mills,RHB,OUTSIDE_OFFSTUMP,GOOD_LENGTH,12,10,1,12.0,120.0,England
552152,Dushmantha Chameera,RHB,OUTSIDE_OFFSTUMP,FULL,6,10,3,2.0,60.0,Sri Lanka
465793,Dhananjaya de Silva,RHB,ON_THE_STUMPS,FULL_TOSS,33,10,1,33.0,330.0,Sri Lanka
1079380,Nikhil Chaudhary,RHB,OUTSIDE_OFFSTUMP,SHORT,15,10,2,7.5,150.0,Australia
494581,Rahkeem Cornwall,RHB,DOWN_LEG,SHORT_OF_A_GOOD_LENGTH,12,10,1,12.0,120.0,West Indies
352048,Gulbadin Naib,RHB,WIDE_OUTSIDE_OFFSTUMP,GOOD_LENGTH,18,10,1,18.0,180.0,Afghanistan
1091078,Tion Webster,RHB,DOWN_LEG,GOOD_LENGTH,15,10,1,15.0,150.0,West Indies
331855,Taruwar Kohli,RHB,OUTSIDE_OFFSTUMP,SHORT_OF_A_GOOD_LENGTH,7,10,2,3.5,70.0,India
629063,Mehidy Hasan Miraz,RHB,DOWN_LEG,SHORT_OF_A_GOOD_LENGTH,8,10,3,2.67,80.0,Bangladesh
990165,Mukidul Islam,RHB,ON_THE_STUMPS,GOOD_LENGTH,1,10,1,1.0,10.0,Bangladesh
787073,Chris Green,RHB,DOWN_LEG,SHORT_OF_A_GOOD_LENGTH,18,10,1,18.0,180.0,Australia
508442,Abdul Mazid,RHB,OUTSIDE_OFFSTUMP,SHORT_OF_A_GOOD_LENGTH,15,10,1,15.0,150.0,Bangladesh
505120,Ashton Agar,LHB,ON_THE_STUMPS,SHORT,9,10,2,4.5,90.0,Australia
376169,Michael Neser,RHB,ON_THE_STUMPS,YORKER,13,10,3,4.33,130.0,Australia
990147,Akbar Ali,RHB,ON_THE_STUMPS,GOOD_LENGTH,2,10,4,0.5,20.0,Bangladesh
919525,Akbar Khan,RHB,ON_THE_STUMPS,GOOD_LENGTH,6,10,3,2.0,60.0,Hong Kong
1005257,Simi Singh,RHB,OUTSIDE_OFFSTUMP,SHORT_OF_A_GOOD_LENGTH,13,10,1,13.0,130.0,Ireland
662235,Josh Inglis,RHB,ON_THE_STUMPS,YORKER,2,9,4,0.5,22.22,Australia
949205,Salman Khan,RHB,OUTSIDE_OFFSTUMP,FULL,16,9,1,16.0,177.78,India
390724,Sumeet Verma,RHB,OUTSIDE_OFFSTUMP,FULL,5,9,1,5.0,55.56,India
1214273,Ryan Harrison,RHB,OUTSIDE_OFFSTUMP,GOOD_LENGTH,14,9,1,14.0,155.56,New Zealand
265564,Wayne Parnell,LHB,WIDE_OUTSIDE_OFFSTUMP,SHORT_OF_A_GOOD_LENGTH,4,9,1,4.0,44.44,South Africa
402992,Shuvagata Hom,RHB,WIDE_OUTSIDE_OFFSTUMP,GOOD_LENGTH,20,9,1,20.0,222.22,Bangladesh
1273854,Bharat Sharma,RHB,OUTSIDE_OFFSTUMP,FULL,9,9,1,9.0,100.0,India
851409,Parth Sahani,LHB,OUTSIDE_OFFSTUMP,GOOD_LENGTH,3,9,1,3.0,33.33,India
23460,Luke Wright,RHB,ON_THE_STUMPS,SHORT_OF_A_GOOD_LENGTH,9,9,2,4.5,100.0,England
8917,Moeen Ali,LHB,WIDE_OUTSIDE_OFFSTUMP,FULL_TOSS,17,9,1,17.0,188.89,England
1241277,Muhammad Waseem,RHB,ON_THE_STUMPS,FULL_TOSS,11,9,1,11.0,122.22,United Arab Emirates
932635,Nayeem Hasan,RHB,OUTSIDE_OFFSTUMP,SHORT_OF_A_GOOD_LENGTH,8,9,2,4.0,88.89,Bangladesh
403902,Liam Livingstone,RHB,DOWN_LEG,FULL_TOSS,27,9,1,27.0,300.0,England
698189,Wiaan Mulder,RHB,OUTSIDE_OFFSTUMP,FULL_TOSS,15,9,3,5.0,166.67,South Africa
1192940,Shiraz Khan,RHB,OUTSIDE_OFFSTUMP,FULL,10,9,1,10.0,111.11,Kuwait
6973,Peter Nevill,RHB,ON_THE_STUMPS,GOOD_LENGTH,12,9,1,12.0,133.33,Australia
505120,Ashton Agar,LHB,ON_THE_STUMPS,FULL_TOSS,7,9,2,3.5,77.78,Australia
1194795,Matheesha Pathirana,RHB,OUTSIDE_OFFSTUMP,GOOD_LENGTH,5,9,2,2.5,55.56,Sri Lanka
698317,Ruben Trumpelmann,RHB,OUTSIDE_OFFSTUMP,SHORT_OF_A_GOOD_LENGTH,3,9,1,3.0,33.33,Namibia
594995,Gavin Kaplan,RHB,ON_THE_STUMPS,GOOD_LENGTH,15,9,1,15.0,166.67,South Africa
1194744,Shevon Daniel,LHB,OUTSIDE_OFFSTUMP,SHORT,17,9,1,17.0,188.89,Sri Lanka
290716,Kedar Jadhav,RHB,DOWN_LEG,GOOD_LENGTH,13,9,1,13.0,144.44,India
398666,Sean Abbott,RHB,WIDE_OUTSIDE_OFFSTUMP,FULL,18,9,1,18.0,200.0,Australia
400587,Irfan Sukkur,LHB,DOWN_LEG,SHORT_OF_A_GOOD_LENGTH,13,9,1,13.0,144.44,Bangladesh
698343,Eathan Bosch,RHB,ON_THE_STUMPS,FULL,9,9,1,9.0,100.0,South Africa
26421,Ravichandran Ashwin,RHB,OUTSIDE_OFFSTUMP,YORKER,8,9,1,8.0,88.89,India
422593,Daniel Bell-Drummond,RHB,ON_THE_STUMPS,YORKER,9,9,1,9.0,100.0,England
698343,Eathan Bosch,RHB,OUTSIDE_OFFSTUMP,SHORT,7,9,2,3.5,77.78,South Africa
677077,Romario Shepherd,RHB,DOWN_LEG,FULL,4,9,1,4.0,44.44,West Indies
877051,Tom Banton,RHB,OUTSIDE_OFFSTUMP,FULL_TOSS,12,9,1,12.0,133.33,England
677077,Romario Shepherd,RHB,WIDE_OUTSIDE_OFFSTUMP,FULL_TOSS,16,9,1,16.0,177.78,West Indies
51862,Andre Fletcher,RHB,WIDE_OUTSIDE_OFFSTUMP,FULL_TOSS,20,9,1,20.0,222.22,West Indies
1199426,Irfan Khan,RHB,OUTSIDE_OFFSTUMP,SHORT,14,9,1,14.0,155.56,Pakistan
924551,Lahiru Samarakoon,LHB,ON_THE_STUMPS,FULL,0,9,1,0.0,0.0,Sri Lanka
1217274,Sathaiya Veerapathiran,RHB,ON_THE_STUMPS,GOOD_LENGTH,4,9,1,4.0,44.44,Bahrain
362603,Shafiqullah,RHB,ON_THE_STUMPS,FULL,30,9,1,30.0,333.33,Afghanistan
698315,Donavon Ferreira,RHB,OUTSIDE_OFFSTUMP,FULL,12,9,1,12.0,133.33,South Africa
928057,Lorcan Tucker,RHB,OUTSIDE_OFFSTUMP,FULL_TOSS,17,9,1,17.0,188.89,Ireland
596137,Clyde Fortuin,RHB,OUTSIDE_OFFSTUMP,FULL,9,9,1,9.0,100.0,South Africa
314615,Jonathan Carter,LHB,ON_THE_STUMPS,FULL_TOSS,21,9,1,21.0,233.33,West Indies
1273948,Akash Kargave,LHB,OUTSIDE_OFFSTUMP,GOOD_LENGTH,11,9,1,11.0,122.22,India
422965,Shehan Jayasuriya,LHB,WIDE_OUTSIDE_OFFSTUMP,FULL,7,9,1,7.0,77.78,United States of America
277955,Dhawal Kulkarni,RHB,OUTSIDE_OFFSTUMP,GOOD_LENGTH,6,9,1,6.0,66.67,India
390484,Jaydev Unadkat,RHB,OUTSIDE_OFFSTUMP,FULL_TOSS,10,9,1,10.0,111.11,India
698315,Donovan Ferreira,RHB,OUTSIDE_OFFSTUMP,FULL_TOSS,19,9,1,19.0,211.11,South Africa
55787,Vusi Sibanda,RHB,WIDE_OUTSIDE_OFFSTUMP,SHORT,19,9,1,19.0,211.11,Zimbabwe
677077,Romario Shepherd,RHB,WIDE_OUTSIDE_OFFSTUMP,GOOD_LENGTH,12,9,2,6.0,133.33,West Indies
422092,Vikum Sanjaya,RHB,OUTSIDE_OFFSTUMP,GOOD_LENGTH,8,9,2,4.0,88.89,Sri Lanka
926717,Christian Leopard,RHB,ON_THE_STUMPS,SHORT_OF_A_GOOD_LENGTH,7,9,1,7.0,77.78,New Zealand
1172968,Dan Mousley,LHB,ON_THE_STUMPS,SHORT_OF_A_GOOD_LENGTH,5,9,1,5.0,55.56,England
398506,Mandeep Singh,RHB,DOWN_LEG,SHORT_OF_A_GOOD_LENGTH,8,9,1,8.0,88.89,India
642523,Mohammad Saif,LHB,ON_THE_STUMPS,FULL,12,9,1,12.0,133.33,India
512191,Fakhar Zaman,LHB,WIDE_OUTSIDE_OFFSTUMP,YORKER,4,9,1,4.0,44.44,Pakistan
7547,Ben Rohrer,LHB,ON_THE_STUMPS,GOOD_LENGTH,10,9,2,5.0,111.11,Australia
1174024,Sandeep Goud,RHB,OUTSIDE_OFFSTUMP,GOOD_LENGTH,7,9,1,7.0,77.78,Oman
1209190,Matthew Forde,RHB,ON_THE_STUMPS,FULL,7,9,1,7.0,77.78,West Indies
355269,James Neesham,LHB,WIDE_OUTSIDE_OFFSTUMP,FULL_TOSS,16,9,1,16.0,177.78,New Zealand
1209190,Matthew Forde,RHB,ON_THE_STUMPS,SHORT_OF_A_GOOD_LENGTH,21,9,1,21.0,233.33,West Indies
267192,Steven Smith,RHB,WIDE_OUTSIDE_OFFSTUMP,FULL_TOSS,16,9,1,16.0,177.78,Australia
510530,Jamie Overton,RHB,OUTSIDE_OFFSTUMP,FULL_TOSS,16,9,1,16.0,177.78,England
12454,Joe Denly,RHB,WIDE_OUTSIDE_OFFSTUMP,SHORT_OF_A_GOOD_LENGTH,14,9,1,14.0,155.56,England
1172124,Sarfaraz Ali,RHB,ON_THE_STUMPS,GOOD_LENGTH,15,9,2,7.5,166.67,Bahrain
669855,Jofra Archer,RHB,OUTSIDE_OFFSTUMP,SHORT,23,9,1,23.0,255.56,England
280490,JJ Smuts,RHB,ON_THE_STUMPS,FULL_TOSS,13,9,3,4.33,144.44,South Africa
1181708,Nick Greenwood,RHB,OUTSIDE_OFFSTUMP,GOOD_LENGTH,5,9,3,1.67,55.56,Jersey
940973,Mohammed Siraj,RHB,ON_THE_STUMPS,GOOD_LENGTH,6,9,1,6.0,66.67,India
943295,Muhammad Kaleem,RHB,ON_THE_STUMPS,GOOD_LENGTH,2,9,1,2.0,22.22,United Arab Emirates
1209110,Basil Hameed,RHB,WIDE_OUTSIDE_OFFSTUMP,SHORT_OF_A_GOOD_LENGTH,5,9,1,5.0,55.56,United Arab Emirates
417381,Andy McBrine,LHB,OUTSIDE_OFFSTUMP,GOOD_LENGTH,10,9,1,10.0,111.11,Ireland
288617,Ross Whiteley,LHB,DOWN_LEG,GOOD_LENGTH,10,9,1,10.0,111.11,England
670025,Shimron Hetmyer,LHB,WIDE_OUTSIDE_OFFSTUMP,SHORT,19,9,1,19.0,211.11,West Indies
681305,Hasan Ali,RHB,ON_THE_STUMPS,SHORT_OF_A_GOOD_LENGTH,13,9,1,13.0,144.44,Pakistan
1206033,Parth Chauhan,RHB,ON_THE_STUMPS,GOOD_LENGTH,18,9,1,18.0,200.0,India
1206033,Parth Chauhan,RHB,OUTSIDE_OFFSTUMP,GOOD_LENGTH,5,9,1,5.0,55.56,India
1244751,Arshad Khan,LHB,OUTSIDE_OFFSTUMP,FULL,16,9,2,8.0,177.78,India
681305,Hasan Ali,RHB,OUTSIDE_OFFSTUMP,SHORT,17,9,1,17.0,188.89,Pakistan
922967,Saif Badar,RHB,ON_THE_STUMPS,GOOD_LENGTH,4,9,3,1.33,44.44,United States of America
1175478,Yashasvi Rishav,RHB,OUTSIDE_OFFSTUMP,SHORT_OF_A_GOOD_LENGTH,7,9,1,7.0,77.78,India
1175477,Piyush Singh,RHB,ON_THE_STUMPS,GOOD_LENGTH,7,9,2,3.5,77.78,India
318842,Khaya Zondo,RHB,ON_THE_STUMPS,SHORT_OF_A_GOOD_LENGTH,8,9,1,8.0,88.89,South Africa
18632,Samit Patel,RHB,ON_THE_STUMPS,YORKER,8,9,1,8.0,88.89,England
530812,Akeal Hosein,LHB,WIDE_OUTSIDE_OFFSTUMP,FULL,18,9,1,18.0,200.0,West Indies
1175458,Akash Singh,RHB,ON_THE_STUMPS,GOOD_LENGTH,3,9,1,3.0,33.33,India
1175441,Ravi Bishnoi,RHB,OUTSIDE_OFFSTUMP,SHORT_OF_A_GOOD_LENGTH,3,9,1,3.0,33.33,India
25056,Assad Vala,LHB,DOWN_LEG,SHORT_OF_A_GOOD_LENGTH,16,9,3,5.33,177.78,Papua New Guinea
605575,Matthew Short,RHB,WIDE_OUTSIDE_OFFSTUMP,FULL_TOSS,10,9,2,5.0,111.11,Australia
516039,Alex Davies,RHB,ON_THE_STUMPS,SHORT_OF_A_GOOD_LENGTH,10,9,1,10.0,111.11,England
603410,Ben McDermott,RHB,WIDE_OUTSIDE_OFFSTUMP,SHORT,21,9,1,21.0,233.33,Australia
1201541,Langlonyamba Meitan Keishangbam,RHB,ON_THE_STUMPS,GOOD_LENGTH,4,9,1,4.0,44.44,India
948593,Mihlali Mpongwana,RHB,ON_THE_STUMPS,GOOD_LENGTH,2,9,2,1.0,22.22,South Africa
55395,Colin de Grandhomme,RHB,ON_THE_STUMPS,YORKER,15,9,1,15.0,166.67,New Zealand
671805,George Munsey,LHB,OUTSIDE_OFFSTUMP,SHORT,10,9,1,10.0,111.11,Scotland
595380,Raynard van Tonder,RHB,ON_THE_STUMPS,FULL,16,9,1,16.0,177.78,South Africa
662973,Sam Curran,LHB,WIDE_OUTSIDE_OFFSTUMP,SHORT,22,9,1,22.0,244.44,England
1168049,Jake Fraser-McGurk,RHB,WIDE_OUTSIDE_OFFSTUMP,GOOD_LENGTH,6,9,2,3.0,66.67,Australia
55395,Colin de Grandhomme,RHB,DOWN_LEG,SHORT_OF_A_GOOD_LENGTH,12,9,1,12.0,133.33,New Zealand
1263691,Rehan Ahmed,RHB,OUTSIDE_OFFSTUMP,SHORT_OF_A_GOOD_LENGTH,5,9,1,5.0,55.56,England
932635,Nayeem Hasan,RHB,ON_THE_STUMPS,GOOD_LENGTH,3,9,2,1.5,33.33,Bangladesh
429886,Wihan Lubbe,LHB,OUTSIDE_OFFSTUMP,SHORT,21,9,1,21.0,233.33,South Africa
420419,Tobias Visee,RHB,OUTSIDE_OFFSTUMP,GOOD_LENGTH,17,9,1,17.0,188.89,Netherlands
261354,Nathan Coulter-Nile,RHB,WIDE_OUTSIDE_OFFSTUMP,FULL,21,9,1,21.0,233.33,Australia
410765,Nurul Hasan,RHB,DOWN_LEG,SHORT_OF_A_GOOD_LENGTH,5,9,2,2.5,55.56,Bangladesh
1255248,Jordan Hermann,LHB,ON_THE_STUMPS,SHORT,15,9,1,15.0,166.67,South Africa
314622,Krishmar Santokie,LHB,ON_THE_STUMPS,FULL,11,9,2,5.5,122.22,West Indies
1202263,Thomas Kelly,RHB,OUTSIDE_OFFSTUMP,SHORT,10,9,3,3.33,111.11,Australia
1243738,Mitchell Hay,RHB,OUTSIDE_OFFSTUMP,FULL,23,9,1,23.0,255.56,New Zealand
1209270,Himanshu Rathod,RHB,ON_THE_STUMPS,FULL,9,9,2,4.5,100.0,Qatar
233904,Yasim Murtaza,LHB,OUTSIDE_OFFSTUMP,SHORT_OF_A_GOOD_LENGTH,4,9,1,4.0,44.44,Hong Kong
314743,Shykat Ali,RHB,ON_THE_STUMPS,SHORT_OF_A_GOOD_LENGTH,6,9,1,6.0,66.67,Bangladesh
420402,Afsar Zazai,RHB,ON_THE_STUMPS,SHORT_OF_A_GOOD_LENGTH,11,9,2,5.5,122.22,Afghanistan
429668,Imal Liyanage,LHB,ON_THE_STUMPS,FULL,10,9,1,10.0,111.11,Qatar
362603,Shafiqullah,RHB,WIDE_OUTSIDE_OFFSTUMP,FULL,19,9,1,19.0,211.11,Afghanistan
249866,Alex Hales,RHB,WIDE_OUTSIDE_OFFSTUMP,YORKER,6,9,1,6.0,66.67,England
603410,Ben McDermott,RHB,WIDE_OUTSIDE_OFFSTUMP,FULL_TOSS,14,9,2,7.0,155.56,Australia
429738,Lakshan Sandakan,RHB,ON_THE_STUMPS,FULL,8,9,1,8.0,88.89,Sri Lanka
251721,Adam Lyth,LHB,DOWN_LEG,FULL,17,9,1,17.0,188.89,England
665053,Zak Crawley,RHB,DOWN_LEG,GOOD_LENGTH,8,9,2,4.0,88.89,England
1168667,Joshua Da Silva,RHB,WIDE_OUTSIDE_OFFSTUMP,GOOD_LENGTH,7,9,1,7.0,77.78,West Indies
331375,Hamish Rutherford,LHB,DOWN_LEG,SHORT_OF_A_GOOD_LENGTH,4,9,1,4.0,44.44,New Zealand
1079470,Ramandeep Singh,RHB,OUTSIDE_OFFSTUMP,SHORT,22,9,1,22.0,244.44,India
272262,Kane Richardson,RHB,OUTSIDE_OFFSTUMP,FULL_TOSS,9,9,1,9.0,100.0,Australia
272262,Kane Richardson,RHB,ON_THE_STUMPS,SHORT_OF_A_GOOD_LENGTH,13,9,2,6.5,144.44,Australia
460079,Miles Hammond,LHB,ON_THE_STUMPS,GOOD_LENGTH,7,9,2,3.5,77.78,England
554700,Nikhil Naik,RHB,ON_THE_STUMPS,GOOD_LENGTH,5,9,1,5.0,55.56,India
1081730,Matthew Gilkes,LHB,ON_THE_STUMPS,SHORT,11,9,1,11.0,122.22,Australia
302579,Shreevats Goswami,LHB,ON_THE_STUMPS,SHORT_OF_A_GOOD_LENGTH,8,9,2,4.0,88.89,India
302845,Tony Ura,RHB,ON_THE_STUMPS,SHORT_OF_A_GOOD_LENGTH,4,9,2,2.0,44.44,Papua New Guinea
56154,Shamsur Rahman,RHB,OUTSIDE_OFFSTUMP,SHORT,6,9,2,3.0,66.67,Bangladesh
303423,Andy Balbirnie,RHB,ON_THE_STUMPS,YORKER,5,9,1,5.0,55.56,Ireland
629059,Yasir Ali,RHB,DOWN_LEG,SHORT_OF_A_GOOD_LENGTH,16,9,2,8.0,177.78,Bangladesh
215155,Usman Khawaja,LHB,ON_THE_STUMPS,FULL_TOSS,13,9,1,13.0,144.44,Australia
467350,Jonathan Foo,RHB,OUTSIDE_OFFSTUMP,FULL,28,9,2,14.0,311.11,West Indies
303423,Andy Balbirnie,RHB,ON_THE_STUMPS,FULL_TOSS,17,9,1,17.0,188.89,Ireland
550251,Kyle Simmonds,LHB,ON_THE_STUMPS,GOOD_LENGTH,7,9,1,7.0,77.78,South Africa
1079434,Riyan Parag,RHB,DOWN_LEG,FULL,19,9,1,19.0,211.11,India
464702,Diego Rosier,RHB,OUTSIDE_OFFSTUMP,SHORT_OF_A_GOOD_LENGTH,5,9,1,5.0,55.56,South Africa
553249,Bjorn Fortuin,RHB,WIDE_OUTSIDE_OFFSTUMP,FULL,12,9,1,12.0,133.33,South Africa
470633,Tom Kohler-Cadmore,RHB,ON_THE_STUMPS,YORKER,5,9,1,5.0,55.56,England
1112537,Jordan Cox,RHB,ON_THE_STUMPS,FULL_TOSS,6,9,1,6.0,66.67,England
824159,Tayyab Tahir,RHB,OUTSIDE_OFFSTUMP,SHORT,12,9,2,6.0,133.33,Pakistan
448074,Martin Coetzee,RHB,OUTSIDE_OFFSTUMP,GOOD_LENGTH,10,9,1,10.0,111.11,Hong Kong
36592,Peter Borren,RHB,OUTSIDE_OFFSTUMP,FULL,7,9,1,7.0,77.78,Netherlands
629065,Nihaduzzaman,RHB,OUTSIDE_OFFSTUMP,SHORT_OF_A_GOOD_LENGTH,14,9,1,14.0,155.56,Bangladesh
36581,Neil Broom,RHB,OUTSIDE_OFFSTUMP,SHORT,25,9,1,25.0,277.78,New Zealand
557298,Daniel Worrall,RHB,ON_THE_STUMPS,GOOD_LENGTH,14,9,1,14.0,155.56,Australia
447261,Deepak Chahar,RHB,OUTSIDE_OFFSTUMP,SHORT_OF_A_GOOD_LENGTH,14,9,1,14.0,155.56,India
228622,John Hastings,RHB,ON_THE_STUMPS,GOOD_LENGTH,3,9,3,1.0,33.33,Australia
300618,Nasir Hossain,RHB,WIDE_OUTSIDE_OFFSTUMP,GOOD_LENGTH,9,9,1,9.0,100.0,Bangladesh
825211,Ryan Gibson,RHB,ON_THE_STUMPS,SHORT_OF_A_GOOD_LENGTH,10,9,2,5.0,111.11,Australia
228943,Sunny Sohal,RHB,OUTSIDE_OFFSTUMP,FULL,4,9,1,4.0,44.44,United States of America
559062,Nick Kelly,LHB,ON_THE_STUMPS,SHORT,19,9,3,6.33,211.11,New Zealand
333624,Alex Ross,RHB,ON_THE_STUMPS,YORKER,9,9,3,3.0,100.0,Australia
537124,Gurkeerat Singh Mann,RHB,WIDE_OUTSIDE_OFFSTUMP,GOOD_LENGTH,15,9,1,15.0,166.67,India
1083851,Suyash Prabhudessai,RHB,ON_THE_STUMPS,SHORT_OF_A_GOOD_LENGTH,14,9,1,14.0,155.56,India
787987,Marnus Labuschagne,RHB,OUTSIDE_OFFSTUMP,SHORT,9,9,1,9.0,100.0,Australia
332937,Jahmar Hamilton,RHB,OUTSIDE_OFFSTUMP,GOOD_LENGTH,4,9,2,2.0,44.44,West Indies
629059,Yasir Ali,RHB,WIDE_OUTSIDE_OFFSTUMP,SHORT_OF_A_GOOD_LENGTH,18,9,1,18.0,200.0,Bangladesh
526441,Mark Adair,RHB,WIDE_OUTSIDE_OFFSTUMP,GOOD_LENGTH,5,9,1,5.0,55.56,Ireland
494581,Rahkeem Cornwall,RHB,ON_THE_STUMPS,YORKER,0,9,3,0.0,0.0,West Indies
457249,Carlos Brathwaite,RHB,DOWN_LEG,SHORT,14,9,1,14.0,155.56,West Indies
376169,Michael Neser,RHB,OUTSIDE_OFFSTUMP,SHORT,9,9,3,3.0,100.0,Australia
1089962,Patrick Dooley,LHB,OUTSIDE_OFFSTUMP,GOOD_LENGTH,4,9,2,2.0,44.44,Australia
452543,Ali Zaheer,LHB,ON_THE_STUMPS,GOOD_LENGTH,6,9,1,6.0,66.67,Kuwait
1076722,Will Sutherland,RHB,OUTSIDE_OFFSTUMP,FULL_TOSS,11,9,1,11.0,122.22,Australia
823339,Ahmer Bin Nasir,RHB,OUTSIDE_OFFSTUMP,FULL,19,9,1,19.0,211.11,Bahrain
781297,James Seymour,LHB,ON_THE_STUMPS,GOOD_LENGTH,14,9,1,14.0,155.56,Australia
541224,Luke Jongwe,RHB,ON_THE_STUMPS,YORKER,8,9,2,4.0,88.89,Zimbabwe
481896,Mohammed Shami,RHB,OUTSIDE_OFFSTUMP,SHORT_OF_A_GOOD_LENGTH,10,9,1,10.0,111.11,India
307817,Adnan Idrees,RHB,ON_THE_STUMPS,GOOD_LENGTH,9,9,1,9.0,100.0,Kuwait
481875,George Linde,LHB,WIDE_OUTSIDE_OFFSTUMP,GOOD_LENGTH,14,9,2,7.0,155.56,South Africa
819429,Azmatullah Omarzai,RHB,OUTSIDE_OFFSTUMP,SHORT,20,9,1,20.0,222.22,Afghanistan
1410577,Bevon Jacobs,RHB,ON_THE_STUMPS,GOOD_LENGTH,21,9,2,10.5,233.33,
816627,Macalister Wright,RHB,OUTSIDE_OFFSTUMP,SHORT,16,9,1,16.0,177.78,Australia
493773,Lockie Ferguson,RHB,OUTSIDE_OFFSTUMP,GOOD_LENGTH,12,9,1,12.0,133.33,New Zealand
814241,Deepraj Gaonkar,RHB,ON_THE_STUMPS,GOOD_LENGTH,8,9,2,4.0,88.89,India
326016,Bhuvneshwar Kumar,RHB,WIDE_OUTSIDE_OFFSTUMP,GOOD_LENGTH,3,9,2,1.5,33.33,India
326639,Simon Milenko,RHB,ON_THE_STUMPS,SHORT_OF_A_GOOD_LENGTH,13,9,1,13.0,144.44,Australia
628240,Hussain Talat,LHB,ON_THE_STUMPS,FULL_TOSS,12,9,1,12.0,133.33,Pakistan
549950,Munim Shahriar,RHB,WIDE_OUTSIDE_OFFSTUMP,GOOD_LENGTH,10,9,1,10.0,111.11,Bangladesh
820689,Shamar Springer,RHB,ON_THE_STUMPS,FULL,7,9,2,3.5,77.78,West Indies
1428999,Vimukthi Viraj,RHB,ON_THE_STUMPS,SHORT_OF_A_GOOD_LENGTH,6,9,1,6.0,66.67,
486672,Theunis de Bruyn,RHB,WIDE_OUTSIDE_OFFSTUMP,SHORT_OF_A_GOOD_LENGTH,6,9,1,6.0,66.67,South Africa
625383,Jasprit Bumrah,RHB,OUTSIDE_OFFSTUMP,SHORT_OF_A_GOOD_LENGTH,9,9,1,9.0,100.0,India
1058990,Ansh Tandon,LHB,ON_THE_STUMPS,GOOD_LENGTH,6,9,1,6.0,66.67,United Arab Emirates
793467,Karim Janat,RHB,ON_THE_STUMPS,FULL_TOSS,18,9,1,18.0,200.0,Afghanistan
1073111,Ahsan Hafeez,LHB,ON_THE_STUMPS,GOOD_LENGTH,17,9,1,17.0,188.89,Pakistan
53118,Dwayne Smith,RHB,OUTSIDE_OFFSTUMP,YORKER,0,9,1,0.0,0.0,West Indies
1076382,Mackenzie Harvey,LHB,DOWN_LEG,SHORT_OF_A_GOOD_LENGTH,7,9,1,7.0,77.78,Australia
1076579,Mohammad Ishaq,RHB,ON_THE_STUMPS,FULL,12,9,1,12.0,133.33,Afghanistan
793467,Karim Janat,RHB,ON_THE_STUMPS,YORKER,8,9,1,8.0,88.89,Afghanistan
327947,Dane Paterson,RHB,OUTSIDE_OFFSTUMP,GOOD_LENGTH,7,9,1,7.0,77.78,South Africa
379145,Tabraiz Shamsi,RHB,OUTSIDE_OFFSTUMP,GOOD_LENGTH,3,9,2,1.5,33.33,South Africa
1076722,Will Sutherland,RHB,ON_THE_STUMPS,FULL_TOSS,6,9,1,6.0,66.67,Australia
328026,Isuru Udana,RHB,WIDE_OUTSIDE_OFFSTUMP,FULL,15,9,2,7.5,166.67,Sri Lanka
550215,Kagiso Rabada,LHB,WIDE_OUTSIDE_OFFSTUMP,FULL,7,9,2,3.5,77.78,South Africa
56167,Ziaur Rahman,RHB,OUTSIDE_OFFSTUMP,SHORT,18,9,1,18.0,200.0,Bangladesh
327830,Dwaine Pretorius,RHB,ON_THE_STUMPS,YORKER,7,9,3,2.33,77.78,South Africa
480603,Iftikhar Ahmed,RHB,DOWN_LEG,SHORT_OF_A_GOOD_LENGTH,13,9,1,13.0,144.44,Pakistan
326016,Bhuvneshwar Kumar,RHB,OUTSIDE_OFFSTUMP,FULL_TOSS,6,9,2,3.0,66.67,India
1071473,Jan Nicol Loftie-Eaton,LHB,ON_THE_STUMPS,GOOD_LENGTH,3,9,3,1.0,33.33,Namibia
1397994,Mohammad Ahnaff,RHB,OUTSIDE_OFFSTUMP,FULL,8,9,1,8.0,88.89,Qatar
1048897,Avi Dixit,LHB,ON_THE_STUMPS,FULL,12,9,1,12.0,133.33,Singapore
211748,Benny Howell,RHB,WIDE_OUTSIDE_OFFSTUMP,SHORT_OF_A_GOOD_LENGTH,16,9,1,16.0,177.78,England
526021,Cole McConchie,RHB,OUTSIDE_OFFSTUMP,SHORT,12,9,1,12.0,133.33,New Zealand
303669,Joe Root,RHB,DOWN_LEG,FULL_TOSS,13,9,1,13.0,144.44,England
308251,David Willey,LHB,ON_THE_STUMPS,YORKER,5,9,6,0.83,55.56,England
628240,Hussain Talat,LHB,WIDE_OUTSIDE_OFFSTUMP,GOOD_LENGTH,8,9,3,2.67,88.89,Pakistan
550215,Kagiso Rabada,LHB,DOWN_LEG,SHORT_OF_A_GOOD_LENGTH,14,9,1,14.0,155.56,South Africa
794749,Faisal Khan,RHB,OUTSIDE_OFFSTUMP,SHORT_OF_A_GOOD_LENGTH,12,9,2,6.0,133.33,Saudi Arabia
32102,Naman Ojha,RHB,ON_THE_STUMPS,FULL_TOSS,12,9,2,6.0,133.33,India
32102,Naman Ojha,RHB,DOWN_LEG,GOOD_LENGTH,11,9,1,11.0,122.22,India
310107,Danny Briggs,RHB,OUTSIDE_OFFSTUMP,GOOD_LENGTH,19,9,1,19.0,211.11,England
388678,Ben Dunk,LHB,ON_THE_STUMPS,YORKER,2,9,3,0.67,22.22,Australia
535393,Senuran Muthusamy,LHB,OUTSIDE_OFFSTUMP,SHORT,20,9,1,20.0,222.22,South Africa
961407,Harry Tector,RHB,DOWN_LEG,SHORT_OF_A_GOOD_LENGTH,12,9,1,12.0,133.33,Ireland
1148776,Arjun Tendulkar,LHB,OUTSIDE_OFFSTUMP,GOOD_LENGTH,2,9,2,1.0,22.22,India
499660,Gurinder Sandhu,LHB,OUTSIDE_OFFSTUMP,SHORT_OF_A_GOOD_LENGTH,9,9,1,9.0,100.0,Australia
959789,Hassan Khan,RHB,OUTSIDE_OFFSTUMP,FULL,11,9,1,11.0,122.22,United States of America
1150772,Tom Hartley,LHB,OUTSIDE_OFFSTUMP,SHORT_OF_A_GOOD_LENGTH,9,9,1,9.0,100.0,England
55893,Fazle Mahmud,LHB,DOWN_LEG,SHORT_OF_A_GOOD_LENGTH,12,9,1,12.0,133.33,Bangladesh
535393,Senuran Muthusamy,LHB,ON_THE_STUMPS,SHORT_OF_A_GOOD_LENGTH,18,9,1,18.0,200.0,South Africa
293831,Regis Chakabva,RHB,OUTSIDE_OFFSTUMP,SHORT,6,9,1,6.0,66.67,Zimbabwe
269280,Reeza Hendricks,RHB,DOWN_LEG,SHORT,26,9,1,26.0,288.89,South Africa
1131646,Kimani Melius,RHB,OUTSIDE_OFFSTUMP,GOOD_LENGTH,8,9,2,4.0,88.89,West Indies
52912,Ravi Rampaul,LHB,OUTSIDE_OFFSTUMP,GOOD_LENGTH,1,9,4,0.25,11.11,West Indies
827051,Blessing Muzarabani,RHB,OUTSIDE_OFFSTUMP,FULL,7,9,1,7.0,77.78,Zimbabwe
827051,Blessing Muzarabani,RHB,OUTSIDE_OFFSTUMP,GOOD_LENGTH,1,9,2,0.5,11.11,Zimbabwe
230861,Malusi Siboto,LHB,OUTSIDE_OFFSTUMP,GOOD_LENGTH,9,9,1,9.0,100.0,South Africa
959833,Wes Agar,RHB,ON_THE_STUMPS,FULL,11,9,1,11.0,122.22,Australia
781285,Jake Weatherald,LHB,WIDE_OUTSIDE_OFFSTUMP,SHORT_OF_A_GOOD_LENGTH,17,9,1,17.0,188.89,Australia
719715,Washington Sundar,LHB,OUTSIDE_OFFSTUMP,SHORT,14,9,3,4.67,155.56,India
232361,Kieran Noema-Barnett,LHB,OUTSIDE_OFFSTUMP,GOOD_LENGTH,9,9,1,9.0,100.0,New Zealand
717373,Amad Butt,RHB,OUTSIDE_OFFSTUMP,GOOD_LENGTH,3,9,1,3.0,33.33,Pakistan
32102,Naman Ojha,RHB,WIDE_OUTSIDE_OFFSTUMP,FULL,22,9,1,22.0,244.44,India
437448,Jake Lehmann,LHB,DOWN_LEG,GOOD_LENGTH,5,9,1,5.0,55.56,Australia
268740,Seekkuge Prasanna,RHB,WIDE_OUTSIDE_OFFSTUMP,SHORT,20,9,1,20.0,222.22,Sri Lanka
317248,Saad Nasim,RHB,OUTSIDE_OFFSTUMP,SHORT_OF_A_GOOD_LENGTH,18,9,1,18.0,200.0,Pakistan
588471,Hokaito Zhimomi,RHB,OUTSIDE_OFFSTUMP,SHORT_OF_A_GOOD_LENGTH,2,9,1,2.0,22.22,India
590326,Mitchell Swepson,RHB,ON_THE_STUMPS,SHORT_OF_A_GOOD_LENGTH,7,9,3,2.33,77.78,Australia
55870,Sean Williams,LHB,ON_THE_STUMPS,FULL_TOSS,9,9,2,4.5,100.0,Zimbabwe
1277545,Abishek Porel,LHB,ON_THE_STUMPS,FULL_TOSS,11,9,3,3.67,122.22,India
958691,Ashen Bandara,RHB,WIDE_OUTSIDE_OFFSTUMP,FULL,10,9,1,10.0,111.11,Sri Lanka
701227,Ainool Hafizs,RHB,ON_THE_STUMPS,GOOD_LENGTH,9,9,3,3.0,100.0,Malaysia
290727,Rishi Dhawan,RHB,ON_THE_STUMPS,FULL,9,9,1,9.0,100.0,India
1161022,Sundeep Jora,RHB,ON_THE_STUMPS,FULL,21,9,1,21.0,233.33,Nepal
594322,Corbin Bosch,RHB,ON_THE_STUMPS,FULL_TOSS,22,9,1,22.0,244.44,South Africa
434813,Marcus Harris,LHB,ON_THE_STUMPS,SHORT,22,9,3,7.33,244.44,Australia
267724,Keshav Maharaj,RHB,OUTSIDE_OFFSTUMP,SHORT,9,9,1,9.0,100.0,South Africa
1060380,Ruturaj Gaikwad,RHB,WIDE_OUTSIDE_OFFSTUMP,SHORT_OF_A_GOOD_LENGTH,22,9,1,22.0,244.44,India
290948,Mohammad Amir,LHB,DOWN_LEG,SHORT,3,9,2,1.5,33.33,Pakistan
1158100,Mohammad Hasnain,RHB,ON_THE_STUMPS,GOOD_LENGTH,3,9,1,3.0,33.33,Pakistan
709675,James Bazley,RHB,WIDE_OUTSIDE_OFFSTUMP,FULL,18,9,1,18.0,200.0,Australia
520183,Zeeshan Ashraf,LHB,OUTSIDE_OFFSTUMP,FULL,12,9,2,6.0,133.33,Pakistan
277911,George Worker,LHB,DOWN_LEG,SHORT,16,9,2,8.0,177.78,New Zealand
707177,Josh Finnie,RHB,OUTSIDE_OFFSTUMP,GOOD_LENGTH,12,9,1,12.0,133.33,New Zealand
959767,Rachin Ravindra,LHB,DOWN_LEG,SHORT_OF_A_GOOD_LENGTH,15,9,1,15.0,166.67,New Zealand
29264,Harbhajan Singh,RHB,OUTSIDE_OFFSTUMP,SHORT,6,9,1,6.0,66.67,India
500267,Seb Gotch,RHB,OUTSIDE_OFFSTUMP,FULL_TOSS,10,9,2,5.0,111.11,Australia
6161,Michael Klinger,RHB,OUTSIDE_OFFSTUMP,SHORT,14,9,2,7.0,155.56,Australia
500267,Seb Gotch,RHB,OUTSIDE_OFFSTUMP,SHORT,14,9,2,7.0,155.56,Australia
707111,Henry Cooper,RHB,OUTSIDE_OFFSTUMP,FULL,3,9,1,3.0,33.33,New Zealand
585083,Zeeshan Maqsood,LHB,ON_THE_STUMPS,SHORT_OF_A_GOOD_LENGTH,9,9,1,9.0,100.0,Oman
290948,Mohammad Amir,LHB,ON_THE_STUMPS,YORKER,3,9,6,0.5,33.33,Pakistan
28763,Gautam Gambhir,LHB,ON_THE_STUMPS,YORKER,5,9,1,5.0,55.56,India
384518,Hammad Azam,RHB,OUTSIDE_OFFSTUMP,SHORT_OF_A_GOOD_LENGTH,11,9,2,5.5,122.22,United States of America
8119,Adam Voges,RHB,OUTSIDE_OFFSTUMP,SHORT,13,9,1,13.0,144.44,Australia
605683,Migael Pretorius,RHB,OUTSIDE_OFFSTUMP,FULL,12,9,1,12.0,133.33,South Africa
5939,Michael Hussey,LHB,ON_THE_STUMPS,GOOD_LENGTH,11,9,1,11.0,122.22,Australia
375724,Kamrul Islam,RHB,OUTSIDE_OFFSTUMP,GOOD_LENGTH,7,9,2,3.5,77.78,Bangladesh
444135,Sohag Gazi,RHB,ON_THE_STUMPS,SHORT_OF_A_GOOD_LENGTH,16,9,2,8.0,177.78,Bangladesh
297628,Sam Billings,RHB,OUTSIDE_OFFSTUMP,YORKER,9,9,1,9.0,100.0,England
774217,Clint Hinchliffe,LHB,ON_THE_STUMPS,FULL,10,9,1,10.0,111.11,Australia
333904,Aditya Tare,RHB,ON_THE_STUMPS,SHORT_OF_A_GOOD_LENGTH,4,9,1,4.0,44.44,India
1126045,Nishan Madushka,RHB,ON_THE_STUMPS,FULL,6,9,1,6.0,66.67,Sri Lanka
559235,Kuldeep Yadav,LHB,DOWN_LEG,SHORT,5,9,1,5.0,55.56,India
1294141,Aryansh Sharma,RHB,ON_THE_STUMPS,FULL,16,9,1,16.0,177.78,United Arab Emirates
446499,Unmukt Chand,RHB,WIDE_OUTSIDE_OFFSTUMP,GOOD_LENGTH,3,9,1,3.0,33.33,United States of America
527663,Jagadeesha Suchith,LHB,OUTSIDE_OFFSTUMP,FULL,9,9,1,9.0,100.0,India
446507,Suryakumar Yadav,RHB,DOWN_LEG,SHORT,20,9,1,20.0,222.22,India
46942,Aaron Phangiso,RHB,ON_THE_STUMPS,GOOD_LENGTH,14,9,1,14.0,155.56,South Africa
571703,Wellington Masakadza,LHB,OUTSIDE_OFFSTUMP,SHORT_OF_A_GOOD_LENGTH,9,9,2,4.5,100.0,Zimbabwe
971349,Nandre Burger,LHB,OUTSIDE_OFFSTUMP,SHORT_OF_A_GOOD_LENGTH,3,9,1,3.0,33.33,South Africa
1125976,Arshdeep Singh,LHB,ON_THE_STUMPS,SHORT_OF_A_GOOD_LENGTH,2,9,2,1.0,22.22,India
444970,Jimmy Peirson,RHB,ON_THE_STUMPS,YORKER,3,9,1,3.0,33.33,Australia
32966,Piyush Chawla,LHB,DOWN_LEG,SHORT_OF_A_GOOD_LENGTH,3,9,2,1.5,33.33,India
629074,Kusal Mendis,RHB,WIDE_OUTSIDE_OFFSTUMP,SHORT,17,9,1,17.0,188.89,Sri Lanka
498591,Travis Muller,RHB,OUTSIDE_OFFSTUMP,GOOD_LENGTH,10,9,2,5.0,111.11,South Africa
605683,Migael Pretorius,RHB,ON_THE_STUMPS,FULL,12,9,1,12.0,133.33,South Africa
559066,Ish Sodhi,RHB,ON_THE_STUMPS,YORKER,4,9,4,1.0,44.44,New Zealand
229225,Kashif Daud,RHB,OUTSIDE_OFFSTUMP,GOOD_LENGTH,9,9,1,9.0,100.0,United Arab Emirates
375126,Hardus Viljoen,RHB,ON_THE_STUMPS,SHORT_OF_A_GOOD_LENGTH,5,9,2,2.5,55.56,South Africa
559066,Ish Sodhi,RHB,OUTSIDE_OFFSTUMP,SHORT,3,9,4,0.75,33.33,New Zealand
1339045,Chanchal Rathore,RHB,ON_THE_STUMPS,FULL,3,8,1,3.0,37.5,India
605683,Migael Pretorius,RHB,WIDE_OUTSIDE_OFFSTUMP,GOOD_LENGTH,15,8,1,15.0,187.5,South Africa
643885,Saqib Mahmood,RHB,OUTSIDE_OFFSTUMP,FULL,7,8,1,7.0,87.5,England
1339049,Harsh Desai,LHB,ON_THE_STUMPS,GOOD_LENGTH,14,8,2,7.0,175.0,India
605680,Janneman Malan,RHB,ON_THE_STUMPS,FULL_TOSS,5,8,2,2.5,62.5,South Africa
922941,Abdullah Shafique,RHB,DOWN_LEG,FULL,14,8,1,14.0,175.0,Pakistan
926717,Christian Leopard,RHB,OUTSIDE_OFFSTUMP,GOOD_LENGTH,12,8,1,12.0,150.0,New Zealand
390481,Harshal Patel,RHB,ON_THE_STUMPS,YORKER,5,8,1,5.0,62.5,India
1277545,Abishek Porel,LHB,DOWN_LEG,SHORT,15,8,1,15.0,187.5,India
605576,Cameron Valente,RHB,OUTSIDE_OFFSTUMP,FULL,4,8,2,2.0,50.0,Australia
1277545,Abishek Porel,LHB,DOWN_LEG,SHORT_OF_A_GOOD_LENGTH,14,8,1,14.0,175.0,India
381329,Beau Webster,RHB,ON_THE_STUMPS,YORKER,6,8,1,6.0,75.0,Australia
1301600,Umer Toor,RHB,OUTSIDE_OFFSTUMP,SHORT_OF_A_GOOD_LENGTH,10,8,1,10.0,125.0,Bahrain
643433,George Garton,LHB,ON_THE_STUMPS,SHORT_OF_A_GOOD_LENGTH,6,8,1,6.0,75.0,England
519070,Gerhard Erasmus,RHB,ON_THE_STUMPS,YORKER,6,8,3,2.0,75.0,Namibia
1402600,Pratik Athavale,RHB,OUTSIDE_OFFSTUMP,SHORT_OF_A_GOOD_LENGTH,9,8,1,9.0,112.5,Oman
629074,Kusal Mendis,RHB,DOWN_LEG,FULL_TOSS,21,8,1,21.0,262.5,Sri Lanka
921509,Ibrahim Zadran,RHB,WIDE_OUTSIDE_OFFSTUMP,SHORT,14,8,1,14.0,175.0,Afghanistan
380956,Michael Rippon,RHB,ON_THE_STUMPS,FULL,11,8,1,11.0,137.5,New Zealand
623695,Chamika Karunaratne,RHB,ON_THE_STUMPS,YORKER,8,8,2,4.0,100.0,Sri Lanka
629075,Minod Bhanuka,LHB,ON_THE_STUMPS,SHORT,12,8,1,12.0,150.0,Sri Lanka
1343701,Uday Hathinjar,RHB,ON_THE_STUMPS,GOOD_LENGTH,2,8,3,0.67,25.0,Cambodia
629058,Najmul Hossain Shanto,LHB,WIDE_OUTSIDE_OFFSTUMP,FULL,8,8,1,8.0,100.0,Bangladesh
1246518,Karan Sharma,RHB,OUTSIDE_OFFSTUMP,SHORT_OF_A_GOOD_LENGTH,8,8,2,4.0,100.0,India
638912,Matthew Kelly,RHB,ON_THE_STUMPS,FULL,10,8,1,10.0,125.0,Australia
924551,Lahiru Samarakoon,LHB,OUTSIDE_OFFSTUMP,SHORT_OF_A_GOOD_LENGTH,11,8,1,11.0,137.5,Sri Lanka
926597,Aminul Islam,RHB,OUTSIDE_OFFSTUMP,SHORT_OF_A_GOOD_LENGTH,12,8,1,12.0,150.0,Bangladesh
642525,Sarfaraz Khan,RHB,WIDE_OUTSIDE_OFFSTUMP,SHORT_OF_A_GOOD_LENGTH,8,8,1,8.0,100.0,India
1287032,Naman Dhir,RHB,ON_THE_STUMPS,GOOD_LENGTH,16,8,2,8.0,200.0,India
388802,Tom Latham,LHB,ON_THE_STUMPS,SHORT,13,8,1,13.0,162.5,New Zealand
512907,Tom Helm,RHB,OUTSIDE_OFFSTUMP,GOOD_LENGTH,12,8,1,12.0,150.0,England
391832,Roston Chase,RHB,ON_THE_STUMPS,YORKER,5,8,1,5.0,62.5,West Indies
629059,Yasir Ali,RHB,ON_THE_STUMPS,SHORT,7,8,2,3.5,87.5,Bangladesh
1246467,Ishaan Gadekar,LHB,OUTSIDE_OFFSTUMP,FULL,20,8,1,20.0,250.0,India
379887,Lizaad Williams,LHB,ON_THE_STUMPS,GOOD_LENGTH,3,8,3,1.0,37.5,South Africa
384518,Hammad Azam,RHB,ON_THE_STUMPS,GOOD_LENGTH,3,8,1,3.0,37.5,United States of America
528332,Nikhil Gangta,RHB,OUTSIDE_OFFSTUMP,SHORT_OF_A_GOOD_LENGTH,13,8,1,13.0,162.5,India
1284669,Usman Khalid,LHB,OUTSIDE_OFFSTUMP,GOOD_LENGTH,10,8,2,5.0,125.0,Saudi Arabia
1300795,Akshat Raghuwanshi,RHB,ON_THE_STUMPS,FULL,12,8,2,6.0,150.0,India
628240,Hussain Talat,LHB,OUTSIDE_OFFSTUMP,YORKER,9,8,1,9.0,112.5,Pakistan
906783,Obed McCoy,LHB,OUTSIDE_OFFSTUMP,SHORT_OF_A_GOOD_LENGTH,8,8,2,4.0,100.0,West Indies
1273888,Mohit Mittan,RHB,OUTSIDE_OFFSTUMP,FULL,9,8,1,9.0,112.5,India
629063,Mehidy Hasan Miraz,RHB,DOWN_LEG,FULL,10,8,1,10.0,125.0,Bangladesh
914171,Qais Ahmad,RHB,WIDE_OUTSIDE_OFFSTUMP,GOOD_LENGTH,7,8,1,7.0,87.5,Afghanistan
643197,Max O'Dowd,RHB,ON_THE_STUMPS,SHORT,23,8,1,23.0,287.5,Netherlands
1369884,Manan Ali,RHB,OUTSIDE_OFFSTUMP,FULL,9,8,1,9.0,112.5,Saudi Arabia
1284541,Zain Ul Abidin,LHB,ON_THE_STUMPS,FULL,6,8,2,3.0,75.0,Saudi Arabia
392945,Donald Tiripano,RHB,ON_THE_STUMPS,GOOD_LENGTH,2,8,4,0.5,25.0,Zimbabwe
921509,Ibrahim Zadran,RHB,ON_THE_STUMPS,SHORT,26,8,1,26.0,325.0,Afghanistan
1369680,Clinto Anto,RHB,OUTSIDE_OFFSTUMP,SHORT_OF_A_GOOD_LENGTH,24,8,1,24.0,300.0,Kuwait
1360563,Muhammad Abbas,RHB,OUTSIDE_OFFSTUMP,FULL,15,8,1,15.0,187.5,New Zealand
1254269,Aman Hakim Khan,RHB,ON_THE_STUMPS,SHORT_OF_A_GOOD_LENGTH,4,8,2,2.0,50.0,India
647667,Usama Mir,RHB,ON_THE_STUMPS,FULL,9,8,2,4.5,112.5,Pakistan
989749,SM Meherob,LHB,OUTSIDE_OFFSTUMP,GOOD_LENGTH,3,8,1,3.0,37.5,
781285,Jake Weatherald,LHB,ON_THE_STUMPS,YORKER,4,8,2,2.0,50.0,Australia
537119,Mohit Sharma,RHB,ON_THE_STUMPS,FULL,8,8,1,8.0,100.0,India
1123428,Usman Khan,RHB,ON_THE_STUMPS,FULL_TOSS,17,8,1,17.0,212.5,Pakistan
772361,Sam Harper,RHB,ON_THE_STUMPS,YORKER,5,8,1,5.0,62.5,Australia
497121,Deepak Hooda,RHB,DOWN_LEG,SHORT,11,8,2,5.5,137.5,India
766809,Jordan Thompson,LHB,ON_THE_STUMPS,SHORT_OF_A_GOOD_LENGTH,18,8,1,18.0,225.0,England
537119,Mohit Sharma,RHB,ON_THE_STUMPS,FULL_TOSS,9,8,1,9.0,112.5,India
647667,Usama Mir,RHB,OUTSIDE_OFFSTUMP,SHORT_OF_A_GOOD_LENGTH,12,8,2,6.0,150.0,Pakistan
557295,Hilton Cartwright,RHB,DOWN_LEG,SHORT,17,8,3,5.67,212.5,Australia
1093669,Muhammad Tanveer,RHB,ON_THE_STUMPS,SHORT_OF_A_GOOD_LENGTH,10,8,1,10.0,125.0,Qatar
1099224,Will Smeed,RHB,OUTSIDE_OFFSTUMP,FULL_TOSS,14,8,1,14.0,175.0,England
537119,Mohit Sharma,RHB,WIDE_OUTSIDE_OFFSTUMP,GOOD_LENGTH,8,8,1,8.0,100.0,India
1112537,Jordan Cox,RHB,ON_THE_STUMPS,YORKER,6,8,1,6.0,75.0,England
537119,Mohit Sharma,RHB,OUTSIDE_OFFSTUMP,SHORT,5,8,2,2.5,62.5,India
990023,Tanzid Hasan,LHB,ON_THE_STUMPS,SHORT,20,8,2,10.0,250.0,Bangladesh
446499,Unmukt Chand,RHB,ON_THE_STUMPS,SHORT_OF_A_GOOD_LENGTH,16,8,1,16.0,200.0,United States of America
827051,Blessing Muzarabani,RHB,ON_THE_STUMPS,FULL,8,8,2,4.0,100.0,Zimbabwe
721867,Jitesh Sharma,RHB,WIDE_OUTSIDE_OFFSTUMP,GOOD_LENGTH,19,8,1,19.0,237.5,India
721867,Jitesh Sharma,RHB,OUTSIDE_OFFSTUMP,FULL_TOSS,17,8,2,8.5,212.5,India
721867,Jitesh Sharma,RHB,ON_THE_STUMPS,YORKER,5,8,1,5.0,62.5,India
499607,Fahad Babar,RHB,OUTSIDE_OFFSTUMP,GOOD_LENGTH,13,8,1,13.0,162.5,United States of America
499660,Gurinder Sandhu,LHB,ON_THE_STUMPS,GOOD_LENGTH,5,8,1,5.0,62.5,Australia
959833,Wes Agar,RHB,OUTSIDE_OFFSTUMP,FULL,9,8,1,9.0,112.5,Australia
959833,Wes Agar,RHB,ON_THE_STUMPS,GOOD_LENGTH,11,8,1,11.0,137.5,Australia
717373,Amad Butt,RHB,OUTSIDE_OFFSTUMP,FULL,12,8,1,12.0,150.0,Pakistan
439952,Chris Morris,RHB,OUTSIDE_OFFSTUMP,YORKER,10,8,1,10.0,125.0,South Africa
499594,Kasun Rajitha,RHB,OUTSIDE_OFFSTUMP,FULL,4,8,1,4.0,50.0,Sri Lanka
1125715,Justin Avendano,RHB,OUTSIDE_OFFSTUMP,SHORT,19,8,1,19.0,237.5,Australia
749693,Derval Green,RHB,OUTSIDE_OFFSTUMP,SHORT_OF_A_GOOD_LENGTH,14,8,1,14.0,175.0,West Indies
962107,Rizwan Hussain,LHB,OUTSIDE_OFFSTUMP,GOOD_LENGTH,9,8,1,9.0,112.5,Pakistan
568276,Imam-ul-Haq,LHB,DOWN_LEG,SHORT,20,8,2,10.0,250.0,Pakistan
826901,Daniel Sams,RHB,DOWN_LEG,SHORT_OF_A_GOOD_LENGTH,11,8,1,11.0,137.5,Australia
722597,Akash Vasisht,LHB,OUTSIDE_OFFSTUMP,FULL,10,8,1,10.0,125.0,India
440523,Ben Wheeler,RHB,ON_THE_STUMPS,GOOD_LENGTH,15,8,2,7.5,187.5,New Zealand
961407,Harry Tector,RHB,ON_THE_STUMPS,YORKER,8,8,1,8.0,100.0,Ireland
451782,James Fuller,RHB,ON_THE_STUMPS,FULL,11,8,1,11.0,137.5,England
1070665,Dewald Brevis,RHB,ON_THE_STUMPS,FULL_TOSS,17,8,1,17.0,212.5,South Africa
806241,Richard Ngarava,LHB,OUTSIDE_OFFSTUMP,FULL,7,8,1,7.0,87.5,Zimbabwe
805235,Himmat Singh,RHB,OUTSIDE_OFFSTUMP,FULL,17,8,1,17.0,212.5,India
1070997,Connor Esterhuizen,RHB,OUTSIDE_OFFSTUMP,SHORT_OF_A_GOOD_LENGTH,6,8,1,6.0,75.0,
1048897,Avi Dixit,LHB,OUTSIDE_OFFSTUMP,GOOD_LENGTH,2,8,1,2.0,25.0,Singapore
1072470,Shaheen Shah Afridi,LHB,ON_THE_STUMPS,FULL_TOSS,11,8,1,11.0,137.5,Pakistan
1072472,Muhammad Musa,RHB,OUTSIDE_OFFSTUMP,SHORT_OF_A_GOOD_LENGTH,7,8,1,7.0,87.5,Pakistan
494230,Asif Ali,RHB,WIDE_OUTSIDE_OFFSTUMP,SHORT,17,8,2,8.5,212.5,Pakistan
550235,Tom Curran,RHB,DOWN_LEG,FULL,9,8,1,9.0,112.5,England
794713,Kushal Bhurtel,RHB,ON_THE_STUMPS,GOOD_LENGTH,3,8,1,3.0,37.5,Nepal
1076377,Oliver Davies,RHB,WIDE_OUTSIDE_OFFSTUMP,FULL,14,8,1,14.0,175.0,Australia
550137,Abu Hider,RHB,ON_THE_STUMPS,FULL,10,8,1,10.0,125.0,Bangladesh
480693,Anthony Bramble,RHB,OUTSIDE_OFFSTUMP,SHORT_OF_A_GOOD_LENGTH,2,8,1,2.0,25.0,West Indies
481875,George Linde,LHB,DOWN_LEG,GOOD_LENGTH,10,8,1,10.0,125.0,South Africa
1064812,Rahul Chahar,RHB,ON_THE_STUMPS,FULL,6,8,2,3.0,75.0,India
820685,Nicholas Kirton,LHB,OUTSIDE_OFFSTUMP,SHORT_OF_A_GOOD_LENGTH,9,8,1,9.0,112.5,Canada
547749,Will Young,RHB,WIDE_OUTSIDE_OFFSTUMP,GOOD_LENGTH,9,8,1,9.0,112.5,New Zealand
486672,Theunis de Bruyn,RHB,OUTSIDE_OFFSTUMP,SHORT,31,8,1,31.0,387.5,South Africa
545467,Junior Dala,RHB,OUTSIDE_OFFSTUMP,FULL,5,8,1,5.0,62.5,South Africa
545467,Junior Dala,RHB,ON_THE_STUMPS,FULL,5,8,1,5.0,62.5,South Africa
1070173,Shubman Gill,RHB,WIDE_OUTSIDE_OFFSTUMP,FULL_TOSS,12,8,1,12.0,150.0,India
493773,Lockie Ferguson,RHB,ON_THE_STUMPS,GOOD_LENGTH,5,8,1,5.0,62.5,New Zealand
1070180,Priyam Garg,RHB,OUTSIDE_OFFSTUMP,SHORT,18,8,2,9.0,225.0,India
1070183,Abhishek Sharma,LHB,ON_THE_STUMPS,FULL_TOSS,16,8,1,16.0,200.0,India
807657,Sanjay Raghunath,RHB,ON_THE_STUMPS,FULL,7,8,1,7.0,87.5,India
481875,George Linde,LHB,DOWN_LEG,SHORT_OF_A_GOOD_LENGTH,7,8,1,7.0,87.5,South Africa
1081525,Yash Kothari,RHB,ON_THE_STUMPS,FULL,12,8,1,12.0,150.0,India
538506,Taskin Ahmed,LHB,DOWN_LEG,GOOD_LENGTH,13,8,1,13.0,162.5,Bangladesh
990147,Akbar Ali,RHB,OUTSIDE_OFFSTUMP,SHORT_OF_A_GOOD_LENGTH,7,8,1,7.0,87.5,Bangladesh
460079,Miles Hammond,LHB,ON_THE_STUMPS,FULL,9,8,1,9.0,112.5,England
459508,Andrew Tye,RHB,WIDE_OUTSIDE_OFFSTUMP,FULL,12,8,1,12.0,150.0,Australia
459508,Andrew Tye,RHB,ON_THE_STUMPS,SHORT,7,8,1,7.0,87.5,Australia
457280,Adam Rossington,RHB,WIDE_OUTSIDE_OFFSTUMP,FULL,15,8,1,15.0,187.5,England
823509,Glenn Phillips,RHB,WIDE_OUTSIDE_OFFSTUMP,SHORT,15,8,1,15.0,187.5,New Zealand
787073,Chris Green,RHB,DOWN_LEG,GOOD_LENGTH,6,8,1,6.0,75.0,Australia
471202,Brett D'Oliveira,RHB,OUTSIDE_OFFSTUMP,GOOD_LENGTH,6,8,1,6.0,75.0,England
555853,Mark Steketee,RHB,ON_THE_STUMPS,FULL,8,8,2,4.0,100.0,Australia
1088610,Jack Edwards,RHB,OUTSIDE_OFFSTUMP,FULL_TOSS,16,8,1,16.0,200.0,Australia
555853,Mark Steketee,RHB,OUTSIDE_OFFSTUMP,SHORT,10,8,3,3.33,125.0,Australia
785323,Nathan McAndrew,RHB,ON_THE_STUMPS,SHORT_OF_A_GOOD_LENGTH,14,8,1,14.0,175.0,Australia
1090866,Vijay Unni,RHB,OUTSIDE_OFFSTUMP,SHORT_OF_A_GOOD_LENGTH,6,8,1,6.0,75.0,Malaysia
538506,Taskin Ahmed,LHB,ON_THE_STUMPS,YORKER,6,8,3,2.0,75.0,Bangladesh
462727,Tom Abell,RHB,DOWN_LEG,FULL,6,8,2,3.0,75.0,England
995037,Mahidul Islam Ankon,RHB,ON_THE_STUMPS,SHORT_OF_A_GOOD_LENGTH,3,8,1,3.0,37.5,Bangladesh
793463,Rashid Khan,RHB,DOWN_LEG,YORKER,7,8,1,7.0,87.5,Afghanistan
793463,Rashid Khan,RHB,DOWN_LEG,GOOD_LENGTH,7,8,1,7.0,87.5,Afghanistan
1076722,Will Sutherland,RHB,ON_THE_STUMPS,YORKER,6,8,1,6.0,75.0,Australia
823339,Ahmer Bin Nisar,RHB,ON_THE_STUMPS,GOOD_LENGTH,5,8,1,5.0,62.5,Bahrain
468573,Ross Adair,RHB,ON_THE_STUMPS,SHORT_OF_A_GOOD_LENGTH,20,8,1,20.0,250.0,Ireland
467350,Jonathan Foo,RHB,OUTSIDE_OFFSTUMP,GOOD_LENGTH,7,8,1,7.0,87.5,West Indies
793447,Naveen-ul-Haq,RHB,ON_THE_STUMPS,FULL_TOSS,5,8,1,5.0,62.5,Afghanistan
463668,Jake Lintott,RHB,ON_THE_STUMPS,GOOD_LENGTH,10,8,1,10.0,125.0,England
1195686,Matthew Nandu,LHB,OUTSIDE_OFFSTUMP,GOOD_LENGTH,2,8,1,2.0,25.0,West Indies
877051,Tom Banton,RHB,ON_THE_STUMPS,FULL_TOSS,20,8,1,20.0,250.0,England
530812,Akeal Hosein,LHB,DOWN_LEG,SHORT,10,8,2,5.0,125.0,West Indies
422992,Ankit Sharma,LHB,ON_THE_STUMPS,FULL,8,8,1,8.0,100.0,India
422593,Daniel Bell-Drummond,RHB,WIDE_OUTSIDE_OFFSTUMP,FULL,12,8,1,12.0,150.0,England
1201572,Karnajit Yumnam,RHB,OUTSIDE_OFFSTUMP,GOOD_LENGTH,3,8,1,3.0,37.5,India
1196500,Zawar Farid,RHB,OUTSIDE_OFFSTUMP,GOOD_LENGTH,2,8,1,2.0,25.0,United Arab Emirates
505773,Apoorv Wankhade,RHB,ON_THE_STUMPS,SHORT_OF_A_GOOD_LENGTH,20,8,1,20.0,250.0,India
932569,Imranuzzaman,RHB,ON_THE_STUMPS,GOOD_LENGTH,2,8,1,2.0,25.0,Bangladesh
596010,Gerald Coetzee,RHB,ON_THE_STUMPS,FULL,3,8,1,3.0,37.5,South Africa
1181708,Nick Greenwood,RHB,OUTSIDE_OFFSTUMP,SHORT_OF_A_GOOD_LENGTH,1,8,1,1.0,12.5,Jersey
679567,Ben Dwarshuis,LHB,OUTSIDE_OFFSTUMP,SHORT,20,8,2,10.0,250.0,Australia
940973,Mohammed Siraj,RHB,ON_THE_STUMPS,FULL,13,8,3,4.33,162.5,India
1174143,Rafiullah,RHB,ON_THE_STUMPS,FULL,14,8,2,7.0,175.0,Oman
530812,Akeal Hosein,LHB,WIDE_OUTSIDE_OFFSTUMP,GOOD_LENGTH,8,8,1,8.0,100.0,West Indies
1175460,Parvez Ahmed,RHB,ON_THE_STUMPS,FULL,1,8,1,1.0,12.5,India
681305,Hasan Ali,RHB,WIDE_OUTSIDE_OFFSTUMP,GOOD_LENGTH,10,8,1,10.0,125.0,Pakistan
681117,Faheem Ashraf,LHB,WIDE_OUTSIDE_OFFSTUMP,FULL_TOSS,13,8,2,6.5,162.5,Pakistan
595954,Duan Jansen,RHB,ON_THE_STUMPS,FULL,11,8,1,11.0,137.5,South Africa
595954,Duan Jansen,RHB,OUTSIDE_OFFSTUMP,FULL,9,8,1,9.0,112.5,South Africa
681117,Faheem Ashraf,LHB,ON_THE_STUMPS,YORKER,7,8,1,7.0,87.5,Pakistan
1201572,Karnajit Yumnam,RHB,OUTSIDE_OFFSTUMP,FULL,2,8,1,2.0,25.0,India
932405,Sabbir Hossain,RHB,OUTSIDE_OFFSTUMP,GOOD_LENGTH,4,8,3,1.33,50.0,Bangladesh
1217487,Mubasir Khan,RHB,ON_THE_STUMPS,SHORT_OF_A_GOOD_LENGTH,8,8,1,8.0,100.0,Pakistan
928067,Josh Little,RHB,OUTSIDE_OFFSTUMP,FULL,6,8,1,6.0,75.0,Ireland
511532,Al-Amin Hossain,RHB,ON_THE_STUMPS,GOOD_LENGTH,7,8,1,7.0,87.5,Bangladesh
1217156,Ravindu Fernando,RHB,ON_THE_STUMPS,GOOD_LENGTH,12,8,1,12.0,150.0,Sri Lanka
1217274,Sathaiya Veerapathiran,RHB,OUTSIDE_OFFSTUMP,FULL,17,8,1,17.0,212.5,Bahrain
1217288,Usman Patel,RHB,OUTSIDE_OFFSTUMP,SHORT_OF_A_GOOD_LENGTH,12,8,2,6.0,150.0,Kuwait
1217487,Mubasir Khan,RHB,OUTSIDE_OFFSTUMP,GOOD_LENGTH,9,8,1,9.0,112.5,Pakistan
670037,Ramaal Lewis,RHB,ON_THE_STUMPS,FULL,7,8,2,3.5,87.5,West Indies
401537,Kinchit Shah,LHB,OUTSIDE_OFFSTUMP,FULL,6,8,1,6.0,75.0,Hong Kong
653033,Priyamal Perera,RHB,OUTSIDE_OFFSTUMP,GOOD_LENGTH,19,8,1,19.0,237.5,Sri Lanka
647785,Sahibzada Farhan,RHB,WIDE_OUTSIDE_OFFSTUMP,SHORT_OF_A_GOOD_LENGTH,2,8,1,2.0,25.0,Pakistan
663613,Saif Zaib,LHB,ON_THE_STUMPS,GOOD_LENGTH,5,8,2,2.5,62.5,England
1203754,Junaid Siddique,RHB,ON_THE_STUMPS,GOOD_LENGTH,7,8,1,7.0,87.5,United Arab Emirates
1206110,Kevin Sinclair,RHB,OUTSIDE_OFFSTUMP,SHORT_OF_A_GOOD_LENGTH,0,8,1,0.0,0.0,West Indies
670013,Fabian Allen,RHB,OUTSIDE_OFFSTUMP,YORKER,6,8,1,6.0,75.0,West Indies
414971,Craig Wallace,RHB,ON_THE_STUMPS,GOOD_LENGTH,1,8,2,0.5,12.5,Scotland
510530,Jamie Overton,RHB,OUTSIDE_OFFSTUMP,SHORT,21,8,1,21.0,262.5,England
665053,Zak Crawley,RHB,WIDE_OUTSIDE_OFFSTUMP,SHORT_OF_A_GOOD_LENGTH,10,8,1,10.0,125.0,England
410765,Nurul Hasan,RHB,WIDE_OUTSIDE_OFFSTUMP,FULL_TOSS,16,8,1,16.0,200.0,Bangladesh
410765,Nurul Hasan,RHB,DOWN_LEG,GOOD_LENGTH,5,8,1,5.0,62.5,Bangladesh
1171127,Haseebullah Khan,LHB,OUTSIDE_OFFSTUMP,SHORT_OF_A_GOOD_LENGTH,12,8,1,12.0,150.0,Pakistan
946351,Valentine Kitime,RHB,OUTSIDE_OFFSTUMP,GOOD_LENGTH,1,8,1,1.0,12.5,South Africa
848623,Mark Deyal,LHB,ON_THE_STUMPS,SHORT,24,8,1,24.0,300.0,West Indies
1153149,Vijayakanth Viyaskanth,RHB,ON_THE_STUMPS,GOOD_LENGTH,4,8,1,4.0,50.0,Sri Lanka
1153767,Vikramjit Singh,LHB,ON_THE_STUMPS,FULL,7,8,1,7.0,87.5,Netherlands
436677,Soumya Sarkar,LHB,WIDE_OUTSIDE_OFFSTUMP,SHORT,18,8,1,18.0,225.0,Bangladesh
590326,Mitchell Swepson,RHB,ON_THE_STUMPS,FULL,9,8,2,4.5,112.5,Australia
1161031,Saim Ayub,LHB,ON_THE_STUMPS,YORKER,3,8,1,3.0,37.5,Pakistan
848623,Mark Deyal,LHB,WIDE_OUTSIDE_OFFSTUMP,FULL,11,8,1,11.0,137.5,West Indies
533870,Nick Larkin,RHB,ON_THE_STUMPS,SHORT,17,8,1,17.0,212.5,Australia
707113,Tom Bruce,RHB,ON_THE_STUMPS,FULL_TOSS,16,8,1,16.0,200.0,New Zealand
707183,Peter Younghusband,RHB,ON_THE_STUMPS,FULL,8,8,3,2.67,100.0,New Zealand
536936,Litton Das,RHB,DOWN_LEG,SHORT,23,8,3,7.67,287.5,Bangladesh
1150772,Tom Hartley,LHB,ON_THE_STUMPS,FULL,19,8,2,9.5,237.5,England
437448,Jake Lehmann,LHB,WIDE_OUTSIDE_OFFSTUMP,SHORT_OF_A_GOOD_LENGTH,10,8,1,10.0,125.0,Australia
581160,Khary Pierre,LHB,OUTSIDE_OFFSTUMP,SHORT_OF_A_GOOD_LENGTH,6,8,1,6.0,75.0,West Indies
581379,Shai Hope,RHB,DOWN_LEG,SHORT,20,8,1,20.0,250.0,West Indies
833777,Michael van Lingen,LHB,DOWN_LEG,SHORT_OF_A_GOOD_LENGTH,4,8,2,2.0,50.0,Namibia
709675,James Bazley,RHB,DOWN_LEG,FULL,9,8,1,9.0,112.5,Australia
707183,Peter Younghusband,RHB,OUTSIDE_OFFSTUMP,GOOD_LENGTH,4,8,2,2.0,50.0,New Zealand
429122,Umaid Asif,RHB,ON_THE_STUMPS,FULL,16,8,2,8.0,200.0,Pakistan
429903,Lesiba Ngoepe,LHB,ON_THE_STUMPS,FULL,6,8,1,6.0,75.0,South Africa
697183,Tony de Zorzi,LHB,ON_THE_STUMPS,FULL,5,8,1,5.0,62.5,South Africa
1168651,Haider Ali,RHB,DOWN_LEG,GOOD_LENGTH,11,8,2,5.5,137.5,Pakistan
1168651,Haider Ali,RHB,ON_THE_STUMPS,YORKER,1,8,5,0.2,12.5,Pakistan
853265,Mahipal Lomror,LHB,ON_THE_STUMPS,YORKER,3,8,3,1.0,37.5,India
595739,Leus du Plooy,LHB,ON_THE_STUMPS,SHORT,11,8,1,11.0,137.5,England
696401,Marco Jansen,RHB,ON_THE_STUMPS,YORKER,6,8,1,6.0,75.0,South Africa
1168049,Jake Fraser-McGurk,RHB,ON_THE_STUMPS,YORKER,7,8,1,7.0,87.5,Australia
698343,Eathan Bosch,RHB,WIDE_OUTSIDE_OFFSTUMP,FULL,3,8,1,3.0,37.5,South Africa
594322,Corbin Bosch,RHB,WIDE_OUTSIDE_OFFSTUMP,GOOD_LENGTH,10,8,2,5.0,125.0,South Africa
594329,Jacques Snyman,RHB,OUTSIDE_OFFSTUMP,SHORT_OF_A_GOOD_LENGTH,13,8,1,13.0,162.5,South Africa
1161486,Leonardo Julien,LHB,ON_THE_STUMPS,SHORT_OF_A_GOOD_LENGTH,3,8,1,3.0,37.5,West Indies
951781,Milton Shumba,LHB,DOWN_LEG,GOOD_LENGTH,5,8,1,5.0,62.5,Zimbabwe
1163855,Hayden Kerr,RHB,ON_THE_STUMPS,SHORT_OF_A_GOOD_LENGTH,8,8,1,8.0,100.0,Australia
1167770,Meet Bhavsar,LHB,DOWN_LEG,SHORT_OF_A_GOOD_LENGTH,18,8,1,18.0,225.0,Kuwait
321757,Rudi Second,RHB,OUTSIDE_OFFSTUMP,GOOD_LENGTH,5,8,1,5.0,62.5,South Africa
326625,Cameron Boyce,RHB,ON_THE_STUMPS,SHORT_OF_A_GOOD_LENGTH,6,8,1,6.0,75.0,Australia
233482,Tim Ludeman,RHB,ON_THE_STUMPS,FULL,9,8,1,9.0,112.5,Australia
300617,Rony Talukdar,RHB,ON_THE_STUMPS,YORKER,2,8,1,2.0,25.0,Bangladesh
233482,Tim Ludeman,RHB,OUTSIDE_OFFSTUMP,FULL,13,8,1,13.0,162.5,Australia
326632,Joe Burns,RHB,ON_THE_STUMPS,SHORT,10,8,2,5.0,125.0,Italy
288284,Josh Hazlewood,LHB,OUTSIDE_OFFSTUMP,SHORT_OF_A_GOOD_LENGTH,4,8,1,4.0,50.0,Australia
268740,Seekkuge Prasanna,RHB,WIDE_OUTSIDE_OFFSTUMP,GOOD_LENGTH,12,8,1,12.0,150.0,Sri Lanka
233514,Thisara Perera,LHB,WIDE_OUTSIDE_OFFSTUMP,SHORT_OF_A_GOOD_LENGTH,11,8,1,11.0,137.5,Sri Lanka
32966,Piyush Chawla,LHB,ON_THE_STUMPS,SHORT,10,8,2,5.0,125.0,India
232491,Anwar Ali,RHB,OUTSIDE_OFFSTUMP,FULL_TOSS,9,8,2,4.5,112.5,Pakistan
300617,Rony Talukdar,RHB,DOWN_LEG,SHORT,19,8,1,19.0,237.5,Bangladesh
340062,Priyank Panchal,RHB,OUTSIDE_OFFSTUMP,FULL,6,8,1,6.0,75.0,India
55814,Brendan Taylor,RHB,OUTSIDE_OFFSTUMP,FULL_TOSS,4,8,1,4.0,50.0,Zimbabwe
267724,Keshav Maharaj,RHB,ON_THE_STUMPS,SHORT_OF_A_GOOD_LENGTH,9,8,1,9.0,112.5,South Africa
337790,Rassie van der Dussen,RHB,WIDE_OUTSIDE_OFFSTUMP,SHORT,20,8,1,20.0,250.0,South Africa
51433,Samuel Badree,RHB,ON_THE_STUMPS,FULL,5,8,3,1.67,62.5,West Indies
308798,D'Arcy Short,LHB,WIDE_OUTSIDE_OFFSTUMP,FULL_TOSS,15,8,1,15.0,187.5,Australia
290630,Manish Pandey,RHB,WIDE_OUTSIDE_OFFSTUMP,FULL_TOSS,20,8,1,20.0,250.0,India
280734,Imrul Kayes,LHB,ON_THE_STUMPS,FULL_TOSS,18,8,1,18.0,225.0,Bangladesh
47850,Roelof van der Merwe,RHB,ON_THE_STUMPS,SHORT_OF_A_GOOD_LENGTH,6,8,1,6.0,75.0,Netherlands
12454,Joe Denly,RHB,WIDE_OUTSIDE_OFFSTUMP,GOOD_LENGTH,3,8,1,3.0,37.5,England
33335,Suresh Raina,LHB,WIDE_DOWN_LEG,GOOD_LENGTH,18,8,1,18.0,225.0,India
279506,Gulraiz Sadaf,RHB,ON_THE_STUMPS,SHORT_OF_A_GOOD_LENGTH,8,8,1,8.0,100.0,Pakistan
19264,Liam Plunkett,RHB,ON_THE_STUMPS,FULL,4,8,4,1.0,50.0,United States of America
269332,Muktar Ali,RHB,OUTSIDE_OFFSTUMP,SHORT_OF_A_GOOD_LENGTH,4,8,2,2.0,50.0,Bangladesh
333800,Lachlan Pfeffer,LHB,OUTSIDE_OFFSTUMP,FULL,14,8,1,14.0,175.0,Australia
334358,Travis Dean,RHB,OUTSIDE_OFFSTUMP,GOOD_LENGTH,9,8,1,9.0,112.5,Australia
226492,Martin Guptill,RHB,WIDE_OUTSIDE_OFFSTUMP,FULL_TOSS,19,8,1,19.0,237.5,New Zealand
56007,Mashrafe Mortaza,RHB,OUTSIDE_OFFSTUMP,SHORT,11,8,1,11.0,137.5,Bangladesh
333904,Aditya Tare,RHB,OUTSIDE_OFFSTUMP,SHORT,9,8,2,4.5,112.5,India
226492,Martin Guptill,RHB,DOWN_LEG,FULL_TOSS,6,8,2,3.0,75.0,New Zealand
233680,Jonathan Wells,RHB,WIDE_OUTSIDE_OFFSTUMP,FULL_TOSS,11,8,1,11.0,137.5,Australia
348152,Usman Qadir,LHB,ON_THE_STUMPS,GOOD_LENGTH,8,8,1,8.0,100.0,Pakistan
8180,Shane Watson,RHB,WIDE_OUTSIDE_OFFSTUMP,FULL_TOSS,16,8,1,16.0,200.0,Australia
32242,Parthiv Patel,LHB,WIDE_OUTSIDE_OFFSTUMP,SHORT,27,8,1,27.0,337.5,India
272385,Josh Lalor,RHB,OUTSIDE_OFFSTUMP,FULL,4,8,2,2.0,50.0,Australia
55343,Elton Chigumbura,RHB,WIDE_OUTSIDE_OFFSTUMP,FULL,20,8,1,20.0,250.0,Zimbabwe
320652,Asghar Afghan,RHB,WIDE_OUTSIDE_OFFSTUMP,SHORT,6,8,1,6.0,75.0,Afghanistan
290716,Kedar Jadhav,RHB,ON_THE_STUMPS,YORKER,6,8,1,6.0,75.0,India
230554,Javon Searles,RHB,OUTSIDE_OFFSTUMP,SHORT,9,8,1,9.0,112.5,West Indies
348133,Steven Taylor,LHB,ON_THE_STUMPS,SHORT_OF_A_GOOD_LENGTH,9,8,1,9.0,112.5,United States of America
230555,Shamarh Brooks,RHB,OUTSIDE_OFFSTUMP,FULL_TOSS,12,8,1,12.0,150.0,West Indies
348056,Kyle Mayers,LHB,WIDE_OUTSIDE_OFFSTUMP,GOOD_LENGTH,13,8,3,4.33,162.5,West Indies
37749,Nathan McCullum,RHB,OUTSIDE_OFFSTUMP,GOOD_LENGTH,6,8,1,6.0,75.0,New Zealand
230555,Shamarh Brooks,RHB,WIDE_OUTSIDE_OFFSTUMP,FULL,18,8,1,18.0,225.0,West Indies
348109,Paul van Meekeren,RHB,ON_THE_STUMPS,GOOD_LENGTH,9,8,1,9.0,112.5,Netherlands
318615,Zeeshan Siddiqui,RHB,ON_THE_STUMPS,GOOD_LENGTH,10,8,1,10.0,125.0,Oman
32498,Yusuf Pathan,RHB,ON_THE_STUMPS,YORKER,5,8,1,5.0,62.5,India
290716,Kedar Jadhav,RHB,WIDE_OUTSIDE_OFFSTUMP,SHORT,18,8,2,9.0,225.0,India
244497,Adil Rashid,RHB,WIDE_OUTSIDE_OFFSTUMP,GOOD_LENGTH,5,8,2,2.5,62.5,England
348044,Lakshit Gupta,RHB,ON_THE_STUMPS,GOOD_LENGTH,3,8,2,1.5,37.5,Cambodia
248920,Devon Thomas,RHB,WIDE_OUTSIDE_OFFSTUMP,FULL,5,8,1,5.0,62.5,West Indies
7898,Peter Siddle,RHB,OUTSIDE_OFFSTUMP,SHORT_OF_A_GOOD_LENGTH,2,8,2,1.0,25.0,Australia
323389,Mohammad Rizwan,RHB,DOWN_LEG,FULL_TOSS,16,8,1,16.0,200.0,Pakistan
230371,Ben Cutting,RHB,DOWN_LEG,SHORT_OF_A_GOOD_LENGTH,19,8,1,19.0,237.5,Australia
344580,Shreyas Gopal,RHB,ON_THE_STUMPS,FULL,4,8,1,4.0,50.0,India
7898,Peter Siddle,RHB,ON_THE_STUMPS,FULL,6,8,1,6.0,75.0,Australia
290727,Rishi Dhawan,RHB,WIDE_OUTSIDE_OFFSTUMP,FULL,5,8,2,2.5,62.5,India
31872,Shahbaz Nadeem,RHB,ON_THE_STUMPS,GOOD_LENGTH,1,8,4,0.25,12.5,India
232364,Tim Southee,RHB,ON_THE_STUMPS,YORKER,8,8,2,4.0,100.0,New Zealand
277911,George Worker,LHB,DOWN_LEG,GOOD_LENGTH,13,8,1,13.0,162.5,New Zealand
232364,Tim Southee,RHB,ON_THE_STUMPS,FULL_TOSS,10,8,2,5.0,125.0,New Zealand
249866,Alex Hales,RHB,WIDE_OUTSIDE_OFFSTUMP,FULL_TOSS,18,8,1,18.0,225.0,England
43121,Shaiman Anwar,RHB,ON_THE_STUMPS,SHORT_OF_A_GOOD_LENGTH,12,8,1,12.0,150.0,United Arab Emirates
230549,Jason Mohammed,RHB,OUTSIDE_OFFSTUMP,FULL_TOSS,10,8,1,10.0,125.0,West Indies
55412,Craig Ervine,LHB,ON_THE_STUMPS,SHORT,11,8,1,11.0,137.5,Zimbabwe
222320,Christiaan Jonker,RHB,OUTSIDE_OFFSTUMP,SHORT_OF_A_GOOD_LENGTH,9,8,1,9.0,112.5,South Africa
211855,Liam Dawson,RHB,OUTSIDE_OFFSTUMP,FULL_TOSS,10,8,1,10.0,125.0,England
4451,George Bailey,RHB,OUTSIDE_OFFSTUMP,FULL_TOSS,15,8,2,7.5,187.5,Australia
49758,Lasith Malinga,RHB,DOWN_LEG,FULL,1,8,1,1.0,12.5,Sri Lanka
56268,Arafat Sunny,LHB,ON_THE_STUMPS,SHORT_OF_A_GOOD_LENGTH,11,8,1,11.0,137.5,Bangladesh
215152,Jackson Bird,RHB,ON_THE_STUMPS,GOOD_LENGTH,9,8,1,9.0,112.5,Australia
56251,Alok Kapali,RHB,OUTSIDE_OFFSTUMP,SHORT_OF_A_GOOD_LENGTH,6,8,1,6.0,75.0,Bangladesh
56251,Alok Kapali,RHB,ON_THE_STUMPS,SHORT_OF_A_GOOD_LENGTH,3,8,1,3.0,37.5,Bangladesh
7069,Steve O'Keefe,RHB,OUTSIDE_OFFSTUMP,SHORT_OF_A_GOOD_LENGTH,8,8,1,8.0,100.0,Australia
330902,Mustafizur Rahman,LHB,ON_THE_STUMPS,YORKER,0,8,5,0.0,0.0,Bangladesh
329845,Mizanur Rahman,RHB,ON_THE_STUMPS,FULL,7,8,1,7.0,87.5,Bangladesh
292152,Jamie Atkinson,RHB,OUTSIDE_OFFSTUMP,SHORT_OF_A_GOOD_LENGTH,9,8,1,9.0,112.5,Hong Kong
56167,Ziaur Rahman,RHB,WIDE_OUTSIDE_OFFSTUMP,GOOD_LENGTH,5,8,2,2.5,62.5,Bangladesh
27223,Stuart Binny,RHB,ON_THE_STUMPS,YORKER,5,8,2,2.5,62.5,India
30288,Karn Sharma,LHB,OUTSIDE_OFFSTUMP,FULL_TOSS,28,8,1,28.0,350.0,India
269237,Mohammad Mithun,RHB,DOWN_LEG,SHORT_OF_A_GOOD_LENGTH,12,8,1,12.0,150.0,Bangladesh
330902,Mustafizur Rahman,LHB,ON_THE_STUMPS,SHORT,0,8,2,0.0,0.0,Bangladesh
211855,Liam Dawson,RHB,ON_THE_STUMPS,FULL_TOSS,18,8,1,18.0,225.0,England
49289,Mahela Jayawardene,RHB,OUTSIDE_OFFSTUMP,GOOD_LENGTH,3,8,2,1.5,37.5,Sri Lanka
29264,Harbhajan Singh,RHB,ON_THE_STUMPS,YORKER,3,8,1,3.0,37.5,India
44407,Wesley Barresi,RHB,ON_THE_STUMPS,FULL,9,8,1,9.0,112.5,Netherlands
41378,Misbah-ul-Haq,RHB,ON_THE_STUMPS,SHORT_OF_A_GOOD_LENGTH,12,8,1,12.0,150.0,Pakistan
35390,Saurabh Tiwary,LHB,WIDE_OUTSIDE_OFFSTUMP,FULL,6,8,1,6.0,75.0,India
35390,Saurabh Tiwary,LHB,OUTSIDE_OFFSTUMP,SHORT,6,8,1,6.0,75.0,India
29264,Harbhajan Singh,RHB,WIDE_OUTSIDE_OFFSTUMP,FULL,7,8,3,2.33,87.5,India
23508,Riki Wessels,RHB,OUTSIDE_OFFSTUMP,SHORT_OF_A_GOOD_LENGTH,9,8,1,9.0,112.5,England
332937,Jahmar Hamilton,RHB,ON_THE_STUMPS,GOOD_LENGTH,3,8,2,1.5,37.5,West Indies
49700,Jeevan Mendis,LHB,ON_THE_STUMPS,GOOD_LENGTH,7,8,3,2.33,87.5,Sri Lanka
6973,Peter Nevill,RHB,OUTSIDE_OFFSTUMP,SHORT_OF_A_GOOD_LENGTH,8,8,1,8.0,100.0,Australia
35263,Virender Sehwag,RHB,ON_THE_STUMPS,GOOD_LENGTH,11,8,1,11.0,137.5,India
300619,Rubel Hossain,RHB,ON_THE_STUMPS,SHORT_OF_A_GOOD_LENGTH,9,8,1,9.0,112.5,Bangladesh
7502,Luke Ronchi,RHB,DOWN_LEG,SHORT,15,8,2,7.5,187.5,New Zealand
36084,Yuvraj Singh,LHB,ON_THE_STUMPS,YORKER,3,8,1,3.0,37.5,India
327830,Dwaine Pretorius,RHB,ON_THE_STUMPS,FULL_TOSS,13,8,2,6.5,162.5,South Africa
44752,Henry Davids,RHB,OUTSIDE_OFFSTUMP,FULL,18,8,1,18.0,225.0,South Africa
359649,Mohammed Aslam,RHB,OUTSIDE_OFFSTUMP,SHORT_OF_A_GOOD_LENGTH,7,8,3,2.33,87.5,Kuwait
6161,Michael Klinger,RHB,ON_THE_STUMPS,FULL_TOSS,9,8,1,9.0,112.5,Australia
327832,Mangaliso Mosehle,RHB,ON_THE_STUMPS,SHORT_OF_A_GOOD_LENGTH,10,8,1,10.0,125.0,South Africa
277914,Jeet Raval,LHB,OUTSIDE_OFFSTUMP,SHORT_OF_A_GOOD_LENGTH,11,7,1,11.0,157.14,New Zealand
511532,Al-Amin Hossain,RHB,OUTSIDE_OFFSTUMP,FULL,7,7,1,7.0,100.0,Bangladesh
511532,Al-Amin Hossain,RHB,OUTSIDE_OFFSTUMP,SHORT_OF_A_GOOD_LENGTH,3,7,1,3.0,42.86,Bangladesh
428366,Lahiru Madushanka,RHB,OUTSIDE_OFFSTUMP,FULL,7,7,1,7.0,100.0,Sri Lanka
530812,Akeal Hosein,LHB,WIDE_OUTSIDE_OFFSTUMP,SHORT_OF_A_GOOD_LENGTH,13,7,1,13.0,185.71,West Indies
232364,Tim Southee,RHB,OUTSIDE_OFFSTUMP,YORKER,5,7,1,5.0,71.43,New Zealand
698199,Mitchell Van Buuren,RHB,WIDE_OUTSIDE_OFFSTUMP,FULL,15,7,2,7.5,214.29,South Africa
424377,Krishnappa Gowtham,RHB,ON_THE_STUMPS,FULL_TOSS,7,7,1,7.0,100.0,India
348146,Ahsan Ali,RHB,WIDE_OUTSIDE_OFFSTUMP,SHORT_OF_A_GOOD_LENGTH,3,7,1,3.0,42.86,Pakistan
1079848,Shivam Mavi,RHB,OUTSIDE_OFFSTUMP,FULL,7,7,1,7.0,100.0,India
927119,Ali Khan,RHB,OUTSIDE_OFFSTUMP,GOOD_LENGTH,3,7,2,1.5,42.86,United States of America
1080008,Tanay Thyagarajan,LHB,ON_THE_STUMPS,FULL,3,7,1,3.0,42.86,India
318334,Nawroz Mangal,RHB,ON_THE_STUMPS,FULL,5,7,1,5.0,71.43,Afghanistan
1161489,Rasikh Salam,RHB,OUTSIDE_OFFSTUMP,GOOD_LENGTH,3,7,3,1.0,42.86,India
696401,Marco Jansen,RHB,OUTSIDE_OFFSTUMP,FULL_TOSS,5,7,1,5.0,71.43,South Africa
232364,Tim Southee,RHB,WIDE_OUTSIDE_OFFSTUMP,GOOD_LENGTH,6,7,1,6.0,85.71,New Zealand
314647,Horace Miller,RHB,ON_THE_STUMPS,GOOD_LENGTH,7,7,1,7.0,100.0,West Indies
402992,Shuvagata Hom,RHB,DOWN_LEG,SHORT_OF_A_GOOD_LENGTH,9,7,1,9.0,128.57,Bangladesh
698333,Jiveshan Pillay,LHB,ON_THE_STUMPS,SHORT_OF_A_GOOD_LENGTH,20,7,1,20.0,285.71,South Africa
38699,Ross Taylor,RHB,ON_THE_STUMPS,YORKER,5,7,2,2.5,71.43,New Zealand
1209196,Kirk McKenzie,LHB,WIDE_OUTSIDE_OFFSTUMP,FULL,14,7,1,14.0,200.0,West Indies
532856,Manan Vohra,RHB,OUTSIDE_OFFSTUMP,FULL_TOSS,14,7,1,14.0,200.0,India
429886,Wihan Lubbe,LHB,DOWN_LEG,GOOD_LENGTH,9,7,1,9.0,128.57,South Africa
318788,Haris Sohail,LHB,DOWN_LEG,FULL,5,7,1,5.0,71.43,Pakistan
277912,Trent Boult,RHB,OUTSIDE_OFFSTUMP,FULL_TOSS,8,7,1,8.0,114.29,New Zealand
230856,Grant Mokoena,RHB,OUTSIDE_OFFSTUMP,GOOD_LENGTH,11,7,1,11.0,157.14,South Africa
958691,Ashen Bandara,RHB,DOWN_LEG,FULL_TOSS,15,7,1,15.0,214.29,Sri Lanka
532856,Manan Vohra,RHB,ON_THE_STUMPS,SHORT,14,7,1,14.0,200.0,India
914567,Oshane Thomas,LHB,OUTSIDE_OFFSTUMP,GOOD_LENGTH,1,7,2,0.5,14.29,West Indies
400587,Irfan Sukkur,LHB,ON_THE_STUMPS,SHORT,7,7,1,7.0,100.0,Bangladesh
429903,Lesiba Ngoepe,LHB,OUTSIDE_OFFSTUMP,SHORT_OF_A_GOOD_LENGTH,16,7,1,16.0,228.57,South Africa
362541,Doug Bracewell,RHB,OUTSIDE_OFFSTUMP,SHORT,13,7,1,13.0,185.71,New Zealand
32498,Yusuf Pathan,RHB,WIDE_OUTSIDE_OFFSTUMP,FULL_TOSS,7,7,1,7.0,100.0,India
1206110,Kevin Sinclair,RHB,ON_THE_STUMPS,GOOD_LENGTH,1,7,3,0.33,14.29,West Indies
1295842,Campbell Kellaway,LHB,OUTSIDE_OFFSTUMP,FULL,9,7,1,9.0,128.57,Australia
402106,Abdul Waheed,RHB,ON_THE_STUMPS,SHORT_OF_A_GOOD_LENGTH,7,7,2,3.5,100.0,Saudi Arabia
956311,Ashwin Das,RHB,OUTSIDE_OFFSTUMP,FULL,9,7,1,9.0,128.57,India
719715,Washington Sundar,LHB,ON_THE_STUMPS,FULL_TOSS,5,7,2,2.5,71.43,India
401540,Aizaz Khan,RHB,OUTSIDE_OFFSTUMP,SHORT,4,7,1,4.0,57.14,Hong Kong
629080,Binura Fernando,RHB,ON_THE_STUMPS,GOOD_LENGTH,5,7,1,5.0,71.43,Sri Lanka
595739,Leus du Plooy,LHB,ON_THE_STUMPS,YORKER,2,7,2,1.0,28.57,England
32242,Parthiv Patel,LHB,ON_THE_STUMPS,YORKER,6,7,1,6.0,85.71,India
1209196,Kirk McKenzie,LHB,DOWN_LEG,SHORT_OF_A_GOOD_LENGTH,7,7,1,7.0,100.0,West Indies
1079848,Shivam Mavi,RHB,ON_THE_STUMPS,GOOD_LENGTH,8,7,1,8.0,114.29,India
314743,Shykat Ali,RHB,OUTSIDE_OFFSTUMP,SHORT,13,7,1,13.0,185.71,Bangladesh
233514,Thisara Perera,LHB,WIDE_OUTSIDE_OFFSTUMP,SHORT,12,7,2,6.0,171.43,Sri Lanka
1143528,Fiaz Ahmed,RHB,ON_THE_STUMPS,GOOD_LENGTH,3,7,2,1.5,42.86,Bahrain
1323727,Junior Sinclair,RHB,ON_THE_STUMPS,GOOD_LENGTH,4,7,1,4.0,57.14,West Indies
948435,Khanya Cotani,RHB,ON_THE_STUMPS,FULL,3,7,1,3.0,42.86,South Africa
410768,Alauddin Babu,RHB,ON_THE_STUMPS,FULL,10,7,1,10.0,142.86,Bangladesh
1141934,Kushal Malla,LHB,ON_THE_STUMPS,GOOD_LENGTH,5,7,1,5.0,71.43,Nepal
233901,Shan Masood,LHB,ON_THE_STUMPS,YORKER,5,7,3,1.67,71.43,Pakistan
697183,Tony de Zorzi,LHB,OUTSIDE_OFFSTUMP,FULL,10,7,1,10.0,142.86,South Africa
1323683,Aaron Johnson,RHB,WIDE_OUTSIDE_OFFSTUMP,FULL,6,7,1,6.0,85.71,Canada
707113,Tom Bruce,RHB,OUTSIDE_OFFSTUMP,FULL_TOSS,14,7,1,14.0,200.0,New Zealand
1168667,Joshua Da Silva,RHB,WIDE_OUTSIDE_OFFSTUMP,SHORT_OF_A_GOOD_LENGTH,9,7,1,9.0,128.57,West Indies
316102,Craig Williams,RHB,DOWN_LEG,GOOD_LENGTH,4,7,1,4.0,57.14,Namibia
698189,Wiaan Mulder,RHB,DOWN_LEG,GOOD_LENGTH,7,7,1,7.0,100.0,South Africa
1209270,Himanshu Rathod,RHB,ON_THE_STUMPS,YORKER,5,7,1,5.0,71.43,Qatar
700167,Navdeep Saini,RHB,ON_THE_STUMPS,GOOD_LENGTH,5,7,1,5.0,71.43,India
420419,Tobias Visee,RHB,ON_THE_STUMPS,GOOD_LENGTH,5,7,1,5.0,71.43,Netherlands
1328735,Yasin Patel,LHB,OUTSIDE_OFFSTUMP,FULL,4,7,1,4.0,57.14,Kuwait
316397,Asad Shafiq,RHB,OUTSIDE_OFFSTUMP,SHORT,2,7,1,2.0,28.57,Pakistan
712219,Zahir Khan,LHB,ON_THE_STUMPS,YORKER,1,7,4,0.25,14.29,Afghanistan
1212693,Rahul Buddhi,LHB,ON_THE_STUMPS,FULL,6,7,1,6.0,85.71,India
1193548,Tim Pringle,RHB,OUTSIDE_OFFSTUMP,SHORT,5,7,1,5.0,71.43,Netherlands
559235,Kuldeep Yadav,LHB,OUTSIDE_OFFSTUMP,YORKER,0,7,1,0.0,0.0,India
348152,Usman Qadir,LHB,ON_THE_STUMPS,FULL,5,7,1,5.0,71.43,Pakistan
928015,Josh Clarkson,RHB,WIDE_OUTSIDE_OFFSTUMP,GOOD_LENGTH,8,7,1,8.0,114.29,New Zealand
1307709,Gareth Severin,RHB,ON_THE_STUMPS,GOOD_LENGTH,5,7,1,5.0,71.43,
41028,Kamran Akmal,RHB,DOWN_LEG,SHORT,25,7,1,25.0,357.14,Pakistan
713195,Harry Nielsen,LHB,WIDE_OUTSIDE_OFFSTUMP,FULL,6,7,1,6.0,85.71,Australia
952207,Sinethemba Qeshile,RHB,OUTSIDE_OFFSTUMP,GOOD_LENGTH,3,7,1,3.0,42.86,South Africa
51784,Rayad Emrit,RHB,ON_THE_STUMPS,YORKER,3,7,1,3.0,42.86,West Indies
350629,Nizakat Khan,RHB,DOWN_LEG,GOOD_LENGTH,11,7,1,11.0,157.14,Hong Kong
937535,Zahiduzzaman,LHB,OUTSIDE_OFFSTUMP,GOOD_LENGTH,2,7,1,2.0,28.57,Bangladesh
49758,Lasith Malinga,RHB,OUTSIDE_OFFSTUMP,FULL,11,7,1,11.0,157.14,Sri Lanka
949461,Codi Yusuf,RHB,ON_THE_STUMPS,GOOD_LENGTH,6,7,1,6.0,85.71,South Africa
530773,Pawan Negi,LHB,DOWN_LEG,FULL,4,7,1,4.0,57.14,India
1339045,Chanchal Rathore,RHB,OUTSIDE_OFFSTUMP,FULL,1,7,1,1.0,14.29,India
559235,Kuldeep Yadav,LHB,ON_THE_STUMPS,YORKER,1,7,2,0.5,14.29,India
1139511,Parvez Hossain Emon,LHB,OUTSIDE_OFFSTUMP,SHORT_OF_A_GOOD_LENGTH,5,7,1,5.0,71.43,Bangladesh
502714,Mitchell Santner,LHB,WIDE_OUTSIDE_OFFSTUMP,FULL,13,7,1,13.0,185.71,New Zealand
823703,Rajat Patidar,RHB,OUTSIDE_OFFSTUMP,FULL_TOSS,11,7,1,11.0,157.14,India
56054,Naeem Islam,RHB,ON_THE_STUMPS,SHORT_OF_A_GOOD_LENGTH,3,7,1,3.0,42.86,Bangladesh
1125960,Tanush Kotian,RHB,ON_THE_STUMPS,GOOD_LENGTH,3,7,2,1.5,42.86,India
446763,Rahul Tripathi,RHB,OUTSIDE_OFFSTUMP,YORKER,7,7,2,3.5,100.0,India
1112535,Neil Rock,LHB,ON_THE_STUMPS,FULL,7,7,1,7.0,100.0,Ireland
475281,Shardul Thakur,RHB,ON_THE_STUMPS,YORKER,7,7,1,7.0,100.0,India
447261,Deepak Chahar,RHB,OUTSIDE_OFFSTUMP,FULL,13,7,2,6.5,185.71,India
6161,Michael Klinger,RHB,ON_THE_STUMPS,SHORT,6,7,1,6.0,85.71,Australia
35928,Bipul Sharma,LHB,OUTSIDE_OFFSTUMP,GOOD_LENGTH,4,7,2,2.0,57.14,India
470777,Gavin Main,RHB,OUTSIDE_OFFSTUMP,GOOD_LENGTH,1,7,1,1.0,14.29,Scotland
1163855,Hayden Kerr,RHB,DOWN_LEG,SHORT_OF_A_GOOD_LENGTH,5,7,1,5.0,71.43,Australia
448074,Martin Coetzee,RHB,ON_THE_STUMPS,GOOD_LENGTH,9,7,2,4.5,128.57,Hong Kong
7502,Luke Ronchi,RHB,ON_THE_STUMPS,YORKER,4,7,2,2.0,57.14,New Zealand
447587,Jayant Yadav,RHB,OUTSIDE_OFFSTUMP,SHORT_OF_A_GOOD_LENGTH,5,7,1,5.0,71.43,India
272477,Jason Behrendorff,RHB,OUTSIDE_OFFSTUMP,SHORT_OF_A_GOOD_LENGTH,2,7,2,1.0,28.57,Australia
792519,Dhananjaya Lakshan,LHB,OUTSIDE_OFFSTUMP,SHORT,11,7,1,11.0,157.14,Sri Lanka
296597,James Vince,RHB,WIDE_OUTSIDE_OFFSTUMP,SHORT,19,7,1,19.0,271.43,England
1125976,Arshdeep Singh,LHB,ON_THE_STUMPS,GOOD_LENGTH,4,7,1,4.0,57.14,India
56025,Mahmudullah,RHB,DOWN_LEG,YORKER,3,7,1,3.0,42.86,Bangladesh
1126010,Syed Haider,RHB,ON_THE_STUMPS,GOOD_LENGTH,9,7,1,9.0,128.57,
277472,Darren Bravo,LHB,OUTSIDE_OFFSTUMP,YORKER,3,7,1,3.0,42.86,West Indies
627623,Charlie Wakim,RHB,OUTSIDE_OFFSTUMP,FULL,1,7,1,1.0,14.29,Australia
6033,Mitchell Johnson,LHB,OUTSIDE_OFFSTUMP,SHORT_OF_A_GOOD_LENGTH,10,7,1,10.0,142.86,Australia
826915,Nathan Ellis,RHB,ON_THE_STUMPS,YORKER,5,7,1,5.0,71.43,Australia
55894,Farhad Reza,RHB,OUTSIDE_OFFSTUMP,GOOD_LENGTH,11,7,1,11.0,157.14,Bangladesh
227758,Imad Wasim,LHB,DOWN_LEG,YORKER,2,7,1,2.0,28.57,Pakistan
481875,George Linde,LHB,ON_THE_STUMPS,SHORT,8,7,2,4.0,114.29,South Africa
334388,Liam O'Connor,RHB,OUTSIDE_OFFSTUMP,GOOD_LENGTH,1,7,2,0.5,14.29,Australia
326639,Simon Milenko,RHB,OUTSIDE_OFFSTUMP,SHORT,13,7,1,13.0,185.71,Australia
446548,Scott Boland,RHB,OUTSIDE_OFFSTUMP,FULL,8,7,1,8.0,114.29,Australia
1125976,Arshdeep Singh,LHB,OUTSIDE_OFFSTUMP,FULL,13,7,1,13.0,185.71,India
477021,Vijay Shankar,RHB,WIDE_OUTSIDE_OFFSTUMP,SHORT,9,7,2,4.5,128.57,India
446507,Suryakumar Yadav,RHB,WIDE_OUTSIDE_OFFSTUMP,YORKER,7,7,1,7.0,100.0,India
1111917,Darshan Nalkande,RHB,OUTSIDE_OFFSTUMP,FULL,10,7,1,10.0,142.86,India
333800,Lachlan Pfeffer,LHB,ON_THE_STUMPS,FULL,6,7,1,6.0,85.71,Australia
56007,Mashrafe Mortaza,RHB,ON_THE_STUMPS,SHORT_OF_A_GOOD_LENGTH,15,7,1,15.0,214.29,Bangladesh
446499,Unmukt Chand,RHB,OUTSIDE_OFFSTUMP,SHORT,3,7,2,1.5,42.86,United States of America
1294456,Ronan Herrmann,RHB,OUTSIDE_OFFSTUMP,GOOD_LENGTH,6,7,1,6.0,85.71,
1273888,Mohit Mittan,RHB,ON_THE_STUMPS,FULL,8,7,1,8.0,114.29,India
1273888,Mohit Mittan,RHB,ON_THE_STUMPS,GOOD_LENGTH,2,7,1,2.0,28.57,India
209457,Chamara Kapugedera,RHB,ON_THE_STUMPS,SHORT_OF_A_GOOD_LENGTH,6,7,1,6.0,85.71,Sri Lanka
574178,Akila Dananjaya,LHB,ON_THE_STUMPS,SHORT_OF_A_GOOD_LENGTH,7,7,2,3.5,100.0,Sri Lanka
819429,Azmatullah Omarzai,RHB,WIDE_OUTSIDE_OFFSTUMP,GOOD_LENGTH,14,7,1,14.0,200.0,Afghanistan
822485,Muhammad Akhlaq,RHB,ON_THE_STUMPS,SHORT_OF_A_GOOD_LENGTH,10,7,1,10.0,142.86,Pakistan
816627,Macalister Wright,RHB,OUTSIDE_OFFSTUMP,FULL_TOSS,11,7,1,11.0,157.14,Australia
807469,Thikshila de Silva,LHB,ON_THE_STUMPS,SHORT_OF_A_GOOD_LENGTH,2,7,3,0.67,28.57,Sri Lanka
1185475,Qasim Akram,RHB,ON_THE_STUMPS,SHORT_OF_A_GOOD_LENGTH,15,7,1,15.0,214.29,Pakistan
1123428,Usman Khan,RHB,DOWN_LEG,GOOD_LENGTH,6,7,1,6.0,85.71,Pakistan
1266476,Charlie Tear,RHB,OUTSIDE_OFFSTUMP,SHORT_OF_A_GOOD_LENGTH,8,7,1,8.0,114.29,
293831,Regis Chakabva,RHB,ON_THE_STUMPS,YORKER,1,7,2,0.5,14.29,Zimbabwe
1275056,Ackeem Auguste,LHB,OUTSIDE_OFFSTUMP,GOOD_LENGTH,10,7,1,10.0,142.86,West Indies
1167779,Ayush Shukla,RHB,OUTSIDE_OFFSTUMP,GOOD_LENGTH,7,7,1,7.0,100.0,Hong Kong
820691,Odean Smith,RHB,WIDE_OUTSIDE_OFFSTUMP,YORKER,1,7,1,1.0,14.29,West Indies
292152,Jamie Atkinson,RHB,ON_THE_STUMPS,SHORT_OF_A_GOOD_LENGTH,3,7,1,3.0,42.86,Hong Kong
333000,Peter Moor,RHB,ON_THE_STUMPS,SHORT_OF_A_GOOD_LENGTH,20,7,1,20.0,285.71,Ireland
333000,Peter Moor,RHB,WIDE_OUTSIDE_OFFSTUMP,GOOD_LENGTH,7,7,1,7.0,100.0,Ireland
7252,Tim Paine,RHB,OUTSIDE_OFFSTUMP,FULL,5,7,1,5.0,71.43,Australia
793411,Danish Aziz,LHB,ON_THE_STUMPS,YORKER,4,7,1,4.0,57.14,Pakistan
221140,David Wiese,RHB,DOWN_LEG,YORKER,5,7,1,5.0,71.43,Namibia
329845,Mizanur Rahman,RHB,OUTSIDE_OFFSTUMP,SHORT_OF_A_GOOD_LENGTH,2,7,1,2.0,28.57,Bangladesh
793447,Naveen-ul-Haq,RHB,ON_THE_STUMPS,SHORT_OF_A_GOOD_LENGTH,8,7,1,8.0,114.29,Afghanistan
465793,Dhananjaya de Silva,RHB,ON_THE_STUMPS,YORKER,3,7,2,1.5,42.86,Sri Lanka
211855,Liam Dawson,RHB,WIDE_OUTSIDE_OFFSTUMP,SHORT_OF_A_GOOD_LENGTH,9,7,1,9.0,128.57,England
1182529,Noor Ahmad,RHB,ON_THE_STUMPS,SHORT_OF_A_GOOD_LENGTH,6,7,1,6.0,85.71,Afghanistan
581160,Khary Pierre,LHB,OUTSIDE_OFFSTUMP,FULL,7,7,2,3.5,100.0,West Indies
623977,Agha Salman,RHB,WIDE_OUTSIDE_OFFSTUMP,FULL,6,7,2,3.0,85.71,Pakistan
7069,Steve O'Keefe,RHB,OUTSIDE_OFFSTUMP,SHORT,14,7,1,14.0,200.0,Australia
1121574,Kunal Chandela,RHB,OUTSIDE_OFFSTUMP,FULL,3,7,2,1.5,42.86,India
451782,James Fuller,RHB,OUTSIDE_OFFSTUMP,SHORT,2,7,2,1.0,28.57,England
784379,Wanindu Hasaranga,RHB,OUTSIDE_OFFSTUMP,SHORT,7,7,1,7.0,100.0,Sri Lanka
1129638,Ben Lockrose,RHB,OUTSIDE_OFFSTUMP,GOOD_LENGTH,5,7,3,1.67,71.43,New Zealand
436749,Fayyaz Butt,RHB,OUTSIDE_OFFSTUMP,GOOD_LENGTH,9,7,1,9.0,128.57,Oman
499560,Patrick Kruger,RHB,OUTSIDE_OFFSTUMP,FULL,27,7,1,27.0,385.71,South Africa
37095,Daniel Flynn,LHB,ON_THE_STUMPS,GOOD_LENGTH,11,7,1,11.0,157.14,New Zealand
772361,Sam Harper,RHB,DOWN_LEG,FULL_TOSS,6,7,1,6.0,85.71,Australia
571703,Wellington Masakadza,LHB,DOWN_LEG,SHORT_OF_A_GOOD_LENGTH,6,7,1,6.0,85.71,Zimbabwe
685831,Luqman Butt,RHB,ON_THE_STUMPS,SHORT_OF_A_GOOD_LENGTH,20,7,1,20.0,285.71,Cambodia
772407,Alex Amsterdam,LHB,OUTSIDE_OFFSTUMP,GOOD_LENGTH,3,7,1,3.0,42.86,United States of America
481896,Mohammed Shami,RHB,ON_THE_STUMPS,GOOD_LENGTH,6,7,2,3.0,85.71,India
888565,Mehran Khan,RHB,ON_THE_STUMPS,GOOD_LENGTH,8,7,1,8.0,114.29,Oman
322810,Cameron Delport,LHB,OUTSIDE_OFFSTUMP,FULL_TOSS,24,7,1,24.0,342.86,South Africa
322810,Cameron Delport,LHB,DOWN_LEG,SHORT,17,7,3,5.67,242.86,South Africa
605680,Janneman Malan,RHB,OUTSIDE_OFFSTUMP,FULL_TOSS,10,7,1,10.0,142.86,South Africa
500135,Prashant Chopra,RHB,ON_THE_STUMPS,FULL,7,7,1,7.0,100.0,India
53191,Jerome Taylor,RHB,OUTSIDE_OFFSTUMP,SHORT_OF_A_GOOD_LENGTH,11,7,1,11.0,157.14,West Indies
914171,Qais Ahmad,RHB,DOWN_LEG,FULL,4,7,1,4.0,57.14,Afghanistan
914171,Qais Ahmad,RHB,ON_THE_STUMPS,FULL_TOSS,10,7,1,10.0,142.86,Afghanistan
501012,Joel Paris,LHB,ON_THE_STUMPS,GOOD_LENGTH,5,7,1,5.0,71.43,Australia
1161606,Haris Rauf,RHB,ON_THE_STUMPS,YORKER,5,7,4,1.25,71.43,Pakistan
318845,Rilee Rossouw,LHB,WIDE_OUTSIDE_OFFSTUMP,SHORT,16,7,1,16.0,228.57,South Africa
911707,Harry Brook,RHB,ON_THE_STUMPS,YORKER,7,7,1,7.0,100.0,England
1131181,Llew Johnson,RHB,OUTSIDE_OFFSTUMP,SHORT_OF_A_GOOD_LENGTH,15,7,1,15.0,214.29,New Zealand
1223047,Josh Brown,RHB,WIDE_OUTSIDE_OFFSTUMP,FULL,14,7,1,14.0,200.0,Australia
906749,Dominic Drakes,LHB,DOWN_LEG,SHORT,15,7,1,15.0,214.29,West Indies
570854,Jack Wildermuth,RHB,OUTSIDE_OFFSTUMP,SHORT,12,7,2,6.0,171.43,Australia
605661,Ryan Rickelton,LHB,ON_THE_STUMPS,SHORT,9,7,2,4.5,128.57,South Africa
432960,Simon Harmer,RHB,ON_THE_STUMPS,FULL,8,7,1,8.0,114.29,South Africa
319750,Kamran Khan,RHB,OUTSIDE_OFFSTUMP,FULL,19,7,1,19.0,271.43,Qatar
742489,Neil Brand,LHB,OUTSIDE_OFFSTUMP,FULL,7,7,1,7.0,100.0,South Africa
500360,Akshdeep Nath,RHB,ON_THE_STUMPS,SHORT_OF_A_GOOD_LENGTH,10,7,1,10.0,142.86,India
735835,Aditya Kaushik,RHB,OUTSIDE_OFFSTUMP,FULL,7,7,1,7.0,100.0,India
432783,Sachin Baby,LHB,DOWN_LEG,FULL,10,7,2,5.0,142.86,India
878465,Mehedi Hasan Rana,LHB,OUTSIDE_OFFSTUMP,GOOD_LENGTH,3,7,1,3.0,42.86,Bangladesh
326632,Joe Burns,RHB,ON_THE_STUMPS,FULL_TOSS,15,7,1,15.0,214.29,Italy
1126082,Nipun Dhananjaya,LHB,ON_THE_STUMPS,GOOD_LENGTH,5,7,1,5.0,71.43,Sri Lanka
1191384,Peter Hatzoglou,RHB,ON_THE_STUMPS,GOOD_LENGTH,4,7,2,2.0,57.14,Australia
485676,Keegan Petersen,RHB,OUTSIDE_OFFSTUMP,FULL,9,7,1,9.0,128.57,South Africa
837611,Henry Thornton,RHB,OUTSIDE_OFFSTUMP,GOOD_LENGTH,5,7,1,5.0,71.43,Australia
1246494,Nzanthung Mozhui,LHB,OUTSIDE_OFFSTUMP,FULL,1,7,1,1.0,14.29,India
55870,Sean Williams,LHB,DOWN_LEG,SHORT,20,7,1,20.0,285.71,Zimbabwe
1099225,Fionn Hand,RHB,ON_THE_STUMPS,GOOD_LENGTH,6,7,2,3.0,85.71,Ireland
571788,Nicholas Bertus,LHB,OUTSIDE_OFFSTUMP,GOOD_LENGTH,5,7,1,5.0,71.43,Australia
326632,Joe Burns,RHB,WIDE_OUTSIDE_OFFSTUMP,SHORT_OF_A_GOOD_LENGTH,6,7,1,6.0,85.71,Italy
784379,Wanindu Hasaranga,RHB,DOWN_LEG,GOOD_LENGTH,5,7,2,2.5,71.43,Sri Lanka
277472,Darren Bravo,LHB,WIDE_OUTSIDE_OFFSTUMP,GOOD_LENGTH,4,7,1,4.0,57.14,West Indies
1104703,Fred Klaassen,RHB,OUTSIDE_OFFSTUMP,GOOD_LENGTH,4,7,1,4.0,57.14,England
1284540,Ishtiaq Ahmad,RHB,OUTSIDE_OFFSTUMP,GOOD_LENGTH,12,7,2,6.0,171.43,Saudi Arabia
489889,Pat Cummins,RHB,WIDE_OUTSIDE_OFFSTUMP,YORKER,10,7,1,10.0,142.86,Australia
272465,James Pattinson,LHB,ON_THE_STUMPS,SHORT_OF_A_GOOD_LENGTH,6,7,1,6.0,85.71,Australia
777743,Abhishek Reddy,RHB,ON_THE_STUMPS,GOOD_LENGTH,4,7,2,2.0,57.14,India
324358,Nuwan Pradeep,RHB,ON_THE_STUMPS,FULL,13,7,1,13.0,185.71,Sri Lanka
628240,Hussain Talat,LHB,ON_THE_STUMPS,YORKER,4,7,1,4.0,57.14,Pakistan
1287369,Saurav Chauhan,LHB,ON_THE_STUMPS,SHORT_OF_A_GOOD_LENGTH,4,7,1,4.0,57.14,India
324260,Sarel Erwee,LHB,OUTSIDE_OFFSTUMP,FULL,10,7,1,10.0,142.86,South Africa
324260,Sarel Erwee,LHB,ON_THE_STUMPS,FULL,16,7,1,16.0,228.57,South Africa
776695,Matt Critchley,RHB,WIDE_OUTSIDE_OFFSTUMP,SHORT_OF_A_GOOD_LENGTH,5,7,1,5.0,71.43,England
1191384,Peter Hatzoglou,RHB,OUTSIDE_OFFSTUMP,GOOD_LENGTH,6,7,1,6.0,85.71,Australia
326017,Siddarth Kaul,RHB,OUTSIDE_OFFSTUMP,SHORT_OF_A_GOOD_LENGTH,6,7,1,6.0,85.71,India
493773,Lockie Ferguson,RHB,OUTSIDE_OFFSTUMP,FULL,9,7,1,9.0,128.57,New Zealand
1099224,Will Smeed,RHB,ON_THE_STUMPS,FULL_TOSS,12,7,2,6.0,171.43,England
779929,Nick Hobson,LHB,DOWN_LEG,FULL,10,7,1,10.0,142.86,Australia
1175441,Ravi Bishnoi,RHB,OUTSIDE_OFFSTUMP,GOOD_LENGTH,15,7,3,5.0,214.29,India
423838,Rahul Tewatia,LHB,DOWN_LEG,FULL_TOSS,24,7,1,24.0,342.86,India
237502,Monir Hossain,RHB,ON_THE_STUMPS,GOOD_LENGTH,12,7,2,6.0,171.43,Bangladesh
384355,Anaru Kitchen,RHB,ON_THE_STUMPS,FULL,16,7,1,16.0,228.57,New Zealand
4451,George Bailey,RHB,ON_THE_STUMPS,YORKER,5,7,2,2.5,71.43,Australia
1197718,LR Chethan,RHB,OUTSIDE_OFFSTUMP,GOOD_LENGTH,12,7,1,12.0,171.43,India
595921,Curtis Campher,RHB,ON_THE_STUMPS,YORKER,1,7,3,0.33,14.29,Ireland
1418989,Aqeel Wahid,LHB,OUTSIDE_OFFSTUMP,SHORT_OF_A_GOOD_LENGTH,7,7,1,7.0,100.0,
960361,Sandeep Lamichhane,RHB,ON_THE_STUMPS,GOOD_LENGTH,8,7,2,4.0,114.29,Nepal
642525,Sarfaraz Khan,RHB,DOWN_LEG,GOOD_LENGTH,6,7,1,6.0,85.71,India
310107,Danny Briggs,RHB,ON_THE_STUMPS,GOOD_LENGTH,12,7,1,12.0,171.43,England
370040,Jeffrey Vandersay,RHB,OUTSIDE_OFFSTUMP,GOOD_LENGTH,4,7,1,4.0,57.14,Sri Lanka
550215,Kagiso Rabada,LHB,ON_THE_STUMPS,YORKER,1,7,4,0.25,14.29,South Africa
642525,Sarfaraz Khan,RHB,ON_THE_STUMPS,SHORT,11,7,1,11.0,157.14,India
675945,Nahidul Islam,RHB,ON_THE_STUMPS,SHORT_OF_A_GOOD_LENGTH,5,7,1,5.0,71.43,Bangladesh
1397996,Kashif Abbas,LHB,OUTSIDE_OFFSTUMP,SHORT_OF_A_GOOD_LENGTH,3,7,1,3.0,42.86,Saudi Arabia
370034,Ben Stevens,LHB,OUTSIDE_OFFSTUMP,GOOD_LENGTH,7,7,1,7.0,100.0,Jersey
1352980,Habibur Rahman Sohan,RHB,ON_THE_STUMPS,FULL,9,7,1,9.0,128.57,Bangladesh
596073,Lesego Senokwane,RHB,ON_THE_STUMPS,FULL,9,7,1,9.0,128.57,South Africa
364343,Craig Young,RHB,OUTSIDE_OFFSTUMP,SHORT_OF_A_GOOD_LENGTH,4,7,1,4.0,57.14,Ireland
629084,Ramesh Mendis,RHB,OUTSIDE_OFFSTUMP,FULL,21,7,1,21.0,300.0,Sri Lanka
1196500,Zawar Farid,RHB,ON_THE_STUMPS,FULL,7,7,2,3.5,100.0,United Arab Emirates
959771,Nathan Smith,RHB,ON_THE_STUMPS,FULL,20,7,1,20.0,285.71,New Zealand
267724,Keshav Maharaj,RHB,ON_THE_STUMPS,YORKER,5,7,1,5.0,71.43,South Africa
652687,Saud Shakeel,LHB,OUTSIDE_OFFSTUMP,SHORT,9,7,2,4.5,128.57,Pakistan
533953,Najeeb Tarakai,RHB,OUTSIDE_OFFSTUMP,SHORT_OF_A_GOOD_LENGTH,9,7,1,9.0,128.57,Afghanistan
1072470,Shaheen Shah Afridi,LHB,ON_THE_STUMPS,YORKER,4,7,2,2.0,57.14,Pakistan
395057,Seth Rance,RHB,ON_THE_STUMPS,FULL,1,7,2,0.5,14.29,New Zealand
1201539,Johnson Singh,RHB,OUTSIDE_OFFSTUMP,GOOD_LENGTH,1,7,1,1.0,14.29,India
43265,Sohail Tanvir,LHB,ON_THE_STUMPS,SHORT,7,7,1,7.0,100.0,Pakistan
1058924,Nasrulla Rana,RHB,OUTSIDE_OFFSTUMP,FULL,2,7,1,2.0,28.57,Hong Kong
959825,Brooke Guest,RHB,OUTSIDE_OFFSTUMP,SHORT_OF_A_GOOD_LENGTH,9,7,1,9.0,128.57,England
596375,Tarisai Musakanda,RHB,OUTSIDE_OFFSTUMP,SHORT,7,7,1,7.0,100.0,Zimbabwe
48472,Tillakaratne Dilshan,RHB,ON_THE_STUMPS,FULL_TOSS,13,7,1,13.0,185.71,Sri Lanka
553249,Bjorn Fortuin,RHB,OUTSIDE_OFFSTUMP,SHORT,6,7,2,3.0,85.71,South Africa
596442,Delano Potgieter,LHB,ON_THE_STUMPS,FULL,13,7,2,6.5,185.71,South Africa
642525,Sarfaraz Khan,RHB,WIDE_OUTSIDE_OFFSTUMP,FULL,11,7,2,5.5,157.14,India
388794,Michael Pollard,RHB,ON_THE_STUMPS,SHORT_OF_A_GOOD_LENGTH,2,7,1,2.0,28.57,New Zealand
379504,Adam Zampa,RHB,OUTSIDE_OFFSTUMP,SHORT,2,7,1,2.0,28.57,Australia
390481,Harshal Patel,RHB,ON_THE_STUMPS,FULL_TOSS,10,7,2,5.0,142.86,India
1070754,Andile Simelane,RHB,OUTSIDE_OFFSTUMP,GOOD_LENGTH,7,7,1,7.0,100.0,South Africa
308408,Josh Cobb,RHB,ON_THE_STUMPS,GOOD_LENGTH,9,7,1,9.0,128.57,England
989749,SM Meherob,LHB,ON_THE_STUMPS,SHORT_OF_A_GOOD_LENGTH,5,7,1,5.0,71.43,
372116,Temba Bavuma,RHB,ON_THE_STUMPS,SHORT,6,7,1,6.0,85.71,South Africa
1065115,Benjamin Manenti,RHB,OUTSIDE_OFFSTUMP,FULL,2,7,1,2.0,28.57,Italy
670013,Fabian Allen,RHB,WIDE_OUTSIDE_OFFSTUMP,SHORT,16,7,1,16.0,228.57,West Indies
1071000,Bryce Parsons,LHB,OUTSIDE_OFFSTUMP,GOOD_LENGTH,8,7,2,4.0,114.29,South Africa
539304,Babar Hayat,RHB,WIDE_OUTSIDE_OFFSTUMP,SHORT_OF_A_GOOD_LENGTH,18,7,1,18.0,257.14,Hong Kong
244497,Adil Rashid,RHB,WIDE_OUTSIDE_OFFSTUMP,FULL,18,7,1,18.0,257.14,England
373538,Sabbir Rahman,RHB,ON_THE_STUMPS,YORKER,4,7,1,4.0,57.14,Bangladesh
1159371,Mohammad Ilyas,RHB,ON_THE_STUMPS,GOOD_LENGTH,6,7,1,6.0,85.71,Pakistan
1161024,Prabhsimran Singh,RHB,ON_THE_STUMPS,SHORT,23,7,1,23.0,328.57,India
538506,Taskin Ahmed,LHB,WIDE_OUTSIDE_OFFSTUMP,FULL,12,7,2,6.0,171.43,Bangladesh
555853,Mark Steketee,RHB,OUTSIDE_OFFSTUMP,FULL,11,7,1,11.0,157.14,Australia
281188,Nazmul Hossain Milon,RHB,OUTSIDE_OFFSTUMP,FULL,6,7,1,6.0,85.71,Bangladesh
1397994,Mohammad Ahnaff,RHB,ON_THE_STUMPS,FULL,6,7,1,6.0,85.71,Qatar
1070665,Dewald Brevis,RHB,ON_THE_STUMPS,YORKER,3,7,2,1.5,42.86,South Africa
669855,Jofra Archer,RHB,ON_THE_STUMPS,YORKER,10,7,1,10.0,142.86,England
391485,Jason Holder,RHB,DOWN_LEG,SHORT_OF_A_GOOD_LENGTH,5,7,1,5.0,71.43,West Indies
386302,Zeeshan Ali,RHB,OUTSIDE_OFFSTUMP,SHORT_OF_A_GOOD_LENGTH,4,7,1,4.0,57.14,Hong Kong
669855,Jofra Archer,RHB,ON_THE_STUMPS,SHORT_OF_A_GOOD_LENGTH,8,7,1,8.0,114.29,England
1158099,Mohammad Umar,RHB,OUTSIDE_OFFSTUMP,SHORT,1,7,2,0.5,14.29,Pakistan
371814,Kevon Cooper,RHB,OUTSIDE_OFFSTUMP,FULL,9,7,1,9.0,128.57,West Indies
43906,Hashim Amla,RHB,ON_THE_STUMPS,YORKER,5,7,1,5.0,71.43,South Africa
671805,George Munsey,LHB,OUTSIDE_OFFSTUMP,FULL_TOSS,11,7,1,11.0,157.14,Scotland
19296,Kevin Pietersen,RHB,WIDE_OUTSIDE_OFFSTUMP,SHORT_OF_A_GOOD_LENGTH,7,7,1,7.0,100.0,England
596417,Brydon Carse,RHB,ON_THE_STUMPS,FULL,6,7,1,6.0,85.71,England
541224,Luke Jongwe,RHB,OUTSIDE_OFFSTUMP,SHORT,0,7,3,0.0,0.0,Zimbabwe
1161044,Shamim Hossain,LHB,WIDE_OUTSIDE_OFFSTUMP,FULL_TOSS,15,7,1,15.0,214.29,Bangladesh
670037,Ramaal Lewis,RHB,OUTSIDE_OFFSTUMP,FULL,10,7,1,10.0,142.86,West Indies
288285,Clive Rose,RHB,OUTSIDE_OFFSTUMP,SHORT_OF_A_GOOD_LENGTH,11,7,1,11.0,157.14,Australia
47492,Dale Steyn,RHB,OUTSIDE_OFFSTUMP,GOOD_LENGTH,12,7,1,12.0,171.43,South Africa
1158100,Mohammad Hasnain,RHB,OUTSIDE_OFFSTUMP,FULL,11,7,1,11.0,157.14,Pakistan
641387,Max Holden,LHB,DOWN_LEG,GOOD_LENGTH,2,7,1,2.0,28.57,England
1065115,Benjamin Manenti,RHB,OUTSIDE_OFFSTUMP,SHORT_OF_A_GOOD_LENGTH,9,7,1,9.0,128.57,Italy
633362,Sharafuddin Ashraf,RHB,OUTSIDE_OFFSTUMP,FULL,5,7,1,5.0,71.43,Afghanistan
42639,Shahid Afridi,RHB,DOWN_LEG,GOOD_LENGTH,10,7,1,10.0,142.86,Pakistan
990031,Towhid Hridoy,RHB,DOWN_LEG,FULL,10,7,1,10.0,142.86,Bangladesh
1153148,Sonal Dinusha,LHB,OUTSIDE_OFFSTUMP,GOOD_LENGTH,5,7,1,5.0,71.43,Sri Lanka
235519,Tendai Chisoro,LHB,OUTSIDE_OFFSTUMP,GOOD_LENGTH,9,7,1,9.0,128.57,Zimbabwe
18632,Samit Patel,RHB,WIDE_OUTSIDE_OFFSTUMP,FULL,15,7,1,15.0,214.29,England
647785,Sahibzada Farhan,RHB,OUTSIDE_OFFSTUMP,FULL_TOSS,17,7,1,17.0,242.86,Pakistan
1028655,Pathum Nissanka,RHB,DOWN_LEG,FULL,14,7,1,14.0,200.0,Sri Lanka
1201514,Mickil Jaiswal,RHB,ON_THE_STUMPS,FULL,19,7,2,9.5,271.43,India
398506,Mandeep Singh,RHB,OUTSIDE_OFFSTUMP,FULL_TOSS,11,7,1,11.0,157.14,India
1344844,Usman Najeeb,RHB,OUTSIDE_OFFSTUMP,GOOD_LENGTH,1,7,2,0.5,14.29,Saudi Arabia
4864,Dan Christian,RHB,WIDE_OUTSIDE_OFFSTUMP,SHORT,14,7,1,14.0,200.0,Australia
1070168,Prithvi Shaw,RHB,ON_THE_STUMPS,YORKER,4,7,1,4.0,57.14,India
596376,Joylord Gumbie,RHB,OUTSIDE_OFFSTUMP,SHORT_OF_A_GOOD_LENGTH,5,6,2,2.5,83.33,Zimbabwe
913847,Zubaidi Zulkifle,RHB,OUTSIDE_OFFSTUMP,SHORT_OF_A_GOOD_LENGTH,5,6,2,2.5,83.33,Malaysia
669855,Jofra Archer,RHB,ON_THE_STUMPS,FULL_TOSS,9,6,1,9.0,150.0,England
550235,Tom Curran,RHB,DOWN_LEG,SHORT_OF_A_GOOD_LENGTH,10,6,1,10.0,166.67,England
629059,Yasir Ali,RHB,DOWN_LEG,FULL,2,6,1,2.0,33.33,Bangladesh
1088618,Jonathan Merlo,RHB,OUTSIDE_OFFSTUMP,FULL,3,6,3,1.0,50.0,Australia
43590,Wahab Riaz,RHB,WIDE_OUTSIDE_OFFSTUMP,GOOD_LENGTH,16,6,1,16.0,266.67,Pakistan
53191,Jerome Taylor,RHB,ON_THE_STUMPS,FULL,19,6,1,19.0,316.67,West Indies
319439,Mitchell McClenaghan,LHB,DOWN_LEG,FULL,10,6,1,10.0,166.67,New Zealand
1388460,Rahul Chopra,RHB,ON_THE_STUMPS,SHORT_OF_A_GOOD_LENGTH,4,6,1,4.0,66.67,
906745,Leniko Boucher,RHB,OUTSIDE_OFFSTUMP,FULL,5,6,1,5.0,83.33,West Indies
304735,Dilshan Munaweera,RHB,DOWN_LEG,SHORT_OF_A_GOOD_LENGTH,4,6,1,4.0,66.67,Sri Lanka
443263,Hayden Walsh,LHB,DOWN_LEG,GOOD_LENGTH,2,6,1,2.0,33.33,West Indies
247235,Chris Woakes,RHB,ON_THE_STUMPS,YORKER,2,6,1,2.0,33.33,England
261354,Nathan Coulter-Nile,RHB,OUTSIDE_OFFSTUMP,FULL_TOSS,12,6,1,12.0,200.0,Australia
1161044,Shamim Hossain,LHB,DOWN_LEG,SHORT,7,6,1,7.0,116.67,Bangladesh
290727,Rishi Dhawan,RHB,ON_THE_STUMPS,SHORT_OF_A_GOOD_LENGTH,13,6,1,13.0,216.67,India
670013,Fabian Allen,RHB,DOWN_LEG,SHORT,18,6,1,18.0,300.0,West Indies
380956,Michael Rippon,RHB,OUTSIDE_OFFSTUMP,FULL_TOSS,5,6,1,5.0,83.33,New Zealand
594233,Sibonelo Makhanya,RHB,ON_THE_STUMPS,SHORT_OF_A_GOOD_LENGTH,2,6,1,2.0,33.33,South Africa
990031,Towhid Hridoy,RHB,ON_THE_STUMPS,YORKER,9,6,1,9.0,150.0,Bangladesh
738445,Mohammad Shahzad,RHB,ON_THE_STUMPS,FULL,3,6,1,3.0,50.0,United Arab Emirates
623695,Chamika Karunaratne,RHB,WIDE_OUTSIDE_OFFSTUMP,SHORT_OF_A_GOOD_LENGTH,5,6,1,5.0,83.33,Sri Lanka
833087,Mahedi Hasan,RHB,DOWN_LEG,GOOD_LENGTH,11,6,1,11.0,183.33,Bangladesh
742489,Neil Brand,LHB,OUTSIDE_OFFSTUMP,SHORT_OF_A_GOOD_LENGTH,7,6,2,3.5,116.67,South Africa
784375,Lahiru Kumara,LHB,OUTSIDE_OFFSTUMP,GOOD_LENGTH,2,6,1,2.0,33.33,Sri Lanka
833087,Mahedi Hasan,RHB,ON_THE_STUMPS,SHORT,9,6,1,9.0,150.0,Bangladesh
1277545,Abishek Porel,LHB,DOWN_LEG,GOOD_LENGTH,1,6,1,1.0,16.67,India
319439,Mitchell McClenaghan,LHB,ON_THE_STUMPS,FULL_TOSS,2,6,4,0.5,33.33,New Zealand
906749,Dominic Drakes,LHB,OUTSIDE_OFFSTUMP,FULL_TOSS,9,6,1,9.0,150.0,West Indies
1253822,Gulsan Jha,LHB,ON_THE_STUMPS,GOOD_LENGTH,5,6,1,5.0,83.33,Nepal
1218226,Muhammad Faizan,RHB,ON_THE_STUMPS,GOOD_LENGTH,0,6,2,0.0,0.0,Pakistan
334394,Sam Whiteman,LHB,DOWN_LEG,SHORT_OF_A_GOOD_LENGTH,4,6,2,2.0,66.67,Australia
827051,Blessing Muzarabani,RHB,ON_THE_STUMPS,YORKER,0,6,4,0.0,0.0,Zimbabwe
594233,Sibonelo Makhanya,RHB,OUTSIDE_OFFSTUMP,SHORT,22,6,2,11.0,366.67,South Africa
432072,Trevon Griffith,LHB,ON_THE_STUMPS,FULL,9,6,1,9.0,150.0,West Indies
319439,Mitchell McClenaghan,LHB,WIDE_OUTSIDE_OFFSTUMP,FULL,11,6,2,5.5,183.33,New Zealand
432072,Trevon Griffith,LHB,OUTSIDE_OFFSTUMP,FULL,6,6,1,6.0,100.0,West Indies
909225,Paul Walter,LHB,OUTSIDE_OFFSTUMP,SHORT,13,6,1,13.0,216.67,England
481896,Mohammed Shami,RHB,OUTSIDE_OFFSTUMP,SHORT,5,6,1,5.0,83.33,India
444970,Jimmy Peirson,RHB,WIDE_OUTSIDE_OFFSTUMP,FULL_TOSS,8,6,1,8.0,133.33,Australia
1248374,Aamer Azmat,RHB,ON_THE_STUMPS,FULL,9,6,1,9.0,150.0,Pakistan
1175488,Dhruv Jurel,RHB,OUTSIDE_OFFSTUMP,FULL_TOSS,13,6,1,13.0,216.67,India
647667,Usama Mir,RHB,ON_THE_STUMPS,YORKER,4,6,2,2.0,66.67,Pakistan
55944,Jahurul Islam,RHB,WIDE_OUTSIDE_OFFSTUMP,GOOD_LENGTH,0,6,1,0.0,0.0,Bangladesh
308294,Stuart Poynter,RHB,OUTSIDE_OFFSTUMP,SHORT_OF_A_GOOD_LENGTH,9,6,1,9.0,150.0,Ireland
1295851,Joel Davies,LHB,ON_THE_STUMPS,GOOD_LENGTH,5,6,2,2.5,83.33,Australia
277912,Trent Boult,RHB,ON_THE_STUMPS,YORKER,5,6,1,5.0,83.33,New Zealand
623636,Kamran Ghulam,RHB,OUTSIDE_OFFSTUMP,SHORT,8,6,1,8.0,133.33,Pakistan
230856,Grant Mokoena,RHB,ON_THE_STUMPS,GOOD_LENGTH,7,6,1,7.0,116.67,South Africa
539511,Henry Nicholls,LHB,OUTSIDE_OFFSTUMP,FULL_TOSS,4,6,2,2.0,66.67,New Zealand
318788,Haris Sohail,LHB,DOWN_LEG,SHORT_OF_A_GOOD_LENGTH,8,6,1,8.0,133.33,Pakistan
348109,Paul van Meekeren,RHB,ON_THE_STUMPS,SHORT_OF_A_GOOD_LENGTH,3,6,1,3.0,50.0,Netherlands
277237,Iqbal Abdulla,LHB,OUTSIDE_OFFSTUMP,FULL,17,6,1,17.0,283.33,India
373538,Sabbir Rahman,RHB,OUTSIDE_OFFSTUMP,YORKER,3,6,1,3.0,50.0,Bangladesh
1185538,Mohammad Wasim,RHB,WIDE_OUTSIDE_OFFSTUMP,SHORT_OF_A_GOOD_LENGTH,6,6,1,6.0,100.0,Pakistan
1284531,Edson Silva,RHB,ON_THE_STUMPS,GOOD_LENGTH,7,6,1,7.0,116.67,Kuwait
1276922,Ijaz Ahmad Ahmadzai,RHB,ON_THE_STUMPS,SHORT_OF_A_GOOD_LENGTH,2,6,1,2.0,33.33,Afghanistan
977451,Jack Prestwidge,RHB,ON_THE_STUMPS,FULL,9,6,2,4.5,150.0,Australia
429754,Niroshan Dickwella,LHB,ON_THE_STUMPS,YORKER,3,6,2,1.5,50.0,Sri Lanka
318340,Noor Ali Zadran,RHB,WIDE_OUTSIDE_OFFSTUMP,SHORT,3,6,1,3.0,50.0,Afghanistan
1248374,Aamer Azmat,RHB,OUTSIDE_OFFSTUMP,FULL,7,6,1,7.0,116.67,Pakistan
550137,Abu Hider,RHB,ON_THE_STUMPS,SHORT_OF_A_GOOD_LENGTH,3,6,1,3.0,50.0,Bangladesh
244497,Adil Rashid,RHB,WIDE_OUTSIDE_OFFSTUMP,SHORT_OF_A_GOOD_LENGTH,5,6,1,5.0,83.33,England
921509,Ibrahim Zadran,RHB,DOWN_LEG,SHORT,13,6,1,13.0,216.67,Afghanistan
539511,Henry Nicholls,LHB,DOWN_LEG,FULL,3,6,1,3.0,50.0,New Zealand
429754,Niroshan Dickwella,LHB,WIDE_OUTSIDE_OFFSTUMP,SHORT_OF_A_GOOD_LENGTH,4,6,1,4.0,66.67,Sri Lanka
793411,Danish Aziz,LHB,DOWN_LEG,SHORT,17,6,1,17.0,283.33,Pakistan
303427,Paul Stirling,RHB,DOWN_LEG,SHORT,15,6,1,15.0,250.0,Ireland
914577,Colin Archibald,LHB,OUTSIDE_OFFSTUMP,GOOD_LENGTH,2,6,1,2.0,33.33,West Indies
318788,Haris Sohail,LHB,OUTSIDE_OFFSTUMP,SHORT_OF_A_GOOD_LENGTH,9,6,1,9.0,150.0,Pakistan
1132005,Mohsin Khan,LHB,OUTSIDE_OFFSTUMP,GOOD_LENGTH,5,6,1,5.0,83.33,India
1048813,Narayan Jagadeesan,RHB,OUTSIDE_OFFSTUMP,SHORT,5,6,1,5.0,83.33,India
297628,Sam Billings,RHB,DOWN_LEG,YORKER,1,6,1,1.0,16.67,England
481875,George Linde,LHB,OUTSIDE_OFFSTUMP,FULL_TOSS,13,6,1,13.0,216.67,South Africa
8291,Cameron White,RHB,ON_THE_STUMPS,FULL_TOSS,3,6,1,3.0,50.0,Australia
914503,Harsh Thaker,RHB,WIDE_OUTSIDE_OFFSTUMP,GOOD_LENGTH,4,6,1,4.0,66.67,Canada
348059,Barry McCarthy,RHB,ON_THE_STUMPS,SHORT,6,6,1,6.0,100.0,Ireland
914467,Anderson Phillip,RHB,OUTSIDE_OFFSTUMP,GOOD_LENGTH,2,6,1,2.0,33.33,West Indies
43685,Yasir Shah,RHB,ON_THE_STUMPS,GOOD_LENGTH,3,6,2,1.5,50.0,Pakistan
1070665,Dewald Brevis,RHB,OUTSIDE_OFFSTUMP,FULL_TOSS,4,6,2,2.0,66.67,South Africa
37749,Nathan McCullum,RHB,OUTSIDE_OFFSTUMP,SHORT_OF_A_GOOD_LENGTH,5,6,1,5.0,83.33,New Zealand
1217359,Sayed Monib,RHB,OUTSIDE_OFFSTUMP,FULL,4,6,1,4.0,66.67,Kuwait
826901,Daniel Sams,RHB,DOWN_LEG,SHORT,9,6,1,9.0,150.0,Australia
53115,Daren Sammy,RHB,DOWN_LEG,GOOD_LENGTH,9,6,1,9.0,150.0,West Indies
1088608,Max Bryant,RHB,ON_THE_STUMPS,YORKER,2,6,1,2.0,33.33,Australia
1295842,Campbell Kellaway,LHB,ON_THE_STUMPS,FULL,11,6,1,11.0,183.33,Australia
38003,Stephen Murdoch,RHB,OUTSIDE_OFFSTUMP,SHORT_OF_A_GOOD_LENGTH,2,6,1,2.0,33.33,New Zealand
380355,Habibur Rahman,RHB,OUTSIDE_OFFSTUMP,SHORT_OF_A_GOOD_LENGTH,2,6,1,2.0,33.33,Bangladesh
277912,Trent Boult,RHB,ON_THE_STUMPS,FULL_TOSS,5,6,1,5.0,83.33,New Zealand
388678,Ben Dunk,LHB,WIDE_OUTSIDE_OFFSTUMP,GOOD_LENGTH,7,6,1,7.0,116.67,Australia
1132219,Sanvir Singh,RHB,ON_THE_STUMPS,FULL,5,6,1,5.0,83.33,India
429981,Mohammad Irfan,RHB,OUTSIDE_OFFSTUMP,GOOD_LENGTH,4,6,2,2.0,66.67,Pakistan
1112537,Jordan Cox,RHB,WIDE_OUTSIDE_OFFSTUMP,SHORT,14,6,1,14.0,233.33,England
1223053,Steven McGiffin,RHB,ON_THE_STUMPS,GOOD_LENGTH,4,6,1,4.0,66.67,Australia
475281,Shardul Thakur,RHB,OUTSIDE_OFFSTUMP,FULL_TOSS,4,6,1,4.0,66.67,India
379890,Chad Bowes,RHB,ON_THE_STUMPS,SHORT,4,6,2,2.0,66.67,New Zealand
277472,Darren Bravo,LHB,ON_THE_STUMPS,YORKER,1,6,1,1.0,16.67,West Indies
854909,Blair Tickner,RHB,OUTSIDE_OFFSTUMP,GOOD_LENGTH,3,6,1,3.0,50.0,New Zealand
1411891,Tanish Suri,RHB,ON_THE_STUMPS,FULL,4,6,1,4.0,66.67,United Arab Emirates
1129634,Katene Clarke,RHB,DOWN_LEG,GOOD_LENGTH,5,6,1,5.0,83.33,New Zealand
1125976,Arshdeep Singh,LHB,OUTSIDE_OFFSTUMP,SHORT_OF_A_GOOD_LENGTH,2,6,1,2.0,33.33,India
623695,Chamika Karunaratne,RHB,DOWN_LEG,SHORT_OF_A_GOOD_LENGTH,4,6,1,4.0,66.67,Sri Lanka
824541,Jaker Ali,RHB,ON_THE_STUMPS,YORKER,4,6,1,4.0,66.67,Bangladesh
1287058,P Nitesh Reddy,RHB,OUTSIDE_OFFSTUMP,GOOD_LENGTH,1,6,1,1.0,16.67,India
55870,Sean Williams,LHB,OUTSIDE_OFFSTUMP,FULL_TOSS,12,6,1,12.0,200.0,Zimbabwe
1278029,Yasir Khan,RHB,ON_THE_STUMPS,SHORT,12,6,2,6.0,200.0,Pakistan
777515,Praveen Dubey,RHB,ON_THE_STUMPS,FULL,5,6,1,5.0,83.33,India
55608,Hamilton Masakadza,RHB,WIDE_OUTSIDE_OFFSTUMP,FULL,14,6,2,7.0,233.33,Zimbabwe
877051,Tom Banton,RHB,ON_THE_STUMPS,YORKER,1,6,2,0.5,16.67,England
605681,Evan Jones,RHB,ON_THE_STUMPS,FULL,5,6,1,5.0,83.33,South Africa
623695,Chamika Karunaratne,RHB,DOWN_LEG,FULL,8,6,1,8.0,133.33,Sri Lanka
475281,Shardul Thakur,RHB,DOWN_LEG,GOOD_LENGTH,11,6,1,11.0,183.33,India
590326,Mitchell Swepson,RHB,ON_THE_STUMPS,YORKER,3,6,1,3.0,50.0,Australia
43685,Yasir Shah,RHB,OUTSIDE_OFFSTUMP,SHORT_OF_A_GOOD_LENGTH,1,6,2,0.5,16.67,Pakistan
868003,Syed Aziz,LHB,OUTSIDE_OFFSTUMP,SHORT_OF_A_GOOD_LENGTH,4,6,2,2.0,66.67,Malaysia
261354,Nathan Coulter-Nile,RHB,DOWN_LEG,GOOD_LENGTH,1,6,1,1.0,16.67,Australia
228622,John Hastings,RHB,OUTSIDE_OFFSTUMP,GOOD_LENGTH,8,6,1,8.0,133.33,Australia
475281,Shardul Thakur,RHB,WIDE_OUTSIDE_OFFSTUMP,FULL,7,6,1,7.0,116.67,India
228943,Sunny Sohal,RHB,ON_THE_STUMPS,GOOD_LENGTH,8,6,1,8.0,133.33,United States of America
787073,Chris Green,RHB,WIDE_OUTSIDE_OFFSTUMP,GOOD_LENGTH,8,6,2,4.0,133.33,Australia
32966,Piyush Chawla,LHB,DOWN_LEG,FULL,8,6,1,8.0,133.33,India
326017,Siddarth Kaul,RHB,OUTSIDE_OFFSTUMP,GOOD_LENGTH,0,6,1,0.0,0.0,India
653033,Priyamal Perera,RHB,ON_THE_STUMPS,SHORT_OF_A_GOOD_LENGTH,7,6,1,7.0,116.67,Sri Lanka
787073,Chris Green,RHB,DOWN_LEG,FULL,6,6,1,6.0,100.0,Australia
781297,James Seymour,LHB,ON_THE_STUMPS,SHORT_OF_A_GOOD_LENGTH,3,6,1,3.0,50.0,Australia
492762,Utkarsh Jain,RHB,ON_THE_STUMPS,GOOD_LENGTH,1,6,1,1.0,16.67,
1012137,Mrittunjoy Chowdhury,LHB,ON_THE_STUMPS,FULL,3,6,1,3.0,50.0,Bangladesh
340062,Priyank Panchal,RHB,ON_THE_STUMPS,SHORT_OF_A_GOOD_LENGTH,11,6,1,11.0,183.33,India
437927,Stephan Baard,RHB,WIDE_OUTSIDE_OFFSTUMP,SHORT_OF_A_GOOD_LENGTH,15,6,1,15.0,250.0,Namibia
1287040,Joseph Lalthankhuma,RHB,OUTSIDE_OFFSTUMP,GOOD_LENGTH,2,6,1,2.0,33.33,India
325012,Marcus Stoinis,RHB,WIDE_OUTSIDE_OFFSTUMP,YORKER,8,6,1,8.0,133.33,Australia
588471,Hokaito Zhimomi,RHB,ON_THE_STUMPS,GOOD_LENGTH,4,6,1,4.0,66.67,India
627623,Charlie Wakim,RHB,ON_THE_STUMPS,FULL,3,6,1,3.0,50.0,Australia
326016,Bhuvneshwar Kumar,RHB,DOWN_LEG,SHORT_OF_A_GOOD_LENGTH,7,6,1,7.0,116.67,India
488998,Tshepang Dithole,LHB,ON_THE_STUMPS,FULL,4,6,1,4.0,66.67,South Africa
326016,Bhuvneshwar Kumar,RHB,ON_THE_STUMPS,YORKER,3,6,1,3.0,50.0,India
547766,Jacob Duffy,RHB,ON_THE_STUMPS,GOOD_LENGTH,4,6,1,4.0,66.67,New Zealand
32966,Piyush Chawla,LHB,OUTSIDE_OFFSTUMP,FULL_TOSS,4,6,1,4.0,66.67,India
781705,Salman Irshad,RHB,ON_THE_STUMPS,GOOD_LENGTH,4,6,2,2.0,66.67,Pakistan
326016,Bhuvneshwar Kumar,RHB,WIDE_OUTSIDE_OFFSTUMP,FULL,11,6,1,11.0,183.33,India
646173,Kiplin Doriga,RHB,ON_THE_STUMPS,FULL,15,6,1,15.0,250.0,Papua New Guinea
376324,Anureet Singh,RHB,ON_THE_STUMPS,FULL,2,6,1,2.0,33.33,India
230551,Gajanand Singh,LHB,ON_THE_STUMPS,SHORT_OF_A_GOOD_LENGTH,6,6,1,6.0,100.0,United States of America
348026,John Campbell,LHB,OUTSIDE_OFFSTUMP,FULL,7,6,1,7.0,116.67,West Indies
772361,Sam Harper,RHB,DOWN_LEG,SHORT,13,6,1,13.0,216.67,Australia
542023,Lungi Ngidi,RHB,ON_THE_STUMPS,GOOD_LENGTH,0,6,3,0.0,0.0,South Africa
26421,Ravichandran Ashwin,RHB,DOWN_LEG,SHORT,23,6,1,23.0,383.33,India
55872,Malcolm Waller,RHB,OUTSIDE_OFFSTUMP,FULL_TOSS,14,6,1,14.0,233.33,Zimbabwe
380354,Anamul Haque,RHB,DOWN_LEG,SHORT_OF_A_GOOD_LENGTH,9,6,1,9.0,150.0,Bangladesh
571703,Wellington Masakadza,LHB,ON_THE_STUMPS,YORKER,2,6,2,1.0,33.33,Zimbabwe
901155,Liam Hatcher,RHB,ON_THE_STUMPS,FULL,16,6,1,16.0,266.67,Australia
447261,Deepak Chahar,RHB,OUTSIDE_OFFSTUMP,SHORT,12,6,1,12.0,200.0,India
897549,Will Jacks,RHB,WIDE_OUTSIDE_OFFSTUMP,SHORT,14,6,1,14.0,233.33,England
447261,Deepak Chahar,RHB,ON_THE_STUMPS,SHORT_OF_A_GOOD_LENGTH,7,6,1,7.0,116.67,India
990039,Shoriful Islam,LHB,ON_THE_STUMPS,YORKER,0,6,4,0.0,0.0,Bangladesh
247235,Chris Woakes,RHB,OUTSIDE_OFFSTUMP,YORKER,3,6,1,3.0,50.0,England
1175496,Nitish Kumar Reddy,RHB,DOWN_LEG,GOOD_LENGTH,11,6,1,11.0,183.33,India
376169,Michael Neser,RHB,WIDE_OUTSIDE_OFFSTUMP,GOOD_LENGTH,6,6,1,6.0,100.0,Australia
272477,Jason Behrendorff,RHB,ON_THE_STUMPS,YORKER,3,6,1,3.0,50.0,Australia
1397990,Mohammed Irshad,RHB,OUTSIDE_OFFSTUMP,SHORT_OF_A_GOOD_LENGTH,7,6,1,7.0,116.67,Qatar
902907,Tom Lammonby,LHB,ON_THE_STUMPS,SHORT_OF_A_GOOD_LENGTH,6,6,2,3.0,100.0,England
555850,Sam Hain,RHB,WIDE_OUTSIDE_OFFSTUMP,SHORT,10,6,1,10.0,166.67,England
990039,Shoriful Islam,LHB,ON_THE_STUMPS,SHORT_OF_A_GOOD_LENGTH,2,6,1,2.0,33.33,Bangladesh
629057,Shadman Islam,LHB,OUTSIDE_OFFSTUMP,GOOD_LENGTH,6,6,1,6.0,100.0,Bangladesh
37095,Daniel Flynn,LHB,OUTSIDE_OFFSTUMP,GOOD_LENGTH,11,6,1,11.0,183.33,New Zealand
1070188,Kamlesh Nagarkoti,RHB,OUTSIDE_OFFSTUMP,SHORT_OF_A_GOOD_LENGTH,5,6,1,5.0,83.33,India
1130300,Aryan Juyal,RHB,ON_THE_STUMPS,GOOD_LENGTH,2,6,1,2.0,33.33,India
326968,Michael Bracewell,LHB,DOWN_LEG,SHORT,12,6,2,6.0,200.0,New Zealand
480603,Iftikhar Ahmed,RHB,DOWN_LEG,SHORT,12,6,1,12.0,200.0,Pakistan
662973,Sam Curran,LHB,DOWN_LEG,FULL_TOSS,7,6,1,7.0,116.67,England
1093632,Junaid Aziz,RHB,OUTSIDE_OFFSTUMP,SHORT_OF_A_GOOD_LENGTH,8,6,1,8.0,133.33,Bahrain
1112537,Jordan Cox,RHB,DOWN_LEG,GOOD_LENGTH,6,6,1,6.0,100.0,England
344580,Shreyas Gopal,RHB,OUTSIDE_OFFSTUMP,SHORT,6,6,1,6.0,100.0,India
307808,Rohan Mustafa,LHB,ON_THE_STUMPS,FULL,6,6,1,6.0,100.0,United Arab Emirates
1065662,Roshon Primus,RHB,ON_THE_STUMPS,SHORT,16,6,2,8.0,266.67,West Indies
26421,Ravichandran Ashwin,RHB,DOWN_LEG,SHORT_OF_A_GOOD_LENGTH,7,6,1,7.0,116.67,India
787987,Marnus Labuschagne,RHB,WIDE_OUTSIDE_OFFSTUMP,SHORT,6,6,1,6.0,100.0,Australia
43265,Sohail Tanvir,LHB,DOWN_LEG,SHORT,11,6,1,11.0,183.33,Pakistan
1290929,Tim Robinson,RHB,WIDE_OUTSIDE_OFFSTUMP,SHORT_OF_A_GOOD_LENGTH,12,6,1,12.0,200.0,New Zealand
56007,Mashrafe Mortaza,RHB,ON_THE_STUMPS,YORKER,5,6,1,5.0,83.33,Bangladesh
252932,Kieran Powell,LHB,ON_THE_STUMPS,GOOD_LENGTH,10,6,1,10.0,166.67,West Indies
32685,Irfan Pathan,LHB,OUTSIDE_OFFSTUMP,SHORT_OF_A_GOOD_LENGTH,7,6,1,7.0,116.67,India
222354,Milinda Siriwardana,LHB,DOWN_LEG,SHORT,14,6,2,7.0,233.33,Sri Lanka
1185538,Mohammad Wasim,RHB,WIDE_OUTSIDE_OFFSTUMP,FULL,12,6,3,4.0,200.0,Pakistan
627627,Tom Rogers,LHB,ON_THE_STUMPS,YORKER,6,6,2,3.0,100.0,Australia
1129637,Luke Georgeson,LHB,ON_THE_STUMPS,GOOD_LENGTH,2,6,1,2.0,33.33,New Zealand
774219,Matthew Kuhnemann,LHB,OUTSIDE_OFFSTUMP,SHORT_OF_A_GOOD_LENGTH,2,6,1,2.0,33.33,Australia
21440,John Simpson,LHB,OUTSIDE_OFFSTUMP,FULL,2,6,1,2.0,33.33,England
545467,Junior Dala,RHB,ON_THE_STUMPS,GOOD_LENGTH,4,6,1,4.0,66.67,South Africa
5939,Michael Hussey,LHB,OUTSIDE_OFFSTUMP,FULL,11,6,1,11.0,183.33,Australia
345825,Chaturanga de Silva,LHB,DOWN_LEG,GOOD_LENGTH,4,6,1,4.0,66.67,Sri Lanka
375126,Hardus Viljoen,RHB,ON_THE_STUMPS,SHORT,6,6,2,3.0,100.0,South Africa
906783,Obed McCoy,LHB,DOWN_LEG,GOOD_LENGTH,3,6,1,3.0,50.0,West Indies
528067,Murugan Ashwin,RHB,OUTSIDE_OFFSTUMP,FULL,2,6,2,1.0,33.33,India
796255,Bilal Tahir,LHB,ON_THE_STUMPS,SHORT_OF_A_GOOD_LENGTH,23,6,1,23.0,383.33,Kuwait
235532,Cephas Zhuwao,LHB,OUTSIDE_OFFSTUMP,FULL,6,6,1,6.0,100.0,Zimbabwe
1153149,Vijayakanth Viyaskanth,RHB,OUTSIDE_OFFSTUMP,SHORT,5,6,1,5.0,83.33,Sri Lanka
300618,Nasir Hossain,RHB,WIDE_OUTSIDE_OFFSTUMP,FULL,11,6,1,11.0,183.33,Bangladesh
679567,Ben Dwarshuis,LHB,ON_THE_STUMPS,YORKER,3,6,2,1.5,50.0,Australia
315623,Ben Laughlin,RHB,ON_THE_STUMPS,FULL,3,6,1,3.0,50.0,Australia
1077662,Frederick Walker,LHB,OUTSIDE_OFFSTUMP,FULL,10,6,1,10.0,166.67,New Zealand
211855,Liam Dawson,RHB,DOWN_LEG,FULL,9,6,1,9.0,150.0,England
959827,Jason Sangha,RHB,ON_THE_STUMPS,YORKER,3,6,2,1.5,50.0,Australia
698315,Donavon Ferreira,RHB,OUTSIDE_OFFSTUMP,SHORT_OF_A_GOOD_LENGTH,15,6,1,15.0,250.0,South Africa
959827,Jason Sangha,RHB,ON_THE_STUMPS,SHORT,6,6,1,6.0,100.0,Australia
1151270,Ayush Badoni,RHB,WIDE_OUTSIDE_OFFSTUMP,FULL_TOSS,8,6,1,8.0,133.33,India
1058953,Jassim Khan,RHB,ON_THE_STUMPS,GOOD_LENGTH,6,6,1,6.0,100.0,Qatar
1076713,Cameron Green,RHB,ON_THE_STUMPS,YORKER,4,6,1,4.0,66.67,Australia
697279,Usman Shinwari,RHB,OUTSIDE_OFFSTUMP,FULL,2,6,1,2.0,33.33,Pakistan
366725,Oshada Fernando,RHB,ON_THE_STUMPS,FULL,5,6,1,5.0,83.33,Sri Lanka
300628,Dinesh Chandimal,RHB,DOWN_LEG,SHORT,6,6,1,6.0,100.0,Sri Lanka
800395,Anas Khan,LHB,ON_THE_STUMPS,GOOD_LENGTH,3,6,1,3.0,50.0,Hong Kong
269280,Reeza Hendricks,RHB,WIDE_OUTSIDE_OFFSTUMP,FULL_TOSS,10,6,1,10.0,166.67,South Africa
530015,William Bosisto,RHB,ON_THE_STUMPS,FULL,10,6,1,10.0,166.67,Australia
1072470,Shaheen Shah Afridi,LHB,OUTSIDE_OFFSTUMP,SHORT,8,6,1,8.0,133.33,Pakistan
413023,Etienne Beukes,RHB,OUTSIDE_OFFSTUMP,SHORT_OF_A_GOOD_LENGTH,8,6,1,8.0,133.33,Cambodia
41028,Kamran Akmal,RHB,WIDE_OUTSIDE_OFFSTUMP,SHORT,10,6,2,5.0,166.67,Pakistan
209457,Chamara Kapugedera,RHB,OUTSIDE_OFFSTUMP,FULL_TOSS,8,6,1,8.0,133.33,Sri Lanka
377534,Shashank Singh,RHB,ON_THE_STUMPS,SHORT,12,6,1,12.0,200.0,India
1205559,Mohammad Haris,RHB,WIDE_OUTSIDE_OFFSTUMP,SHORT,11,6,1,11.0,183.33,Pakistan
1209188,Kevlon Anderson,RHB,ON_THE_STUMPS,GOOD_LENGTH,10,6,1,10.0,166.67,West Indies
30288,Karn Sharma,LHB,OUTSIDE_OFFSTUMP,SHORT,7,6,2,3.5,116.67,India
30732,Praveen Kumar,RHB,OUTSIDE_OFFSTUMP,SHORT,3,6,1,3.0,50.0,India
1122853,Tony Munyonga,RHB,ON_THE_STUMPS,FULL,3,6,2,1.5,50.0,Zimbabwe
1360563,Muhammad Abbas,RHB,OUTSIDE_OFFSTUMP,SHORT,18,6,1,18.0,300.0,New Zealand
698343,Eathan Bosch,RHB,WIDE_OUTSIDE_OFFSTUMP,GOOD_LENGTH,9,6,1,9.0,150.0,South Africa
4527,Ryan Campbell,RHB,WIDE_OUTSIDE_OFFSTUMP,SHORT_OF_A_GOOD_LENGTH,9,6,1,9.0,150.0,Hong Kong
310107,Danny Briggs,RHB,OUTSIDE_OFFSTUMP,SHORT_OF_A_GOOD_LENGTH,9,6,1,9.0,150.0,England
1151270,Ayush Badoni,RHB,ON_THE_STUMPS,SHORT,16,6,1,16.0,266.67,India
820351,Rovman Powell,RHB,WIDE_OUTSIDE_OFFSTUMP,SHORT,7,6,2,3.5,116.67,West Indies
1078697,Jeavor Royal,RHB,OUTSIDE_OFFSTUMP,FULL,7,6,2,3.5,116.67,West Indies
526021,Cole McConchie,RHB,ON_THE_STUMPS,SHORT_OF_A_GOOD_LENGTH,3,6,1,3.0,50.0,New Zealand
1078697,Jeavor Royal,RHB,ON_THE_STUMPS,GOOD_LENGTH,3,6,1,3.0,50.0,West Indies
50802,Mahela Udawatte,LHB,OUTSIDE_OFFSTUMP,GOOD_LENGTH,2,6,1,2.0,33.33,Sri Lanka
938959,Wessly Madhevere,RHB,WIDE_OUTSIDE_OFFSTUMP,GOOD_LENGTH,16,6,1,16.0,266.67,Zimbabwe
414973,Ollie Hairs,LHB,OUTSIDE_OFFSTUMP,SHORT_OF_A_GOOD_LENGTH,15,6,1,15.0,250.0,Scotland
19264,Liam Plunkett,RHB,ON_THE_STUMPS,SHORT_OF_A_GOOD_LENGTH,3,6,2,1.5,50.0,United States of America
938959,Wessly Madhevere,RHB,ON_THE_STUMPS,SHORT,13,6,1,13.0,216.67,Zimbabwe
208657,Pieter Seelaar,RHB,ON_THE_STUMPS,FULL,9,6,1,9.0,150.0,Netherlands
455463,Aamir Kaleem,LHB,OUTSIDE_OFFSTUMP,GOOD_LENGTH,2,6,3,0.67,33.33,Oman
1064812,Rahul Chahar,RHB,ON_THE_STUMPS,FULL_TOSS,5,6,2,2.5,83.33,India
1078692,Alick Athanaze,LHB,DOWN_LEG,SHORT,4,6,2,2.0,66.67,West Indies
948593,Mihlali Mpongwana,RHB,ON_THE_STUMPS,FULL,10,6,1,10.0,166.67,South Africa
1206052,Yudhvir Singh,RHB,OUTSIDE_OFFSTUMP,GOOD_LENGTH,4,6,2,2.0,66.67,India
956319,Ayaan Khan,LHB,ON_THE_STUMPS,SHORT_OF_A_GOOD_LENGTH,1,6,1,1.0,16.67,Oman
532853,Smit Patel,RHB,OUTSIDE_OFFSTUMP,SHORT_OF_A_GOOD_LENGTH,1,6,1,1.0,16.67,United States of America
1272475,Zaman Khan,RHB,ON_THE_STUMPS,GOOD_LENGTH,7,6,2,3.5,116.67,Pakistan
398666,Sean Abbott,RHB,ON_THE_STUMPS,YORKER,2,6,2,1.0,33.33,Australia
1075863,Kamil Mishara,LHB,ON_THE_STUMPS,GOOD_LENGTH,7,6,1,7.0,116.67,Sri Lanka
398666,Sean Abbott,RHB,DOWN_LEG,FULL,6,6,1,6.0,100.0,Australia
641423,Dan Lawrence,RHB,ON_THE_STUMPS,SHORT,11,6,1,11.0,183.33,England
1072488,Rohit Paudel,RHB,OUTSIDE_OFFSTUMP,SHORT,9,6,1,9.0,150.0,Nepal
532424,Sohail Akhtar,RHB,DOWN_LEG,FULL,13,6,1,13.0,216.67,Pakistan
695283,Musawenkosi Twala,RHB,ON_THE_STUMPS,FULL,5,6,1,5.0,83.33,South Africa
681305,Hasan Ali,RHB,OUTSIDE_OFFSTUMP,YORKER,2,6,1,2.0,33.33,Pakistan
1076377,Oliver Davies,RHB,DOWN_LEG,GOOD_LENGTH,9,6,1,9.0,150.0,Australia
557298,Daniel Worrall,RHB,OUTSIDE_OFFSTUMP,FULL,6,6,1,6.0,100.0,Australia
288992,Chris Jordan,RHB,DOWN_LEG,FULL,8,6,2,4.0,133.33,England
459508,Andrew Tye,RHB,ON_THE_STUMPS,YORKER,1,6,3,0.33,16.67,Australia
1175441,Ravi Bishnoi,RHB,OUTSIDE_OFFSTUMP,SHORT,2,6,2,1.0,33.33,India
533561,Waqas Maqsood,LHB,ON_THE_STUMPS,FULL,7,6,2,3.5,116.67,Pakistan
49535,Nuwan Kulasekara,RHB,OUTSIDE_OFFSTUMP,SHORT_OF_A_GOOD_LENGTH,4,6,2,2.0,66.67,Sri Lanka
235516,Richmond Mutumbami,RHB,ON_THE_STUMPS,SHORT_OF_A_GOOD_LENGTH,9,6,2,4.5,150.0,Zimbabwe
685831,Luqman Butt,RHB,OUTSIDE_OFFSTUMP,FULL,6,6,1,6.0,100.0,Cambodia
1344829,Rizwan Butt,RHB,ON_THE_STUMPS,GOOD_LENGTH,16,6,1,16.0,266.67,Bahrain
398666,Sean Abbott,RHB,WIDE_OUTSIDE_OFFSTUMP,SHORT_OF_A_GOOD_LENGTH,8,6,1,8.0,133.33,Australia
41378,Misbah-ul-Haq,RHB,ON_THE_STUMPS,FULL,4,6,1,4.0,66.67,Pakistan
5236,Callum Ferguson,RHB,DOWN_LEG,SHORT,6,6,1,6.0,100.0,Australia
806241,Richard Ngarava,LHB,ON_THE_STUMPS,FULL,9,6,1,9.0,150.0,Zimbabwe
958691,Ashen Bandara,RHB,DOWN_LEG,FULL,5,6,1,5.0,83.33,Sri Lanka
302579,Shreevats Goswami,LHB,OUTSIDE_OFFSTUMP,SHORT_OF_A_GOOD_LENGTH,3,6,1,3.0,50.0,India
949473,Brandon McMullen,RHB,OUTSIDE_OFFSTUMP,GOOD_LENGTH,1,6,2,0.5,16.67,Scotland
1339049,Harsh Desai,LHB,ON_THE_STUMPS,SHORT_OF_A_GOOD_LENGTH,11,6,1,11.0,183.33,India
530773,Pawan Negi,LHB,ON_THE_STUMPS,YORKER,2,6,2,1.0,33.33,India
533870,Nick Larkin,RHB,ON_THE_STUMPS,YORKER,1,6,3,0.33,16.67,Australia
407265,Josh Davey,RHB,OUTSIDE_OFFSTUMP,FULL,9,6,1,9.0,150.0,Scotland
559059,Joe Carter,RHB,OUTSIDE_OFFSTUMP,FULL,3,6,1,3.0,50.0,New Zealand
1076382,Mackenzie Harvey,LHB,WIDE_OUTSIDE_OFFSTUMP,FULL,4,6,1,4.0,66.67,Australia
457280,Adam Rossington,RHB,ON_THE_STUMPS,SHORT,23,6,1,23.0,383.33,England
1175441,Ravi Bishnoi,RHB,ON_THE_STUMPS,GOOD_LENGTH,3,6,1,3.0,50.0,India
410763,Abu Jayed,RHB,OUTSIDE_OFFSTUMP,GOOD_LENGTH,8,6,1,8.0,133.33,Bangladesh
697183,Tony de Zorzi,LHB,ON_THE_STUMPS,SHORT_OF_A_GOOD_LENGTH,15,6,1,15.0,250.0,South Africa
311592,Mitchell Starc,LHB,ON_THE_STUMPS,GOOD_LENGTH,7,6,3,2.33,116.67,Australia
1175441,Ravi Bishnoi,RHB,ON_THE_STUMPS,FULL,2,6,2,1.0,33.33,India
49758,Lasith Malinga,RHB,ON_THE_STUMPS,YORKER,2,6,3,0.67,33.33,Sri Lanka
530773,Pawan Negi,LHB,DOWN_LEG,SHORT,11,6,1,11.0,183.33,India
955235,Nuwan Thushara,RHB,OUTSIDE_OFFSTUMP,GOOD_LENGTH,2,6,1,2.0,33.33,Sri Lanka
1123073,Anuj Rawat,LHB,OUTSIDE_OFFSTUMP,SHORT,6,6,1,6.0,100.0,India
459257,Tymal Mills,RHB,ON_THE_STUMPS,GOOD_LENGTH,1,6,2,0.5,16.67,England
1072488,Rohit Paudel,RHB,OUTSIDE_OFFSTUMP,FULL,5,6,1,5.0,83.33,Nepal
533862,Mohammad Naveed,RHB,OUTSIDE_OFFSTUMP,FULL,2,6,1,2.0,33.33,United Arab Emirates
1206623,Dilbar Hussain,RHB,ON_THE_STUMPS,GOOD_LENGTH,5,6,1,5.0,83.33,Pakistan
314743,Shykat Ali,RHB,WIDE_OUTSIDE_OFFSTUMP,FULL,14,6,1,14.0,233.33,Bangladesh
629076,Sadeera Samarawickrama,RHB,ON_THE_STUMPS,YORKER,2,6,1,2.0,33.33,Sri Lanka
360911,Varun Aaron,RHB,OUTSIDE_OFFSTUMP,GOOD_LENGTH,3,6,1,3.0,50.0,India
235519,Tendai Chisoro,LHB,ON_THE_STUMPS,SHORT_OF_A_GOOD_LENGTH,3,6,1,3.0,50.0,Zimbabwe
955091,Rajat Dey,RHB,OUTSIDE_OFFSTUMP,GOOD_LENGTH,5,6,1,5.0,83.33,India
1166910,Piyush Joshi,RHB,ON_THE_STUMPS,SHORT_OF_A_GOOD_LENGTH,2,6,1,2.0,33.33,India
348148,Mohammad Nawaz,LHB,WIDE_OUTSIDE_OFFSTUMP,SHORT_OF_A_GOOD_LENGTH,17,6,1,17.0,283.33,Pakistan
44410,Farhaan Behardien,RHB,ON_THE_STUMPS,YORKER,4,6,2,2.0,66.67,South Africa
390484,Jaydev Unadkat,RHB,ON_THE_STUMPS,SHORT,17,6,1,17.0,283.33,India
1193541,William Clark,RHB,ON_THE_STUMPS,FULL,4,6,2,2.0,66.67,New Zealand
451782,James Fuller,RHB,WIDE_OUTSIDE_OFFSTUMP,FULL,10,6,2,5.0,166.67,England
1161486,Leonardo Julien,LHB,OUTSIDE_OFFSTUMP,GOOD_LENGTH,2,6,2,1.0,33.33,West Indies
1079839,Anukul Roy,LHB,OUTSIDE_OFFSTUMP,GOOD_LENGTH,4,6,1,4.0,66.67,India
537319,Kennar Lewis,RHB,ON_THE_STUMPS,YORKER,2,6,1,2.0,33.33,West Indies
1212693,Rahul Buddhi,LHB,OUTSIDE_OFFSTUMP,GOOD_LENGTH,4,6,1,4.0,66.67,India
451782,James Fuller,RHB,ON_THE_STUMPS,YORKER,3,6,3,1.0,50.0,England
467350,Jonathan Foo,RHB,WIDE_OUTSIDE_OFFSTUMP,GOOD_LENGTH,7,6,1,7.0,116.67,West Indies
793457,Hazratullah Zazai,LHB,DOWN_LEG,YORKER,1,6,1,1.0,16.67,Afghanistan
573170,Luke Wood,LHB,ON_THE_STUMPS,YORKER,1,6,1,1.0,16.67,England
424377,Krishnappa Gowtham,RHB,ON_THE_STUMPS,SHORT_OF_A_GOOD_LENGTH,13,6,1,13.0,216.67,India
1138316,Maheesh Theekshana,RHB,ON_THE_STUMPS,FULL,7,6,1,7.0,116.67,Sri Lanka
240609,Fawad Ahmed,RHB,OUTSIDE_OFFSTUMP,SHORT_OF_A_GOOD_LENGTH,0,6,2,0.0,0.0,Australia
711559,Usman Ghani,RHB,ON_THE_STUMPS,YORKER,2,6,2,1.0,33.33,Afghanistan
19296,Kevin Pietersen,RHB,DOWN_LEG,FULL,7,6,2,3.5,116.67,England
1418076,Waji Ul Hassan,RHB,OUTSIDE_OFFSTUMP,SHORT_OF_A_GOOD_LENGTH,15,6,1,15.0,250.0,
521637,Ben Duckett,LHB,DOWN_LEG,SHORT,7,6,1,7.0,116.67,England
350126,Luke Wells,LHB,ON_THE_STUMPS,FULL,10,6,1,10.0,166.67,England
1079470,Ramandeep Singh,RHB,OUTSIDE_OFFSTUMP,FULL_TOSS,15,6,1,15.0,250.0,India
316730,Jono Dean,RHB,OUTSIDE_OFFSTUMP,SHORT_OF_A_GOOD_LENGTH,0,6,2,0.0,0.0,Australia
350126,Luke Wells,LHB,OUTSIDE_OFFSTUMP,FULL,9,6,1,9.0,150.0,England
973799,Janak Prakash,RHB,OUTSIDE_OFFSTUMP,SHORT_OF_A_GOOD_LENGTH,6,6,1,6.0,100.0,Singapore
268740,Seekkuge Prasanna,RHB,ON_THE_STUMPS,SHORT,14,6,1,14.0,233.33,Sri Lanka
348152,Usman Qadir,LHB,OUTSIDE_OFFSTUMP,YORKER,5,6,1,5.0,83.33,Pakistan
633362,Sharafuddin Ashraf,RHB,OUTSIDE_OFFSTUMP,SHORT_OF_A_GOOD_LENGTH,5,6,2,2.5,83.33,Afghanistan
712219,Zahir Khan,LHB,ON_THE_STUMPS,GOOD_LENGTH,2,6,1,2.0,33.33,Afghanistan
974087,Rahmanullah Gurbaz,RHB,DOWN_LEG,FULL_TOSS,6,6,2,3.0,100.0,Afghanistan
232491,Anwar Ali,RHB,ON_THE_STUMPS,YORKER,2,6,1,2.0,33.33,Pakistan
422992,Ankit Sharma,LHB,OUTSIDE_OFFSTUMP,FULL,9,6,1,9.0,150.0,India
317248,Saad Nasim,RHB,ON_THE_STUMPS,GOOD_LENGTH,4,6,1,4.0,66.67,Pakistan
268740,Seekkuge Prasanna,RHB,DOWN_LEG,SHORT_OF_A_GOOD_LENGTH,10,6,1,10.0,166.67,Sri Lanka
594995,Gavin Kaplan,RHB,OUTSIDE_OFFSTUMP,SHORT_OF_A_GOOD_LENGTH,5,6,1,5.0,83.33,South Africa
719715,Washington Sundar,LHB,DOWN_LEG,SHORT,3,6,1,3.0,50.0,India
52334,Imran Khan,RHB,ON_THE_STUMPS,GOOD_LENGTH,5,6,1,5.0,83.33,West Indies
1048907,Aman Desai,LHB,ON_THE_STUMPS,GOOD_LENGTH,4,6,1,4.0,66.67,Singapore
428366,Lahiru Madushanka,RHB,OUTSIDE_OFFSTUMP,GOOD_LENGTH,5,6,1,5.0,83.33,Sri Lanka
922967,Saif Badar,RHB,ON_THE_STUMPS,FULL,5,6,1,5.0,83.33,United States of America
1214967,Sohan de Livera,LHB,OUTSIDE_OFFSTUMP,GOOD_LENGTH,3,6,2,1.5,50.0,Sri Lanka
52334,Imran Khan,RHB,WIDE_OUTSIDE_OFFSTUMP,FULL,6,6,1,6.0,100.0,West Indies
232359,Colin Munro,LHB,WIDE_OUTSIDE_OFFSTUMP,YORKER,7,6,1,7.0,116.67,New Zealand
470699,Ben Cooper,LHB,ON_THE_STUMPS,SHORT,15,6,1,15.0,250.0,Netherlands
1299843,Pukhraj Mann,LHB,OUTSIDE_OFFSTUMP,FULL,12,6,1,12.0,200.0,India
670031,Alzarri Joseph,RHB,ON_THE_STUMPS,YORKER,5,6,1,5.0,83.33,West Indies
348133,Steven Taylor,LHB,DOWN_LEG,FULL,6,6,1,6.0,100.0,United States of America
32102,Naman Ojha,RHB,ON_THE_STUMPS,YORKER,2,6,2,1.0,33.33,India
427485,Arjit Gupta,RHB,OUTSIDE_OFFSTUMP,SHORT_OF_A_GOOD_LENGTH,5,6,1,5.0,83.33,India
450860,Adam Milne,RHB,ON_THE_STUMPS,SHORT_OF_A_GOOD_LENGTH,3,6,2,1.5,50.0,New Zealand
292152,Jamie Atkinson,RHB,WIDE_OUTSIDE_OFFSTUMP,GOOD_LENGTH,3,6,1,3.0,50.0,Hong Kong
268740,Seekkuge Prasanna,RHB,DOWN_LEG,SHORT,9,6,2,4.5,150.0,Sri Lanka
714451,Shivam Dube,LHB,WIDE_OUTSIDE_OFFSTUMP,GOOD_LENGTH,6,6,1,6.0,100.0,India
301236,Lahiru Thirimanne,LHB,OUTSIDE_OFFSTUMP,GOOD_LENGTH,1,6,1,1.0,16.67,Sri Lanka
512907,Tom Helm,RHB,ON_THE_STUMPS,FULL,3,6,1,3.0,50.0,England
1070997,Connor Esterhuizen,RHB,WIDE_OUTSIDE_OFFSTUMP,FULL,4,6,1,4.0,66.67,
389605,Ashish Reddy,RHB,OUTSIDE_OFFSTUMP,SHORT_OF_A_GOOD_LENGTH,15,6,1,15.0,250.0,India
232364,Tim Southee,RHB,DOWN_LEG,GOOD_LENGTH,8,6,1,8.0,133.33,New Zealand
277916,Ajinkya Rahane,RHB,ON_THE_STUMPS,YORKER,6,6,1,6.0,100.0,India
537124,Gurkeerat Singh Mann,RHB,ON_THE_STUMPS,FULL_TOSS,9,6,1,9.0,150.0,India
422108,KL Rahul,RHB,WIDE_OUTSIDE_OFFSTUMP,YORKER,9,6,1,9.0,150.0,India
1328735,Yasin Patel,LHB,ON_THE_STUMPS,GOOD_LENGTH,3,6,2,1.5,50.0,Kuwait
265564,Wayne Parnell,LHB,ON_THE_STUMPS,FULL_TOSS,6,6,2,3.0,100.0,South Africa
420427,Sese Bau,LHB,DOWN_LEG,SHORT_OF_A_GOOD_LENGTH,5,6,1,5.0,83.33,Papua New Guinea
371814,Kevon Cooper,RHB,OUTSIDE_OFFSTUMP,GOOD_LENGTH,5,6,1,5.0,83.33,West Indies
274921,Veerasammy Permaul,RHB,ON_THE_STUMPS,GOOD_LENGTH,11,6,2,5.5,183.33,West Indies
707113,Tom Bruce,RHB,WIDE_OUTSIDE_OFFSTUMP,SHORT_OF_A_GOOD_LENGTH,8,6,1,8.0,133.33,New Zealand
525992,Adam Hose,RHB,ON_THE_STUMPS,FULL_TOSS,15,6,1,15.0,250.0,England
1141934,Kushal Malla,LHB,ON_THE_STUMPS,FULL,18,6,2,9.0,300.0,Nepal
671805,George Munsey,LHB,WIDE_OUTSIDE_OFFSTUMP,GOOD_LENGTH,10,6,1,10.0,166.67,Scotland
1174143,Rafiullah,RHB,OUTSIDE_OFFSTUMP,FULL_TOSS,8,6,1,8.0,133.33,Oman
1175485,Abdul Samad,RHB,ON_THE_STUMPS,FULL_TOSS,13,6,1,13.0,216.67,India
316318,Khalid Usman,RHB,OUTSIDE_OFFSTUMP,GOOD_LENGTH,7,6,1,7.0,116.67,Pakistan
604593,Vishnu Solanki,RHB,OUTSIDE_OFFSTUMP,FULL,9,6,2,4.5,150.0,India
391485,Jason Holder,RHB,WIDE_OUTSIDE_OFFSTUMP,YORKER,5,6,1,5.0,83.33,West Indies
300617,Rony Talukdar,RHB,OUTSIDE_OFFSTUMP,FULL_TOSS,9,6,1,9.0,150.0,Bangladesh
212756,Sachith Pathirana,LHB,OUTSIDE_OFFSTUMP,GOOD_LENGTH,3,6,1,3.0,50.0,Sri Lanka
40082,Ehsan Khan,RHB,OUTSIDE_OFFSTUMP,SHORT_OF_A_GOOD_LENGTH,6,6,1,6.0,100.0,Hong Kong
1141934,Kushal Malla,LHB,OUTSIDE_OFFSTUMP,SHORT_OF_A_GOOD_LENGTH,1,6,2,0.5,16.67,Nepal
1158088,Naseem Shah,RHB,ON_THE_STUMPS,YORKER,2,6,3,0.67,33.33,Pakistan
31107,Amit Mishra,RHB,OUTSIDE_OFFSTUMP,FULL,2,6,1,2.0,33.33,India
1203754,Junaid Siddique,RHB,OUTSIDE_OFFSTUMP,FULL,15,6,1,15.0,250.0,United Arab Emirates
932433,Fardeen Hasan,LHB,OUTSIDE_OFFSTUMP,GOOD_LENGTH,4,6,1,4.0,66.67,Bangladesh
51439,Dwayne Bravo,RHB,WIDE_OUTSIDE_OFFSTUMP,FULL_TOSS,15,6,1,15.0,250.0,West Indies
556916,Mukhtar Ahmed,RHB,ON_THE_STUMPS,FULL,5,6,1,5.0,83.33,United States of America
452044,Hanuma Vihari,RHB,WIDE_OUTSIDE_OFFSTUMP,FULL,13,6,1,13.0,216.67,India
422593,Daniel Bell-Drummond,RHB,WIDE_OUTSIDE_OFFSTUMP,GOOD_LENGTH,2,6,1,2.0,33.33,England
277955,Dhawal Kulkarni,RHB,ON_THE_STUMPS,GOOD_LENGTH,11,6,1,11.0,183.33,India
930189,Lalit Yadav,RHB,WIDE_OUTSIDE_OFFSTUMP,GOOD_LENGTH,4,6,1,4.0,66.67,India
265564,Wayne Parnell,LHB,ON_THE_STUMPS,YORKER,4,6,1,4.0,66.67,South Africa
521637,Ben Duckett,LHB,WIDE_OUTSIDE_OFFSTUMP,GOOD_LENGTH,2,6,2,1.0,33.33,England
1139520,Tanzim Hasan Sakib,RHB,OUTSIDE_OFFSTUMP,FULL,7,6,1,7.0,116.67,Bangladesh
391832,Roston Chase,RHB,OUTSIDE_OFFSTUMP,YORKER,3,6,1,3.0,50.0,West Indies
5674,Brad Hodge,RHB,ON_THE_STUMPS,FULL,4,6,1,4.0,66.67,Australia
1122851,Faraz Akram,LHB,OUTSIDE_OFFSTUMP,FULL,11,6,1,11.0,183.33,Zimbabwe
25446,Kyle Coetzer,RHB,DOWN_LEG,FULL,4,6,1,4.0,66.67,Scotland
595004,Kyle Verreynne,RHB,WIDE_OUTSIDE_OFFSTUMP,GOOD_LENGTH,6,6,1,6.0,100.0,South Africa
270135,Ariful Haque,RHB,ON_THE_STUMPS,SHORT,7,6,1,7.0,116.67,Bangladesh
793441,Aamer Jamal,RHB,ON_THE_STUMPS,YORKER,4,5,2,2.0,80.0,Pakistan
1185475,Qasim Akram,RHB,OUTSIDE_OFFSTUMP,SHORT,14,5,2,7.0,280.0,Pakistan
328026,Isuru Udana,RHB,WIDE_OUTSIDE_OFFSTUMP,SHORT_OF_A_GOOD_LENGTH,3,5,2,1.5,60.0,Sri Lanka
641423,Dan Lawrence,RHB,OUTSIDE_OFFSTUMP,FULL_TOSS,2,5,1,2.0,40.0,England
261354,Nathan Coulter-Nile,RHB,ON_THE_STUMPS,SHORT,10,5,1,10.0,200.0,Australia
1161024,Prabhsimran Singh,RHB,ON_THE_STUMPS,YORKER,2,5,1,2.0,40.0,India
470699,Ben Cooper,LHB,WIDE_OUTSIDE_OFFSTUMP,FULL_TOSS,8,5,1,8.0,160.0,Netherlands
26487,Avinash Yadav,LHB,ON_THE_STUMPS,GOOD_LENGTH,5,5,1,5.0,100.0,India
459752,Scott McKechnie,RHB,ON_THE_STUMPS,FULL,6,5,1,6.0,120.0,Hong Kong
27223,Stuart Binny,RHB,ON_THE_STUMPS,FULL_TOSS,4,5,1,4.0,80.0,India
793411,Danish Aziz,LHB,DOWN_LEG,SHORT_OF_A_GOOD_LENGTH,3,5,1,3.0,60.0,Pakistan
211855,Liam Dawson,RHB,WIDE_OUTSIDE_OFFSTUMP,FULL,7,5,2,3.5,140.0,England
328026,Isuru Udana,RHB,ON_THE_STUMPS,SHORT,6,5,1,6.0,120.0,Sri Lanka
788879,Nauman Anwar,RHB,OUTSIDE_OFFSTUMP,GOOD_LENGTH,10,5,1,10.0,200.0,United States of America
1254269,Aman Hakim Khan,RHB,OUTSIDE_OFFSTUMP,SHORT,13,5,2,6.5,260.0,India
273439,Sachithra Senanayake,RHB,OUTSIDE_OFFSTUMP,FULL,2,5,1,2.0,40.0,Sri Lanka
574287,Chad Soper,RHB,ON_THE_STUMPS,FULL,9,5,2,4.5,180.0,Papua New Guinea
330902,Mustafizur Rahman,LHB,DOWN_LEG,SHORT,2,5,1,2.0,40.0,Bangladesh
328026,Isuru Udana,RHB,WIDE_OUTSIDE_OFFSTUMP,GOOD_LENGTH,3,5,1,3.0,60.0,Sri Lanka
473191,Richard Gleeson,RHB,ON_THE_STUMPS,GOOD_LENGTH,3,5,1,3.0,60.0,England
646193,Riley Hekure,RHB,ON_THE_STUMPS,GOOD_LENGTH,0,5,1,0.0,0.0,Papua New Guinea
267479,Stiaan van Zyl,LHB,ON_THE_STUMPS,SHORT_OF_A_GOOD_LENGTH,7,5,1,7.0,140.0,South Africa
326973,Anurag Verma,RHB,ON_THE_STUMPS,GOOD_LENGTH,3,5,1,3.0,60.0,New Zealand
792519,Dhananjaya Lakshan,LHB,OUTSIDE_OFFSTUMP,FULL_TOSS,9,5,1,9.0,180.0,Sri Lanka
794749,Faisal Khan,RHB,ON_THE_STUMPS,GOOD_LENGTH,7,5,1,7.0,140.0,Saudi Arabia
554691,Axar Patel,LHB,WIDE_OUTSIDE_OFFSTUMP,SHORT,8,5,2,4.0,160.0,India
625962,Ken McClure,RHB,OUTSIDE_OFFSTUMP,GOOD_LENGTH,4,5,1,4.0,80.0,New Zealand
26907,Rajat Bhatia,RHB,OUTSIDE_OFFSTUMP,GOOD_LENGTH,1,5,1,1.0,20.0,India
1124283,Aaron Hardie,RHB,DOWN_LEG,SHORT,20,5,1,20.0,400.0,Australia
26907,Rajat Bhatia,RHB,OUTSIDE_OFFSTUMP,SHORT_OF_A_GOOD_LENGTH,4,5,1,4.0,80.0,India
475281,Shardul Thakur,RHB,WIDE_OUTSIDE_OFFSTUMP,GOOD_LENGTH,7,5,1,7.0,140.0,India
787073,Chris Green,RHB,WIDE_OUTSIDE_OFFSTUMP,SHORT,3,5,2,1.5,60.0,Australia
27223,Stuart Binny,RHB,WIDE_OUTSIDE_OFFSTUMP,FULL,10,5,1,10.0,200.0,India
293831,Regis Chakabva,RHB,WIDE_OUTSIDE_OFFSTUMP,FULL,6,5,1,6.0,120.0,Zimbabwe
1125715,Justin Avendano,RHB,WIDE_OUTSIDE_OFFSTUMP,FULL,12,5,1,12.0,240.0,Australia
262456,Dane Vilas,RHB,WIDE_OUTSIDE_OFFSTUMP,SHORT_OF_A_GOOD_LENGTH,8,5,1,8.0,160.0,South Africa
23508,Riki Wessels,RHB,OUTSIDE_OFFSTUMP,FULL,6,5,1,6.0,120.0,England
642525,Sarfaraz Khan,RHB,DOWN_LEG,FULL_TOSS,10,5,1,10.0,200.0,India
646175,Hiri Hiri,RHB,OUTSIDE_OFFSTUMP,FULL,2,5,1,2.0,40.0,Papua New Guinea
219885,Tom Cooper,RHB,ON_THE_STUMPS,YORKER,7,5,1,7.0,140.0,Netherlands
793447,Naveen-ul-Haq,RHB,ON_THE_STUMPS,YORKER,2,5,2,1.0,40.0,Afghanistan
274921,Veerasammy Permaul,RHB,ON_THE_STUMPS,FULL,4,5,1,4.0,80.0,West Indies
327830,Dwaine Pretorius,RHB,WIDE_OUTSIDE_OFFSTUMP,FULL_TOSS,9,5,1,9.0,180.0,South Africa
642523,Mohammad Saif,LHB,OUTSIDE_OFFSTUMP,SHORT_OF_A_GOOD_LENGTH,1,5,1,1.0,20.0,India
1125976,Arshdeep Singh,LHB,OUTSIDE_OFFSTUMP,FULL_TOSS,3,5,1,3.0,60.0,India
27223,Stuart Binny,RHB,DOWN_LEG,GOOD_LENGTH,8,5,2,4.0,160.0,India
1159940,Rex Rajkumar,LHB,ON_THE_STUMPS,GOOD_LENGTH,3,5,1,3.0,60.0,India
785323,Nathan McAndrew,RHB,WIDE_OUTSIDE_OFFSTUMP,GOOD_LENGTH,10,5,1,10.0,200.0,Australia
327830,Dwaine Pretorius,RHB,OUTSIDE_OFFSTUMP,YORKER,5,5,2,2.5,100.0,South Africa
792519,Dhananjaya Lakshan,LHB,ON_THE_STUMPS,FULL,5,5,1,5.0,100.0,Sri Lanka
625960,Kyle Jamieson,RHB,ON_THE_STUMPS,FULL_TOSS,8,5,1,8.0,160.0,New Zealand
24853,Nicolaas Scholtz,LHB,ON_THE_STUMPS,GOOD_LENGTH,5,5,1,5.0,100.0,Namibia
233648,Alex Doolan,RHB,OUTSIDE_OFFSTUMP,SHORT,4,5,1,4.0,80.0,Australia
707109,Sean Solia,LHB,OUTSIDE_OFFSTUMP,SHORT,12,5,1,12.0,240.0,New Zealand
707113,Tom Bruce,RHB,WIDE_OUTSIDE_OFFSTUMP,FULL,13,5,1,13.0,260.0,New Zealand
1139518,Pritom Kumar,RHB,OUTSIDE_OFFSTUMP,GOOD_LENGTH,3,5,1,3.0,60.0,Bangladesh
232491,Anwar Ali,RHB,ON_THE_STUMPS,SHORT,9,5,1,9.0,180.0,Pakistan
520183,Zeeshan Ashraf,LHB,ON_THE_STUMPS,SHORT,11,5,1,11.0,220.0,Pakistan
299572,Sikandar Raza,RHB,DOWN_LEG,SHORT,14,5,1,14.0,280.0,Zimbabwe
519070,Gerhard Erasmus,RHB,WIDE_OUTSIDE_OFFSTUMP,GOOD_LENGTH,10,5,1,10.0,200.0,Namibia
675945,Nahidul Islam,RHB,OUTSIDE_OFFSTUMP,SHORT,4,5,1,4.0,80.0,Bangladesh
677077,Romario Shepherd,RHB,DOWN_LEG,SHORT_OF_A_GOOD_LENGTH,13,5,1,13.0,260.0,West Indies
526021,Cole McConchie,RHB,ON_THE_STUMPS,FULL_TOSS,8,5,1,8.0,160.0,New Zealand
237696,Sheldon Jackson,RHB,DOWN_LEG,SHORT_OF_A_GOOD_LENGTH,3,5,1,3.0,60.0,India
700167,Navdeep Saini,RHB,OUTSIDE_OFFSTUMP,FULL_TOSS,2,5,1,2.0,40.0,India
1149157,Chris Benjamin,RHB,ON_THE_STUMPS,FULL,4,5,1,4.0,80.0,England
701215,Sompal Kami,RHB,ON_THE_STUMPS,GOOD_LENGTH,3,5,1,3.0,60.0,Nepal
1209272,Adnan Mirza,RHB,OUTSIDE_OFFSTUMP,SHORT_OF_A_GOOD_LENGTH,12,5,1,12.0,240.0,Qatar
703323,Ihsanullah,RHB,OUTSIDE_OFFSTUMP,SHORT_OF_A_GOOD_LENGTH,6,5,1,6.0,120.0,Afghanistan
538506,Taskin Ahmed,LHB,OUTSIDE_OFFSTUMP,SHORT,5,5,1,5.0,100.0,Bangladesh
19296,Kevin Pietersen,RHB,DOWN_LEG,SHORT_OF_A_GOOD_LENGTH,4,5,1,4.0,80.0,England
1158538,Abbas Afridi,RHB,ON_THE_STUMPS,GOOD_LENGTH,4,5,1,4.0,80.0,Pakistan
232364,Tim Southee,RHB,DOWN_LEG,SHORT,12,5,1,12.0,240.0,New Zealand
1214273,Ryan Harrison,RHB,ON_THE_STUMPS,GOOD_LENGTH,10,5,1,10.0,200.0,New Zealand
243944,Alex Blake,LHB,ON_THE_STUMPS,SHORT_OF_A_GOOD_LENGTH,0,5,1,0.0,0.0,England
538506,Taskin Ahmed,LHB,DOWN_LEG,SHORT_OF_A_GOOD_LENGTH,3,5,1,3.0,60.0,Bangladesh
719715,Washington Sundar,LHB,DOWN_LEG,FULL,6,5,1,6.0,120.0,India
1216133,Prateek Reddy,LHB,OUTSIDE_OFFSTUMP,FULL,0,5,1,0.0,0.0,India
232361,Kieran Noema-Barnett,LHB,ON_THE_STUMPS,SHORT_OF_A_GOOD_LENGTH,12,5,1,12.0,240.0,New Zealand
232364,Tim Southee,RHB,WIDE_OUTSIDE_OFFSTUMP,SHORT_OF_A_GOOD_LENGTH,10,5,1,10.0,200.0,New Zealand
537613,Salman Hossain,RHB,ON_THE_STUMPS,GOOD_LENGTH,14,5,1,14.0,280.0,Bangladesh
1138316,Maheesh Theekshana,RHB,WIDE_OUTSIDE_OFFSTUMP,GOOD_LENGTH,5,5,1,5.0,100.0,Sri Lanka
1138316,Maheesh Theekshana,RHB,WIDE_OUTSIDE_OFFSTUMP,FULL,3,5,1,3.0,60.0,Sri Lanka
1202928,Arkaprabha Sinha,RHB,ON_THE_STUMPS,FULL,3,5,1,3.0,60.0,India
713811,Tinashe Kamunhukamwe,RHB,DOWN_LEG,SHORT_OF_A_GOOD_LENGTH,4,5,1,4.0,80.0,Zimbabwe
629065,Nihaduzzaman,RHB,OUTSIDE_OFFSTUMP,FULL,1,5,1,1.0,20.0,Bangladesh
1213979,Mitchell Owen,RHB,ON_THE_STUMPS,FULL,4,5,1,4.0,80.0,Australia
317273,Umar Akmal,RHB,DOWN_LEG,GOOD_LENGTH,4,5,1,4.0,80.0,Pakistan
317273,Umar Akmal,RHB,ON_THE_STUMPS,YORKER,1,5,1,1.0,20.0,Pakistan
317273,Umar Akmal,RHB,OUTSIDE_OFFSTUMP,FULL_TOSS,9,5,2,4.5,180.0,Pakistan
538506,Taskin Ahmed,LHB,DOWN_LEG,FULL,5,5,1,5.0,100.0,Bangladesh
535393,Senuran Muthusamy,LHB,WIDE_OUTSIDE_OFFSTUMP,SHORT_OF_A_GOOD_LENGTH,5,5,1,5.0,100.0,South Africa
235519,Tendai Chisoro,LHB,ON_THE_STUMPS,FULL,0,5,1,0.0,0.0,Zimbabwe
1151288,Sai Sudharsan,LHB,WIDE_OUTSIDE_OFFSTUMP,FULL_TOSS,7,5,1,7.0,140.0,India
30102,Zaheer Khan,RHB,ON_THE_STUMPS,GOOD_LENGTH,1,5,1,1.0,20.0,India
233904,Yasim Murtaza,LHB,ON_THE_STUMPS,FULL_TOSS,5,5,1,5.0,100.0,Hong Kong
300624,Srimantha Wijeyeratne,RHB,OUTSIDE_OFFSTUMP,GOOD_LENGTH,2,5,1,2.0,40.0,Canada
1207295,Kumar Kushagra,RHB,OUTSIDE_OFFSTUMP,GOOD_LENGTH,3,5,1,3.0,60.0,India
1193548,Tim Pringle,RHB,OUTSIDE_OFFSTUMP,FULL_TOSS,7,5,2,3.5,140.0,Netherlands
1209110,Basil Hameed,RHB,ON_THE_STUMPS,YORKER,2,5,1,2.0,40.0,United Arab Emirates
18632,Samit Patel,RHB,DOWN_LEG,FULL,3,5,1,3.0,60.0,England
696127,Brad Evans,RHB,ON_THE_STUMPS,GOOD_LENGTH,7,5,1,7.0,140.0,Zimbabwe
532856,Manan Vohra,RHB,ON_THE_STUMPS,FULL_TOSS,4,5,1,4.0,80.0,India
532856,Manan Vohra,RHB,DOWN_LEG,SHORT_OF_A_GOOD_LENGTH,6,5,1,6.0,120.0,India
681681,Janith Liyanage,RHB,ON_THE_STUMPS,GOOD_LENGTH,1,5,1,1.0,20.0,Sri Lanka
532424,Sohail Akhtar,RHB,WIDE_OUTSIDE_OFFSTUMP,GOOD_LENGTH,6,5,1,6.0,120.0,Pakistan
681305,Hasan Ali,RHB,WIDE_OUTSIDE_OFFSTUMP,FULL,4,5,2,2.0,80.0,Pakistan
697183,Tony de Zorzi,LHB,OUTSIDE_OFFSTUMP,SHORT,12,5,1,12.0,240.0,South Africa
530011,Travis Head,LHB,WIDE_OUTSIDE_OFFSTUMP,SHORT,2,5,1,2.0,40.0,Australia
19264,Liam Plunkett,RHB,OUTSIDE_OFFSTUMP,SHORT_OF_A_GOOD_LENGTH,8,5,1,8.0,160.0,United States of America
236489,Dawid Malan,LHB,WIDE_OUTSIDE_OFFSTUMP,FULL_TOSS,11,5,1,11.0,220.0,England
698319,Beyers Swanepoel,LHB,OUTSIDE_OFFSTUMP,GOOD_LENGTH,6,5,1,6.0,120.0,South Africa
559062,Nick Kelly,LHB,WIDE_OUTSIDE_OFFSTUMP,FULL,5,5,1,5.0,100.0,New Zealand
1156688,Manpreet Singh,RHB,ON_THE_STUMPS,GOOD_LENGTH,5,5,1,5.0,100.0,Singapore
233712,Stephan Myburgh,LHB,DOWN_LEG,GOOD_LENGTH,10,5,1,10.0,200.0,Netherlands
236779,Ishant Sharma,RHB,OUTSIDE_OFFSTUMP,FULL,2,5,1,2.0,40.0,India
1150772,Tom Hartley,LHB,OUTSIDE_OFFSTUMP,SHORT,1,5,1,1.0,20.0,England
25977,Sharad Vesawkar,RHB,ON_THE_STUMPS,FULL,4,5,1,4.0,80.0,Nepal
269280,Reeza Hendricks,RHB,WIDE_OUTSIDE_OFFSTUMP,SHORT,10,5,1,10.0,200.0,South Africa
30288,Karn Sharma,LHB,ON_THE_STUMPS,SHORT,4,5,1,4.0,80.0,India
533953,Najeeb Tarakai,RHB,OUTSIDE_OFFSTUMP,FULL,15,5,1,15.0,300.0,Afghanistan
1209190,Matthew Forde,RHB,OUTSIDE_OFFSTUMP,FULL_TOSS,9,5,1,9.0,180.0,West Indies
698189,Wiaan Mulder,RHB,ON_THE_STUMPS,YORKER,2,5,1,2.0,40.0,South Africa
1161050,Sediqullah Atal,LHB,ON_THE_STUMPS,SHORT_OF_A_GOOD_LENGTH,2,5,1,2.0,40.0,Afghanistan
681067,Akif Raja,LHB,ON_THE_STUMPS,FULL,6,5,1,6.0,120.0,United Arab Emirates
311158,Ben Stokes,LHB,WIDE_DOWN_LEG,SHORT,10,5,1,10.0,200.0,England
1161038,Alishan Sharafu,RHB,WIDE_OUTSIDE_OFFSTUMP,SHORT,20,5,1,20.0,400.0,United Arab Emirates
1243738,Mitchell Hay,RHB,OUTSIDE_OFFSTUMP,SHORT,14,5,1,14.0,280.0,New Zealand
779929,Nick Hobson,LHB,DOWN_LEG,SHORT_OF_A_GOOD_LENGTH,2,5,1,2.0,40.0,Australia
326016,Bhuvneshwar Kumar,RHB,DOWN_LEG,FULL,5,5,2,2.5,100.0,India
1159734,Sumit Kumar,RHB,OUTSIDE_OFFSTUMP,GOOD_LENGTH,0,5,1,0.0,0.0,India
1159734,Sumit Kumar,RHB,OUTSIDE_OFFSTUMP,SHORT_OF_A_GOOD_LENGTH,7,5,1,7.0,140.0,India
493773,Lockie Ferguson,RHB,ON_THE_STUMPS,FULL_TOSS,7,5,2,3.5,140.0,New Zealand
229225,Kashif Daud,RHB,ON_THE_STUMPS,FULL,8,5,1,8.0,160.0,United Arab Emirates
489889,Pat Cummins,RHB,WIDE_OUTSIDE_OFFSTUMP,SHORT_OF_A_GOOD_LENGTH,8,5,1,8.0,160.0,Australia
489889,Pat Cummins,RHB,WIDE_OUTSIDE_OFFSTUMP,FULL_TOSS,8,5,1,8.0,160.0,Australia
494581,Rahkeem Cornwall,RHB,WIDE_OUTSIDE_OFFSTUMP,SHORT_OF_A_GOOD_LENGTH,2,5,1,2.0,40.0,West Indies
547749,Will Young,RHB,WIDE_OUTSIDE_OFFSTUMP,FULL,6,5,1,6.0,120.0,New Zealand
495964,Ryan Burl,LHB,OUTSIDE_OFFSTUMP,YORKER,2,5,1,2.0,40.0,Zimbabwe
777533,Dikshanshu Negi,RHB,OUTSIDE_OFFSTUMP,FULL,6,5,1,6.0,120.0,India
324260,Sarel Erwee,LHB,OUTSIDE_OFFSTUMP,SHORT_OF_A_GOOD_LENGTH,6,5,1,6.0,120.0,South Africa
7547,Ben Rohrer,LHB,OUTSIDE_OFFSTUMP,SHORT_OF_A_GOOD_LENGTH,3,5,1,3.0,60.0,Australia
495551,Sheldon Cottrell,RHB,ON_THE_STUMPS,YORKER,0,5,4,0.0,0.0,West Indies
1129633,Max Chu,LHB,ON_THE_STUMPS,FULL,18,5,1,18.0,360.0,New Zealand
652687,Saud Shakeel,LHB,DOWN_LEG,FULL,12,5,1,12.0,240.0,Pakistan
481979,Anrich Nortje,RHB,ON_THE_STUMPS,SHORT_OF_A_GOOD_LENGTH,6,5,1,6.0,120.0,South Africa
481979,Anrich Nortje,RHB,ON_THE_STUMPS,FULL,0,5,2,0.0,0.0,South Africa
784375,Lahiru Kumara,LHB,ON_THE_STUMPS,GOOD_LENGTH,5,5,2,2.5,100.0,Sri Lanka
481896,Mohammed Shami,RHB,OUTSIDE_OFFSTUMP,FULL,10,5,1,10.0,200.0,India
647785,Sahibzada Farhan,RHB,DOWN_LEG,SHORT_OF_A_GOOD_LENGTH,1,5,1,1.0,20.0,Pakistan
227758,Imad Wasim,LHB,WIDE_OUTSIDE_OFFSTUMP,SHORT,6,5,1,6.0,120.0,Pakistan
550133,Mosaddek Hossain,RHB,WIDE_OUTSIDE_OFFSTUMP,FULL_TOSS,8,5,1,8.0,160.0,Bangladesh
647667,Usama Mir,RHB,OUTSIDE_OFFSTUMP,SHORT,16,5,1,16.0,320.0,Pakistan
1126059,Omair Yousuf,RHB,OUTSIDE_OFFSTUMP,SHORT,13,5,1,13.0,260.0,Pakistan
784373,Kamindu Mendis,LHB,ON_THE_STUMPS,FULL_TOSS,10,5,1,10.0,200.0,Sri Lanka
1246455,Mohit Raut,RHB,ON_THE_STUMPS,FULL,3,5,2,1.5,60.0,India
781705,Salman Irshad,RHB,OUTSIDE_OFFSTUMP,SHORT,12,5,1,12.0,240.0,Pakistan
549950,Munim Shahriar,RHB,DOWN_LEG,GOOD_LENGTH,2,5,1,2.0,40.0,Bangladesh
1159805,Tahmeed Rahman,RHB,OUTSIDE_OFFSTUMP,GOOD_LENGTH,3,5,1,3.0,60.0,India
326625,Cameron Boyce,RHB,OUTSIDE_OFFSTUMP,FULL_TOSS,6,5,1,6.0,120.0,Australia
326625,Cameron Boyce,RHB,OUTSIDE_OFFSTUMP,SHORT,8,5,1,8.0,160.0,Australia
326625,Cameron Boyce,RHB,OUTSIDE_OFFSTUMP,YORKER,3,5,1,3.0,60.0,Australia
549950,Munim Shahriar,RHB,ON_THE_STUMPS,FULL_TOSS,1,5,1,1.0,20.0,Bangladesh
784367,Charith Asalanka,LHB,WIDE_OUTSIDE_OFFSTUMP,YORKER,1,5,1,1.0,20.0,Sri Lanka
784369,Avishka Fernando,RHB,ON_THE_STUMPS,YORKER,1,5,2,0.5,20.0,Sri Lanka
776695,Matt Critchley,RHB,OUTSIDE_OFFSTUMP,SHORT,10,5,1,10.0,200.0,England
1131754,Chetan Sakariya,LHB,OUTSIDE_OFFSTUMP,SHORT_OF_A_GOOD_LENGTH,5,5,2,2.5,100.0,India
230556,Andre McCarthy,RHB,DOWN_LEG,SHORT_OF_A_GOOD_LENGTH,9,5,1,9.0,180.0,West Indies
1159495,Khurram Shahzad,RHB,ON_THE_STUMPS,SHORT_OF_A_GOOD_LENGTH,2,5,1,2.0,40.0,Pakistan
245490,Ahmed Raza,RHB,OUTSIDE_OFFSTUMP,GOOD_LENGTH,4,5,1,4.0,80.0,United Arab Emirates
501012,Joel Paris,LHB,OUTSIDE_OFFSTUMP,GOOD_LENGTH,1,5,1,1.0,20.0,Australia
1131754,Chetan Sakariya,LHB,OUTSIDE_OFFSTUMP,GOOD_LENGTH,1,5,1,1.0,20.0,India
540316,Andile Phehlukwayo,LHB,DOWN_LEG,GOOD_LENGTH,1,5,2,0.5,20.0,South Africa
570854,Jack Wildermuth,RHB,ON_THE_STUMPS,FULL_TOSS,8,5,2,4.0,160.0,Australia
500360,Akshdeep Nath,RHB,OUTSIDE_OFFSTUMP,SHORT,5,5,1,5.0,100.0,India
272385,Josh Lalor,RHB,DOWN_LEG,GOOD_LENGTH,0,5,2,0.0,0.0,Australia
722597,Akash Vasisht,LHB,ON_THE_STUMPS,SHORT,8,5,1,8.0,160.0,India
1159591,Tom O'Connell,LHB,OUTSIDE_OFFSTUMP,GOOD_LENGTH,4,5,1,4.0,80.0,Australia
1217156,Ravindu Fernando,RHB,OUTSIDE_OFFSTUMP,GOOD_LENGTH,5,5,1,5.0,100.0,Sri Lanka
720471,Ishan Kishan,LHB,WIDE_OUTSIDE_OFFSTUMP,YORKER,3,5,1,3.0,60.0,India
721867,Jitesh Sharma,RHB,DOWN_LEG,FULL_TOSS,16,5,1,16.0,320.0,India
19296,Kevin Pietersen,RHB,WIDE_OUTSIDE_OFFSTUMP,SHORT,15,5,1,15.0,300.0,England
1132219,Sanvir Singh,RHB,WIDE_OUTSIDE_OFFSTUMP,FULL,4,5,1,4.0,80.0,India
1159371,Mohammad Ilyas,RHB,OUTSIDE_OFFSTUMP,SHORT_OF_A_GOOD_LENGTH,5,5,1,5.0,100.0,Pakistan
245372,Orlando Peters,RHB,ON_THE_STUMPS,GOOD_LENGTH,2,5,1,2.0,40.0,West Indies
555853,Mark Steketee,RHB,ON_THE_STUMPS,YORKER,0,5,4,0.0,0.0,Australia
1202263,Thomas Kelly,RHB,DOWN_LEG,SHORT_OF_A_GOOD_LENGTH,6,5,1,6.0,120.0,Australia
272385,Josh Lalor,RHB,ON_THE_STUMPS,FULL,3,5,1,3.0,60.0,Australia
774223,Jhye Richardson,RHB,ON_THE_STUMPS,FULL_TOSS,9,5,1,9.0,180.0,Australia
307808,Rohan Mustafa,LHB,OUTSIDE_OFFSTUMP,SHORT,8,5,1,8.0,160.0,United Arab Emirates
498591,Travis Muller,RHB,ON_THE_STUMPS,FULL,5,5,1,5.0,100.0,South Africa
774223,Jhye Richardson,RHB,ON_THE_STUMPS,YORKER,6,5,2,3.0,120.0,Australia
545467,Junior Dala,RHB,OUTSIDE_OFFSTUMP,SHORT,2,5,1,2.0,40.0,South Africa
571703,Wellington Masakadza,LHB,WIDE_OUTSIDE_OFFSTUMP,YORKER,2,5,1,2.0,40.0,Zimbabwe
742489,Neil Brand,LHB,ON_THE_STUMPS,SHORT_OF_A_GOOD_LENGTH,4,5,1,4.0,80.0,South Africa
230554,Javon Searles,RHB,WIDE_OUTSIDE_OFFSTUMP,GOOD_LENGTH,3,5,1,3.0,60.0,West Indies
1223047,Josh Brown,RHB,OUTSIDE_OFFSTUMP,FULL_TOSS,8,5,1,8.0,160.0,Australia
320652,Asghar Afghan,RHB,DOWN_LEG,FULL,3,5,1,3.0,60.0,Afghanistan
1131570,Urvil Patel,RHB,ON_THE_STUMPS,SHORT_OF_A_GOOD_LENGTH,7,5,1,7.0,140.0,India
772293,Michael Pepper,RHB,DOWN_LEG,SHORT_OF_A_GOOD_LENGTH,7,5,1,7.0,140.0,England
211748,Benny Howell,RHB,DOWN_LEG,SHORT_OF_A_GOOD_LENGTH,8,5,1,8.0,160.0,England
370040,Jeffrey Vandersay,RHB,ON_THE_STUMPS,FULL,7,5,1,7.0,140.0,Sri Lanka
961401,Stephen Doheny,RHB,ON_THE_STUMPS,SHORT_OF_A_GOOD_LENGTH,8,5,1,8.0,160.0,Ireland
4864,Dan Christian,RHB,DOWN_LEG,YORKER,1,5,1,1.0,20.0,Australia
393279,Marchant de Lange,RHB,OUTSIDE_OFFSTUMP,SHORT_OF_A_GOOD_LENGTH,2,5,2,1.0,40.0,South Africa
288617,Ross Whiteley,LHB,WIDE_OUTSIDE_OFFSTUMP,FULL,8,5,1,8.0,160.0,England
347661,Luis Reece,LHB,OUTSIDE_OFFSTUMP,GOOD_LENGTH,0,5,1,0.0,0.0,England
55346,Graeme Cremer,RHB,OUTSIDE_OFFSTUMP,SHORT_OF_A_GOOD_LENGTH,2,5,1,2.0,40.0,Zimbabwe
1092313,Rohail Nazir,RHB,OUTSIDE_OFFSTUMP,SHORT,6,5,2,3.0,120.0,Pakistan
959825,Brooke Guest,RHB,ON_THE_STUMPS,FULL,3,5,1,3.0,60.0,England
370040,Jeffrey Vandersay,RHB,ON_THE_STUMPS,GOOD_LENGTH,5,5,1,5.0,100.0,Sri Lanka
437438,Prenelan Subrayen,RHB,ON_THE_STUMPS,GOOD_LENGTH,2,5,2,1.0,40.0,South Africa
1290929,Tim Robinson,RHB,WIDE_OUTSIDE_OFFSTUMP,GOOD_LENGTH,9,5,1,9.0,180.0,New Zealand
1168640,Samarpit Joshi,RHB,ON_THE_STUMPS,FULL,8,5,1,8.0,160.0,India
371814,Kevon Cooper,RHB,OUTSIDE_OFFSTUMP,SHORT,5,5,1,5.0,100.0,West Indies
391485,Jason Holder,RHB,ON_THE_STUMPS,SHORT,9,5,1,9.0,180.0,West Indies
371814,Kevon Cooper,RHB,DOWN_LEG,FULL,4,5,1,4.0,80.0,West Indies
605681,Evan Jones,RHB,WIDE_OUTSIDE_OFFSTUMP,FULL,2,5,2,1.0,40.0,South Africa
371150,Ashok Menaria,LHB,OUTSIDE_OFFSTUMP,GOOD_LENGTH,5,5,1,5.0,100.0,India
1093669,Muhammad Tanveer,RHB,ON_THE_STUMPS,FULL_TOSS,5,5,2,2.5,100.0,Qatar
288617,Ross Whiteley,LHB,ON_THE_STUMPS,YORKER,2,5,2,1.0,40.0,England
348026,John Campbell,LHB,ON_THE_STUMPS,SHORT_OF_A_GOOD_LENGTH,4,5,1,4.0,80.0,West Indies
1344829,Rizwan Butt,RHB,ON_THE_STUMPS,FULL_TOSS,11,5,1,11.0,220.0,Bahrain
398666,Sean Abbott,RHB,OUTSIDE_OFFSTUMP,FULL_TOSS,15,5,1,15.0,300.0,Australia
1168641,Harpreet Brar,LHB,ON_THE_STUMPS,SHORT,5,5,1,5.0,100.0,India
433614,Zahid Mahmood,RHB,ON_THE_STUMPS,GOOD_LENGTH,3,5,1,3.0,60.0,Pakistan
362541,Doug Bracewell,RHB,OUTSIDE_OFFSTUMP,FULL_TOSS,13,5,1,13.0,260.0,New Zealand
1175489,Sameer Rizvi,RHB,OUTSIDE_OFFSTUMP,FULL,6,5,1,6.0,120.0,India
957645,Aaron Jones,RHB,OUTSIDE_OFFSTUMP,FULL,4,5,1,4.0,80.0,United States of America
957645,Aaron Jones,RHB,ON_THE_STUMPS,GOOD_LENGTH,8,5,1,8.0,160.0,United States of America
398666,Sean Abbott,RHB,ON_THE_STUMPS,FULL_TOSS,5,5,2,2.5,100.0,Australia
280490,JJ Smuts,RHB,WIDE_OUTSIDE_OFFSTUMP,YORKER,0,5,1,0.0,0.0,South Africa
959789,Hassan Khan,RHB,ON_THE_STUMPS,SHORT_OF_A_GOOD_LENGTH,2,5,2,1.0,40.0,United States of America
901157,Arjun Nair,RHB,OUTSIDE_OFFSTUMP,FULL_TOSS,6,5,1,6.0,120.0,Australia
277911,George Worker,LHB,ON_THE_STUMPS,SHORT,6,5,1,6.0,120.0,New Zealand
348034,George Dockrell,RHB,WIDE_OUTSIDE_OFFSTUMP,FULL_TOSS,7,5,2,3.5,140.0,Ireland
434429,Aamer Yamin,RHB,OUTSIDE_OFFSTUMP,FULL,12,5,2,6.0,240.0,Pakistan
4864,Dan Christian,RHB,WIDE_OUTSIDE_OFFSTUMP,FULL_TOSS,14,5,1,14.0,280.0,Australia
1170471,Tanveer Sangha,RHB,ON_THE_STUMPS,GOOD_LENGTH,0,5,1,0.0,0.0,Australia
1292506,Nishant Sindhu,LHB,ON_THE_STUMPS,SHORT_OF_A_GOOD_LENGTH,11,5,1,11.0,220.0,India
362603,Shafiqullah,RHB,ON_THE_STUMPS,FULL_TOSS,11,5,1,11.0,220.0,Afghanistan
348044,Lakshit Gupta,RHB,WIDE_OUTSIDE_OFFSTUMP,GOOD_LENGTH,3,5,1,3.0,60.0,Cambodia
55343,Elton Chigumbura,RHB,ON_THE_STUMPS,YORKER,6,5,1,6.0,120.0,Zimbabwe
391485,Jason Holder,RHB,DOWN_LEG,SHORT,2,5,2,1.0,40.0,West Indies
440522,Logan van Beek,RHB,OUTSIDE_OFFSTUMP,SHORT,12,5,2,6.0,240.0,Netherlands
1388460,Rahul Chopra,RHB,OUTSIDE_OFFSTUMP,FULL,3,5,1,3.0,60.0,
440522,Logan van Beek,RHB,ON_THE_STUMPS,YORKER,3,5,1,3.0,60.0,Netherlands
373696,Mominul Haque,LHB,ON_THE_STUMPS,SHORT,9,5,1,9.0,180.0,Bangladesh
388794,Michael Pollard,RHB,OUTSIDE_OFFSTUMP,GOOD_LENGTH,3,5,1,3.0,60.0,New Zealand
387435,Vani Morea,RHB,ON_THE_STUMPS,GOOD_LENGTH,1,5,1,1.0,20.0,Papua New Guinea
1099379,Gareth Delany,RHB,ON_THE_STUMPS,FULL_TOSS,3,5,1,3.0,60.0,Ireland
605687,Willem Ludick,RHB,DOWN_LEG,SHORT,10,5,1,10.0,200.0,South Africa
55870,Sean Williams,LHB,ON_THE_STUMPS,YORKER,4,5,1,4.0,80.0,Zimbabwe
46538,Morne Morkel,LHB,ON_THE_STUMPS,GOOD_LENGTH,6,5,1,6.0,120.0,South Africa
46543,Wayne Madsen,RHB,WIDE_OUTSIDE_OFFSTUMP,SHORT_OF_A_GOOD_LENGTH,7,5,1,7.0,140.0,Italy
826915,Nathan Ellis,RHB,ON_THE_STUMPS,FULL_TOSS,9,5,1,9.0,180.0,Australia
1070188,Kamlesh Nagarkoti,RHB,ON_THE_STUMPS,FULL,2,5,2,1.0,40.0,India
45955,Heino Kuhn,RHB,OUTSIDE_OFFSTUMP,SHORT,8,5,1,8.0,160.0,South Africa
1284532,Haider Butt,RHB,ON_THE_STUMPS,SHORT_OF_A_GOOD_LENGTH,3,5,1,3.0,60.0,Bahrain
1070188,Kamlesh Nagarkoti,RHB,OUTSIDE_OFFSTUMP,GOOD_LENGTH,1,5,1,1.0,20.0,India
443263,Hayden Walsh,LHB,ON_THE_STUMPS,FULL,4,5,2,2.0,80.0,West Indies
595978,Tristan Stubbs,RHB,WIDE_OUTSIDE_OFFSTUMP,SHORT,17,5,1,17.0,340.0,South Africa
990039,Shoriful Islam,LHB,ON_THE_STUMPS,FULL,6,5,3,2.0,120.0,Bangladesh
1108375,Varun Chakravarthy,RHB,ON_THE_STUMPS,GOOD_LENGTH,0,5,1,0.0,0.0,India
387046,Amir Ali,RHB,OUTSIDE_OFFSTUMP,GOOD_LENGTH,5,5,1,5.0,100.0,Oman
848623,Mark Deyal,LHB,ON_THE_STUMPS,FULL_TOSS,8,5,1,8.0,160.0,West Indies
1099224,Will Smeed,RHB,DOWN_LEG,SHORT_OF_A_GOOD_LENGTH,1,5,3,0.33,20.0,England
390484,Jaydev Unadkat,RHB,ON_THE_STUMPS,FULL,7,5,1,7.0,140.0,India
372116,Temba Bavuma,RHB,ON_THE_STUMPS,FULL_TOSS,3,5,1,3.0,60.0,South Africa
438362,Sandeep Sharma,RHB,OUTSIDE_OFFSTUMP,SHORT_OF_A_GOOD_LENGTH,3,5,1,3.0,60.0,India
1098903,Surendran Chandramohan,RHB,OUTSIDE_OFFSTUMP,SHORT_OF_A_GOOD_LENGTH,1,5,1,1.0,20.0,Singapore
1098903,Surendran Chandramohan,RHB,ON_THE_STUMPS,FULL,6,5,1,6.0,120.0,Singapore
974109,Mujeeb Ur Rahman,RHB,ON_THE_STUMPS,YORKER,2,5,1,2.0,40.0,Afghanistan
1099225,Fionn Hand,RHB,OUTSIDE_OFFSTUMP,SHORT_OF_A_GOOD_LENGTH,2,5,1,2.0,40.0,Ireland
334621,Shadley van Schalkwyk,LHB,OUTSIDE_OFFSTUMP,GOOD_LENGTH,6,5,1,6.0,120.0,United States of America
55814,Brendan Taylor,RHB,OUTSIDE_OFFSTUMP,SHORT,0,5,1,0.0,0.0,Zimbabwe
42639,Shahid Afridi,RHB,ON_THE_STUMPS,SHORT,12,5,1,12.0,240.0,Pakistan
1176959,Akash Deep,RHB,OUTSIDE_OFFSTUMP,GOOD_LENGTH,11,5,2,5.5,220.0,India
36948,Anton Devcich,LHB,ON_THE_STUMPS,FULL_TOSS,4,5,1,4.0,80.0,New Zealand
372116,Temba Bavuma,RHB,WIDE_OUTSIDE_OFFSTUMP,GOOD_LENGTH,9,5,1,9.0,180.0,South Africa
974109,Mujeeb Ur Rahman,RHB,OUTSIDE_OFFSTUMP,YORKER,5,5,1,5.0,100.0,Afghanistan
280490,JJ Smuts,RHB,ON_THE_STUMPS,YORKER,1,5,1,1.0,20.0,South Africa
348049,Nasum Ahmed,LHB,WIDE_OUTSIDE_OFFSTUMP,FULL,0,5,2,0.0,0.0,Bangladesh
943279,Fahad Tariq,RHB,OUTSIDE_OFFSTUMP,GOOD_LENGTH,1,5,2,0.5,20.0,United Arab Emirates
279545,Pradeep Sangwan,RHB,OUTSIDE_OFFSTUMP,GOOD_LENGTH,0,5,2,0.0,0.0,India
594329,Jacques Snyman,RHB,WIDE_OUTSIDE_OFFSTUMP,FULL,10,5,2,5.0,200.0,South Africa
51866,Assad Fudadin,LHB,ON_THE_STUMPS,SHORT,3,5,1,3.0,60.0,West Indies
940973,Mohammed Siraj,RHB,ON_THE_STUMPS,YORKER,5,5,2,2.5,100.0,India
940973,Mohammed Siraj,RHB,ON_THE_STUMPS,FULL_TOSS,6,5,1,6.0,120.0,India
24611,William Porterfield,LHB,WIDE_OUTSIDE_OFFSTUMP,GOOD_LENGTH,5,5,1,5.0,100.0,Ireland
51784,Rayad Emrit,RHB,WIDE_OUTSIDE_OFFSTUMP,GOOD_LENGTH,2,5,2,1.0,40.0,West Indies
928067,Josh Little,RHB,DOWN_LEG,GOOD_LENGTH,1,5,2,0.5,20.0,Ireland
595267,Matthew Breetzke,RHB,ON_THE_STUMPS,YORKER,1,5,1,1.0,20.0,South Africa
41028,Kamran Akmal,RHB,ON_THE_STUMPS,FULL_TOSS,8,5,1,8.0,160.0,Pakistan
414966,Michael Leask,RHB,DOWN_LEG,GOOD_LENGTH,1,5,1,1.0,20.0,Scotland
38710,Daniel Vettori,LHB,ON_THE_STUMPS,GOOD_LENGTH,1,5,2,0.5,20.0,New Zealand
49920,Dilruwan Perera,RHB,OUTSIDE_OFFSTUMP,GOOD_LENGTH,4,5,1,4.0,80.0,Sri Lanka
926629,Hasan Mahmud,RHB,ON_THE_STUMPS,SHORT_OF_A_GOOD_LENGTH,1,5,1,1.0,20.0,Bangladesh
926629,Hasan Mahmud,RHB,OUTSIDE_OFFSTUMP,SHORT_OF_A_GOOD_LENGTH,0,5,2,0.0,0.0,Bangladesh
414821,Stuart Thompson,LHB,ON_THE_STUMPS,GOOD_LENGTH,4,5,1,4.0,80.0,Ireland
1076722,Will Sutherland,RHB,DOWN_LEG,GOOD_LENGTH,8,5,1,8.0,160.0,Australia
1080008,Tanay Thyagarajan,LHB,OUTSIDE_OFFSTUMP,FULL,0,5,1,0.0,0.0,India
51469,Shivnarine Chanderpaul,LHB,ON_THE_STUMPS,GOOD_LENGTH,2,5,1,2.0,40.0,West Indies
932665,Tanvir Islam,LHB,ON_THE_STUMPS,GOOD_LENGTH,8,5,1,8.0,160.0,Bangladesh
51433,Samuel Badree,RHB,ON_THE_STUMPS,SHORT_OF_A_GOOD_LENGTH,1,5,1,1.0,20.0,West Indies
932635,Nayeem Hasan,RHB,OUTSIDE_OFFSTUMP,FULL,6,5,1,6.0,120.0,Bangladesh
932635,Nayeem Hasan,RHB,ON_THE_STUMPS,SHORT_OF_A_GOOD_LENGTH,3,5,1,3.0,60.0,Bangladesh
51469,Shivnarine Chanderpaul,LHB,ON_THE_STUMPS,SHORT,5,5,1,5.0,100.0,West Indies
40082,Ehsan Khan,RHB,ON_THE_STUMPS,FULL,3,5,2,1.5,60.0,Hong Kong
604593,Vishnu Solanki,RHB,OUTSIDE_OFFSTUMP,SHORT_OF_A_GOOD_LENGTH,13,5,1,13.0,260.0,India
931603,Brendan Doggett,RHB,OUTSIDE_OFFSTUMP,FULL,1,5,1,1.0,20.0,Australia
932569,Imran Uzzaman,RHB,ON_THE_STUMPS,GOOD_LENGTH,1,5,1,1.0,20.0,Bangladesh
594995,Gavin Kaplan,RHB,ON_THE_STUMPS,FULL,6,5,1,6.0,120.0,South Africa
1079560,Sairaj Patil,RHB,OUTSIDE_OFFSTUMP,FULL,13,5,1,13.0,260.0,India
1169066,Blake Nikitaras,LHB,OUTSIDE_OFFSTUMP,GOOD_LENGTH,1,5,1,1.0,20.0,Australia
50747,Upul Tharanga,LHB,ON_THE_STUMPS,FULL_TOSS,9,5,1,9.0,180.0,Sri Lanka
39745,Amjad Ali,LHB,DOWN_LEG,GOOD_LENGTH,6,5,1,6.0,120.0,United Arab Emirates
931015,Thanuka Dabare,LHB,ON_THE_STUMPS,SHORT,4,5,1,4.0,80.0,Sri Lanka
935995,Afif Hossain,LHB,WIDE_OUTSIDE_OFFSTUMP,SHORT,16,5,1,16.0,320.0,Bangladesh
1076377,Oliver Davies,RHB,WIDE_OUTSIDE_OFFSTUMP,GOOD_LENGTH,10,5,1,10.0,200.0,Australia
402245,Amir Hamza,RHB,WIDE_OUTSIDE_OFFSTUMP,GOOD_LENGTH,6,5,1,6.0,120.0,Afghanistan
1076377,Oliver Davies,RHB,WIDE_OUTSIDE_OFFSTUMP,SHORT,3,5,1,3.0,60.0,Australia
955235,Nuwan Thushara,RHB,ON_THE_STUMPS,GOOD_LENGTH,2,5,2,1.0,40.0,Sri Lanka
430246,Yuzvendra Chahal,RHB,ON_THE_STUMPS,FULL,1,5,2,0.5,20.0,India
402992,Shuvagata Hom,RHB,WIDE_OUTSIDE_OFFSTUMP,FULL,5,5,1,5.0,100.0,Bangladesh
429886,Wihan Lubbe,LHB,WIDE_OUTSIDE_OFFSTUMP,SHORT_OF_A_GOOD_LENGTH,11,5,1,11.0,220.0,South Africa
402245,Amir Hamza,RHB,OUTSIDE_OFFSTUMP,SHORT_OF_A_GOOD_LENGTH,0,5,1,0.0,0.0,Afghanistan
431909,Jermaine Blackwood,RHB,WIDE_OUTSIDE_OFFSTUMP,FULL,4,5,2,2.0,80.0,West Indies
594235,Tshepo Moreki,RHB,ON_THE_STUMPS,GOOD_LENGTH,1,5,1,1.0,20.0,South Africa
1076377,Oliver Davies,RHB,ON_THE_STUMPS,YORKER,2,5,2,1.0,40.0,Australia
41324,Mohammad Sami,RHB,OUTSIDE_OFFSTUMP,SHORT_OF_A_GOOD_LENGTH,3,5,1,3.0,60.0,Pakistan
52912,Ravi Rampaul,LHB,ON_THE_STUMPS,GOOD_LENGTH,4,5,1,4.0,80.0,West Indies
946517,Dion Myers,RHB,ON_THE_STUMPS,SHORT_OF_A_GOOD_LENGTH,9,5,1,9.0,180.0,Zimbabwe
1339013,Nihar Narah,RHB,OUTSIDE_OFFSTUMP,GOOD_LENGTH,2,5,1,2.0,40.0,India
428366,Lahiru Madushanka,RHB,OUTSIDE_OFFSTUMP,SHORT,0,5,2,0.0,0.0,Sri Lanka
1081525,Yash Kothari,RHB,OUTSIDE_OFFSTUMP,FULL,2,5,1,2.0,40.0,India
348133,Steven Taylor,LHB,WIDE_OUTSIDE_OFFSTUMP,FULL,11,5,1,11.0,220.0,United States of America
279810,Wriddhiman Saha,RHB,WIDE_OUTSIDE_OFFSTUMP,YORKER,7,5,1,7.0,140.0,India
595406,Shane Dadswell,RHB,WIDE_OUTSIDE_OFFSTUMP,FULL,7,5,2,3.5,140.0,South Africa
914625,Jack Boyle,RHB,ON_THE_STUMPS,FULL,7,5,1,7.0,140.0,New Zealand
1295851,Joel Davies,LHB,OUTSIDE_OFFSTUMP,FULL,8,5,1,8.0,160.0,Australia
914625,Jack Boyle,RHB,OUTSIDE_OFFSTUMP,FULL,6,5,1,6.0,120.0,New Zealand
595406,Shane Dadswell,RHB,OUTSIDE_OFFSTUMP,SHORT,10,5,1,10.0,200.0,South Africa
348109,Paul van Meekeren,RHB,OUTSIDE_OFFSTUMP,FULL,3,5,1,3.0,60.0,Netherlands
594322,Corbin Bosch,RHB,ON_THE_STUMPS,YORKER,1,5,1,1.0,20.0,South Africa
1076394,Mohammad Taha,LHB,OUTSIDE_OFFSTUMP,GOOD_LENGTH,2,5,1,2.0,40.0,Pakistan
24605,Kevin O'Brien,RHB,ON_THE_STUMPS,FULL_TOSS,7,5,1,7.0,140.0,Ireland
1112537,Jordan Cox,RHB,DOWN_LEG,SHORT,22,5,1,22.0,440.0,England
1065115,Ben Manenti,RHB,ON_THE_STUMPS,GOOD_LENGTH,5,5,1,5.0,100.0,Italy
1030549,Andrew Hazeldine,RHB,DOWN_LEG,GOOD_LENGTH,1,5,1,1.0,20.0,New Zealand
457234,Keron Cottoy,LHB,ON_THE_STUMPS,SHORT_OF_A_GOOD_LENGTH,0,5,1,0.0,0.0,West Indies
1400702,Nimish Lathief,LHB,OUTSIDE_OFFSTUMP,GOOD_LENGTH,2,5,1,2.0,40.0,Kuwait
208253,Irfan Ahmed,RHB,OUTSIDE_OFFSTUMP,SHORT_OF_A_GOOD_LENGTH,2,5,1,2.0,40.0,Hong Kong
623695,Chamika Karunaratne,RHB,OUTSIDE_OFFSTUMP,YORKER,0,5,1,0.0,0.0,Sri Lanka
1065115,Ben Manenti,RHB,OUTSIDE_OFFSTUMP,GOOD_LENGTH,2,5,1,2.0,40.0,Italy
379774,Colin Ackermann,RHB,DOWN_LEG,FULL,12,5,1,12.0,240.0,Netherlands
457279,Olly Stone,RHB,OUTSIDE_OFFSTUMP,GOOD_LENGTH,2,5,1,2.0,40.0,England
819429,Azmatullah Omarzai,RHB,ON_THE_STUMPS,YORKER,6,5,1,6.0,120.0,Afghanistan
1064812,Rahul Chahar,RHB,OUTSIDE_OFFSTUMP,SHORT,7,5,1,7.0,140.0,India
819429,Azmatullah Omarzai,RHB,DOWN_LEG,SHORT,7,5,1,7.0,140.0,Afghanistan
1070180,Priyam Garg,RHB,ON_THE_STUMPS,FULL_TOSS,5,5,1,5.0,100.0,India
1012131,Rakibul Hasan,LHB,ON_THE_STUMPS,GOOD_LENGTH,5,5,1,5.0,100.0,Bangladesh
277390,Pieter Malan,RHB,OUTSIDE_OFFSTUMP,SHORT_OF_A_GOOD_LENGTH,5,5,1,5.0,100.0,South Africa
824159,Tayyab Tahir,RHB,WIDE_OUTSIDE_OFFSTUMP,GOOD_LENGTH,4,5,1,4.0,80.0,Pakistan
333780,Nic Maddinson,LHB,ON_THE_STUMPS,FULL_TOSS,5,5,1,5.0,100.0,Australia
1122853,Tony Munyonga,RHB,ON_THE_STUMPS,GOOD_LENGTH,4,5,1,4.0,80.0,Zimbabwe
1410577,Bevon Jacobs,RHB,WIDE_OUTSIDE_OFFSTUMP,GOOD_LENGTH,8,5,1,8.0,160.0,
1276700,Shoaib Khan,RHB,OUTSIDE_OFFSTUMP,FULL,8,5,1,8.0,160.0,Oman
451947,Milind Kumar,RHB,ON_THE_STUMPS,GOOD_LENGTH,1,5,1,1.0,20.0,United States of America
43685,Yasir Shah,RHB,ON_THE_STUMPS,FULL,6,5,1,6.0,120.0,Pakistan
44956,Grant Elliott,RHB,DOWN_LEG,GOOD_LENGTH,7,5,1,7.0,140.0,New Zealand
379890,Chad Bowes,RHB,ON_THE_STUMPS,YORKER,3,5,1,3.0,60.0,New Zealand
596099,Dean Foxcroft,RHB,ON_THE_STUMPS,FULL_TOSS,13,5,1,13.0,260.0,New Zealand
596436,Marques Ackerman,LHB,ON_THE_STUMPS,GOOD_LENGTH,2,5,1,2.0,40.0,South Africa
1048863,Shoaib Md Khan,RHB,ON_THE_STUMPS,GOOD_LENGTH,3,5,1,3.0,60.0,India
1167779,Ayush Shukla,RHB,ON_THE_STUMPS,GOOD_LENGTH,2,5,1,2.0,40.0,Hong Kong
376169,Michael Neser,RHB,ON_THE_STUMPS,FULL_TOSS,12,5,2,6.0,240.0,Australia
1276700,Shoaib Khan,RHB,OUTSIDE_OFFSTUMP,SHORT_OF_A_GOOD_LENGTH,2,5,1,2.0,40.0,Oman
1065662,Roshon Primus,RHB,WIDE_OUTSIDE_OFFSTUMP,GOOD_LENGTH,6,5,1,6.0,120.0,West Indies
1065662,Roshon Primus,RHB,WIDE_OUTSIDE_OFFSTUMP,FULL,9,5,1,9.0,180.0,West Indies
1410577,Bevon Jacobs,RHB,OUTSIDE_OFFSTUMP,SHORT_OF_A_GOOD_LENGTH,13,5,1,13.0,260.0,
1070154,Nimesh Vimukthi,LHB,OUTSIDE_OFFSTUMP,GOOD_LENGTH,4,5,1,4.0,80.0,Sri Lanka
1402359,Jahandad Khan,LHB,OUTSIDE_OFFSTUMP,GOOD_LENGTH,14,5,1,14.0,280.0,
450075,Kesrick Williams,RHB,ON_THE_STUMPS,FULL,2,5,1,2.0,40.0,West Indies
1277007,Abdullah Al Mamun,LHB,OUTSIDE_OFFSTUMP,SHORT_OF_A_GOOD_LENGTH,3,5,1,3.0,60.0,Bangladesh
43906,Hashim Amla,RHB,ON_THE_STUMPS,FULL_TOSS,11,5,1,11.0,220.0,South Africa
448243,Rumman Raees,RHB,ON_THE_STUMPS,GOOD_LENGTH,5,5,1,5.0,100.0,Pakistan
596417,Brydon Carse,RHB,ON_THE_STUMPS,SHORT_OF_A_GOOD_LENGTH,12,5,1,12.0,240.0,England
822503,Mohsin Shabbir,RHB,OUTSIDE_OFFSTUMP,GOOD_LENGTH,2,5,1,2.0,40.0,Saudi Arabia
1065662,Roshon Primus,RHB,DOWN_LEG,FULL_TOSS,7,5,1,7.0,140.0,West Indies
822553,Tushar Deshpande,LHB,OUTSIDE_OFFSTUMP,FULL,9,5,1,9.0,180.0,India
1402359,Jahandad Khan,LHB,ON_THE_STUMPS,GOOD_LENGTH,4,5,1,4.0,80.0,
1068983,Haroon Arshad,RHB,OUTSIDE_OFFSTUMP,GOOD_LENGTH,3,5,1,3.0,60.0,Hong Kong
56007,Mashrafe Mortaza,RHB,ON_THE_STUMPS,FULL_TOSS,14,5,1,14.0,280.0,Bangladesh
45204,Robbie Frylinck,RHB,OUTSIDE_OFFSTUMP,SHORT,13,5,1,13.0,260.0,South Africa
376116,Umesh Yadav,RHB,DOWN_LEG,GOOD_LENGTH,7,5,1,7.0,140.0,India
457280,Adam Rossington,RHB,ON_THE_STUMPS,YORKER,0,5,2,0.0,0.0,England
377534,Shashank Singh,RHB,WIDE_OUTSIDE_OFFSTUMP,YORKER,2,5,1,2.0,40.0,India
1058989,Aryan Lakra,LHB,WIDE_OUTSIDE_OFFSTUMP,FULL,0,5,1,0.0,0.0,United Arab Emirates
596010,Gerald Coetzee,RHB,ON_THE_STUMPS,FULL_TOSS,15,5,1,15.0,300.0,South Africa
334337,Peter Handscomb,RHB,OUTSIDE_OFFSTUMP,FULL_TOSS,7,5,1,7.0,140.0,Australia
459257,Tymal Mills,RHB,OUTSIDE_OFFSTUMP,SHORT_OF_A_GOOD_LENGTH,0,5,2,0.0,0.0,England
45705,Colin Ingram,LHB,DOWN_LEG,YORKER,2,5,1,2.0,40.0,South Africa
625383,Jasprit Bumrah,RHB,ON_THE_STUMPS,FULL,4,5,1,4.0,80.0,India
1058987,Karthik Meiyappan,RHB,OUTSIDE_OFFSTUMP,GOOD_LENGTH,1,5,1,1.0,20.0,United Arab Emirates
807469,Thikshila de Silva,LHB,DOWN_LEG,SHORT,4,5,1,4.0,80.0,Sri Lanka
1397995,Shahzaib Jamil,RHB,ON_THE_STUMPS,SHORT_OF_A_GOOD_LENGTH,7,5,1,7.0,140.0,
596010,Gerald Coetzee,RHB,WIDE_OUTSIDE_OFFSTUMP,GOOD_LENGTH,1,5,3,0.33,20.0,South Africa
379887,Lizaad Williams,LHB,ON_THE_STUMPS,SHORT_OF_A_GOOD_LENGTH,2,4,1,2.0,50.0,South Africa
1429000,Asanka Gunarathne,RHB,OUTSIDE_OFFSTUMP,SHORT_OF_A_GOOD_LENGTH,1,4,1,1.0,25.0,
596417,Brydon Carse,RHB,ON_THE_STUMPS,SHORT,0,4,1,0.0,0.0,England
360911,Varun Aaron,RHB,ON_THE_STUMPS,GOOD_LENGTH,0,4,1,0.0,0.0,India
697059,Zakir Hasan,LHB,DOWN_LEG,SHORT,11,4,1,11.0,275.0,Bangladesh
301236,Lahiru Thirimanne,LHB,OUTSIDE_OFFSTUMP,FULL,1,4,2,0.5,25.0,Sri Lanka
1068980,Adit Gorawara,RHB,ON_THE_STUMPS,FULL,2,4,1,2.0,50.0,Hong Kong
933173,Tawfique Khan,RHB,OUTSIDE_OFFSTUMP,FULL,4,4,2,2.0,100.0,Bangladesh
950405,Tharindu Ratnayake,LHB,ON_THE_STUMPS,SHORT_OF_A_GOOD_LENGTH,1,4,1,1.0,25.0,Sri Lanka
1068983,Haroon Arshad,RHB,ON_THE_STUMPS,FULL,5,4,1,5.0,125.0,Hong Kong
49758,Lasith Malinga,RHB,ON_THE_STUMPS,SHORT,4,4,1,4.0,100.0,Sri Lanka
419873,Mohammad Shahzad,RHB,DOWN_LEG,SHORT,4,4,1,4.0,100.0,Afghanistan
18632,Samit Patel,RHB,DOWN_LEG,GOOD_LENGTH,0,4,1,0.0,0.0,England
261354,Nathan Coulter-Nile,RHB,WIDE_OUTSIDE_OFFSTUMP,SHORT_OF_A_GOOD_LENGTH,2,4,2,1.0,50.0,Australia
260036,Tanwir Afzal,RHB,WIDE_OUTSIDE_OFFSTUMP,SHORT,2,4,1,2.0,50.0,Hong Kong
360456,Asela Gunaratne,RHB,DOWN_LEG,GOOD_LENGTH,2,4,2,1.0,50.0,Sri Lanka
1339088,Shawaiz Irfan,RHB,OUTSIDE_OFFSTUMP,SHORT_OF_A_GOOD_LENGTH,0,4,1,0.0,0.0,Pakistan
553821,JJ Smit,RHB,OUTSIDE_OFFSTUMP,FULL_TOSS,6,4,1,6.0,150.0,Namibia
1076382,Mackenzie Harvey,LHB,WIDE_OUTSIDE_OFFSTUMP,GOOD_LENGTH,4,4,1,4.0,100.0,Australia
261354,Nathan Coulter-Nile,RHB,OUTSIDE_OFFSTUMP,YORKER,1,4,1,1.0,25.0,Australia
557298,Daniel Worrall,RHB,ON_THE_STUMPS,SHORT_OF_A_GOOD_LENGTH,2,4,1,2.0,50.0,Australia
1195245,Vinoth Baskaran,LHB,ON_THE_STUMPS,GOOD_LENGTH,1,4,2,0.5,25.0,Singapore
532424,Sohail Akhtar,RHB,ON_THE_STUMPS,YORKER,2,4,1,2.0,50.0,Pakistan
554068,Amjad Mahboob,RHB,OUTSIDE_OFFSTUMP,SHORT_OF_A_GOOD_LENGTH,7,4,1,7.0,175.0,Singapore
1152410,Navod Paranavithana,LHB,ON_THE_STUMPS,GOOD_LENGTH,4,4,2,2.0,100.0,Sri Lanka
1199434,Nangeyalia Kharote,LHB,ON_THE_STUMPS,FULL,2,4,1,2.0,50.0,Afghanistan
1342699,Shadrack Descarte,LHB,OUTSIDE_OFFSTUMP,SHORT_OF_A_GOOD_LENGTH,1,4,1,1.0,25.0,West Indies
379890,Chad Bowes,RHB,OUTSIDE_OFFSTUMP,FULL_TOSS,5,4,1,5.0,125.0,New Zealand
1209272,Adnan Mirza,RHB,ON_THE_STUMPS,YORKER,5,4,1,5.0,125.0,Qatar
31107,Amit Mishra,RHB,ON_THE_STUMPS,YORKER,1,4,1,1.0,25.0,India
1036191,Bas de Leede,RHB,WIDE_OUTSIDE_OFFSTUMP,SHORT_OF_A_GOOD_LENGTH,4,4,1,4.0,100.0,Netherlands
1328735,Yasin Patel,LHB,ON_THE_STUMPS,SHORT_OF_A_GOOD_LENGTH,11,4,1,11.0,275.0,Kuwait
300619,Rubel Hossain,RHB,ON_THE_STUMPS,FULL,7,4,1,7.0,175.0,Bangladesh
1429000,Asanka Gunarathne,RHB,OUTSIDE_OFFSTUMP,GOOD_LENGTH,2,4,1,2.0,50.0,
1076377,Oliver Davies,RHB,WIDE_OUTSIDE_OFFSTUMP,FULL_TOSS,4,4,1,4.0,100.0,Australia
1076382,Mackenzie Harvey,LHB,DOWN_LEG,YORKER,2,4,1,2.0,50.0,Australia
1058990,Ansh Tandon,LHB,OUTSIDE_OFFSTUMP,FULL,8,4,1,8.0,200.0,United Arab Emirates
1058990,Ansh Tandon,LHB,WIDE_OUTSIDE_OFFSTUMP,FULL,5,4,1,5.0,125.0,United Arab Emirates
1159951,Kangabam Singh,RHB,OUTSIDE_OFFSTUMP,GOOD_LENGTH,8,4,1,8.0,200.0,India
360911,Varun Aaron,RHB,OUTSIDE_OFFSTUMP,SHORT,7,4,1,7.0,175.0,India
300618,Nasir Hossain,RHB,DOWN_LEG,FULL,9,4,1,9.0,225.0,Bangladesh
49700,Jeevan Mendis,LHB,OUTSIDE_OFFSTUMP,FULL,1,4,1,1.0,25.0,Sri Lanka
1411891,Tanish Suri,RHB,DOWN_LEG,FULL,5,4,1,5.0,125.0,United Arab Emirates
1152410,Navod Paranavithana,LHB,OUTSIDE_OFFSTUMP,GOOD_LENGTH,4,4,1,4.0,100.0,Sri Lanka
233904,Yasim Murtaza,LHB,OUTSIDE_OFFSTUMP,SHORT,4,4,2,2.0,100.0,Hong Kong
316102,Craig Williams,RHB,WIDE_OUTSIDE_OFFSTUMP,FULL,6,4,1,6.0,150.0,Namibia
1079380,Nikhil Chaudhary,RHB,ON_THE_STUMPS,SHORT,1,4,1,1.0,25.0,Australia
49700,Jeevan Mendis,LHB,ON_THE_STUMPS,FULL,2,4,2,1.0,50.0,Sri Lanka
552152,Dushmantha Chameera,RHB,ON_THE_STUMPS,YORKER,2,4,1,2.0,50.0,Sri Lanka
642519,Shreyas Iyer,RHB,WIDE_OUTSIDE_OFFSTUMP,FULL_TOSS,11,4,1,11.0,275.0,India
698317,Ruben Trumpelmann,RHB,OUTSIDE_OFFSTUMP,SHORT,6,4,1,6.0,150.0,Namibia
290630,Manish Pandey,RHB,DOWN_LEG,SHORT,7,4,1,7.0,175.0,India
1174143,Rafiullah,RHB,ON_THE_STUMPS,FULL_TOSS,12,4,1,12.0,300.0,Oman
41028,Kamran Akmal,RHB,OUTSIDE_OFFSTUMP,YORKER,2,4,1,2.0,50.0,Pakistan
1058924,Nasrulla Rana,RHB,OUTSIDE_OFFSTUMP,SHORT_OF_A_GOOD_LENGTH,2,4,1,2.0,50.0,Hong Kong
1337353,Abdullah Bayoumy,RHB,OUTSIDE_OFFSTUMP,SHORT_OF_A_GOOD_LENGTH,5,4,1,5.0,125.0,South Africa
414821,Stuart Thompson,LHB,ON_THE_STUMPS,FULL,5,4,2,2.5,125.0,Ireland
698319,Beyers Swanepoel,LHB,OUTSIDE_OFFSTUMP,FULL,2,4,1,2.0,50.0,South Africa
288211,Umar Amin,LHB,DOWN_LEG,SHORT_OF_A_GOOD_LENGTH,5,4,1,5.0,125.0,Pakistan
1151273,Nehal Wadhera,LHB,WIDE_OUTSIDE_OFFSTUMP,FULL_TOSS,10,4,1,10.0,250.0,India
414966,Michael Leask,RHB,ON_THE_STUMPS,YORKER,0,4,3,0.0,0.0,Scotland
698315,Donavon Ferreira,RHB,OUTSIDE_OFFSTUMP,YORKER,3,4,1,3.0,75.0,South Africa
1151270,Ayush Badoni,RHB,WIDE_OUTSIDE_OFFSTUMP,SHORT_OF_A_GOOD_LENGTH,7,4,1,7.0,175.0,India
355269,James Neesham,LHB,WIDE_OUTSIDE_OFFSTUMP,SHORT,2,4,1,2.0,50.0,New Zealand
940973,Mohammed Siraj,RHB,OUTSIDE_OFFSTUMP,FULL_TOSS,2,4,1,2.0,50.0,India
940593,Aqib Ilyas,RHB,WIDE_OUTSIDE_OFFSTUMP,FULL,5,4,1,5.0,125.0,Oman
527663,Jagadeesha Suchith,LHB,ON_THE_STUMPS,FULL,8,4,1,8.0,200.0,India
642523,Mohammad Saif,LHB,ON_THE_STUMPS,GOOD_LENGTH,6,4,1,6.0,150.0,India
279554,Ishank Jaggi,RHB,ON_THE_STUMPS,GOOD_LENGTH,4,4,1,4.0,100.0,India
698199,Mitchell Van Buuren,RHB,WIDE_OUTSIDE_OFFSTUMP,GOOD_LENGTH,5,4,1,5.0,125.0,South Africa
938959,Wessly Madhevere,RHB,OUTSIDE_OFFSTUMP,FULL_TOSS,3,4,1,3.0,75.0,Zimbabwe
410768,Alauddin Babu,RHB,OUTSIDE_OFFSTUMP,FULL,3,4,1,3.0,75.0,Bangladesh
30288,Karn Sharma,LHB,DOWN_LEG,SHORT,6,4,1,6.0,150.0,India
1058989,Aryan Lakra,LHB,OUTSIDE_OFFSTUMP,SHORT,10,4,1,10.0,250.0,United Arab Emirates
377534,Shashank Singh,RHB,WIDE_OUTSIDE_OFFSTUMP,GOOD_LENGTH,7,4,1,7.0,175.0,India
1195776,Priyesh Patel,RHB,OUTSIDE_OFFSTUMP,GOOD_LENGTH,12,4,1,12.0,300.0,India
315232,Asif Khan,RHB,ON_THE_STUMPS,FULL_TOSS,8,4,1,8.0,200.0,United Arab Emirates
49758,Lasith Malinga,RHB,OUTSIDE_OFFSTUMP,SHORT,7,4,1,7.0,175.0,Sri Lanka
1414159,Sagar Kalyan,RHB,OUTSIDE_OFFSTUMP,SHORT_OF_A_GOOD_LENGTH,1,4,1,1.0,25.0,
1339031,Kunal Singh Rathore,LHB,OUTSIDE_OFFSTUMP,FULL,2,4,2,1.0,50.0,India
595036,Bamanye Xenxe,RHB,OUTSIDE_OFFSTUMP,FULL,4,4,1,4.0,100.0,South Africa
233712,Stephan Myburgh,LHB,OUTSIDE_OFFSTUMP,SHORT,7,4,2,3.5,175.0,Netherlands
1339019,F Lalmuanzuala,RHB,ON_THE_STUMPS,FULL,1,4,1,1.0,25.0,India
233802,Ashan Priyanjan,RHB,WIDE_OUTSIDE_OFFSTUMP,FULL,3,4,1,3.0,75.0,Sri Lanka
595380,Raynard van Tonder,RHB,ON_THE_STUMPS,SHORT_OF_A_GOOD_LENGTH,2,4,1,2.0,50.0,South Africa
1199393,Abdul Bangalzai,RHB,WIDE_OUTSIDE_OFFSTUMP,GOOD_LENGTH,1,4,2,0.5,25.0,Pakistan
233802,Ashan Priyanjan,RHB,OUTSIDE_OFFSTUMP,SHORT,6,4,1,6.0,150.0,Sri Lanka
379504,Adam Zampa,RHB,ON_THE_STUMPS,YORKER,0,4,1,0.0,0.0,Australia
550235,Tom Curran,RHB,WIDE_OUTSIDE_OFFSTUMP,FULL_TOSS,11,4,1,11.0,275.0,England
937953,Bilal Khan,LHB,ON_THE_STUMPS,FULL,1,4,3,0.33,25.0,Oman
1159843,Kumar Kartikeya,RHB,OUTSIDE_OFFSTUMP,GOOD_LENGTH,3,4,1,3.0,75.0,India
633421,Muhammad Khan,RHB,ON_THE_STUMPS,GOOD_LENGTH,1,4,1,1.0,25.0,Hong Kong
389605,Ashish Reddy,RHB,ON_THE_STUMPS,YORKER,4,4,1,4.0,100.0,India
42639,Shahid Afridi,RHB,ON_THE_STUMPS,YORKER,3,4,1,3.0,75.0,Pakistan
376116,Umesh Yadav,RHB,ON_THE_STUMPS,SHORT,4,4,1,4.0,100.0,India
659081,Mark Watt,LHB,WIDE_OUTSIDE_OFFSTUMP,FULL,1,4,2,0.5,25.0,Scotland
974175,Fazalhaq Farooqi,RHB,OUTSIDE_OFFSTUMP,SHORT_OF_A_GOOD_LENGTH,0,4,1,0.0,0.0,Afghanistan
307756,Jatinder Singh,RHB,OUTSIDE_OFFSTUMP,SHORT,5,4,1,5.0,125.0,Oman
974175,Fazalhaq Farooqi,RHB,ON_THE_STUMPS,YORKER,1,4,1,1.0,25.0,Afghanistan
547764,Cam Fletcher,RHB,OUTSIDE_OFFSTUMP,FULL_TOSS,8,4,1,8.0,200.0,New Zealand
538506,Taskin Ahmed,LHB,ON_THE_STUMPS,FULL_TOSS,8,4,1,8.0,200.0,Bangladesh
670031,Alzarri Joseph,RHB,WIDE_OUTSIDE_OFFSTUMP,GOOD_LENGTH,5,4,1,5.0,125.0,West Indies
1005257,Simi Singh,RHB,ON_THE_STUMPS,SHORT_OF_A_GOOD_LENGTH,2,4,1,2.0,50.0,Ireland
539511,Henry Nicholls,LHB,DOWN_LEG,SHORT_OF_A_GOOD_LENGTH,7,4,1,7.0,175.0,New Zealand
1070180,Priyam Garg,RHB,WIDE_OUTSIDE_OFFSTUMP,GOOD_LENGTH,6,4,1,6.0,150.0,India
244639,Harry Gurney,RHB,ON_THE_STUMPS,FULL,1,4,1,1.0,25.0,England
244497,Adil Rashid,RHB,ON_THE_STUMPS,YORKER,1,4,3,0.33,25.0,England
1373205,Salvin Stanly,RHB,ON_THE_STUMPS,GOOD_LENGTH,2,4,1,2.0,50.0,
1071473,Jan Nicol Loftie-Eaton,LHB,ON_THE_STUMPS,SHORT_OF_A_GOOD_LENGTH,1,4,1,1.0,25.0,Namibia
653695,Matt Parkinson,RHB,OUTSIDE_OFFSTUMP,GOOD_LENGTH,7,4,1,7.0,175.0,England
42639,Shahid Afridi,RHB,DOWN_LEG,SHORT_OF_A_GOOD_LENGTH,6,4,1,6.0,150.0,Pakistan
1171127,Haseebullah Khan,LHB,DOWN_LEG,SHORT_OF_A_GOOD_LENGTH,5,4,1,5.0,125.0,Pakistan
653695,Matt Parkinson,RHB,ON_THE_STUMPS,YORKER,0,4,3,0.0,0.0,England
537126,Barinder Sran,LHB,OUTSIDE_OFFSTUMP,GOOD_LENGTH,2,4,1,2.0,50.0,India
653695,Matt Parkinson,RHB,ON_THE_STUMPS,GOOD_LENGTH,1,4,1,1.0,25.0,England
1203282,Tunish Sawkar,RHB,ON_THE_STUMPS,SHORT_OF_A_GOOD_LENGTH,4,4,1,4.0,100.0,India
670039,Leroy Lugg,RHB,OUTSIDE_OFFSTUMP,GOOD_LENGTH,0,4,1,0.0,0.0,West Indies
971349,Nandre Burger,LHB,ON_THE_STUMPS,SHORT_OF_A_GOOD_LENGTH,0,4,1,0.0,0.0,South Africa
971349,Nandre Burger,LHB,ON_THE_STUMPS,FULL,1,4,1,1.0,25.0,South Africa
595954,Duan Jansen,RHB,ON_THE_STUMPS,FULL_TOSS,9,4,1,9.0,225.0,South Africa
240609,Fawad Ahmed,RHB,ON_THE_STUMPS,FULL_TOSS,5,4,2,2.5,125.0,Australia
547764,Cam Fletcher,RHB,WIDE_OUTSIDE_OFFSTUMP,FULL,5,4,1,5.0,125.0,New Zealand
372116,Temba Bavuma,RHB,ON_THE_STUMPS,YORKER,2,4,2,1.0,50.0,South Africa
659081,Mark Watt,LHB,ON_THE_STUMPS,YORKER,1,4,1,1.0,25.0,Scotland
1158100,Mohammad Hasnain,RHB,WIDE_OUTSIDE_OFFSTUMP,SHORT,0,4,1,0.0,0.0,Pakistan
598935,Dharmendrasinh Jadeja,LHB,OUTSIDE_OFFSTUMP,GOOD_LENGTH,1,4,1,1.0,25.0,India
308408,Josh Cobb,RHB,OUTSIDE_OFFSTUMP,FULL,11,4,1,11.0,275.0,England
1159371,Mohammad Ilyas,RHB,ON_THE_STUMPS,FULL,2,4,1,2.0,50.0,Pakistan
990039,Shoriful Islam,LHB,DOWN_LEG,SHORT_OF_A_GOOD_LENGTH,3,4,2,1.5,75.0,Bangladesh
307817,Adnan Idrees,RHB,OUTSIDE_OFFSTUMP,SHORT_OF_A_GOOD_LENGTH,4,4,1,4.0,100.0,Kuwait
1397990,Mohammed Irshad,RHB,OUTSIDE_OFFSTUMP,FULL,5,4,1,5.0,125.0,Qatar
1070183,Abhishek Sharma,LHB,ON_THE_STUMPS,YORKER,5,4,1,5.0,125.0,India
990165,Mukidul Islam,RHB,OUTSIDE_OFFSTUMP,GOOD_LENGTH,4,4,1,4.0,100.0,Bangladesh
540316,Andile Phehlukwayo,LHB,WIDE_OUTSIDE_OFFSTUMP,GOOD_LENGTH,0,4,2,0.0,0.0,South Africa
633455,Sarfraz Butt,RHB,OUTSIDE_OFFSTUMP,GOOD_LENGTH,3,4,1,3.0,75.0,Saudi Arabia
21440,John Simpson,LHB,ON_THE_STUMPS,GOOD_LENGTH,3,4,1,3.0,75.0,England
1161044,Shamim Hossain,LHB,DOWN_LEG,FULL,11,4,1,11.0,275.0,Bangladesh
542023,Lungi Ngidi,RHB,OUTSIDE_OFFSTUMP,FULL,1,4,2,0.5,25.0,South Africa
27280,Manvinder  Bisla,RHB,OUTSIDE_OFFSTUMP,GOOD_LENGTH,4,4,1,4.0,100.0,India
248920,Devon Thomas,RHB,WIDE_OUTSIDE_OFFSTUMP,SHORT,10,4,1,10.0,250.0,West Indies
541991,JP Kotze,LHB,OUTSIDE_OFFSTUMP,GOOD_LENGTH,2,4,1,2.0,50.0,Namibia
665053,Zak Crawley,RHB,WIDE_OUTSIDE_OFFSTUMP,SHORT,11,4,1,11.0,275.0,England
384355,Anaru Kitchen,RHB,ON_THE_STUMPS,SHORT_OF_A_GOOD_LENGTH,4,4,1,4.0,100.0,New Zealand
990039,Shoriful Islam,LHB,WIDE_OUTSIDE_OFFSTUMP,FULL,4,4,1,4.0,100.0,Bangladesh
1172124,Sarfaraz Ali,RHB,OUTSIDE_OFFSTUMP,FULL,2,4,2,1.0,50.0,Bahrain
555853,Mark Steketee,RHB,ON_THE_STUMPS,SHORT,1,4,1,1.0,25.0,Australia
1397996,Kashif Abbas,LHB,OUTSIDE_OFFSTUMP,FULL,1,4,1,1.0,25.0,Saudi Arabia
375126,Hardus Viljoen,RHB,OUTSIDE_OFFSTUMP,SHORT,5,4,1,5.0,125.0,South Africa
540316,Andile Phehlukwayo,LHB,DOWN_LEG,FULL_TOSS,2,4,1,2.0,50.0,South Africa
25051,Mahuru Dai,RHB,OUTSIDE_OFFSTUMP,SHORT_OF_A_GOOD_LENGTH,6,4,1,6.0,150.0,Papua New Guinea
1071484,Brian Bennett,RHB,OUTSIDE_OFFSTUMP,SHORT,6,4,2,3.0,150.0,Zimbabwe
681117,Faheem Ashraf,LHB,WIDE_OUTSIDE_OFFSTUMP,SHORT,10,4,1,10.0,250.0,Pakistan
629084,Ramesh Mendis,RHB,ON_THE_STUMPS,FULL,2,4,1,2.0,50.0,Sri Lanka
533862,Mohammad Naveed,RHB,WIDE_OUTSIDE_OFFSTUMP,FULL,11,4,1,11.0,275.0,United Arab Emirates
959767,Rachin Ravindra,LHB,ON_THE_STUMPS,FULL_TOSS,7,4,1,7.0,175.0,New Zealand
43590,Wahab Riaz,RHB,WIDE_OUTSIDE_OFFSTUMP,SHORT,7,4,1,7.0,175.0,Pakistan
595783,Ajaz Patel,LHB,ON_THE_STUMPS,FULL,3,4,1,3.0,75.0,New Zealand
1175441,Ravi Bishnoi,RHB,ON_THE_STUMPS,YORKER,3,4,1,3.0,75.0,India
1073111,Ahsan Hafeez,LHB,ON_THE_STUMPS,SHORT,2,4,2,1.0,50.0,Pakistan
362603,Shafiqullah,RHB,WIDE_OUTSIDE_OFFSTUMP,GOOD_LENGTH,5,4,1,5.0,125.0,Afghanistan
959767,Rachin Ravindra,LHB,WIDE_OUTSIDE_OFFSTUMP,FULL,4,4,1,4.0,100.0,New Zealand
533949,Fazal Niazai,RHB,OUTSIDE_OFFSTUMP,GOOD_LENGTH,2,4,1,2.0,50.0,Afghanistan
681067,Akif Raja,LHB,WIDE_OUTSIDE_OFFSTUMP,GOOD_LENGTH,0,4,1,0.0,0.0,United Arab Emirates
647785,Sahibzada Farhan,RHB,WIDE_OUTSIDE_OFFSTUMP,GOOD_LENGTH,1,4,1,1.0,25.0,Pakistan
959771,Nathan Smith,RHB,WIDE_OUTSIDE_OFFSTUMP,GOOD_LENGTH,6,4,1,6.0,150.0,New Zealand
398439,Karun Nair,RHB,DOWN_LEG,SHORT,10,4,1,10.0,250.0,India
307639,Ahmad Faiz,RHB,ON_THE_STUMPS,FULL_TOSS,1,4,1,1.0,25.0,Malaysia
362710,David Payne,RHB,OUTSIDE_OFFSTUMP,SHORT_OF_A_GOOD_LENGTH,6,4,2,3.0,150.0,England
362710,David Payne,RHB,OUTSIDE_OFFSTUMP,GOOD_LENGTH,2,4,1,2.0,50.0,England
595783,Ajaz Patel,LHB,OUTSIDE_OFFSTUMP,GOOD_LENGTH,2,4,1,2.0,50.0,New Zealand
596417,Brydon Carse,RHB,OUTSIDE_OFFSTUMP,SHORT,7,4,2,3.5,175.0,England
380355,Habibur Rahman,RHB,OUTSIDE_OFFSTUMP,GOOD_LENGTH,2,4,1,2.0,50.0,Bangladesh
1344829,Rizwan Butt,RHB,OUTSIDE_OFFSTUMP,FULL,2,4,1,2.0,50.0,Bahrain
957645,Aaron Jones,RHB,OUTSIDE_OFFSTUMP,SHORT,7,4,1,7.0,175.0,United States of America
647667,Usama Mir,RHB,ON_THE_STUMPS,FULL_TOSS,7,4,2,3.5,175.0,Pakistan
303870,Edward Farley,RHB,ON_THE_STUMPS,GOOD_LENGTH,0,4,1,0.0,0.0,Jersey
5236,Callum Ferguson,RHB,OUTSIDE_OFFSTUMP,YORKER,1,4,1,1.0,25.0,Australia
1343344,Curtis Heaphy,RHB,ON_THE_STUMPS,FULL,6,4,1,6.0,150.0,New Zealand
956319,Ayaan Khan,LHB,ON_THE_STUMPS,YORKER,4,4,1,4.0,100.0,Oman
362201,Lewis Gregory,RHB,ON_THE_STUMPS,YORKER,4,4,1,4.0,100.0,England
399259,Alasdair Evans,RHB,OUTSIDE_OFFSTUMP,GOOD_LENGTH,6,4,2,3.0,150.0,Scotland
647667,Usama Mir,RHB,ON_THE_STUMPS,SHORT_OF_A_GOOD_LENGTH,6,4,2,3.0,150.0,Pakistan
314615,Jonathan Carter,LHB,DOWN_LEG,SHORT_OF_A_GOOD_LENGTH,4,4,1,4.0,100.0,West Indies
677077,Romario Shepherd,RHB,DOWN_LEG,GOOD_LENGTH,6,4,1,6.0,150.0,West Indies
1161050,Sediqullah Atal,LHB,ON_THE_STUMPS,FULL,2,4,1,2.0,50.0,Afghanistan
961401,Stephen Doheny,RHB,OUTSIDE_OFFSTUMP,GOOD_LENGTH,3,4,1,3.0,75.0,Ireland
961401,Stephen Doheny,RHB,OUTSIDE_OFFSTUMP,FULL,1,4,1,1.0,25.0,Ireland
537119,Mohit Sharma,RHB,DOWN_LEG,GOOD_LENGTH,3,4,1,3.0,75.0,India
1203754,Junaid Siddique,RHB,OUTSIDE_OFFSTUMP,SHORT_OF_A_GOOD_LENGTH,0,4,1,0.0,0.0,United Arab Emirates
370040,Jeffrey Vandersay,RHB,OUTSIDE_OFFSTUMP,SHORT_OF_A_GOOD_LENGTH,3,4,1,3.0,75.0,Sri Lanka
596073,Lesego Senokwane,RHB,ON_THE_STUMPS,SHORT_OF_A_GOOD_LENGTH,3,4,1,3.0,75.0,South Africa
237696,Sheldon Jackson,RHB,OUTSIDE_OFFSTUMP,SHORT,5,4,1,5.0,125.0,India
1369678,Parvindar Kumar,RHB,OUTSIDE_OFFSTUMP,SHORT_OF_A_GOOD_LENGTH,5,4,1,5.0,125.0,Kuwait
44956,Grant Elliott,RHB,WIDE_OUTSIDE_OFFSTUMP,GOOD_LENGTH,3,4,1,3.0,75.0,New Zealand
259551,Junaid Khan,RHB,OUTSIDE_OFFSTUMP,GOOD_LENGTH,3,4,1,3.0,75.0,Pakistan
1158088,Naseem Shah,RHB,ON_THE_STUMPS,SHORT_OF_A_GOOD_LENGTH,0,4,1,0.0,0.0,Pakistan
549288,Ferisco Adams,RHB,OUTSIDE_OFFSTUMP,GOOD_LENGTH,2,4,1,2.0,50.0,South Africa
537119,Mohit Sharma,RHB,ON_THE_STUMPS,SHORT_OF_A_GOOD_LENGTH,3,4,1,3.0,75.0,India
392945,Donald Tiripano,RHB,OUTSIDE_OFFSTUMP,SHORT_OF_A_GOOD_LENGTH,2,4,1,2.0,50.0,Zimbabwe
679567,Ben Dwarshuis,LHB,DOWN_LEG,GOOD_LENGTH,3,4,1,3.0,75.0,Australia
679567,Ben Dwarshuis,LHB,DOWN_LEG,SHORT,1,4,1,1.0,25.0,Australia
595921,Curtis Campher,RHB,DOWN_LEG,SHORT_OF_A_GOOD_LENGTH,8,4,1,8.0,200.0,Ireland
392945,Donald Tiripano,RHB,WIDE_OUTSIDE_OFFSTUMP,SHORT_OF_A_GOOD_LENGTH,4,4,1,4.0,100.0,Zimbabwe
677081,Keemo Paul,RHB,DOWN_LEG,YORKER,0,4,1,0.0,0.0,West Indies
1360563,Muhammad Abbas,RHB,ON_THE_STUMPS,SHORT_OF_A_GOOD_LENGTH,2,4,1,2.0,50.0,New Zealand
1205559,Mohammad Haris,RHB,DOWN_LEG,SHORT,0,4,1,0.0,0.0,Pakistan
47850,Roelof van der Merwe,RHB,WIDE_OUTSIDE_OFFSTUMP,FULL,10,4,1,10.0,250.0,Netherlands
1012349,Ruyel Miah,LHB,OUTSIDE_OFFSTUMP,FULL,1,4,1,1.0,25.0,Bangladesh
1015437,Zubaid Akbari,LHB,OUTSIDE_OFFSTUMP,GOOD_LENGTH,5,4,1,5.0,125.0,Afghanistan
236489,Dawid Malan,LHB,WIDE_OUTSIDE_OFFSTUMP,SHORT,1,4,2,0.5,25.0,England
533042,Billy Stanlake,LHB,ON_THE_STUMPS,GOOD_LENGTH,7,4,1,7.0,175.0,Australia
55872,Malcolm Waller,RHB,ON_THE_STUMPS,SHORT,7,4,1,7.0,175.0,Zimbabwe
227762,Sharjeel Khan,LHB,ON_THE_STUMPS,YORKER,1,4,1,1.0,25.0,Pakistan
481979,Anrich Nortje,RHB,WIDE_OUTSIDE_OFFSTUMP,SHORT_OF_A_GOOD_LENGTH,8,4,2,4.0,200.0,South Africa
1099379,Gareth Delany,RHB,WIDE_OUTSIDE_OFFSTUMP,SHORT_OF_A_GOOD_LENGTH,2,4,1,2.0,50.0,Ireland
833777,Michael van Lingen,LHB,ON_THE_STUMPS,FULL,2,4,1,2.0,50.0,Namibia
440828,Rishav Das,RHB,ON_THE_STUMPS,FULL,5,4,1,5.0,125.0,India
627627,Tom Rogers,LHB,ON_THE_STUMPS,FULL_TOSS,1,4,1,1.0,25.0,Australia
784375,Lahiru Kumara,LHB,ON_THE_STUMPS,SHORT_OF_A_GOOD_LENGTH,0,4,1,0.0,0.0,Sri Lanka
440970,Hashmatullah Shahidi,LHB,ON_THE_STUMPS,GOOD_LENGTH,0,4,2,0.0,0.0,Afghanistan
482478,Jan Frylinck,LHB,OUTSIDE_OFFSTUMP,FULL_TOSS,5,4,1,5.0,125.0,Namibia
834741,Caleb Jewell,LHB,ON_THE_STUMPS,YORKER,1,4,2,0.5,25.0,Australia
486672,Theunis de Bruyn,RHB,DOWN_LEG,GOOD_LENGTH,2,4,1,2.0,50.0,South Africa
440520,Bevan Small,RHB,OUTSIDE_OFFSTUMP,FULL,1,4,2,0.5,25.0,New Zealand
440520,Bevan Small,RHB,OUTSIDE_OFFSTUMP,GOOD_LENGTH,4,4,1,4.0,100.0,New Zealand
485379,Andries Gous,RHB,WIDE_OUTSIDE_OFFSTUMP,FULL,3,4,1,3.0,75.0,United States of America
440522,Logan van Beek,RHB,ON_THE_STUMPS,SHORT,4,4,1,4.0,100.0,Netherlands
326632,Joe Burns,RHB,DOWN_LEG,SHORT,5,4,1,5.0,125.0,Italy
326639,Simon Milenko,RHB,ON_THE_STUMPS,YORKER,2,4,1,2.0,50.0,Australia
55946,Junaid Siddique,LHB,ON_THE_STUMPS,FULL,5,4,1,5.0,125.0,Bangladesh
1108830,Nyeem Young,RHB,WIDE_OUTSIDE_OFFSTUMP,FULL,12,4,1,12.0,300.0,West Indies
446499,Unmukt Chand,RHB,WIDE_OUTSIDE_OFFSTUMP,FULL,4,4,1,4.0,100.0,United States of America
326968,Michael Bracewell,LHB,ON_THE_STUMPS,FULL_TOSS,4,4,1,4.0,100.0,New Zealand
826915,Nathan Ellis,RHB,DOWN_LEG,SHORT,8,4,1,8.0,200.0,Australia
784379,Wanindu Hasaranga,RHB,ON_THE_STUMPS,SHORT,4,4,1,4.0,100.0,Sri Lanka
1178586,Vriitya Aravind,RHB,ON_THE_STUMPS,SHORT,4,4,1,4.0,100.0,United Arab Emirates
1246528,Umran Malik,RHB,OUTSIDE_OFFSTUMP,FULL,6,4,1,6.0,150.0,India
33141,Ambati Rayudu,RHB,DOWN_LEG,YORKER,2,4,1,2.0,50.0,India
290948,Mohammad Amir,LHB,DOWN_LEG,GOOD_LENGTH,4,4,2,2.0,100.0,Pakistan
826915,Nathan Ellis,RHB,WIDE_OUTSIDE_OFFSTUMP,FULL,2,4,1,2.0,50.0,Australia
784379,Wanindu Hasaranga de Silva,RHB,WIDE_OUTSIDE_OFFSTUMP,GOOD_LENGTH,2,4,2,1.0,50.0,Sri Lanka
784379,Wanindu Hasaranga de Silva,RHB,WIDE_OUTSIDE_OFFSTUMP,YORKER,0,4,1,0.0,0.0,Sri Lanka
481803,Glenton Stuurman,RHB,OUTSIDE_OFFSTUMP,GOOD_LENGTH,2,4,2,1.0,50.0,South Africa
495551,Sheldon Cottrell,RHB,ON_THE_STUMPS,FULL_TOSS,1,4,3,0.33,25.0,West Indies
495551,Sheldon Cottrell,RHB,DOWN_LEG,GOOD_LENGTH,1,4,1,1.0,25.0,West Indies
1096092,Jamie Smith,RHB,WIDE_OUTSIDE_OFFSTUMP,GOOD_LENGTH,6,4,1,6.0,150.0,England
778963,Abhinav Manohar,RHB,ON_THE_STUMPS,YORKER,2,4,1,2.0,50.0,India
7547,Ben Rohrer,LHB,OUTSIDE_OFFSTUMP,FULL_TOSS,7,4,1,7.0,175.0,Australia
1098903,Surendran Chandramohan,RHB,ON_THE_STUMPS,SHORT_OF_A_GOOD_LENGTH,6,4,1,6.0,150.0,Singapore
324358,Nuwan Pradeep,RHB,OUTSIDE_OFFSTUMP,SHORT_OF_A_GOOD_LENGTH,2,4,1,2.0,50.0,Sri Lanka
853265,Mahipal Lomror,LHB,WIDE_OUTSIDE_OFFSTUMP,YORKER,5,4,1,5.0,125.0,India
853265,Mahipal Lomror,LHB,WIDE_OUTSIDE_OFFSTUMP,SHORT_OF_A_GOOD_LENGTH,5,4,1,5.0,125.0,India
1241280,Nilansh Keswani,LHB,ON_THE_STUMPS,GOOD_LENGTH,2,4,1,2.0,50.0,United Arab Emirates
1178065,Divan la Cock,RHB,OUTSIDE_OFFSTUMP,GOOD_LENGTH,5,4,1,5.0,125.0,Namibia
877051,Tom Banton,RHB,WIDE_OUTSIDE_OFFSTUMP,SHORT,9,4,1,9.0,225.0,England
590327,Dhruv Shorey,RHB,ON_THE_STUMPS,GOOD_LENGTH,2,4,1,2.0,50.0,India
25490,Richie Berrington,RHB,WIDE_OUTSIDE_OFFSTUMP,SHORT,2,4,1,2.0,50.0,Scotland
873199,Chris Greaves,RHB,WIDE_OUTSIDE_OFFSTUMP,FULL,2,4,1,2.0,50.0,Scotland
1093669,Muhammad Tanveer,RHB,OUTSIDE_OFFSTUMP,FULL_TOSS,8,4,1,8.0,200.0,Qatar
590326,Mitchell Swepson,RHB,OUTSIDE_OFFSTUMP,FULL,7,4,2,3.5,175.0,Australia
777537,KC Cariappa,RHB,ON_THE_STUMPS,FULL,3,4,1,3.0,75.0,India
1287369,Saurav Chauhan,LHB,ON_THE_STUMPS,FULL,7,4,1,7.0,175.0,India
326434,Alex Carey,LHB,WIDE_OUTSIDE_OFFSTUMP,SHORT,8,4,1,8.0,200.0,Australia
25490,Richie Berrington,RHB,WIDE_OUTSIDE_OFFSTUMP,SHORT_OF_A_GOOD_LENGTH,6,4,1,6.0,150.0,Scotland
588471,Hokaito Zhimomi,RHB,OUTSIDE_OFFSTUMP,GOOD_LENGTH,3,4,1,3.0,75.0,India
1246455,Mohit Raut,RHB,ON_THE_STUMPS,GOOD_LENGTH,1,4,1,1.0,25.0,India
781705,Salman Irshad,RHB,ON_THE_STUMPS,SHORT_OF_A_GOOD_LENGTH,1,4,1,1.0,25.0,Pakistan
1246455,Mohit Raut,RHB,OUTSIDE_OFFSTUMP,FULL,3,4,1,3.0,75.0,India
781705,Salman Irshad,RHB,OUTSIDE_OFFSTUMP,SHORT_OF_A_GOOD_LENGTH,2,4,1,2.0,50.0,Pakistan
55870,Sean Williams,LHB,DOWN_LEG,FULL_TOSS,7,4,1,7.0,175.0,Zimbabwe
848109,Lasith Embuldeniya,LHB,OUTSIDE_OFFSTUMP,GOOD_LENGTH,1,4,1,1.0,25.0,Sri Lanka
851261,Anmolpreet Singh,RHB,WIDE_OUTSIDE_OFFSTUMP,GOOD_LENGTH,3,4,1,3.0,75.0,India
55787,Vusi Sibanda,RHB,ON_THE_STUMPS,FULL_TOSS,3,4,2,1.5,75.0,Zimbabwe
326016,Bhuvneshwar Kumar,RHB,WIDE_OUTSIDE_OFFSTUMP,SHORT,4,4,1,4.0,100.0,India
326017,Siddarth Kaul,RHB,ON_THE_STUMPS,FULL,1,4,1,1.0,25.0,India
779973,Saqlain Haider,LHB,ON_THE_STUMPS,GOOD_LENGTH,1,4,1,1.0,25.0,United Arab Emirates
493773,Lockie Ferguson,RHB,ON_THE_STUMPS,YORKER,3,4,1,3.0,75.0,New Zealand
36948,Anton Devcich,LHB,ON_THE_STUMPS,YORKER,4,4,1,4.0,100.0,New Zealand
229225,Kashif Daud,RHB,OUTSIDE_OFFSTUMP,FULL,3,4,1,3.0,75.0,United Arab Emirates
333872,Sam Rainbird,RHB,OUTSIDE_OFFSTUMP,FULL,4,4,1,4.0,100.0,Australia
878465,Mehedi Hasan Rana,LHB,ON_THE_STUMPS,GOOD_LENGTH,10,4,1,10.0,250.0,Bangladesh
793467,Karim Janat,RHB,ON_THE_STUMPS,SHORT,0,4,1,0.0,0.0,Afghanistan
34102,Rohit Sharma,RHB,WIDE_DOWN_LEG,FULL,3,4,1,3.0,75.0,India
211855,Liam Dawson,RHB,DOWN_LEG,SHORT,1,4,2,0.5,25.0,England
1256189,Vishnu Sukumaran,LHB,OUTSIDE_OFFSTUMP,SHORT_OF_A_GOOD_LENGTH,8,4,1,8.0,200.0,
820689,Shamar Springer,RHB,ON_THE_STUMPS,SHORT,3,4,1,3.0,75.0,West Indies
215152,Jackson Bird,RHB,OUTSIDE_OFFSTUMP,FULL_TOSS,4,4,1,4.0,100.0,Australia
56268,Arafat Sunny,LHB,ON_THE_STUMPS,FULL,2,4,2,1.0,50.0,Bangladesh
1256189,Vishnu Sukumaran,LHB,ON_THE_STUMPS,FULL,5,4,1,5.0,125.0,
24605,Kevin O'Brien,RHB,ON_THE_STUMPS,YORKER,1,4,1,1.0,25.0,Ireland
820681,Amir Jangoo,LHB,DOWN_LEG,SHORT_OF_A_GOOD_LENGTH,4,4,1,4.0,100.0,West Indies
820677,Keacy Carty,RHB,WIDE_OUTSIDE_OFFSTUMP,FULL,4,4,1,4.0,100.0,West Indies
819441,Darwish Rasooli,RHB,DOWN_LEG,SHORT_OF_A_GOOD_LENGTH,2,4,1,2.0,50.0,Afghanistan
333872,Sam Rainbird,RHB,ON_THE_STUMPS,SHORT_OF_A_GOOD_LENGTH,4,4,1,4.0,100.0,Australia
816599,Himanshu Rana,RHB,OUTSIDE_OFFSTUMP,SHORT_OF_A_GOOD_LENGTH,1,4,1,1.0,25.0,India
461281,Preston Mommsen,RHB,ON_THE_STUMPS,FULL_TOSS,8,4,1,8.0,200.0,Scotland
1273869,Parameeswaran Sivaraman,RHB,ON_THE_STUMPS,FULL,2,4,1,2.0,50.0,India
801019,Ashwin Hebbar,RHB,ON_THE_STUMPS,SHORT_OF_A_GOOD_LENGTH,2,4,1,2.0,50.0,India
459257,Tymal Mills,RHB,ON_THE_STUMPS,YORKER,1,4,2,0.5,25.0,England
331375,Hamish Rutherford,LHB,DOWN_LEG,SHORT,11,4,1,11.0,275.0,New Zealand
460079,Miles Hammond,LHB,ON_THE_STUMPS,YORKER,1,4,2,0.5,25.0,England
805925,Mohammad Irfan,RHB,OUTSIDE_OFFSTUMP,GOOD_LENGTH,11,4,1,11.0,275.0,Pakistan
1123718,Spencer Johnson,LHB,ON_THE_STUMPS,GOOD_LENGTH,5,4,1,5.0,125.0,Australia
806239,Brandon Mavuta,RHB,OUTSIDE_OFFSTUMP,FULL,4,4,1,4.0,100.0,Zimbabwe
807469,Thikshila de Silva,LHB,DOWN_LEG,SHORT_OF_A_GOOD_LENGTH,5,4,1,5.0,125.0,Sri Lanka
807469,Thikshila de Silva,LHB,DOWN_LEG,GOOD_LENGTH,2,4,1,2.0,50.0,Sri Lanka
35390,Saurabh Tiwary,LHB,ON_THE_STUMPS,FULL_TOSS,6,4,1,6.0,150.0,India
1182529,Noor Ahmad,RHB,OUTSIDE_OFFSTUMP,SHORT,6,4,1,6.0,150.0,Afghanistan
796255,Bilal Tahir,LHB,DOWN_LEG,GOOD_LENGTH,4,4,1,4.0,100.0,Kuwait
457279,Olly Stone,RHB,ON_THE_STUMPS,FULL,1,4,1,1.0,25.0,England
816627,Macalister Wright,RHB,WIDE_OUTSIDE_OFFSTUMP,GOOD_LENGTH,1,4,1,1.0,25.0,Australia
461632,Reece Topley,RHB,ON_THE_STUMPS,GOOD_LENGTH,2,4,1,2.0,50.0,England
461632,Reece Topley,RHB,ON_THE_STUMPS,FULL,6,4,1,6.0,150.0,England
35263,Virender Sehwag,RHB,WIDE_OUTSIDE_OFFSTUMP,GOOD_LENGTH,12,4,1,12.0,300.0,India
457280,Adam Rossington,RHB,DOWN_LEG,SHORT,7,4,1,7.0,175.0,England
1266476,Charlie Tear,RHB,OUTSIDE_OFFSTUMP,FULL,2,4,1,2.0,50.0,
330223,Bernard Scholtz,RHB,ON_THE_STUMPS,GOOD_LENGTH,2,4,1,2.0,50.0,Namibia
787987,Marnus Labuschagne,RHB,DOWN_LEG,SHORT,9,4,1,9.0,225.0,Australia
823703,Rajat Patidar,RHB,DOWN_LEG,SHORT,12,4,1,12.0,300.0,India
571911,Joe Clarke,RHB,WIDE_OUTSIDE_OFFSTUMP,SHORT,8,4,1,8.0,200.0,England
24605,Kevin O'Brien,RHB,WIDE_OUTSIDE_OFFSTUMP,FULL_TOSS,7,4,1,7.0,175.0,Ireland
1115033,Simon Atai,LHB,ON_THE_STUMPS,GOOD_LENGTH,4,4,1,4.0,100.0,Papua New Guinea
623977,Agha Salman,RHB,DOWN_LEG,FULL,2,4,1,2.0,50.0,Pakistan
447587,Jayant Yadav,RHB,OUTSIDE_OFFSTUMP,SHORT,1,4,1,1.0,25.0,India
451782,James Fuller,RHB,OUTSIDE_OFFSTUMP,FULL_TOSS,5,4,1,5.0,125.0,England
56007,Mashrafe Mortaza,RHB,WIDE_OUTSIDE_OFFSTUMP,FULL_TOSS,5,4,1,5.0,125.0,Bangladesh
785323,Nathan McAndrew,RHB,WIDE_OUTSIDE_OFFSTUMP,SHORT_OF_A_GOOD_LENGTH,6,4,1,6.0,150.0,Australia
1168049,Jake Fraser-McGurk,RHB,DOWN_LEG,SHORT,16,4,1,16.0,400.0,Australia
326968,Michael Bracewell,LHB,WIDE_OUTSIDE_OFFSTUMP,GOOD_LENGTH,4,4,1,4.0,100.0,New Zealand
786639,Kavin  Bandara,LHB,OUTSIDE_OFFSTUMP,GOOD_LENGTH,6,4,1,6.0,150.0,Sri Lanka
1252163,Cole Briggs,RHB,ON_THE_STUMPS,FULL,3,4,1,3.0,75.0,New Zealand
825211,Ryan Gibson,RHB,ON_THE_STUMPS,YORKER,1,4,2,0.5,25.0,Australia
787073,Chris Green,RHB,DOWN_LEG,SHORT,1,4,1,1.0,25.0,Australia
223642,Rusty Theron,RHB,OUTSIDE_OFFSTUMP,GOOD_LENGTH,0,4,1,0.0,0.0,United States of America
825211,Ryan Gibson,RHB,ON_THE_STUMPS,FULL_TOSS,13,4,1,13.0,325.0,Australia
446690,Pargat Singh,RHB,ON_THE_STUMPS,GOOD_LENGTH,1,4,1,1.0,25.0,Canada
824541,Jaker Ali,RHB,WIDE_OUTSIDE_OFFSTUMP,YORKER,1,4,1,1.0,25.0,Bangladesh
1115033,Simon Atai,LHB,OUTSIDE_OFFSTUMP,SHORT_OF_A_GOOD_LENGTH,4,4,1,4.0,100.0,Papua New Guinea
1277007,Abdullah Al Mamun,LHB,ON_THE_STUMPS,FULL,0,4,1,0.0,0.0,Bangladesh
1181708,Nick Greenwood,RHB,WIDE_OUTSIDE_OFFSTUMP,GOOD_LENGTH,2,4,2,1.0,50.0,Jersey
450101,Raymon Reifer,LHB,WIDE_OUTSIDE_OFFSTUMP,YORKER,2,4,1,2.0,50.0,West Indies
450860,Adam Milne,RHB,DOWN_LEG,SHORT_OF_A_GOOD_LENGTH,1,4,1,1.0,25.0,New Zealand
793447,Naveen-ul-Haq,RHB,ON_THE_STUMPS,SHORT,1,4,1,1.0,25.0,Afghanistan
6683,Shaun Marsh,LHB,WIDE_OUTSIDE_OFFSTUMP,FULL_TOSS,7,4,1,7.0,175.0,Australia
1125687,Rajjakuddin Ahmed,RHB,ON_THE_STUMPS,FULL,5,4,1,5.0,125.0,India
333000,Peter Moor,RHB,WIDE_OUTSIDE_OFFSTUMP,FULL,10,4,1,10.0,250.0,Ireland
1119026,Devdutt Padikkal,LHB,DOWN_LEG,FULL_TOSS,2,4,1,2.0,50.0,India
581379,Shai Hope,RHB,WIDE_OUTSIDE_OFFSTUMP,YORKER,1,4,1,1.0,25.0,West Indies
793007,Dilshan Madushanka,RHB,ON_THE_STUMPS,YORKER,0,4,3,0.0,0.0,Sri Lanka
573170,Luke Wood,LHB,DOWN_LEG,GOOD_LENGTH,7,4,1,7.0,175.0,England
333001,Tinotenda Mutombodzi,RHB,ON_THE_STUMPS,SHORT_OF_A_GOOD_LENGTH,1,4,1,1.0,25.0,Zimbabwe
219889,David Warner,LHB,WIDE_DOWN_LEG,SHORT,2,4,2,1.0,50.0,Australia
328026,Isuru Udana,RHB,DOWN_LEG,FULL,1,4,1,1.0,25.0,Sri Lanka
333001,Tinotenda Mutombodzi,RHB,DOWN_LEG,GOOD_LENGTH,3,4,1,3.0,75.0,Zimbabwe
1276922,Ijaz Ahmad Ahmadzai,RHB,ON_THE_STUMPS,FULL,2,4,2,1.0,50.0,Afghanistan
429122,Umaid Asif,RHB,OUTSIDE_OFFSTUMP,SHORT,1,4,1,1.0,25.0,Pakistan
232361,Kieran Noema-Barnett,LHB,ON_THE_STUMPS,FULL,3,4,1,3.0,75.0,New Zealand
719715,Washington Sundar,LHB,WIDE_OUTSIDE_OFFSTUMP,FULL_TOSS,8,4,1,8.0,200.0,India
508964,Pulina Tharanga,RHB,OUTSIDE_OFFSTUMP,GOOD_LENGTH,3,4,1,3.0,75.0,Sri Lanka
508442,Abdul Mazid,RHB,OUTSIDE_OFFSTUMP,FULL,5,4,1,5.0,125.0,Bangladesh
508442,Abdul Mazid,RHB,ON_THE_STUMPS,SHORT_OF_A_GOOD_LENGTH,1,4,1,1.0,25.0,Bangladesh
232356,Ronnie Hira,LHB,OUTSIDE_OFFSTUMP,GOOD_LENGTH,2,4,1,2.0,50.0,New Zealand
922943,Shadab Khan,RHB,WIDE_OUTSIDE_OFFSTUMP,YORKER,8,4,1,8.0,200.0,Pakistan
1299794,Tarang Gohel,RHB,ON_THE_STUMPS,FULL,7,4,1,7.0,175.0,India
926851,Mukesh Kumar,RHB,ON_THE_STUMPS,SHORT_OF_A_GOOD_LENGTH,2,4,1,2.0,50.0,India
348146,Ahsan Ali,RHB,ON_THE_STUMPS,YORKER,3,4,1,3.0,75.0,Pakistan
510823,Justin Greaves,RHB,WIDE_OUTSIDE_OFFSTUMP,FULL,1,4,1,1.0,25.0,West Indies
1137283,Thomas Rogers,LHB,WIDE_OUTSIDE_OFFSTUMP,GOOD_LENGTH,2,4,1,2.0,50.0,Australia
24611,William Porterfield,LHB,ON_THE_STUMPS,FULL_TOSS,3,4,2,1.5,75.0,Ireland
272262,Kane Richardson,RHB,ON_THE_STUMPS,YORKER,1,4,3,0.33,25.0,Australia
605576,Cameron Valente,RHB,ON_THE_STUMPS,SHORT_OF_A_GOOD_LENGTH,1,4,2,0.5,25.0,Australia
568276,Imam-ul-Haq,LHB,ON_THE_STUMPS,SHORT,6,4,2,3.0,150.0,Pakistan
429981,Mohammad Irfan,RHB,ON_THE_STUMPS,GOOD_LENGTH,2,4,1,2.0,50.0,Pakistan
594274,Isaac Dikgale,RHB,ON_THE_STUMPS,GOOD_LENGTH,0,4,1,0.0,0.0,South Africa
914503,Harsh Thaker,RHB,WIDE_OUTSIDE_OFFSTUMP,FULL,11,4,1,11.0,275.0,Canada
230557,William Perkins,RHB,OUTSIDE_OFFSTUMP,GOOD_LENGTH,1,4,1,1.0,25.0,West Indies
348059,Barry McCarthy,RHB,WIDE_OUTSIDE_OFFSTUMP,SHORT_OF_A_GOOD_LENGTH,3,4,1,3.0,75.0,Ireland
348059,Barry McCarthy,RHB,WIDE_OUTSIDE_OFFSTUMP,GOOD_LENGTH,1,4,2,0.5,25.0,Ireland
348059,Barry McCarthy,RHB,ON_THE_STUMPS,YORKER,2,4,1,2.0,50.0,Ireland
1083128,Ankit Soni,RHB,OUTSIDE_OFFSTUMP,GOOD_LENGTH,0,4,1,0.0,0.0,India
1083464,Pratham Singh,LHB,ON_THE_STUMPS,GOOD_LENGTH,1,4,3,0.33,25.0,India
921509,Ibrahim Zadran,RHB,ON_THE_STUMPS,FULL_TOSS,8,4,1,8.0,200.0,Afghanistan
232292,Swapnil Singh,RHB,OUTSIDE_OFFSTUMP,FULL_TOSS,13,4,1,13.0,325.0,India
232292,Swapnil Singh,RHB,ON_THE_STUMPS,SHORT_OF_A_GOOD_LENGTH,4,4,2,2.0,100.0,India
1295903,Kevin Wickham,RHB,OUTSIDE_OFFSTUMP,FULL,7,4,1,7.0,175.0,West Indies
1295903,Kevin Wickham,RHB,ON_THE_STUMPS,GOOD_LENGTH,2,4,1,2.0,50.0,West Indies
1083851,Suyash Prabhudessai,RHB,OUTSIDE_OFFSTUMP,SHORT,6,4,1,6.0,150.0,India
348109,Paul van Meekeren,RHB,ON_THE_STUMPS,FULL,4,4,1,4.0,100.0,Netherlands
1217274,Sathaiya Veerapathiran,RHB,ON_THE_STUMPS,FULL_TOSS,5,4,1,5.0,125.0,Bahrain
1137283,Thomas Rogers,LHB,WIDE_OUTSIDE_OFFSTUMP,FULL,3,4,1,3.0,75.0,Australia
501907,Daryn Dupavillon,RHB,OUTSIDE_OFFSTUMP,SHORT,5,4,1,5.0,125.0,South Africa
707173,Jamie Gibson,RHB,ON_THE_STUMPS,GOOD_LENGTH,3,4,1,3.0,75.0,New Zealand
707173,Jamie Gibson,RHB,OUTSIDE_OFFSTUMP,GOOD_LENGTH,4,4,1,4.0,100.0,New Zealand
629070,Mohammad Saifuddin,LHB,OUTSIDE_OFFSTUMP,SHORT,0,4,1,0.0,0.0,Bangladesh
1139523,Rishad Hossain,RHB,ON_THE_STUMPS,YORKER,0,4,3,0.0,0.0,Bangladesh
629070,Mohammad Saifuddin,LHB,OUTSIDE_OFFSTUMP,FULL_TOSS,4,4,1,4.0,100.0,Bangladesh
422593,Daniel Bell-Drummond,RHB,WIDE_OUTSIDE_OFFSTUMP,SHORT_OF_A_GOOD_LENGTH,2,4,1,2.0,50.0,England
930189,Lalit Yadav,RHB,WIDE_OUTSIDE_OFFSTUMP,FULL,1,4,2,0.5,25.0,India
1139520,Tanzim Hasan Sakib,RHB,ON_THE_STUMPS,SHORT_OF_A_GOOD_LENGTH,5,4,1,5.0,125.0,Bangladesh
51784,Rayad Emrit,RHB,DOWN_LEG,FULL,1,4,1,1.0,25.0,West Indies
930189,Lalit Yadav,RHB,DOWN_LEG,SHORT,3,4,1,3.0,75.0,India
709675,James Bazley,RHB,ON_THE_STUMPS,SHORT,1,4,1,1.0,25.0,Australia
930175,Deepak Khatri,RHB,OUTSIDE_OFFSTUMP,FULL,8,4,1,8.0,200.0,India
422965,Shehan Jayasuriya,LHB,OUTSIDE_OFFSTUMP,FULL_TOSS,6,4,1,6.0,150.0,United States of America
422965,Shehan Jayasuriya,LHB,OUTSIDE_OFFSTUMP,SHORT,1,4,1,1.0,25.0,United States of America
350126,Luke Wells,LHB,DOWN_LEG,GOOD_LENGTH,2,4,1,2.0,50.0,England
5674,Brad Hodge,RHB,ON_THE_STUMPS,FULL_TOSS,9,4,1,9.0,225.0,Australia
706341,Eknath Kerkar,RHB,OUTSIDE_OFFSTUMP,SHORT_OF_A_GOOD_LENGTH,2,4,1,2.0,50.0,India
524253,Norman Vanua,RHB,OUTSIDE_OFFSTUMP,SHORT,2,4,1,2.0,50.0,Papua New Guinea
1209292,Vaibhav Arora,RHB,OUTSIDE_OFFSTUMP,SHORT_OF_A_GOOD_LENGTH,1,4,1,1.0,25.0,India
931603,Brendan Doggett,RHB,ON_THE_STUMPS,GOOD_LENGTH,2,4,1,2.0,50.0,Australia
707109,Sean Solia,LHB,OUTSIDE_OFFSTUMP,FULL,5,4,1,5.0,125.0,New Zealand
1161486,Leonardo Julien,LHB,OUTSIDE_OFFSTUMP,FULL,2,4,1,2.0,50.0,West Indies
350629,Nizakat Khan,RHB,WIDE_OUTSIDE_OFFSTUMP,GOOD_LENGTH,6,4,1,6.0,150.0,Hong Kong
350629,Nizakat Khan,RHB,WIDE_OUTSIDE_OFFSTUMP,FULL,5,4,2,2.5,125.0,Hong Kong
524094,Rajesh Pulami,RHB,ON_THE_STUMPS,GOOD_LENGTH,2,4,1,2.0,50.0,Nepal
422342,Siddhesh Lad,RHB,ON_THE_STUMPS,GOOD_LENGTH,2,4,1,2.0,50.0,India
425639,Tendai Chatara,RHB,ON_THE_STUMPS,YORKER,1,4,2,0.5,25.0,Zimbabwe
1138316,Maheesh Theekshana,RHB,DOWN_LEG,SHORT_OF_A_GOOD_LENGTH,1,4,1,1.0,25.0,Sri Lanka
232435,Calum MacLeod,RHB,WIDE_OUTSIDE_OFFSTUMP,GOOD_LENGTH,1,4,1,1.0,25.0,Scotland
1079848,Shivam Mavi,RHB,OUTSIDE_OFFSTUMP,FULL_TOSS,2,4,2,1.0,50.0,India
512907,Tom Helm,RHB,ON_THE_STUMPS,GOOD_LENGTH,0,4,2,0.0,0.0,England
1210733,Jack Wood,RHB,OUTSIDE_OFFSTUMP,SHORT_OF_A_GOOD_LENGTH,1,4,1,1.0,25.0,Australia
232491,Anwar Ali,RHB,OUTSIDE_OFFSTUMP,YORKER,0,4,1,0.0,0.0,Pakistan
348154,Zafar Gohar,LHB,OUTSIDE_OFFSTUMP,SHORT_OF_A_GOOD_LENGTH,1,4,1,1.0,25.0,Pakistan
712219,Zahir Khan,LHB,ON_THE_STUMPS,FULL,3,4,1,3.0,75.0,Afghanistan
519070,Gerhard Erasmus,RHB,WIDE_OUTSIDE_OFFSTUMP,FULL,11,4,1,11.0,275.0,Namibia
519070,Gerhard Erasmus,RHB,OUTSIDE_OFFSTUMP,SHORT,2,4,1,2.0,50.0,Namibia
1212693,Rahul Buddhi,LHB,ON_THE_STUMPS,SHORT_OF_A_GOOD_LENGTH,4,4,1,4.0,100.0,India
348152,Usman Qadir,LHB,ON_THE_STUMPS,SHORT,8,4,1,8.0,200.0,Pakistan
928057,Lorcan Tucker,RHB,ON_THE_STUMPS,YORKER,3,4,1,3.0,75.0,Ireland
629070,Mohammad Saifuddin,LHB,DOWN_LEG,SHORT,5,4,1,5.0,125.0,Bangladesh
5939,Michael Hussey,LHB,ON_THE_STUMPS,SHORT_OF_A_GOOD_LENGTH,2,4,1,2.0,50.0,Australia
230554,Javon Searles,RHB,ON_THE_STUMPS,SHORT_OF_A_GOOD_LENGTH,5,4,1,5.0,125.0,West Indies
345825,Chaturanga de Silva,LHB,ON_THE_STUMPS,SHORT,12,4,1,12.0,300.0,Sri Lanka
906783,Obed McCoy,LHB,DOWN_LEG,SHORT_OF_A_GOOD_LENGTH,7,4,1,7.0,175.0,West Indies
766809,Jordan Thompson,LHB,ON_THE_STUMPS,YORKER,2,4,2,1.0,50.0,England
5939,Michael Hussey,LHB,DOWN_LEG,SHORT,5,4,1,5.0,125.0,Australia
1175489,Sameer Rizvi,RHB,OUTSIDE_OFFSTUMP,SHORT,1,4,1,1.0,25.0,India
747315,Nathan Sowter,RHB,OUTSIDE_OFFSTUMP,GOOD_LENGTH,6,4,1,6.0,150.0,England
1192940,Shiraz Khan,RHB,ON_THE_STUMPS,YORKER,0,4,2,0.0,0.0,Kuwait
55343,Elton Chigumbura,RHB,WIDE_OUTSIDE_OFFSTUMP,FULL_TOSS,6,4,1,6.0,150.0,Zimbabwe
230549,Jason Mohammed,RHB,ON_THE_STUMPS,SHORT,6,4,1,6.0,150.0,West Indies
771649,Roland Cato,RHB,ON_THE_STUMPS,SHORT_OF_A_GOOD_LENGTH,1,4,1,1.0,25.0,West Indies
348049,Nasum Ahmed,LHB,ON_THE_STUMPS,FULL_TOSS,6,4,1,6.0,150.0,Bangladesh
590913,Will Williams,RHB,ON_THE_STUMPS,GOOD_LENGTH,8,4,1,8.0,200.0,New Zealand
771649,Roland Cato,RHB,ON_THE_STUMPS,GOOD_LENGTH,0,4,1,0.0,0.0,West Indies
498582,Jason Smith,RHB,OUTSIDE_OFFSTUMP,SHORT_OF_A_GOOD_LENGTH,1,4,1,1.0,25.0,South Africa
55354,Chamu Chibhabha,RHB,DOWN_LEG,GOOD_LENGTH,2,4,1,2.0,50.0,Zimbabwe
766809,Jordan Thompson,LHB,DOWN_LEG,GOOD_LENGTH,3,4,1,3.0,75.0,England
902907,Tom Lammonby,LHB,OUTSIDE_OFFSTUMP,FULL,9,4,1,9.0,225.0,England
500267,Seb Gotch,RHB,ON_THE_STUMPS,YORKER,2,4,1,2.0,50.0,Australia
906745,Leniko Boucher,RHB,OUTSIDE_OFFSTUMP,SHORT,4,4,1,4.0,100.0,West Indies
749693,Derval Green,RHB,OUTSIDE_OFFSTUMP,GOOD_LENGTH,3,4,1,3.0,75.0,West Indies
1129639,Callum McLachlan,RHB,ON_THE_STUMPS,FULL,4,4,1,4.0,100.0,New Zealand
1292565,Sridam Paul,RHB,ON_THE_STUMPS,FULL,6,4,1,6.0,150.0,India
1292500,Dinesh Bana,RHB,ON_THE_STUMPS,SHORT_OF_A_GOOD_LENGTH,2,4,1,2.0,50.0,India
272385,Josh Lalor,RHB,ON_THE_STUMPS,YORKER,1,4,2,0.5,25.0,Australia
32685,Irfan Pathan,LHB,ON_THE_STUMPS,FULL,2,4,1,2.0,50.0,India
434429,Aamer Yamin,RHB,ON_THE_STUMPS,FULL,4,4,1,4.0,100.0,Pakistan
272279,Nathan Lyon,RHB,OUTSIDE_OFFSTUMP,GOOD_LENGTH,2,4,1,2.0,50.0,Australia
322810,Cameron Delport,LHB,WIDE_OUTSIDE_OFFSTUMP,SHORT_OF_A_GOOD_LENGTH,5,4,1,5.0,125.0,South Africa
629059,Yasir Ali,RHB,DOWN_LEG,SHORT,8,4,1,8.0,200.0,Bangladesh
1088612,Zak Evans,RHB,OUTSIDE_OFFSTUMP,GOOD_LENGTH,6,4,1,6.0,150.0,Australia
53191,Jerome Taylor,RHB,ON_THE_STUMPS,FULL_TOSS,2,4,2,1.0,50.0,West Indies
1088618,Jonathan Merlo,RHB,ON_THE_STUMPS,FULL,0,4,2,0.0,0.0,Australia
732293,Vishnu Vinod,RHB,ON_THE_STUMPS,FULL,2,4,1,2.0,50.0,India
571707,Tyrone Kane,RHB,OUTSIDE_OFFSTUMP,GOOD_LENGTH,3,4,1,3.0,75.0,Ireland
348034,George Dockrell,RHB,ON_THE_STUMPS,SHORT,8,4,1,8.0,200.0,Ireland
1163488,Rejaur Rahman Raja,RHB,ON_THE_STUMPS,GOOD_LENGTH,4,4,1,4.0,100.0,Bangladesh
1217487,Mubasir Khan,RHB,ON_THE_STUMPS,FULL,2,4,1,2.0,50.0,Pakistan
1161606,Haris Rauf,RHB,OUTSIDE_OFFSTUMP,FULL_TOSS,6,4,1,6.0,150.0,Pakistan
605576,Cameron Valente,RHB,WIDE_OUTSIDE_OFFSTUMP,FULL,7,4,1,7.0,175.0,Australia
772293,Michael Pepper,RHB,ON_THE_STUMPS,YORKER,3,4,1,3.0,75.0,England
497121,Deepak Hooda,RHB,WIDE_OUTSIDE_OFFSTUMP,SHORT,9,4,1,9.0,225.0,India
319745,Arun Karthik,RHB,ON_THE_STUMPS,GOOD_LENGTH,9,4,1,9.0,225.0,India
1161606,Haris Rauf,RHB,WIDE_OUTSIDE_OFFSTUMP,GOOD_LENGTH,2,4,1,2.0,50.0,Pakistan
909225,Paul Walter,LHB,ON_THE_STUMPS,FULL_TOSS,5,4,1,5.0,125.0,England
348049,Nasum Ahmed,LHB,ON_THE_STUMPS,YORKER,2,4,1,2.0,50.0,Bangladesh
277911,George Worker,LHB,ON_THE_STUMPS,FULL_TOSS,5,4,1,5.0,125.0,New Zealand
55343,Elton Chigumbura,RHB,WIDE_OUTSIDE_OFFSTUMP,SHORT_OF_A_GOOD_LENGTH,7,4,1,7.0,175.0,Zimbabwe
277911,George Worker,LHB,WIDE_OUTSIDE_OFFSTUMP,SHORT_OF_A_GOOD_LENGTH,5,4,1,5.0,125.0,New Zealand
55346,Graeme Cremer,RHB,WIDE_OUTSIDE_OFFSTUMP,GOOD_LENGTH,3,4,1,3.0,75.0,Zimbabwe
1292502,Raj Bawa,LHB,ON_THE_STUMPS,GOOD_LENGTH,1,4,1,1.0,25.0,India
319439,Mitchell McClenaghan,LHB,WIDE_OUTSIDE_OFFSTUMP,FULL_TOSS,5,4,1,5.0,125.0,New Zealand
624813,Khalid Kail,RHB,ON_THE_STUMPS,SHORT_OF_A_GOOD_LENGTH,3,3,1,3.0,100.0,
1161381,Mahmudul Hasan Joy,RHB,WIDE_OUTSIDE_OFFSTUMP,GOOD_LENGTH,1,3,1,1.0,33.33,Bangladesh
605570,Jake Doran,LHB,DOWN_LEG,GOOD_LENGTH,1,3,1,1.0,33.33,Australia
596456,Ainsley Ndlovu,RHB,ON_THE_STUMPS,GOOD_LENGTH,0,3,1,0.0,0.0,Zimbabwe
604616,Chama Milind,LHB,OUTSIDE_OFFSTUMP,FULL,5,3,1,5.0,166.67,India
596375,Tarisai Musakanda,RHB,ON_THE_STUMPS,SHORT_OF_A_GOOD_LENGTH,2,3,1,2.0,66.67,Zimbabwe
275936,Ryan Wiggins,RHB,OUTSIDE_OFFSTUMP,GOOD_LENGTH,1,3,1,1.0,33.33,West Indies
1163453,William O'Donnell,RHB,OUTSIDE_OFFSTUMP,FULL_TOSS,6,3,1,6.0,200.0,New Zealand
1169586,Mangal Mahrour,RHB,ON_THE_STUMPS,SHORT,2,3,1,2.0,66.67,India
270135,Ariful Haque,RHB,WIDE_OUTSIDE_OFFSTUMP,FULL,0,3,1,0.0,0.0,Bangladesh
1163855,Hayden Kerr,RHB,WIDE_OUTSIDE_OFFSTUMP,SHORT_OF_A_GOOD_LENGTH,1,3,1,1.0,33.33,Australia
1164186,Shivank Vashisht,LHB,ON_THE_STUMPS,SHORT_OF_A_GOOD_LENGTH,0,3,1,0.0,0.0,India
1168667,Joshua Da Silva,RHB,ON_THE_STUMPS,YORKER,1,3,1,1.0,33.33,West Indies
625956,Leo Carter,LHB,WIDE_OUTSIDE_OFFSTUMP,GOOD_LENGTH,2,3,1,2.0,66.67,New Zealand
276843,Aubrey Swanepoel,RHB,OUTSIDE_OFFSTUMP,FULL,5,3,1,5.0,166.67,South Africa
1173272,Bayley Wiggins,RHB,ON_THE_STUMPS,GOOD_LENGTH,0,3,1,0.0,0.0,New Zealand
604534,Ankush Bains,RHB,ON_THE_STUMPS,FULL,1,3,1,1.0,33.33,India
270135,Ariful Haque,RHB,DOWN_LEG,SHORT,5,3,1,5.0,166.67,Bangladesh
605687,Willem Ludick,RHB,WIDE_OUTSIDE_OFFSTUMP,FULL,2,3,1,2.0,66.67,South Africa
272262,Kane Richardson,RHB,DOWN_LEG,SHORT_OF_A_GOOD_LENGTH,0,3,2,0.0,0.0,Australia
1172968,Dan Mousley,LHB,DOWN_LEG,SHORT_OF_A_GOOD_LENGTH,1,3,1,1.0,33.33,England
596664,Zane Green,LHB,ON_THE_STUMPS,YORKER,1,3,1,1.0,33.33,Namibia
277390,Pieter Malan,RHB,OUTSIDE_OFFSTUMP,GOOD_LENGTH,4,3,1,4.0,133.33,South Africa
272477,Jason Behrendorff,RHB,ON_THE_STUMPS,FULL,2,3,1,2.0,66.67,Australia
603411,Jay Lenton,LHB,ON_THE_STUMPS,YORKER,3,3,1,3.0,100.0,Australia
629063,Mehidy Hasan Miraz,RHB,ON_THE_STUMPS,YORKER,3,3,1,3.0,100.0,Bangladesh
1161489,Rasikh Salam,RHB,OUTSIDE_OFFSTUMP,SHORT,1,3,2,0.5,33.33,India
25446,Kyle Coetzer,RHB,ON_THE_STUMPS,YORKER,0,3,1,0.0,0.0,Scotland
25613,Amjad Javed,RHB,ON_THE_STUMPS,FULL_TOSS,2,3,1,2.0,66.67,United Arab Emirates
272279,Nathan Lyon,RHB,ON_THE_STUMPS,FULL,4,3,1,4.0,133.33,Australia
282607,Delwar Hossain,RHB,ON_THE_STUMPS,GOOD_LENGTH,1,3,1,1.0,33.33,Bangladesh
1172968,Dan Mousley,LHB,ON_THE_STUMPS,FULL_TOSS,2,3,1,2.0,66.67,England
598935,Dharmendrasinh Jadeja,LHB,ON_THE_STUMPS,GOOD_LENGTH,2,3,1,2.0,66.67,India
1167779,Ayush Shukla,RHB,OUTSIDE_OFFSTUMP,FULL,5,3,1,5.0,166.67,Hong Kong
1168667,Joshua Da Silva,RHB,DOWN_LEG,FULL,10,3,1,10.0,333.33,West Indies
1169695,Troy Johnson,RHB,OUTSIDE_OFFSTUMP,SHORT_OF_A_GOOD_LENGTH,1,3,1,1.0,33.33,New Zealand
628217,Chaitanya Bishnoi,LHB,ON_THE_STUMPS,SHORT_OF_A_GOOD_LENGTH,2,3,1,2.0,66.67,United States of America
629084,Ramesh Mendis,RHB,ON_THE_STUMPS,SHORT,6,3,1,6.0,200.0,Sri Lanka
605683,Migael Pretorius,RHB,ON_THE_STUMPS,YORKER,1,3,1,1.0,33.33,South Africa
629075,Minod Bhanuka,LHB,OUTSIDE_OFFSTUMP,FULL_TOSS,4,3,1,4.0,133.33,Sri Lanka
629075,Minod Bhanuka,LHB,ON_THE_STUMPS,FULL_TOSS,5,3,1,5.0,166.67,Sri Lanka
277914,Jeet Raval,LHB,ON_THE_STUMPS,SHORT,6,3,1,6.0,200.0,New Zealand
633660,Virandeep Singh,RHB,OUTSIDE_OFFSTUMP,SHORT,12,3,1,12.0,400.0,Malaysia
911707,Harry Brook,RHB,DOWN_LEG,SHORT,6,3,1,6.0,200.0,England
53191,Jerome Taylor,RHB,DOWN_LEG,GOOD_LENGTH,0,3,1,0.0,0.0,West Indies
38003,Stephen Murdoch,RHB,OUTSIDE_OFFSTUMP,FULL,4,3,1,4.0,133.33,New Zealand
914567,Oshane Thomas,LHB,ON_THE_STUMPS,FULL,2,3,1,2.0,66.67,West Indies
37749,Nathan McCullum,RHB,DOWN_LEG,GOOD_LENGTH,2,3,1,2.0,66.67,New Zealand
55346,Graeme Cremer,RHB,OUTSIDE_OFFSTUMP,SHORT,0,3,1,0.0,0.0,Zimbabwe
901155,Liam Hatcher,RHB,ON_THE_STUMPS,GOOD_LENGTH,0,3,1,0.0,0.0,Australia
906749,Dominic Drakes,LHB,WIDE_OUTSIDE_OFFSTUMP,GOOD_LENGTH,0,3,1,0.0,0.0,West Indies
53276,Tonito Willett,RHB,OUTSIDE_OFFSTUMP,SHORT_OF_A_GOOD_LENGTH,2,3,1,2.0,66.67,West Indies
53276,Tonito Willett,RHB,OUTSIDE_OFFSTUMP,FULL,0,3,1,0.0,0.0,West Indies
927619,Khaled Ahmed,RHB,OUTSIDE_OFFSTUMP,SHORT_OF_A_GOOD_LENGTH,1,3,1,1.0,33.33,Bangladesh
928015,Josh Clarkson,RHB,ON_THE_STUMPS,FULL_TOSS,2,3,1,2.0,66.67,New Zealand
1079848,Shivam Mavi,RHB,ON_THE_STUMPS,FULL,7,3,1,7.0,233.33,India
930189,Lalit Yadav,RHB,DOWN_LEG,GOOD_LENGTH,1,3,1,1.0,33.33,India
51784,Rayad Emrit,RHB,DOWN_LEG,SHORT_OF_A_GOOD_LENGTH,7,3,1,7.0,233.33,West Indies
51782,Fidel Edwards,RHB,ON_THE_STUMPS,FULL,5,3,1,5.0,166.67,West Indies
1083851,Suyash Prabhudessai,RHB,ON_THE_STUMPS,SHORT,4,3,1,4.0,133.33,India
38373,Jesse Ryder,LHB,OUTSIDE_OFFSTUMP,SHORT_OF_A_GOOD_LENGTH,2,3,1,2.0,66.67,New Zealand
1083851,Suyash Prabhudessai,RHB,DOWN_LEG,FULL,0,3,1,0.0,0.0,India
1083464,Pratham Singh,LHB,ON_THE_STUMPS,SHORT_OF_A_GOOD_LENGTH,3,3,1,3.0,100.0,India
924551,Lahiru Samarakoon,LHB,ON_THE_STUMPS,YORKER,0,3,2,0.0,0.0,Sri Lanka
1081442,Mayank Markande,RHB,ON_THE_STUMPS,FULL,1,3,1,1.0,33.33,India
926651,Joshua Ozukum,RHB,ON_THE_STUMPS,FULL,4,3,1,4.0,133.33,India
926717,Christian Leopard,RHB,OUTSIDE_OFFSTUMP,FULL,6,3,1,6.0,200.0,New Zealand
1079848,Shivam Mavi,RHB,WIDE_OUTSIDE_OFFSTUMP,FULL,4,3,1,4.0,133.33,India
1112537,Jordan Cox,RHB,OUTSIDE_OFFSTUMP,FULL_TOSS,5,3,1,5.0,166.67,England
56053,Nadif Chowdhury,RHB,OUTSIDE_OFFSTUMP,SHORT,6,3,1,6.0,200.0,Bangladesh
56053,Nadif Chowdhury,RHB,OUTSIDE_OFFSTUMP,FULL_TOSS,4,3,2,2.0,133.33,Bangladesh
825211,Ryan Gibson,RHB,WIDE_OUTSIDE_OFFSTUMP,FULL,3,3,1,3.0,100.0,Australia
826497,Snehal Kauthankar,RHB,ON_THE_STUMPS,FULL,1,3,1,1.0,33.33,India
826679,Sam Heazlett,LHB,ON_THE_STUMPS,YORKER,1,3,2,0.5,33.33,Australia
826689,Pramod Madushan,RHB,ON_THE_STUMPS,FULL,0,3,1,0.0,0.0,Sri Lanka
826901,Daniel Sams,RHB,WIDE_OUTSIDE_OFFSTUMP,YORKER,5,3,1,5.0,166.67,Australia
826915,Nathan Ellis,RHB,OUTSIDE_OFFSTUMP,FULL_TOSS,3,3,2,1.5,100.0,Australia
35928,Bipul Sharma,LHB,DOWN_LEG,SHORT,2,3,1,2.0,66.67,India
822485,Muhammad Akhlaq,RHB,DOWN_LEG,GOOD_LENGTH,2,3,1,2.0,66.67,Pakistan
36084,Yuvraj Singh,LHB,DOWN_LEG,YORKER,1,3,1,1.0,33.33,India
822503,Mohsin Shabbir,RHB,OUTSIDE_OFFSTUMP,SHORT_OF_A_GOOD_LENGTH,1,3,1,1.0,33.33,Saudi Arabia
56154,Shamsur Rahman,RHB,DOWN_LEG,SHORT_OF_A_GOOD_LENGTH,4,3,1,4.0,133.33,Bangladesh
826945,Peter David Bocock,RHB,DOWN_LEG,GOOD_LENGTH,1,3,2,0.5,33.33,New Zealand
1096092,Jamie Smith,RHB,OUTSIDE_OFFSTUMP,SHORT,7,3,1,7.0,233.33,England
859899,Calvin Harrison,RHB,OUTSIDE_OFFSTUMP,GOOD_LENGTH,1,3,1,1.0,33.33,England
1096092,Jamie Smith,RHB,DOWN_LEG,SHORT,12,3,1,12.0,400.0,England
55633,Chris Mpofu,RHB,OUTSIDE_OFFSTUMP,SHORT,6,3,1,6.0,200.0,Zimbabwe
873199,Chris Greaves,RHB,ON_THE_STUMPS,YORKER,0,3,1,0.0,0.0,Scotland
873199,Chris Greaves,RHB,WIDE_DOWN_LEG,GOOD_LENGTH,1,3,1,1.0,33.33,Scotland
55608,Hamilton Masakadza,RHB,DOWN_LEG,SHORT,1,3,1,1.0,33.33,Zimbabwe
887207,Ollie Pope,RHB,ON_THE_STUMPS,FULL,0,3,2,0.0,0.0,England
1093091,Michael Jones,RHB,WIDE_OUTSIDE_OFFSTUMP,FULL,7,3,1,7.0,233.33,Scotland
55412,Craig Ervine,LHB,OUTSIDE_OFFSTUMP,YORKER,1,3,1,1.0,33.33,Zimbabwe
827051,Blessing Muzarabani,RHB,OUTSIDE_OFFSTUMP,SHORT_OF_A_GOOD_LENGTH,4,3,1,4.0,133.33,Zimbabwe
833087,Mahedi Hasan,RHB,ON_THE_STUMPS,YORKER,1,3,1,1.0,33.33,Bangladesh
1104703,Fred Klaassen,RHB,OUTSIDE_OFFSTUMP,SHORT_OF_A_GOOD_LENGTH,3,3,1,3.0,100.0,England
1104703,Fred Klaassen,RHB,ON_THE_STUMPS,YORKER,1,3,2,0.5,33.33,England
833777,Michael van Lingen,LHB,DOWN_LEG,GOOD_LENGTH,4,3,1,4.0,133.33,Namibia
848623,Mark Deyal,LHB,ON_THE_STUMPS,YORKER,2,3,1,2.0,66.67,West Indies
848623,Mark Deyal,LHB,WIDE_OUTSIDE_OFFSTUMP,SHORT,10,3,1,10.0,333.33,West Indies
1079382,Rohan  Kunnummal,RHB,ON_THE_STUMPS,GOOD_LENGTH,1,3,1,1.0,33.33,India
977451,Jack Prestwidge,RHB,OUTSIDE_OFFSTUMP,SHORT,4,3,1,4.0,133.33,Australia
42683,Salman Butt,LHB,OUTSIDE_OFFSTUMP,SHORT_OF_A_GOOD_LENGTH,2,3,1,2.0,66.67,Pakistan
1070665,Dewald Brevis,RHB,DOWN_LEG,FULL,2,3,1,2.0,66.67,South Africa
46248,Albie Morkel,LHB,ON_THE_STUMPS,FULL,1,3,1,1.0,33.33,South Africa
990031,Towhid Hridoy,RHB,WIDE_OUTSIDE_OFFSTUMP,YORKER,0,3,1,0.0,0.0,Bangladesh
1070188,Kamlesh Nagarkoti,RHB,ON_THE_STUMPS,FULL_TOSS,1,3,1,1.0,33.33,India
995037,Mahidul Islam Ankon,RHB,DOWN_LEG,SHORT,0,3,1,0.0,0.0,Bangladesh
960361,Sandeep Lamichhane,RHB,ON_THE_STUMPS,YORKER,1,3,2,0.5,33.33,Nepal
1071504,Michael Levitt,RHB,OUTSIDE_OFFSTUMP,FULL,2,3,1,2.0,66.67,
961713,Riley Meredith,RHB,ON_THE_STUMPS,YORKER,0,3,3,0.0,0.0,Australia
969379,Hiten Dalal,RHB,OUTSIDE_OFFSTUMP,GOOD_LENGTH,2,3,1,2.0,66.67,India
47660,Ryan ten Doeschate,RHB,ON_THE_STUMPS,FULL,1,3,2,0.5,33.33,Netherlands
974175,Fazalhaq Farooqi,RHB,ON_THE_STUMPS,GOOD_LENGTH,1,3,1,1.0,33.33,Afghanistan
1045883,Clive Madande,RHB,ON_THE_STUMPS,YORKER,3,3,1,3.0,100.0,Zimbabwe
1065115,Benjamin Manenti,RHB,WIDE_OUTSIDE_OFFSTUMP,FULL,0,3,1,0.0,0.0,Italy
1048907,Aman Desai,LHB,ON_THE_STUMPS,SHORT_OF_A_GOOD_LENGTH,2,3,1,2.0,66.67,Singapore
1064812,Rahul Chahar,RHB,DOWN_LEG,SHORT_OF_A_GOOD_LENGTH,1,3,1,1.0,33.33,India
44407,Wesley Barresi,RHB,WIDE_OUTSIDE_OFFSTUMP,SHORT,1,3,1,1.0,33.33,Netherlands
44149,Johan Botha,RHB,ON_THE_STUMPS,SHORT_OF_A_GOOD_LENGTH,3,3,1,3.0,100.0,South Africa
43685,Yasir Shah,RHB,OUTSIDE_OFFSTUMP,SHORT,4,3,1,4.0,133.33,Pakistan
995037,Mahidul Islam Ankon,RHB,WIDE_OUTSIDE_OFFSTUMP,FULL_TOSS,0,3,2,0.0,0.0,Bangladesh
43685,Yasir Shah,RHB,OUTSIDE_OFFSTUMP,FULL,1,3,1,1.0,33.33,Pakistan
1070180,Priyam Garg,RHB,WIDE_OUTSIDE_OFFSTUMP,FULL,0,3,1,0.0,0.0,India
1005257,Simi Singh,RHB,DOWN_LEG,FULL,4,3,1,4.0,133.33,Ireland
1005257,Simi Singh,RHB,OUTSIDE_OFFSTUMP,SHORT,1,3,1,1.0,33.33,Ireland
1070180,Priyam Garg,RHB,DOWN_LEG,GOOD_LENGTH,3,3,1,3.0,100.0,India
1070173,Shubman Gill,RHB,WIDE_OUTSIDE_OFFSTUMP,YORKER,0,3,1,0.0,0.0,India
1036191,Bas de Leede,RHB,ON_THE_STUMPS,FULL_TOSS,2,3,1,2.0,66.67,Netherlands
959833,Wes Agar,RHB,OUTSIDE_OFFSTUMP,YORKER,0,3,1,0.0,0.0,Australia
40170,Fayyaz Ahmed,LHB,ON_THE_STUMPS,GOOD_LENGTH,0,3,1,0.0,0.0,United Arab Emirates
1077662,Frederick Walker,LHB,ON_THE_STUMPS,SHORT_OF_A_GOOD_LENGTH,8,3,1,8.0,266.67,New Zealand
50205,Malinda Pushpakumara,RHB,OUTSIDE_OFFSTUMP,GOOD_LENGTH,1,3,1,1.0,33.33,Sri Lanka
1077310,Naseem Khushi,RHB,OUTSIDE_OFFSTUMP,FULL_TOSS,1,3,1,1.0,33.33,Oman
40618,Imran Tahir,RHB,WIDE_OUTSIDE_OFFSTUMP,FULL,5,3,1,5.0,166.67,South Africa
50163,Dhammika Prasad,RHB,ON_THE_STUMPS,GOOD_LENGTH,2,3,1,2.0,66.67,Sri Lanka
946255,Muhammad Manack,RHB,OUTSIDE_OFFSTUMP,SHORT_OF_A_GOOD_LENGTH,0,3,1,0.0,0.0,South Africa
946367,Michael Copeland,RHB,ON_THE_STUMPS,FULL,5,3,1,5.0,166.67,South Africa
946453,Daniel Smith,LHB,OUTSIDE_OFFSTUMP,FULL_TOSS,1,3,1,1.0,33.33,South Africa
948435,Khanya Cotani,RHB,OUTSIDE_OFFSTUMP,SHORT_OF_A_GOOD_LENGTH,0,3,1,0.0,0.0,South Africa
938959,Wessly Madhevere,RHB,WIDE_OUTSIDE_OFFSTUMP,FULL,0,3,2,0.0,0.0,Zimbabwe
932569,Imran Uzzaman,RHB,ON_THE_STUMPS,FULL,6,3,1,6.0,200.0,Bangladesh
932569,Imran Uzzaman,RHB,OUTSIDE_OFFSTUMP,SHORT_OF_A_GOOD_LENGTH,4,3,1,4.0,133.33,Bangladesh
932569,Imranuzzaman,RHB,ON_THE_STUMPS,FULL,1,3,1,1.0,33.33,Bangladesh
1079377,Ravi Teja,LHB,OUTSIDE_OFFSTUMP,GOOD_LENGTH,1,3,1,1.0,33.33,India
1079377,Ravi Teja,LHB,ON_THE_STUMPS,GOOD_LENGTH,1,3,1,1.0,33.33,India
935995,Afif Hossain,LHB,DOWN_LEG,YORKER,1,3,1,1.0,33.33,Bangladesh
50747,Upul Tharanga,LHB,WIDE_OUTSIDE_OFFSTUMP,SHORT,8,3,1,8.0,266.67,Sri Lanka
936337,Rahul Hazarika,LHB,OUTSIDE_OFFSTUMP,FULL,6,3,1,6.0,200.0,India
40618,Imran Tahir,RHB,ON_THE_STUMPS,FULL_TOSS,3,3,1,3.0,100.0,South Africa
1074333,Nuwanidu Fernando,RHB,ON_THE_STUMPS,YORKER,4,3,1,4.0,133.33,Sri Lanka
1074333,Nuwanidu Fernando,RHB,DOWN_LEG,SHORT_OF_A_GOOD_LENGTH,0,3,1,0.0,0.0,Sri Lanka
1073111,Ahsan Hafeez,LHB,OUTSIDE_OFFSTUMP,GOOD_LENGTH,1,3,1,1.0,33.33,Pakistan
49289,Mahela Jayawardene,RHB,ON_THE_STUMPS,GOOD_LENGTH,2,3,1,2.0,66.67,Sri Lanka
49013,Manjula Guruge,RHB,WIDE_OUTSIDE_OFFSTUMP,GOOD_LENGTH,0,3,1,0.0,0.0,United Arab Emirates
959769,Ben Sears,RHB,ON_THE_STUMPS,YORKER,1,3,1,1.0,33.33,New Zealand
959789,Hassan Khan,RHB,OUTSIDE_OFFSTUMP,FULL_TOSS,2,3,1,2.0,66.67,United States of America
1075863,Kamil Mishara,LHB,DOWN_LEG,SHORT_OF_A_GOOD_LENGTH,3,3,1,3.0,100.0,Sri Lanka
949473,Brandon McMullen,RHB,ON_THE_STUMPS,FULL,0,3,1,0.0,0.0,Scotland
952207,Sinethemba Qeshile,RHB,ON_THE_STUMPS,FULL,2,3,1,2.0,66.67,South Africa
41324,Mohammad Sami,RHB,ON_THE_STUMPS,SHORT_OF_A_GOOD_LENGTH,1,3,2,0.5,33.33,Pakistan
696401,Marco Jansen,RHB,OUTSIDE_OFFSTUMP,YORKER,1,3,1,1.0,33.33,South Africa
697059,Zakir Hasan,LHB,WIDE_OUTSIDE_OFFSTUMP,SHORT,4,3,1,4.0,133.33,Bangladesh
820691,Odean Smith,RHB,DOWN_LEG,GOOD_LENGTH,1,3,1,1.0,33.33,West Indies
698199,Mitchell Van Buuren,RHB,OUTSIDE_OFFSTUMP,FULL_TOSS,6,3,1,6.0,200.0,South Africa
696401,Marco Jansen,RHB,ON_THE_STUMPS,SHORT,7,3,1,7.0,233.33,South Africa
30102,Zaheer Khan,RHB,ON_THE_STUMPS,FULL,1,3,1,1.0,33.33,India
696297,Ziyaad Abrahams,RHB,ON_THE_STUMPS,GOOD_LENGTH,0,3,2,0.0,0.0,South Africa
681351,Khurram Shahzad,RHB,OUTSIDE_OFFSTUMP,SHORT_OF_A_GOOD_LENGTH,0,3,1,0.0,0.0,Pakistan
681681,Janith Liyanage,RHB,WIDE_OUTSIDE_OFFSTUMP,SHORT_OF_A_GOOD_LENGTH,4,3,1,4.0,133.33,Sri Lanka
681801,Shakeel Ahmed,LHB,ON_THE_STUMPS,FULL_TOSS,1,3,1,1.0,33.33,Oman
681801,Shakeel Ahmed,LHB,ON_THE_STUMPS,GOOD_LENGTH,4,3,1,4.0,133.33,Oman
681801,Shakeel Ahmed,LHB,OUTSIDE_OFFSTUMP,SHORT_OF_A_GOOD_LENGTH,5,3,1,5.0,166.67,Oman
1152716,Javelle Glen,LHB,ON_THE_STUMPS,FULL_TOSS,4,3,1,4.0,133.33,West Indies
1152714,Terrance Hinds,RHB,WIDE_OUTSIDE_OFFSTUMP,FULL,5,3,1,5.0,166.67,West Indies
693975,Sahan Arachchige,LHB,DOWN_LEG,FULL,0,3,1,0.0,0.0,Sri Lanka
694211,Avesh Khan,RHB,ON_THE_STUMPS,YORKER,2,3,1,2.0,66.67,India
696127,Brad Evans,RHB,OUTSIDE_OFFSTUMP,SHORT_OF_A_GOOD_LENGTH,7,3,1,7.0,233.33,Zimbabwe
233713,Neil Wagner,LHB,ON_THE_STUMPS,SHORT_OF_A_GOOD_LENGTH,1,3,1,1.0,33.33,New Zealand
30732,Praveen Kumar,RHB,ON_THE_STUMPS,FULL,2,3,1,2.0,66.67,India
709675,James Bazley,RHB,ON_THE_STUMPS,YORKER,1,3,1,1.0,33.33,Australia
709675,James Bazley,RHB,WIDE_OUTSIDE_OFFSTUMP,FULL_TOSS,10,3,1,10.0,333.33,Australia
712219,Zahir Khan,LHB,DOWN_LEG,GOOD_LENGTH,1,3,2,0.5,33.33,Afghanistan
712219,Zahir Khan,LHB,OUTSIDE_OFFSTUMP,FULL,0,3,1,0.0,0.0,Afghanistan
232489,Rameez Raja,RHB,ON_THE_STUMPS,SHORT_OF_A_GOOD_LENGTH,2,3,1,2.0,66.67,Pakistan
232489,Rameez Raja,RHB,ON_THE_STUMPS,GOOD_LENGTH,2,3,1,2.0,66.67,Pakistan
707111,Henry Cooper,RHB,ON_THE_STUMPS,SHORT_OF_A_GOOD_LENGTH,4,3,1,4.0,133.33,New Zealand
698315,Donovan Ferreira,RHB,DOWN_LEG,GOOD_LENGTH,1,3,1,1.0,33.33,South Africa
698343,Eathan Bosch,RHB,ON_THE_STUMPS,YORKER,1,3,2,0.5,33.33,South Africa
699723,Grant Roelofsen,RHB,OUTSIDE_OFFSTUMP,FULL_TOSS,3,3,1,3.0,100.0,South Africa
1149157,Chris Benjamin,RHB,WIDE_OUTSIDE_OFFSTUMP,GOOD_LENGTH,0,3,1,0.0,0.0,England
1148776,Arjun Tendulkar,LHB,ON_THE_STUMPS,FULL,2,3,1,2.0,66.67,India
1143529,Imran Anwar,RHB,OUTSIDE_OFFSTUMP,SHORT,6,3,1,6.0,200.0,Bahrain
260036,Tanwir Afzal,RHB,OUTSIDE_OFFSTUMP,SHORT_OF_A_GOOD_LENGTH,1,3,1,1.0,33.33,Hong Kong
260036,Tanwir Afzal,RHB,OUTSIDE_OFFSTUMP,SHORT,1,3,1,1.0,33.33,Hong Kong
1159812,Sedezhalie Rupero,RHB,ON_THE_STUMPS,GOOD_LENGTH,0,3,2,0.0,0.0,India
1159808,Imliwati Lemtur,LHB,ON_THE_STUMPS,SHORT_OF_A_GOOD_LENGTH,1,3,2,0.5,33.33,India
652361,Atit Sheth,RHB,OUTSIDE_OFFSTUMP,SHORT_OF_A_GOOD_LENGTH,1,3,1,1.0,33.33,India
659081,Mark Watt,LHB,DOWN_LEG,GOOD_LENGTH,1,3,2,0.5,33.33,Scotland
1159722,Simarjeet Singh,RHB,ON_THE_STUMPS,GOOD_LENGTH,2,3,1,2.0,66.67,India
1159711,Shahbaz Ahmed,LHB,ON_THE_STUMPS,YORKER,2,3,1,2.0,66.67,India
26907,Rajat Bhatia,RHB,WIDE_OUTSIDE_OFFSTUMP,GOOD_LENGTH,6,3,1,6.0,200.0,India
27223,Stuart Binny,RHB,ON_THE_STUMPS,SHORT,1,3,1,1.0,33.33,India
262456,Dane Vilas,RHB,DOWN_LEG,FULL,2,3,1,2.0,66.67,South Africa
643885,Saqib Mahmood,RHB,OUTSIDE_OFFSTUMP,SHORT,2,3,1,2.0,66.67,England
1159940,Rex Rajkumar,LHB,OUTSIDE_OFFSTUMP,SHORT_OF_A_GOOD_LENGTH,0,3,1,0.0,0.0,India
248920,Devon Thomas,RHB,DOWN_LEG,FULL,0,3,2,0.0,0.0,West Indies
240609,Fawad Ahmed,RHB,ON_THE_STUMPS,SHORT_OF_A_GOOD_LENGTH,1,3,1,1.0,33.33,Australia
671901,Mohammad Enamul,RHB,OUTSIDE_OFFSTUMP,GOOD_LENGTH,2,3,1,2.0,66.67,Bangladesh
237696,Sheldon Jackson,RHB,DOWN_LEG,GOOD_LENGTH,4,3,1,4.0,133.33,India
1153767,Vikramjit Singh,LHB,DOWN_LEG,GOOD_LENGTH,6,3,1,6.0,200.0,Netherlands
235532,Cephas Zhuwao,LHB,ON_THE_STUMPS,FULL,1,3,1,1.0,33.33,Zimbabwe
247235,Chris Woakes,RHB,WIDE_OUTSIDE_OFFSTUMP,SHORT_OF_A_GOOD_LENGTH,1,3,1,1.0,33.33,England
669855,Jofra Archer,RHB,DOWN_LEG,FULL,1,3,1,1.0,33.33,England
245372,Orlando Peters,RHB,OUTSIDE_OFFSTUMP,SHORT,0,3,2,0.0,0.0,West Indies
244497,Adil Rashid,RHB,ON_THE_STUMPS,SHORT,2,3,1,2.0,66.67,England
1158538,Abbas Afridi,RHB,WIDE_OUTSIDE_OFFSTUMP,FULL,4,3,1,4.0,133.33,Pakistan
670031,Alzarri Joseph,RHB,WIDE_OUTSIDE_OFFSTUMP,SHORT_OF_A_GOOD_LENGTH,2,3,1,2.0,66.67,West Indies
243944,Alex Blake,LHB,OUTSIDE_OFFSTUMP,SHORT_OF_A_GOOD_LENGTH,1,3,1,1.0,33.33,England
28235,Shikhar Dhawan,LHB,WIDE_DOWN_LEG,GOOD_LENGTH,9,3,1,9.0,300.0,India
1158538,Abbas Afridi,RHB,DOWN_LEG,SHORT_OF_A_GOOD_LENGTH,7,3,1,7.0,233.33,Pakistan
792725,Tanmay Agarwal,LHB,ON_THE_STUMPS,SHORT_OF_A_GOOD_LENGTH,5,3,1,5.0,166.67,India
1125715,Justin Avendano,RHB,DOWN_LEG,GOOD_LENGTH,1,3,1,1.0,33.33,Australia
793441,Aamer Jamal,RHB,WIDE_OUTSIDE_OFFSTUMP,FULL,1,3,1,1.0,33.33,Pakistan
793447,Naveen-ul-Haq,RHB,DOWN_LEG,SHORT,4,3,1,4.0,133.33,Afghanistan
215155,Usman Khawaja,LHB,WIDE_OUTSIDE_OFFSTUMP,YORKER,0,3,1,0.0,0.0,Australia
215152,Jackson Bird,RHB,ON_THE_STUMPS,SHORT,0,3,1,0.0,0.0,Australia
213674,Todd Astle,RHB,ON_THE_STUMPS,GOOD_LENGTH,1,3,1,1.0,33.33,New Zealand
32966,Piyush Chawla,LHB,WIDE_OUTSIDE_OFFSTUMP,FULL,5,3,1,5.0,166.67,India
1125976,Arshdeep Singh,LHB,OUTSIDE_OFFSTUMP,YORKER,2,3,2,1.0,66.67,India
787073,Chris Green,RHB,WIDE_OUTSIDE_OFFSTUMP,FULL_TOSS,6,3,1,6.0,200.0,Australia
788101,Tom Moores,LHB,ON_THE_STUMPS,SHORT,5,3,1,5.0,166.67,England
1124290,Nathan McSweeney,RHB,OUTSIDE_OFFSTUMP,SHORT,4,3,1,4.0,133.33,Australia
1122918,Kartik Tyagi,RHB,ON_THE_STUMPS,FULL,2,3,1,2.0,66.67,India
1122853,Tony Munyonga,RHB,OUTSIDE_OFFSTUMP,SHORT_OF_A_GOOD_LENGTH,1,3,1,1.0,33.33,Zimbabwe
56268,Arafat Sunny,LHB,OUTSIDE_OFFSTUMP,SHORT,0,3,1,0.0,0.0,Bangladesh
820681,Amir Jangoo,LHB,OUTSIDE_OFFSTUMP,SHORT,1,3,1,1.0,33.33,West Indies
820689,Shamar Springer,RHB,DOWN_LEG,SHORT_OF_A_GOOD_LENGTH,3,3,1,3.0,100.0,West Indies
820689,Shamar Springer,RHB,WIDE_OUTSIDE_OFFSTUMP,SHORT,2,3,1,2.0,66.67,West Indies
817069,Navneet Dhaliwal,RHB,WIDE_OUTSIDE_OFFSTUMP,SHORT_OF_A_GOOD_LENGTH,2,3,1,2.0,66.67,Canada
816627,Macalister Wright,RHB,ON_THE_STUMPS,FULL_TOSS,7,3,1,7.0,233.33,Australia
35263,Virender Sehwag,RHB,WIDE_OUTSIDE_OFFSTUMP,FULL,4,3,1,4.0,133.33,India
1123787,Robiul Haque,RHB,OUTSIDE_OFFSTUMP,SHORT_OF_A_GOOD_LENGTH,2,3,1,2.0,66.67,Bangladesh
805235,Himmat Singh,RHB,ON_THE_STUMPS,GOOD_LENGTH,0,3,1,0.0,0.0,India
1123718,Spencer Johnson,LHB,OUTSIDE_OFFSTUMP,GOOD_LENGTH,5,3,1,5.0,166.67,Australia
1132219,Sanvir Singh,RHB,OUTSIDE_OFFSTUMP,SHORT,12,3,1,12.0,400.0,India
723105,Rinku Singh,LHB,WIDE_OUTSIDE_OFFSTUMP,SHORT_OF_A_GOOD_LENGTH,3,3,1,3.0,100.0,India
732291,Basil Thampi,RHB,ON_THE_STUMPS,SHORT_OF_A_GOOD_LENGTH,2,3,1,2.0,66.67,India
732291,Basil Thampi,RHB,OUTSIDE_OFFSTUMP,SHORT_OF_A_GOOD_LENGTH,1,3,1,1.0,33.33,India
738445,Mohammad Shahzad,RHB,ON_THE_STUMPS,SHORT_OF_A_GOOD_LENGTH,5,3,1,5.0,166.67,United Arab Emirates
230861,Malusi Siboto,LHB,DOWN_LEG,GOOD_LENGTH,2,3,1,2.0,66.67,South Africa
232435,Calum MacLeod,RHB,WIDE_OUTSIDE_OFFSTUMP,FULL,1,3,2,0.5,33.33,Scotland
232435,Calum MacLeod,RHB,OUTSIDE_OFFSTUMP,SHORT,2,3,1,2.0,66.67,Scotland
714451,Shivam Dube,LHB,WIDE_OUTSIDE_OFFSTUMP,SHORT,5,3,1,5.0,166.67,India
716733,Khushdil Shah,LHB,DOWN_LEG,YORKER,1,3,1,1.0,33.33,Pakistan
232364,Tim Southee,RHB,ON_THE_STUMPS,SHORT,6,3,2,3.0,200.0,New Zealand
717373,Amad Butt,RHB,OUTSIDE_OFFSTUMP,SHORT,1,3,2,0.5,33.33,Pakistan
1137279,Jonathan Cook,RHB,OUTSIDE_OFFSTUMP,YORKER,1,3,1,1.0,33.33,Australia
719719,M Shahrukh Khan,RHB,ON_THE_STUMPS,SHORT,10,3,1,10.0,333.33,India
32242,Parthiv Patel,LHB,ON_THE_STUMPS,FULL_TOSS,3,3,1,3.0,100.0,India
720465,Virat Singh,LHB,OUTSIDE_OFFSTUMP,SHORT_OF_A_GOOD_LENGTH,0,3,2,0.0,0.0,India
720471,Ishan Kishan,LHB,WIDE_OUTSIDE_OFFSTUMP,SHORT,4,3,1,4.0,133.33,India
742489,Neil Brand,LHB,DOWN_LEG,GOOD_LENGTH,0,3,1,0.0,0.0,South Africa
1131607,Shams Mulani,LHB,ON_THE_STUMPS,FULL,3,3,1,3.0,100.0,India
778963,Abhinav Manohar,RHB,ON_THE_STUMPS,FULL_TOSS,7,3,1,7.0,233.33,India
1129328,Teja Nidamanuru,RHB,OUTSIDE_OFFSTUMP,GOOD_LENGTH,1,3,1,1.0,33.33,Netherlands
781297,James Seymour,LHB,ON_THE_STUMPS,SHORT,6,3,1,6.0,200.0,Australia
1126693,Baxter Holt,RHB,ON_THE_STUMPS,SHORT,1,3,1,1.0,33.33,Australia
228622,John Hastings,RHB,OUTSIDE_OFFSTUMP,SHORT,5,3,1,5.0,166.67,Australia
230554,Javon Searles,RHB,WIDE_OUTSIDE_OFFSTUMP,FULL,1,3,1,1.0,33.33,West Indies
766809,Jordan Thompson,LHB,OUTSIDE_OFFSTUMP,SHORT,4,3,2,2.0,133.33,England
1130463,Arshad Iqbal,RHB,ON_THE_STUMPS,GOOD_LENGTH,1,3,1,1.0,33.33,Pakistan
774217,Clint Hinchliffe,LHB,DOWN_LEG,GOOD_LENGTH,2,3,1,2.0,66.67,Australia
774219,Matthew Kuhnemann,LHB,ON_THE_STUMPS,SHORT_OF_A_GOOD_LENGTH,0,3,2,0.0,0.0,Australia
774219,Matthew Kuhnemann,LHB,OUTSIDE_OFFSTUMP,GOOD_LENGTH,0,3,1,0.0,0.0,Australia
230549,Jason Mohammed,RHB,ON_THE_STUMPS,YORKER,2,3,1,2.0,66.67,West Indies
775015,Rohan Rangarajan,RHB,ON_THE_STUMPS,FULL,0,3,1,0.0,0.0,Singapore
776695,Matt Critchley,RHB,DOWN_LEG,FULL,2,3,1,2.0,66.67,England
1129634,Katene Clarke,RHB,WIDE_OUTSIDE_OFFSTUMP,GOOD_LENGTH,2,3,1,2.0,66.67,New Zealand
554700,Nikhil Naik,RHB,ON_THE_STUMPS,YORKER,1,3,1,1.0,33.33,India
355266,Craig Cachopa,RHB,WIDE_OUTSIDE_OFFSTUMP,FULL,5,3,1,5.0,166.67,New Zealand
1331347,Hunain Shah,RHB,OUTSIDE_OFFSTUMP,FULL,1,3,1,1.0,33.33,Pakistan
452472,Anshy Rath,LHB,OUTSIDE_OFFSTUMP,SHORT,2,3,1,2.0,66.67,Hong Kong
554174,Wasiqur Rahman,RHB,ON_THE_STUMPS,FULL,1,3,1,1.0,33.33,India
452044,Hanuma Vihari,RHB,OUTSIDE_OFFSTUMP,SHORT,10,3,1,10.0,333.33,India
524255,Kabua Morea,RHB,ON_THE_STUMPS,GOOD_LENGTH,2,3,1,2.0,66.67,Papua New Guinea
1329695,Hassan Nawaz,RHB,OUTSIDE_OFFSTUMP,SHORT,2,3,1,2.0,66.67,Pakistan
452044,Hanuma Vihari,RHB,WIDE_OUTSIDE_OFFSTUMP,SHORT,5,3,1,5.0,166.67,India
332996,Kyle Jarvis,RHB,DOWN_LEG,SHORT,0,3,1,0.0,0.0,Zimbabwe
1329697,Sufiyan Muqeem,LHB,ON_THE_STUMPS,SHORT_OF_A_GOOD_LENGTH,2,3,1,2.0,66.67,Pakistan
1331347,Hunain Shah,RHB,OUTSIDE_OFFSTUMP,GOOD_LENGTH,4,3,1,4.0,133.33,Pakistan
555855,Harry Conway,RHB,ON_THE_STUMPS,GOOD_LENGTH,3,3,1,3.0,100.0,Australia
414966,Michael Leask,RHB,WIDE_OUTSIDE_OFFSTUMP,SHORT,5,3,1,5.0,166.67,Scotland
416190,Kjorn Ottley,LHB,ON_THE_STUMPS,SHORT,4,3,1,4.0,133.33,West Indies
457279,Olly Stone,RHB,ON_THE_STUMPS,GOOD_LENGTH,2,3,1,2.0,66.67,England
1273885,Avinash Jadhav,RHB,ON_THE_STUMPS,FULL,5,3,1,5.0,166.67,India
556684,Mir Hamza,LHB,ON_THE_STUMPS,GOOD_LENGTH,0,3,1,0.0,0.0,Pakistan
555853,Mark Steketee,RHB,WIDE_OUTSIDE_OFFSTUMP,FULL,0,3,1,0.0,0.0,Australia
1332783,Arafat Minhas,LHB,ON_THE_STUMPS,SHORT_OF_A_GOOD_LENGTH,3,3,1,3.0,100.0,Pakistan
24237,John Mooney,LHB,DOWN_LEG,SHORT_OF_A_GOOD_LENGTH,2,3,1,2.0,66.67,Ireland
350629,Nizakat Khan,RHB,DOWN_LEG,SHORT_OF_A_GOOD_LENGTH,1,3,1,1.0,33.33,Hong Kong
550235,Tom Curran,RHB,WIDE_OUTSIDE_OFFSTUMP,YORKER,4,3,1,4.0,133.33,England
333000,Peter Moor,RHB,ON_THE_STUMPS,YORKER,0,3,1,0.0,0.0,Ireland
303437,James Shannon,RHB,ON_THE_STUMPS,FULL,4,3,1,4.0,133.33,Ireland
550215,Kagiso Rabada,LHB,WIDE_OUTSIDE_OFFSTUMP,YORKER,1,3,1,1.0,33.33,South Africa
554068,Amjad Mahboob,RHB,ON_THE_STUMPS,GOOD_LENGTH,0,3,1,0.0,0.0,Singapore
448074,Martin Coetzee,RHB,OUTSIDE_OFFSTUMP,SHORT_OF_A_GOOD_LENGTH,0,3,1,0.0,0.0,Hong Kong
303437,James Shannon,RHB,OUTSIDE_OFFSTUMP,SHORT,8,3,1,8.0,266.67,Ireland
525992,Adam Hose,RHB,DOWN_LEG,YORKER,0,3,1,0.0,0.0,England
452044,Hanuma Vihari,RHB,ON_THE_STUMPS,SHORT,1,3,1,1.0,33.33,India
553249,Bjorn Fortuin,RHB,OUTSIDE_OFFSTUMP,FULL_TOSS,2,3,1,2.0,66.67,South Africa
1323726,Shaaron Lewis,LHB,DOWN_LEG,GOOD_LENGTH,1,3,1,1.0,33.33,West Indies
450860,Adam Milne,RHB,DOWN_LEG,SHORT,6,3,1,6.0,200.0,New Zealand
302850,Willie Gavera,RHB,OUTSIDE_OFFSTUMP,GOOD_LENGTH,0,3,1,0.0,0.0,Papua New Guinea
351074,Niaz Ali,LHB,ON_THE_STUMPS,GOOD_LENGTH,0,3,1,0.0,0.0,Hong Kong
351588,Mark Wood,RHB,ON_THE_STUMPS,SHORT_OF_A_GOOD_LENGTH,4,3,1,4.0,133.33,England
450860,Adam Milne,RHB,ON_THE_STUMPS,YORKER,1,3,1,1.0,33.33,New Zealand
553249,Bjorn Fortuin,RHB,ON_THE_STUMPS,YORKER,2,3,1,2.0,66.67,South Africa
414966,Michael Leask,RHB,ON_THE_STUMPS,FULL_TOSS,4,3,2,2.0,133.33,Scotland
401057,Taijul Islam,LHB,ON_THE_STUMPS,SHORT,0,3,1,0.0,0.0,Bangladesh
7069,Steve O'Keefe,RHB,ON_THE_STUMPS,FULL_TOSS,5,3,1,5.0,166.67,Australia
7069,Steve O'Keefe,RHB,ON_THE_STUMPS,SHORT,4,3,1,4.0,133.33,Australia
570854,Jack Wildermuth,RHB,WIDE_OUTSIDE_OFFSTUMP,FULL_TOSS,2,3,1,2.0,66.67,Australia
400587,Irfan Sukkur,LHB,ON_THE_STUMPS,YORKER,1,3,1,1.0,33.33,Bangladesh
465783,Vishwa Fernando,RHB,OUTSIDE_OFFSTUMP,GOOD_LENGTH,3,3,1,3.0,100.0,Sri Lanka
1193539,Jesse Tashkoff,RHB,ON_THE_STUMPS,FULL,4,3,2,2.0,133.33,New Zealand
568164,Uzair Amir,RHB,OUTSIDE_OFFSTUMP,GOOD_LENGTH,2,3,1,2.0,66.67,Qatar
330902,Mustafizur Rahman,LHB,WIDE_OUTSIDE_OFFSTUMP,GOOD_LENGTH,0,3,1,0.0,0.0,Bangladesh
571761,Daniel Hughes,LHB,WIDE_OUTSIDE_OFFSTUMP,FULL_TOSS,4,3,1,4.0,133.33,Australia
467420,Sean Terry,RHB,OUTSIDE_OFFSTUMP,GOOD_LENGTH,1,3,1,1.0,33.33,Ireland
465793,Dhananjaya de Silva,RHB,WIDE_OUTSIDE_OFFSTUMP,FULL_TOSS,8,3,1,8.0,266.67,Sri Lanka
330408,Chris Barnwell,RHB,WIDE_OUTSIDE_OFFSTUMP,FULL,12,3,1,12.0,400.0,West Indies
7069,Steve O'Keefe,RHB,ON_THE_STUMPS,YORKER,0,3,3,0.0,0.0,Australia
330408,Chris Barnwell,RHB,ON_THE_STUMPS,SHORT,2,3,1,2.0,66.67,West Indies
330408,Chris Barnwell,RHB,DOWN_LEG,SHORT,2,3,1,2.0,66.67,West Indies
410768,Alauddin Babu,RHB,OUTSIDE_OFFSTUMP,FULL_TOSS,1,3,1,1.0,33.33,Bangladesh
521207,Japen Patel,RHB,ON_THE_STUMPS,GOOD_LENGTH,1,3,1,1.0,33.33,United States of America
1212583,Hardik Tamore,RHB,ON_THE_STUMPS,GOOD_LENGTH,2,3,1,2.0,66.67,India
414397,Hamza Tariq,RHB,OUTSIDE_OFFSTUMP,SHORT_OF_A_GOOD_LENGTH,0,3,1,0.0,0.0,Canada
556916,Mukhtar Ahmed,RHB,DOWN_LEG,SHORT,8,3,1,8.0,266.67,United States of America
414397,Hamza Tariq,RHB,ON_THE_STUMPS,FULL,2,3,1,2.0,66.67,Canada
459257,Tymal Mills,RHB,OUTSIDE_OFFSTUMP,SHORT,0,3,1,0.0,0.0,England
521637,Ben Duckett,LHB,ON_THE_STUMPS,YORKER,1,3,1,1.0,33.33,England
520183,Zeeshan Ashraf,LHB,OUTSIDE_OFFSTUMP,SHORT,1,3,1,1.0,33.33,Pakistan
1266476,Charlie Tear,RHB,ON_THE_STUMPS,FULL,1,3,1,1.0,33.33,
1212829,Ali Naseer,LHB,DOWN_LEG,GOOD_LENGTH,8,3,1,8.0,266.67,United Arab Emirates
410763,Abu Jayed,RHB,ON_THE_STUMPS,GOOD_LENGTH,6,3,1,6.0,200.0,Bangladesh
559061,Ben Horne,RHB,OUTSIDE_OFFSTUMP,GOOD_LENGTH,6,3,2,3.0,200.0,New Zealand
1339104,Saad Masood,RHB,ON_THE_STUMPS,FULL,3,3,1,3.0,100.0,Pakistan
360456,Asela Gunaratne,RHB,ON_THE_STUMPS,FULL_TOSS,1,3,1,1.0,33.33,Sri Lanka
559066,Ish Sodhi,RHB,DOWN_LEG,SHORT,0,3,1,0.0,0.0,New Zealand
532853,Smit Patel,RHB,ON_THE_STUMPS,FULL,6,3,1,6.0,200.0,United States of America
308408,Josh Cobb,RHB,ON_THE_STUMPS,SHORT_OF_A_GOOD_LENGTH,2,3,1,2.0,66.67,England
537613,Salman Hossain,RHB,OUTSIDE_OFFSTUMP,GOOD_LENGTH,1,3,1,1.0,33.33,Bangladesh
348049,Nasum Ahmed,LHB,DOWN_LEG,SHORT,2,3,1,2.0,66.67,Bangladesh
1292751,Will Prestwidge,LHB,ON_THE_STUMPS,FULL,0,3,1,0.0,0.0,Australia
538506,Taskin Ahmed,LHB,WIDE_OUTSIDE_OFFSTUMP,SHORT_OF_A_GOOD_LENGTH,3,3,1,3.0,100.0,Bangladesh
308410,Pikky Ya France,RHB,OUTSIDE_OFFSTUMP,FULL,1,3,1,1.0,33.33,Namibia
434813,Marcus Harris,LHB,ON_THE_STUMPS,YORKER,0,3,1,0.0,0.0,Australia
537124,Gurkeerat Singh Mann,RHB,WIDE_OUTSIDE_OFFSTUMP,SHORT,8,3,1,8.0,266.67,India
537124,Gurkeerat Singh Mann,RHB,WIDE_OUTSIDE_OFFSTUMP,SHORT_OF_A_GOOD_LENGTH,1,3,1,1.0,33.33,India
308408,Josh Cobb,RHB,WIDE_OUTSIDE_OFFSTUMP,FULL,1,3,1,1.0,33.33,England
334394,Sam Whiteman,LHB,ON_THE_STUMPS,SHORT,2,3,1,2.0,66.67,Australia
348049,Nasum Ahmed,LHB,OUTSIDE_OFFSTUMP,SHORT,4,3,1,4.0,133.33,Bangladesh
314622,Krishmar Santokie,LHB,WIDE_OUTSIDE_OFFSTUMP,FULL,0,3,1,0.0,0.0,West Indies
348049,Nasum Ahmed,LHB,WIDE_OUTSIDE_OFFSTUMP,FULL_TOSS,1,3,1,1.0,33.33,Bangladesh
531953,Max Sorensen,RHB,OUTSIDE_OFFSTUMP,SHORT_OF_A_GOOD_LENGTH,4,3,1,4.0,133.33,Ireland
440523,Ben Wheeler,RHB,WIDE_OUTSIDE_OFFSTUMP,GOOD_LENGTH,5,3,1,5.0,166.67,New Zealand
6033,Mitchell Johnson,LHB,DOWN_LEG,GOOD_LENGTH,2,3,1,2.0,66.67,Australia
539548,Scott Kuggeleijn,RHB,WIDE_OUTSIDE_OFFSTUMP,GOOD_LENGTH,1,3,1,1.0,33.33,New Zealand
340854,Harpreet Singh,LHB,DOWN_LEG,GOOD_LENGTH,0,3,1,0.0,0.0,India
1205559,Mohammad Haris,RHB,DOWN_LEG,YORKER,1,3,1,1.0,33.33,Pakistan
1203995,Shahnawaz Dahani,RHB,OUTSIDE_OFFSTUMP,SHORT,6,3,1,6.0,200.0,Pakistan
1203995,Shahnawaz Dahani,RHB,OUTSIDE_OFFSTUMP,GOOD_LENGTH,0,3,1,0.0,0.0,Pakistan
343548,Raza Hasan,RHB,ON_THE_STUMPS,GOOD_LENGTH,1,3,1,1.0,33.33,Pakistan
1287369,Saurav Chauhan,LHB,OUTSIDE_OFFSTUMP,FULL,1,3,1,1.0,33.33,India
437927,Stephan Baard,RHB,ON_THE_STUMPS,FULL_TOSS,1,3,1,1.0,33.33,Namibia
18632,Samit Patel,RHB,WIDE_OUTSIDE_OFFSTUMP,SHORT,6,3,1,6.0,200.0,England
1287067,Abdul Basith,RHB,OUTSIDE_OFFSTUMP,GOOD_LENGTH,3,3,1,3.0,100.0,India
437506,Imran Manack,RHB,OUTSIDE_OFFSTUMP,FULL_TOSS,8,3,1,8.0,266.67,South Africa
311592,Mitchell Starc,LHB,ON_THE_STUMPS,YORKER,0,3,2,0.0,0.0,Australia
437438,Prenelan Subrayen,RHB,OUTSIDE_OFFSTUMP,FULL,0,3,1,0.0,0.0,South Africa
347661,Luis Reece,LHB,OUTSIDE_OFFSTUMP,FULL,2,3,1,2.0,66.67,England
1206053,Nitesh Sedai,RHB,OUTSIDE_OFFSTUMP,GOOD_LENGTH,0,3,1,0.0,0.0,India
314615,Jonathan Carter,LHB,DOWN_LEG,FULL_TOSS,3,3,1,3.0,100.0,West Indies
344580,Shreyas Gopal,RHB,WIDE_OUTSIDE_OFFSTUMP,GOOD_LENGTH,0,3,2,0.0,0.0,India
1287020,Dharani Rabha,RHB,ON_THE_STUMPS,FULL,5,3,1,5.0,166.67,India
1203754,Junaid Siddique,RHB,ON_THE_STUMPS,FULL,8,3,1,8.0,266.67,United Arab Emirates
345825,Chaturanga de Silva,LHB,WIDE_OUTSIDE_OFFSTUMP,FULL_TOSS,5,3,1,5.0,166.67,Sri Lanka
1292495,Angkrish Raghuvanshi,RHB,ON_THE_STUMPS,SHORT_OF_A_GOOD_LENGTH,1,3,1,1.0,33.33,India
1287032,Naman Dhir,RHB,ON_THE_STUMPS,SHORT_OF_A_GOOD_LENGTH,1,3,1,1.0,33.33,India
1292495,Angkrish Raghuvanshi,RHB,OUTSIDE_OFFSTUMP,SHORT,10,3,1,10.0,333.33,India
533561,Waqas Maqsood,LHB,ON_THE_STUMPS,GOOD_LENGTH,2,3,1,2.0,66.67,Pakistan
446808,Pradeep Airee,RHB,WIDE_OUTSIDE_OFFSTUMP,FULL,0,3,1,0.0,0.0,Nepal
549947,Al-Amin,RHB,OUTSIDE_OFFSTUMP,SHORT,4,3,1,4.0,133.33,Bangladesh
446808,Pradeep Airee,RHB,WIDE_OUTSIDE_OFFSTUMP,GOOD_LENGTH,4,3,1,4.0,133.33,Nepal
549950,Munim Shahriar,RHB,DOWN_LEG,SHORT_OF_A_GOOD_LENGTH,1,3,1,1.0,33.33,Bangladesh
549288,Ferisco Adams,RHB,ON_THE_STUMPS,YORKER,1,3,1,1.0,33.33,South Africa
446548,Scott Boland,RHB,WIDE_OUTSIDE_OFFSTUMP,GOOD_LENGTH,1,3,1,1.0,33.33,Australia
1278252,Shariz Ahmad,LHB,ON_THE_STUMPS,GOOD_LENGTH,2,3,1,2.0,66.67,Netherlands
1201520,Ripal Patel,RHB,ON_THE_STUMPS,YORKER,2,3,1,2.0,66.67,India
547766,Jacob Duffy,RHB,ON_THE_STUMPS,FULL,1,3,1,1.0,33.33,New Zealand
1300795,Akshat Raghuwanshi,RHB,ON_THE_STUMPS,SHORT_OF_A_GOOD_LENGTH,5,3,1,5.0,166.67,India
1200965,Saqlain Arshad,RHB,WIDE_OUTSIDE_OFFSTUMP,SHORT,4,3,1,4.0,133.33,Qatar
527299,Aniket Choudhary,RHB,ON_THE_STUMPS,GOOD_LENGTH,1,3,1,1.0,33.33,India
1209196,Kirk McKenzie,LHB,WIDE_OUTSIDE_OFFSTUMP,GOOD_LENGTH,1,3,1,1.0,33.33,West Indies
1304794,Flynn McGregor-Sumpter,LHB,OUTSIDE_OFFSTUMP,SHORT,0,3,1,0.0,0.0,
447142,Sudip Chatterjee,LHB,OUTSIDE_OFFSTUMP,FULL,2,3,1,2.0,66.67,India
1209196,Kirk McKenzie,LHB,DOWN_LEG,SHORT,0,3,1,0.0,0.0,West Indies
424377,Krishnappa Gowtham,RHB,WIDE_OUTSIDE_OFFSTUMP,GOOD_LENGTH,0,3,1,0.0,0.0,India
304735,Dilshan Munaweera,RHB,DOWN_LEG,SHORT,5,3,1,5.0,166.67,Sri Lanka
424377,Krishnappa Gowtham,RHB,WIDE_OUTSIDE_OFFSTUMP,FULL,1,3,1,1.0,33.33,India
527362,Chirag Jani,RHB,ON_THE_STUMPS,GOOD_LENGTH,1,3,1,1.0,33.33,India
1201520,Ripal Patel,RHB,OUTSIDE_OFFSTUMP,FULL_TOSS,1,3,1,1.0,33.33,India
541224,Luke Jongwe,RHB,OUTSIDE_OFFSTUMP,YORKER,2,3,1,2.0,66.67,Zimbabwe
1284531,Edson Silva,RHB,OUTSIDE_OFFSTUMP,FULL_TOSS,3,3,1,3.0,100.0,Kuwait
429981,Mohammad Irfan,RHB,ON_THE_STUMPS,YORKER,0,3,2,0.0,0.0,Pakistan
18632,Samit Patel,RHB,DOWN_LEG,SHORT,4,3,1,4.0,133.33,England
444970,Jimmy Peirson,RHB,DOWN_LEG,SHORT,4,3,1,4.0,133.33,Australia
1201572,Karnajit Yumnam,RHB,ON_THE_STUMPS,GOOD_LENGTH,2,3,1,2.0,66.67,India
443263,Hayden Walsh,LHB,ON_THE_STUMPS,SHORT,4,3,1,4.0,133.33,West Indies
307817,Adnan Idrees,RHB,OUTSIDE_OFFSTUMP,FULL,10,3,1,10.0,333.33,Kuwait
1295842,Campbell Kellaway,LHB,WIDE_OUTSIDE_OFFSTUMP,SHORT_OF_A_GOOD_LENGTH,1,3,1,1.0,33.33,Australia
333800,Lachlan Pfeffer,LHB,ON_THE_STUMPS,SHORT,1,3,1,1.0,33.33,Australia
333872,Sam Rainbird,RHB,ON_THE_STUMPS,YORKER,1,3,2,0.5,33.33,Australia
530015,William Bosisto,RHB,DOWN_LEG,SHORT_OF_A_GOOD_LENGTH,8,3,1,8.0,266.67,Australia
429738,Lakshan Sandakan,RHB,WIDE_OUTSIDE_OFFSTUMP,GOOD_LENGTH,0,3,1,0.0,0.0,Sri Lanka
446548,Scott Boland,RHB,ON_THE_STUMPS,YORKER,0,3,1,0.0,0.0,Australia
348129,Nitish Kumar,RHB,WIDE_OUTSIDE_OFFSTUMP,FULL,10,3,1,10.0,333.33,United States of America
1295851,Joel Davies,LHB,ON_THE_STUMPS,FULL,7,3,1,7.0,233.33,Australia
1209110,Basil Hameed,RHB,WIDE_OUTSIDE_OFFSTUMP,FULL_TOSS,5,3,1,5.0,166.67,United Arab Emirates
429809,Ravija Sandaruwan,RHB,WIDE_OUTSIDE_OFFSTUMP,GOOD_LENGTH,0,3,1,0.0,0.0,Kuwait
12461,Jade Dernbach,RHB,ON_THE_STUMPS,FULL,7,3,1,7.0,233.33,England
364343,Craig Young,RHB,ON_THE_STUMPS,SHORT,0,3,2,0.0,0.0,Ireland
1397994,Mohammad Ahnaff,RHB,WIDE_OUTSIDE_OFFSTUMP,SHORT_OF_A_GOOD_LENGTH,5,3,1,5.0,166.67,Qatar
290716,Kedar Jadhav,RHB,DOWN_LEG,SHORT,1,3,1,1.0,33.33,India
1397995,Shahzaib Jamil,RHB,OUTSIDE_OFFSTUMP,SHORT,6,3,1,6.0,200.0,
1218226,Muhammad Faizan,RHB,OUTSIDE_OFFSTUMP,FULL,1,3,1,1.0,33.33,Pakistan
4498,Aiden Blizzard,LHB,ON_THE_STUMPS,GOOD_LENGTH,2,3,1,2.0,66.67,Australia
290727,Rishi Dhawan,RHB,ON_THE_STUMPS,FULL_TOSS,5,3,1,5.0,166.67,India
1217487,Mubasir Khan,RHB,WIDE_OUTSIDE_OFFSTUMP,FULL,2,3,1,2.0,66.67,Pakistan
594274,Isaac Dikgale,RHB,ON_THE_STUMPS,YORKER,1,3,1,1.0,33.33,South Africa
594322,Corbin Bosch,RHB,DOWN_LEG,SHORT_OF_A_GOOD_LENGTH,8,3,1,8.0,266.67,South Africa
24827,Gerrie Snyman,RHB,ON_THE_STUMPS,GOOD_LENGTH,1,3,1,1.0,33.33,Namibia
24827,Gerrie Snyman,RHB,OUTSIDE_OFFSTUMP,GOOD_LENGTH,0,3,1,0.0,0.0,Namibia
1175485,Abdul Samad,RHB,DOWN_LEG,SHORT_OF_A_GOOD_LENGTH,2,3,1,2.0,66.67,India
376116,Umesh Yadav,RHB,ON_THE_STUMPS,YORKER,1,3,2,0.5,33.33,India
1246509,Bidash Chingakham,RHB,ON_THE_STUMPS,FULL,4,3,1,4.0,133.33,India
290632,Sreenath Aravind,LHB,WIDE_OUTSIDE_OFFSTUMP,FULL,2,3,1,2.0,66.67,India
481979,Anrich Nortje,RHB,ON_THE_STUMPS,YORKER,0,3,2,0.0,0.0,South Africa
594995,Gavin Kaplan,RHB,WIDE_OUTSIDE_OFFSTUMP,GOOD_LENGTH,1,3,1,1.0,33.33,South Africa
595004,Kyle Verreynne,RHB,DOWN_LEG,SHORT,8,3,1,8.0,266.67,South Africa
482478,Jan Frylinck,LHB,ON_THE_STUMPS,YORKER,0,3,2,0.0,0.0,Namibia
1219972,Brody Couch,LHB,ON_THE_STUMPS,FULL,3,3,1,3.0,100.0,United States of America
1397998,Umair Sharif,RHB,ON_THE_STUMPS,SHORT_OF_A_GOOD_LENGTH,3,3,1,3.0,100.0,Saudi Arabia
326973,Anurag Verma,RHB,ON_THE_STUMPS,YORKER,2,3,1,2.0,66.67,New Zealand
585083,Zeeshan Maqsood,LHB,WIDE_OUTSIDE_OFFSTUMP,SHORT_OF_A_GOOD_LENGTH,2,3,1,2.0,66.67,Oman
585100,Abdul Shakoor,RHB,ON_THE_STUMPS,FULL_TOSS,2,3,1,2.0,66.67,United Arab Emirates
290948,Mohammad Amir,LHB,ON_THE_STUMPS,FULL_TOSS,3,3,1,3.0,100.0,Pakistan
1369833,Amir Farooq,RHB,OUTSIDE_OFFSTUMP,FULL,1,3,1,1.0,33.33,
1178586,Vriitya Aravind,RHB,ON_THE_STUMPS,YORKER,3,3,1,3.0,100.0,United Arab Emirates
1252341,Vikash Kumar,RHB,OUTSIDE_OFFSTUMP,GOOD_LENGTH,3,3,1,3.0,100.0,India
1217359,Sayed Monib,RHB,WIDE_OUTSIDE_OFFSTUMP,FULL,10,3,1,10.0,333.33,Kuwait
1175489,Sameer Rizvi,RHB,ON_THE_STUMPS,SHORT_OF_A_GOOD_LENGTH,1,3,1,1.0,33.33,India
481875,George Linde,LHB,DOWN_LEG,SHORT,2,3,1,2.0,66.67,South Africa
501012,Joel Paris,LHB,ON_THE_STUMPS,FULL,7,3,1,7.0,233.33,Australia
501012,Joel Paris,LHB,DOWN_LEG,SHORT_OF_A_GOOD_LENGTH,5,3,1,5.0,166.67,Australia
591650,Ankit Rajpoot,RHB,OUTSIDE_OFFSTUMP,SHORT_OF_A_GOOD_LENGTH,0,3,1,0.0,0.0,India
1175496,Nitish Kumar Reddy,RHB,WIDE_OUTSIDE_OFFSTUMP,FULL_TOSS,10,3,1,10.0,333.33,India
24609,Gary Wilson,RHB,ON_THE_STUMPS,SHORT_OF_A_GOOD_LENGTH,2,3,1,2.0,66.67,Ireland
1249564,Ahmed Daniyal,RHB,OUTSIDE_OFFSTUMP,GOOD_LENGTH,1,3,1,1.0,33.33,Pakistan
1248374,Aamer Azmat,RHB,OUTSIDE_OFFSTUMP,GOOD_LENGTH,5,3,1,5.0,166.67,Pakistan
1241280,Nilansh Keswani,LHB,OUTSIDE_OFFSTUMP,SHORT_OF_A_GOOD_LENGTH,3,3,1,3.0,100.0,United Arab Emirates
322535,Karanveer Singh,RHB,ON_THE_STUMPS,GOOD_LENGTH,2,3,1,2.0,66.67,India
288285,Clive Rose,RHB,ON_THE_STUMPS,FULL,0,3,2,0.0,0.0,Australia
324358,Nuwan Pradeep,RHB,ON_THE_STUMPS,YORKER,0,3,3,0.0,0.0,Sri Lanka
288305,Shafiul Islam,RHB,OUTSIDE_OFFSTUMP,GOOD_LENGTH,1,3,1,1.0,33.33,Bangladesh
288284,Josh Hazlewood,LHB,ON_THE_STUMPS,GOOD_LENGTH,5,3,1,5.0,166.67,Australia
323244,Rahat Ali,RHB,ON_THE_STUMPS,GOOD_LENGTH,1,3,1,1.0,33.33,Pakistan
322818,Ayabulela Gqamane,RHB,OUTSIDE_OFFSTUMP,FULL,2,3,1,2.0,66.67,South Africa
1241265,Aayan Afzal Khan,RHB,WIDE_OUTSIDE_OFFSTUMP,GOOD_LENGTH,1,3,1,1.0,33.33,United Arab Emirates
322810,Cameron Delport,LHB,DOWN_LEG,FULL_TOSS,12,3,1,12.0,400.0,South Africa
7898,Peter Siddle,RHB,ON_THE_STUMPS,SHORT_OF_A_GOOD_LENGTH,0,3,2,0.0,0.0,Australia
596073,Lesego Senokwane,RHB,ON_THE_STUMPS,YORKER,1,3,1,1.0,33.33,South Africa
596073,Lesego Senokwane,RHB,OUTSIDE_OFFSTUMP,SHORT,8,3,1,8.0,266.67,South Africa
499560,Patrick Kruger,RHB,ON_THE_STUMPS,SHORT,10,3,1,10.0,333.33,South Africa
1428733,Nazmus Sakib,RHB,OUTSIDE_OFFSTUMP,SHORT_OF_A_GOOD_LENGTH,0,3,2,0.0,0.0,
326625,Cameron Boyce,RHB,DOWN_LEG,GOOD_LENGTH,1,3,2,0.5,33.33,Australia
320652,Asghar Afghan,RHB,ON_THE_STUMPS,SHORT,0,3,1,0.0,0.0,Afghanistan
595380,Raynard van Tonder,RHB,OUTSIDE_OFFSTUMP,SHORT_OF_A_GOOD_LENGTH,6,3,1,6.0,200.0,South Africa
380354,Anamul Haque,RHB,ON_THE_STUMPS,YORKER,4,3,1,4.0,133.33,Bangladesh
326625,Cameron Boyce,RHB,DOWN_LEG,SHORT_OF_A_GOOD_LENGTH,1,3,1,1.0,33.33,Australia
1246422,Denish Das,RHB,OUTSIDE_OFFSTUMP,FULL,2,3,1,2.0,66.67,India
493773,Lockie Ferguson,RHB,OUTSIDE_OFFSTUMP,SHORT,0,3,1,0.0,0.0,New Zealand
288617,Ross Whiteley,LHB,ON_THE_STUMPS,FULL_TOSS,0,3,2,0.0,0.0,England
499660,Gurinder Sandhu,LHB,OUTSIDE_OFFSTUMP,SHORT,1,3,1,1.0,33.33,Australia
1411891,Tanish Suri,RHB,WIDE_OUTSIDE_OFFSTUMP,SHORT,8,3,1,8.0,266.67,United Arab Emirates
1411895,Omid Shafi Rahman,RHB,OUTSIDE_OFFSTUMP,GOOD_LENGTH,0,3,1,0.0,0.0,
595783,Ajaz Patel,LHB,OUTSIDE_OFFSTUMP,FULL,1,3,1,1.0,33.33,New Zealand
533956,Rahmat Shah,RHB,OUTSIDE_OFFSTUMP,SHORT_OF_A_GOOD_LENGTH,2,3,1,2.0,66.67,Afghanistan
371814,Kevon Cooper,RHB,DOWN_LEG,GOOD_LENGTH,0,3,1,0.0,0.0,West Indies
391485,Jason Holder,RHB,WIDE_DOWN_LEG,GOOD_LENGTH,2,3,1,2.0,66.67,West Indies
1369680,Clinto Anto,RHB,OUTSIDE_OFFSTUMP,SHORT,8,3,1,8.0,266.67,Kuwait
296597,James Vince,RHB,WIDE_DOWN_LEG,FULL,2,3,1,2.0,66.67,England
293831,Regis Chakabva,RHB,ON_THE_STUMPS,SHORT,1,3,1,1.0,33.33,Zimbabwe
573170,Luke Wood,LHB,DOWN_LEG,SHORT,1,3,1,1.0,33.33,England
329845,Mizanur Rahman,RHB,ON_THE_STUMPS,YORKER,0,3,2,0.0,0.0,Bangladesh
1252585,Shubham Dubey,LHB,OUTSIDE_OFFSTUMP,SHORT,0,3,2,0.0,0.0,India
371150,Ashok Menaria,LHB,ON_THE_STUMPS,FULL,1,3,1,1.0,33.33,India
372116,Temba Bavuma,RHB,DOWN_LEG,FULL,1,3,1,1.0,33.33,South Africa
24599,Boyd Rankin,LHB,ON_THE_STUMPS,GOOD_LENGTH,2,3,1,2.0,66.67,Ireland
293831,Regis Chakabva,RHB,WIDE_OUTSIDE_OFFSTUMP,GOOD_LENGTH,2,3,1,2.0,66.67,Zimbabwe
328026,Isuru Udana,RHB,DOWN_LEG,SHORT,6,3,2,3.0,200.0,Sri Lanka
1182529,Noor Ahmad,RHB,ON_THE_STUMPS,YORKER,1,3,1,1.0,33.33,Afghanistan
318788,Haris Sohail,LHB,ON_THE_STUMPS,SHORT,0,3,1,0.0,0.0,Pakistan
1369680,Clinto Anto,RHB,ON_THE_STUMPS,FULL_TOSS,10,3,1,10.0,333.33,Kuwait
581160,Khary Pierre,LHB,ON_THE_STUMPS,FULL,2,3,1,2.0,66.67,West Indies
473191,Richard Gleeson,RHB,ON_THE_STUMPS,YORKER,1,3,2,0.5,33.33,England
1216350,Wil Parker,RHB,OUTSIDE_OFFSTUMP,GOOD_LENGTH,1,3,2,0.5,33.33,Australia
292152,Jamie Atkinson,RHB,OUTSIDE_OFFSTUMP,SHORT,10,3,1,10.0,333.33,Hong Kong
1185233,Bibek Yadav,RHB,ON_THE_STUMPS,GOOD_LENGTH,4,3,1,4.0,133.33,Nepal
364343,Craig Young,RHB,ON_THE_STUMPS,YORKER,0,3,1,0.0,0.0,Ireland
1365333,Parveen Kumar,LHB,OUTSIDE_OFFSTUMP,SHORT_OF_A_GOOD_LENGTH,0,3,1,0.0,0.0,
505120,Ashton Agar,LHB,WIDE_OUTSIDE_OFFSTUMP,SHORT_OF_A_GOOD_LENGTH,1,3,2,0.5,33.33,Australia
1284534,Muhammad Murad,LHB,OUTSIDE_OFFSTUMP,SHORT_OF_A_GOOD_LENGTH,0,2,1,0.0,0.0,Qatar
1108375,Varun Chakravarthy,RHB,OUTSIDE_OFFSTUMP,FULL,0,2,1,0.0,0.0,India
833087,Mahedi Hasan,RHB,WIDE_DOWN_LEG,FULL,1,2,1,1.0,50.0,Bangladesh
1127317,Scott Edwards,RHB,ON_THE_STUMPS,YORKER,1,2,1,1.0,50.0,Netherlands
781705,Salman Irshad,RHB,ON_THE_STUMPS,FULL_TOSS,1,2,1,1.0,50.0,Pakistan
826689,Pramod Madushan,RHB,ON_THE_STUMPS,SHORT_OF_A_GOOD_LENGTH,0,2,1,0.0,0.0,Sri Lanka
330902,Mustafizur Rahman,LHB,DOWN_LEG,GOOD_LENGTH,1,2,1,1.0,50.0,Bangladesh
1244751,Arshad Khan,LHB,ON_THE_STUMPS,FULL_TOSS,2,2,1,2.0,100.0,India
779937,David Moody,RHB,DOWN_LEG,GOOD_LENGTH,1,2,1,1.0,50.0,Australia
446499,Unmukt Chand,RHB,ON_THE_STUMPS,YORKER,4,2,1,4.0,200.0,United States of America
1263691,Rehan Ahmed,RHB,DOWN_LEG,SHORT,4,2,1,4.0,200.0,England
793467,Karim Janat,RHB,WIDE_OUTSIDE_OFFSTUMP,YORKER,0,2,1,0.0,0.0,Afghanistan
1104703,Fred Klaassen,RHB,ON_THE_STUMPS,GOOD_LENGTH,0,2,1,0.0,0.0,England
781705,Salman Irshad,RHB,ON_THE_STUMPS,YORKER,0,2,1,0.0,0.0,Pakistan
1260386,Tawanda Muyeye,RHB,ON_THE_STUMPS,GOOD_LENGTH,0,2,1,0.0,0.0,England
1108375,Varun Chakravarthy,RHB,OUTSIDE_OFFSTUMP,FULL_TOSS,5,2,1,5.0,250.0,India
55894,Farhad Reza,RHB,OUTSIDE_OFFSTUMP,SHORT,6,2,1,6.0,300.0,Bangladesh
1125715,Justin Avendano,RHB,ON_THE_STUMPS,SHORT,0,2,1,0.0,0.0,Australia
334388,Liam O'Connor,RHB,OUTSIDE_OFFSTUMP,FULL,1,2,1,1.0,50.0,Australia
781297,James Seymour,LHB,ON_THE_STUMPS,YORKER,0,2,2,0.0,0.0,Australia
326625,Cameron Boyce,RHB,DOWN_LEG,FULL,1,2,1,1.0,50.0,Australia
55944,Jahurul Islam,RHB,ON_THE_STUMPS,FULL_TOSS,1,2,1,1.0,50.0,Bangladesh
334358,Travis Dean,RHB,ON_THE_STUMPS,YORKER,0,2,1,0.0,0.0,Australia
794749,Faisal Khan,RHB,OUTSIDE_OFFSTUMP,FULL,0,2,1,0.0,0.0,Saudi Arabia
334358,Travis Dean,RHB,OUTSIDE_OFFSTUMP,SHORT,1,2,1,1.0,50.0,Australia
326462,Jason Floros,LHB,OUTSIDE_OFFSTUMP,SHORT_OF_A_GOOD_LENGTH,0,2,1,0.0,0.0,Australia
1127317,Scott Edwards,RHB,DOWN_LEG,SHORT,1,2,1,1.0,50.0,Netherlands
6033,Mitchell Johnson,LHB,ON_THE_STUMPS,YORKER,1,2,1,1.0,50.0,Australia
440990,Lega Siaka,RHB,WIDE_OUTSIDE_OFFSTUMP,GOOD_LENGTH,4,2,1,4.0,200.0,Papua New Guinea
211854,Rob Quiney,LHB,OUTSIDE_OFFSTUMP,FULL,1,2,1,1.0,50.0,Australia
826945,Peter David Bocock,RHB,OUTSIDE_OFFSTUMP,FULL_TOSS,1,2,1,1.0,50.0,New Zealand
229225,Kashif Daud,RHB,ON_THE_STUMPS,GOOD_LENGTH,1,2,1,1.0,50.0,United Arab Emirates
55814,Brendan Taylor,RHB,ON_THE_STUMPS,SHORT,1,2,1,1.0,50.0,Zimbabwe
55814,Brendan Taylor,RHB,DOWN_LEG,SHORT,0,2,1,0.0,0.0,Zimbabwe
776695,Matt Critchley,RHB,WIDE_OUTSIDE_OFFSTUMP,FULL_TOSS,4,2,1,4.0,200.0,England
1241277,Muhammad Waseem,RHB,DOWN_LEG,SHORT,6,2,1,6.0,300.0,United Arab Emirates
851409,Parth Sahani,LHB,OUTSIDE_OFFSTUMP,SHORT_OF_A_GOOD_LENGTH,1,2,1,1.0,50.0,India
1099225,Fionn Hand,RHB,ON_THE_STUMPS,FULL,1,2,1,1.0,50.0,Ireland
1125536,Ben Lister,RHB,ON_THE_STUMPS,GOOD_LENGTH,1,2,1,1.0,50.0,New Zealand
329845,Mizanur Rahman,RHB,WIDE_OUTSIDE_OFFSTUMP,FULL,4,2,1,4.0,200.0,Bangladesh
55872,Malcolm Waller,RHB,ON_THE_STUMPS,YORKER,1,2,1,1.0,50.0,Zimbabwe
5961,Moises Henriques,RHB,WIDE_DOWN_LEG,FULL,4,2,1,4.0,200.0,Australia
1287040,Joseph Lalthankhuma,RHB,OUTSIDE_OFFSTUMP,SHORT_OF_A_GOOD_LENGTH,2,2,1,2.0,100.0,India
1287044,Remruatdika Ralte,RHB,ON_THE_STUMPS,FULL,1,2,1,1.0,50.0,India
498440,Ronsford Beaton,RHB,ON_THE_STUMPS,SHORT,0,2,1,0.0,0.0,West Indies
55705,Tinashe Panyangara,RHB,ON_THE_STUMPS,YORKER,0,2,1,0.0,0.0,Zimbabwe
793447,Naveen-ul-Haq,RHB,WIDE_OUTSIDE_OFFSTUMP,SHORT,0,2,2,0.0,0.0,Afghanistan
1241265,Aayan Afzal Khan,RHB,WIDE_OUTSIDE_OFFSTUMP,SHORT_OF_A_GOOD_LENGTH,4,2,1,4.0,200.0,United Arab Emirates
775015,Rohan Rangarajan,RHB,OUTSIDE_OFFSTUMP,FULL,1,2,1,1.0,50.0,Singapore
852317,KV Sasikanth,RHB,WIDE_OUTSIDE_OFFSTUMP,FULL,2,2,1,2.0,100.0,India
468573,Ross Adair,RHB,ON_THE_STUMPS,YORKER,0,2,2,0.0,0.0,Ireland
1125568,Kartik Kakade,RHB,OUTSIDE_OFFSTUMP,GOOD_LENGTH,1,2,1,1.0,50.0,India
322818,Ayabulela Gqamane,RHB,ON_THE_STUMPS,GOOD_LENGTH,0,2,2,0.0,0.0,South Africa
7547,Ben Rohrer,LHB,OUTSIDE_OFFSTUMP,SHORT,0,2,1,0.0,0.0,Australia
465783,Vishwa Fernando,RHB,OUTSIDE_OFFSTUMP,SHORT,0,2,1,0.0,0.0,Sri Lanka
440522,Logan van Beek,RHB,ON_THE_STUMPS,SHORT_OF_A_GOOD_LENGTH,0,2,1,0.0,0.0,Netherlands
1284669,Usman Khalid,LHB,ON_THE_STUMPS,FULL,0,2,1,0.0,0.0,Saudi Arabia
230193,Matthew Wade,LHB,WIDE_DOWN_LEG,SHORT,4,2,1,4.0,200.0,Australia
6033,Mitchell Johnson,LHB,DOWN_LEG,SHORT_OF_A_GOOD_LENGTH,0,2,1,0.0,0.0,Australia
212756,Sachith Pathirana,LHB,ON_THE_STUMPS,FULL,0,2,1,0.0,0.0,Sri Lanka
470909,Antonius Staal,RHB,OUTSIDE_OFFSTUMP,GOOD_LENGTH,0,2,1,0.0,0.0,Netherlands
777815,Vijaykumar Vyshak,RHB,OUTSIDE_OFFSTUMP,SHORT_OF_A_GOOD_LENGTH,0,2,2,0.0,0.0,India
6033,Mitchell Johnson,LHB,DOWN_LEG,FULL_TOSS,7,2,1,7.0,350.0,Australia
440516,Tom Blundell,RHB,OUTSIDE_OFFSTUMP,SHORT,4,2,1,4.0,200.0,New Zealand
777537,KC Cariappa,RHB,ON_THE_STUMPS,YORKER,0,2,2,0.0,0.0,India
440516,Tom Blundell,RHB,ON_THE_STUMPS,SHORT,4,2,1,4.0,200.0,New Zealand
851261,Anmolpreet Singh,RHB,DOWN_LEG,GOOD_LENGTH,4,2,1,4.0,200.0,India
55820,Prosper Utseya,RHB,OUTSIDE_OFFSTUMP,FULL,0,2,1,0.0,0.0,Zimbabwe
495551,Sheldon Cottrell,RHB,DOWN_LEG,SHORT,7,2,1,7.0,350.0,West Indies
495551,Sheldon Cottrell,RHB,ON_THE_STUMPS,SHORT,1,2,1,1.0,50.0,West Indies
1126213,Ninad Rathva,LHB,ON_THE_STUMPS,SHORT_OF_A_GOOD_LENGTH,1,2,1,1.0,50.0,India
1122557,Damien Ravu,RHB,ON_THE_STUMPS,FULL,1,2,1,1.0,50.0,Papua New Guinea
806241,Richard Ngarava,LHB,ON_THE_STUMPS,YORKER,0,2,2,0.0,0.0,Zimbabwe
1122557,Damien Ravu,RHB,OUTSIDE_OFFSTUMP,SHORT_OF_A_GOOD_LENGTH,0,2,1,0.0,0.0,Papua New Guinea
452044,Hanuma Vihari,RHB,ON_THE_STUMPS,FULL,0,2,1,0.0,0.0,India
787987,Marnus Labuschagne,RHB,WIDE_OUTSIDE_OFFSTUMP,FULL_TOSS,1,2,1,1.0,50.0,Australia
477069,Baba Indrajith,RHB,ON_THE_STUMPS,SHORT,0,2,2,0.0,0.0,India
477069,Baba Indrajith,RHB,OUTSIDE_OFFSTUMP,FULL,1,2,1,1.0,50.0,India
1252370,Vivrant Sharma,LHB,ON_THE_STUMPS,SHORT,0,2,1,0.0,0.0,India
1276719,Kashyap Prajapati,RHB,OUTSIDE_OFFSTUMP,SHORT,2,2,1,2.0,100.0,Oman
333000,Peter Moor,RHB,ON_THE_STUMPS,FULL_TOSS,0,2,1,0.0,0.0,Ireland
227758,Imad Wasim,LHB,WIDE_DOWN_LEG,SHORT,1,2,1,1.0,50.0,Pakistan
222320,Christiaan Jonker,RHB,OUTSIDE_OFFSTUMP,FULL_TOSS,0,2,1,0.0,0.0,South Africa
806239,Brandon Mavuta,RHB,OUTSIDE_OFFSTUMP,FULL_TOSS,4,2,1,4.0,200.0,Zimbabwe
459752,Scott McKechnie,RHB,OUTSIDE_OFFSTUMP,FULL,2,2,1,2.0,100.0,Hong Kong
480693,Anthony Bramble,RHB,ON_THE_STUMPS,YORKER,1,2,1,1.0,50.0,West Indies
332996,Kyle Jarvis,RHB,OUTSIDE_OFFSTUMP,SHORT_OF_A_GOOD_LENGTH,1,2,1,1.0,50.0,Zimbabwe
451782,James Fuller,RHB,DOWN_LEG,SHORT_OF_A_GOOD_LENGTH,1,2,1,1.0,50.0,England
332978,John Reva,RHB,OUTSIDE_OFFSTUMP,GOOD_LENGTH,0,2,1,0.0,0.0,Papua New Guinea
1252341,Vikash Kumar,RHB,ON_THE_STUMPS,GOOD_LENGTH,0,2,1,0.0,0.0,India
1122918,Kartik Tyagi,RHB,OUTSIDE_OFFSTUMP,SHORT_OF_A_GOOD_LENGTH,2,2,1,2.0,100.0,India
475281,Shardul Thakur,RHB,WIDE_OUTSIDE_OFFSTUMP,SHORT,1,2,1,1.0,50.0,India
210279,Andrew Poynter,RHB,OUTSIDE_OFFSTUMP,FULL,0,2,1,0.0,0.0,Ireland
819441,Darwish Rasooli,RHB,ON_THE_STUMPS,SHORT,0,2,1,0.0,0.0,Afghanistan
1122918,Kartik Tyagi,RHB,ON_THE_STUMPS,YORKER,1,2,1,1.0,50.0,India
459257,Tymal Mills,RHB,WIDE_OUTSIDE_OFFSTUMP,FULL,6,2,1,6.0,300.0,England
786645,Sammu Ashan,RHB,OUTSIDE_OFFSTUMP,FULL,1,2,1,1.0,50.0,Sri Lanka
1122918,Kartik Tyagi,RHB,ON_THE_STUMPS,GOOD_LENGTH,4,2,1,4.0,200.0,India
223642,Rusty Theron,RHB,ON_THE_STUMPS,GOOD_LENGTH,1,2,1,1.0,50.0,United States of America
1275056,Ackeem Auguste,LHB,ON_THE_STUMPS,SHORT_OF_A_GOOD_LENGTH,1,2,1,1.0,50.0,West Indies
326635,Cameron Gannon,RHB,OUTSIDE_OFFSTUMP,SHORT,1,2,1,1.0,50.0,United States of America
823703,Rajat Patidar,RHB,WIDE_OUTSIDE_OFFSTUMP,FULL_TOSS,2,2,1,2.0,100.0,India
446810,Nazmul Islam,LHB,ON_THE_STUMPS,GOOD_LENGTH,4,2,1,4.0,200.0,Bangladesh
56054,Naeem Islam,RHB,ON_THE_STUMPS,FULL,2,2,1,2.0,100.0,Bangladesh
327947,Dane Paterson,RHB,ON_THE_STUMPS,FULL,4,2,1,4.0,200.0,South Africa
1112535,Neil Rock,LHB,ON_THE_STUMPS,YORKER,0,2,1,0.0,0.0,Ireland
471202,Brett D'Oliveira,RHB,ON_THE_STUMPS,GOOD_LENGTH,0,2,1,0.0,0.0,England
823509,Glenn Phillips,RHB,WIDE_DOWN_LEG,FULL_TOSS,0,2,1,0.0,0.0,New Zealand
56125,Shohidul Islam,RHB,DOWN_LEG,SHORT,0,2,1,0.0,0.0,Bangladesh
7069,Steve O'Keefe,RHB,DOWN_LEG,SHORT,4,2,1,4.0,200.0,Australia
33870,Rajagopal Sathish,RHB,ON_THE_STUMPS,YORKER,2,2,1,2.0,100.0,India
461632,Reece Topley,RHB,OUTSIDE_OFFSTUMP,SHORT,0,2,1,0.0,0.0,England
1264431,Kadeem Alleyne,RHB,OUTSIDE_OFFSTUMP,FULL,1,2,1,1.0,50.0,West Indies
486672,Theunis de Bruyn,RHB,DOWN_LEG,FULL,1,2,1,1.0,50.0,South Africa
1126196,Abhishek Thakuri,LHB,OUTSIDE_OFFSTUMP,GOOD_LENGTH,4,2,1,4.0,200.0,India
326625,Cameron Boyce,RHB,ON_THE_STUMPS,YORKER,0,2,1,0.0,0.0,Australia
326625,Cameron Boyce,RHB,WIDE_OUTSIDE_OFFSTUMP,SHORT_OF_A_GOOD_LENGTH,0,2,2,0.0,0.0,Australia
333780,Nic Maddinson,LHB,WIDE_OUTSIDE_OFFSTUMP,GOOD_LENGTH,1,2,1,1.0,50.0,Australia
56053,Nadif Chowdhury,RHB,DOWN_LEG,GOOD_LENGTH,2,2,1,2.0,100.0,Bangladesh
1246507,L Kishan Singha,RHB,OUTSIDE_OFFSTUMP,GOOD_LENGTH,0,2,1,0.0,0.0,India
333782,Timm van der Gugten,RHB,OUTSIDE_OFFSTUMP,GOOD_LENGTH,1,2,1,1.0,50.0,Netherlands
1112537,Jordan Cox,RHB,OUTSIDE_OFFSTUMP,YORKER,4,2,1,4.0,200.0,England
450075,Kesrick Williams,RHB,ON_THE_STUMPS,SHORT_OF_A_GOOD_LENGTH,6,2,1,6.0,300.0,West Indies
32966,Piyush Chawla,LHB,WIDE_OUTSIDE_OFFSTUMP,GOOD_LENGTH,0,2,2,0.0,0.0,India
805235,Himmat Singh,RHB,ON_THE_STUMPS,SHORT_OF_A_GOOD_LENGTH,4,2,1,4.0,200.0,India
1276980,Ripon Mondol,RHB,OUTSIDE_OFFSTUMP,FULL,0,2,1,0.0,0.0,Bangladesh
448243,Rumman Raees,RHB,ON_THE_STUMPS,FULL_TOSS,0,2,1,0.0,0.0,Pakistan
805235,Himmat Singh,RHB,ON_THE_STUMPS,FULL_TOSS,0,2,1,0.0,0.0,India
447287,Faizan Asif,LHB,DOWN_LEG,SHORT,4,2,1,4.0,200.0,United Arab Emirates
7502,Luke Ronchi,RHB,WIDE_OUTSIDE_OFFSTUMP,YORKER,0,2,1,0.0,0.0,New Zealand
1272475,Zaman Khan,RHB,ON_THE_STUMPS,SHORT_OF_A_GOOD_LENGTH,0,2,1,0.0,0.0,Pakistan
805925,Mohammad Irfan,RHB,ON_THE_STUMPS,GOOD_LENGTH,0,2,1,0.0,0.0,Pakistan
821755,Sanjit Saha,RHB,ON_THE_STUMPS,GOOD_LENGTH,1,2,1,1.0,50.0,Bangladesh
481896,Mohammed Shami,RHB,WIDE_OUTSIDE_OFFSTUMP,SHORT,1,2,1,1.0,50.0,India
331375,Hamish Rutherford,LHB,ON_THE_STUMPS,YORKER,1,2,1,1.0,50.0,New Zealand
1125958,Atharva Taide,LHB,DOWN_LEG,SHORT,6,2,1,6.0,300.0,India
1115033,Simon Atai,LHB,WIDE_OUTSIDE_OFFSTUMP,FULL,1,2,1,1.0,50.0,Papua New Guinea
331375,Hamish Rutherford,LHB,ON_THE_STUMPS,SHORT,0,2,1,0.0,0.0,New Zealand
1277007,Abdullah Al Mamun,LHB,OUTSIDE_OFFSTUMP,FULL,6,2,1,6.0,300.0,Bangladesh
823339,Ahmer Bin Nisar,RHB,ON_THE_STUMPS,SHORT_OF_A_GOOD_LENGTH,1,2,1,1.0,50.0,Bahrain
789729,Callum Parkinson,RHB,ON_THE_STUMPS,GOOD_LENGTH,1,2,1,1.0,50.0,England
481979,Anrich Nortje,RHB,DOWN_LEG,SHORT,1,2,1,1.0,50.0,South Africa
784375,Lahiru Kumara,LHB,ON_THE_STUMPS,FULL_TOSS,1,2,1,1.0,50.0,Sri Lanka
1072463,Nasir Nawaz,RHB,OUTSIDE_OFFSTUMP,FULL,2,2,1,2.0,100.0,Pakistan
959833,Wes Agar,RHB,OUTSIDE_OFFSTUMP,SHORT,0,2,1,0.0,0.0,Australia
959833,Wes Agar,RHB,ON_THE_STUMPS,YORKER,0,2,2,0.0,0.0,Australia
1361962,Ahsan ul Haq,RHB,OUTSIDE_OFFSTUMP,GOOD_LENGTH,0,2,1,0.0,0.0,Kuwait
1353033,Muhammad Jawadullah,LHB,OUTSIDE_OFFSTUMP,GOOD_LENGTH,1,2,1,1.0,50.0,United Arab Emirates
395057,Seth Rance,RHB,ON_THE_STUMPS,GOOD_LENGTH,1,2,1,1.0,50.0,New Zealand
362710,David Payne,RHB,OUTSIDE_OFFSTUMP,FULL,6,2,1,6.0,300.0,England
959769,Ben Sears,RHB,OUTSIDE_OFFSTUMP,FULL,1,2,1,1.0,50.0,New Zealand
959787,Salman Fayyaz,LHB,OUTSIDE_OFFSTUMP,FULL,1,2,1,1.0,50.0,
959789,Hassan Khan,RHB,WIDE_OUTSIDE_OFFSTUMP,FULL,1,2,1,1.0,50.0,United States of America
364343,Craig Young,RHB,WIDE_OUTSIDE_OFFSTUMP,FULL,4,2,1,4.0,200.0,Ireland
390481,Harshal Patel,RHB,WIDE_OUTSIDE_OFFSTUMP,SHORT_OF_A_GOOD_LENGTH,2,2,1,2.0,100.0,India
961713,Riley Meredith,RHB,ON_THE_STUMPS,SHORT_OF_A_GOOD_LENGTH,0,2,1,0.0,0.0,Australia
373439,Abul Hasan,LHB,ON_THE_STUMPS,FULL_TOSS,1,2,1,1.0,50.0,Bangladesh
1369884,Manan Ali,RHB,ON_THE_STUMPS,YORKER,0,2,1,0.0,0.0,Saudi Arabia
974175,Fazalhaq Farooqi,RHB,ON_THE_STUMPS,FULL,1,2,1,1.0,50.0,Afghanistan
47492,Dale Steyn,RHB,ON_THE_STUMPS,FULL,4,2,1,4.0,200.0,South Africa
47492,Dale Steyn,RHB,OUTSIDE_OFFSTUMP,FULL,1,2,1,1.0,50.0,South Africa
969379,Hiten Dalal,RHB,ON_THE_STUMPS,GOOD_LENGTH,0,2,2,0.0,0.0,India
962831,Henry Shipley,RHB,WIDE_OUTSIDE_OFFSTUMP,GOOD_LENGTH,4,2,1,4.0,200.0,New Zealand
962831,Henry Shipley,RHB,OUTSIDE_OFFSTUMP,SHORT,2,2,1,2.0,100.0,New Zealand
390891,Ikramullah Khan,LHB,OUTSIDE_OFFSTUMP,GOOD_LENGTH,1,2,1,1.0,50.0,Qatar
390891,Ikramullah Khan,LHB,ON_THE_STUMPS,FULL,1,2,1,1.0,50.0,Qatar
390730,Manisankar  Murasingh,LHB,ON_THE_STUMPS,GOOD_LENGTH,2,2,1,2.0,100.0,India
47660,Ryan ten Doeschate,RHB,WIDE_OUTSIDE_OFFSTUMP,SHORT,0,2,1,0.0,0.0,Netherlands
402992,Shuvagata Hom,RHB,ON_THE_STUMPS,YORKER,0,2,1,0.0,0.0,Bangladesh
361162,Chanaka Ruwansiri,RHB,OUTSIDE_OFFSTUMP,FULL,0,2,1,0.0,0.0,Sri Lanka
1340427,Bikash Singh,RHB,OUTSIDE_OFFSTUMP,SHORT_OF_A_GOOD_LENGTH,1,2,1,1.0,50.0,India
360911,Varun Aaron,RHB,ON_THE_STUMPS,FULL,1,2,1,1.0,50.0,India
1076473,Izharulhaq Naveed,RHB,OUTSIDE_OFFSTUMP,GOOD_LENGTH,1,2,1,1.0,50.0,Afghanistan
1076473,Izharulhaq Naveed,RHB,OUTSIDE_OFFSTUMP,SHORT,1,2,1,1.0,50.0,Afghanistan
948593,Mihlali Mpongwana,RHB,WIDE_OUTSIDE_OFFSTUMP,GOOD_LENGTH,1,2,1,1.0,50.0,South Africa
407265,Josh Davey,RHB,ON_THE_STUMPS,YORKER,0,2,1,0.0,0.0,Scotland
407265,Josh Davey,RHB,OUTSIDE_OFFSTUMP,SHORT,1,2,1,1.0,50.0,Scotland
401540,Aizaz Khan,RHB,DOWN_LEG,GOOD_LENGTH,0,2,1,0.0,0.0,Hong Kong
399259,Alasdair Evans,RHB,ON_THE_STUMPS,YORKER,0,2,1,0.0,0.0,Scotland
362541,Doug Bracewell,RHB,WIDE_OUTSIDE_OFFSTUMP,FULL,0,2,1,0.0,0.0,New Zealand
1344829,Rizwan Butt,RHB,OUTSIDE_OFFSTUMP,FULL_TOSS,1,2,1,1.0,50.0,Bahrain
49535,Nuwan Kulasekara,RHB,OUTSIDE_OFFSTUMP,SHORT,0,2,1,0.0,0.0,Sri Lanka
1343701,Uday Hathinjar,RHB,WIDE_OUTSIDE_OFFSTUMP,SHORT_OF_A_GOOD_LENGTH,0,2,1,0.0,0.0,Cambodia
1344838,Atif-Ur-Rehman,RHB,ON_THE_STUMPS,GOOD_LENGTH,2,2,1,2.0,100.0,Saudi Arabia
49178,Rangana Herath,LHB,OUTSIDE_OFFSTUMP,GOOD_LENGTH,0,2,1,0.0,0.0,Sri Lanka
1344838,Atif-Ur-Rehman,RHB,OUTSIDE_OFFSTUMP,FULL,2,2,1,2.0,100.0,Saudi Arabia
1075863,Kamil Mishara,LHB,OUTSIDE_OFFSTUMP,FULL,0,2,1,0.0,0.0,Sri Lanka
362541,Doug Bracewell,RHB,DOWN_LEG,SHORT_OF_A_GOOD_LENGTH,1,2,1,1.0,50.0,New Zealand
400587,Irfan Sukkur,LHB,WIDE_OUTSIDE_OFFSTUMP,YORKER,2,2,1,2.0,100.0,Bangladesh
4451,George Bailey,RHB,WIDE_OUTSIDE_OFFSTUMP,YORKER,4,2,1,4.0,200.0,Australia
1045883,Clive Madande,RHB,ON_THE_STUMPS,SHORT,1,2,1,1.0,50.0,Zimbabwe
1065662,Roshon Primus,RHB,DOWN_LEG,SHORT_OF_A_GOOD_LENGTH,0,2,1,0.0,0.0,West Indies
1037535,Aslam Khan,RHB,ON_THE_STUMPS,GOOD_LENGTH,0,2,2,0.0,0.0,Malaysia
1414161,Samal Udawaththa,LHB,OUTSIDE_OFFSTUMP,SHORT,2,2,1,2.0,100.0,United Arab Emirates
1065115,Benjamin Manenti,RHB,ON_THE_STUMPS,SHORT_OF_A_GOOD_LENGTH,1,2,1,1.0,50.0,Italy
376324,Anureet Singh,RHB,OUTSIDE_OFFSTUMP,FULL_TOSS,1,2,1,1.0,50.0,India
1048813,Narayan Jagadeesan,RHB,OUTSIDE_OFFSTUMP,FULL_TOSS,1,2,1,1.0,50.0,India
44752,Henry Davids,RHB,ON_THE_STUMPS,FULL,0,2,1,0.0,0.0,South Africa
1036191,Bas de Leede,RHB,ON_THE_STUMPS,YORKER,2,2,1,2.0,100.0,Netherlands
1403153,Arshin Kulkarni,RHB,ON_THE_STUMPS,GOOD_LENGTH,0,2,2,0.0,0.0,
44956,Grant Elliott,RHB,DOWN_LEG,FULL,4,2,1,4.0,200.0,New Zealand
379927,Beuran Hendricks,LHB,ON_THE_STUMPS,FULL,0,2,2,0.0,0.0,South Africa
4493,Dean Brownlie,RHB,ON_THE_STUMPS,SHORT,4,2,1,4.0,200.0,New Zealand
380974,Sunzamul Islam,LHB,ON_THE_STUMPS,GOOD_LENGTH,0,2,1,0.0,0.0,Bangladesh
380974,Sunzamul Islam,LHB,OUTSIDE_OFFSTUMP,GOOD_LENGTH,0,2,2,0.0,0.0,Bangladesh
1030549,Andrew Hazeldine,RHB,ON_THE_STUMPS,GOOD_LENGTH,0,2,1,0.0,0.0,New Zealand
1070154,Nimesh Vimukthi,LHB,ON_THE_STUMPS,GOOD_LENGTH,0,2,1,0.0,0.0,Sri Lanka
376324,Anureet Singh,RHB,OUTSIDE_OFFSTUMP,SHORT_OF_A_GOOD_LENGTH,0,2,1,0.0,0.0,India
1048891,Aryaman Sunil,RHB,ON_THE_STUMPS,FULL,0,2,1,0.0,0.0,Singapore
1061467,Dillon Heyliger,RHB,OUTSIDE_OFFSTUMP,GOOD_LENGTH,4,2,1,4.0,200.0,Canada
1058987,Karthik Meiyappan,RHB,ON_THE_STUMPS,GOOD_LENGTH,1,2,1,1.0,50.0,United Arab Emirates
44407,Wesley Barresi,RHB,DOWN_LEG,GOOD_LENGTH,1,2,1,1.0,50.0,Netherlands
1428999,Vimukthi Viraj,RHB,WIDE_OUTSIDE_OFFSTUMP,SHORT_OF_A_GOOD_LENGTH,0,2,1,0.0,0.0,
378496,Parvez Rasool,RHB,OUTSIDE_OFFSTUMP,GOOD_LENGTH,1,2,1,1.0,50.0,India
1050545,Xavier Bartlett,RHB,ON_THE_STUMPS,YORKER,0,2,1,0.0,0.0,Australia
379504,Adam Zampa,RHB,DOWN_LEG,SHORT_OF_A_GOOD_LENGTH,1,2,1,1.0,50.0,Australia
1064812,Rahul Chahar,RHB,WIDE_OUTSIDE_OFFSTUMP,FULL,0,2,1,0.0,0.0,India
379145,Tabraiz Shamsi,RHB,DOWN_LEG,GOOD_LENGTH,1,2,1,1.0,50.0,South Africa
1058514,Aasif Sheikh,RHB,OUTSIDE_OFFSTUMP,SHORT,0,2,1,0.0,0.0,Nepal
43590,Wahab Riaz,RHB,DOWN_LEG,YORKER,0,2,1,0.0,0.0,Pakistan
1397989,Bukhar Illikkal,LHB,ON_THE_STUMPS,YORKER,0,2,1,0.0,0.0,Qatar
42876,Sultan Ahmed,RHB,OUTSIDE_OFFSTUMP,GOOD_LENGTH,0,2,1,0.0,0.0,Oman
990023,Tanzid Hasan,LHB,WIDE_OUTSIDE_OFFSTUMP,GOOD_LENGTH,4,2,1,4.0,200.0,Bangladesh
384518,Hammad Azam,RHB,OUTSIDE_OFFSTUMP,FULL_TOSS,1,2,1,1.0,50.0,United States of America
1070188,Kamlesh Nagarkoti,RHB,OUTSIDE_OFFSTUMP,FULL,4,2,1,4.0,200.0,India
1070195,Harvik Desai,RHB,DOWN_LEG,SHORT_OF_A_GOOD_LENGTH,6,2,1,6.0,300.0,India
388794,Michael Pollard,RHB,WIDE_OUTSIDE_OFFSTUMP,SHORT,4,2,1,4.0,200.0,New Zealand
46543,Wayne Madsen,RHB,ON_THE_STUMPS,YORKER,0,2,2,0.0,0.0,Italy
4498,Aiden Blizzard,LHB,OUTSIDE_OFFSTUMP,FULL,1,2,1,1.0,50.0,Australia
977451,Jack Prestwidge,RHB,WIDE_OUTSIDE_OFFSTUMP,GOOD_LENGTH,1,2,1,1.0,50.0,Australia
373538,Sabbir Rahman,RHB,WIDE_DOWN_LEG,SHORT,0,2,1,0.0,0.0,Bangladesh
373539,Robiul Islam Robi,RHB,ON_THE_STUMPS,SHORT_OF_A_GOOD_LENGTH,0,2,1,0.0,0.0,Bangladesh
1070665,Dewald Brevis,RHB,WIDE_OUTSIDE_OFFSTUMP,FULL_TOSS,1,2,1,1.0,50.0,South Africa
45789,Jacques Kallis,RHB,ON_THE_STUMPS,SHORT,0,2,2,0.0,0.0,South Africa
1400702,Nimish Lathief,LHB,OUTSIDE_OFFSTUMP,FULL,4,2,1,4.0,200.0,Kuwait
1012131,Rakibul Hasan,LHB,ON_THE_STUMPS,FULL,4,2,1,4.0,200.0,Bangladesh
381183,Evan Gulbis,RHB,ON_THE_STUMPS,YORKER,0,2,1,0.0,0.0,Australia
44956,Grant Elliott,RHB,OUTSIDE_OFFSTUMP,SHORT,4,2,1,4.0,200.0,New Zealand
43590,Wahab Riaz,RHB,DOWN_LEG,SHORT,1,2,1,1.0,50.0,Pakistan
384355,Anaru Kitchen,RHB,ON_THE_STUMPS,FULL_TOSS,4,2,1,4.0,200.0,New Zealand
43121,Shaiman Anwar,RHB,ON_THE_STUMPS,FULL_TOSS,1,2,1,1.0,50.0,United Arab Emirates
995037,Mahidul Islam Ankon,RHB,DOWN_LEG,FULL,2,2,1,2.0,100.0,Bangladesh
4493,Dean Brownlie,RHB,OUTSIDE_OFFSTUMP,SHORT,0,2,1,0.0,0.0,New Zealand
1070180,Priyam Garg,RHB,WIDE_OUTSIDE_OFFSTUMP,SHORT_OF_A_GOOD_LENGTH,1,2,1,1.0,50.0,India
1397996,Kashif Abbas,LHB,ON_THE_STUMPS,SHORT_OF_A_GOOD_LENGTH,0,2,1,0.0,0.0,Saudi Arabia
359746,Saad Bin Zafar,LHB,ON_THE_STUMPS,SHORT,6,2,1,6.0,300.0,Canada
348059,Barry McCarthy,RHB,DOWN_LEG,FULL,4,2,1,4.0,200.0,Ireland
322810,Cameron Delport,LHB,DOWN_LEG,YORKER,0,2,1,0.0,0.0,South Africa
430246,Yuzvendra Chahal,RHB,WIDE_OUTSIDE_OFFSTUMP,GOOD_LENGTH,2,2,1,2.0,100.0,India
53119,Liam Sebastien,LHB,ON_THE_STUMPS,FULL,0,2,1,0.0,0.0,West Indies
1295842,Campbell Kellaway,LHB,DOWN_LEG,SHORT,1,2,1,1.0,50.0,Australia
431910,Nicholson Gordon,RHB,OUTSIDE_OFFSTUMP,FULL,0,2,1,0.0,0.0,West Indies
909225,Paul Walter,LHB,WIDE_OUTSIDE_OFFSTUMP,SHORT,6,2,1,6.0,300.0,England
909225,Paul Walter,LHB,WIDE_OUTSIDE_OFFSTUMP,GOOD_LENGTH,4,2,1,4.0,200.0,England
432072,Trevon Griffith,LHB,ON_THE_STUMPS,FULL_TOSS,4,2,1,4.0,200.0,West Indies
432072,Trevon Griffith,LHB,ON_THE_STUMPS,SHORT,6,2,1,6.0,300.0,West Indies
1088612,Zak Evans,RHB,OUTSIDE_OFFSTUMP,SHORT_OF_A_GOOD_LENGTH,0,2,1,0.0,0.0,Australia
431909,Jermaine Blackwood,RHB,ON_THE_STUMPS,YORKER,2,2,1,2.0,100.0,West Indies
5766,David Hussey,RHB,OUTSIDE_OFFSTUMP,GOOD_LENGTH,1,2,1,1.0,50.0,Australia
53191,Jerome Taylor,RHB,ON_THE_STUMPS,YORKER,1,2,1,1.0,50.0,West Indies
1089962,Patrick Dooley,LHB,DOWN_LEG,GOOD_LENGTH,0,2,1,0.0,0.0,Australia
922941,Abdullah Shafique,RHB,DOWN_LEG,SHORT,0,2,1,0.0,0.0,Pakistan
429738,Lakshan Sandakan,RHB,ON_THE_STUMPS,YORKER,0,2,1,0.0,0.0,Sri Lanka
348129,Nitish Kumar,RHB,DOWN_LEG,SHORT,0,2,1,0.0,0.0,United States of America
52334,Imran Khan,RHB,WIDE_OUTSIDE_OFFSTUMP,SHORT_OF_A_GOOD_LENGTH,4,2,1,4.0,200.0,West Indies
429886,Wihan Lubbe,LHB,WIDE_OUTSIDE_OFFSTUMP,FULL,4,2,1,4.0,200.0,South Africa
914577,Colin Archibald,LHB,ON_THE_STUMPS,GOOD_LENGTH,0,2,1,0.0,0.0,West Indies
1295851,Joel Davies,LHB,OUTSIDE_OFFSTUMP,FULL_TOSS,1,2,1,1.0,50.0,Australia
916727,Mohammad Imran,RHB,ON_THE_STUMPS,SHORT_OF_A_GOOD_LENGTH,6,2,1,6.0,300.0,Pakistan
348109,Paul van Meekeren,RHB,DOWN_LEG,YORKER,0,2,1,0.0,0.0,Netherlands
52997,Shane Shillingford,RHB,OUTSIDE_OFFSTUMP,GOOD_LENGTH,0,2,2,0.0,0.0,West Indies
878465,Mehedi Hasan Rana,LHB,OUTSIDE_OFFSTUMP,FULL,4,2,1,4.0,200.0,Bangladesh
888455,Umair Ali,RHB,OUTSIDE_OFFSTUMP,FULL,1,2,1,1.0,50.0,United Arab Emirates
888455,Umair Ali,RHB,OUTSIDE_OFFSTUMP,GOOD_LENGTH,0,2,1,0.0,0.0,United Arab Emirates
1093632,Junaid Aziz,RHB,OUTSIDE_OFFSTUMP,SHORT,2,2,1,2.0,100.0,Bahrain
1287369,Saurav Chauhan,LHB,OUTSIDE_OFFSTUMP,SHORT,0,2,1,0.0,0.0,India
868003,Syed Aziz,LHB,OUTSIDE_OFFSTUMP,YORKER,0,2,1,0.0,0.0,Malaysia
342616,Kithuruwan Vithanage,LHB,WIDE_OUTSIDE_OFFSTUMP,FULL,0,2,2,0.0,0.0,Sri Lanka
437448,Jake Lehmann,LHB,ON_THE_STUMPS,YORKER,0,2,1,0.0,0.0,Australia
343548,Raza Hasan,RHB,ON_THE_STUMPS,SHORT_OF_A_GOOD_LENGTH,0,2,1,0.0,0.0,Pakistan
432783,Sachin Baby,LHB,DOWN_LEG,YORKER,0,2,1,0.0,0.0,India
432960,Simon Harmer,RHB,WIDE_OUTSIDE_OFFSTUMP,FULL,1,2,1,1.0,50.0,South Africa
434429,Aamer Yamin,RHB,OUTSIDE_OFFSTUMP,FULL_TOSS,1,2,1,1.0,50.0,Pakistan
55343,Elton Chigumbura,RHB,OUTSIDE_OFFSTUMP,YORKER,1,2,1,1.0,50.0,Zimbabwe
432960,Simon Harmer,RHB,OUTSIDE_OFFSTUMP,FULL,1,2,1,1.0,50.0,South Africa
1294141,Aryansh Sharma,RHB,DOWN_LEG,SHORT,4,2,1,4.0,200.0,United Arab Emirates
909225,Paul Walter,LHB,DOWN_LEG,GOOD_LENGTH,0,2,1,0.0,0.0,England
1092313,Rohail Nazir,RHB,ON_THE_STUMPS,YORKER,0,2,1,0.0,0.0,Pakistan
901155,Liam Hatcher,RHB,DOWN_LEG,FULL,6,2,1,6.0,300.0,Australia
1092313,Rohail Nazir,RHB,WIDE_OUTSIDE_OFFSTUMP,FULL,0,2,1,0.0,0.0,Pakistan
55354,Chamu Chibhabha,RHB,ON_THE_STUMPS,FULL_TOSS,1,2,1,1.0,50.0,Zimbabwe
37095,Daniel Flynn,LHB,WIDE_OUTSIDE_OFFSTUMP,FULL,0,2,1,0.0,0.0,New Zealand
902447,Dale Phillips,RHB,ON_THE_STUMPS,SHORT,6,2,1,6.0,300.0,New Zealand
434813,Marcus Harris,LHB,WIDE_OUTSIDE_OFFSTUMP,GOOD_LENGTH,0,2,2,0.0,0.0,Australia
37095,Daniel Flynn,LHB,OUTSIDE_OFFSTUMP,SHORT,6,2,1,6.0,300.0,New Zealand
417386,Cornelis Bodenstein,LHB,ON_THE_STUMPS,FULL,1,2,1,1.0,50.0,England
1078692,Alick Athanaze,LHB,OUTSIDE_OFFSTUMP,SHORT,0,2,1,0.0,0.0,West Indies
50802,Mahela Udawatte,LHB,ON_THE_STUMPS,SHORT_OF_A_GOOD_LENGTH,0,2,1,0.0,0.0,Sri Lanka
1078693,Joshua Bishop,RHB,WIDE_OUTSIDE_OFFSTUMP,FULL,6,2,1,6.0,300.0,West Indies
1078697,Jeavor Royal,RHB,ON_THE_STUMPS,FULL,1,2,1,1.0,50.0,West Indies
414990,Jake Ball,RHB,ON_THE_STUMPS,YORKER,0,2,1,0.0,0.0,England
1078692,Alick Athanaze,LHB,DOWN_LEG,SHORT_OF_A_GOOD_LENGTH,1,2,1,1.0,50.0,West Indies
417268,Matthew Cross,RHB,ON_THE_STUMPS,FULL_TOSS,1,2,1,1.0,50.0,Scotland
938959,Wessley Madhevere,RHB,WIDE_OUTSIDE_OFFSTUMP,SHORT,4,2,1,4.0,200.0,Zimbabwe
417381,Andy McBrine,LHB,ON_THE_STUMPS,FULL,1,2,1,1.0,50.0,Ireland
938959,Wessley Madhevere,RHB,DOWN_LEG,GOOD_LENGTH,1,2,1,1.0,50.0,Zimbabwe
420419,Tobias Visee,RHB,OUTSIDE_OFFSTUMP,SHORT_OF_A_GOOD_LENGTH,0,2,1,0.0,0.0,Netherlands
1329695,Hassan Nawaz,RHB,ON_THE_STUMPS,SHORT_OF_A_GOOD_LENGTH,1,2,1,1.0,50.0,Pakistan
1076721,Lloyd Pope,RHB,OUTSIDE_OFFSTUMP,GOOD_LENGTH,0,2,2,0.0,0.0,Australia
946453,Daniel Smith,LHB,ON_THE_STUMPS,FULL_TOSS,4,2,1,4.0,200.0,South Africa
1076722,Will Sutherland,RHB,DOWN_LEG,FULL,1,2,1,1.0,50.0,Australia
1339013,Nihar Narah,RHB,ON_THE_STUMPS,SHORT_OF_A_GOOD_LENGTH,1,2,1,1.0,50.0,India
946517,Dion Myers,RHB,ON_THE_STUMPS,YORKER,0,2,1,0.0,0.0,Zimbabwe
946351,Valentine Kitime,RHB,ON_THE_STUMPS,SHORT_OF_A_GOOD_LENGTH,4,2,1,4.0,200.0,South Africa
50205,Malinda Pushpakumara,RHB,OUTSIDE_OFFSTUMP,SHORT,0,2,1,0.0,0.0,Sri Lanka
1076722,Will Sutherland,RHB,WIDE_DOWN_LEG,GOOD_LENGTH,0,2,1,0.0,0.0,Australia
1077662,Frederick Walker,LHB,ON_THE_STUMPS,YORKER,0,2,1,0.0,0.0,New Zealand
5560,Brad Haddin,RHB,ON_THE_STUMPS,SHORT,1,2,1,1.0,50.0,Australia
50710,Kumar Sangakkara,LHB,DOWN_LEG,FULL_TOSS,1,2,1,1.0,50.0,Sri Lanka
941039,Akshat Pandey,LHB,ON_THE_STUMPS,GOOD_LENGTH,0,2,1,0.0,0.0,India
1077307,Kaleemullah,RHB,OUTSIDE_OFFSTUMP,FULL,0,2,1,0.0,0.0,Oman
942645,Khaleel Ahmed,RHB,OUTSIDE_OFFSTUMP,SHORT_OF_A_GOOD_LENGTH,0,2,1,0.0,0.0,India
942645,Khaleel Ahmed,RHB,ON_THE_STUMPS,YORKER,0,2,2,0.0,0.0,India
1304794,Flynn McGregor-Sumpter,LHB,ON_THE_STUMPS,FULL,0,2,1,0.0,0.0,
424176,Rongsen Jonathan,RHB,ON_THE_STUMPS,SHORT_OF_A_GOOD_LENGTH,2,2,1,2.0,100.0,India
928015,Josh Clarkson,RHB,ON_THE_STUMPS,YORKER,0,2,2,0.0,0.0,New Zealand
1301600,Umer Toor,RHB,ON_THE_STUMPS,SHORT_OF_A_GOOD_LENGTH,0,2,1,0.0,0.0,Bahrain
427485,Arjit Gupta,RHB,ON_THE_STUMPS,SHORT_OF_A_GOOD_LENGTH,0,2,1,0.0,0.0,India
427485,Arjit Gupta,RHB,ON_THE_STUMPS,FULL,0,2,1,0.0,0.0,India
926651,Joshua Ozukum,RHB,ON_THE_STUMPS,SHORT_OF_A_GOOD_LENGTH,1,2,1,1.0,50.0,India
1081218,Suraj Ahuja,RHB,ON_THE_STUMPS,SHORT_OF_A_GOOD_LENGTH,2,2,1,2.0,100.0,India
1079839,Anukul Roy,LHB,ON_THE_STUMPS,SHORT,0,2,1,0.0,0.0,India
422593,Daniel Bell-Drummond,RHB,DOWN_LEG,SHORT,6,2,1,6.0,300.0,England
422593,Daniel Bell-Drummond,RHB,ON_THE_STUMPS,FULL_TOSS,4,2,1,4.0,200.0,England
1323683,Aaron Johnson,RHB,WIDE_OUTSIDE_OFFSTUMP,SHORT_OF_A_GOOD_LENGTH,1,2,1,1.0,50.0,Canada
932355,Ebadot Hossain,RHB,ON_THE_STUMPS,SHORT_OF_A_GOOD_LENGTH,0,2,1,0.0,0.0,Bangladesh
1327710,Rohan Patil,LHB,DOWN_LEG,FULL,0,2,1,0.0,0.0,India
51439,Dwayne Bravo,RHB,WIDE_DOWN_LEG,GOOD_LENGTH,4,2,1,4.0,200.0,West Indies
931581,Rishabh Pant,LHB,WIDE_DOWN_LEG,GOOD_LENGTH,0,2,1,0.0,0.0,India
422965,Shehan Jayasuriya,LHB,WIDE_OUTSIDE_OFFSTUMP,YORKER,1,2,1,1.0,50.0,United States of America
928067,Josh Little,RHB,ON_THE_STUMPS,FULL_TOSS,0,2,1,0.0,0.0,Ireland
422965,Shehan Jayasuriya,LHB,OUTSIDE_OFFSTUMP,YORKER,0,2,1,0.0,0.0,United States of America
277911,George Worker,LHB,OUTSIDE_OFFSTUMP,FULL_TOSS,4,2,1,4.0,200.0,New Zealand
774223,Jhye Richardson,RHB,DOWN_LEG,SHORT,6,2,1,6.0,300.0,Australia
573170,Luke Wood,LHB,WIDE_OUTSIDE_OFFSTUMP,FULL,0,2,1,0.0,0.0,England
30288,Karn Sharma,LHB,WIDE_OUTSIDE_OFFSTUMP,FULL_TOSS,0,2,1,0.0,0.0,India
315594,Ashley Nurse,RHB,WIDE_OUTSIDE_OFFSTUMP,SHORT,1,2,1,1.0,50.0,West Indies
30288,Karn Sharma,LHB,WIDE_OUTSIDE_OFFSTUMP,GOOD_LENGTH,0,2,1,0.0,0.0,India
252932,Kieran Powell,LHB,ON_THE_STUMPS,SHORT,0,2,1,0.0,0.0,West Indies
1209190,Matthew Forde,RHB,ON_THE_STUMPS,YORKER,1,2,1,1.0,50.0,West Indies
276843,Aubrey Swanepoel,RHB,ON_THE_STUMPS,SHORT_OF_A_GOOD_LENGTH,1,2,1,1.0,50.0,South Africa
1201539,Johnson Singh,RHB,OUTSIDE_OFFSTUMP,SHORT_OF_A_GOOD_LENGTH,0,2,1,0.0,0.0,India
1209190,Matthew Forde,RHB,ON_THE_STUMPS,FULL_TOSS,1,2,1,1.0,50.0,West Indies
1151273,Nehal Wadhera,LHB,ON_THE_STUMPS,YORKER,0,2,2,0.0,0.0,India
698189,Wiaan Mulder,RHB,WIDE_OUTSIDE_OFFSTUMP,FULL_TOSS,6,2,1,6.0,300.0,South Africa
1159712,Prayas Ray Barman,RHB,ON_THE_STUMPS,GOOD_LENGTH,0,2,1,0.0,0.0,India
580400,Khizar Hayat,RHB,WIDE_OUTSIDE_OFFSTUMP,SHORT_OF_A_GOOD_LENGTH,1,2,1,1.0,50.0,Malaysia
623977,Agha Salman,RHB,ON_THE_STUMPS,FULL_TOSS,1,2,1,1.0,50.0,Pakistan
623977,Agha Salman,RHB,DOWN_LEG,SHORT,0,2,2,0.0,0.0,Pakistan
268740,Seekkuge Prasanna,RHB,ON_THE_STUMPS,YORKER,0,2,2,0.0,0.0,Sri Lanka
698315,Donovan Ferreira,RHB,ON_THE_STUMPS,SHORT,1,2,1,1.0,50.0,South Africa
30732,Praveen Kumar,RHB,ON_THE_STUMPS,YORKER,1,2,1,1.0,50.0,India
253802,Virat Kohli,RHB,WIDE_DOWN_LEG,FULL,2,2,1,2.0,100.0,India
1182529,Noor Ahmad,RHB,DOWN_LEG,SHORT_OF_A_GOOD_LENGTH,0,2,2,0.0,0.0,Afghanistan
1161050,Sediqullah Atal,LHB,DOWN_LEG,SHORT_OF_A_GOOD_LENGTH,2,2,1,2.0,100.0,Afghanistan
1209110,Basil Hameed,RHB,DOWN_LEG,SHORT,0,2,1,0.0,0.0,United Arab Emirates
274921,Veerasammy Permaul,RHB,ON_THE_STUMPS,YORKER,1,2,1,1.0,50.0,West Indies
269237,Mohammad Mithun,RHB,DOWN_LEG,SHORT,6,2,1,6.0,300.0,Bangladesh
1161050,Sediqullah Atal,LHB,ON_THE_STUMPS,YORKER,1,2,1,1.0,50.0,Afghanistan
12461,Jade Dernbach,RHB,OUTSIDE_OFFSTUMP,SHORT_OF_A_GOOD_LENGTH,4,2,1,4.0,200.0,England
697183,Tony de Zorzi,LHB,WIDE_OUTSIDE_OFFSTUMP,SHORT_OF_A_GOOD_LENGTH,1,2,1,1.0,50.0,South Africa
696439,Tiaan van Vuuren,RHB,ON_THE_STUMPS,GOOD_LENGTH,6,2,1,6.0,300.0,South Africa
1185538,Mohammad Wasim,RHB,ON_THE_STUMPS,FULL_TOSS,2,2,1,2.0,100.0,Pakistan
315035,Sybrand Engelbrecht,RHB,ON_THE_STUMPS,GOOD_LENGTH,1,2,1,1.0,50.0,Netherlands
314991,Aviwe Mgijima,RHB,OUTSIDE_OFFSTUMP,GOOD_LENGTH,1,2,1,1.0,50.0,South Africa
1207296,Divyansh Joshi,RHB,OUTSIDE_OFFSTUMP,FULL,1,2,1,1.0,50.0,India
574178,Akila Dananjaya,LHB,WIDE_OUTSIDE_OFFSTUMP,FULL,1,2,1,1.0,50.0,Sri Lanka
1209188,Kevlon Anderson,RHB,DOWN_LEG,GOOD_LENGTH,0,2,1,0.0,0.0,West Indies
25977,Sharad Vesawkar,RHB,OUTSIDE_OFFSTUMP,SHORT_OF_A_GOOD_LENGTH,0,2,1,0.0,0.0,Nepal
574287,Chad Soper,RHB,OUTSIDE_OFFSTUMP,SHORT,1,2,1,1.0,50.0,Papua New Guinea
275658,Michael Hogan,RHB,OUTSIDE_OFFSTUMP,GOOD_LENGTH,0,2,1,0.0,0.0,Australia
21440,John Simpson,LHB,OUTSIDE_OFFSTUMP,FULL_TOSS,0,2,1,0.0,0.0,England
625956,Leo Carter,LHB,DOWN_LEG,GOOD_LENGTH,6,2,1,6.0,300.0,New Zealand
697279,Usman Shinwari,RHB,ON_THE_STUMPS,SHORT_OF_A_GOOD_LENGTH,0,2,1,0.0,0.0,Pakistan
315232,Asif Khan,RHB,WIDE_OUTSIDE_OFFSTUMP,SHORT_OF_A_GOOD_LENGTH,4,2,1,4.0,200.0,United Arab Emirates
698143,Lutho Sipamla,RHB,ON_THE_STUMPS,YORKER,1,2,1,1.0,50.0,South Africa
631668,Stephen Eskinazi,RHB,WIDE_OUTSIDE_OFFSTUMP,SHORT,4,2,1,4.0,200.0,England
555855,Harry Conway,RHB,ON_THE_STUMPS,YORKER,0,2,1,0.0,0.0,Australia
555855,Harry Conway,RHB,ON_THE_STUMPS,SHORT_OF_A_GOOD_LENGTH,0,2,1,0.0,0.0,Australia
1159734,Sumit Kumar,RHB,OUTSIDE_OFFSTUMP,FULL,1,2,1,1.0,50.0,India
259551,Junaid Khan,RHB,ON_THE_STUMPS,FULL,0,2,1,0.0,0.0,Pakistan
706341,Eknath Kerkar,RHB,ON_THE_STUMPS,FULL,1,2,1,1.0,50.0,India
233482,Tim Ludeman,RHB,ON_THE_STUMPS,SHORT,0,2,2,0.0,0.0,Australia
1143529,Imran Anwar,RHB,OUTSIDE_OFFSTUMP,FULL_TOSS,0,2,2,0.0,0.0,Bahrain
707173,Jamie Gibson,RHB,ON_THE_STUMPS,FULL_TOSS,1,2,1,1.0,50.0,New Zealand
259551,Junaid Khan,RHB,OUTSIDE_OFFSTUMP,FULL,1,2,1,1.0,50.0,Pakistan
549288,Ferisco Adams,RHB,ON_THE_STUMPS,SHORT_OF_A_GOOD_LENGTH,4,2,1,4.0,200.0,South Africa
591650,Ankit Rajpoot,RHB,ON_THE_STUMPS,YORKER,0,2,1,0.0,0.0,India
653033,Priyamal Perera,RHB,OUTSIDE_OFFSTUMP,SHORT,0,2,1,0.0,0.0,Sri Lanka
1141545,Khalid Shah,LHB,OUTSIDE_OFFSTUMP,GOOD_LENGTH,0,2,1,0.0,0.0,United Arab Emirates
590327,Dhruv Shorey,RHB,OUTSIDE_OFFSTUMP,SHORT,0,2,1,0.0,0.0,India
233400,Gyanendra Malla,RHB,WIDE_OUTSIDE_OFFSTUMP,SHORT_OF_A_GOOD_LENGTH,1,2,1,1.0,50.0,Nepal
1194744,Shevon Daniel,LHB,ON_THE_STUMPS,YORKER,0,2,2,0.0,0.0,Sri Lanka
623636,Kamran Ghulam,RHB,WIDE_OUTSIDE_OFFSTUMP,SHORT,4,2,1,4.0,200.0,Pakistan
526441,Mark Adair,RHB,ON_THE_STUMPS,YORKER,0,2,2,0.0,0.0,Ireland
585083,Zeeshan Maqsood,LHB,WIDE_OUTSIDE_OFFSTUMP,FULL,4,2,1,4.0,200.0,Oman
1149211,Robin Das,RHB,ON_THE_STUMPS,SHORT_OF_A_GOOD_LENGTH,0,2,2,0.0,0.0,England
526021,Cole McConchie,RHB,ON_THE_STUMPS,YORKER,4,2,1,4.0,200.0,New Zealand
315623,Ben Laughlin,RHB,ON_THE_STUMPS,YORKER,0,2,2,0.0,0.0,Australia
1149157,Chris Benjamin,RHB,WIDE_OUTSIDE_OFFSTUMP,FULL,1,2,1,1.0,50.0,England
259410,Ahmed Shehzad,RHB,WIDE_OUTSIDE_OFFSTUMP,FULL_TOSS,4,2,1,4.0,200.0,Pakistan
1148776,Arjun Tendulkar,LHB,ON_THE_STUMPS,GOOD_LENGTH,0,2,1,0.0,0.0,India
1209272,Adnan Mirza,RHB,WIDE_OUTSIDE_OFFSTUMP,GOOD_LENGTH,4,2,1,4.0,200.0,Qatar
623636,Kamran Ghulam,RHB,OUTSIDE_OFFSTUMP,FULL_TOSS,1,2,1,1.0,50.0,Pakistan
1209272,Adnan Mirza,RHB,DOWN_LEG,GOOD_LENGTH,1,2,1,1.0,50.0,Qatar
633362,Sharafuddin Ashraf,RHB,ON_THE_STUMPS,YORKER,0,2,1,0.0,0.0,Afghanistan
30102,Zaheer Khan,RHB,ON_THE_STUMPS,SHORT_OF_A_GOOD_LENGTH,0,2,1,0.0,0.0,India
297628,Sam Billings,RHB,WIDE_DOWN_LEG,GOOD_LENGTH,1,2,1,1.0,50.0,England
297583,Kyle Abbott,RHB,OUTSIDE_OFFSTUMP,YORKER,1,2,1,1.0,50.0,South Africa
629059,Yasir Ali,RHB,ON_THE_STUMPS,YORKER,0,2,1,0.0,0.0,Bangladesh
245166,Mudassar Bukhari,RHB,ON_THE_STUMPS,FULL_TOSS,1,2,2,0.5,50.0,Netherlands
1158088,Naseem Shah,RHB,ON_THE_STUMPS,SHORT,0,2,1,0.0,0.0,Pakistan
672775,Carl Mumba,RHB,OUTSIDE_OFFSTUMP,FULL,4,2,1,4.0,200.0,Zimbabwe
568136,Fareed Ahmad,LHB,OUTSIDE_OFFSTUMP,SHORT,4,2,1,4.0,200.0,Afghanistan
270493,Andrew Fekete,RHB,OUTSIDE_OFFSTUMP,FULL,0,2,1,0.0,0.0,Australia
1193539,Jesse Tashkoff,RHB,ON_THE_STUMPS,FULL_TOSS,2,2,1,2.0,100.0,New Zealand
237696,Sheldon Jackson,RHB,OUTSIDE_OFFSTUMP,FULL_TOSS,1,2,1,1.0,50.0,India
272262,Kane Richardson,RHB,DOWN_LEG,FULL,1,2,1,1.0,50.0,Australia
537119,Mohit Sharma,RHB,DOWN_LEG,SHORT_OF_A_GOOD_LENGTH,0,2,1,0.0,0.0,India
537119,Mohit Sharma,RHB,DOWN_LEG,SHORT,0,2,1,0.0,0.0,India
1193529,Ollie White,LHB,ON_THE_STUMPS,FULL,3,2,1,3.0,150.0,New Zealand
19264,Liam Plunkett,RHB,ON_THE_STUMPS,FULL_TOSS,1,2,1,1.0,50.0,United States of America
297583,Kyle Abbott,RHB,OUTSIDE_OFFSTUMP,FULL,4,2,1,4.0,200.0,South Africa
629058,Najmul Hossain Shanto,LHB,WIDE_DOWN_LEG,GOOD_LENGTH,2,2,1,2.0,100.0,Bangladesh
28763,Gautam Gambhir,LHB,WIDE_DOWN_LEG,SHORT,1,2,1,1.0,50.0,India
570854,Jack Wildermuth,RHB,WIDE_OUTSIDE_OFFSTUMP,GOOD_LENGTH,0,2,1,0.0,0.0,Australia
310107,Danny Briggs,RHB,OUTSIDE_OFFSTUMP,SHORT,0,2,1,0.0,0.0,England
236779,Ishant Sharma,RHB,ON_THE_STUMPS,YORKER,0,2,1,0.0,0.0,India
310525,Chris Wood,RHB,ON_THE_STUMPS,GOOD_LENGTH,2,2,1,2.0,100.0,England
677081,Keemo Paul,RHB,WIDE_DOWN_LEG,FULL,6,2,1,6.0,300.0,West Indies
1193548,Tim Pringle,RHB,ON_THE_STUMPS,YORKER,2,2,1,2.0,100.0,Netherlands
308408,Josh Cobb,RHB,ON_THE_STUMPS,YORKER,1,2,1,1.0,50.0,England
25967,Paras Khadka,RHB,ON_THE_STUMPS,FULL,1,2,1,1.0,50.0,Nepal
1193541,William Clark,RHB,WIDE_OUTSIDE_OFFSTUMP,GOOD_LENGTH,4,2,1,4.0,200.0,New Zealand
244639,Harry Gurney,RHB,ON_THE_STUMPS,GOOD_LENGTH,0,2,1,0.0,0.0,England
559061,Ben Horne,RHB,ON_THE_STUMPS,GOOD_LENGTH,2,2,1,2.0,100.0,New Zealand
562263,Robert O'Donnell,RHB,OUTSIDE_OFFSTUMP,SHORT,0,2,1,0.0,0.0,New Zealand
1158088,Naseem Shah,RHB,OUTSIDE_OFFSTUMP,SHORT,2,2,1,2.0,100.0,Pakistan
1158088,Naseem Shah,RHB,WIDE_OUTSIDE_OFFSTUMP,GOOD_LENGTH,0,2,1,0.0,0.0,Pakistan
1158099,Mohammad Umar,RHB,OUTSIDE_OFFSTUMP,SHORT_OF_A_GOOD_LENGTH,1,2,1,1.0,50.0,Pakistan
1158538,Abbas Afridi,RHB,WIDE_OUTSIDE_OFFSTUMP,FULL_TOSS,4,2,1,4.0,200.0,Pakistan
25967,Paras Khadka,RHB,WIDE_OUTSIDE_OFFSTUMP,FULL,1,2,1,1.0,50.0,Nepal
269237,Mohammad Mithun,RHB,ON_THE_STUMPS,SHORT,1,2,1,1.0,50.0,Bangladesh
296597,James Vince,RHB,WIDE_DOWN_LEG,SHORT,3,2,1,3.0,150.0,England
532853,Smit Patel,RHB,OUTSIDE_OFFSTUMP,FULL_TOSS,4,2,1,4.0,200.0,United States of America
693975,Sahan Arachchige,LHB,WIDE_OUTSIDE_OFFSTUMP,GOOD_LENGTH,0,2,1,0.0,0.0,Sri Lanka
1163490,Sumon Khan,LHB,ON_THE_STUMPS,FULL_TOSS,1,2,1,1.0,50.0,Bangladesh
235516,Richmond Mutumbami,RHB,ON_THE_STUMPS,YORKER,0,2,1,0.0,0.0,Zimbabwe
533042,Billy Stanlake,LHB,ON_THE_STUMPS,FULL_TOSS,0,2,1,0.0,0.0,Australia
1186658,Chamindu Wickramasinghe,LHB,OUTSIDE_OFFSTUMP,SHORT_OF_A_GOOD_LENGTH,1,2,1,1.0,50.0,Sri Lanka
1152714,Terrance Hinds,RHB,OUTSIDE_OFFSTUMP,GOOD_LENGTH,0,2,1,0.0,0.0,West Indies
532856,Manan Vohra,RHB,DOWN_LEG,SHORT,1,2,1,1.0,50.0,India
688407,Chetan Bist,RHB,ON_THE_STUMPS,FULL_TOSS,4,2,1,4.0,200.0,India
1163490,Sumon Khan,LHB,OUTSIDE_OFFSTUMP,FULL,0,2,1,0.0,0.0,Bangladesh
629084,Ramesh Mendis,RHB,DOWN_LEG,GOOD_LENGTH,1,2,1,1.0,50.0,Sri Lanka
696337,Tetelo Maphaka,LHB,ON_THE_STUMPS,GOOD_LENGTH,1,2,1,1.0,50.0,South Africa
541991,JP Kotze,LHB,ON_THE_STUMPS,GOOD_LENGTH,0,2,1,0.0,0.0,Namibia
629084,Ramesh Mendis,RHB,DOWN_LEG,SHORT,0,2,1,0.0,0.0,Sri Lanka
314647,Horace Miller,RHB,ON_THE_STUMPS,SHORT_OF_A_GOOD_LENGTH,0,2,1,0.0,0.0,West Indies
573170,Luke Wood,LHB,OUTSIDE_OFFSTUMP,YORKER,0,2,1,0.0,0.0,England
694211,Avesh Khan,RHB,ON_THE_STUMPS,GOOD_LENGTH,6,2,1,6.0,300.0,India
314622,Krishmar Santokie,LHB,ON_THE_STUMPS,FULL_TOSS,1,2,1,1.0,50.0,West Indies
1152410,Navod Paranavithana,LHB,ON_THE_STUMPS,SHORT_OF_A_GOOD_LENGTH,1,2,1,1.0,50.0,Sri Lanka
530812,Akeal Hosein,LHB,WIDE_OUTSIDE_OFFSTUMP,SHORT,6,2,1,6.0,300.0,West Indies
1163855,Hayden Kerr,RHB,DOWN_LEG,SHORT,0,2,2,0.0,0.0,Australia
696127,Brad Evans,RHB,ON_THE_STUMPS,FULL,0,2,1,0.0,0.0,Zimbabwe
541224,Luke Jongwe,RHB,WIDE_OUTSIDE_OFFSTUMP,SHORT,4,2,1,4.0,200.0,Zimbabwe
1163488,Rejaur Rahman Raja,RHB,ON_THE_STUMPS,SHORT,1,2,1,1.0,50.0,Bangladesh
1153149,Vijayakanth Viyaskanth,RHB,ON_THE_STUMPS,YORKER,1,2,1,1.0,50.0,Sri Lanka
1202236,Jack Clayton,LHB,ON_THE_STUMPS,FULL,0,2,1,0.0,0.0,Australia
681067,Akif Raja,LHB,ON_THE_STUMPS,SHORT,1,2,1,1.0,50.0,United Arab Emirates
308235,Javed Ahmadi,RHB,ON_THE_STUMPS,FULL,0,2,1,0.0,0.0,Afghanistan
557298,Daniel Worrall,RHB,OUTSIDE_OFFSTUMP,YORKER,0,2,1,0.0,0.0,Australia
679567,Ben Dwarshuis,LHB,WIDE_OUTSIDE_OFFSTUMP,GOOD_LENGTH,6,2,1,6.0,300.0,Australia
1206052,Yudhvir Singh,RHB,OUTSIDE_OFFSTUMP,SHORT_OF_A_GOOD_LENGTH,2,2,1,2.0,100.0,India
533862,Mohammad Naveed,RHB,ON_THE_STUMPS,SHORT,0,2,1,0.0,0.0,United Arab Emirates
29264,Harbhajan Singh,RHB,ON_THE_STUMPS,SHORT,0,2,1,0.0,0.0,India
681681,Janith Liyanage,RHB,OUTSIDE_OFFSTUMP,SHORT,0,2,1,0.0,0.0,Sri Lanka
1152716,Javelle Glen,LHB,ON_THE_STUMPS,YORKER,0,2,1,0.0,0.0,West Indies
681305,Hasan Ali,RHB,WIDE_OUTSIDE_OFFSTUMP,FULL_TOSS,6,2,1,6.0,300.0,Pakistan
1193549,Kristian Clarke,RHB,ON_THE_STUMPS,FULL,2,2,1,2.0,100.0,New Zealand
681305,Hasan Ali,RHB,ON_THE_STUMPS,SHORT,1,2,1,1.0,50.0,Pakistan
1159641,Monank Patel,RHB,DOWN_LEG,GOOD_LENGTH,0,2,1,0.0,0.0,United States of America
300619,Rubel Hossain,RHB,ON_THE_STUMPS,YORKER,0,2,1,0.0,0.0,Bangladesh
233400,Gyanendra Malla,RHB,ON_THE_STUMPS,FULL,1,2,1,1.0,50.0,Nepal
538506,Taskin Ahmed,LHB,WIDE_OUTSIDE_OFFSTUMP,GOOD_LENGTH,0,2,1,0.0,0.0,Bangladesh
230554,Javon Searles,RHB,ON_THE_STUMPS,FULL_TOSS,4,2,1,4.0,200.0,West Indies
595419,Brandon Glover,RHB,OUTSIDE_OFFSTUMP,SHORT_OF_A_GOOD_LENGTH,0,2,1,0.0,0.0,Netherlands
1132005,Mohsin Khan,LHB,ON_THE_STUMPS,YORKER,1,2,1,1.0,50.0,India
1217359,Sayed Monib,RHB,ON_THE_STUMPS,YORKER,0,2,1,0.0,0.0,Kuwait
1161034,Raunaq Kapur,LHB,DOWN_LEG,GOOD_LENGTH,1,2,1,1.0,50.0,
595406,Shane Dadswell,RHB,WIDE_OUTSIDE_OFFSTUMP,SHORT,0,2,1,0.0,0.0,South Africa
707177,Josh Finnie,RHB,WIDE_OUTSIDE_OFFSTUMP,FULL,2,2,1,2.0,100.0,New Zealand
230558,Sunil Narine,LHB,WIDE_DOWN_LEG,FULL,0,2,1,0.0,0.0,West Indies
726101,Damion Jacobs,RHB,OUTSIDE_OFFSTUMP,SHORT_OF_A_GOOD_LENGTH,4,2,1,4.0,200.0,West Indies
643885,Saqib Mahmood,RHB,ON_THE_STUMPS,YORKER,1,2,1,1.0,50.0,England
638912,Matthew Kelly,RHB,ON_THE_STUMPS,YORKER,0,2,1,0.0,0.0,Australia
1161032,Dhananjay Rao,RHB,ON_THE_STUMPS,FULL,0,2,2,0.0,0.0,
1175441,Ravi Bishnoi,RHB,ON_THE_STUMPS,SHORT_OF_A_GOOD_LENGTH,1,2,1,1.0,50.0,India
501012,Joel Paris,LHB,WIDE_DOWN_LEG,GOOD_LENGTH,4,2,1,4.0,200.0,Australia
8291,Cameron White,RHB,DOWN_LEG,SHORT,1,2,1,1.0,50.0,Australia
32540,Cheteshwar Pujara,RHB,ON_THE_STUMPS,SHORT,0,2,1,0.0,0.0,India
279862,Shrikant Mundhe,RHB,OUTSIDE_OFFSTUMP,SHORT,2,2,1,2.0,100.0,India
288992,Chris Jordan,RHB,WIDE_OUTSIDE_OFFSTUMP,SHORT,6,2,1,6.0,300.0,England
501345,Darshan Misal,LHB,OUTSIDE_OFFSTUMP,SHORT_OF_A_GOOD_LENGTH,0,2,1,0.0,0.0,India
499660,Gurinder Sandhu,LHB,ON_THE_STUMPS,YORKER,0,2,1,0.0,0.0,Australia
230559,Kieron Pollard,RHB,WIDE_DOWN_LEG,FULL_TOSS,4,2,1,4.0,200.0,West Indies
1194959,Jacob Bethell,LHB,OUTSIDE_OFFSTUMP,SHORT_OF_A_GOOD_LENGTH,0,2,1,0.0,0.0,England
499594,Kasun Rajitha,RHB,ON_THE_STUMPS,YORKER,1,2,1,1.0,50.0,Sri Lanka
1175469,Nitin Sharma,RHB,OUTSIDE_OFFSTUMP,FULL,1,2,1,1.0,50.0,India
1170229,Ahmed Shah,RHB,ON_THE_STUMPS,FULL,0,2,1,0.0,0.0,India
505110,Kurtis Patterson,LHB,OUTSIDE_OFFSTUMP,FULL_TOSS,1,2,1,1.0,50.0,Australia
1175469,Nitin Sharma,RHB,ON_THE_STUMPS,GOOD_LENGTH,1,2,1,1.0,50.0,India
1229251,Dilpreet Bajwa,RHB,ON_THE_STUMPS,YORKER,3,2,1,3.0,150.0,Canada
595783,Ajaz Patel,LHB,ON_THE_STUMPS,YORKER,1,2,1,1.0,50.0,New Zealand
1174143,Rafiullah,RHB,WIDE_OUTSIDE_OFFSTUMP,FULL,6,2,1,6.0,300.0,Oman
1131607,Shams Mulani,LHB,OUTSIDE_OFFSTUMP,GOOD_LENGTH,1,2,1,1.0,50.0,India
1130758,Patrick Rowe,RHB,OUTSIDE_OFFSTUMP,FULL,1,2,1,1.0,50.0,Australia
552152,Dushmantha Chameera,RHB,ON_THE_STUMPS,SHORT,4,2,1,4.0,200.0,Sri Lanka
1131646,Kimani Melius,RHB,DOWN_LEG,SHORT_OF_A_GOOD_LENGTH,1,2,1,1.0,50.0,West Indies
1171127,Haseebullah Khan,LHB,ON_THE_STUMPS,YORKER,0,2,2,0.0,0.0,Pakistan
288305,Shafiul Islam,RHB,ON_THE_STUMPS,SHORT_OF_A_GOOD_LENGTH,2,2,1,2.0,100.0,Bangladesh
262456,Dane Vilas,RHB,ON_THE_STUMPS,FULL_TOSS,4,2,1,4.0,200.0,South Africa
288285,Clive Rose,RHB,ON_THE_STUMPS,SHORT_OF_A_GOOD_LENGTH,2,2,1,2.0,100.0,Australia
641387,Max Holden,LHB,WIDE_OUTSIDE_OFFSTUMP,FULL,4,2,1,4.0,200.0,England
302579,Shreevats Goswami,LHB,DOWN_LEG,SHORT_OF_A_GOOD_LENGTH,1,2,1,1.0,50.0,India
32685,Irfan Pathan,LHB,ON_THE_STUMPS,SHORT,1,2,1,1.0,50.0,India
764321,Dylan Budge,RHB,ON_THE_STUMPS,GOOD_LENGTH,0,2,1,0.0,0.0,Scotland
500267,Seb Gotch,RHB,WIDE_OUTSIDE_OFFSTUMP,SHORT_OF_A_GOOD_LENGTH,1,2,1,1.0,50.0,Australia
596010,Gerald Coetzee,RHB,DOWN_LEG,SHORT,6,2,1,6.0,300.0,South Africa
24230,Nadeem Ahmed,RHB,OUTSIDE_OFFSTUMP,SHORT,4,2,1,4.0,200.0,Hong Kong
1170471,Tanveer Sangha,RHB,WIDE_OUTSIDE_OFFSTUMP,FULL,2,2,1,2.0,100.0,Australia
732293,Vishnu Vinod,RHB,DOWN_LEG,SHORT,1,2,1,1.0,50.0,India
261354,Nathan Coulter-Nile,RHB,DOWN_LEG,SHORT_OF_A_GOOD_LENGTH,0,2,1,0.0,0.0,Australia
303508,Shane Getkate,RHB,ON_THE_STUMPS,FULL_TOSS,1,2,1,1.0,50.0,Ireland
732293,Vishnu Vinod,RHB,OUTSIDE_OFFSTUMP,FULL_TOSS,1,2,1,1.0,50.0,India
552152,Dushmantha Chameera,RHB,WIDE_OUTSIDE_OFFSTUMP,SHORT_OF_A_GOOD_LENGTH,0,2,1,0.0,0.0,Sri Lanka
501012,Joel Paris,LHB,ON_THE_STUMPS,YORKER,1,2,1,1.0,50.0,Australia
1131933,Nipan Deka,RHB,ON_THE_STUMPS,FULL_TOSS,1,2,1,1.0,50.0,India
732293,Vishnu Vinod,RHB,OUTSIDE_OFFSTUMP,SHORT,6,2,1,6.0,300.0,India
1130463,Arshad Iqbal,RHB,OUTSIDE_OFFSTUMP,FULL,0,2,1,0.0,0.0,Pakistan
26487,Avinash Yadav,LHB,OUTSIDE_OFFSTUMP,SHORT_OF_A_GOOD_LENGTH,4,2,1,4.0,200.0,India
1131753,Vishvaraj Jadeja,RHB,OUTSIDE_OFFSTUMP,SHORT,1,2,1,1.0,50.0,India
1219972,Brody Couch,LHB,OUTSIDE_OFFSTUMP,GOOD_LENGTH,0,2,1,0.0,0.0,United States of America
596010,Gerald Coetzee,RHB,ON_THE_STUMPS,YORKER,0,2,1,0.0,0.0,South Africa
500360,Akshdeep Nath,RHB,WIDE_OUTSIDE_OFFSTUMP,GOOD_LENGTH,3,2,1,3.0,150.0,India
643433,George Garton,LHB,ON_THE_STUMPS,YORKER,0,2,2,0.0,0.0,England
1131754,Chetan Sakariya,LHB,ON_THE_STUMPS,SHORT_OF_A_GOOD_LENGTH,0,2,1,0.0,0.0,India
734459,Abrar Ahmed,RHB,ON_THE_STUMPS,FULL,1,2,1,1.0,50.0,Pakistan
734459,Abrar Ahmed,RHB,ON_THE_STUMPS,FULL_TOSS,4,2,1,4.0,200.0,Pakistan
734459,Abrar Ahmed,RHB,ON_THE_STUMPS,YORKER,0,2,2,0.0,0.0,Pakistan
599385,Ian McPeake,RHB,ON_THE_STUMPS,GOOD_LENGTH,0,2,1,0.0,0.0,New Zealand
734459,Abrar Ahmed,RHB,OUTSIDE_OFFSTUMP,SHORT_OF_A_GOOD_LENGTH,4,2,1,4.0,200.0,Pakistan
641423,Dan Lawrence,RHB,WIDE_OUTSIDE_OFFSTUMP,YORKER,1,2,1,1.0,50.0,England
633561,Mirza Mohammed Baig,LHB,DOWN_LEG,GOOD_LENGTH,2,2,1,2.0,100.0,Qatar
1212781,Mohammad Huraira,RHB,OUTSIDE_OFFSTUMP,GOOD_LENGTH,0,2,1,0.0,0.0,Pakistan
594322,Corbin Bosch,RHB,WIDE_OUTSIDE_OFFSTUMP,YORKER,1,2,1,1.0,50.0,South Africa
596375,Tarisai Musakanda,RHB,ON_THE_STUMPS,YORKER,1,2,1,1.0,50.0,Zimbabwe
516561,Dawlat Zadran,RHB,ON_THE_STUMPS,GOOD_LENGTH,2,2,1,2.0,100.0,Afghanistan
520183,Zeeshan Ashraf,LHB,DOWN_LEG,GOOD_LENGTH,0,2,1,0.0,0.0,Pakistan
774217,Clint Hinchliffe,LHB,WIDE_OUTSIDE_OFFSTUMP,FULL,1,2,1,1.0,50.0,Australia
652359,Pankaj Jaswal,RHB,WIDE_OUTSIDE_OFFSTUMP,FULL,0,2,1,0.0,0.0,India
652359,Pankaj Jaswal,RHB,OUTSIDE_OFFSTUMP,GOOD_LENGTH,2,2,1,2.0,100.0,India
277912,Trent Boult,RHB,WIDE_OUTSIDE_OFFSTUMP,FULL_TOSS,0,2,1,0.0,0.0,New Zealand
555850,Sam Hain,RHB,OUTSIDE_OFFSTUMP,YORKER,1,2,1,1.0,50.0,England
1234111,Mohammad Imran,RHB,OUTSIDE_OFFSTUMP,GOOD_LENGTH,1,2,1,1.0,50.0,Pakistan
317252,Sohail Khan,RHB,WIDE_OUTSIDE_OFFSTUMP,FULL,1,2,1,1.0,50.0,Pakistan
1175488,Dhruv Jurel,RHB,DOWN_LEG,FULL,0,2,1,0.0,0.0,India
31872,Shahbaz Nadeem,RHB,ON_THE_STUMPS,YORKER,1,2,1,1.0,50.0,India
516039,Alex Davies,RHB,OUTSIDE_OFFSTUMP,SHORT,2,2,1,2.0,100.0,England
605570,Jake Doran,LHB,OUTSIDE_OFFSTUMP,SHORT_OF_A_GOOD_LENGTH,0,2,1,0.0,0.0,Australia
232489,Rameez Raja,RHB,DOWN_LEG,GOOD_LENGTH,1,2,1,1.0,50.0,Pakistan
31872,Shahbaz Nadeem,RHB,OUTSIDE_OFFSTUMP,SHORT,0,2,1,0.0,0.0,India
26038,Adnan Ilyas,RHB,WIDE_OUTSIDE_OFFSTUMP,SHORT_OF_A_GOOD_LENGTH,0,2,1,0.0,0.0,Oman
1210511,Nahid Rana,RHB,OUTSIDE_OFFSTUMP,FULL,1,2,1,1.0,50.0,Bangladesh
1174024,Sandeep Goud,RHB,ON_THE_STUMPS,FULL,1,2,1,1.0,50.0,Oman
549288,Ferisco Adams,RHB,WIDE_OUTSIDE_OFFSTUMP,FULL,1,2,1,1.0,50.0,South Africa
1161044,Shamim Hossain,LHB,ON_THE_STUMPS,YORKER,4,2,1,4.0,200.0,Bangladesh
1210511,Nahid Rana,RHB,ON_THE_STUMPS,GOOD_LENGTH,0,2,1,0.0,0.0,Bangladesh
1139511,Parvez Hossain Emon,LHB,ON_THE_STUMPS,SHORT,4,2,1,4.0,200.0,Bangladesh
605640,Junaid Dawood,RHB,ON_THE_STUMPS,YORKER,0,2,1,0.0,0.0,South Africa
774219,Matthew Kuhnemann,LHB,ON_THE_STUMPS,SHORT,0,2,1,0.0,0.0,Australia
594235,Tshepo Moreki,RHB,ON_THE_STUMPS,FULL,0,2,1,0.0,0.0,South Africa
710767,Abdul Majid,LHB,ON_THE_STUMPS,GOOD_LENGTH,0,2,1,0.0,0.0,Bahrain
1241265,Aayan Afzal Khan,RHB,DOWN_LEG,FULL,0,2,1,0.0,0.0,United Arab Emirates
1159812,Sedezhalie Rupero,RHB,OUTSIDE_OFFSTUMP,SHORT,1,2,1,1.0,50.0,India
1216158,Aman Mokhade,RHB,ON_THE_STUMPS,SHORT_OF_A_GOOD_LENGTH,1,2,1,1.0,50.0,India
1161024,Prabhsimran Singh,RHB,WIDE_OUTSIDE_OFFSTUMP,SHORT,6,2,1,6.0,300.0,India
1159812,Sedezhalie Rupero,RHB,ON_THE_STUMPS,SHORT_OF_A_GOOD_LENGTH,2,2,1,2.0,100.0,India
1216133,Prateek Reddy,LHB,ON_THE_STUMPS,SHORT_OF_A_GOOD_LENGTH,1,2,1,1.0,50.0,India
596099,Dean Foxcroft,RHB,WIDE_OUTSIDE_OFFSTUMP,SHORT,6,2,1,6.0,300.0,New Zealand
277955,Dhawal Kulkarni,RHB,OUTSIDE_OFFSTUMP,SHORT_OF_A_GOOD_LENGTH,1,2,1,1.0,50.0,India
290632,Sreenath Aravind,LHB,ON_THE_STUMPS,FULL_TOSS,1,2,1,1.0,50.0,India
25065,Jack Vare,RHB,ON_THE_STUMPS,FULL,2,2,1,2.0,100.0,Papua New Guinea
499594,Kasun Rajitha,RHB,DOWN_LEG,GOOD_LENGTH,1,2,1,1.0,50.0,Sri Lanka
506612,Matt Henry,RHB,OUTSIDE_OFFSTUMP,GOOD_LENGTH,0,2,1,0.0,0.0,New Zealand
506612,Matt Henry,RHB,OUTSIDE_OFFSTUMP,FULL_TOSS,6,2,1,6.0,300.0,New Zealand
506612,Matt Henry,RHB,ON_THE_STUMPS,GOOD_LENGTH,1,2,1,1.0,50.0,New Zealand
1159843,Kumar Kartikeya,RHB,ON_THE_STUMPS,FULL,1,2,1,1.0,50.0,India
508442,Abdul Mazid,RHB,WIDE_OUTSIDE_OFFSTUMP,GOOD_LENGTH,0,2,1,0.0,0.0,Bangladesh
318340,Noor Ali Zadran,RHB,OUTSIDE_OFFSTUMP,SHORT,1,2,1,1.0,50.0,Afghanistan
1168687,Sam Fanning,LHB,ON_THE_STUMPS,GOOD_LENGTH,1,2,1,1.0,50.0,
25065,Jack Vare,RHB,OUTSIDE_OFFSTUMP,FULL,4,2,1,4.0,200.0,Papua New Guinea
647785,Sahibzada Farhan,RHB,ON_THE_STUMPS,YORKER,0,2,1,0.0,0.0,Pakistan
772471,Jessy Singh,RHB,OUTSIDE_OFFSTUMP,GOOD_LENGTH,1,2,1,1.0,50.0,United States of America
604573,Vivek Singh,LHB,OUTSIDE_OFFSTUMP,SHORT,6,2,1,6.0,300.0,India
499560,Patrick Kruger,RHB,ON_THE_STUMPS,FULL_TOSS,7,2,1,7.0,350.0,South Africa
232435,Calum MacLeod,RHB,ON_THE_STUMPS,YORKER,0,2,1,0.0,0.0,Scotland
596137,Clyde Fortuin,RHB,ON_THE_STUMPS,FULL_TOSS,4,2,1,4.0,200.0,South Africa
1137283,Thomas Rogers,LHB,WIDE_DOWN_LEG,GOOD_LENGTH,0,2,1,0.0,0.0,Australia
594996,Ryan Klein,RHB,OUTSIDE_OFFSTUMP,GOOD_LENGTH,1,2,1,1.0,50.0,Netherlands
1168743,Sagar Udeshi,LHB,ON_THE_STUMPS,FULL,0,2,1,0.0,0.0,India
1168743,Sagar Udeshi,LHB,ON_THE_STUMPS,GOOD_LENGTH,1,2,1,1.0,50.0,India
1129638,Ben Lockrose,RHB,WIDE_OUTSIDE_OFFSTUMP,GOOD_LENGTH,6,2,1,6.0,300.0,New Zealand
277955,Dhawal Kulkarni,RHB,ON_THE_STUMPS,YORKER,1,2,1,1.0,50.0,India
1175485,Abdul Samad,RHB,DOWN_LEG,GOOD_LENGTH,0,2,2,0.0,0.0,India
1137283,Thomas Rogers,LHB,ON_THE_STUMPS,YORKER,0,2,1,0.0,0.0,Australia
511532,Al-Amin Hossain,RHB,ON_THE_STUMPS,YORKER,0,2,1,0.0,0.0,Bangladesh
1193544,Joey Field,RHB,ON_THE_STUMPS,GOOD_LENGTH,0,1,1,0.0,0.0,New Zealand
1076392,Mehran Mumtaz,LHB,OUTSIDE_OFFSTUMP,GOOD_LENGTH,0,1,1,0.0,0.0,Pakistan
1195776,Priyesh Patel,RHB,ON_THE_STUMPS,SHORT,0,1,1,0.0,0.0,India
1079377,Ravi Teja,LHB,ON_THE_STUMPS,FULL_TOSS,0,1,1,0.0,0.0,India
1076394,Mohammad Taha,LHB,ON_THE_STUMPS,YORKER,0,1,1,0.0,0.0,Pakistan
1329695,Hassan Nawaz,RHB,DOWN_LEG,SHORT,0,1,1,0.0,0.0,Pakistan
1076387,Arish Ali Khan,RHB,ON_THE_STUMPS,YORKER,0,1,1,0.0,0.0,Pakistan
1328736,Mohamed Shafeeq,RHB,ON_THE_STUMPS,FULL,0,1,1,0.0,0.0,Kuwait
1331347,Hunain Shah,RHB,DOWN_LEG,GOOD_LENGTH,0,1,1,0.0,0.0,Pakistan
1337353,Abdullah Bayoumy,RHB,DOWN_LEG,SHORT_OF_A_GOOD_LENGTH,0,1,1,0.0,0.0,South Africa
1076722,Will Sutherland,RHB,WIDE_DOWN_LEG,SHORT,0,1,1,0.0,0.0,Australia
40618,Imran Tahir,RHB,WIDE_OUTSIDE_OFFSTUMP,GOOD_LENGTH,0,1,1,0.0,0.0,South Africa
40618,Imran Tahir,RHB,WIDE_OUTSIDE_OFFSTUMP,FULL_TOSS,0,1,1,0.0,0.0,South Africa
1194795,Matheesha Pathirana,RHB,ON_THE_STUMPS,YORKER,0,1,1,0.0,0.0,Sri Lanka
1337353,Abdullah Bayoumy,RHB,ON_THE_STUMPS,FULL_TOSS,0,1,1,0.0,0.0,South Africa
1194959,Jacob Bethell,LHB,ON_THE_STUMPS,YORKER,0,1,1,0.0,0.0,England
1077662,Frederick Walker,LHB,ON_THE_STUMPS,SHORT,0,1,1,0.0,0.0,New Zealand
26038,Adnan Ilyas,RHB,WIDE_OUTSIDE_OFFSTUMP,GOOD_LENGTH,0,1,1,0.0,0.0,Oman
1077310,Naseem Khushi,RHB,WIDE_OUTSIDE_OFFSTUMP,FULL,0,1,1,0.0,0.0,Oman
1076852,Liam Bowe,LHB,ON_THE_STUMPS,FULL_TOSS,0,1,1,0.0,0.0,Australia
1076852,Liam Bowe,LHB,ON_THE_STUMPS,YORKER,0,1,1,0.0,0.0,Australia
1339031,Kunal Singh Rathore,LHB,DOWN_LEG,FULL,0,1,1,0.0,0.0,India
1339019,F Lalmuanzuala,RHB,OUTSIDE_OFFSTUMP,SHORT,0,1,1,0.0,0.0,India
1193549,Kristian Clarke,RHB,OUTSIDE_OFFSTUMP,FULL_TOSS,0,1,1,0.0,0.0,New Zealand
1076579,Mohammad Ishaq,RHB,OUTSIDE_OFFSTUMP,FULL_TOSS,0,1,1,0.0,0.0,Afghanistan
24289,Niall O'Brien,LHB,DOWN_LEG,SHORT,0,1,1,0.0,0.0,Ireland
1076721,Lloyd Pope,RHB,ON_THE_STUMPS,GOOD_LENGTH,0,1,1,0.0,0.0,Australia
1337527,Hamish McKenzie,LHB,ON_THE_STUMPS,YORKER,0,1,1,0.0,0.0,Australia
1193549,Kristian Clarke,RHB,WIDE_OUTSIDE_OFFSTUMP,SHORT,0,1,1,0.0,0.0,New Zealand
1333415,Usman Tariq,RHB,ON_THE_STUMPS,FULL,0,1,1,0.0,0.0,
1398840,Sajjad Ali,RHB,OUTSIDE_OFFSTUMP,GOOD_LENGTH,0,1,1,0.0,0.0,Pakistan
1397995,Shahzaib Jamil,RHB,WIDE_OUTSIDE_OFFSTUMP,SHORT,0,1,1,0.0,0.0,
1397996,Kashif Abbas,LHB,WIDE_OUTSIDE_OFFSTUMP,GOOD_LENGTH,0,1,1,0.0,0.0,Saudi Arabia
1169586,Mangal Mahrour,RHB,ON_THE_STUMPS,YORKER,0,1,1,0.0,0.0,India
1402359,Jahandad Khan,LHB,WIDE_OUTSIDE_OFFSTUMP,SHORT_OF_A_GOOD_LENGTH,0,1,1,0.0,0.0,
1169586,Mangal Mahrour,RHB,OUTSIDE_OFFSTUMP,FULL_TOSS,1,1,1,1.0,100.0,India
43524,Umar Gul,RHB,OUTSIDE_OFFSTUMP,GOOD_LENGTH,0,1,1,0.0,0.0,Pakistan
1388460,Rahul Chopra,RHB,WIDE_OUTSIDE_OFFSTUMP,GOOD_LENGTH,0,1,1,0.0,0.0,
42876,Sultan Ahmed,RHB,OUTSIDE_OFFSTUMP,SHORT_OF_A_GOOD_LENGTH,0,1,1,0.0,0.0,Oman
1070754,Andile Simelane,RHB,ON_THE_STUMPS,GOOD_LENGTH,0,1,1,0.0,0.0,South Africa
1387900,Uday Bhagwan,RHB,OUTSIDE_OFFSTUMP,FULL,0,1,1,0.0,0.0,
1397991,Muhammad Jabir,RHB,ON_THE_STUMPS,GOOD_LENGTH,0,1,1,0.0,0.0,Qatar
1168641,Harpreet Brar,LHB,WIDE_OUTSIDE_OFFSTUMP,FULL_TOSS,1,1,1,1.0,100.0,India
1397990,Mohammed Irshad,RHB,OUTSIDE_OFFSTUMP,SHORT,0,1,1,0.0,0.0,Qatar
1397991,Muhammad Jabir,RHB,ON_THE_STUMPS,YORKER,0,1,1,0.0,0.0,Qatar
1175426,Manav Suthar,LHB,ON_THE_STUMPS,FULL,0,1,1,0.0,0.0,India
1422847,Rifayi Theruvath,RHB,ON_THE_STUMPS,GOOD_LENGTH,0,1,1,0.0,0.0,
1172968,Dan Mousley,LHB,DOWN_LEG,FULL,0,1,1,0.0,0.0,England
1171647,Avneesh Sudha,RHB,ON_THE_STUMPS,SHORT,0,1,1,0.0,0.0,India
25051,Mahuru Dai,RHB,OUTSIDE_OFFSTUMP,FULL,0,1,1,0.0,0.0,Papua New Guinea
1175426,Manav Suthar,LHB,ON_THE_STUMPS,SHORT_OF_A_GOOD_LENGTH,0,1,1,0.0,0.0,India
24853,Nicolaas Scholtz,LHB,OUTSIDE_OFFSTUMP,SHORT_OF_A_GOOD_LENGTH,0,1,1,0.0,0.0,Namibia
1173272,Bayley Wiggins,RHB,OUTSIDE_OFFSTUMP,SHORT_OF_A_GOOD_LENGTH,0,1,1,0.0,0.0,New Zealand
1173272,Bayley Wiggins,RHB,WIDE_OUTSIDE_OFFSTUMP,SHORT_OF_A_GOOD_LENGTH,0,1,1,0.0,0.0,New Zealand
1175296,Sachindu Colombage,RHB,OUTSIDE_OFFSTUMP,YORKER,0,1,1,0.0,0.0,Sri Lanka
1062338,Xavier A Crone,RHB,ON_THE_STUMPS,SHORT_OF_A_GOOD_LENGTH,0,1,1,0.0,0.0,Australia
1065662,Roshon Primus,RHB,WIDE_DOWN_LEG,GOOD_LENGTH,0,1,1,0.0,0.0,West Indies
1404712,Ubaid Shah,RHB,OUTSIDE_OFFSTUMP,FULL,0,1,1,0.0,0.0,
43685,Yasir Shah,RHB,ON_THE_STUMPS,SHORT,0,1,1,0.0,0.0,Pakistan
1175458,Akash Singh,RHB,OUTSIDE_OFFSTUMP,SHORT,0,1,1,0.0,0.0,India
1411891,Tanish Suri,RHB,OUTSIDE_OFFSTUMP,YORKER,0,1,1,0.0,0.0,United Arab Emirates
1414159,Sagar Kalyan,RHB,ON_THE_STUMPS,FULL,0,1,1,0.0,0.0,
1414159,Sagar Kalyan,RHB,DOWN_LEG,GOOD_LENGTH,0,1,1,0.0,0.0,
1175435,Vijay Sharma,RHB,ON_THE_STUMPS,SHORT_OF_A_GOOD_LENGTH,0,1,1,0.0,0.0,India
1344839,Haseeb Ghafoor,RHB,OUTSIDE_OFFSTUMP,SHORT,0,1,1,0.0,0.0,Saudi Arabia
1073111,Ahsan Hafeez,LHB,WIDE_DOWN_LEG,SHORT,0,1,1,0.0,0.0,Pakistan
1348021,Rizwan Haider,RHB,OUTSIDE_OFFSTUMP,GOOD_LENGTH,0,1,1,0.0,0.0,Malaysia
1191192,Sonny Baker,RHB,ON_THE_STUMPS,YORKER,0,1,1,0.0,0.0,England
1344846,Saad Khan,LHB,ON_THE_STUMPS,FULL,0,1,1,0.0,0.0,Saudi Arabia
1342699,Shadrack Descarte,LHB,DOWN_LEG,SHORT,0,1,1,0.0,0.0,West Indies
1342699,Shadrack Descarte,LHB,ON_THE_STUMPS,FULL_TOSS,0,1,1,0.0,0.0,West Indies
1339111,Saad Baig,LHB,ON_THE_STUMPS,GOOD_LENGTH,0,1,1,0.0,0.0,
1339770,Neeraj Rathour,LHB,ON_THE_STUMPS,FULL,0,1,1,0.0,0.0,India
1074333,Nuwanidu Fernando,RHB,WIDE_OUTSIDE_OFFSTUMP,YORKER,0,1,1,0.0,0.0,Sri Lanka
1076376,Liam Scott,RHB,ON_THE_STUMPS,FULL,0,1,1,0.0,0.0,Australia
1193533,Jock McKenzie,RHB,OUTSIDE_OFFSTUMP,FULL,0,1,1,0.0,0.0,
1167838,Ahmed Baladraf,LHB,OUTSIDE_OFFSTUMP,GOOD_LENGTH,0,1,1,0.0,0.0,Saudi Arabia
1369680,Clinto Anto,RHB,WIDE_OUTSIDE_OFFSTUMP,GOOD_LENGTH,0,1,1,0.0,0.0,Kuwait
1178586,Vriitya Aravind,RHB,WIDE_DOWN_LEG,FULL,0,1,1,0.0,0.0,United Arab Emirates
1369833,Amir Farooq,RHB,DOWN_LEG,YORKER,0,1,1,0.0,0.0,
1071473,Jan Nicol Loftie-Eaton,LHB,OUTSIDE_OFFSTUMP,SHORT,0,1,1,0.0,0.0,Namibia
1167770,Meet Bhavsar,LHB,WIDE_OUTSIDE_OFFSTUMP,SHORT_OF_A_GOOD_LENGTH,0,1,1,0.0,0.0,Kuwait
1373205,Salvin Stanly,RHB,ON_THE_STUMPS,YORKER,0,1,1,0.0,0.0,
1176738,Shafiqullah Ghafari,RHB,DOWN_LEG,FULL_TOSS,0,1,1,0.0,0.0,Afghanistan
1178065,Divan la Cock,RHB,ON_THE_STUMPS,GOOD_LENGTH,0,1,1,0.0,0.0,Namibia
25601,Mohammad Tauqir,RHB,OUTSIDE_OFFSTUMP,GOOD_LENGTH,0,1,1,0.0,0.0,United Arab Emirates
1360563,Muhammad Abbas,RHB,ON_THE_STUMPS,YORKER,0,1,1,0.0,0.0,New Zealand
1354638,Anish Prasad,RHB,OUTSIDE_OFFSTUMP,FULL,0,1,1,0.0,0.0,Cambodia
1164213,Lalhruaizela,RHB,ON_THE_STUMPS,GOOD_LENGTH,0,1,1,0.0,0.0,India
1071499,Ethan-John Cunningham,RHB,OUTSIDE_OFFSTUMP,FULL,0,1,1,0.0,0.0,South Africa
1071499,Ethan-John Cunningham,RHB,OUTSIDE_OFFSTUMP,GOOD_LENGTH,0,1,1,0.0,0.0,South Africa
1369678,Parvindar Kumar,RHB,OUTSIDE_OFFSTUMP,FULL_TOSS,0,1,1,0.0,0.0,Kuwait
1182529,Noor Ahmad,RHB,WIDE_OUTSIDE_OFFSTUMP,FULL,0,1,1,0.0,0.0,Afghanistan
1362934,Michael Charlie,RHB,ON_THE_STUMPS,FULL_TOSS,0,1,1,0.0,0.0,Papua New Guinea
1166195,Harsh Singh,RHB,DOWN_LEG,GOOD_LENGTH,0,1,1,0.0,0.0,India
1273854,Bharat Sharma,RHB,OUTSIDE_OFFSTUMP,SHORT_OF_A_GOOD_LENGTH,0,1,1,0.0,0.0,India
1139520,Tanzim Hasan Sakib,RHB,ON_THE_STUMPS,YORKER,0,1,1,0.0,0.0,Bangladesh
1139518,Pritom Kumar,RHB,DOWN_LEG,SHORT,0,1,1,0.0,0.0,Bangladesh
31820,Ashish Nehra,RHB,OUTSIDE_OFFSTUMP,YORKER,0,1,1,0.0,0.0,India
1210733,Jack Wood,RHB,OUTSIDE_OFFSTUMP,GOOD_LENGTH,0,1,1,0.0,0.0,Australia
31820,Ashish Nehra,RHB,WIDE_OUTSIDE_OFFSTUMP,GOOD_LENGTH,0,1,1,0.0,0.0,India
1139523,Rishad Hossain,RHB,WIDE_OUTSIDE_OFFSTUMP,FULL_TOSS,0,1,1,0.0,0.0,Bangladesh
1210287,Movin Subasingha,RHB,WIDE_OUTSIDE_OFFSTUMP,SHORT,0,1,1,0.0,0.0,Sri Lanka
6973,Peter Nevill,RHB,OUTSIDE_OFFSTUMP,FULL_TOSS,0,1,1,0.0,0.0,Australia
1123718,Spencer Johnson,LHB,ON_THE_STUMPS,YORKER,0,1,1,0.0,0.0,Australia
35731,Vinay Kumar,RHB,ON_THE_STUMPS,SHORT,0,1,1,0.0,0.0,India
1263691,Rehan Ahmed,RHB,ON_THE_STUMPS,YORKER,0,1,1,0.0,0.0,England
1124290,Nathan McSweeney,RHB,DOWN_LEG,SHORT_OF_A_GOOD_LENGTH,0,1,1,0.0,0.0,Australia
1256315,Lwando Tywaku,RHB,ON_THE_STUMPS,SHORT,0,1,1,0.0,0.0,South Africa
1260386,Tawanda Muyeye,RHB,DOWN_LEG,SHORT,0,1,1,0.0,0.0,England
1263691,Rehan Ahmed,RHB,ON_THE_STUMPS,FULL_TOSS,0,1,1,0.0,0.0,England
1266706,Tahjibul Islam,LHB,ON_THE_STUMPS,GOOD_LENGTH,0,1,1,0.0,0.0,Bangladesh
1264431,Kadeem Alleyne,RHB,DOWN_LEG,SHORT,0,1,1,0.0,0.0,West Indies
9310,Tim Bresnan,RHB,ON_THE_STUMPS,YORKER,0,1,1,0.0,0.0,England
36581,Neil Broom,RHB,OUTSIDE_OFFSTUMP,FULL_TOSS,0,1,1,0.0,0.0,New Zealand
1276980,Ripon Mondol,RHB,ON_THE_STUMPS,YORKER,0,1,1,0.0,0.0,Bangladesh
1276983,Ashiqur Zaman,RHB,OUTSIDE_OFFSTUMP,FULL,0,1,1,0.0,0.0,Bangladesh
36084,Yuvraj Singh,LHB,WIDE_DOWN_LEG,SHORT_OF_A_GOOD_LENGTH,0,1,1,0.0,0.0,India
1277545,Abishek Porel,LHB,WIDE_OUTSIDE_OFFSTUMP,GOOD_LENGTH,4,1,1,4.0,400.0,India
1112224,James Dickinson,RHB,ON_THE_STUMPS,SHORT,0,1,1,0.0,0.0,
1111917,Darshan Nalkande,RHB,OUTSIDE_OFFSTUMP,SHORT_OF_A_GOOD_LENGTH,0,1,1,0.0,0.0,India
1278252,Shariz Ahmad,LHB,ON_THE_STUMPS,SHORT_OF_A_GOOD_LENGTH,0,1,1,0.0,0.0,Netherlands
1151273,Nehal Wadhera,LHB,WIDE_OUTSIDE_OFFSTUMP,SHORT,0,1,1,0.0,0.0,India
1112535,Neil Rock,LHB,OUTSIDE_OFFSTUMP,SHORT,0,1,1,0.0,0.0,Ireland
1209292,Vaibhav Arora,RHB,ON_THE_STUMPS,GOOD_LENGTH,0,1,1,0.0,0.0,India
1122853,Tony Munyonga,RHB,ON_THE_STUMPS,YORKER,0,1,1,0.0,0.0,Zimbabwe
1275937,McKenny Clarke,RHB,ON_THE_STUMPS,GOOD_LENGTH,0,1,1,0.0,0.0,West Indies
35731,Vinay Kumar,RHB,OUTSIDE_OFFSTUMP,GOOD_LENGTH,0,1,1,0.0,0.0,India
1276980,Ripon Mondol,RHB,ON_THE_STUMPS,SHORT,0,1,1,0.0,0.0,Bangladesh
1275943,Johann Layne,RHB,ON_THE_STUMPS,SHORT_OF_A_GOOD_LENGTH,0,1,1,0.0,0.0,West Indies
1223047,Josh Brown,RHB,WIDE_OUTSIDE_OFFSTUMP,SHORT,0,1,1,0.0,0.0,Australia
1126213,Ninad Rathva,LHB,ON_THE_STUMPS,SHORT,0,1,1,0.0,0.0,India
1127317,Scott Edwards,RHB,DOWN_LEG,FULL,1,1,1,1.0,100.0,Netherlands
32966,Piyush Chawla,LHB,DOWN_LEG,YORKER,0,1,1,0.0,0.0,India
32966,Piyush Chawla,LHB,ON_THE_STUMPS,FULL_TOSS,0,1,1,0.0,0.0,India
1246435,Pragnay Reddy,RHB,ON_THE_STUMPS,FULL,0,1,1,0.0,0.0,India
1246435,Pragnay Reddy,RHB,ON_THE_STUMPS,GOOD_LENGTH,0,1,1,0.0,0.0,India
1131570,Urvil Patel,RHB,ON_THE_STUMPS,FULL,0,1,1,0.0,0.0,India
7529,Nathan Reardon,LHB,OUTSIDE_OFFSTUMP,FULL_TOSS,0,1,1,0.0,0.0,Australia
32966,Piyush Chawla,LHB,WIDE_DOWN_LEG,GOOD_LENGTH,0,1,1,0.0,0.0,India
1126082,Nipun Dhananjaya,LHB,OUTSIDE_OFFSTUMP,SHORT,0,1,1,0.0,0.0,Sri Lanka
1246509,Bidash Chingakham,RHB,OUTSIDE_OFFSTUMP,SHORT_OF_A_GOOD_LENGTH,0,1,1,0.0,0.0,India
7898,Peter Siddle,RHB,ON_THE_STUMPS,YORKER,0,1,1,0.0,0.0,Australia
32685,Irfan Pathan,LHB,WIDE_OUTSIDE_OFFSTUMP,FULL_TOSS,1,1,1,1.0,100.0,India
1129639,Callum McLachlan,RHB,DOWN_LEG,GOOD_LENGTH,0,1,1,0.0,0.0,New Zealand
1241269,Hazrat Luqman,RHB,ON_THE_STUMPS,GOOD_LENGTH,1,1,1,1.0,100.0,
1129638,Ben Lockrose,RHB,ON_THE_STUMPS,YORKER,0,1,1,0.0,0.0,New Zealand
1130300,Aryan Juyal,RHB,OUTSIDE_OFFSTUMP,SHORT,0,1,1,0.0,0.0,India
7547,Ben Rohrer,LHB,ON_THE_STUMPS,FULL_TOSS,0,1,1,0.0,0.0,Australia
32965,Munaf Patel,RHB,ON_THE_STUMPS,YORKER,0,1,1,0.0,0.0,India
32965,Munaf Patel,RHB,ON_THE_STUMPS,GOOD_LENGTH,0,1,1,0.0,0.0,India
1129633,Max Chu,LHB,ON_THE_STUMPS,FULL_TOSS,0,1,1,0.0,0.0,New Zealand
1129664,Angus McKenzie,LHB,OUTSIDE_OFFSTUMP,SHORT_OF_A_GOOD_LENGTH,0,1,1,0.0,0.0,New Zealand
1129328,Teja Nidamanuru,RHB,OUTSIDE_OFFSTUMP,SHORT,0,1,1,0.0,0.0,Netherlands
1254269,Aman Hakim Khan,RHB,ON_THE_STUMPS,FULL_TOSS,0,1,1,0.0,0.0,India
1216350,Wil Parker,RHB,ON_THE_STUMPS,YORKER,0,1,1,0.0,0.0,Australia
1216350,Wil Parker,RHB,ON_THE_STUMPS,SHORT_OF_A_GOOD_LENGTH,0,1,1,0.0,0.0,Australia
1254269,Aman Hakim Khan,RHB,WIDE_OUTSIDE_OFFSTUMP,SHORT,0,1,1,0.0,0.0,India
7502,Luke Ronchi,RHB,DOWN_LEG,FULL_TOSS,0,1,1,0.0,0.0,New Zealand
1217156,Ravindu Fernando,RHB,OUTSIDE_OFFSTUMP,SHORT,0,1,1,0.0,0.0,Sri Lanka
1253822,Gulsan Jha,LHB,WIDE_OUTSIDE_OFFSTUMP,SHORT,0,1,1,0.0,0.0,Nepal
1216919,Abdul Nasir,RHB,ON_THE_STUMPS,SHORT_OF_A_GOOD_LENGTH,0,1,1,0.0,0.0,Pakistan
33870,Rajagopal Sathish,RHB,OUTSIDE_OFFSTUMP,SHORT,0,1,1,0.0,0.0,India
1125536,Ben Lister,RHB,ON_THE_STUMPS,YORKER,0,1,1,0.0,0.0,New Zealand
1125317,Lance Morris,RHB,ON_THE_STUMPS,YORKER,0,1,1,0.0,0.0,Australia
1214676,Rishav Raj,RHB,OUTSIDE_OFFSTUMP,SHORT_OF_A_GOOD_LENGTH,0,1,1,0.0,0.0,India
1124737,Renaldo Meyer,LHB,OUTSIDE_OFFSTUMP,FULL,0,1,1,0.0,0.0,South Africa
1124470,Blake Coburn,RHB,ON_THE_STUMPS,FULL_TOSS,0,1,1,0.0,0.0,New Zealand
1125568,Kartik Kakade,RHB,ON_THE_STUMPS,GOOD_LENGTH,1,1,1,1.0,100.0,India
33870,Rajagopal Sathish,RHB,ON_THE_STUMPS,FULL,0,1,1,0.0,0.0,India
1125979,Ashir Qureshi,RHB,ON_THE_STUMPS,FULL,0,1,1,0.0,0.0,Pakistan
1249881,Zeeshan Zameer,RHB,OUTSIDE_OFFSTUMP,GOOD_LENGTH,0,1,1,0.0,0.0,Pakistan
1131754,Chetan Sakariya,LHB,WIDE_OUTSIDE_OFFSTUMP,FULL,0,1,1,0.0,0.0,India
6033,Mitchell Johnson,LHB,WIDE_OUTSIDE_OFFSTUMP,FULL_TOSS,0,1,1,0.0,0.0,Australia
1295879,John Kariko,LHB,ON_THE_STUMPS,GOOD_LENGTH,0,1,1,0.0,0.0,Papua New Guinea
1083851,Suyash Prabhudessai,RHB,ON_THE_STUMPS,FULL_TOSS,0,1,1,0.0,0.0,India
1083851,Suyash Prabhudessai,RHB,DOWN_LEG,GOOD_LENGTH,0,1,1,0.0,0.0,India
1159715,Manish Golamaru,LHB,OUTSIDE_OFFSTUMP,SHORT_OF_A_GOOD_LENGTH,0,1,1,0.0,0.0,India
1159720,Yash Dayal,RHB,OUTSIDE_OFFSTUMP,YORKER,0,1,1,0.0,0.0,India
1083128,Ankit Soni,RHB,ON_THE_STUMPS,FULL_TOSS,0,1,1,0.0,0.0,India
1201552,Sachin Kumar,LHB,ON_THE_STUMPS,FULL_TOSS,0,1,1,0.0,0.0,India
1300576,Vishal Jayswal,LHB,OUTSIDE_OFFSTUMP,GOOD_LENGTH,0,1,1,0.0,0.0,India
1300581,Anirudh Singh,RHB,OUTSIDE_OFFSTUMP,FULL,0,1,1,0.0,0.0,India
1159742,Marimuthu Vikneshwaran,RHB,DOWN_LEG,SHORT,0,1,1,0.0,0.0,India
1300576,Vishal Jayswal,LHB,ON_THE_STUMPS,GOOD_LENGTH,0,1,1,0.0,0.0,India
1083030,KM Asif,RHB,ON_THE_STUMPS,FULL,0,1,1,0.0,0.0,India
1201520,Ripal Patel,RHB,OUTSIDE_OFFSTUMP,SHORT,0,1,1,0.0,0.0,India
1159725,Vishamber Kahlon,RHB,ON_THE_STUMPS,GOOD_LENGTH,0,1,1,0.0,0.0,India
1082298,Ashan Randika,LHB,DOWN_LEG,SHORT,0,1,1,0.0,0.0,Sri Lanka
1159591,Tom O'Connell,LHB,ON_THE_STUMPS,GOOD_LENGTH,0,1,1,0.0,0.0,Australia
1294144,Dhruv Parashar,RHB,OUTSIDE_OFFSTUMP,FULL,0,1,1,0.0,0.0,United Arab Emirates
1294144,Dhruv Parashar,RHB,OUTSIDE_OFFSTUMP,GOOD_LENGTH,0,1,1,0.0,0.0,United Arab Emirates
1202236,Jack Clayton,LHB,ON_THE_STUMPS,GOOD_LENGTH,0,1,1,0.0,0.0,Australia
37749,Nathan McCullum,RHB,ON_THE_STUMPS,FULL,0,1,1,0.0,0.0,New Zealand
1202098,Zakary Foulkes,RHB,ON_THE_STUMPS,YORKER,0,1,1,0.0,0.0,New Zealand
1201603,Nagaho Chishi,RHB,OUTSIDE_OFFSTUMP,FULL,0,1,1,0.0,0.0,India
21440,John Simpson,LHB,ON_THE_STUMPS,FULL_TOSS,0,1,1,0.0,0.0,England
27280,Manvinder  Bisla,RHB,WIDE_OUTSIDE_OFFSTUMP,FULL,0,1,1,0.0,0.0,India
1294520,Mohammad Zeeshan,RHB,OUTSIDE_OFFSTUMP,YORKER,0,1,1,0.0,0.0,
1294520,Mohammad Zeeshan,RHB,ON_THE_STUMPS,GOOD_LENGTH,0,1,1,0.0,0.0,
1294456,Ronan Herrmann,RHB,DOWN_LEG,FULL,0,1,1,0.0,0.0,
37749,Nathan McCullum,RHB,WIDE_OUTSIDE_OFFSTUMP,FULL,0,1,1,0.0,0.0,New Zealand
28160,Paras Dogra,RHB,OUTSIDE_OFFSTUMP,SHORT_OF_A_GOOD_LENGTH,0,1,1,0.0,0.0,India
23508,Riki Wessels,RHB,DOWN_LEG,SHORT_OF_A_GOOD_LENGTH,0,1,1,0.0,0.0,England
1161024,Prabhsimran Singh,RHB,DOWN_LEG,FULL_TOSS,0,1,1,0.0,0.0,India
1321991,Akshay Puri,RHB,ON_THE_STUMPS,FULL,0,1,1,0.0,0.0,Singapore
1309252,Arif Ahmed,RHB,OUTSIDE_OFFSTUMP,SHORT_OF_A_GOOD_LENGTH,0,1,1,0.0,0.0,
1199669,Ashwanth Valthapa,LHB,DOWN_LEG,FULL,0,1,1,0.0,0.0,
1312645,Harshit Rana,RHB,ON_THE_STUMPS,FULL,2,1,1,2.0,200.0,India
1312645,Harshit Rana,RHB,ON_THE_STUMPS,SHORT_OF_A_GOOD_LENGTH,0,1,1,0.0,0.0,India
39024,Azhar Mahmood,RHB,ON_THE_STUMPS,GOOD_LENGTH,0,1,1,0.0,0.0,Pakistan
1161024,Prabhsimran Singh,RHB,WIDE_DOWN_LEG,FULL,0,1,1,0.0,0.0,India
1328438,Sabir Ali,RHB,DOWN_LEG,GOOD_LENGTH,0,1,1,0.0,0.0,United Arab Emirates
1199393,Abdul Bangalzai,RHB,OUTSIDE_OFFSTUMP,SHORT,0,1,1,0.0,0.0,Pakistan
1199393,Abdul Bangalzai,RHB,ON_THE_STUMPS,YORKER,0,1,1,0.0,0.0,Pakistan
1080812,Danru Ferns,RHB,ON_THE_STUMPS,FULL,0,1,1,0.0,0.0,New Zealand
1081183,Abhijeet Tomar,RHB,ON_THE_STUMPS,GOOD_LENGTH,0,1,1,0.0,0.0,India
1301600,Umer Toor,RHB,ON_THE_STUMPS,YORKER,0,1,1,0.0,0.0,Bahrain
1301551,Yuvraj Singh,RHB,WIDE_OUTSIDE_OFFSTUMP,GOOD_LENGTH,0,1,1,0.0,0.0,India
1159753,G Lalbiakvela,RHB,ON_THE_STUMPS,FULL,0,1,1,0.0,0.0,India
1159774,Mayank Mishra,LHB,ON_THE_STUMPS,FULL_TOSS,0,1,1,0.0,0.0,India
1081442,Mayank Markande,RHB,ON_THE_STUMPS,FULL_TOSS,0,1,1,0.0,0.0,India
1301896,Piyush Dahiya,RHB,OUTSIDE_OFFSTUMP,FULL,1,1,1,1.0,100.0,India
1200616,Clayton Floyd,RHB,ON_THE_STUMPS,SHORT_OF_A_GOOD_LENGTH,0,1,1,0.0,0.0,Netherlands
1199892,Ateeq Iqbal,RHB,ON_THE_STUMPS,FULL,0,1,1,0.0,0.0,Hong Kong
1079839,Anukul Roy,LHB,DOWN_LEG,SHORT_OF_A_GOOD_LENGTH,0,1,1,0.0,0.0,India
1307709,Gareth Severin,RHB,ON_THE_STUMPS,YORKER,0,1,1,0.0,0.0,
1200965,Saqlain Arshad,RHB,ON_THE_STUMPS,YORKER,0,1,1,0.0,0.0,Qatar
1079848,Shivam Mavi,RHB,WIDE_OUTSIDE_OFFSTUMP,SHORT_OF_A_GOOD_LENGTH,0,1,1,0.0,0.0,India
1152432,Kalana Perera,LHB,ON_THE_STUMPS,SHORT,0,1,1,0.0,0.0,Sri Lanka
1206110,Kevin Sinclair,RHB,WIDE_DOWN_LEG,SHORT,0,1,1,0.0,0.0,West Indies
1206110,Kevin Sinclair,RHB,ON_THE_STUMPS,FULL_TOSS,0,1,1,0.0,0.0,West Indies
1099225,Fionn Hand,RHB,ON_THE_STUMPS,YORKER,0,1,1,0.0,0.0,Ireland
36948,Anton Devcich,LHB,DOWN_LEG,FULL_TOSS,0,1,1,0.0,0.0,New Zealand
1206190,Shreyas Movva,RHB,ON_THE_STUMPS,FULL,0,1,1,0.0,0.0,Canada
1206053,Nitesh Sedai,RHB,ON_THE_STUMPS,GOOD_LENGTH,0,1,1,0.0,0.0,India
1206052,Yudhvir Singh,RHB,WIDE_OUTSIDE_OFFSTUMP,FULL,0,1,1,0.0,0.0,India
1205981,Corey Rocchiccioli,RHB,ON_THE_STUMPS,SHORT_OF_A_GOOD_LENGTH,0,1,1,0.0,0.0,Australia
1096129,Gulam Murtaza,RHB,OUTSIDE_OFFSTUMP,FULL,0,1,1,0.0,0.0,Cambodia
1108830,Nyeem Young,RHB,DOWN_LEG,FULL,0,1,1,0.0,0.0,West Indies
1111917,Darshan Nalkande,RHB,DOWN_LEG,GOOD_LENGTH,0,1,1,0.0,0.0,India
1111473,Rishiv Joshi,RHB,WIDE_OUTSIDE_OFFSTUMP,FULL,0,1,1,0.0,0.0,Canada
1110475,Jack Haynes,RHB,WIDE_OUTSIDE_OFFSTUMP,SHORT_OF_A_GOOD_LENGTH,0,1,1,0.0,0.0,England
1284534,Muhammad Murad,LHB,ON_THE_STUMPS,GOOD_LENGTH,0,1,1,0.0,0.0,Qatar
1284531,Edson Silva,RHB,WIDE_OUTSIDE_OFFSTUMP,FULL_TOSS,0,1,1,0.0,0.0,Kuwait
1207295,Kumar Kushagra,RHB,OUTSIDE_OFFSTUMP,FULL,0,1,1,0.0,0.0,India
1108490,Waqar Salamkheil,RHB,ON_THE_STUMPS,YORKER,0,1,1,0.0,0.0,Afghanistan
1207295,Kumar Kushagra,RHB,ON_THE_STUMPS,FULL,0,1,1,0.0,0.0,India
1292502,Raj Bawa,LHB,ON_THE_STUMPS,FULL_TOSS,0,1,1,0.0,0.0,India
1092313,Rohail Nazir,RHB,WIDE_OUTSIDE_OFFSTUMP,SHORT,0,1,1,0.0,0.0,Pakistan
1090866,Vijay Unni,RHB,WIDE_OUTSIDE_OFFSTUMP,GOOD_LENGTH,0,1,1,0.0,0.0,Malaysia
1158100,Mohammad Hasnain,RHB,ON_THE_STUMPS,FULL_TOSS,0,1,1,0.0,0.0,Pakistan
1202927,Dhrushant Soni,RHB,ON_THE_STUMPS,GOOD_LENGTH,0,1,1,0.0,0.0,India
5941,Ben Hilfenhaus,RHB,ON_THE_STUMPS,FULL,0,1,1,0.0,0.0,Australia
36993,Andrew Ellis,RHB,WIDE_OUTSIDE_OFFSTUMP,GOOD_LENGTH,0,1,1,0.0,0.0,New Zealand
1093669,Muhammad Tanveer,RHB,DOWN_LEG,GOOD_LENGTH,1,1,1,1.0,100.0,Qatar
1290929,Tim Robinson,RHB,ON_THE_STUMPS,YORKER,0,1,1,0.0,0.0,New Zealand
1287369,Saurav Chauhan,LHB,WIDE_DOWN_LEG,GOOD_LENGTH,0,1,1,0.0,0.0,India
1155253,Luvnith Sisodia,LHB,ON_THE_STUMPS,FULL,0,1,1,0.0,0.0,India
1290929,Tim Robinson,RHB,OUTSIDE_OFFSTUMP,FULL_TOSS,0,1,1,0.0,0.0,New Zealand
1203995,Shahnawaz Dahani,RHB,ON_THE_STUMPS,YORKER,0,1,1,0.0,0.0,Pakistan
1156690,Suraj Kumar,RHB,OUTSIDE_OFFSTUMP,SHORT,0,1,1,0.0,0.0,Oman
550137,Abu Hider,RHB,WIDE_OUTSIDE_OFFSTUMP,FULL_TOSS,0,1,1,0.0,0.0,Bangladesh
550209,Wesley Marshall,RHB,ON_THE_STUMPS,SHORT,0,1,1,0.0,0.0,South Africa
549288,Ferisco Adams,RHB,WIDE_OUTSIDE_OFFSTUMP,GOOD_LENGTH,0,1,1,0.0,0.0,South Africa
307639,Ahmad Faiz,RHB,OUTSIDE_OFFSTUMP,SHORT,0,1,1,0.0,0.0,Malaysia
553249,Bjorn Fortuin,RHB,DOWN_LEG,FULL,0,1,1,0.0,0.0,South Africa
553800,Chris Tremain,RHB,ON_THE_STUMPS,FULL_TOSS,0,1,1,0.0,0.0,Australia
552880,Adil Bhatti,RHB,ON_THE_STUMPS,FULL,0,1,1,0.0,0.0,United States of America
302875,Jason Kila,LHB,ON_THE_STUMPS,GOOD_LENGTH,0,1,1,0.0,0.0,Papua New Guinea
307817,Adnan Idrees,RHB,ON_THE_STUMPS,SHORT_OF_A_GOOD_LENGTH,0,1,1,0.0,0.0,Kuwait
539511,Henry Nicholls,LHB,WIDE_OUTSIDE_OFFSTUMP,YORKER,0,1,1,0.0,0.0,New Zealand
308405,Raymond van Schoor,RHB,OUTSIDE_OFFSTUMP,SHORT,0,1,1,0.0,0.0,Namibia
539305,Haseeb Amjad,RHB,ON_THE_STUMPS,FULL,0,1,1,0.0,0.0,Hong Kong
541777,Kelvin Smith,LHB,OUTSIDE_OFFSTUMP,FULL,0,1,1,0.0,0.0,Australia
547764,Cam Fletcher,RHB,OUTSIDE_OFFSTUMP,SHORT,0,1,1,0.0,0.0,New Zealand
543449,Ajay Lalcheta,LHB,DOWN_LEG,SHORT_OF_A_GOOD_LENGTH,0,1,1,0.0,0.0,Oman
568164,Uzair Amir,RHB,ON_THE_STUMPS,FULL_TOSS,0,1,1,0.0,0.0,Qatar
298438,Jason Roy,RHB,WIDE_DOWN_LEG,FULL,0,1,1,0.0,0.0,England
580400,Khizar Hayat,RHB,DOWN_LEG,FULL_TOSS,0,1,1,0.0,0.0,Malaysia
571788,Nicholas Bertus,LHB,ON_THE_STUMPS,FULL,0,1,1,0.0,0.0,Australia
571911,Joe Clarke,RHB,WIDE_DOWN_LEG,GOOD_LENGTH,0,1,1,0.0,0.0,England
571911,Joe Clarke,RHB,WIDE_DOWN_LEG,SHORT,0,1,1,0.0,0.0,England
572199,Ryan Higgins,RHB,ON_THE_STUMPS,SHORT,0,1,1,0.0,0.0,England
574178,Akila Dananjaya,LHB,DOWN_LEG,FULL,0,1,1,0.0,0.0,Sri Lanka
298438,Jason Roy,RHB,WIDE_DOWN_LEG,SHORT,0,1,1,0.0,0.0,England
300629,Angelo Perera,RHB,WIDE_DOWN_LEG,SHORT_OF_A_GOOD_LENGTH,0,1,1,0.0,0.0,Sri Lanka
554700,Nikhil Naik,RHB,ON_THE_STUMPS,SHORT,0,1,1,0.0,0.0,India
555853,Mark Steketee,RHB,ON_THE_STUMPS,FULL_TOSS,0,1,1,0.0,0.0,Australia
554174,Wasiqur Rahman,RHB,ON_THE_STUMPS,GOOD_LENGTH,0,1,1,0.0,0.0,India
302579,Shreevats Goswami,LHB,OUTSIDE_OFFSTUMP,SHORT,0,1,1,0.0,0.0,India
302208,Chidhambaram Gautam,RHB,ON_THE_STUMPS,FULL,0,1,1,0.0,0.0,India
300624,Srimantha Wijeyeratne,RHB,OUTSIDE_OFFSTUMP,FULL,0,1,1,0.0,0.0,Canada
557298,Daniel Worrall,RHB,WIDE_OUTSIDE_OFFSTUMP,FULL,0,1,1,0.0,0.0,Australia
315623,Ben Laughlin,RHB,WIDE_OUTSIDE_OFFSTUMP,FULL,0,1,1,0.0,0.0,Australia
525992,Adam Hose,RHB,WIDE_OUTSIDE_OFFSTUMP,SHORT,0,1,1,0.0,0.0,England
516561,Dawlat Zadran,RHB,ON_THE_STUMPS,FULL_TOSS,0,1,1,0.0,0.0,Afghanistan
317252,Sohail Khan,RHB,ON_THE_STUMPS,YORKER,0,1,1,0.0,0.0,Pakistan
516039,Alex Davies,RHB,ON_THE_STUMPS,FULL_TOSS,0,1,1,0.0,0.0,England
527299,Aniket Choudhary,RHB,WIDE_OUTSIDE_OFFSTUMP,SHORT_OF_A_GOOD_LENGTH,0,1,1,0.0,0.0,India
533561,Waqas Maqsood,LHB,ON_THE_STUMPS,YORKER,0,1,1,0.0,0.0,Pakistan
533862,Mohammad Naveed,RHB,DOWN_LEG,SHORT_OF_A_GOOD_LENGTH,0,1,1,0.0,0.0,United Arab Emirates
308410,Pikky Ya France,RHB,ON_THE_STUMPS,YORKER,0,1,1,0.0,0.0,Namibia
308794,Michael Swart,RHB,WIDE_OUTSIDE_OFFSTUMP,FULL,1,1,1,1.0,100.0,Australia
310107,Danny Briggs,RHB,WIDE_DOWN_LEG,FULL_TOSS,1,1,1,1.0,100.0,England
535393,Senuran Muthusamy,LHB,OUTSIDE_OFFSTUMP,YORKER,0,1,1,0.0,0.0,South Africa
308967,Jos Buttler,RHB,WIDE_DOWN_LEG,SHORT,0,1,1,0.0,0.0,England
528730,Akshay Karnewar,LHB,ON_THE_STUMPS,SHORT_OF_A_GOOD_LENGTH,0,1,1,0.0,0.0,India
528730,Akshay Karnewar,LHB,ON_THE_STUMPS,YORKER,0,1,1,0.0,0.0,India
528985,Domnic Muthuswami,RHB,OUTSIDE_OFFSTUMP,GOOD_LENGTH,0,1,1,0.0,0.0,India
528332,Nikhil Gangta,RHB,OUTSIDE_OFFSTUMP,FULL_TOSS,0,1,1,0.0,0.0,India
528067,Murugan Ashwin,RHB,WIDE_OUTSIDE_OFFSTUMP,FULL,0,1,1,0.0,0.0,India
528332,Nikhil Gangta,RHB,ON_THE_STUMPS,YORKER,0,1,1,0.0,0.0,India
530015,William Bosisto,RHB,OUTSIDE_OFFSTUMP,SHORT,0,1,1,0.0,0.0,Australia
272385,Josh Lalor,RHB,WIDE_OUTSIDE_OFFSTUMP,YORKER,0,1,1,0.0,0.0,Australia
627623,Charlie Wakim,RHB,DOWN_LEG,GOOD_LENGTH,0,1,1,0.0,0.0,Australia
627627,Tom Rogers,LHB,WIDE_OUTSIDE_OFFSTUMP,YORKER,0,1,1,0.0,0.0,Australia
272465,James Pattinson,LHB,OUTSIDE_OFFSTUMP,SHORT,0,1,1,0.0,0.0,Australia
272465,James Pattinson,LHB,DOWN_LEG,SHORT_OF_A_GOOD_LENGTH,1,1,1,1.0,100.0,Australia
272279,Nathan Lyon,RHB,ON_THE_STUMPS,YORKER,0,1,1,0.0,0.0,Australia
629075,Minod Bhanuka,LHB,DOWN_LEG,SHORT,0,1,1,0.0,0.0,Sri Lanka
629065,Nihaduzzaman,RHB,WIDE_OUTSIDE_OFFSTUMP,GOOD_LENGTH,0,1,1,0.0,0.0,Bangladesh
625967,Ryan Watson,RHB,OUTSIDE_OFFSTUMP,GOOD_LENGTH,0,1,1,0.0,0.0,New Zealand
605681,Evan Jones,RHB,DOWN_LEG,GOOD_LENGTH,0,1,1,0.0,0.0,South Africa
605681,Evan Jones,RHB,OUTSIDE_OFFSTUMP,SHORT,0,1,1,0.0,0.0,South Africa
277662,Corey Anderson,LHB,WIDE_OUTSIDE_OFFSTUMP,YORKER,0,1,1,0.0,0.0,United States of America
625383,Jasprit Bumrah,RHB,ON_THE_STUMPS,SHORT,0,1,1,0.0,0.0,India
274921,Veerasammy Permaul,RHB,WIDE_OUTSIDE_OFFSTUMP,FULL,0,1,1,0.0,0.0,West Indies
625862,Yasser Nazir,RHB,ON_THE_STUMPS,FULL_TOSS,0,1,1,0.0,0.0,Bahrain
262456,Dane Vilas,RHB,ON_THE_STUMPS,YORKER,1,1,1,1.0,100.0,South Africa
642531,Ricky Bhui,RHB,WIDE_OUTSIDE_OFFSTUMP,FULL,0,1,1,0.0,0.0,India
266268,Pite van Biljon,RHB,WIDE_OUTSIDE_OFFSTUMP,FULL_TOSS,0,1,1,0.0,0.0,South Africa
642519,Shreyas Iyer,RHB,WIDE_DOWN_LEG,SHORT_OF_A_GOOD_LENGTH,0,1,1,0.0,0.0,India
642531,Ricky Bhui,RHB,DOWN_LEG,SHORT,0,1,1,0.0,0.0,India
643885,Saqib Mahmood,RHB,WIDE_OUTSIDE_OFFSTUMP,FULL,0,1,1,0.0,0.0,England
260036,Tanwir Afzal,RHB,OUTSIDE_OFFSTUMP,FULL_TOSS,0,1,1,0.0,0.0,Hong Kong
652361,Atit Sheth,RHB,OUTSIDE_OFFSTUMP,SHORT,0,1,1,0.0,0.0,India
652687,Saud Shakeel,LHB,ON_THE_STUMPS,YORKER,0,1,1,0.0,0.0,Pakistan
646173,Kiplin Doriga,RHB,DOWN_LEG,GOOD_LENGTH,0,1,1,0.0,0.0,Papua New Guinea
646173,Kiplin Doriga,RHB,WIDE_OUTSIDE_OFFSTUMP,FULL,0,1,1,0.0,0.0,Papua New Guinea
646175,Hiri Hiri,RHB,ON_THE_STUMPS,FULL,0,1,1,0.0,0.0,Papua New Guinea
641423,Dan Lawrence,RHB,WIDE_OUTSIDE_OFFSTUMP,FULL_TOSS,0,1,1,0.0,0.0,England
631545,Matthew Carter,RHB,ON_THE_STUMPS,YORKER,0,1,1,0.0,0.0,England
629084,Ramesh Mendis,RHB,WIDE_OUTSIDE_OFFSTUMP,FULL_TOSS,0,1,1,0.0,0.0,Sri Lanka
631545,Matthew Carter,RHB,DOWN_LEG,GOOD_LENGTH,0,1,1,0.0,0.0,England
633697,Shahrukh Quddus,RHB,OUTSIDE_OFFSTUMP,GOOD_LENGTH,0,1,1,0.0,0.0,Kuwait
639140,Matt Milnes,RHB,ON_THE_STUMPS,SHORT_OF_A_GOOD_LENGTH,0,1,1,0.0,0.0,England
639140,Matt Milnes,RHB,OUTSIDE_OFFSTUMP,FULL,0,1,1,0.0,0.0,England
641387,Max Holden,LHB,WIDE_OUTSIDE_OFFSTUMP,GOOD_LENGTH,0,1,1,0.0,0.0,England
267724,Keshav Maharaj,RHB,ON_THE_STUMPS,SHORT,0,1,1,0.0,0.0,South Africa
290632,Sreenath Aravind,LHB,ON_THE_STUMPS,FULL,0,1,1,0.0,0.0,India
595036,Bamanye Xenxe,RHB,ON_THE_STUMPS,FULL,0,1,1,0.0,0.0,South Africa
290638,Amit Yadav,RHB,ON_THE_STUMPS,GOOD_LENGTH,0,1,1,0.0,0.0,India
595406,Shane Dadswell,RHB,ON_THE_STUMPS,YORKER,0,1,1,0.0,0.0,South Africa
596010,Gerald Coetzee,RHB,WIDE_OUTSIDE_OFFSTUMP,FULL_TOSS,0,1,1,0.0,0.0,South Africa
288305,Shafiul Islam,RHB,OUTSIDE_OFFSTUMP,SHORT,0,1,1,0.0,0.0,Bangladesh
595419,Brandon Glover,RHB,OUTSIDE_OFFSTUMP,GOOD_LENGTH,0,1,1,0.0,0.0,Netherlands
585081,Khawar Ali,RHB,ON_THE_STUMPS,SHORT_OF_A_GOOD_LENGTH,0,1,1,0.0,0.0,Oman
290948,Mohammad Amir,LHB,WIDE_OUTSIDE_OFFSTUMP,SHORT_OF_A_GOOD_LENGTH,0,1,1,0.0,0.0,Pakistan
594235,Tshepo Moreki,RHB,ON_THE_STUMPS,FULL_TOSS,1,1,1,1.0,100.0,South Africa
594274,Isaac Dikgale,RHB,WIDE_OUTSIDE_OFFSTUMP,SHORT_OF_A_GOOD_LENGTH,0,1,1,0.0,0.0,South Africa
593296,Ali Dawood,RHB,OUTSIDE_OFFSTUMP,SHORT_OF_A_GOOD_LENGTH,0,1,1,0.0,0.0,Bahrain
591650,Ankit Rajpoot,RHB,ON_THE_STUMPS,FULL,0,1,1,0.0,0.0,India
591650,Ankit Rajpoot,RHB,OUTSIDE_OFFSTUMP,SHORT,0,1,1,0.0,0.0,India
277955,Dhawal Kulkarni,RHB,DOWN_LEG,FULL_TOSS,1,1,1,1.0,100.0,India
279545,Pradeep Sangwan,RHB,ON_THE_STUMPS,YORKER,0,1,1,0.0,0.0,India
279545,Pradeep Sangwan,RHB,DOWN_LEG,GOOD_LENGTH,0,1,1,0.0,0.0,India
277914,Jeet Raval,LHB,DOWN_LEG,FULL,0,1,1,0.0,0.0,New Zealand
277912,Trent Boult,RHB,WIDE_OUTSIDE_OFFSTUMP,SHORT,0,1,1,0.0,0.0,New Zealand
277912,Trent Boult,RHB,DOWN_LEG,FULL,0,1,1,0.0,0.0,New Zealand
604616,Chama Milind,LHB,ON_THE_STUMPS,SHORT_OF_A_GOOD_LENGTH,0,1,1,0.0,0.0,India
605573,Jaron Morgan,LHB,ON_THE_STUMPS,YORKER,0,1,1,0.0,0.0,Australia
596436,Marques Ackerman,LHB,OUTSIDE_OFFSTUMP,SHORT_OF_A_GOOD_LENGTH,0,1,1,0.0,0.0,South Africa
596437,Glen Adams,RHB,ON_THE_STUMPS,YORKER,0,1,1,0.0,0.0,South Africa
596442,Delano Potgieter,LHB,WIDE_OUTSIDE_OFFSTUMP,GOOD_LENGTH,0,1,1,0.0,0.0,South Africa
596303,Lakshan Edirisinghe,LHB,OUTSIDE_OFFSTUMP,GOOD_LENGTH,0,1,1,0.0,0.0,Sri Lanka
596375,Tarisai Musakanda,RHB,DOWN_LEG,SHORT,0,1,1,0.0,0.0,Zimbabwe
281188,Nazmul Hossain Milon,RHB,OUTSIDE_OFFSTUMP,FULL_TOSS,0,1,1,0.0,0.0,Bangladesh
280735,Sharifullah,RHB,ON_THE_STUMPS,SHORT,0,1,1,0.0,0.0,Bangladesh
417385,Corey Bisson,RHB,OUTSIDE_OFFSTUMP,FULL,0,1,1,0.0,0.0,Jersey
417268,Matthew Cross,RHB,WIDE_OUTSIDE_OFFSTUMP,SHORT_OF_A_GOOD_LENGTH,0,1,1,0.0,0.0,Scotland
351588,Mark Wood,RHB,ON_THE_STUMPS,FULL_TOSS,0,1,1,0.0,0.0,England
351074,Niaz Ali,LHB,DOWN_LEG,GOOD_LENGTH,0,1,1,0.0,0.0,Hong Kong
422342,Siddhesh Lad,RHB,ON_THE_STUMPS,YORKER,0,1,1,0.0,0.0,India
420402,Afsar Zazai,RHB,ON_THE_STUMPS,YORKER,0,1,1,0.0,0.0,Afghanistan
422092,Vikum Sanjaya,RHB,OUTSIDE_OFFSTUMP,SHORT,1,1,1,1.0,100.0,Sri Lanka
410763,Abu Jayed,RHB,OUTSIDE_OFFSTUMP,FULL_TOSS,0,1,1,0.0,0.0,Bangladesh
414821,Stuart Thompson,LHB,DOWN_LEG,GOOD_LENGTH,0,1,1,0.0,0.0,Ireland
414969,Charles Perchard,RHB,ON_THE_STUMPS,FULL_TOSS,0,1,1,0.0,0.0,Jersey
410768,Alauddin Babu,RHB,DOWN_LEG,FULL,1,1,1,1.0,100.0,Bangladesh
410768,Alauddin Babu,RHB,ON_THE_STUMPS,YORKER,0,1,1,0.0,0.0,Bangladesh
414247,Naseer Jamali,RHB,OUTSIDE_OFFSTUMP,FULL,0,1,1,0.0,0.0,United States of America
431901,Evin Lewis,LHB,WIDE_DOWN_LEG,FULL,0,1,1,0.0,0.0,West Indies
431902,Yannic Cariah,LHB,OUTSIDE_OFFSTUMP,FULL_TOSS,0,1,1,0.0,0.0,West Indies
431905,Shane Dowrich,RHB,OUTSIDE_OFFSTUMP,GOOD_LENGTH,0,1,1,0.0,0.0,West Indies
348091,Kavem Hodge,RHB,ON_THE_STUMPS,YORKER,0,1,1,0.0,0.0,West Indies
433614,Zahid Mahmood,RHB,ON_THE_STUMPS,YORKER,0,1,1,0.0,0.0,Pakistan
425913,Abhimanyu Rana,LHB,DOWN_LEG,SHORT,0,1,1,0.0,0.0,India
348152,Usman Qadir,LHB,WIDE_DOWN_LEG,SHORT_OF_A_GOOD_LENGTH,0,1,1,0.0,0.0,Pakistan
423838,Rahul Tewatia,LHB,WIDE_DOWN_LEG,GOOD_LENGTH,0,1,1,0.0,0.0,India
429748,Amila Aponso,RHB,ON_THE_STUMPS,YORKER,0,1,1,0.0,0.0,United States of America
429122,Umaid Asif,RHB,ON_THE_STUMPS,SHORT_OF_A_GOOD_LENGTH,0,1,1,0.0,0.0,Pakistan
428366,Lahiru Madushanka,RHB,WIDE_OUTSIDE_OFFSTUMP,SHORT_OF_A_GOOD_LENGTH,0,1,1,0.0,0.0,Sri Lanka
381006,Thomas Kaber,RHB,ON_THE_STUMPS,SHORT,0,1,1,0.0,0.0,South Africa
384518,Hammad Azam,RHB,ON_THE_STUMPS,SHORT_OF_A_GOOD_LENGTH,0,1,1,0.0,0.0,United States of America
384530,Adil Amin,RHB,OUTSIDE_OFFSTUMP,GOOD_LENGTH,0,1,1,0.0,0.0,Pakistan
385065,Asif Afridi,LHB,ON_THE_STUMPS,SHORT_OF_A_GOOD_LENGTH,0,1,1,0.0,0.0,Pakistan
384355,Anaru Kitchen,RHB,ON_THE_STUMPS,YORKER,0,1,1,0.0,0.0,New Zealand
379147,Dominic Hendricks,LHB,ON_THE_STUMPS,SHORT,0,1,1,0.0,0.0,South Africa
377534,Shashank Singh,RHB,DOWN_LEG,SHORT,0,1,1,0.0,0.0,India
379147,Dominic Hendricks,LHB,ON_THE_STUMPS,FULL,0,1,1,0.0,0.0,South Africa
376324,Anureet Singh,RHB,WIDE_OUTSIDE_OFFSTUMP,FULL_TOSS,0,1,1,0.0,0.0,India
379927,Beuran Hendricks,LHB,ON_THE_STUMPS,YORKER,0,1,1,0.0,0.0,South Africa
379887,Lizaad Williams,LHB,ON_THE_STUMPS,SHORT,0,1,1,0.0,0.0,South Africa
379776,Sisanda Magala,RHB,WIDE_OUTSIDE_OFFSTUMP,FULL,0,1,1,0.0,0.0,South Africa
398438,Mayank Agarwal,RHB,WIDE_DOWN_LEG,FULL_TOSS,0,1,1,0.0,0.0,India
393279,Marchant de Lange,RHB,OUTSIDE_OFFSTUMP,FULL_TOSS,0,1,1,0.0,0.0,South Africa
394871,Ramith Rambukwella,LHB,OUTSIDE_OFFSTUMP,SHORT_OF_A_GOOD_LENGTH,0,1,1,0.0,0.0,Sri Lanka
402106,Abdul Waheed,RHB,ON_THE_STUMPS,FULL_TOSS,0,1,1,0.0,0.0,Saudi Arabia
402140,Syazrul Idrus,RHB,OUTSIDE_OFFSTUMP,GOOD_LENGTH,0,1,1,0.0,0.0,Malaysia
398666,Sean Abbott,RHB,WIDE_OUTSIDE_OFFSTUMP,GOOD_LENGTH,0,1,1,0.0,0.0,Australia
399259,Alasdair Evans,RHB,ON_THE_STUMPS,FULL_TOSS,0,1,1,0.0,0.0,Scotland
399259,Alasdair Evans,RHB,OUTSIDE_OFFSTUMP,SHORT_OF_A_GOOD_LENGTH,0,1,1,0.0,0.0,Scotland
393279,Marchant de Lange,RHB,ON_THE_STUMPS,SHORT,1,1,1,1.0,100.0,South Africa
389605,Ashish Reddy,RHB,WIDE_OUTSIDE_OFFSTUMP,SHORT_OF_A_GOOD_LENGTH,1,1,1,1.0,100.0,India
388794,Michael Pollard,RHB,OUTSIDE_OFFSTUMP,SHORT,0,1,1,0.0,0.0,New Zealand
387046,Amir Ali,RHB,OUTSIDE_OFFSTUMP,FULL,0,1,1,0.0,0.0,Oman
387420,Mirwais Ashraf,RHB,ON_THE_STUMPS,GOOD_LENGTH,0,1,1,0.0,0.0,Afghanistan
387420,Mirwais Ashraf,RHB,OUTSIDE_OFFSTUMP,GOOD_LENGTH,0,1,1,0.0,0.0,Afghanistan
373539,Robiul Islam Robi,RHB,ON_THE_STUMPS,YORKER,0,1,1,0.0,0.0,Bangladesh
389605,Ashish Reddy,RHB,WIDE_OUTSIDE_OFFSTUMP,YORKER,0,1,1,0.0,0.0,India
370040,Jeffrey Vandersay,RHB,ON_THE_STUMPS,SHORT_OF_A_GOOD_LENGTH,0,1,1,0.0,0.0,Sri Lanka
390484,Jaydev Unadkat,RHB,DOWN_LEG,SHORT,0,1,1,0.0,0.0,India
390484,Jaydev Unadkat,RHB,WIDE_OUTSIDE_OFFSTUMP,SHORT_OF_A_GOOD_LENGTH,1,1,1,1.0,100.0,India
371989,Navin Stewart,RHB,ON_THE_STUMPS,FULL_TOSS,1,1,1,1.0,100.0,West Indies
475281,Shardul Thakur,RHB,DOWN_LEG,SHORT,0,1,1,0.0,0.0,India
473191,Richard Gleeson,RHB,DOWN_LEG,FULL,0,1,1,0.0,0.0,England
481896,Mohammed Shami,RHB,WIDE_OUTSIDE_OFFSTUMP,SHORT_OF_A_GOOD_LENGTH,0,1,1,0.0,0.0,India
482478,Jan Frylinck,LHB,WIDE_OUTSIDE_OFFSTUMP,FULL,0,1,1,0.0,0.0,Namibia
481803,Glenton Stuurman,RHB,ON_THE_STUMPS,GOOD_LENGTH,0,1,1,0.0,0.0,South Africa
326639,Simon Milenko,RHB,DOWN_LEG,FULL,0,1,1,0.0,0.0,Australia
327832,Mangaliso Mosehle,RHB,ON_THE_STUMPS,FULL_TOSS,0,1,1,0.0,0.0,South Africa
465797,Tharindu Kaushal,RHB,DOWN_LEG,SHORT,0,1,1,0.0,0.0,Sri Lanka
331373,Fraser Colson,RHB,OUTSIDE_OFFSTUMP,FULL_TOSS,0,1,1,0.0,0.0,New Zealand
331373,Fraser Colson,RHB,ON_THE_STUMPS,YORKER,0,1,1,0.0,0.0,New Zealand
464626,Craig Overton,RHB,ON_THE_STUMPS,FULL_TOSS,1,1,1,1.0,100.0,England
467350,Jonathan Foo,RHB,ON_THE_STUMPS,YORKER,0,1,1,0.0,0.0,West Indies
470885,Ben Kynman,RHB,OUTSIDE_OFFSTUMP,GOOD_LENGTH,0,1,1,0.0,0.0,Jersey
470909,Antonius Staal,RHB,WIDE_OUTSIDE_OFFSTUMP,FULL,0,1,1,0.0,0.0,Netherlands
330223,Bernard Scholtz,RHB,DOWN_LEG,FULL_TOSS,1,1,1,1.0,100.0,Namibia
326625,Cameron Boyce,RHB,WIDE_DOWN_LEG,FULL_TOSS,0,1,1,0.0,0.0,Australia
319758,Karim Sadiq,RHB,OUTSIDE_OFFSTUMP,SHORT_OF_A_GOOD_LENGTH,0,1,1,0.0,0.0,Afghanistan
319750,Kamran Khan,RHB,WIDE_OUTSIDE_OFFSTUMP,GOOD_LENGTH,0,1,1,0.0,0.0,Qatar
319746,Shapoor Zadran,LHB,ON_THE_STUMPS,FULL,0,1,1,0.0,0.0,Afghanistan
319439,Mitchell McClenaghan,LHB,ON_THE_STUMPS,YORKER,0,1,1,0.0,0.0,New Zealand
505113,Nat Watkins,RHB,WIDE_OUTSIDE_OFFSTUMP,GOOD_LENGTH,0,1,1,0.0,0.0,Jersey
501907,Daryn Dupavillon,RHB,WIDE_OUTSIDE_OFFSTUMP,SHORT_OF_A_GOOD_LENGTH,1,1,1,1.0,100.0,South Africa
501498,Nick Winter,LHB,ON_THE_STUMPS,YORKER,0,1,1,0.0,0.0,Australia
501498,Nick Winter,LHB,WIDE_OUTSIDE_OFFSTUMP,GOOD_LENGTH,0,1,1,0.0,0.0,Australia
493773,Lockie Ferguson,RHB,DOWN_LEG,SHORT_OF_A_GOOD_LENGTH,0,1,1,0.0,0.0,New Zealand
493773,Lockie Ferguson,RHB,DOWN_LEG,SHORT,0,1,1,0.0,0.0,New Zealand
326462,Jason Floros,LHB,OUTSIDE_OFFSTUMP,FULL,0,1,1,0.0,0.0,Australia
498591,Travis Muller,RHB,ON_THE_STUMPS,SHORT,0,1,1,0.0,0.0,South Africa
324358,Nuwan Pradeep,RHB,DOWN_LEG,SHORT_OF_A_GOOD_LENGTH,0,1,1,0.0,0.0,Sri Lanka
323244,Rahat Ali,RHB,OUTSIDE_OFFSTUMP,GOOD_LENGTH,0,1,1,0.0,0.0,Pakistan
439288,Joe Mennie,RHB,ON_THE_STUMPS,SHORT_OF_A_GOOD_LENGTH,1,1,1,1.0,100.0,Australia
439288,Joe Mennie,RHB,ON_THE_STUMPS,YORKER,0,1,1,0.0,0.0,Australia
440963,Aftab Alam,RHB,OUTSIDE_OFFSTUMP,GOOD_LENGTH,0,1,1,0.0,0.0,Afghanistan
334388,Liam O'Connor,RHB,DOWN_LEG,FULL_TOSS,0,1,1,0.0,0.0,Australia
437005,Binod Bhandari,RHB,WIDE_OUTSIDE_OFFSTUMP,FULL_TOSS,0,1,1,0.0,0.0,Nepal
437005,Binod Bhandari,RHB,OUTSIDE_OFFSTUMP,GOOD_LENGTH,0,1,1,0.0,0.0,Nepal
345825,Chaturanga de Silva,LHB,ON_THE_STUMPS,YORKER,0,1,1,0.0,0.0,Sri Lanka
436749,Fayyaz Butt,RHB,WIDE_OUTSIDE_OFFSTUMP,FULL,0,1,1,0.0,0.0,Oman
438362,Sandeep Sharma,RHB,ON_THE_STUMPS,SHORT_OF_A_GOOD_LENGTH,0,1,1,0.0,0.0,India
340841,Eklavya Dwivedi,RHB,OUTSIDE_OFFSTUMP,SHORT,0,1,1,0.0,0.0,India
340841,Eklavya Dwivedi,RHB,ON_THE_STUMPS,FULL,0,1,1,0.0,0.0,India
340854,Harpreet Singh,LHB,OUTSIDE_OFFSTUMP,YORKER,0,1,1,0.0,0.0,India
437506,Imran Manack,RHB,ON_THE_STUMPS,GOOD_LENGTH,0,1,1,0.0,0.0,South Africa
453289,Neville Madziva,RHB,WIDE_OUTSIDE_OFFSTUMP,FULL_TOSS,0,1,1,0.0,0.0,Zimbabwe
457279,Olly Stone,RHB,ON_THE_STUMPS,YORKER,0,1,1,0.0,0.0,England
461281,Preston Mommsen,RHB,DOWN_LEG,FULL_TOSS,0,1,1,0.0,0.0,Scotland
461281,Preston Mommsen,RHB,ON_THE_STUMPS,SHORT,0,1,1,0.0,0.0,Scotland
457279,Olly Stone,RHB,WIDE_OUTSIDE_OFFSTUMP,GOOD_LENGTH,0,1,1,0.0,0.0,England
459257,Tymal Mills,RHB,ON_THE_STUMPS,FULL,0,1,1,0.0,0.0,England
447261,Deepak Chahar,RHB,DOWN_LEG,SHORT,0,1,1,0.0,0.0,India
447287,Faizan Asif,LHB,WIDE_OUTSIDE_OFFSTUMP,FULL,0,1,1,0.0,0.0,United Arab Emirates
333071,Keddy Lesporis,RHB,OUTSIDE_OFFSTUMP,SHORT_OF_A_GOOD_LENGTH,0,1,1,0.0,0.0,West Indies
333782,Timm van der Gugten,RHB,OUTSIDE_OFFSTUMP,SHORT_OF_A_GOOD_LENGTH,0,1,1,0.0,0.0,Netherlands
446810,Nazmul Islam,LHB,DOWN_LEG,SHORT_OF_A_GOOD_LENGTH,0,1,1,0.0,0.0,Bangladesh
448243,Rumman Raees,RHB,ON_THE_STUMPS,YORKER,0,1,1,0.0,0.0,Pakistan
819429,Azmatullah Omarzai,RHB,WIDE_OUTSIDE_OFFSTUMP,FULL_TOSS,0,1,1,0.0,0.0,Afghanistan
956871,Prerak Mankad,RHB,WIDE_OUTSIDE_OFFSTUMP,SHORT,0,1,1,0.0,0.0,India
820685,Nicholas Kirton,LHB,WIDE_DOWN_LEG,SHORT,0,1,1,0.0,0.0,Canada
56251,Alok Kapali,RHB,ON_THE_STUMPS,FULL,1,1,1,1.0,100.0,Bangladesh
49638,Farveez Maharoof,RHB,OUTSIDE_OFFSTUMP,FULL,0,1,1,0.0,0.0,Sri Lanka
806241,Richard Ngarava,LHB,ON_THE_STUMPS,SHORT,0,1,1,0.0,0.0,Zimbabwe
958691,Ashen Bandara,RHB,WIDE_OUTSIDE_OFFSTUMP,FULL_TOSS,0,1,1,0.0,0.0,Sri Lanka
807469,Thikshila de Silva,LHB,OUTSIDE_OFFSTUMP,SHORT,0,1,1,0.0,0.0,Sri Lanka
807535,Brad Wheal,RHB,ON_THE_STUMPS,GOOD_LENGTH,0,1,1,0.0,0.0,Scotland
210283,Steven Finn,RHB,ON_THE_STUMPS,YORKER,0,1,1,0.0,0.0,England
956035,Karan Shinde,LHB,WIDE_OUTSIDE_OFFSTUMP,GOOD_LENGTH,0,1,1,0.0,0.0,India
951781,Milton Shumba,LHB,WIDE_OUTSIDE_OFFSTUMP,SHORT_OF_A_GOOD_LENGTH,0,1,1,0.0,0.0,Zimbabwe
56025,Mahmudullah,RHB,WIDE_DOWN_LEG,SHORT,0,1,1,0.0,0.0,Bangladesh
952207,Sinethemba Qeshile,RHB,ON_THE_STUMPS,SHORT,0,1,1,0.0,0.0,South Africa
55944,Jahurul Islam,RHB,ON_THE_STUMPS,SHORT,0,1,1,0.0,0.0,Bangladesh
949561,Dan Moriarty,LHB,ON_THE_STUMPS,GOOD_LENGTH,0,1,1,0.0,0.0,England
56007,Mashrafe Mortaza,RHB,DOWN_LEG,SHORT_OF_A_GOOD_LENGTH,0,1,1,0.0,0.0,Bangladesh
956033,Girinath Reddy,RHB,ON_THE_STUMPS,SHORT,0,1,1,0.0,0.0,India
956023,Mrinmoy Dutta,LHB,ON_THE_STUMPS,YORKER,0,1,1,0.0,0.0,India
821749,Saif Hassan,RHB,DOWN_LEG,FULL_TOSS,1,1,1,1.0,100.0,Bangladesh
822485,Muhammad Akhlaq,RHB,DOWN_LEG,SHORT,0,1,1,0.0,0.0,Pakistan
955235,Nuwan Thushara,RHB,ON_THE_STUMPS,FULL,0,1,1,0.0,0.0,Sri Lanka
955235,Nuwan Thushara,RHB,DOWN_LEG,SHORT_OF_A_GOOD_LENGTH,0,1,1,0.0,0.0,Sri Lanka
822553,Tushar Deshpande,LHB,DOWN_LEG,SHORT_OF_A_GOOD_LENGTH,0,1,1,0.0,0.0,India
959833,Wes Agar,RHB,ON_THE_STUMPS,SHORT,0,1,1,0.0,0.0,Australia
959827,Jason Sangha,RHB,WIDE_OUTSIDE_OFFSTUMP,SHORT,0,1,1,0.0,0.0,Australia
788101,Tom Moores,LHB,ON_THE_STUMPS,FULL_TOSS,0,1,1,0.0,0.0,England
222320,Christiaan Jonker,RHB,WIDE_OUTSIDE_OFFSTUMP,SHORT,0,1,1,0.0,0.0,South Africa
961713,Riley Meredith,RHB,ON_THE_STUMPS,SHORT,0,1,1,0.0,0.0,Australia
228430,Abu Nechim,RHB,ON_THE_STUMPS,YORKER,0,1,1,0.0,0.0,India
961713,Riley Meredith,RHB,ON_THE_STUMPS,FULL_TOSS,0,1,1,0.0,0.0,Australia
783423,Imran Khan,RHB,OUTSIDE_OFFSTUMP,FULL,0,1,1,0.0,0.0,Pakistan
962107,Rizwan Hussain,LHB,DOWN_LEG,SHORT_OF_A_GOOD_LENGTH,0,1,1,0.0,0.0,Pakistan
228622,John Hastings,RHB,WIDE_OUTSIDE_OFFSTUMP,YORKER,0,1,1,0.0,0.0,Australia
227712,Ashok Dinda,RHB,OUTSIDE_OFFSTUMP,GOOD_LENGTH,0,1,1,0.0,0.0,India
960361,Sandeep Lamichhane,RHB,WIDE_OUTSIDE_OFFSTUMP,SHORT_OF_A_GOOD_LENGTH,0,1,1,0.0,0.0,Nepal
47711,Morne van Wyk,RHB,ON_THE_STUMPS,SHORT,0,1,1,0.0,0.0,South Africa
47850,Roelof van der Merwe,RHB,DOWN_LEG,FULL,0,1,1,0.0,0.0,Netherlands
794707,Dipendra Singh Airee,RHB,ON_THE_STUMPS,FULL_TOSS,0,1,1,0.0,0.0,Nepal
49178,Rangana Herath,LHB,ON_THE_STUMPS,YORKER,0,1,1,0.0,0.0,Sri Lanka
49178,Rangana Herath,LHB,OUTSIDE_OFFSTUMP,FULL,0,1,1,0.0,0.0,Sri Lanka
800675,Karan KC,RHB,OUTSIDE_OFFSTUMP,FULL,0,1,1,0.0,0.0,Nepal
211748,Benny Howell,RHB,WIDE_OUTSIDE_OFFSTUMP,SHORT,0,1,1,0.0,0.0,England
959771,Nathan Smith,RHB,DOWN_LEG,SHORT,0,1,1,0.0,0.0,New Zealand
793441,Aamer Jamal,RHB,ON_THE_STUMPS,SHORT,0,1,1,0.0,0.0,Pakistan
219885,Tom Cooper,RHB,WIDE_OUTSIDE_OFFSTUMP,FULL_TOSS,0,1,1,0.0,0.0,Netherlands
792519,Dhananjaya Lakshan,LHB,WIDE_OUTSIDE_OFFSTUMP,SHORT_OF_A_GOOD_LENGTH,0,1,1,0.0,0.0,Sri Lanka
793007,Dilshan Madushanka,RHB,ON_THE_STUMPS,FULL_TOSS,0,1,1,0.0,0.0,Sri Lanka
794311,Louis Delport,LHB,ON_THE_STUMPS,GOOD_LENGTH,0,1,1,0.0,0.0,New Zealand
212756,Sachith Pathirana,LHB,OUTSIDE_OFFSTUMP,SHORT_OF_A_GOOD_LENGTH,0,1,1,0.0,0.0,Sri Lanka
212756,Sachith Pathirana,LHB,OUTSIDE_OFFSTUMP,SHORT,0,1,1,0.0,0.0,Sri Lanka
212756,Sachith Pathirana,LHB,OUTSIDE_OFFSTUMP,FULL_TOSS,0,1,1,0.0,0.0,Sri Lanka
794311,Louis Delport,LHB,ON_THE_STUMPS,FULL,0,1,1,0.0,0.0,New Zealand
48835,Dilhara Fernando,RHB,ON_THE_STUMPS,YORKER,0,1,1,0.0,0.0,Sri Lanka
215152,Jackson Bird,RHB,ON_THE_STUMPS,YORKER,0,1,1,0.0,0.0,Australia
213674,Todd Astle,RHB,ON_THE_STUMPS,YORKER,0,1,1,0.0,0.0,New Zealand
49758,Lasith Malinga,RHB,WIDE_OUTSIDE_OFFSTUMP,FULL,0,1,1,0.0,0.0,Sri Lanka
962107,Rizwan Hussain,LHB,ON_THE_STUMPS,YORKER,0,1,1,0.0,0.0,Pakistan
917231,BR Sharath,RHB,OUTSIDE_OFFSTUMP,FULL,0,1,1,0.0,0.0,India
52997,Shane Shillingford,RHB,ON_THE_STUMPS,FULL_TOSS,0,1,1,0.0,0.0,West Indies
50747,Upul Tharanga,LHB,WIDE_OUTSIDE_OFFSTUMP,SHORT_OF_A_GOOD_LENGTH,0,1,1,0.0,0.0,Sri Lanka
917213,Shivil Kaushik,RHB,ON_THE_STUMPS,SHORT_OF_A_GOOD_LENGTH,0,1,1,0.0,0.0,India
914567,Oshane Thomas,LHB,WIDE_OUTSIDE_OFFSTUMP,FULL,0,1,1,0.0,0.0,West Indies
914581,Kofi James,RHB,OUTSIDE_OFFSTUMP,FULL,0,1,1,0.0,0.0,West Indies
917159,Prasidh Krishna,RHB,ON_THE_STUMPS,GOOD_LENGTH,0,1,1,0.0,0.0,India
916727,Mohammad Imran,RHB,ON_THE_STUMPS,FULL,0,1,1,0.0,0.0,Pakistan
917159,Prasidh Krishna,RHB,ON_THE_STUMPS,FULL,0,1,1,0.0,0.0,India
935881,Mohammad Mohsin,LHB,ON_THE_STUMPS,GOOD_LENGTH,0,1,1,0.0,0.0,United States of America
922941,Abdullah Shafique,RHB,WIDE_DOWN_LEG,SHORT,0,1,1,0.0,0.0,Pakistan
922941,Abdullah Shafique,RHB,WIDE_OUTSIDE_OFFSTUMP,YORKER,0,1,1,0.0,0.0,Pakistan
52912,Ravi Rampaul,LHB,ON_THE_STUMPS,SHORT_OF_A_GOOD_LENGTH,0,1,1,0.0,0.0,West Indies
913847,Zubaidi Zulkifle,RHB,OUTSIDE_OFFSTUMP,FULL,0,1,1,0.0,0.0,Malaysia
55329,Charles Coventry,RHB,DOWN_LEG,SHORT_OF_A_GOOD_LENGTH,0,1,1,0.0,0.0,Zimbabwe
938959,Wessly Madhevere,RHB,ON_THE_STUMPS,YORKER,0,1,1,0.0,0.0,Zimbabwe
937953,Bilal Khan,LHB,ON_THE_STUMPS,YORKER,0,1,1,0.0,0.0,Oman
936337,Rahul Hazarika,LHB,ON_THE_STUMPS,YORKER,0,1,1,0.0,0.0,India
51439,Dwayne Bravo,RHB,WIDE_DOWN_LEG,FULL,0,1,1,0.0,0.0,West Indies
51862,Andre Fletcher,RHB,WIDE_DOWN_LEG,GOOD_LENGTH,0,1,1,0.0,0.0,West Indies
928059,Ben White,RHB,OUTSIDE_OFFSTUMP,GOOD_LENGTH,0,1,1,0.0,0.0,Ireland
927119,Ali Khan,RHB,ON_THE_STUMPS,GOOD_LENGTH,0,1,1,0.0,0.0,United States of America
927619,Khaled Ahmed,RHB,DOWN_LEG,SHORT_OF_A_GOOD_LENGTH,0,1,1,0.0,0.0,Bangladesh
931603,Brendan Doggett,RHB,ON_THE_STUMPS,YORKER,0,1,1,0.0,0.0,Australia
931603,Brendan Doggett,RHB,ON_THE_STUMPS,SHORT_OF_A_GOOD_LENGTH,0,1,1,0.0,0.0,Australia
928009,Lauchie Johns,RHB,OUTSIDE_OFFSTUMP,GOOD_LENGTH,0,1,1,0.0,0.0,New Zealand
51782,Fidel Edwards,RHB,WIDE_OUTSIDE_OFFSTUMP,FULL_TOSS,0,1,1,0.0,0.0,West Indies
928067,Josh Little,RHB,ON_THE_STUMPS,YORKER,0,1,1,0.0,0.0,Ireland
928073,William McClintock,RHB,ON_THE_STUMPS,SHORT_OF_A_GOOD_LENGTH,0,1,1,0.0,0.0,Ireland
930187,Lakshay Thareja,RHB,ON_THE_STUMPS,FULL,0,1,1,0.0,0.0,India
927119,Ali Khan,RHB,ON_THE_STUMPS,FULL_TOSS,0,1,1,0.0,0.0,United States of America
926597,Aminul Islam,RHB,ON_THE_STUMPS,YORKER,0,1,1,0.0,0.0,Bangladesh
932635,Nayeem Hasan,RHB,DOWN_LEG,YORKER,0,1,1,0.0,0.0,Bangladesh
924551,Lahiru Samarakoon,LHB,DOWN_LEG,FULL_TOSS,1,1,1,1.0,100.0,Sri Lanka
51433,Samuel Badree,RHB,ON_THE_STUMPS,YORKER,0,1,1,0.0,0.0,West Indies
932405,Sabbir Hossain,RHB,ON_THE_STUMPS,GOOD_LENGTH,0,1,1,0.0,0.0,Bangladesh
926717,Christian Leopard,RHB,OUTSIDE_OFFSTUMP,SHORT,0,1,1,0.0,0.0,New Zealand
932569,Imranuzzaman,RHB,DOWN_LEG,GOOD_LENGTH,0,1,1,0.0,0.0,Bangladesh
932433,Fardeen Hasan,LHB,OUTSIDE_OFFSTUMP,SHORT,0,1,1,0.0,0.0,Bangladesh
49920,Dilruwan Perera,RHB,OUTSIDE_OFFSTUMP,FULL_TOSS,0,1,1,0.0,0.0,Sri Lanka
946367,Michael Copeland,RHB,WIDE_OUTSIDE_OFFSTUMP,GOOD_LENGTH,0,1,1,0.0,0.0,South Africa
848623,Mark Deyal,LHB,WIDE_DOWN_LEG,SHORT,0,1,1,0.0,0.0,West Indies
854909,Blair Tickner,RHB,ON_THE_STUMPS,SHORT,0,1,1,0.0,0.0,New Zealand
854909,Blair Tickner,RHB,ON_THE_STUMPS,YORKER,0,1,1,0.0,0.0,New Zealand
858435,Liam Guthrie,LHB,OUTSIDE_OFFSTUMP,FULL,0,1,1,0.0,0.0,Australia
865833,Zak Chappell,RHB,OUTSIDE_OFFSTUMP,GOOD_LENGTH,0,1,1,0.0,0.0,England
946365,Caleb Seleka,RHB,ON_THE_STUMPS,YORKER,0,1,1,0.0,0.0,South Africa
848623,Mark Deyal,LHB,WIDE_DOWN_LEG,GOOD_LENGTH,0,1,1,0.0,0.0,West Indies
827051,Blessing Muzarabani,RHB,DOWN_LEG,GOOD_LENGTH,0,1,1,0.0,0.0,Zimbabwe
55894,Farhad Reza,RHB,DOWN_LEG,GOOD_LENGTH,0,1,1,0.0,0.0,Bangladesh
948545,Orapeleng Motlhoaring,RHB,ON_THE_STUMPS,GOOD_LENGTH,0,1,1,0.0,0.0,South Africa
948513,Kgaudisa Molefe,RHB,OUTSIDE_OFFSTUMP,FULL,0,1,1,0.0,0.0,South Africa
948513,Kgaudisa Molefe,RHB,ON_THE_STUMPS,GOOD_LENGTH,0,1,1,0.0,0.0,South Africa
826945,Peter David Bocock,RHB,WIDE_OUTSIDE_OFFSTUMP,FULL,0,1,1,0.0,0.0,New Zealand
55894,Farhad Reza,RHB,WIDE_OUTSIDE_OFFSTUMP,YORKER,0,1,1,0.0,0.0,Bangladesh
837609,Jake Carder,LHB,ON_THE_STUMPS,SHORT_OF_A_GOOD_LENGTH,0,1,1,0.0,0.0,Australia
837611,Henry Thornton,RHB,OUTSIDE_OFFSTUMP,SHORT,0,1,1,0.0,0.0,Australia
55820,Prosper Utseya,RHB,WIDE_OUTSIDE_OFFSTUMP,SHORT,0,1,1,0.0,0.0,Zimbabwe
948435,Khanya Cotani,RHB,WIDE_OUTSIDE_OFFSTUMP,GOOD_LENGTH,0,1,1,0.0,0.0,South Africa
946517,Dion Myers,RHB,DOWN_LEG,SHORT_OF_A_GOOD_LENGTH,0,1,1,0.0,0.0,Zimbabwe
946351,Valentine Kitime,RHB,WIDE_OUTSIDE_OFFSTUMP,FULL,0,1,1,0.0,0.0,South Africa
55354,Chamu Chibhabha,RHB,DOWN_LEG,SHORT,0,1,1,0.0,0.0,Zimbabwe
906783,Obed McCoy,LHB,ON_THE_STUMPS,SHORT,0,1,1,0.0,0.0,West Indies
906783,Obed McCoy,LHB,ON_THE_STUMPS,YORKER,0,1,1,0.0,0.0,West Indies
940733,Mohammed Azharuddeen,RHB,ON_THE_STUMPS,SHORT_OF_A_GOOD_LENGTH,0,1,1,0.0,0.0,India
902907,Tom Lammonby,LHB,ON_THE_STUMPS,YORKER,0,1,1,0.0,0.0,England
902907,Tom Lammonby,LHB,DOWN_LEG,SHORT_OF_A_GOOD_LENGTH,0,1,1,0.0,0.0,England
943295,Muhammad Kaleem,RHB,WIDE_OUTSIDE_OFFSTUMP,FULL,0,1,1,0.0,0.0,United Arab Emirates
878465,Mehedi Hasan Rana,LHB,DOWN_LEG,SHORT,0,1,1,0.0,0.0,Bangladesh
946255,Muhammad Manack,RHB,OUTSIDE_OFFSTUMP,SHORT,0,1,1,0.0,0.0,South Africa
873769,Sultan Ahmed,LHB,ON_THE_STUMPS,FULL,0,1,1,0.0,0.0,United Arab Emirates
873769,Sultan Ahmed,LHB,ON_THE_STUMPS,GOOD_LENGTH,0,1,1,0.0,0.0,United Arab Emirates
873769,Sultan Ahmed,LHB,OUTSIDE_OFFSTUMP,FULL,0,1,1,0.0,0.0,United Arab Emirates
942645,Khaleel Ahmed,RHB,ON_THE_STUMPS,FULL_TOSS,0,1,1,0.0,0.0,India
942645,Khaleel Ahmed,RHB,WIDE_OUTSIDE_OFFSTUMP,SHORT_OF_A_GOOD_LENGTH,0,1,1,0.0,0.0,India
878465,Mehedi Hasan Rana,LHB,ON_THE_STUMPS,YORKER,0,1,1,0.0,0.0,Bangladesh
233713,Neil Wagner,LHB,ON_THE_STUMPS,SHORT,0,1,1,0.0,0.0,New Zealand
698143,Lutho Sipamla,RHB,ON_THE_STUMPS,FULL,0,1,1,0.0,0.0,South Africa
698319,Beyers Swanepoel,LHB,ON_THE_STUMPS,SHORT,0,1,1,0.0,0.0,South Africa
1026379,Henry Brookes,RHB,ON_THE_STUMPS,FULL,0,1,1,0.0,0.0,England
1030753,Sol Budinger,LHB,OUTSIDE_OFFSTUMP,FULL,0,1,1,0.0,0.0,England
1030549,Andrew Hazeldine,RHB,ON_THE_STUMPS,YORKER,0,1,1,0.0,0.0,New Zealand
234675,Ravindra Jadeja,LHB,WIDE_DOWN_LEG,SHORT,1,1,1,1.0,100.0,India
1027867,Lasith Croospulle,RHB,ON_THE_STUMPS,FULL_TOSS,0,1,1,0.0,0.0,Sri Lanka
44851,Con de Lange,RHB,OUTSIDE_OFFSTUMP,GOOD_LENGTH,0,1,1,0.0,0.0,Scotland
696143,Shane Snater,RHB,ON_THE_STUMPS,SHORT_OF_A_GOOD_LENGTH,0,1,1,0.0,0.0,Netherlands
698333,Jiveshan Pillay,LHB,OUTSIDE_OFFSTUMP,FULL_TOSS,0,1,1,0.0,0.0,South Africa
704693,Lahiru Udara,RHB,WIDE_OUTSIDE_OFFSTUMP,SHORT_OF_A_GOOD_LENGTH,0,1,1,0.0,0.0,Sri Lanka
698343,Eathan Bosch,RHB,WIDE_DOWN_LEG,YORKER,0,1,1,0.0,0.0,South Africa
701227,Ainool Hafizs,RHB,ON_THE_STUMPS,FULL,0,1,1,0.0,0.0,Malaysia
701215,Sompal Kami,RHB,OUTSIDE_OFFSTUMP,SHORT,0,1,1,0.0,0.0,Nepal
701215,Sompal Kami,RHB,OUTSIDE_OFFSTUMP,FULL,0,1,1,0.0,0.0,Nepal
701215,Sompal Kami,RHB,ON_THE_STUMPS,FULL_TOSS,0,1,1,0.0,0.0,Nepal
1012131,Rakibul Hasan,LHB,ON_THE_STUMPS,YORKER,0,1,1,0.0,0.0,Bangladesh
232491,Anwar Ali,RHB,WIDE_DOWN_LEG,FULL,0,1,1,0.0,0.0,Pakistan
669855,Jofra Archer,RHB,DOWN_LEG,GOOD_LENGTH,0,1,1,0.0,0.0,England
1058924,Nasrulla Rana,RHB,OUTSIDE_OFFSTUMP,SHORT,0,1,1,0.0,0.0,Hong Kong
1058924,Nasrulla Rana,RHB,DOWN_LEG,SHORT_OF_A_GOOD_LENGTH,0,1,1,0.0,0.0,Hong Kong
240609,Fawad Ahmed,RHB,WIDE_OUTSIDE_OFFSTUMP,SHORT,0,1,1,0.0,0.0,Australia
1057399,Manoj Bhandage,LHB,WIDE_OUTSIDE_OFFSTUMP,FULL,0,1,1,0.0,0.0,India
1058795,Hassan Khan Mohammad,RHB,ON_THE_STUMPS,SHORT_OF_A_GOOD_LENGTH,0,1,1,0.0,0.0,Hong Kong
660889,Mason Crane,RHB,ON_THE_STUMPS,YORKER,0,1,1,0.0,0.0,England
259410,Ahmed Shehzad,RHB,WIDE_DOWN_LEG,SHORT,0,1,1,0.0,0.0,Pakistan
44407,Wesley Barresi,RHB,DOWN_LEG,FULL,0,1,1,0.0,0.0,Netherlands
653695,Matt Parkinson,RHB,WIDE_OUTSIDE_OFFSTUMP,FULL,0,1,1,0.0,0.0,England
251721,Adam Lyth,LHB,WIDE_OUTSIDE_OFFSTUMP,SHORT,0,1,1,0.0,0.0,England
235657,Steven Jacobs,RHB,OUTSIDE_OFFSTUMP,FULL,0,1,1,0.0,0.0,West Indies
1048813,Narayan Jagadeesan,RHB,ON_THE_STUMPS,FULL_TOSS,0,1,1,0.0,0.0,India
1048739,Sai Kishore,LHB,ON_THE_STUMPS,FULL,0,1,1,0.0,0.0,India
1048841,Sanjay Yadav,LHB,OUTSIDE_OFFSTUMP,SHORT,0,1,1,0.0,0.0,India
230549,Jason Mohammed,RHB,DOWN_LEG,SHORT,0,1,1,0.0,0.0,West Indies
774217,Clint Hinchliffe,LHB,DOWN_LEG,FULL,0,1,1,0.0,0.0,Australia
774217,Clint Hinchliffe,LHB,ON_THE_STUMPS,YORKER,0,1,1,0.0,0.0,Australia
985497,Muditha Lakshan,RHB,OUTSIDE_OFFSTUMP,SHORT,0,1,1,0.0,0.0,Sri Lanka
774219,Matthew Kuhnemann,LHB,DOWN_LEG,GOOD_LENGTH,0,1,1,0.0,0.0,Australia
46538,Morne Morkel,LHB,WIDE_OUTSIDE_OFFSTUMP,GOOD_LENGTH,0,1,1,0.0,0.0,South Africa
230559,Kieron Pollard,RHB,WIDE_DOWN_LEG,FULL,0,1,1,0.0,0.0,West Indies
989935,Shahadat Hossain,RHB,ON_THE_STUMPS,YORKER,0,1,1,0.0,0.0,Bangladesh
230852,Dean Elgar,LHB,OUTSIDE_OFFSTUMP,SHORT_OF_A_GOOD_LENGTH,0,1,1,0.0,0.0,South Africa
721041,Dushan Hemantha,RHB,OUTSIDE_OFFSTUMP,FULL_TOSS,1,1,1,1.0,100.0,Sri Lanka
47492,Dale Steyn,RHB,DOWN_LEG,FULL,0,1,1,0.0,0.0,South Africa
230557,William Perkins,RHB,ON_THE_STUMPS,SHORT_OF_A_GOOD_LENGTH,0,1,1,0.0,0.0,West Indies
46750,Robin Peterson,LHB,WIDE_OUTSIDE_OFFSTUMP,GOOD_LENGTH,0,1,1,0.0,0.0,South Africa
751151,Hamza Tahir,RHB,OUTSIDE_OFFSTUMP,GOOD_LENGTH,0,1,1,0.0,0.0,Scotland
748793,Joe Weatherley,RHB,ON_THE_STUMPS,YORKER,0,1,1,0.0,0.0,England
46681,Justin Ontong,RHB,WIDE_OUTSIDE_OFFSTUMP,SHORT_OF_A_GOOD_LENGTH,0,1,1,0.0,0.0,South Africa
766809,Jordan Thompson,LHB,WIDE_OUTSIDE_OFFSTUMP,FULL,0,1,1,0.0,0.0,England
772061,Sam Cook,RHB,OUTSIDE_OFFSTUMP,SHORT_OF_A_GOOD_LENGTH,0,1,1,0.0,0.0,England
766809,Jordan Thompson,LHB,DOWN_LEG,FULL,0,1,1,0.0,0.0,England
764321,Dylan Budge,RHB,WIDE_OUTSIDE_OFFSTUMP,GOOD_LENGTH,0,1,1,0.0,0.0,Scotland
738445,Mohammad Shahzad,RHB,DOWN_LEG,FULL,0,1,1,0.0,0.0,United Arab Emirates
46750,Robin Peterson,LHB,OUTSIDE_OFFSTUMP,SHORT,0,1,1,0.0,0.0,South Africa
230553,Kemar Roach,RHB,OUTSIDE_OFFSTUMP,SHORT_OF_A_GOOD_LENGTH,0,1,1,0.0,0.0,West Indies
721041,Dushan Hemantha,RHB,ON_THE_STUMPS,SHORT,0,1,1,0.0,0.0,Sri Lanka
990039,Shoriful Islam,LHB,WIDE_OUTSIDE_OFFSTUMP,GOOD_LENGTH,0,1,1,0.0,0.0,Bangladesh
779973,Saqlain Haider,LHB,OUTSIDE_OFFSTUMP,FULL,0,1,1,0.0,0.0,United Arab Emirates
46538,Morne Morkel,LHB,ON_THE_STUMPS,SHORT,0,1,1,0.0,0.0,South Africa
232356,Ronnie Hira,LHB,WIDE_OUTSIDE_OFFSTUMP,GOOD_LENGTH,0,1,1,0.0,0.0,New Zealand
47660,Ryan ten Doeschate,RHB,OUTSIDE_OFFSTUMP,SHORT,1,1,1,1.0,100.0,Netherlands
232292,Swapnil Singh,RHB,ON_THE_STUMPS,YORKER,0,1,1,0.0,0.0,India
230368,Jon Holland,RHB,OUTSIDE_OFFSTUMP,GOOD_LENGTH,0,1,1,0.0,0.0,Australia
990031,Towhid Hridoy,RHB,WIDE_DOWN_LEG,SHORT_OF_A_GOOD_LENGTH,0,1,1,0.0,0.0,Bangladesh
959769,Ben Sears,RHB,DOWN_LEG,GOOD_LENGTH,0,0,1,0.0,,New Zealand
348144,Babar Azam,RHB,WIDE_DOWN_LEG,FULL_TOSS,0,0,1,0.0,,Pakistan
1329941,Adwitya Bhargava,RHB,WIDE_OUTSIDE_OFFSTUMP,SHORT_OF_A_GOOD_LENGTH,0,0,1,0.0,,Singapore
719715,Washington Sundar,LHB,WIDE_DOWN_LEG,SHORT,0,0,1,0.0,,India
230551,Gajanand Singh,LHB,WIDE_OUTSIDE_OFFSTUMP,FULL_TOSS,0,0,1,0.0,,United States of America
662973,Sam Curran,LHB,WIDE_DOWN_LEG,FULL_TOSS,0,0,1,0.0,,England
31107,Amit Mishra,RHB,DOWN_LEG,SHORT,0,0,1,0.0,,India
1169695,Troy Johnson,RHB,DOWN_LEG,GOOD_LENGTH,0,0,1,0.0,,New Zealand
474760,Chundangapoyil Rizwan,RHB,DOWN_LEG,FULL,0,0,1,0.0,,United Arab Emirates
315594,Ashley Nurse,RHB,WIDE_DOWN_LEG,FULL,0,0,1,0.0,,West Indies
535353,Ottniel Baartman,RHB,WIDE_DOWN_LEG,FULL,0,0,1,0.0,,South Africa
