,player_id,batsman,shot,runs_scored,balls_faced,dismissals,batting_average,batting_strike_rate,Country
0,253802,Virat Kohli,FLICK,1990,1409,35,56.86,141.23,India
1,230559,Kieron Pollard,ON_DRIVE,1652,853,47,35.15,193.67,West Indies
2,296597,James Vince,VERTICAL_FORWARD_ATTACK,1650,1119,43,38.37,147.45,England
3,422593,Daniel Bell-Drummond,VERTICAL_FORWARD_ATTACK,1642,1125,28,58.64,145.96,England
4,253802,Virat Kohli,ON_DRIVE,1622,1126,30,54.07,144.05,India
5,555850,Sam Hain,VERTICAL_FORWARD_ATTACK,1605,1135,26,61.73,141.41,England
6,348144,Babar Azam,FLICK,1575,1299,21,75.0,121.25,Pakistan
7,12454,Joe Denly,VERTICAL_FORWARD_ATTACK,1488,979,41,36.29,151.99,England
8,470633,Tom Kohler-Cadmore,VERTICAL_FORWARD_ATTACK,1483,1000,39,38.03,148.3,England
9,256956,Laurie Evans,VERTICAL_FORWARD_ATTACK,1472,1136,41,35.9,129.58,England
10,308967,Jos Buttler,ON_DRIVE,1428,851,50,28.56,167.8,England
11,44828,Faf du Plessis,ON_DRIVE,1399,816,36,38.86,171.45,South Africa
12,23460,Luke Wright,VERTICAL_FORWARD_ATTACK,1338,848,33,40.55,157.78,England
13,10582,Ravi Bopara,VERTICAL_FORWARD_ATTACK,1318,950,32,41.19,138.74,England
14,253802,Virat Kohli,COVER_DRIVE,1316,790,20,65.8,166.58,India
15,232359,Colin Munro,ON_DRIVE,1309,740,36,36.36,176.89,New Zealand
16,219889,David Warner,PULL,1302,613,33,39.45,212.4,Australia
17,571911,Joe Clarke,VERTICAL_FORWARD_ATTACK,1298,831,30,43.27,156.2,England
18,246005,Sam Northeast,VERTICAL_FORWARD_ATTACK,1297,966,30,43.23,134.27,England
19,297498,Ian Cockbain,VERTICAL_FORWARD_ATTACK,1261,910,30,42.03,138.57,England
20,230559,Kieron Pollard,PULL,1254,488,20,62.7,256.97,West Indies
21,251721,Adam Lyth,VERTICAL_FORWARD_ATTACK,1247,820,34,36.68,152.07,England
22,276298,Andre Russell,SLOG_SHOT,1223,464,51,23.98,263.58,West Indies
23,51880,Chris Gayle,ON_DRIVE,1216,576,27,45.04,211.11,West Indies
24,308408,Josh Cobb,VERTICAL_FORWARD_ATTACK,1208,908,39,30.97,133.04,England
25,308967,Jos Buttler,COVER_DRIVE,1189,832,18,66.06,142.91,England
26,46543,Wayne Madsen,VERTICAL_FORWARD_ATTACK,1175,859,24,48.96,136.79,Italy
27,446507,Suryakumar Yadav,FLICK,1161,706,25,46.44,164.45,India
28,249866,Alex Hales,VERTICAL_FORWARD_ATTACK,1158,765,40,28.95,151.37,England
29,45705,Colin Ingram,VERTICAL_FORWARD_ATTACK,1156,792,26,44.46,145.96,South Africa
30,348144,Babar Azam,ON_DRIVE,1156,894,29,39.86,129.31,Pakistan
31,348144,Babar Azam,PULL,1152,591,22,52.36,194.92,Pakistan
32,641423,Dan Lawrence,VERTICAL_FORWARD_ATTACK,1148,753,36,31.89,152.46,England
33,230559,Kieron Pollard,FLICK,1146,966,27,42.44,118.63,West Indies
34,44828,Faf du Plessis,COVER_DRIVE,1130,730,28,40.36,154.79,South Africa
35,308967,Jos Buttler,PULL,1128,488,24,47.0,231.15,England
36,6161,Michael Klinger,VERTICAL_FORWARD_ATTACK,1107,806,22,50.32,137.34,Australia
37,11745,Steven Croft,VERTICAL_FORWARD_ATTACK,1107,959,25,44.28,115.43,England
38,308967,Jos Buttler,FLICK,1106,915,25,44.24,120.87,England
39,422108,KL Rahul,FLICK,1105,881,19,58.16,125.43,India
40,525992,Adam Hose,VERTICAL_FORWARD_ATTACK,1103,731,35,31.51,150.89,England
41,44828,Faf du Plessis,FLICK,1088,939,19,57.26,115.87,South Africa
42,34102,Rohit Sharma,PULL,1069,396,39,27.41,269.95,India
43,422108,KL Rahul,COVER_DRIVE,1063,648,14,75.93,164.04,India
44,604302,Nicholas Pooran,PULL,1057,457,32,33.03,231.29,West Indies
45,325026,Glenn Maxwell,ON_DRIVE,1056,636,35,30.17,166.04,Australia
46,288617,Ross Whiteley,VERTICAL_FORWARD_ATTACK,1055,704,43,24.53,149.86,England
47,631668,Stephen Eskinazi,VERTICAL_FORWARD_ATTACK,1050,816,30,35.0,128.68,England
48,325012,Marcus Stoinis,ON_DRIVE,1049,654,28,37.46,160.4,Australia
49,42657,Shoaib Malik,ON_DRIVE,1043,679,25,41.72,153.61,Pakistan
50,34102,Rohit Sharma,ON_DRIVE,1042,747,40,26.05,139.49,India
51,303427,Paul Stirling,VERTICAL_FORWARD_ATTACK,1041,697,39,26.69,149.35,Ireland
52,21440,John Simpson,VERTICAL_FORWARD_ATTACK,1039,776,38,27.34,133.89,England
53,28235,Shikhar Dhawan,FLICK,1038,854,22,47.18,121.55,India
54,422108,KL Rahul,ON_DRIVE,1036,755,24,43.17,137.22,India
55,897549,Will Jacks,VERTICAL_FORWARD_ATTACK,1036,654,30,34.53,158.41,England
56,323389,Mohammad Rizwan,FLICK,1034,855,24,43.08,120.94,Pakistan
57,236489,Dawid Malan,VERTICAL_FORWARD_ATTACK,1033,735,27,38.26,140.54,England
58,516039,Alex Davies,VERTICAL_FORWARD_ATTACK,1028,765,30,34.27,134.38,England
59,34102,Rohit Sharma,FLICK,1025,868,25,41.0,118.09,India
60,321777,David Miller,FLICK,1008,805,14,72.0,125.22,South Africa
61,321777,David Miller,ON_DRIVE,995,656,33,30.15,151.68,South Africa
62,326637,Chris Lynn,ON_DRIVE,979,587,31,31.58,166.78,Australia
63,325026,Glenn Maxwell,PULL,973,419,27,36.04,232.22,Australia
64,422108,KL Rahul,PULL,968,393,23,42.09,246.31,India
65,5334,Aaron Finch,ON_DRIVE,968,589,37,26.16,164.35,Australia
66,431901,Evin Lewis,PULL,967,354,30,32.23,273.16,West Indies
67,214265,Tom Westley,VERTICAL_FORWARD_ATTACK,957,781,38,25.18,122.54,England
68,253802,Virat Kohli,PULL,952,505,29,32.83,188.51,India
69,23508,Riki Wessels,VERTICAL_FORWARD_ATTACK,950,732,24,39.58,129.78,England
70,276298,Andre Russell,ON_DRIVE,946,436,23,41.13,216.97,West Indies
71,323389,Mohammad Rizwan,PULL,943,474,10,94.3,198.95,Pakistan
72,5334,Aaron Finch,VERTICAL_FORWARD_ATTACK,942,578,16,58.88,162.98,Australia
73,298438,Jason Roy,VERTICAL_FORWARD_ATTACK,935,624,26,35.96,149.84,England
74,325012,Marcus Stoinis,PULL,928,380,26,35.69,244.21,Australia
75,308251,David Willey,VERTICAL_FORWARD_ATTACK,920,635,23,40.0,144.88,England
76,470501,Graham Clark,VERTICAL_FORWARD_ATTACK,914,690,31,29.48,132.46,England
77,325026,Glenn Maxwell,FLICK,914,747,25,36.56,122.36,Australia
78,34102,Rohit Sharma,COVER_DRIVE,909,576,16,56.81,157.81,India
79,471202,Brett D'Oliveira,VERTICAL_FORWARD_ATTACK,905,735,30,30.17,123.13,England
80,348144,Babar Azam,COVER_DRIVE,903,696,14,64.5,129.74,Pakistan
81,276298,Andre Russell,PULL,900,390,36,25.0,230.77,West Indies
82,379774,Colin Ackermann,VERTICAL_FORWARD_ATTACK,899,715,24,37.46,125.73,Netherlands
83,219889,David Warner,CUT_SHOT,897,644,14,64.07,139.29,Australia
84,226492,Martin Guptill,ON_DRIVE,893,534,33,27.06,167.23,New Zealand
85,219889,David Warner,ON_DRIVE,889,601,25,35.56,147.92,Australia
86,379143,Quinton de Kock,PULL,884,405,25,35.36,218.27,South Africa
87,669365,Phil Salt,VERTICAL_FORWARD_ATTACK,882,620,25,35.28,142.26,England
88,4818,Mark Cosgrove,VERTICAL_FORWARD_ATTACK,879,631,28,31.39,139.3,Australia
89,28235,Shikhar Dhawan,ON_DRIVE,879,664,31,28.35,132.38,India
90,18632,Samit Patel,VERTICAL_FORWARD_ATTACK,878,703,33,26.61,124.89,England
91,9062,Ian Bell,VERTICAL_FORWARD_ATTACK,877,580,19,46.16,151.21,England
92,44828,Faf du Plessis,PULL,876,390,17,51.53,224.62,South Africa
93,267192,Steven Smith,FLICK,874,695,23,38.0,125.76,Australia
94,379143,Quinton de Kock,FLICK,871,722,19,45.84,120.64,South Africa
95,431901,Evin Lewis,ON_DRIVE,862,436,23,37.48,197.71,West Indies
96,386774,Chris Cooke,VERTICAL_FORWARD_ATTACK,861,644,29,29.69,133.7,England
97,604302,Nicholas Pooran,ON_DRIVE,857,481,31,27.65,178.17,West Indies
98,5334,Aaron Finch,FLICK,855,789,15,57.0,108.37,Australia
99,232359,Colin Munro,FLICK,855,791,20,42.75,108.09,New Zealand
100,232359,Colin Munro,PULL,854,451,21,40.67,189.36,New Zealand
101,446507,Suryakumar Yadav,COVER_DRIVE,852,470,9,94.67,181.28,India
102,249866,Alex Hales,PULL,852,368,24,35.5,231.52,England
103,425943,Sanju Samson,ON_DRIVE,852,556,25,34.08,153.24,India
104,28235,Shikhar Dhawan,PULL,851,461,25,34.04,184.6,India
105,219889,David Warner,COVER_DRIVE,839,627,14,59.93,133.81,Australia
106,403902,Liam Livingstone,VERTICAL_FORWARD_ATTACK,839,618,27,31.07,135.76,England
107,625371,Hardik Pandya,ON_DRIVE,837,533,34,24.62,157.04,India
108,232359,Colin Munro,COVER_DRIVE,832,587,26,32.0,141.74,New Zealand
109,642519,Shreyas Iyer,FLICK,829,675,20,41.45,122.81,India
110,446507,Suryakumar Yadav,ON_DRIVE,828,674,25,33.12,122.85,India
111,219889,David Warner,FLICK,827,760,13,63.62,108.82,Australia
112,42657,Shoaib Malik,FLICK,824,736,17,48.47,111.96,Pakistan
113,521637,Ben Duckett,VERTICAL_FORWARD_ATTACK,823,715,20,41.15,115.1,England
114,277906,Kane Williamson,FLICK,819,699,20,40.95,117.17,New Zealand
115,457280,Adam Rossington,VERTICAL_FORWARD_ATTACK,813,561,26,31.27,144.92,England
116,51880,Chris Gayle,PULL,813,330,27,30.11,246.36,West Indies
117,642519,Shreyas Iyer,ON_DRIVE,809,518,25,32.36,156.18,India
118,249866,Alex Hales,ON_DRIVE,808,548,26,31.08,147.45,England
119,462727,Tom Abell,VERTICAL_FORWARD_ATTACK,799,599,18,44.39,133.39,England
120,318845,Rilee Rossouw,PULL,797,348,18,44.28,229.02,South Africa
121,348144,Babar Azam,CUT_SHOT,794,541,19,41.79,146.77,Pakistan
122,788101,Tom Moores,VERTICAL_FORWARD_ATTACK,792,576,18,44.0,137.5,England
123,321777,David Miller,COVER_DRIVE,790,483,23,34.35,163.56,South Africa
124,8180,Shane Watson,PULL,787,345,26,30.27,228.12,Australia
125,243944,Alex Blake,VERTICAL_FORWARD_ATTACK,785,494,29,27.07,158.91,England
126,249866,Alex Hales,COVER_DRIVE,781,498,19,41.11,156.83,England
127,28235,Shikhar Dhawan,COVER_DRIVE,781,562,9,86.78,138.97,India
128,28081,MS Dhoni,ON_DRIVE,777,490,21,37.0,158.57,India
129,326637,Chris Lynn,PULL,776,343,19,40.84,226.24,Australia
130,298438,Jason Roy,ON_DRIVE,765,559,25,30.6,136.85,England
131,517249,Jack Leaning,VERTICAL_FORWARD_ATTACK,762,618,22,34.64,123.3,England
132,1070173,Shubman Gill,FLICK,761,588,17,44.76,129.42,India
133,604302,Nicholas Pooran,COVER_DRIVE,757,495,28,27.04,152.93,West Indies
134,379143,Quinton de Kock,SLOG_SHOT,754,282,25,30.16,267.38,South Africa
135,277916,Ajinkya Rahane,FLICK,751,584,20,37.55,128.6,India
136,361700,David Lloyd,VERTICAL_FORWARD_ATTACK,748,566,29,25.79,132.16,England
137,44936,AB de Villiers,ON_DRIVE,747,520,22,33.95,143.65,South Africa
138,290630,Manish Pandey,ON_DRIVE,745,534,23,32.39,139.51,India
139,670025,Shimron Hetmyer,PULL,743,344,18,41.28,215.99,West Indies
140,11770,Varun Chopra,VERTICAL_FORWARD_ATTACK,741,575,28,26.46,128.87,England
141,47660,Ryan ten Doeschate,VERTICAL_FORWARD_ATTACK,738,583,32,23.06,126.59,Netherlands
142,4864,Dan Christian,VERTICAL_FORWARD_ATTACK,737,521,15,49.13,141.46,Australia
143,297628,Sam Billings,VERTICAL_FORWARD_ATTACK,732,568,23,31.83,128.87,England
144,5334,Aaron Finch,COVER_DRIVE,727,491,21,34.62,148.07,Australia
145,236489,Dawid Malan,COVER_DRIVE,724,442,11,65.82,163.8,England
146,379143,Quinton de Kock,ON_DRIVE,723,531,26,27.81,136.16,South Africa
147,892749,Tim David,PULL,723,344,29,24.93,210.17,Australia
148,42657,Shoaib Malik,CUT_SHOT,719,470,13,55.31,152.98,Pakistan
149,321777,David Miller,PULL,714,383,22,32.45,186.42,South Africa
150,379143,Quinton de Kock,COVER_DRIVE,704,512,25,28.16,137.5,South Africa
151,298438,Jason Roy,PULL,698,382,19,36.74,182.72,England
152,460756,Alex Lees,VERTICAL_FORWARD_ATTACK,697,549,20,34.85,126.96,England
153,28235,Shikhar Dhawan,CUT_SHOT,697,555,12,58.08,125.59,India
154,53116,Lendl Simmons,ON_DRIVE,691,442,22,31.41,156.33,West Indies
155,18048,Chris Nash,VERTICAL_FORWARD_ATTACK,690,519,21,32.86,132.95,England
156,296597,James Vince,PULL_HOOK_ON_BACK_FOOT,688,319,15,45.87,215.67,England
157,326637,Chris Lynn,COVER_DRIVE,683,483,12,56.92,141.41,Australia
158,440780,Keaton Jennings,VERTICAL_FORWARD_ATTACK,683,552,18,37.94,123.73,England
159,13983,Billy Godleman,VERTICAL_FORWARD_ATTACK,682,572,27,25.26,119.23,England
160,24598,Eoin Morgan,VERTICAL_FORWARD_ATTACK,681,516,22,30.95,131.98,England
161,326637,Chris Lynn,CUT_SHOT,681,431,19,35.84,158.0,Australia
162,669365,Phil Salt,PULL,677,291,29,23.34,232.65,England
163,911707,Harry Brook,VERTICAL_FORWARD_ATTACK,676,445,12,56.33,151.91,England
164,277906,Kane Williamson,COVER_DRIVE,670,441,12,55.83,151.93,New Zealand
165,460079,Miles Hammond,VERTICAL_FORWARD_ATTACK,669,495,30,22.3,135.15,England
166,325026,Glenn Maxwell,COVER_DRIVE,669,458,24,27.88,146.07,Australia
167,325026,Glenn Maxwell,SLOG_SHOT,668,321,41,16.29,208.1,Australia
168,211748,Benny Howell,VERTICAL_FORWARD_ATTACK,668,464,22,30.36,143.97,England
169,232359,Colin Munro,SLOG_SHOT,667,302,39,17.1,220.86,New Zealand
170,323389,Mohammad Rizwan,ON_DRIVE,665,560,15,44.33,118.75,Pakistan
171,422108,KL Rahul,CUT_SHOT,664,494,13,51.08,134.41,India
172,297617,Adam Wheater,VERTICAL_FORWARD_ATTACK,663,477,23,28.83,138.99,England
173,51862,Andre Fletcher,ON_DRIVE,662,425,18,36.78,155.76,West Indies
174,425943,Sanju Samson,PULL,662,252,18,36.78,262.7,India
175,820351,Rovman Powell,PULL,659,310,35,18.83,212.58,West Indies
176,249866,Alex Hales,FLICK,658,539,21,31.33,122.08,England
177,417514,Ben Cox,VERTICAL_FORWARD_ATTACK,656,548,17,38.59,119.71,England
178,823509,Glenn Phillips,PULL,653,259,15,43.53,252.12,New Zealand
179,296597,James Vince,PULL,652,328,19,34.32,198.78,England
180,595739,Leus du Plooy,VERTICAL_FORWARD_ATTACK,652,471,15,43.47,138.43,England
181,425943,Sanju Samson,FLICK,651,575,25,26.04,113.22,India
182,776695,Matt Critchley,VERTICAL_FORWARD_ATTACK,651,554,28,23.25,117.51,England
183,720471,Ishan Kishan,PULL,645,323,23,28.04,199.69,India
184,325012,Marcus Stoinis,FLICK,644,535,17,37.88,120.37,Australia
185,230193,Matthew Wade,PULL,641,299,22,29.14,214.38,Australia
186,297602,Jack Taylor,VERTICAL_FORWARD_ATTACK,640,475,33,19.39,134.74,England
187,931581,Rishabh Pant,FLICK,635,516,18,35.28,123.06,India
188,931581,Rishabh Pant,PULL,634,344,14,45.29,184.3,India
189,44936,AB de Villiers,COVER_DRIVE,633,422,20,31.65,150.0,South Africa
190,8917,Moeen Ali,PULL,632,278,15,42.13,227.34,England
191,520551,Arron Lilley,VERTICAL_FORWARD_ATTACK,632,470,30,21.07,134.47,England
192,322810,Cameron Delport,VERTICAL_FORWARD_ATTACK,628,473,26,24.15,132.77,South Africa
193,333066,Johnson Charles,PULL,627,308,14,44.79,203.57,West Indies
194,325012,Marcus Stoinis,COVER_DRIVE,626,461,15,41.73,135.79,Australia
195,572199,Ryan Higgins,VERTICAL_FORWARD_ATTACK,624,501,21,29.71,124.55,England
196,15348,James Hildreth,VERTICAL_FORWARD_ATTACK,623,477,17,36.65,130.61,England
197,1070173,Shubman Gill,ON_DRIVE,620,459,16,38.75,135.08,India
198,23506,Alex Wakely,VERTICAL_FORWARD_ATTACK,618,575,20,30.9,107.48,England
199,512191,Fakhar Zaman,ON_DRIVE,617,404,22,28.05,152.72,Pakistan
200,308967,Jos Buttler,SLOG_SHOT,616,239,35,17.6,257.74,England
201,277906,Kane Williamson,ON_DRIVE,616,511,22,28.0,120.55,New Zealand
202,670025,Shimron Hetmyer,FLICK,615,567,10,61.5,108.47,West Indies
203,670025,Shimron Hetmyer,SLOG_SHOT,614,253,33,18.61,242.69,West Indies
204,403902,Liam Livingstone,ON_DRIVE,614,375,13,47.23,163.73,England
205,670035,Brandon King,ON_DRIVE,614,349,14,43.86,175.93,West Indies
206,892749,Tim David,ON_DRIVE,612,368,19,32.21,166.3,Australia
207,30045,Dinesh Karthik,PULL,612,261,14,43.71,234.48,India
208,230558,Sunil Narine,ON_DRIVE,611,314,31,19.71,194.59,West Indies
209,17986,Steven Mullaney,VERTICAL_FORWARD_ATTACK,611,423,30,20.37,144.44,England
210,604302,Nicholas Pooran,FLICK,610,461,11,55.45,132.32,West Indies
211,362201,Lewis Gregory,VERTICAL_FORWARD_ATTACK,610,422,16,38.12,144.55,England
212,42657,Shoaib Malik,PULL,609,318,24,25.38,191.51,Pakistan
213,1070173,Shubman Gill,PULL,608,284,12,50.67,214.08,India
214,51862,Andre Fletcher,FLICK,607,530,19,31.95,114.53,West Indies
215,931581,Rishabh Pant,ON_DRIVE,607,361,20,30.35,168.14,India
216,42657,Shoaib Malik,COVER_DRIVE,606,434,15,40.4,139.63,Pakistan
217,529045,Jake Libby,VERTICAL_FORWARD_ATTACK,605,483,22,27.5,125.26,England
218,33335,Suresh Raina,FLICK,605,513,21,28.81,117.93,India
219,8180,Shane Watson,ON_DRIVE,603,414,23,26.22,145.65,Australia
220,333066,Johnson Charles,ON_DRIVE,602,419,21,28.67,143.68,West Indies
221,820351,Rovman Powell,ON_DRIVE,599,325,21,28.52,184.31,West Indies
222,536936,Litton Das,FLICK,598,472,18,33.22,126.69,Bangladesh
223,670025,Shimron Hetmyer,ON_DRIVE,597,349,16,37.31,171.06,West Indies
224,28081,MS Dhoni,PULL,596,305,22,27.09,195.41,India
225,308798,D'Arcy Short,ON_DRIVE,594,435,12,49.5,136.55,Australia
226,232359,Colin Munro,CUT_SHOT,593,478,16,37.06,124.06,New Zealand
227,331375,Hamish Rutherford,VERTICAL_FORWARD_ATTACK,593,384,19,31.21,154.43,New Zealand
228,277916,Ajinkya Rahane,ON_DRIVE,590,442,24,24.58,133.48,India
229,823509,Glenn Phillips,ON_DRIVE,590,373,26,22.69,158.18,New Zealand
230,408413,Rob Keogh,VERTICAL_FORWARD_ATTACK,589,470,18,32.72,125.32,England
231,909225,Paul Walter,VERTICAL_FORWARD_ATTACK,586,423,26,22.54,138.53,England
232,877051,Tom Banton,VERTICAL_FORWARD_ATTACK,584,419,23,25.39,139.38,England
233,298438,Jason Roy,FLICK,581,514,22,26.41,113.04,England
234,662973,Sam Curran,VERTICAL_FORWARD_ATTACK,581,434,19,30.58,133.87,England
235,8917,Moeen Ali,VERTICAL_FORWARD_ATTACK,580,355,12,48.33,163.38,England
236,5334,Aaron Finch,PULL,579,322,12,48.25,179.81,Australia
237,272450,Mitchell Marsh,PULL,579,237,9,64.33,244.3,Australia
238,425943,Sanju Samson,COVER_DRIVE,578,333,15,38.53,173.57,India
239,296597,James Vince,COVER_DRIVE,577,396,12,48.08,145.71,England
240,249866,Alex Hales,CUT_SHOT,577,399,23,25.09,144.61,England
241,296597,James Vince,FLICK,577,509,11,52.45,113.36,England
242,297433,Jonny Bairstow,PULL,572,252,16,35.75,226.98,England
243,211032,Karl Brown,VERTICAL_FORWARD_ATTACK,570,380,17,33.53,150.0,England
244,748793,Joe Weatherley,VERTICAL_FORWARD_ATTACK,568,422,10,56.8,134.6,England
245,226492,Martin Guptill,FLICK,568,522,18,31.56,108.81,New Zealand
246,277906,Kane Williamson,PULL,567,271,15,37.8,209.23,New Zealand
247,5334,Aaron Finch,SLOG_SHOT,566,226,31,18.26,250.44,Australia
248,308798,D'Arcy Short,FLICK,566,527,13,43.54,107.4,Australia
249,230558,Sunil Narine,PULL,565,286,34,16.62,197.55,West Indies
250,1060380,Ruturaj Gaikwad,PULL,564,216,14,40.29,261.11,India
251,602155,Tom Alsop,VERTICAL_FORWARD_ATTACK,563,436,25,22.52,129.13,England
252,347661,Luis Reece,VERTICAL_FORWARD_ATTACK,559,503,29,19.28,111.13,England
253,25913,Mohammad Nabi,ON_DRIVE,559,381,34,16.44,146.72,Afghanistan
254,669365,Phil Salt,ON_DRIVE,558,355,13,42.92,157.18,England
255,308967,Jos Buttler,VERTICAL_FORWARD_ATTACK,558,391,15,37.2,142.71,England
256,820351,Rovman Powell,SLOG_SHOT,557,219,24,23.21,254.34,West Indies
257,230193,Matthew Wade,FLICK,556,433,13,42.77,128.41,Australia
258,379143,Quinton de Kock,CUT_SHOT,555,509,20,27.75,109.04,South Africa
259,227758,Imad Wasim,ON_DRIVE,553,364,22,25.14,151.92,Pakistan
260,296597,James Vince,ON_DRIVE,553,388,14,39.5,142.53,England
261,625371,Hardik Pandya,PULL,553,276,20,27.65,200.36,India
262,230559,Kieron Pollard,SLOG_SHOT,550,269,46,11.96,204.46,West Indies
263,669365,Phil Salt,PULL_HOOK_ON_BACK_FOOT,550,246,15,36.67,223.58,England
264,46148,Richard Levi,VERTICAL_FORWARD_ATTACK,549,426,23,23.87,128.87,South Africa
265,249866,Alex Hales,PULL_HOOK_ON_BACK_FOOT,548,223,12,45.67,245.74,England
266,318845,Rilee Rossouw,ON_DRIVE,548,325,14,39.14,168.62,South Africa
267,23460,Luke Wright,PULL_HOOK_ON_BACK_FOOT,546,262,14,39.0,208.4,England
268,431901,Evin Lewis,COVER_DRIVE,546,314,12,45.5,173.89,West Indies
269,33141,Ambati Rayudu,ON_DRIVE,545,381,17,32.06,143.04,India
270,318845,Rilee Rossouw,VERTICAL_FORWARD_ATTACK,544,345,15,36.27,157.68,South Africa
271,211855,Liam Dawson,VERTICAL_FORWARD_ATTACK,543,416,18,30.17,130.53,England
272,512191,Fakhar Zaman,FLICK,543,480,8,67.88,113.12,Pakistan
273,297498,Ian Cockbain,PULL_HOOK_ON_BACK_FOOT,542,261,16,33.88,207.66,England
274,34102,Rohit Sharma,SLOG_SHOT,541,229,32,16.91,236.24,India
275,931581,Rishabh Pant,SLOG_SHOT,541,246,38,14.24,219.92,India
276,51862,Andre Fletcher,CUT_SHOT,539,413,15,35.93,130.51,West Indies
277,53116,Lendl Simmons,PULL,536,241,16,33.5,222.41,West Indies
278,56194,Tamim Iqbal,FLICK,536,529,15,35.73,101.32,Bangladesh
279,5334,Aaron Finch,CUT_SHOT,536,417,13,41.23,128.54,Australia
280,892749,Tim David,COVER_DRIVE,536,324,11,48.73,165.43,Australia
281,600498,Aiden Markram,ON_DRIVE,535,435,10,53.5,122.99,South Africa
282,422593,Daniel Bell-Drummond,PULL_HOOK_ON_BACK_FOOT,534,264,14,38.14,202.27,England
283,221140,David Wiese,VERTICAL_FORWARD_ATTACK,529,361,23,23.0,146.54,Namibia
284,34102,Rohit Sharma,CUT_SHOT,529,380,11,48.09,139.21,India
285,436757,Heinrich Klaasen,PULL,529,209,13,40.69,253.11,South Africa
286,236489,Dawid Malan,FLICK,528,494,13,40.62,106.88,England
287,51880,Chris Gayle,SLOG_SHOT,527,218,22,23.95,241.74,West Indies
288,308798,D'Arcy Short,PULL,526,287,21,25.05,183.28,Australia
289,8917,Moeen Ali,COVER_DRIVE,524,339,19,27.58,154.57,England
290,625371,Hardik Pandya,COVER_DRIVE,524,370,4,131.0,141.62,India
291,348056,Kyle Mayers,PULL,524,241,21,24.95,217.43,West Indies
292,974087,Rahmanullah Gurbaz,PULL,524,203,17,30.82,258.13,Afghanistan
293,46270,Johann Myburgh,VERTICAL_FORWARD_ATTACK,521,338,17,30.65,154.14,South Africa
294,603410,Ben McDermott,PULL,520,206,10,52.0,252.43,Australia
295,315586,Chadwick Walton,ON_DRIVE,520,336,21,24.76,154.76,West Indies
296,333066,Johnson Charles,FLICK,519,472,9,57.67,109.96,West Indies
297,403902,Liam Livingstone,PULL,519,217,22,23.59,239.17,England
298,5961,Moises Henriques,PULL,519,221,10,51.9,234.84,Australia
299,451782,James Fuller,VERTICAL_FORWARD_ATTACK,518,344,21,24.67,150.58,England
300,24598,Eoin Morgan,ON_DRIVE,517,346,14,36.93,149.42,England
301,269280,Reeza Hendricks,COVER_DRIVE,515,275,8,64.38,187.27,South Africa
302,267192,Steven Smith,ON_DRIVE,514,395,10,51.4,130.13,Australia
303,536936,Litton Das,PULL,512,231,22,23.27,221.65,Bangladesh
304,325012,Marcus Stoinis,CUT_SHOT,511,349,14,36.5,146.42,Australia
305,236489,Dawid Malan,PULL,511,284,14,36.5,179.93,England
306,37737,Brendon McCullum,PULL,511,223,13,39.31,229.15,New Zealand
307,33335,Suresh Raina,ON_DRIVE,508,380,17,29.88,133.68,India
308,53116,Lendl Simmons,FLICK,507,469,7,72.43,108.1,West Indies
309,974087,Rahmanullah Gurbaz,ON_DRIVE,507,252,11,46.09,201.19,Afghanistan
310,1070173,Shubman Gill,COVER_DRIVE,506,314,9,56.22,161.15,India
311,10772,Paul Collingwood,VERTICAL_FORWARD_ATTACK,506,384,9,56.22,131.77,England
312,44828,Faf du Plessis,CUT_SHOT,506,402,15,33.73,125.87,South Africa
313,25913,Mohammad Nabi,PULL,505,230,18,28.06,219.57,Afghanistan
314,226492,Martin Guptill,PULL,505,218,19,26.58,231.65,New Zealand
315,604302,Nicholas Pooran,SLOG_SHOT,504,223,32,15.75,226.01,West Indies
316,629074,Kusal Mendis,PULL,504,240,23,21.91,210.0,Sri Lanka
317,625371,Hardik Pandya,FLICK,502,360,25,20.08,139.44,India
318,56143,Shakib Al Hasan,ON_DRIVE,502,400,15,33.47,125.5,Bangladesh
319,44936,AB de Villiers,PULL,500,193,13,38.46,259.07,South Africa
320,605575,Matthew Short,PULL,499,201,13,38.38,248.26,Australia
321,521637,Ben Duckett,PULL_HOOK_ON_BACK_FOOT,499,276,14,35.64,180.8,England
322,262456,Dane Vilas,VERTICAL_FORWARD_ATTACK,499,405,25,19.96,123.21,South Africa
323,436757,Heinrich Klaasen,ON_DRIVE,499,333,18,27.72,149.85,South Africa
324,21577,Peter Trego,VERTICAL_FORWARD_ATTACK,494,385,22,22.45,128.31,England
325,772293,Michael Pepper,VERTICAL_FORWARD_ATTACK,494,324,17,29.06,152.47,England
326,30045,Dinesh Karthik,FLICK,493,381,17,29.0,129.4,India
327,321777,David Miller,SLOG_SHOT,493,193,27,18.26,255.44,South Africa
328,8917,Moeen Ali,ON_DRIVE,493,302,18,27.39,163.25,England
329,56025,Mahmudullah,FLICK,492,451,9,54.67,109.09,Bangladesh
330,297433,Jonny Bairstow,ON_DRIVE,489,299,13,37.62,163.55,England
331,823509,Glenn Phillips,FLICK,489,461,14,34.93,106.07,New Zealand
332,892749,Tim David,SLOG_SHOT,489,174,24,20.38,281.03,Australia
333,253802,Virat Kohli,CUT_SHOT,489,353,11,44.45,138.53,India
334,230193,Matthew Wade,COVER_DRIVE,489,317,12,40.75,154.26,Australia
335,470501,Graham Clark,PULL_HOOK_ON_BACK_FOOT,488,218,15,32.53,223.85,England
336,1112537,Jordan Cox,VERTICAL_FORWARD_ATTACK,487,362,15,32.47,134.53,England
337,571911,Joe Clarke,PULL_HOOK_ON_BACK_FOOT,486,237,20,24.3,205.06,England
338,512191,Fakhar Zaman,SLOG_SHOT,485,207,29,16.72,234.3,Pakistan
339,308967,Jos Buttler,CUT_SHOT,485,375,6,80.83,129.33,England
340,41434,Mohammad Hafeez,PULL,484,269,23,21.04,179.93,Pakistan
341,512191,Fakhar Zaman,PULL,483,261,24,20.12,185.06,Pakistan
342,670025,Shimron Hetmyer,COVER_DRIVE,483,359,22,21.95,134.54,West Indies
343,665053,Zak Crawley,VERTICAL_FORWARD_ATTACK,481,320,13,37.0,150.31,England
344,276298,Andre Russell,COVER_DRIVE,479,249,13,36.85,192.37,West Indies
345,512191,Fakhar Zaman,CUT_SHOT,479,328,14,34.21,146.04,Pakistan
346,641387,Max Holden,VERTICAL_FORWARD_ATTACK,478,333,13,36.77,143.54,England
347,5961,Moises Henriques,ON_DRIVE,477,412,30,15.9,115.78,Australia
348,233514,Thisara Perera,ON_DRIVE,477,264,16,29.81,180.68,Sri Lanka
349,25913,Mohammad Nabi,FLICK,475,432,12,39.58,109.95,Afghanistan
350,51862,Andre Fletcher,PULL,475,242,16,29.69,196.28,West Indies
351,318845,Rilee Rossouw,COVER_DRIVE,475,333,11,43.18,142.64,South Africa
352,299572,Sikandar Raza,PULL,475,200,20,23.75,237.5,Zimbabwe
353,219889,David Warner,SLOG_SHOT,475,212,24,19.79,224.06,Australia
354,325026,Glenn Maxwell,CUT_SHOT,473,351,11,43.0,134.76,Australia
355,642519,Shreyas Iyer,COVER_DRIVE,472,319,11,42.91,147.96,India
356,51880,Chris Gayle,FLICK,472,485,10,47.2,97.32,West Indies
357,333066,Johnson Charles,SLOG_SHOT,471,222,28,16.82,212.16,West Indies
358,554691,Axar Patel,ON_DRIVE,470,349,15,31.33,134.67,India
359,379140,Devon Conway,FLICK,470,362,4,117.5,129.83,New Zealand
360,1099224,Will Smeed,VERTICAL_FORWARD_ATTACK,469,360,17,27.59,130.28,England
361,446507,Suryakumar Yadav,PULL,469,196,16,29.31,239.29,India
362,51862,Andre Fletcher,COVER_DRIVE,469,290,12,39.08,161.72,West Indies
363,46148,Richard Levi,PULL_HOOK_ON_BACK_FOOT,469,186,9,52.11,252.15,South Africa
364,45705,Colin Ingram,PULL_HOOK_ON_BACK_FOOT,468,198,19,24.63,236.36,South Africa
365,581379,Shai Hope,COVER_DRIVE,467,291,10,46.7,160.48,West Indies
366,47015,Jacques Rudolph,VERTICAL_FORWARD_ATTACK,466,366,10,46.6,127.32,South Africa
367,35582,Robin Uthappa,FLICK,465,324,16,29.06,143.52,India
368,302269,Chris Dent,VERTICAL_FORWARD_ATTACK,465,317,18,25.83,146.69,England
369,230559,Kieron Pollard,COVER_DRIVE,465,274,14,33.21,169.71,West Indies
370,326637,Chris Lynn,SLOG_SHOT,464,212,36,12.89,218.87,Australia
371,737833,Kiran Carlson,VERTICAL_FORWARD_ATTACK,463,338,20,23.15,136.98,England
372,600498,Aiden Markram,COVER_DRIVE,462,306,9,51.33,150.98,South Africa
373,56143,Shakib Al Hasan,CUT_SHOT,462,371,13,35.54,124.53,Bangladesh
374,290630,Manish Pandey,PULL,462,243,12,38.5,190.12,India
375,720471,Ishan Kishan,ON_DRIVE,461,337,13,35.46,136.8,India
376,581379,Shai Hope,ON_DRIVE,460,285,11,41.82,161.4,West Indies
377,603410,Ben McDermott,ON_DRIVE,460,364,14,32.86,126.37,Australia
378,446507,Suryakumar Yadav,CUT_SHOT,456,333,14,32.57,136.94,India
379,35582,Robin Uthappa,ON_DRIVE,456,342,15,30.4,133.33,India
380,44936,AB de Villiers,SLOG_SHOT,456,155,13,35.08,294.19,South Africa
381,53118,Dwayne Smith,ON_DRIVE,455,290,15,30.33,156.9,West Indies
382,230558,Sunil Narine,COVER_DRIVE,454,271,21,21.62,167.53,West Indies
383,572199,Ryan Higgins,PULL_HOOK_ON_BACK_FOOT,454,233,11,41.27,194.85,England
384,631668,Stephen Eskinazi,PULL_HOOK_ON_BACK_FOOT,451,208,8,56.38,216.83,England
385,604302,Nicholas Pooran,CUT_SHOT,450,395,19,23.68,113.92,West Indies
386,56143,Shakib Al Hasan,PULL,450,245,15,30.0,183.67,Bangladesh
387,226492,Martin Guptill,COVER_DRIVE,450,312,12,37.5,144.23,New Zealand
388,720471,Ishan Kishan,FLICK,449,380,12,37.42,118.16,India
389,41434,Mohammad Hafeez,ON_DRIVE,449,294,14,32.07,152.72,Pakistan
390,403902,Liam Livingstone,SLOG_SHOT,449,207,28,16.04,216.91,England
391,33141,Ambati Rayudu,PULL,447,202,12,37.25,221.29,India
392,625371,Hardik Pandya,SLOG_SHOT,447,201,26,17.19,222.39,India
393,37737,Brendon McCullum,ON_DRIVE,446,284,17,26.24,157.04,New Zealand
394,272450,Mitchell Marsh,ON_DRIVE,446,325,11,40.55,137.23,Australia
395,256956,Laurie Evans,PULL_HOOK_ON_BACK_FOOT,445,221,8,55.62,201.36,England
396,323389,Mohammad Rizwan,COVER_DRIVE,445,331,8,55.62,134.44,Pakistan
397,56143,Shakib Al Hasan,COVER_DRIVE,444,312,15,29.6,142.31,Bangladesh
398,308408,Josh Cobb,PULL_HOOK_ON_BACK_FOOT,443,192,16,27.69,230.73,England
399,642519,Shreyas Iyer,CUT_SHOT,442,328,15,29.47,134.76,India
400,8180,Shane Watson,FLICK,442,362,10,44.2,122.1,Australia
401,246005,Sam Northeast,PULL_HOOK_ON_BACK_FOOT,442,261,11,40.18,169.35,England
402,391485,Jason Holder,ON_DRIVE,442,290,23,19.22,152.41,West Indies
403,781285,Jake Weatherald,PULL,441,194,11,40.09,227.32,Australia
404,51862,Andre Fletcher,SLOG_SHOT,440,186,31,14.19,236.56,West Indies
405,232359,Colin Munro,VERTICAL_FORWARD_ATTACK,440,299,16,27.5,147.16,New Zealand
406,381743,Daryl Mitchell,ON_DRIVE,440,286,17,25.88,153.85,New Zealand
407,931581,Rishabh Pant,COVER_DRIVE,440,296,8,55.0,148.65,India
408,298438,Jason Roy,SLOG_SHOT,439,189,24,18.29,232.28,England
409,17970,Daryl Mitchell,VERTICAL_FORWARD_ATTACK,438,384,15,29.2,114.06,England
410,470633,Tom Kohler-Cadmore,PULL_HOOK_ON_BACK_FOOT,437,195,15,29.13,224.1,England
411,887207,Ollie Pope,VERTICAL_FORWARD_ATTACK,436,327,9,48.44,133.33,England
412,914541,Sherfane Rutherford,PULL,433,184,15,28.87,235.33,West Indies
413,246005,Sam Northeast,CUT_SHOT_ON_BACK_FOOT,433,343,14,30.93,126.24,England
414,931581,Rishabh Pant,CUT_SHOT,433,342,8,54.12,126.61,India
415,308798,D'Arcy Short,COVER_DRIVE,431,284,6,71.83,151.76,Australia
416,820351,Rovman Powell,FLICK,430,375,20,21.5,114.67,West Indies
417,603410,Ben McDermott,FLICK,430,397,10,43.0,108.31,Australia
418,276298,Andre Russell,CUT_SHOT,430,297,16,26.88,144.78,West Indies
419,56194,Tamim Iqbal,ON_DRIVE,430,295,10,43.0,145.76,Bangladesh
420,823509,Glenn Phillips,COVER_DRIVE,430,312,13,33.08,137.82,New Zealand
421,290630,Manish Pandey,FLICK,429,377,15,28.6,113.79,India
422,562281,Aneurin Donald,VERTICAL_FORWARD_ATTACK,429,306,16,26.81,140.2,England
423,297628,Sam Billings,FLICK,429,359,20,21.45,119.5,England
424,28081,MS Dhoni,FLICK,427,377,7,61.0,113.26,India
425,516039,Alex Davies,CUT_SHOT_ON_BACK_FOOT,426,285,17,25.06,149.47,England
426,23460,Luke Wright,CUT_SHOT_ON_BACK_FOOT,426,278,14,30.43,153.24,England
427,403902,Liam Livingstone,FLICK,426,356,8,53.25,119.66,England
428,30045,Dinesh Karthik,ON_DRIVE,426,279,13,32.77,152.69,India
429,46543,Wayne Madsen,CUT_SHOT_ON_BACK_FOOT,425,295,12,35.42,144.07,Italy
430,530011,Travis Head,ON_DRIVE,425,307,13,32.69,138.44,Australia
431,253802,Virat Kohli,SLOG_SHOT,425,200,25,17.0,212.5,India
432,5961,Moises Henriques,FLICK,424,382,11,38.55,110.99,Australia
433,823509,Glenn Phillips,SLOG_SHOT,424,175,19,22.32,242.29,New Zealand
434,823509,Glenn Phillips,CUT_SHOT,423,319,9,47.0,132.6,New Zealand
435,893955,Ollie Robinson,VERTICAL_FORWARD_ATTACK,423,321,14,30.21,131.78,England
436,1070173,Shubman Gill,CUT_SHOT,422,283,8,52.75,149.12,India
437,56194,Tamim Iqbal,COVER_DRIVE,421,283,11,38.27,148.76,Bangladesh
438,603410,Ben McDermott,VERTICAL_FORWARD_ATTACK,420,261,13,32.31,160.92,Australia
439,1060380,Ruturaj Gaikwad,COVER_DRIVE,420,257,4,105.0,163.42,India
440,381743,Daryl Mitchell,VERTICAL_FORWARD_ATTACK,417,216,6,69.5,193.06,New Zealand
441,333066,Johnson Charles,CUT_SHOT,416,331,11,37.82,125.68,West Indies
442,233680,Jonathan Wells,CUT_SHOT,416,293,7,59.43,141.98,Australia
443,536936,Litton Das,COVER_DRIVE,416,288,12,34.67,144.44,Bangladesh
444,298438,Jason Roy,COVER_DRIVE,415,321,13,31.92,129.28,England
445,12454,Joe Denly,PULL_HOOK_ON_BACK_FOOT,415,201,8,51.88,206.47,England
446,663613,Saif Zaib,VERTICAL_FORWARD_ATTACK,414,266,12,34.5,155.64,England
447,669365,Phil Salt,COVER_DRIVE,414,261,11,37.64,158.62,England
448,459761,Ben Raine,VERTICAL_FORWARD_ATTACK,414,323,9,46.0,128.17,England
449,236489,Dawid Malan,PULL_HOOK_ON_BACK_FOOT,414,201,12,34.5,205.97,England
450,25913,Mohammad Nabi,COVER_DRIVE,413,253,14,29.5,163.24,Afghanistan
451,51880,Chris Gayle,COVER_DRIVE,413,272,15,27.53,151.84,West Indies
452,277916,Ajinkya Rahane,PULL,413,204,13,31.77,202.45,India
453,437316,Dasun Shanaka,ON_DRIVE,413,257,18,22.94,160.7,Sri Lanka
454,318845,Rilee Rossouw,FLICK,411,319,10,41.1,128.84,South Africa
455,28081,MS Dhoni,SLOG_SHOT,410,156,13,31.54,262.82,India
456,670035,Brandon King,PULL,410,248,18,22.78,165.32,West Indies
457,272450,Mitchell Marsh,FLICK,410,314,14,29.29,130.57,Australia
458,230371,Ben Cutting,ON_DRIVE,409,243,12,34.08,168.31,Australia
459,251721,Adam Lyth,PULL_HOOK_ON_BACK_FOOT,409,166,14,29.21,246.39,England
460,337790,Rassie van der Dussen,FLICK,409,351,9,45.44,116.52,South Africa
461,436677,Soumya Sarkar,ON_DRIVE,409,243,20,20.45,168.31,Bangladesh
462,44828,Faf du Plessis,SLOG_SHOT,407,195,22,18.5,208.72,South Africa
463,892749,Tim David,FLICK,407,300,7,58.14,135.67,Australia
464,44936,AB de Villiers,FLICK,406,360,8,50.75,112.78,South Africa
465,823509,Glenn Phillips,VERTICAL_FORWARD_ATTACK,405,264,12,33.75,153.41,New Zealand
466,521637,Ben Duckett,SWEEP,405,176,10,40.5,230.11,England
467,230559,Kieron Pollard,STRAIGHT_DRIVE,405,131,8,50.62,309.16,West Indies
468,56025,Mahmudullah,COVER_DRIVE,403,253,11,36.64,159.29,Bangladesh
469,53118,Dwayne Smith,PULL,402,168,13,30.92,239.29,West Indies
470,24611,William Porterfield,VERTICAL_FORWARD_ATTACK,401,368,9,44.56,108.97,Ireland
471,230193,Matthew Wade,ON_DRIVE,401,280,13,30.85,143.21,Australia
472,229954,Mark Stoneman,VERTICAL_FORWARD_ATTACK,401,305,16,25.06,131.48,England
473,234675,Ravindra Jadeja,ON_DRIVE,401,248,11,36.45,161.69,India
474,325012,Marcus Stoinis,SLOG_SHOT,400,184,33,12.12,217.39,Australia
475,33335,Suresh Raina,COVER_DRIVE,398,248,9,44.22,160.48,India
476,301648,Jordan Clark,VERTICAL_FORWARD_ATTACK,398,315,17,23.41,126.35,England
477,290630,Manish Pandey,COVER_DRIVE,398,316,7,56.86,125.95,India
478,760015,Ed Pollock,VERTICAL_FORWARD_ATTACK,396,277,23,17.22,142.96,England
479,269280,Reeza Hendricks,PULL,396,199,11,36.0,198.99,South Africa
480,56143,Shakib Al Hasan,FLICK,395,382,9,43.89,103.4,Bangladesh
481,53116,Lendl Simmons,CUT_SHOT,395,327,15,26.33,120.8,West Indies
482,1107568,Joe Cracknell,VERTICAL_FORWARD_ATTACK,394,309,13,30.31,127.51,England
483,51439,Dwayne Bravo,ON_DRIVE,394,241,14,28.14,163.49,West Indies
484,519082,Dom Sibley,VERTICAL_FORWARD_ATTACK,394,327,13,30.31,120.49,England
485,8180,Shane Watson,COVER_DRIVE,394,273,12,32.83,144.32,Australia
486,41434,Mohammad Hafeez,COVER_DRIVE,393,271,13,30.23,145.02,Pakistan
487,230193,Matthew Wade,CUT_SHOT,392,308,7,56.0,127.27,Australia
488,581379,Shai Hope,FLICK,392,348,7,56.0,112.64,West Indies
489,300631,Kusal Perera,PULL,392,211,8,49.0,185.78,Sri Lanka
490,1151278,Yashasvi Jaiswal,COVER_DRIVE,392,224,10,39.2,175.0,India
491,379140,Devon Conway,PULL,391,220,7,55.86,177.73,New Zealand
492,215155,Usman Khawaja,PULL,391,212,14,27.93,184.43,Australia
493,348056,Kyle Mayers,ON_DRIVE,391,227,18,21.72,172.25,West Indies
494,480603,Iftikhar Ahmed,ON_DRIVE,391,273,16,24.44,143.22,Pakistan
495,897549,Will Jacks,ON_DRIVE,391,192,5,78.2,203.65,England
496,8917,Moeen Ali,FLICK,390,330,7,55.71,118.18,England
497,10656,Michael Carberry,VERTICAL_FORWARD_ATTACK,390,250,9,43.33,156.0,England
498,662235,Josh Inglis,PULL,390,184,13,30.0,211.96,Australia
499,44828,Faf du Plessis,STRAIGHT_DRIVE,390,113,3,130.0,345.13,South Africa
500,550235,Tom Curran,VERTICAL_FORWARD_ATTACK,390,280,12,32.5,139.29,England
501,20367,Darren Stevens,VERTICAL_FORWARD_ATTACK,389,251,22,17.68,154.98,England
502,625964,Tim Seifert,ON_DRIVE,389,279,11,35.36,139.43,New Zealand
503,670035,Brandon King,COVER_DRIVE,388,254,6,64.67,152.76,West Indies
504,251721,Adam Lyth,CUT_SHOT_ON_BACK_FOOT,388,245,8,48.5,158.37,England
505,1124282,Josh Philippe,FLICK,388,333,13,29.85,116.52,Australia
506,457280,Adam Rossington,PULL_HOOK_ON_BACK_FOOT,388,167,21,18.48,232.34,England
507,578769,Ed Barnard,VERTICAL_FORWARD_ATTACK,387,281,20,19.35,137.72,England
508,30045,Dinesh Karthik,COVER_DRIVE,387,262,9,43.0,147.71,India
509,1151278,Yashasvi Jaiswal,PULL,387,153,18,21.5,252.94,India
510,857653,Rishi Patel,VERTICAL_FORWARD_ATTACK,387,260,16,24.19,148.85,England
511,267192,Steven Smith,COVER_DRIVE,387,306,21,18.43,126.47,Australia
512,494230,Asif Ali,ON_DRIVE,386,206,10,38.6,187.38,Pakistan
513,494230,Asif Ali,PULL,386,191,25,15.44,202.09,Pakistan
514,56025,Mahmudullah,PULL,386,181,10,38.6,213.26,Bangladesh
515,1070168,Prithvi Shaw,PULL,384,171,17,22.59,224.56,India
516,1137262,Azam Khan,PULL,384,183,11,34.91,209.84,Pakistan
517,604527,Nitish Rana,COVER_DRIVE,384,239,13,29.54,160.67,India
518,297628,Sam Billings,PULL,383,201,14,27.36,190.55,England
519,714451,Shivam Dube,PULL,383,190,11,34.82,201.58,India
520,272450,Mitchell Marsh,COVER_DRIVE,383,276,4,95.75,138.77,Australia
521,33335,Suresh Raina,PULL,383,197,13,29.46,194.42,India
522,253802,Virat Kohli,STEERED,382,374,8,47.75,102.14,India
523,471342,Krunal Pandya,ON_DRIVE,382,244,8,47.75,156.56,India
524,53116,Lendl Simmons,COVER_DRIVE,382,273,11,34.73,139.93,West Indies
525,323389,Mohammad Rizwan,CUT_SHOT,382,346,8,47.75,110.4,Pakistan
526,45705,Colin Ingram,ON_DRIVE,382,256,10,38.2,149.22,South Africa
527,1124282,Josh Philippe,ON_DRIVE,382,284,10,38.2,134.51,Australia
528,236489,Dawid Malan,ON_DRIVE,381,286,11,34.64,133.22,England
529,935995,Afif Hossain,PULL,381,182,14,27.21,209.34,Bangladesh
530,6161,Michael Klinger,LEG_GLANCE,381,212,3,127.0,179.72,Australia
531,555850,Sam Hain,CUT_SHOT_ON_BACK_FOOT,380,260,11,34.55,146.15,England
532,497121,Deepak Hooda,ON_DRIVE,380,255,15,25.33,149.02,India
533,45705,Colin Ingram,COVER_DRIVE,380,289,11,34.55,131.49,South Africa
534,297628,Sam Billings,ON_DRIVE,380,247,15,25.33,153.85,England
535,50710,Kumar Sangakkara,VERTICAL_FORWARD_ATTACK,380,215,8,47.5,176.74,Sri Lanka
536,297433,Jonny Bairstow,FLICK,379,325,9,42.11,116.62,England
537,325026,Glenn Maxwell,REVERSE_SWEEP,379,237,20,18.95,159.92,Australia
538,28235,Shikhar Dhawan,SLOG_SHOT,379,165,23,16.48,229.7,India
539,11745,Steven Croft,PULL_HOOK_ON_BACK_FOOT,378,168,15,25.2,225.0,England
540,1137262,Azam Khan,ON_DRIVE,378,208,15,25.2,181.73,Pakistan
541,480603,Iftikhar Ahmed,PULL,378,197,18,21.0,191.88,Pakistan
542,326637,Chris Lynn,FLICK,377,389,11,34.27,96.92,Australia
543,337790,Rassie van der Dussen,ON_DRIVE,376,281,8,47.0,133.81,South Africa
544,277906,Kane Williamson,CUT_SHOT,375,301,9,41.67,124.58,New Zealand
545,233901,Shan Masood,FLICK,375,312,9,41.67,120.19,Pakistan
546,323389,Mohammad Rizwan,SLOG_SHOT,374,161,12,31.17,232.3,Pakistan
547,41434,Mohammad Hafeez,FLICK,374,343,9,41.56,109.04,Pakistan
548,355269,James Neesham,VERTICAL_FORWARD_ATTACK,374,265,16,23.38,141.13,New Zealand
549,642519,Shreyas Iyer,PULL,373,211,15,24.87,176.78,India
550,604527,Nitish Rana,PULL,373,162,18,20.72,230.25,India
551,9310,Tim Bresnan,VERTICAL_FORWARD_ATTACK,373,262,18,20.72,142.37,England
552,379140,Devon Conway,COVER_DRIVE,372,237,6,62.0,156.96,New Zealand
553,269280,Reeza Hendricks,FLICK,372,374,11,33.82,99.47,South Africa
554,6683,Shaun Marsh,FLICK,372,347,13,28.62,107.2,Australia
555,788101,Tom Moores,PULL_HOOK_ON_BACK_FOOT,371,211,19,19.53,175.83,England
556,502714,Mitchell Santner,VERTICAL_FORWARD_ATTACK,371,224,18,20.61,165.62,New Zealand
557,326637,Chris Lynn,VERTICAL_FORWARD_ATTACK,371,274,7,53.0,135.4,Australia
558,267192,Steven Smith,CUT_SHOT,370,248,3,123.33,149.19,Australia
559,348144,Babar Azam,STEERED,370,270,2,185.0,137.04,Pakistan
560,303427,Paul Stirling,PULL_HOOK_ON_BACK_FOOT,370,149,8,46.25,248.32,Ireland
561,1060380,Ruturaj Gaikwad,FLICK,369,317,6,61.5,116.4,India
562,629074,Kusal Mendis,FLICK,368,290,5,73.6,126.9,Sri Lanka
563,4068,Jim Allenby,VERTICAL_FORWARD_ATTACK,366,343,14,26.14,106.71,Australia
564,33141,Ambati Rayudu,COVER_DRIVE,366,241,8,45.75,151.87,India
565,720471,Ishan Kishan,SLOG_SHOT,366,169,21,17.43,216.57,India
566,662235,Josh Inglis,FLICK,366,317,8,45.75,115.46,Australia
567,422593,Daniel Bell-Drummond,LEG_GLANCE,366,249,8,45.75,146.99,England
568,446507,Suryakumar Yadav,SWEEP_SHOT,366,178,10,36.6,205.62,India
569,422593,Daniel Bell-Drummond,CUT_SHOT_ON_BACK_FOOT,365,248,11,33.18,147.18,England
570,321777,David Miller,CUT_SHOT,364,324,14,26.0,112.35,South Africa
571,1124282,Josh Philippe,PULL,364,196,15,24.27,185.71,Australia
572,555850,Sam Hain,PULL_HOOK_ON_BACK_FOOT,364,193,15,24.27,188.6,England
573,605575,Matthew Short,FLICK,363,266,11,33.0,136.47,Australia
574,323389,Mohammad Rizwan,SLOG_SWEEP,363,142,11,33.0,255.63,Pakistan
575,1110475,Jack Haynes,VERTICAL_FORWARD_ATTACK,362,220,8,45.25,164.55,England
576,630174,Delray Rawlins,VERTICAL_FORWARD_ATTACK,362,253,12,30.17,143.08,Bermuda
577,227762,Sharjeel Khan,PULL,362,166,15,24.13,218.07,Pakistan
578,959759,Finn Allen,ON_DRIVE,361,182,7,51.57,198.35,New Zealand
579,226492,Martin Guptill,CUT_SHOT,361,239,6,60.17,151.05,New Zealand
580,315586,Chadwick Walton,PULL,360,188,17,21.18,191.49,West Indies
581,600498,Aiden Markram,CUT_SHOT,360,243,7,51.43,148.15,South Africa
582,1029993,Scott Steel,VERTICAL_FORWARD_ATTACK,359,320,11,32.64,112.19,England
583,277916,Ajinkya Rahane,COVER_DRIVE,359,210,6,59.83,170.95,India
584,1060380,Ruturaj Gaikwad,ON_DRIVE,359,258,9,39.89,139.15,India
585,296597,James Vince,LEG_GLANCE,358,272,8,44.75,131.62,England
586,935995,Afif Hossain,FLICK,358,313,13,27.54,114.38,Bangladesh
587,530011,Travis Head,PULL,358,165,8,44.75,216.97,Australia
588,348144,Babar Azam,VERTICAL_FORWARD_ATTACK,358,253,8,44.75,141.5,Pakistan
589,6683,Shaun Marsh,ON_DRIVE,358,239,15,23.87,149.79,Australia
590,625964,Tim Seifert,PULL,358,179,16,22.38,200.0,New Zealand
591,642519,Shreyas Iyer,SLOG_SHOT,357,165,28,12.75,216.36,India
592,227758,Imad Wasim,FLICK,357,345,10,35.7,103.48,Pakistan
593,605575,Matthew Short,ON_DRIVE,355,284,11,32.27,125.0,Australia
594,471202,Brett D'Oliveira,PULL_HOOK_ON_BACK_FOOT,355,191,10,35.5,185.86,England
595,625964,Tim Seifert,FLICK,354,346,11,32.18,102.31,New Zealand
596,600498,Aiden Markram,FLICK,354,296,12,29.5,119.59,South Africa
597,12450,Steven Davies,VERTICAL_FORWARD_ATTACK,354,263,18,19.67,134.6,England
598,279810,Wriddhiman Saha,ON_DRIVE,354,232,15,23.6,152.59,India
599,300631,Kusal Perera,FLICK,353,321,7,50.43,109.97,Sri Lanka
600,41434,Mohammad Hafeez,CUT_SHOT,353,313,14,25.21,112.78,Pakistan
601,267192,Steven Smith,PULL,353,192,12,29.42,183.85,Australia
602,536936,Litton Das,CUT_SHOT,352,258,13,27.08,136.43,Bangladesh
603,348144,Babar Azam,SLOG_SHOT,352,175,25,14.08,201.14,Pakistan
604,298438,Jason Roy,CUT_SHOT,351,272,17,20.65,129.04,England
605,1028655,Pathum Nissanka,FLICK,351,315,6,58.5,111.43,Sri Lanka
606,230371,Ben Cutting,PULL,351,146,7,50.14,240.41,Australia
607,403902,Liam Livingstone,PULL_HOOK_ON_BACK_FOOT,350,170,9,38.89,205.88,England
608,670035,Brandon King,CUT_SHOT,350,257,16,21.88,136.19,West Indies
609,446763,Rahul Tripathi,COVER_DRIVE,350,199,9,38.89,175.88,India
610,501011,Cameron Bancroft,ON_DRIVE,349,236,11,31.73,147.88,Australia
611,603410,Ben McDermott,COVER_DRIVE,349,295,14,24.93,118.31,Australia
612,557295,Hilton Cartwright,ON_DRIVE,349,224,4,87.25,155.8,Australia
613,279810,Wriddhiman Saha,PULL,348,195,20,17.4,178.46,India
614,1096092,Jamie Smith,VERTICAL_FORWARD_ATTACK,348,289,15,23.2,120.42,England
615,308251,David Willey,PULL_HOOK_ON_BACK_FOOT,348,156,13,26.77,223.08,England
616,52983,Marlon Samuels,ON_DRIVE,347,224,6,57.83,154.91,West Indies
617,8180,Shane Watson,SLOG_SHOT,347,126,15,23.13,275.4,Australia
618,625964,Tim Seifert,COVER_DRIVE,346,266,8,43.25,130.08,New Zealand
619,308798,D'Arcy Short,VERTICAL_FORWARD_ATTACK,346,264,6,57.67,131.06,Australia
620,56029,Mushfiqur Rahim,COVER_DRIVE,346,218,11,31.45,158.72,Bangladesh
621,1093091,Michael Jones,VERTICAL_FORWARD_ATTACK,346,244,9,38.44,141.8,Scotland
622,21440,John Simpson,PULL_HOOK_ON_BACK_FOOT,345,179,15,23.0,192.74,England
623,1070168,Prithvi Shaw,COVER_DRIVE,345,191,10,34.5,180.63,India
624,296597,James Vince,CUT_SHOT_ON_BACK_FOOT,344,216,9,38.22,159.26,England
625,525992,Adam Hose,PULL_HOOK_ON_BACK_FOOT,344,157,11,31.27,219.11,England
626,604527,Nitish Rana,FLICK,344,318,9,38.22,108.18,India
627,747031,James Bracey,VERTICAL_FORWARD_ATTACK,344,284,14,24.57,121.13,England
628,297433,Jonny Bairstow,SLOG_SHOT,344,156,19,18.11,220.51,England
629,44932,Jean-Paul Duminy,ON_DRIVE,344,198,6,57.33,173.74,South Africa
630,256956,Laurie Evans,ON_DRIVE,344,220,7,49.14,156.36,England
631,337790,Rassie van der Dussen,PULL,343,175,8,42.88,196.0,South Africa
632,600498,Aiden Markram,PULL,343,145,13,26.38,236.55,South Africa
633,431901,Evin Lewis,FLICK,343,356,11,31.18,96.35,West Indies
634,417514,Ben Cox,PULL_HOOK_ON_BACK_FOOT,342,181,6,57.0,188.95,England
635,44932,Jean-Paul Duminy,FLICK,342,312,4,85.5,109.62,South Africa
636,326434,Alex Carey,COVER_DRIVE,342,203,13,26.31,168.47,Australia
637,279810,Wriddhiman Saha,FLICK,342,277,7,48.86,123.47,India
638,47850,Roelof van der Merwe,VERTICAL_FORWARD_ATTACK,342,240,16,21.38,142.5,Netherlands
639,379140,Devon Conway,ON_DRIVE,342,251,11,31.09,136.25,New Zealand
640,56025,Mahmudullah,ON_DRIVE,341,233,10,34.1,146.35,Bangladesh
641,348056,Kyle Mayers,COVER_DRIVE,341,219,10,34.1,155.71,West Indies
642,536936,Litton Das,ON_DRIVE,341,265,13,26.23,128.68,Bangladesh
643,232435,Calum MacLeod,VERTICAL_FORWARD_ATTACK,340,256,9,37.78,132.81,Scotland
644,53116,Lendl Simmons,SLOG_SHOT,340,154,17,20.0,220.78,West Indies
645,51439,Dwayne Bravo,FLICK,339,331,15,22.6,102.42,West Indies
646,425943,Sanju Samson,CUT_SHOT,338,225,12,28.17,150.22,India
647,398438,Mayank Agarwal,ON_DRIVE,338,211,16,21.12,160.19,India
648,714451,Shivam Dube,ON_DRIVE,338,210,11,30.73,160.95,India
649,355269,James Neesham,SLOG_SHOT,338,136,21,16.1,248.53,New Zealand
650,4823,Steven Crook,VERTICAL_FORWARD_ATTACK,338,268,16,21.12,126.12,Australia
651,604527,Nitish Rana,ON_DRIVE,337,204,7,48.14,165.2,India
652,436677,Soumya Sarkar,FLICK,337,309,13,25.92,109.06,Bangladesh
653,300628,Dinesh Chandimal,ON_DRIVE,337,266,10,33.7,126.69,Sri Lanka
654,23508,Riki Wessels,PULL_HOOK_ON_BACK_FOOT,337,193,11,30.64,174.61,England
655,297602,Jack Taylor,PULL_HOOK_ON_BACK_FOOT,337,173,7,48.14,194.8,England
656,347661,Luis Reece,PULL_HOOK_ON_BACK_FOOT,337,158,7,48.14,213.29,England
657,5961,Moises Henriques,COVER_DRIVE,336,245,6,56.0,137.14,Australia
658,28763,Gautam Gambhir,FLICK,336,258,8,42.0,130.23,India
659,34102,Rohit Sharma,STEERED,335,293,8,41.88,114.33,India
660,300073,Ned Eckersley,VERTICAL_FORWARD_ATTACK,335,282,13,25.77,118.79,England
661,233514,Thisara Perera,PULL,335,148,15,22.33,226.35,Sri Lanka
662,323389,Mohammad Rizwan,SWEEP_SHOT,334,205,5,66.8,162.93,Pakistan
663,364788,Ben Foakes,VERTICAL_FORWARD_ATTACK,334,292,14,23.86,114.38,England
664,56194,Tamim Iqbal,PULL,333,161,11,30.27,206.83,Bangladesh
665,512191,Fakhar Zaman,COVER_DRIVE,333,240,7,47.57,138.75,Pakistan
666,555850,Sam Hain,LEG_GLANCE,333,238,6,55.5,139.92,England
667,288617,Ross Whiteley,PULL_HOOK_ON_BACK_FOOT,333,201,20,16.65,165.67,England
668,342619,Bhanuka Rajapaksa,COVER_DRIVE,332,164,13,25.54,202.44,Sri Lanka
669,249866,Alex Hales,SLOG_SHOT,332,149,21,15.81,222.82,England
670,24598,Eoin Morgan,PULL,332,164,15,22.13,202.44,England
671,221140,David Wiese,ON_DRIVE,332,201,10,33.2,165.17,Namibia
672,28081,MS Dhoni,COVER_DRIVE,331,293,13,25.46,112.97,India
673,308967,Jos Buttler,STRAIGHT_DRIVE,331,98,5,66.2,337.76,England
674,44936,AB de Villiers,CUT_SHOT,331,219,4,82.75,151.14,South Africa
675,215155,Usman Khawaja,FLICK,330,281,9,36.67,117.44,Australia
676,51439,Dwayne Bravo,COVER_DRIVE,329,210,11,29.91,156.67,West Indies
677,571911,Joe Clarke,ON_DRIVE,329,205,7,47.0,160.49,England
678,55395,Colin de Grandhomme,VERTICAL_FORWARD_ATTACK,329,211,15,21.93,155.92,New Zealand
679,276298,Andre Russell,FLICK,329,263,5,65.8,125.1,West Indies
680,303427,Paul Stirling,COVER_DRIVE,329,173,7,47.0,190.17,Ireland
681,974087,Rahmanullah Gurbaz,FLICK,328,261,14,23.43,125.67,Afghanistan
682,226492,Martin Guptill,SLOG_SHOT,328,132,17,19.29,248.48,New Zealand
683,410316,Alex Hughes,VERTICAL_FORWARD_ATTACK,328,280,17,19.29,117.14,England
684,318845,Rilee Rossouw,SLOG_SHOT,327,160,31,10.55,204.38,South Africa
685,18632,Samit Patel,CUT_SHOT_ON_BACK_FOOT,327,219,3,109.0,149.32,England
686,517542,Paul Coughlin,VERTICAL_FORWARD_ATTACK,326,259,16,20.38,125.87,England
687,325026,Glenn Maxwell,VERTICAL_FORWARD_ATTACK,326,227,12,27.17,143.61,Australia
688,897549,Will Jacks,COVER_DRIVE,326,183,7,46.57,178.14,England
689,296597,James Vince,CUT_SHOT,326,254,14,23.29,128.35,England
690,308798,D'Arcy Short,CUT_SHOT,325,256,7,46.43,126.95,Australia
691,56029,Mushfiqur Rahim,PULL,325,170,7,46.43,191.18,Bangladesh
692,500268,Ashton Turner,FLICK,325,259,12,27.08,125.48,Australia
693,22559,Graham Wagg,VERTICAL_FORWARD_ATTACK,324,241,11,29.45,134.44,England
694,386774,Chris Cooke,PULL_HOOK_ON_BACK_FOOT,324,157,12,27.0,206.37,England
695,42657,Shoaib Malik,SLOG_SHOT,324,141,27,12.0,229.79,Pakistan
696,629058,Najmul Hossain Shanto,ON_DRIVE,324,226,4,81.0,143.36,Bangladesh
697,46543,Wayne Madsen,SWEEP,323,164,7,46.14,196.95,Italy
698,605575,Matthew Short,COVER_DRIVE,323,258,10,32.3,125.19,Australia
699,436677,Soumya Sarkar,PULL,323,166,11,29.36,194.58,Bangladesh
700,520551,Arron Lilley,CUT_SHOT_ON_BACK_FOOT,323,174,11,29.36,185.63,England
701,571761,Daniel Hughes,FLICK,323,254,8,40.38,127.17,Australia
702,37737,Brendon McCullum,COVER_DRIVE,323,206,10,32.3,156.8,New Zealand
703,1070168,Prithvi Shaw,FLICK,322,261,1,322.0,123.37,India
704,325012,Marcus Stoinis,STRAIGHT_DRIVE,322,110,6,53.67,292.73,Australia
705,510530,Jamie Overton,VERTICAL_FORWARD_ATTACK,321,191,15,21.4,168.06,England
706,662235,Josh Inglis,COVER_DRIVE,321,205,6,53.5,156.59,Australia
707,23508,Riki Wessels,LEG_GLANCE,321,203,6,53.5,158.13,England
708,46543,Wayne Madsen,PULL_HOOK_ON_BACK_FOOT,320,188,11,29.09,170.21,Italy
709,437316,Dasun Shanaka,PULL,320,185,9,35.56,172.97,Sri Lanka
710,6683,Shaun Marsh,PULL,319,173,8,39.88,184.39,Australia
711,820351,Rovman Powell,COVER_DRIVE,318,202,7,45.43,157.43,West Indies
712,37737,Brendon McCullum,FLICK,318,314,11,28.91,101.27,New Zealand
713,662973,Sam Curran,PULL,318,141,11,28.91,225.53,England
714,37737,Brendon McCullum,VERTICAL_FORWARD_ATTACK,317,188,12,26.42,168.62,New Zealand
715,1099224,Will Smeed,PULL_HOOK_ON_BACK_FOOT,317,134,16,19.81,236.57,England
716,23508,Riki Wessels,CUT_SHOT_ON_BACK_FOOT,317,227,7,45.29,139.65,England
717,37737,Brendon McCullum,CUT_SHOT,316,180,11,28.73,175.56,New Zealand
718,230558,Sunil Narine,SLOG_SHOT,316,210,40,7.9,150.48,West Indies
719,398438,Mayank Agarwal,COVER_DRIVE,316,185,9,35.11,170.81,India
720,1137262,Azam Khan,COVER_DRIVE,316,184,4,79.0,171.74,Pakistan
721,437316,Dasun Shanaka,SLOG_SHOT,316,134,20,15.8,235.82,Sri Lanka
722,290630,Manish Pandey,SLOG_SHOT,316,157,16,19.75,201.27,India
723,696241,Ricardo Vasconcelos,VERTICAL_FORWARD_ATTACK,315,280,8,39.38,112.5,South Africa
724,436757,Heinrich Klaasen,FLICK,315,231,2,157.5,136.36,South Africa
725,460079,Miles Hammond,PULL_HOOK_ON_BACK_FOOT,315,163,16,19.69,193.25,England
726,56143,Shakib Al Hasan,SLOG_SHOT,315,188,39,8.08,167.55,Bangladesh
727,959759,Finn Allen,PULL,315,143,7,45.0,220.28,New Zealand
728,28235,Shikhar Dhawan,SWEEP_SHOT,314,170,10,31.4,184.71,India
729,500268,Ashton Turner,ON_DRIVE,314,226,14,22.43,138.94,Australia
730,422108,KL Rahul,SLOG_SHOT,313,130,23,13.61,240.77,India
731,1151278,Yashasvi Jaiswal,CUT_SHOT,313,225,6,52.17,139.11,India
732,37004,James Franklin,VERTICAL_FORWARD_ATTACK,313,257,16,19.56,121.79,New Zealand
733,298438,Jason Roy,PULL_HOOK_ON_BACK_FOOT,313,147,8,39.12,212.93,England
734,56029,Mushfiqur Rahim,CUT_SHOT,312,276,8,39.0,113.04,Bangladesh
735,11745,Steven Croft,CUT_SHOT_ON_BACK_FOOT,312,263,7,44.57,118.63,England
736,436757,Heinrich Klaasen,COVER_DRIVE,312,210,9,34.67,148.57,South Africa
737,355269,James Neesham,FLICK,312,208,8,39.0,150.0,New Zealand
738,722303,Matt Renshaw,FLICK,311,259,13,23.92,120.08,Australia
739,56029,Mushfiqur Rahim,FLICK,311,314,8,38.88,99.04,Bangladesh
740,381743,Daryl Mitchell,PULL,311,173,10,31.1,179.77,New Zealand
741,10582,Ravi Bopara,PULL_HOOK_ON_BACK_FOOT,310,166,16,19.38,186.75,England
742,669365,Phil Salt,FLICK,310,262,17,18.24,118.32,England
743,251721,Adam Lyth,SWEEP,309,134,10,30.9,230.6,England
744,781285,Jake Weatherald,COVER_DRIVE,309,203,3,103.0,152.22,Australia
745,8917,Moeen Ali,SLOG_SHOT,309,156,32,9.66,198.08,England
746,670025,Shimron Hetmyer,CUT_SHOT,308,284,13,23.69,108.45,West Indies
747,422108,KL Rahul,SQUARE_DRIVE,308,197,3,102.67,156.35,India
748,530011,Travis Head,FLICK,308,226,5,61.6,136.28,Australia
749,497121,Deepak Hooda,COVER_DRIVE,308,190,7,44.0,162.11,India
750,557295,Hilton Cartwright,PULL,307,174,18,17.06,176.44,Australia
751,604527,Nitish Rana,CUT_SHOT,307,233,9,34.11,131.76,India
752,17185,Phil Mustard,VERTICAL_FORWARD_ATTACK,307,274,17,18.06,112.04,England
753,431901,Evin Lewis,SLOG_SHOT,307,152,31,9.9,201.97,West Indies
754,35582,Robin Uthappa,PULL,307,151,20,15.35,203.31,India
755,10582,Ravi Bopara,ON_DRIVE,307,216,7,43.86,142.13,England
756,24598,Eoin Morgan,COVER_DRIVE,306,191,12,25.5,160.21,England
757,446763,Rahul Tripathi,ON_DRIVE,306,209,15,20.4,146.41,India
758,8180,Shane Watson,CUT_SHOT,306,279,16,19.12,109.68,Australia
759,249866,Alex Hales,CUT_SHOT_ON_BACK_FOOT,306,178,6,51.0,171.91,England
760,6161,Michael Klinger,PULL_HOOK_ON_BACK_FOOT,306,158,10,30.6,193.67,Australia
761,230371,Ben Cutting,SLOG_SHOT,306,145,23,13.3,211.03,Australia
762,625371,Hardik Pandya,CUT_SHOT,305,217,13,23.46,140.55,India
763,299572,Sikandar Raza,COVER_DRIVE,305,202,8,38.12,150.99,Zimbabwe
764,571911,Joe Clarke,LEG_GLANCE,305,193,14,21.79,158.03,England
765,322810,Cameron Delport,PULL_HOOK_ON_BACK_FOOT,305,149,6,50.83,204.7,South Africa
766,297433,Jonny Bairstow,COVER_DRIVE,304,198,4,76.0,153.54,England
767,436677,Soumya Sarkar,COVER_DRIVE,304,202,9,33.78,150.5,Bangladesh
768,355269,James Neesham,PULL,304,157,10,30.4,193.63,New Zealand
769,5236,Callum Ferguson,FLICK,303,277,5,60.6,109.39,Australia
770,52917,Denesh Ramdin,FLICK,303,301,7,43.29,100.66,West Indies
771,233680,Jonathan Wells,FLICK,303,283,8,37.88,107.07,Australia
772,11724,Rikki Clarke,VERTICAL_FORWARD_ATTACK,303,265,13,23.31,114.34,England
773,11995,Wes Durston,VERTICAL_FORWARD_ATTACK,303,218,9,33.67,138.99,England
774,236489,Dawid Malan,SLOG_SHOT,303,134,17,17.82,226.12,England
775,226492,Martin Guptill,VERTICAL_FORWARD_ATTACK,302,212,10,30.2,142.45,New Zealand
776,256956,Laurie Evans,PULL,302,148,15,20.13,204.05,England
777,596417,Brydon Carse,VERTICAL_FORWARD_ATTACK,301,188,12,25.08,160.11,England
778,521170,Lewis McManus,VERTICAL_FORWARD_ATTACK,301,243,14,21.5,123.87,England
779,234675,Ravindra Jadeja,FLICK,300,283,9,33.33,106.01,India
780,256956,Laurie Evans,CUT_SHOT_ON_BACK_FOOT,300,198,5,60.0,151.52,England
781,1119026,Devdutt Padikkal,FLICK,300,241,8,37.5,124.48,India
782,279810,Wriddhiman Saha,COVER_DRIVE,299,215,7,42.71,139.07,India
783,44956,Grant Elliott,VERTICAL_FORWARD_ATTACK,299,252,8,37.38,118.65,New Zealand
784,303423,Andy Balbirnie,COVER_DRIVE,299,225,9,33.22,132.89,Ireland
785,28081,MS Dhoni,CUT_SHOT,298,240,6,49.67,124.17,India
786,444970,Jimmy Peirson,FLICK,298,256,9,33.11,116.41,Australia
787,51880,Chris Gayle,CUT_SHOT,298,191,10,29.8,156.02,West Indies
788,25913,Mohammad Nabi,CUT_SHOT,298,205,8,37.25,145.37,Afghanistan
789,277472,Darren Bravo,ON_DRIVE,298,165,11,27.09,180.61,West Indies
790,517249,Jack Leaning,PULL_HOOK_ON_BACK_FOOT,298,141,9,33.11,211.35,England
791,459754,Lewis Hill,VERTICAL_FORWARD_ATTACK,297,281,19,15.63,105.69,England
792,1088608,Max Bryant,ON_DRIVE,297,133,8,37.12,223.31,Australia
793,45705,Colin Ingram,PULL,297,158,17,17.47,187.97,South Africa
794,45705,Colin Ingram,CUT_SHOT_ON_BACK_FOOT,297,206,6,49.5,144.17,South Africa
795,457249,Carlos Brathwaite,ON_DRIVE,297,181,13,22.85,164.09,West Indies
796,232359,Colin Munro,SLOG_SWEEP,297,114,11,27.0,260.53,New Zealand
797,670035,Brandon King,SLOG_SHOT,297,144,14,21.21,206.25,West Indies
798,230193,Matthew Wade,SLOG_SHOT,297,142,24,12.38,209.15,Australia
799,44932,Jean-Paul Duminy,PULL,296,135,8,37.0,219.26,South Africa
800,53118,Dwayne Smith,FLICK,296,304,8,37.0,97.37,West Indies
801,629058,Najmul Hossain Shanto,FLICK,295,265,7,42.14,111.32,Bangladesh
802,398438,Mayank Agarwal,PULL,295,163,17,17.35,180.98,India
803,471342,Krunal Pandya,PULL,294,156,17,17.29,188.46,India
804,326434,Alex Carey,ON_DRIVE,294,233,17,17.29,126.18,Australia
805,524049,Najibullah Zadran,ON_DRIVE,293,177,10,29.3,165.54,Afghanistan
806,234675,Ravindra Jadeja,PULL,293,181,10,29.3,161.88,India
807,234675,Ravindra Jadeja,SLOG_SHOT,293,121,18,16.28,242.15,India
808,379774,Colin Ackermann,SWEEP,293,145,8,36.62,202.07,Netherlands
809,45705,Colin Ingram,FLICK,293,241,5,58.6,121.58,South Africa
810,437316,Dasun Shanaka,FLICK,292,288,12,24.33,101.39,Sri Lanka
811,311158,Ben Stokes,ON_DRIVE,292,212,14,20.86,137.74,England
812,571761,Daniel Hughes,COVER_DRIVE,292,222,6,48.67,131.53,Australia
813,232438,Gary Ballance,VERTICAL_FORWARD_ATTACK,291,213,12,24.25,136.62,Zimbabwe
814,337790,Rassie van der Dussen,SLOG_SHOT,291,113,15,19.4,257.52,South Africa
815,437316,Dasun Shanaka,COVER_DRIVE,291,182,10,29.1,159.89,Sri Lanka
816,629074,Kusal Mendis,ON_DRIVE,291,216,16,18.19,134.72,Sri Lanka
817,446763,Rahul Tripathi,PULL,291,162,9,32.33,179.63,India
818,232359,Colin Munro,STRAIGHT_DRIVE,290,106,3,96.67,273.58,New Zealand
819,662973,Sam Curran,ON_DRIVE,290,235,10,29.0,123.4,England
820,720471,Ishan Kishan,CUT_SHOT,289,219,8,36.12,131.96,India
821,37737,Brendon McCullum,SLOG_SHOT,289,130,20,14.45,222.31,New Zealand
822,233680,Jonathan Wells,PULL,289,191,9,32.11,151.31,Australia
823,914541,Sherfane Rutherford,ON_DRIVE,289,172,11,26.27,168.02,West Indies
824,1070183,Abhishek Sharma,PULL,289,104,10,28.9,277.88,India
825,277662,Corey Anderson,ON_DRIVE,288,188,12,24.0,153.19,United States of America
826,436757,Heinrich Klaasen,SLOG_SHOT,288,104,18,16.0,276.92,South Africa
827,480603,Iftikhar Ahmed,FLICK,288,261,5,57.6,110.34,Pakistan
828,49764,Angelo Mathews,ON_DRIVE,288,220,8,36.0,130.91,Sri Lanka
829,23506,Alex Wakely,PULL_HOOK_ON_BACK_FOOT,287,149,13,22.08,192.62,England
830,688141,Sean Dickson,VERTICAL_FORWARD_ATTACK,287,239,11,26.09,120.08,South Africa
831,45955,Heino Kuhn,VERTICAL_FORWARD_ATTACK,287,222,11,26.09,129.28,South Africa
832,333066,Johnson Charles,COVER_DRIVE,287,227,11,26.09,126.43,West Indies
833,914541,Sherfane Rutherford,COVER_DRIVE,287,177,12,23.92,162.15,West Indies
834,18048,Chris Nash,PULL_HOOK_ON_BACK_FOOT,286,124,6,47.67,230.65,England
835,748793,Joe Weatherley,SWEEP,286,158,15,19.07,181.01,England
836,670035,Brandon King,FLICK,286,327,13,22.0,87.46,West Indies
837,524049,Najibullah Zadran,PULL,285,145,10,28.5,196.55,Afghanistan
838,604302,Nicholas Pooran,SLOG_SWEEP,285,79,9,31.67,360.76,West Indies
839,1137262,Azam Khan,FLICK,285,252,10,28.5,113.1,Pakistan
840,480603,Iftikhar Ahmed,SLOG_SHOT,284,99,11,25.82,286.87,Pakistan
841,215155,Usman Khawaja,ON_DRIVE,284,175,6,47.33,162.29,Australia
842,256956,Laurie Evans,COVER_DRIVE,284,149,4,71.0,190.6,England
843,7502,Luke Ronchi,VERTICAL_FORWARD_ATTACK,284,183,11,25.82,155.19,New Zealand
844,388802,Tom Latham,VERTICAL_FORWARD_ATTACK,284,248,10,28.4,114.52,New Zealand
845,288992,Chris Jordan,VERTICAL_FORWARD_ATTACK,284,208,8,35.5,136.54,England
846,342619,Bhanuka Rajapaksa,FLICK,284,236,12,23.67,120.34,Sri Lanka
847,25913,Mohammad Nabi,SLOG_SHOT,283,152,33,8.58,186.18,Afghanistan
848,33141,Ambati Rayudu,FLICK,283,265,5,56.6,106.79,India
849,1070168,Prithvi Shaw,ON_DRIVE,282,170,11,25.64,165.88,India
850,437669,Jordan Silk,PULL,282,166,8,35.25,169.88,Australia
851,521637,Ben Duckett,REVERSE_SWEEP,282,125,13,21.69,225.6,England
852,914541,Sherfane Rutherford,FLICK,282,265,7,40.29,106.42,West Indies
853,446507,Suryakumar Yadav,SQUARE_DRIVE,282,133,2,141.0,212.03,India
854,43906,Hashim Amla,FLICK,282,224,10,28.2,125.89,South Africa
855,308967,Jos Buttler,LEG_GLANCE,282,147,1,282.0,191.84,England
856,33141,Ambati Rayudu,SLOG_SHOT,281,154,27,10.41,182.47,India
857,259410,Ahmed Shehzad,ON_DRIVE,281,176,10,28.1,159.66,Pakistan
858,1060380,Ruturaj Gaikwad,CUT_SHOT,281,196,4,70.25,143.37,India
859,4451,George Bailey,ON_DRIVE,281,198,16,17.56,141.92,Australia
860,990031,Towhid Hridoy,FLICK,281,253,6,46.83,111.07,Bangladesh
861,851403,Venkatesh Iyer,PULL,281,113,7,40.14,248.67,India
862,315586,Chadwick Walton,FLICK,281,276,13,21.62,101.81,West Indies
863,1241277,Muhammad Waseem,ON_DRIVE,280,187,9,31.11,149.73,United Arab Emirates
864,24609,Gary Wilson,VERTICAL_FORWARD_ATTACK,280,221,13,21.54,126.7,Ireland
865,516039,Alex Davies,PULL_HOOK_ON_BACK_FOOT,280,151,7,40.0,185.43,England
866,233901,Shan Masood,VERTICAL_FORWARD_ATTACK,280,229,7,40.0,122.27,Pakistan
867,425692,Billy Root,VERTICAL_FORWARD_ATTACK,279,263,12,23.25,106.08,England
868,32242,Parthiv Patel,FLICK,279,223,6,46.5,125.11,India
869,34102,Rohit Sharma,SWEEP_SHOT,279,117,9,31.0,238.46,India
870,631668,Stephen Eskinazi,CUT_SHOT_ON_BACK_FOOT,279,189,9,31.0,147.62,England
871,49764,Angelo Mathews,FLICK,278,220,6,46.33,126.36,Sri Lanka
872,233901,Shan Masood,ON_DRIVE,278,195,4,69.5,142.56,Pakistan
873,1151278,Yashasvi Jaiswal,ON_DRIVE,277,195,7,39.57,142.05,India
874,781285,Jake Weatherald,FLICK,277,242,6,46.17,114.46,Australia
875,253802,Virat Kohli,SQUARE_DRIVE,276,186,6,46.0,148.39,India
876,42657,Shoaib Malik,STEERED,276,254,5,55.2,108.66,Pakistan
877,571761,Daniel Hughes,PULL,276,148,12,23.0,186.49,Australia
878,581379,Shai Hope,PULL,276,140,13,21.23,197.14,West Indies
879,318845,Rilee Rossouw,PULL_HOOK_ON_BACK_FOOT,276,110,10,27.6,250.91,South Africa
880,227758,Imad Wasim,COVER_DRIVE,276,180,5,55.2,153.33,Pakistan
881,32498,Yusuf Pathan,ON_DRIVE,276,166,10,27.6,166.27,India
882,494581,Rahkeem Cornwall,PULL,275,108,7,39.29,254.63,West Indies
883,277662,Corey Anderson,VERTICAL_FORWARD_ATTACK,275,173,9,30.56,158.96,United States of America
884,1170265,Tilak Varma,ON_DRIVE,275,168,3,91.67,163.69,India
885,530011,Travis Head,COVER_DRIVE,275,187,5,55.0,147.06,Australia
886,46934,Alviro Petersen,VERTICAL_FORWARD_ATTACK,274,203,5,54.8,134.98,South Africa
887,297433,Jonny Bairstow,CUT_SHOT,274,272,5,54.8,100.74,England
888,227760,Sarfaraz Ahmed,PULL,273,166,5,54.6,164.46,Pakistan
889,253802,Virat Kohli,STRAIGHT_DRIVE,273,99,2,136.5,275.76,India
890,935995,Afif Hossain,COVER_DRIVE,273,191,10,27.3,142.93,Bangladesh
891,6683,Shaun Marsh,CUT_SHOT,273,194,4,68.25,140.72,Australia
892,784369,Avishka Fernando,ON_DRIVE,273,192,12,22.75,142.19,Sri Lanka
893,211748,Benny Howell,PULL_HOOK_ON_BACK_FOOT,273,130,10,27.3,210.0,England
894,24598,Eoin Morgan,CUT_SHOT,273,267,10,27.3,102.25,England
895,990081,Mohammad Naim,ON_DRIVE,272,217,5,54.4,125.35,Bangladesh
896,277906,Kane Williamson,VERTICAL_FORWARD_ATTACK,272,206,4,68.0,132.04,New Zealand
897,1170265,Tilak Varma,PULL,272,123,5,54.4,221.14,India
898,391832,Roston Chase,ON_DRIVE,272,187,5,54.4,145.45,West Indies
899,297628,Sam Billings,PULL_HOOK_ON_BACK_FOOT,272,156,8,34.0,174.36,England
900,30045,Dinesh Karthik,CUT_SHOT,271,193,8,33.88,140.41,India
901,922943,Shadab Khan,PULL,271,128,15,18.07,211.72,Pakistan
902,221140,David Wiese,PULL,271,133,12,22.58,203.76,Namibia
903,722303,Matt Renshaw,ON_DRIVE,271,189,9,30.11,143.39,Australia
904,277906,Kane Williamson,SLOG_SHOT,271,105,13,20.85,258.1,New Zealand
905,256956,Laurie Evans,LEG_GLANCE,270,186,10,27.0,145.16,England
906,897549,Will Jacks,PULL_HOOK_ON_BACK_FOOT,270,117,10,27.0,230.77,England
907,403902,Liam Livingstone,COVER_DRIVE,269,204,12,22.42,131.86,England
908,793463,Rashid Khan,PULL,269,159,24,11.21,169.18,Afghanistan
909,572198,Nick Gubbins,VERTICAL_FORWARD_ATTACK,269,230,20,13.45,116.96,England
910,326434,Alex Carey,CUT_SHOT,269,214,7,38.43,125.7,Australia
911,214265,Tom Westley,PULL_HOOK_ON_BACK_FOOT,268,166,11,24.36,161.45,England
912,24598,Eoin Morgan,SLOG_SHOT,268,122,22,12.18,219.67,England
913,521637,Ben Duckett,LEG_GLANCE,268,159,7,38.29,168.55,England
914,480603,Iftikhar Ahmed,COVER_DRIVE,268,198,7,38.29,135.35,Pakistan
915,269280,Reeza Hendricks,ON_DRIVE,268,214,8,33.5,125.23,South Africa
916,398438,Mayank Agarwal,FLICK,267,255,7,38.14,104.71,India
917,4451,George Bailey,VERTICAL_FORWARD_ATTACK,267,209,9,29.67,127.75,Australia
918,230371,Ben Cutting,FLICK,267,232,13,20.54,115.09,Australia
919,1161031,Saim Ayub,PULL,266,112,6,44.33,237.5,Pakistan
920,236489,Dawid Malan,CUT_SHOT,266,250,6,44.33,106.4,England
921,897549,Will Jacks,PULL,266,110,12,22.17,241.82,England
922,974087,Rahmanullah Gurbaz,SLOG_SHOT,265,125,26,10.19,212.0,Afghanistan
923,277916,Ajinkya Rahane,CUT_SHOT,265,182,7,37.86,145.6,India
924,297433,Jonny Bairstow,VERTICAL_FORWARD_ATTACK,265,208,6,44.17,127.4,England
925,34102,Rohit Sharma,SQUARE_DRIVE,265,165,3,88.33,160.61,India
926,629058,Najmul Hossain Shanto,PULL,265,153,10,26.5,173.2,Bangladesh
927,41028,Kamran Akmal,PULL,265,114,7,37.86,232.46,Pakistan
928,437669,Jordan Silk,FLICK,265,235,2,132.5,112.77,Australia
929,51880,Chris Gayle,STRAIGHT_DRIVE,265,79,2,132.5,335.44,West Indies
930,902907,Tom Lammonby,VERTICAL_FORWARD_ATTACK,264,214,10,26.4,123.36,England
931,8917,Moeen Ali,PULL_HOOK_ON_BACK_FOOT,264,103,6,44.0,256.31,England
932,1161031,Saim Ayub,FLICK,264,217,17,15.53,121.66,Pakistan
933,381743,Daryl Mitchell,FLICK,264,239,6,44.0,110.46,New Zealand
934,318845,Rilee Rossouw,CUT_SHOT,264,187,10,26.4,141.18,South Africa
935,1093092,Ben Mike,VERTICAL_FORWARD_ATTACK,264,171,9,29.33,154.39,England
936,477021,Vijay Shankar,ON_DRIVE,263,172,9,29.22,152.91,India
937,911707,Harry Brook,PULL_HOOK_ON_BACK_FOOT,263,125,7,37.57,210.4,England
938,571911,Joe Clarke,PULL,262,155,10,26.2,169.03,England
939,38699,Ross Taylor,FLICK,262,236,6,43.67,111.02,New Zealand
940,714451,Shivam Dube,SLOG_SHOT,262,104,12,21.83,251.92,India
941,297628,Sam Billings,SLOG_SHOT,261,108,15,17.4,241.67,England
942,570421,Will Rhodes,VERTICAL_FORWARD_ATTACK,261,228,16,16.31,114.47,England
943,662235,Josh Inglis,ON_DRIVE,261,183,9,29.0,142.62,Australia
944,1124282,Josh Philippe,COVER_DRIVE,261,168,7,37.29,155.36,Australia
945,18657,Mark Pettini,VERTICAL_FORWARD_ATTACK,261,229,12,21.75,113.97,England
946,497121,Deepak Hooda,FLICK,261,236,14,18.64,110.59,India
947,297628,Sam Billings,LEG_GLANCE,261,170,5,52.2,153.53,England
948,720471,Ishan Kishan,COVER_DRIVE,261,235,9,29.0,111.06,India
949,297498,Ian Cockbain,LEG_GLANCE,260,191,6,43.33,136.13,England
950,243944,Alex Blake,PULL_HOOK_ON_BACK_FOOT,260,119,10,26.0,218.49,England
951,38373,Jesse Ryder,VERTICAL_FORWARD_ATTACK,260,162,5,52.0,160.49,New Zealand
952,554691,Axar Patel,PULL,260,145,12,21.67,179.31,India
953,6683,Shaun Marsh,COVER_DRIVE,259,165,2,129.5,156.97,Australia
954,303669,Joe Root,VERTICAL_FORWARD_ATTACK,259,204,5,51.8,126.96,England
955,897549,Will Jacks,FLICK,259,209,8,32.38,123.92,England
956,764311,Nick Selman,VERTICAL_FORWARD_ATTACK,258,180,9,28.67,143.33,England
957,398778,Rory Burns,VERTICAL_FORWARD_ATTACK,258,226,10,25.8,114.16,England
958,425943,Sanju Samson,STEERED,258,195,5,51.6,132.31,India
959,4864,Dan Christian,ON_DRIVE,258,186,16,16.12,138.71,Australia
960,214265,Tom Westley,LEG_GLANCE,258,184,4,64.5,140.22,England
961,24598,Eoin Morgan,FLICK,258,222,7,36.86,116.22,England
962,7502,Luke Ronchi,ON_DRIVE,257,139,9,28.56,184.89,New Zealand
963,974087,Rahmanullah Gurbaz,COVER_DRIVE,257,173,15,17.13,148.55,Afghanistan
964,300628,Dinesh Chandimal,FLICK,256,238,8,32.0,107.56,Sri Lanka
965,46543,Wayne Madsen,LEG_GLANCE,256,183,7,36.57,139.89,Italy
966,296597,James Vince,SLOG_SHOT,256,119,20,12.8,215.13,England
967,935995,Afif Hossain,ON_DRIVE,256,208,10,25.6,123.08,Bangladesh
968,1137262,Azam Khan,SLOG_SHOT,256,112,26,9.85,228.57,Pakistan
969,215155,Usman Khawaja,COVER_DRIVE,256,188,8,32.0,136.17,Australia
970,571761,Daniel Hughes,ON_DRIVE,255,212,7,36.43,120.28,Australia
971,45705,Colin Ingram,CUT_SHOT,255,224,10,25.5,113.84,South Africa
972,1172968,Dan Mousley,VERTICAL_FORWARD_ATTACK,254,177,4,63.5,143.5,England
973,793457,Hazratullah Zazai,PULL,254,121,6,42.33,209.92,Afghanistan
974,334337,Peter Handscomb,VERTICAL_FORWARD_ATTACK,254,215,8,31.75,118.14,Australia
975,776695,Matt Critchley,PULL_HOOK_ON_BACK_FOOT,253,145,10,25.3,174.48,England
976,303427,Paul Stirling,PULL,253,121,12,21.08,209.09,Ireland
977,227760,Sarfaraz Ahmed,FLICK,253,214,8,31.62,118.22,Pakistan
978,500268,Ashton Turner,PULL,253,123,6,42.17,205.69,Australia
979,498585,David Bedingham,VERTICAL_FORWARD_ATTACK,253,198,5,50.6,127.78,South Africa
980,298438,Jason Roy,LEG_GLANCE,253,152,8,31.62,166.45,England
981,227758,Imad Wasim,SLOG_SHOT,253,139,22,11.5,182.01,Pakistan
982,233901,Shan Masood,PULL,252,130,2,126.0,193.85,Pakistan
983,501011,Cameron Bancroft,FLICK,252,250,5,50.4,100.8,Australia
984,391485,Jason Holder,SLOG_SHOT,252,139,27,9.33,181.29,West Indies
985,471342,Krunal Pandya,FLICK,252,223,11,22.91,113.0,India
986,525992,Adam Hose,CUT_SHOT_ON_BACK_FOOT,252,175,6,42.0,144.0,England
987,252833,Chesney Hughes,VERTICAL_FORWARD_ATTACK,252,228,14,18.0,110.53,England
988,373538,Sabbir Rahman,PULL,251,124,14,17.93,202.42,Bangladesh
989,1124283,Aaron Hardie,PULL,251,115,8,31.38,218.26,Australia
990,308967,Jos Buttler,REVERSE_SWEEP,251,174,5,50.2,144.25,England
991,403902,Liam Livingstone,LEG_GLANCE,251,185,7,35.86,135.68,England
992,641387,Max Holden,PULL_HOOK_ON_BACK_FOOT,249,123,8,31.12,202.44,England
993,866505,Feroze Khushi,VERTICAL_FORWARD_ATTACK,249,186,11,22.64,133.87,England
994,290630,Manish Pandey,CUT_SHOT,249,208,5,49.8,119.71,India
995,11770,Varun Chopra,PULL_HOOK_ON_BACK_FOOT,248,104,3,82.67,238.46,England
996,437669,Jordan Silk,CUT_SHOT,248,178,8,31.0,139.33,Australia
997,922943,Shadab Khan,ON_DRIVE,248,191,13,19.08,129.84,Pakistan
998,990081,Mohammad Naim,PULL,248,131,10,24.8,189.31,Bangladesh
999,1123428,Usman Khan,PULL,247,126,5,49.4,196.03,Pakistan
1000,1070183,Abhishek Sharma,COVER_DRIVE,247,135,6,41.17,182.96,India
1001,431901,Evin Lewis,CUT_SHOT,247,243,4,61.75,101.65,West Indies
1002,462727,Tom Abell,SWEEP,247,96,12,20.58,257.29,England
1003,24598,Eoin Morgan,PULL_HOOK_ON_BACK_FOOT,246,107,7,35.14,229.91,England
1004,362565,Craig Meschede,VERTICAL_FORWARD_ATTACK,246,160,10,24.6,153.75,Germany
1005,892749,Tim David,CUT_SHOT,246,198,10,24.6,124.24,Australia
1006,302269,Chris Dent,PULL_HOOK_ON_BACK_FOOT,246,118,6,41.0,208.47,England
1007,471202,Brett D'Oliveira,CUT_SHOT_ON_BACK_FOOT,246,169,9,27.33,145.56,England
1008,669365,Phil Salt,CUT_SHOT,246,171,8,30.75,143.86,England
1009,1107568,Joe Cracknell,PULL_HOOK_ON_BACK_FOOT,246,118,7,35.14,208.47,England
1010,299572,Sikandar Raza,ON_DRIVE,245,183,16,15.31,133.88,Zimbabwe
1011,303427,Paul Stirling,ON_DRIVE,245,181,15,16.33,135.36,Ireland
1012,4864,Dan Christian,COVER_DRIVE,245,145,6,40.83,168.97,Australia
1013,1079434,Riyan Parag,ON_DRIVE,244,174,9,27.11,140.23,India
1014,554691,Axar Patel,COVER_DRIVE,244,162,9,27.11,150.62,India
1015,897549,Will Jacks,LEG_GLANCE,244,135,5,48.8,180.74,England
1016,33141,Ambati Rayudu,CUT_SHOT,244,173,6,40.67,141.04,India
1017,517549,Michael Burgess,VERTICAL_FORWARD_ATTACK,244,231,15,16.27,105.63,England
1018,381329,Beau Webster,ON_DRIVE,244,183,6,40.67,133.33,Australia
1019,1170265,Tilak Varma,FLICK,243,204,4,60.75,119.12,India
1020,438563,Mark Chapman,PULL,243,123,6,40.5,197.56,New Zealand
1021,326434,Alex Carey,FLICK,243,253,8,30.38,96.05,Australia
1022,990031,Towhid Hridoy,PULL,242,117,6,40.33,206.84,Bangladesh
1023,388678,Ben Dunk,ON_DRIVE,242,163,8,30.25,148.47,Australia
1024,362201,Lewis Gregory,PULL_HOOK_ON_BACK_FOOT,242,122,16,15.12,198.36,England
1025,723105,Rinku Singh,PULL,242,121,8,30.25,200.0,India
1026,297628,Sam Billings,COVER_DRIVE,242,178,12,20.17,135.96,England
1027,784367,Charith Asalanka,FLICK,242,225,8,30.25,107.56,Sri Lanka
1028,642519,Shreyas Iyer,STEERED,241,204,5,48.2,118.14,India
1029,47660,Ryan ten Doeschate,PULL_HOOK_ON_BACK_FOOT,241,119,10,24.1,202.52,Netherlands
1030,681117,Faheem Ashraf,ON_DRIVE,241,145,12,20.08,166.21,Pakistan
1031,303427,Paul Stirling,LEG_GLANCE,241,131,4,60.25,183.97,Ireland
1032,1097408,Rob Yates,VERTICAL_FORWARD_ATTACK,240,198,9,26.67,121.21,England
1033,604527,Nitish Rana,SLOG_SHOT,240,91,10,24.0,263.74,India
1034,51880,Chris Gayle,VERTICAL_FORWARD_ATTACK,240,128,3,80.0,187.5,West Indies
1035,431901,Evin Lewis,STRAIGHT_DRIVE,240,75,4,60.0,320.0,West Indies
1036,262456,Dane Vilas,PULL_HOOK_ON_BACK_FOOT,240,135,10,24.0,177.78,South Africa
1037,308967,Jos Buttler,SQUARE_DRIVE,240,153,2,120.0,156.86,England
1038,265564,Wayne Parnell,VERTICAL_FORWARD_ATTACK,240,178,12,20.0,134.83,South Africa
1039,524049,Najibullah Zadran,FLICK,239,225,6,39.83,106.22,Afghanistan
1040,524049,Najibullah Zadran,COVER_DRIVE,239,155,6,39.83,154.19,Afghanistan
1041,629074,Kusal Mendis,CUT_SHOT,239,194,5,47.8,123.2,Sri Lanka
1042,419873,Mohammad Shahzad,ON_DRIVE,239,110,8,29.88,217.27,Afghanistan
1043,851403,Venkatesh Iyer,COVER_DRIVE,239,160,9,26.56,149.38,India
1044,297488,Matt Machan,VERTICAL_FORWARD_ATTACK,239,179,9,26.56,133.52,England
1045,269280,Reeza Hendricks,CUT_SHOT,239,149,5,47.8,160.4,South Africa
1046,922943,Shadab Khan,COVER_DRIVE,239,178,8,29.88,134.27,Pakistan
1047,446763,Rahul Tripathi,FLICK,238,195,3,79.33,122.05,India
1048,470633,Tom Kohler-Cadmore,CUT_SHOT_ON_BACK_FOOT,238,167,5,47.6,142.51,England
1049,55814,Brendan Taylor,VERTICAL_FORWARD_ATTACK,238,180,9,26.44,132.22,Zimbabwe
1050,603410,Ben McDermott,SLOG_SHOT,237,97,17,13.94,244.33,Australia
1051,311158,Ben Stokes,COVER_DRIVE,237,154,7,33.86,153.9,England
1052,227758,Imad Wasim,PULL,237,144,16,14.81,164.58,Pakistan
1053,251721,Adam Lyth,LEG_GLANCE,237,128,5,47.4,185.16,England
1054,595978,Tristan Stubbs,ON_DRIVE,237,133,4,59.25,178.2,South Africa
1055,467656,Tom Wells,VERTICAL_FORWARD_ATTACK,237,187,12,19.75,126.74,England
1056,823703,Rajat Patidar,ON_DRIVE,236,117,3,78.67,201.71,India
1057,781285,Jake Weatherald,CUT_SHOT,236,202,5,47.2,116.83,Australia
1058,784369,Avishka Fernando,COVER_DRIVE,236,152,4,59.0,155.26,Sri Lanka
1059,793463,Rashid Khan,SLOG_SHOT,236,158,30,7.87,149.37,Afghanistan
1060,56025,Mahmudullah,SLOG_SHOT,236,112,24,9.83,210.71,Bangladesh
1061,277906,Kane Williamson,STEERED,236,236,5,47.2,100.0,New Zealand
1062,437669,Jordan Silk,ON_DRIVE,235,177,5,47.0,132.77,Australia
1063,44936,AB de Villiers,SWEEP_SHOT,235,89,3,78.33,264.04,South Africa
1064,677077,Romario Shepherd,SLOG_SHOT,235,100,14,16.79,235.0,West Indies
1065,36084,Yuvraj Singh,PULL,235,112,13,18.08,209.82,India
1066,227758,Imad Wasim,CUT_SHOT,235,169,10,23.5,139.05,Pakistan
1067,276298,Andre Russell,SLOG_SWEEP,235,74,7,33.57,317.57,West Indies
1068,1028655,Pathum Nissanka,PULL,235,138,7,33.57,170.29,Sri Lanka
1069,233680,Jonathan Wells,COVER_DRIVE,235,185,6,39.17,127.03,Australia
1070,417514,Ben Cox,SWEEP,235,157,11,21.36,149.68,England
1071,677077,Romario Shepherd,PULL,235,101,5,47.0,232.67,West Indies
1072,233514,Thisara Perera,SLOG_SHOT,235,130,26,9.04,180.77,Sri Lanka
1073,33335,Suresh Raina,SLOG_SHOT,234,98,18,13.0,238.78,India
1074,1079434,Riyan Parag,PULL,234,96,12,19.5,243.75,India
1075,297628,Sam Billings,SWEEP,234,116,9,26.0,201.72,England
1076,877051,Tom Banton,PULL_HOOK_ON_BACK_FOOT,234,110,6,39.0,212.73,England
1077,5334,Aaron Finch,PULL_HOOK_ON_BACK_FOOT,234,107,6,39.0,218.69,Australia
1078,1096123,Luke Hollman,VERTICAL_FORWARD_ATTACK,234,163,10,23.4,143.56,England
1079,494581,Rahkeem Cornwall,ON_DRIVE,234,135,9,26.0,173.33,West Indies
1080,1181700,Tom Prest,VERTICAL_FORWARD_ATTACK,234,192,3,78.0,121.88,England
1081,437669,Jordan Silk,COVER_DRIVE,234,180,5,46.8,130.0,Australia
1082,784367,Charith Asalanka,PULL,233,117,4,58.25,199.15,Sri Lanka
1083,15348,James Hildreth,PULL_HOOK_ON_BACK_FOOT,233,123,11,21.18,189.43,England
1084,333624,Alex Ross,ON_DRIVE,232,130,8,29.0,178.46,Australia
1085,333066,Johnson Charles,SLOG_SWEEP,232,93,13,17.85,249.46,West Indies
1086,25913,Mohammad Nabi,VERTICAL_FORWARD_ATTACK,232,178,10,23.2,130.34,Afghanistan
1087,46148,Richard Levi,LEG_GLANCE,232,132,7,33.14,175.76,South Africa
1088,233514,Thisara Perera,COVER_DRIVE,231,154,9,25.67,150.0,Sri Lanka
1089,53115,Daren Sammy,ON_DRIVE,231,128,7,33.0,180.47,West Indies
1090,922943,Shadab Khan,CUT_SHOT,231,192,11,21.0,120.31,Pakistan
1091,826901,Daniel Sams,VERTICAL_FORWARD_ATTACK,231,143,9,25.67,161.54,Australia
1092,249866,Alex Hales,LEG_GLANCE,231,130,3,77.0,177.69,England
1093,7502,Luke Ronchi,PULL,231,104,7,33.0,222.12,New Zealand
1094,432960,Simon Harmer,VERTICAL_FORWARD_ATTACK,231,181,18,12.83,127.62,South Africa
1095,233901,Shan Masood,COVER_DRIVE,231,187,8,28.88,123.53,Pakistan
1096,470633,Tom Kohler-Cadmore,ON_DRIVE,231,142,10,23.1,162.68,England
1097,12454,Joe Denly,LEG_GLANCE,230,185,9,25.56,124.32,England
1098,974087,Rahmanullah Gurbaz,CUT_SHOT,230,159,8,28.75,144.65,Afghanistan
1099,990081,Mohammad Naim,CUT_SHOT,230,203,3,76.67,113.3,Bangladesh
1100,571911,Joe Clarke,FLICK,230,206,8,28.75,111.65,England
1101,325026,Glenn Maxwell,STRAIGHT_DRIVE,229,66,1,229.0,346.97,Australia
1102,311158,Ben Stokes,FLICK,229,209,9,25.44,109.57,England
1103,55395,Colin de Grandhomme,PULL,229,88,6,38.17,260.23,New Zealand
1104,662973,Sam Curran,FLICK,229,212,14,16.36,108.02,England
1105,259410,Ahmed Shehzad,FLICK,229,208,7,32.71,110.1,Pakistan
1106,315586,Chadwick Walton,COVER_DRIVE,228,181,13,17.54,125.97,West Indies
1107,470501,Graham Clark,CUT_SHOT_ON_BACK_FOOT,228,143,5,45.6,159.44,England
1108,300631,Kusal Perera,ON_DRIVE,228,161,9,25.33,141.61,Sri Lanka
1109,381002,Graeme van Buuren,VERTICAL_FORWARD_ATTACK,228,160,8,28.5,142.5,England
1110,1241277,Muhammad Waseem,COVER_DRIVE,227,121,6,37.83,187.6,United Arab Emirates
1111,851403,Venkatesh Iyer,ON_DRIVE,227,172,8,28.38,131.98,India
1112,17171,Gordon Muchall,VERTICAL_FORWARD_ATTACK,227,175,5,45.4,129.71,England
1113,51439,Dwayne Bravo,PULL,227,124,17,13.35,183.06,West Indies
1114,232359,Colin Munro,REVERSE_SWEEP,227,110,10,22.7,206.36,New Zealand
1115,669365,Phil Salt,LEG_GLANCE,227,142,6,37.83,159.86,England
1116,530011,Travis Head,CUT_SHOT,226,202,2,113.0,111.88,Australia
1117,1119026,Devdutt Padikkal,COVER_DRIVE,226,146,7,32.29,154.79,India
1118,277472,Darren Bravo,SLOG_SHOT,226,85,9,25.11,265.88,West Indies
1119,43906,Hashim Amla,ON_DRIVE,226,175,4,56.5,129.14,South Africa
1120,877051,Tom Banton,LEG_GLANCE,226,109,3,75.33,207.34,England
1121,379140,Devon Conway,CUT_SHOT,226,179,3,75.33,126.26,New Zealand
1122,766809,Jordan Thompson,VERTICAL_FORWARD_ATTACK,225,167,11,20.45,134.73,England
1123,46543,Wayne Madsen,REVERSE_SWEEP,225,102,7,32.14,220.59,Italy
1124,249866,Alex Hales,SLOG_SWEEP,224,74,14,16.0,302.7,England
1125,333624,Alex Ross,FLICK,224,183,3,74.67,122.4,Australia
1126,422108,KL Rahul,STEERED,224,199,5,44.8,112.56,India
1127,230558,Sunil Narine,FLICK,224,191,12,18.67,117.28,West Indies
1128,501011,Cameron Bancroft,VERTICAL_FORWARD_ATTACK,224,178,7,32.0,125.84,Australia
1129,521637,Ben Duckett,CUT_SHOT_ON_BACK_FOOT,224,153,5,44.8,146.41,England
1130,1241277,Muhammad Waseem,FLICK,224,164,6,37.33,136.59,United Arab Emirates
1131,256956,Laurie Evans,FLICK,224,186,8,28.0,120.43,England
1132,381329,Beau Webster,COVER_DRIVE,224,173,2,112.0,129.48,Australia
1133,1028655,Pathum Nissanka,ON_DRIVE,223,177,8,27.88,125.99,Sri Lanka
1134,391485,Jason Holder,FLICK,223,202,7,31.86,110.4,West Indies
1135,628240,Hussain Talat,FLICK,223,173,5,44.6,128.9,Pakistan
1136,388678,Ben Dunk,FLICK,223,206,6,37.17,108.25,Australia
1137,333624,Alex Ross,CUT_SHOT,223,192,8,27.88,116.15,Australia
1138,249866,Alex Hales,STRAIGHT_DRIVE,223,86,5,44.6,259.3,England
1139,670013,Fabian Allen,ON_DRIVE,222,106,9,24.67,209.43,West Indies
1140,760015,Ed Pollock,PULL_HOOK_ON_BACK_FOOT,222,94,7,31.71,236.17,England
1141,438563,Mark Chapman,ON_DRIVE,222,169,6,37.0,131.36,New Zealand
1142,784369,Avishka Fernando,FLICK,222,191,11,20.18,116.23,Sri Lanka
1143,990081,Mohammad Naim,FLICK,222,207,8,27.75,107.25,Bangladesh
1144,326637,Chris Lynn,STRAIGHT_DRIVE,222,82,4,55.5,270.73,Australia
1145,32242,Parthiv Patel,ON_DRIVE,222,157,9,24.67,141.4,India
1146,347661,Luis Reece,LEG_GLANCE,222,136,5,44.4,163.24,England
1147,911707,Harry Brook,ON_DRIVE,221,141,6,36.83,156.74,England
1148,471202,Brett D'Oliveira,LEG_GLANCE,221,158,16,13.81,139.87,England
1149,56194,Tamim Iqbal,CUT_SHOT,221,154,8,27.62,143.51,Bangladesh
1150,959759,Finn Allen,SLOG_SHOT,221,80,10,22.1,276.25,New Zealand
1151,1241277,Muhammad Waseem,PULL,221,93,6,36.83,237.63,United Arab Emirates
1152,43266,Sohaib Maqsood,COVER_DRIVE,221,114,1,221.0,193.86,Pakistan
1153,380354,Anamul Haque,FLICK,221,200,8,27.62,110.5,Bangladesh
1154,16406,Michael Lumb,VERTICAL_FORWARD_ATTACK,221,151,11,20.09,146.36,England
1155,37696,Hamish Marshall,VERTICAL_FORWARD_ATTACK,221,156,7,31.57,141.67,New Zealand
1156,471342,Krunal Pandya,COVER_DRIVE,220,136,6,36.67,161.76,India
1157,21577,Peter Trego,PULL_HOOK_ON_BACK_FOOT,219,132,9,24.33,165.91,England
1158,5236,Callum Ferguson,CUT_SHOT,219,152,4,54.75,144.08,Australia
1159,784369,Avishka Fernando,PULL,219,93,5,43.8,235.48,Sri Lanka
1160,477021,Vijay Shankar,FLICK,219,186,6,36.5,117.74,India
1161,425943,Sanju Samson,SLOG_SHOT,219,101,19,11.53,216.83,India
1162,417514,Ben Cox,LEG_GLANCE,219,154,13,16.85,142.21,England
1163,1137262,Azam Khan,CUT_SHOT,219,181,12,18.25,120.99,Pakistan
1164,669365,Phil Salt,SLOG_SHOT,219,110,14,15.64,199.09,England
1165,36084,Yuvraj Singh,ON_DRIVE,219,139,15,14.6,157.55,India
1166,398506,Mandeep Singh,PULL,219,107,6,36.5,204.67,India
1167,56025,Mahmudullah,CUT_SHOT,219,172,10,21.9,127.33,Bangladesh
1168,230558,Sunil Narine,CUT_SHOT,218,160,9,24.22,136.25,West Indies
1169,826901,Daniel Sams,PULL,218,100,15,14.53,218.0,Australia
1170,277916,Ajinkya Rahane,STEERED,218,187,4,54.5,116.58,India
1171,524049,Najibullah Zadran,CUT_SHOT,218,161,5,43.6,135.4,Afghanistan
1172,1112537,Jordan Cox,PULL_HOOK_ON_BACK_FOOT,218,112,6,36.33,194.64,England
1173,530011,Travis Head,SLOG_SHOT,218,92,13,16.77,236.96,Australia
1174,5961,Moises Henriques,CUT_SHOT,217,170,5,43.4,127.65,Australia
1175,51862,Andre Fletcher,STRAIGHT_DRIVE,217,83,4,54.25,261.45,West Indies
1176,33335,Suresh Raina,CUT_SHOT,217,159,6,36.17,136.48,India
1177,249866,Alex Hales,SWEEP,217,77,5,43.4,281.82,England
1178,1079434,Riyan Parag,FLICK,217,173,3,72.33,125.43,India
1179,32242,Parthiv Patel,PULL,217,125,10,21.7,173.6,India
1180,600498,Aiden Markram,SLOG_SHOT,217,95,14,15.5,228.42,South Africa
1181,398506,Mandeep Singh,ON_DRIVE,216,155,9,24.0,139.35,India
1182,221140,David Wiese,COVER_DRIVE,216,136,3,72.0,158.82,Namibia
1183,525992,Adam Hose,SWEEP,216,105,7,30.86,205.71,England
1184,477021,Vijay Shankar,PULL,215,95,9,23.89,226.32,India
1185,280734,Imrul Kayes,COVER_DRIVE,215,134,7,30.71,160.45,Bangladesh
1186,272450,Mitchell Marsh,SLOG_SHOT,215,103,16,13.44,208.74,Australia
1187,471342,Krunal Pandya,SLOG_SHOT,215,121,18,11.94,177.69,India
1188,604302,Nicholas Pooran,STRAIGHT_DRIVE,215,70,3,71.67,307.14,West Indies
1189,296597,James Vince,PUSH_SHOT,215,340,3,71.67,63.24,England
1190,300628,Dinesh Chandimal,COVER_DRIVE,215,156,8,26.88,137.82,Sri Lanka
1191,833087,Mahedi Hasan,COVER_DRIVE,215,112,4,53.75,191.96,Bangladesh
1192,554691,Axar Patel,FLICK,214,204,13,16.46,104.9,India
1193,277472,Darren Bravo,PULL,214,128,9,23.78,167.19,West Indies
1194,446507,Suryakumar Yadav,SLOG_SHOT,214,96,15,14.27,222.92,India
1195,45705,Colin Ingram,LEG_GLANCE,214,134,5,42.8,159.7,South Africa
1196,6161,Michael Klinger,CUT_SHOT_ON_BACK_FOOT,214,153,1,214.0,139.87,Australia
1197,1161031,Saim Ayub,ON_DRIVE,214,146,10,21.4,146.58,Pakistan
1198,303427,Paul Stirling,CUT_SHOT_ON_BACK_FOOT,214,117,7,30.57,182.91,Ireland
1199,409957,Ryan Pringle,VERTICAL_FORWARD_ATTACK,213,156,16,13.31,136.54,England
1200,901657,Harrison Ward,VERTICAL_FORWARD_ATTACK,213,153,9,23.67,139.22,England
1201,501011,Cameron Bancroft,PULL,213,127,3,71.0,167.72,Australia
1202,662973,Sam Curran,PULL_HOOK_ON_BACK_FOOT,213,104,17,12.53,204.81,England
1203,629058,Najmul Hossain Shanto,CUT_SHOT,213,165,5,42.6,129.09,Bangladesh
1204,18632,Samit Patel,PULL_HOOK_ON_BACK_FOOT,213,135,8,26.62,157.78,England
1205,882319,Harry Swindells,VERTICAL_FORWARD_ATTACK,213,180,8,26.62,118.33,England
1206,494581,Rahkeem Cornwall,SLOG_SHOT,213,95,10,21.3,224.21,West Indies
1207,524049,Najibullah Zadran,SLOG_SHOT,213,102,16,13.31,208.82,Afghanistan
1208,308798,D'Arcy Short,SLOG_SHOT,212,97,13,16.31,218.56,Australia
1209,388678,Ben Dunk,PULL,212,118,12,17.67,179.66,Australia
1210,233680,Jonathan Wells,ON_DRIVE,212,184,6,35.33,115.22,Australia
1211,772361,Sam Harper,PULL,212,100,9,23.56,212.0,Australia
1212,323389,Mohammad Rizwan,STEERED,212,172,2,106.0,123.26,Pakistan
1213,297498,Ian Cockbain,CUT_SHOT_ON_BACK_FOOT,212,137,9,23.56,154.74,England
1214,361700,David Lloyd,PULL_HOOK_ON_BACK_FOOT,212,111,7,30.29,190.99,England
1215,23508,Riki Wessels,SWEEP,211,77,9,23.44,274.03,England
1216,42657,Shoaib Malik,STRAIGHT_DRIVE,211,77,2,105.5,274.03,Pakistan
1217,897549,Will Jacks,CUT_SHOT,211,139,8,26.38,151.8,England
1218,299572,Sikandar Raza,FLICK,211,193,7,30.14,109.33,Zimbabwe
1219,337790,Rassie van der Dussen,COVER_DRIVE,210,176,5,42.0,119.32,South Africa
1220,230555,Shamarh Brooks,FLICK,210,163,8,26.25,128.83,West Indies
1221,662973,Sam Curran,CUT_SHOT,210,123,6,35.0,170.73,England
1222,55395,Colin de Grandhomme,ON_DRIVE,210,165,7,30.0,127.27,New Zealand
1223,1088608,Max Bryant,PULL,210,103,6,35.0,203.88,Australia
1224,20123,Owais Shah,VERTICAL_FORWARD_ATTACK,209,137,2,104.5,152.55,England
1225,1161031,Saim Ayub,COVER_DRIVE,209,136,3,69.67,153.68,Pakistan
1226,353899,Michael Richardson,VERTICAL_FORWARD_ATTACK,208,157,7,29.71,132.48,Germany
1227,326434,Alex Carey,PULL,208,119,8,26.0,174.79,Australia
1228,348148,Mohammad Nawaz,COVER_DRIVE,208,119,2,104.0,174.79,Pakistan
1229,554691,Axar Patel,SLOG_SHOT,208,114,23,9.04,182.46,India
1230,23460,Luke Wright,LEG_GLANCE,208,150,5,41.6,138.67,England
1231,793463,Rashid Khan,ON_DRIVE,208,137,18,11.56,151.82,Afghanistan
1232,303669,Joe Root,FLICK,208,192,9,23.11,108.33,England
1233,5236,Callum Ferguson,VERTICAL_FORWARD_ATTACK,208,175,6,34.67,118.86,Australia
1234,716733,Khushdil Shah,ON_DRIVE,208,154,7,29.71,135.06,Pakistan
1235,9062,Ian Bell,CUT_SHOT_ON_BACK_FOOT,207,145,5,41.4,142.76,England
1236,1151278,Yashasvi Jaiswal,FLICK,207,186,6,34.5,111.29,India
1237,298438,Jason Roy,REVERSE_SWEEP,207,121,7,29.57,171.07,England
1238,436757,Heinrich Klaasen,STRAIGHT_DRIVE,207,65,1,207.0,318.46,South Africa
1239,557295,Hilton Cartwright,COVER_DRIVE,207,186,5,41.4,111.29,Australia
1240,276298,Andre Russell,STRAIGHT_DRIVE,207,57,1,207.0,363.16,West Indies
1241,288992,Chris Jordan,PULL,207,100,10,20.7,207.0,England
1242,267192,Steven Smith,SLOG_SHOT,207,112,12,17.25,184.82,Australia
1243,10582,Ravi Bopara,LEG_GLANCE,207,157,6,34.5,131.85,England
1244,793463,Rashid Khan,CUT_SHOT,206,149,8,25.75,138.26,Afghanistan
1245,714451,Shivam Dube,COVER_DRIVE,206,143,4,51.5,144.06,India
1246,465793,Dhananjaya de Silva,ON_DRIVE,206,141,10,20.6,146.1,Sri Lanka
1247,526838,George Scott,VERTICAL_FORWARD_ATTACK,206,174,11,18.73,118.39,England
1248,512191,Fakhar Zaman,SLOG_SWEEP,206,75,9,22.89,274.67,Pakistan
1249,391485,Jason Holder,PULL,206,112,16,12.88,183.93,West Indies
1250,959825,Brooke Guest,VERTICAL_FORWARD_ATTACK,206,168,8,25.75,122.62,England
1251,299572,Sikandar Raza,CUT_SHOT,206,167,10,20.6,123.35,Zimbabwe
1252,398439,Karun Nair,ON_DRIVE,205,164,8,25.62,125.0,India
1253,236489,Dawid Malan,LEG_GLANCE,205,146,4,51.25,140.41,England
1254,35582,Robin Uthappa,COVER_DRIVE,205,160,10,20.5,128.12,India
1255,53118,Dwayne Smith,COVER_DRIVE,205,137,2,102.5,149.64,West Indies
1256,7502,Luke Ronchi,FLICK,204,119,5,40.8,171.43,New Zealand
1257,272450,Mitchell Marsh,CUT_SHOT,204,174,7,29.14,117.24,Australia
1258,333624,Alex Ross,PULL,204,131,5,40.8,155.73,Australia
1259,348056,Kyle Mayers,CUT_SHOT,204,180,6,34.0,113.33,West Indies
1260,373538,Sabbir Rahman,ON_DRIVE,203,127,9,22.56,159.84,Bangladesh
1261,562281,Aneurin Donald,PULL_HOOK_ON_BACK_FOOT,203,106,9,22.56,191.51,England
1262,381743,Daryl Mitchell,SLOG_SHOT,203,101,19,10.68,200.99,New Zealand
1263,381329,Beau Webster,FLICK,203,193,8,25.38,105.18,Australia
1264,300631,Kusal Perera,COVER_DRIVE,203,127,1,203.0,159.84,Sri Lanka
1265,246005,Sam Northeast,LEG_GLANCE,203,155,5,40.6,130.97,England
1266,665053,Zak Crawley,PULL_HOOK_ON_BACK_FOOT,203,104,9,22.56,195.19,England
1267,226492,Martin Guptill,STRAIGHT_DRIVE,203,74,2,101.5,274.32,New Zealand
1268,38699,Ross Taylor,VERTICAL_FORWARD_ATTACK,202,191,4,50.5,105.76,New Zealand
1269,373538,Sabbir Rahman,FLICK,202,197,7,28.86,102.54,Bangladesh
1270,348148,Mohammad Nawaz,PULL,202,109,12,16.83,185.32,Pakistan
1271,462727,Tom Abell,CUT_SHOT_ON_BACK_FOOT,202,151,5,40.4,133.77,England
1272,595978,Tristan Stubbs,PULL,202,109,7,28.86,185.32,South Africa
1273,885181,Dan Douthwaite,VERTICAL_FORWARD_ATTACK,202,136,13,15.54,148.53,England
1274,681117,Faheem Ashraf,PULL,202,127,18,11.22,159.06,Pakistan
1275,348056,Kyle Mayers,SLOG_SHOT,202,101,19,10.63,200.0,West Indies
1276,28235,Shikhar Dhawan,STEERED,202,171,5,40.4,118.13,India
1277,696145,Nick Welch,VERTICAL_FORWARD_ATTACK,201,167,9,22.33,120.36,Zimbabwe
1278,236489,Dawid Malan,CUT_SHOT_ON_BACK_FOOT,201,124,4,50.25,162.1,England
1279,914541,Sherfane Rutherford,SLOG_SHOT,201,103,13,15.46,195.15,West Indies
1280,1099224,Will Smeed,PULL,201,71,9,22.33,283.1,England
1281,1119026,Devdutt Padikkal,CUT_SHOT,201,165,5,40.2,121.82,India
1282,308408,Josh Cobb,LEG_GLANCE,201,143,1,201.0,140.56,England
1283,480603,Iftikhar Ahmed,CUT_SHOT,201,168,6,33.5,119.64,Pakistan
1284,662973,Sam Curran,COVER_DRIVE,201,152,6,33.5,132.24,England
1285,629074,Kusal Mendis,COVER_DRIVE,201,156,5,40.2,128.85,Sri Lanka
1286,43266,Sohaib Maqsood,PULL,200,87,6,33.33,229.89,Pakistan
1287,308294,Stuart Poynter,VERTICAL_FORWARD_ATTACK,200,154,4,50.0,129.87,Ireland
1288,4864,Dan Christian,FLICK,200,181,10,20.0,110.5,Australia
1289,440780,Keaton Jennings,PULL_HOOK_ON_BACK_FOOT,200,116,3,66.67,172.41,England
1290,234675,Ravindra Jadeja,CUT_SHOT,200,173,9,22.22,115.61,India
1291,566805,Tom Wood,VERTICAL_FORWARD_ATTACK,200,137,1,200.0,145.99,England
1292,237095,Murali Vijay,ON_DRIVE,200,146,9,22.22,136.99,India
1293,348144,Babar Azam,LEG_GLANCE,199,117,1,199.0,170.09,Pakistan
1294,398438,Mayank Agarwal,CUT_SHOT,199,155,6,33.17,128.39,India
1295,921509,Ibrahim Zadran,COVER_DRIVE,199,161,4,49.75,123.6,Afghanistan
1296,296597,James Vince,SWEEP,199,78,3,66.33,255.13,England
1297,249866,Alex Hales,STEERED,199,164,6,33.17,121.34,England
1298,642519,Shreyas Iyer,STRAIGHT_DRIVE,199,66,1,199.0,301.52,India
1299,465793,Dhananjaya de Silva,FLICK,199,182,9,22.11,109.34,Sri Lanka
1300,851403,Venkatesh Iyer,FLICK,199,178,2,99.5,111.8,India
1301,662235,Josh Inglis,VERTICAL_FORWARD_ATTACK,199,132,6,33.17,150.76,Australia
1302,530811,Chandrapaul Hemraj,PULL,199,90,10,19.9,221.11,West Indies
1303,43906,Hashim Amla,COVER_DRIVE,199,120,4,49.75,165.83,South Africa
1304,446763,Rahul Tripathi,CUT_SHOT,198,147,5,39.6,134.69,India
1305,604302,Nicholas Pooran,SQUARE_DRIVE,198,122,3,66.0,162.3,West Indies
1306,227760,Sarfaraz Ahmed,COVER_DRIVE,198,155,4,49.5,127.74,Pakistan
1307,355269,James Neesham,ON_DRIVE,198,121,4,49.5,163.64,New Zealand
1308,665053,Zak Crawley,LEG_GLANCE,197,127,3,65.67,155.12,England
1309,345821,Danushka Gunathilaka,ON_DRIVE,197,140,10,19.7,140.71,Sri Lanka
1310,787987,Marnus Labuschagne,VERTICAL_FORWARD_ATTACK,197,154,4,49.25,127.92,Australia
1311,870785,Will Fraine,VERTICAL_FORWARD_ATTACK,197,135,11,17.91,145.93,England
1312,1149157,Chris Benjamin,VERTICAL_FORWARD_ATTACK,197,134,7,28.14,147.01,England
1313,892749,Tim David,VERTICAL_FORWARD_ATTACK,197,117,10,19.7,168.38,Australia
1314,323389,Mohammad Rizwan,PUSH,197,384,3,65.67,51.3,Pakistan
1315,39028,Ashar Zaidi,VERTICAL_FORWARD_ATTACK,197,165,8,24.62,119.39,Pakistan
1316,677081,Keemo Paul,ON_DRIVE,197,118,11,17.91,166.95,West Indies
1317,298438,Jason Roy,STRAIGHT_DRIVE,197,89,1,197.0,221.35,England
1318,628240,Hussain Talat,ON_DRIVE,197,120,6,32.83,164.17,Pakistan
1319,11745,Steven Croft,LEG_GLANCE,196,126,4,49.0,155.56,England
1320,300628,Dinesh Chandimal,CUT_SHOT,196,158,5,39.2,124.05,Sri Lanka
1321,4864,Dan Christian,CUT_SHOT_ON_BACK_FOOT,196,118,8,24.5,166.1,Australia
1322,388802,Tom Latham,LEG_GLANCE,196,118,6,32.67,166.1,New Zealand
1323,555850,Sam Hain,FLICK,196,154,4,49.0,127.27,England
1324,625964,Tim Seifert,CUT_SHOT,195,181,11,17.73,107.73,New Zealand
1325,625371,Hardik Pandya,STRAIGHT_DRIVE,195,71,2,97.5,274.65,India
1326,391485,Jason Holder,COVER_DRIVE,195,160,14,13.93,121.88,West Indies
1327,641423,Dan Lawrence,CUT_SHOT_ON_BACK_FOOT,195,109,8,24.38,178.9,England
1328,698189,Wiaan Mulder,VERTICAL_FORWARD_ATTACK,195,146,7,27.86,133.56,South Africa
1329,4864,Dan Christian,PULL_HOOK_ON_BACK_FOOT,194,98,9,21.56,197.96,Australia
1330,348056,Kyle Mayers,FLICK,194,213,8,24.25,91.08,West Indies
1331,55608,Hamilton Masakadza,ON_DRIVE,194,132,7,27.71,146.97,Zimbabwe
1332,772361,Sam Harper,FLICK,194,181,11,17.64,107.18,Australia
1333,55395,Colin de Grandhomme,FLICK,194,177,10,19.4,109.6,New Zealand
1334,13983,Billy Godleman,PULL_HOOK_ON_BACK_FOOT,194,103,3,64.67,188.35,England
1335,826901,Daniel Sams,ON_DRIVE,194,139,14,13.86,139.57,Australia
1336,32498,Yusuf Pathan,PULL,194,107,6,32.33,181.31,India
1337,446507,Suryakumar Yadav,STEERED,194,139,7,27.71,139.57,India
1338,1070168,Prithvi Shaw,CUT_SHOT,193,120,10,19.3,160.83,India
1339,571911,Joe Clarke,COVER_DRIVE,193,126,4,48.25,153.17,England
1340,662235,Josh Inglis,CUT_SHOT,193,146,3,64.33,132.19,Australia
1341,793457,Hazratullah Zazai,CUT_SHOT,193,164,6,32.17,117.68,Afghanistan
1342,1042145,Harry Came,VERTICAL_FORWARD_ATTACK,193,154,6,32.17,125.32,England
1343,41434,Mohammad Hafeez,STEERED,193,177,4,48.25,109.04,Pakistan
1344,439952,Chris Morris,ON_DRIVE,193,143,14,13.79,134.97,South Africa
1345,5334,Aaron Finch,LEG_GLANCE,193,137,4,48.25,140.88,Australia
1346,1168049,Jake Fraser-McGurk,ON_DRIVE,193,113,9,21.44,170.8,Australia
1347,53116,Lendl Simmons,STRAIGHT_DRIVE,193,69,2,96.5,279.71,West Indies
1348,361700,David Lloyd,CUT_SHOT_ON_BACK_FOOT,193,133,5,38.6,145.11,England
1349,533870,Nick Larkin,CUT_SHOT,193,140,4,48.25,137.86,Australia
1350,470633,Tom Kohler-Cadmore,LEG_GLANCE,192,124,6,32.0,154.84,England
1351,52917,Denesh Ramdin,ON_DRIVE,192,159,10,19.2,120.75,West Indies
1352,525992,Adam Hose,LEG_GLANCE,192,132,5,38.4,145.45,England
1353,868843,Louis Kimber,VERTICAL_FORWARD_ATTACK,192,119,7,27.43,161.34,England
1354,230371,Ben Cutting,COVER_DRIVE,192,113,6,32.0,169.91,Australia
1355,227760,Sarfaraz Ahmed,ON_DRIVE,192,185,12,16.0,103.78,Pakistan
1356,211855,Liam Dawson,PULL_HOOK_ON_BACK_FOOT,192,105,8,24.0,182.86,England
1357,350126,Luke Wells,VERTICAL_FORWARD_ATTACK,192,125,7,27.43,153.6,England
1358,772361,Sam Harper,ON_DRIVE,192,151,6,32.0,127.15,Australia
1359,42639,Shahid Afridi,VERTICAL_FORWARD_ATTACK,192,123,7,27.43,156.1,Pakistan
1360,379774,Colin Ackermann,CUT_SHOT_ON_BACK_FOOT,191,139,5,38.2,137.41,Netherlands
1361,1205559,Mohammad Haris,PULL,191,74,3,63.67,258.11,Pakistan
1362,4864,Dan Christian,PULL,191,88,8,23.88,217.05,Australia
1363,848623,Mark Deyal,PULL,191,76,8,23.88,251.32,West Indies
1364,784367,Charith Asalanka,ON_DRIVE,191,96,4,47.75,198.96,Sri Lanka
1365,494230,Asif Ali,SLOG_SHOT,191,114,29,6.59,167.54,Pakistan
1366,465793,Dhananjaya de Silva,PULL,191,103,6,31.83,185.44,Sri Lanka
1367,333624,Alex Ross,COVER_DRIVE,191,132,5,38.2,144.7,Australia
1368,911707,Harry Brook,PULL,191,90,9,21.22,212.22,England
1369,911707,Harry Brook,COVER_DRIVE,191,103,3,63.67,185.44,England
1370,348148,Mohammad Nawaz,ON_DRIVE,191,152,11,17.36,125.66,Pakistan
1371,557295,Hilton Cartwright,CUT_SHOT,190,151,3,63.33,125.83,Australia
1372,1119026,Devdutt Padikkal,ON_DRIVE,190,124,5,38.0,153.23,India
1373,641423,Dan Lawrence,LEG_GLANCE,190,126,6,31.67,150.79,England
1374,5961,Moises Henriques,SLOG_SHOT,190,91,20,9.5,208.79,Australia
1375,379774,Colin Ackermann,PULL_HOOK_ON_BACK_FOOT,190,122,12,15.83,155.74,Netherlands
1376,12454,Joe Denly,ON_DRIVE,190,128,9,21.11,148.44,England
1377,17970,Daryl Mitchell,PULL_HOOK_ON_BACK_FOOT,190,115,6,31.67,165.22,England
1378,457249,Carlos Brathwaite,SLOG_SHOT,189,92,20,9.45,205.43,West Indies
1379,297628,Sam Billings,REVERSE_SWEEP,189,131,5,37.8,144.27,England
1380,557295,Hilton Cartwright,FLICK,189,190,9,21.0,99.47,Australia
1381,429754,Niroshan Dickwella,FLICK,189,143,9,21.0,132.17,Sri Lanka
1382,8917,Moeen Ali,LEG_GLANCE,189,108,4,47.25,175.0,England
1383,494230,Asif Ali,FLICK,189,170,11,17.18,111.18,Pakistan
1384,793463,Rashid Khan,FLICK,189,123,7,27.0,153.66,Afghanistan
1385,297602,Jack Taylor,CUT_SHOT_ON_BACK_FOOT,189,154,5,37.8,122.73,England
1386,571761,Daniel Hughes,CUT_SHOT,189,149,9,21.0,126.85,Australia
1387,1076713,Cameron Green,ON_DRIVE,189,138,6,31.5,136.96,Australia
1388,398438,Mayank Agarwal,STRAIGHT_DRIVE,189,49,5,37.8,385.71,India
1389,303423,Andy Balbirnie,PULL,188,74,4,47.0,254.05,Ireland
1390,826901,Daniel Sams,COVER_DRIVE,188,106,7,26.86,177.36,Australia
1391,625964,Tim Seifert,SLOG_SHOT,188,81,13,14.46,232.1,New Zealand
1392,311158,Ben Stokes,PULL,188,102,12,15.67,184.31,England
1393,41028,Kamran Akmal,CUT_SHOT,188,131,5,37.6,143.51,Pakistan
1394,1028655,Pathum Nissanka,COVER_DRIVE,187,143,6,31.17,130.77,Sri Lanka
1395,1070173,Shubman Gill,STRAIGHT_DRIVE,187,59,2,93.5,316.95,India
1396,720471,Ishan Kishan,SLOG_SWEEP,187,63,8,23.38,296.83,India
1397,436757,Heinrich Klaasen,CUT_SHOT,187,162,2,93.5,115.43,South Africa
1398,502714,Mitchell Santner,ON_DRIVE,187,120,5,37.4,155.83,New Zealand
1399,46270,Johann Myburgh,PULL_HOOK_ON_BACK_FOOT,187,84,5,37.4,222.62,South Africa
1400,342619,Bhanuka Rajapaksa,PULL,187,97,4,46.75,192.78,Sri Lanka
1401,49764,Angelo Mathews,PULL,187,114,8,23.38,164.04,Sri Lanka
1402,444970,Jimmy Peirson,ON_DRIVE,187,148,3,62.33,126.35,Australia
1403,221140,David Wiese,CUT_SHOT,187,135,7,26.71,138.52,Namibia
1404,28763,Gautam Gambhir,COVER_DRIVE,187,125,6,31.17,149.6,India
1405,877051,Tom Banton,FLICK,186,142,10,18.6,130.99,England
1406,438563,Mark Chapman,FLICK,186,157,2,93.0,118.47,New Zealand
1407,4818,Mark Cosgrove,PULL_HOOK_ON_BACK_FOOT,186,114,8,23.25,163.16,Australia
1408,30045,Dinesh Karthik,SLOG_SHOT,186,107,21,8.86,173.83,India
1409,325026,Glenn Maxwell,SQUARE_DRIVE,186,129,3,62.0,144.19,Australia
1410,451782,James Fuller,PULL_HOOK_ON_BACK_FOOT,186,108,12,15.5,172.22,England
1411,464626,Craig Overton,VERTICAL_FORWARD_ATTACK,186,135,8,23.25,137.78,England
1412,12454,Joe Denly,CUT_SHOT_ON_BACK_FOOT,186,132,6,31.0,140.91,England
1413,787073,Chris Green,VERTICAL_FORWARD_ATTACK,186,127,9,20.67,146.46,Australia
1414,793457,Hazratullah Zazai,FLICK,186,176,4,46.5,105.68,Afghanistan
1415,494230,Asif Ali,COVER_DRIVE,185,120,6,30.83,154.17,Pakistan
1416,714451,Shivam Dube,FLICK,185,188,3,61.67,98.4,India
1417,961407,Harry Tector,ON_DRIVE,185,159,8,23.12,116.35,Ireland
1418,52917,Denesh Ramdin,SLOG_SHOT,185,72,14,13.21,256.94,West Indies
1419,571911,Joe Clarke,CUT_SHOT_ON_BACK_FOOT,185,118,7,26.43,156.78,England
1420,935995,Afif Hossain,CUT_SHOT,185,154,4,46.25,120.13,Bangladesh
1421,641423,Dan Lawrence,PULL_HOOK_ON_BACK_FOOT,185,90,4,46.25,205.56,England
1422,823509,Glenn Phillips,PULL_HOOK_ON_BACK_FOOT,185,60,3,61.67,308.33,New Zealand
1423,256956,Laurie Evans,SWEEP,185,87,6,30.83,212.64,England
1424,781285,Jake Weatherald,ON_DRIVE,185,145,8,23.12,127.59,Australia
1425,403902,Liam Livingstone,CUT_SHOT,185,182,10,18.5,101.65,England
1426,1161031,Saim Ayub,CUT_SHOT,184,131,5,36.8,140.46,Pakistan
1427,28235,Shikhar Dhawan,SQUARE_DRIVE,184,137,2,92.0,134.31,India
1428,4451,George Bailey,FLICK,184,145,1,184.0,126.9,Australia
1429,303427,Paul Stirling,FLICK,184,177,9,20.44,103.95,Ireland
1430,1112537,Jordan Cox,ON_DRIVE,184,143,3,61.33,128.67,England
1431,308967,Jos Buttler,PUSH,184,347,5,36.8,53.03,England
1432,280734,Imrul Kayes,PULL,184,82,8,23.0,224.39,Bangladesh
1433,723105,Rinku Singh,ON_DRIVE,184,104,6,30.67,176.92,India
1434,1070665,Dewald Brevis,ON_DRIVE,184,96,11,16.73,191.67,South Africa
1435,716733,Khushdil Shah,SLOG_SHOT,184,88,17,10.82,209.09,Pakistan
1436,497121,Deepak Hooda,SLOG_SHOT,184,90,19,9.68,204.44,India
1437,345821,Danushka Gunathilaka,COVER_DRIVE,184,120,3,61.33,153.33,Sri Lanka
1438,219889,David Warner,REVERSE_SWEEP,184,79,7,26.29,232.91,Australia
1439,379774,Colin Ackermann,LEG_GLANCE,183,122,9,20.33,150.0,Netherlands
1440,716733,Khushdil Shah,PULL,183,86,8,22.88,212.79,Pakistan
1441,24289,Niall O'Brien,VERTICAL_FORWARD_ATTACK,183,138,3,61.0,132.61,Ireland
1442,249866,Alex Hales,SQUARE_DRIVE,183,110,3,61.0,166.36,England
1443,500268,Ashton Turner,VERTICAL_FORWARD_ATTACK,183,126,4,45.75,145.24,Australia
1444,425943,Sanju Samson,SQUARE_DRIVE,182,119,1,182.0,152.94,India
1445,990031,Towhid Hridoy,CUT_SHOT,182,144,5,36.4,126.39,Bangladesh
1446,348148,Mohammad Nawaz,FLICK,182,165,8,22.75,110.3,Pakistan
1447,34102,Rohit Sharma,STRAIGHT_DRIVE,182,61,3,60.67,298.36,India
1448,303427,Paul Stirling,CUT_SHOT,182,109,6,30.33,166.97,Ireland
1449,595739,Leus du Plooy,PULL_HOOK_ON_BACK_FOOT,182,112,7,26.0,162.5,England
1450,990031,Towhid Hridoy,ON_DRIVE,182,118,5,36.4,154.24,Bangladesh
1451,670013,Fabian Allen,PULL,181,87,14,12.93,208.05,West Indies
1452,4818,Mark Cosgrove,LEG_GLANCE,181,132,3,60.33,137.12,Australia
1453,342619,Bhanuka Rajapaksa,SLOG_SHOT,181,75,13,13.92,241.33,Sri Lanka
1454,1148593,Emilio Gay,VERTICAL_FORWARD_ATTACK,181,117,4,45.25,154.7,England
1455,1070183,Abhishek Sharma,ON_DRIVE,181,128,13,13.92,141.41,India
1456,909225,Paul Walter,LEG_GLANCE,181,135,3,60.33,134.07,England
1457,303423,Andy Balbirnie,FLICK,180,153,3,60.0,117.65,Ireland
1458,677081,Keemo Paul,PULL,180,107,8,22.5,168.22,West Indies
1459,909225,Paul Walter,PULL_HOOK_ON_BACK_FOOT,180,96,6,30.0,187.5,England
1460,422108,KL Rahul,STRAIGHT_DRIVE,180,74,1,180.0,243.24,India
1461,10582,Ravi Bopara,FLICK,180,165,7,25.71,109.09,England
1462,961407,Harry Tector,PULL,180,85,6,30.0,211.76,Ireland
1463,36084,Yuvraj Singh,FLICK,180,130,6,30.0,138.46,India
1464,267192,Steven Smith,SQUARE_DRIVE,180,127,3,60.0,141.73,Australia
1465,571102,Fynn Hudson-Prentice,VERTICAL_FORWARD_ATTACK,180,159,11,16.36,113.21,England
1466,961407,Harry Tector,FLICK,180,173,3,60.0,104.05,Ireland
1467,270484,James Faulkner,VERTICAL_FORWARD_ATTACK,180,164,10,18.0,109.76,Australia
1468,219889,David Warner,STEERED,180,156,3,60.0,115.38,Australia
1469,1168651,Haider Ali,CUT_SHOT,179,129,7,25.57,138.76,Pakistan
1470,495964,Ryan Burl,ON_DRIVE,179,127,3,59.67,140.94,Zimbabwe
1471,333780,Nic Maddinson,ON_DRIVE,179,132,3,59.67,135.61,Australia
1472,8917,Moeen Ali,CUT_SHOT,179,180,10,17.9,99.44,England
1473,270484,James Faulkner,FLICK,179,135,6,29.83,132.59,Australia
1474,793467,Karim Janat,ON_DRIVE,179,118,5,35.8,151.69,Afghanistan
1475,10582,Ravi Bopara,PULL,179,84,7,25.57,213.1,England
1476,10582,Ravi Bopara,CUT_SHOT_ON_BACK_FOOT,178,137,3,59.33,129.93,England
1477,326637,Chris Lynn,PULL_HOOK_ON_BACK_FOOT,178,84,8,22.25,211.9,Australia
1478,422108,KL Rahul,PUSH,178,332,4,44.5,53.61,India
1479,921509,Ibrahim Zadran,FLICK,178,145,3,59.33,122.76,Afghanistan
1480,990081,Mohammad Naim,COVER_DRIVE,178,199,8,22.25,89.45,Bangladesh
1481,425943,Sanju Samson,STRAIGHT_DRIVE,178,62,3,59.33,287.1,India
1482,457249,Carlos Brathwaite,FLICK,177,153,5,35.4,115.69,West Indies
1483,43906,Hashim Amla,VERTICAL_FORWARD_ATTACK,177,128,4,44.25,138.28,South Africa
1484,262456,Dane Vilas,SWEEP,177,85,4,44.25,208.24,South Africa
1485,629076,Sadeera Samarawickrama,FLICK,177,154,3,59.0,114.94,Sri Lanka
1486,517247,Jonathan Tattersall,VERTICAL_FORWARD_ATTACK,177,146,7,25.29,121.23,England
1487,444970,Jimmy Peirson,PULL,177,121,4,44.25,146.28,Australia
1488,55395,Colin de Grandhomme,COVER_DRIVE,176,122,11,16.0,144.26,New Zealand
1489,793463,Rashid Khan,COVER_DRIVE,176,116,10,17.6,151.72,Afghanistan
1490,216184,Neil Dexter,VERTICAL_FORWARD_ATTACK,176,160,9,19.56,110.0,England
1491,52917,Denesh Ramdin,PULL,176,115,7,25.14,153.04,West Indies
1492,28763,Gautam Gambhir,ON_DRIVE,176,138,1,176.0,127.54,India
1493,219889,David Warner,SQUARE_DRIVE,176,109,3,58.67,161.47,Australia
1494,55870,Sean Williams,ON_DRIVE,176,163,5,35.2,107.98,Zimbabwe
1495,766809,Jordan Thompson,PULL_HOOK_ON_BACK_FOOT,176,75,7,25.14,234.67,England
1496,386774,Chris Cooke,CUT_SHOT_ON_BACK_FOOT,175,128,3,58.33,136.72,England
1497,1170265,Tilak Varma,COVER_DRIVE,175,119,3,58.33,147.06,India
1498,6683,Shaun Marsh,VERTICAL_FORWARD_ATTACK,175,143,3,58.33,122.38,Australia
1499,1079434,Riyan Parag,COVER_DRIVE,175,99,2,87.5,176.77,India
1500,44932,Jean-Paul Duminy,COVER_DRIVE,175,137,6,29.17,127.74,South Africa
1501,631668,Stephen Eskinazi,LEG_GLANCE,175,103,4,43.75,169.9,England
1502,5236,Callum Ferguson,ON_DRIVE,175,141,5,35.0,124.11,Australia
1503,18048,Chris Nash,LEG_GLANCE,175,105,5,35.0,166.67,England
1504,1124283,Aaron Hardie,ON_DRIVE,175,121,7,25.0,144.63,Australia
1505,629058,Najmul Hossain Shanto,COVER_DRIVE,175,148,12,14.58,118.24,Bangladesh
1506,280490,JJ Smuts,ON_DRIVE,175,107,1,175.0,163.55,South Africa
1507,784367,Charith Asalanka,COVER_DRIVE,174,122,2,87.0,142.62,Sri Lanka
1508,629063,Mehidy Hasan Miraz,PULL,174,94,13,13.38,185.11,Bangladesh
1509,470501,Graham Clark,LEG_GLANCE,174,110,6,29.0,158.18,England
1510,505110,Kurtis Patterson,PULL,174,109,12,14.5,159.63,Australia
1511,28763,Gautam Gambhir,PULL,174,94,9,19.33,185.11,India
1512,826901,Daniel Sams,FLICK,174,150,10,17.4,116.0,Australia
1513,787073,Chris Green,ON_DRIVE,174,138,13,13.38,126.09,Australia
1514,707113,Tom Bruce,PULL,173,78,3,57.67,221.79,New Zealand
1515,755459,Ben Green,VERTICAL_FORWARD_ATTACK,173,157,9,19.22,110.19,England
1516,290716,Kedar Jadhav,FLICK,173,156,8,21.62,110.9,India
1517,381743,Daryl Mitchell,STRAIGHT_DRIVE,173,59,3,57.67,293.22,New Zealand
1518,501011,Cameron Bancroft,COVER_DRIVE,173,127,6,28.83,136.22,Australia
1519,290630,Manish Pandey,STEERED,173,140,1,173.0,123.57,India
1520,422108,KL Rahul,SWEEP_SHOT,173,81,5,34.6,213.58,India
1521,277662,Corey Anderson,PULL_HOOK_ON_BACK_FOOT,173,80,4,43.25,216.25,United States of America
1522,232361,Kieran Noema-Barnett,VERTICAL_FORWARD_ATTACK,173,134,11,15.73,129.1,New Zealand
1523,793457,Hazratullah Zazai,ON_DRIVE,173,95,5,34.6,182.11,Afghanistan
1524,877051,Tom Banton,ON_DRIVE,173,116,8,21.62,149.14,England
1525,237095,Murali Vijay,FLICK,172,143,5,34.4,120.28,India
1526,470633,Tom Kohler-Cadmore,PULL,172,82,8,21.5,209.76,England
1527,921509,Ibrahim Zadran,ON_DRIVE,172,158,8,21.5,108.86,Afghanistan
1528,12454,Joe Denly,COVER_DRIVE,172,143,3,57.33,120.28,England
1529,519544,Tom Taylor,VERTICAL_FORWARD_ATTACK,172,140,8,21.5,122.86,England
1530,308798,D'Arcy Short,PULL_HOOK_ON_BACK_FOOT,172,82,6,28.67,209.76,Australia
1531,347661,Luis Reece,CUT_SHOT_ON_BACK_FOOT,172,131,2,86.0,131.3,England
1532,300631,Kusal Perera,CUT_SHOT,171,121,3,57.0,141.32,Sri Lanka
1533,18632,Samit Patel,LEG_GLANCE,171,129,5,34.2,132.56,England
1534,21440,John Simpson,LEG_GLANCE,171,120,10,17.1,142.5,England
1535,253802,Virat Kohli,PUSH,171,312,4,42.75,54.81,India
1536,52917,Denesh Ramdin,CUT_SHOT,171,169,4,42.75,101.18,West Indies
1537,333780,Nic Maddinson,PULL,171,93,15,11.4,183.87,Australia
1538,262456,Dane Vilas,CUT_SHOT_ON_BACK_FOOT,171,142,6,28.5,120.42,South Africa
1539,793457,Hazratullah Zazai,SLOG_SHOT,171,84,17,10.06,203.57,Afghanistan
1540,422593,Daniel Bell-Drummond,SWEEP,171,80,12,14.25,213.75,England
1541,529045,Jake Libby,CUT_SHOT_ON_BACK_FOOT,171,130,1,171.0,131.54,England
1542,723105,Rinku Singh,COVER_DRIVE,170,89,1,170.0,191.01,India
1543,9062,Ian Bell,PULL_HOOK_ON_BACK_FOOT,170,95,8,21.25,178.95,England
1544,380354,Anamul Haque,PULL,170,68,5,34.0,250.0,Bangladesh
1545,460079,Miles Hammond,LEG_GLANCE,170,94,9,18.89,180.85,England
1546,277472,Darren Bravo,FLICK,169,183,5,33.8,92.35,West Indies
1547,4864,Dan Christian,LEG_GLANCE,169,94,2,84.5,179.79,Australia
1548,5334,Aaron Finch,STRAIGHT_DRIVE,169,68,2,84.5,248.53,Australia
1549,298438,Jason Roy,SWEEP_SHOT,169,78,3,56.33,216.67,England
1550,44828,Faf du Plessis,SQUARE_DRIVE,169,128,5,33.8,132.03,South Africa
1551,1070183,Abhishek Sharma,FLICK,169,145,5,33.8,116.55,India
1552,834741,Caleb Jewell,COVER_DRIVE,169,117,6,28.17,144.44,Australia
1553,308798,D'Arcy Short,STRAIGHT_DRIVE,169,77,5,33.8,219.48,Australia
1554,279810,Wriddhiman Saha,CUT_SHOT,169,138,7,24.14,122.46,India
1555,47660,Ryan ten Doeschate,LEG_GLANCE,169,125,6,28.17,135.2,Netherlands
1556,288617,Ross Whiteley,LEG_GLANCE,169,118,7,24.14,143.22,England
1557,269237,Mohammad Mithun,PULL,168,80,7,24.0,210.0,Bangladesh
1558,555850,Sam Hain,PUSH_SHOT,168,215,1,168.0,78.14,England
1559,721867,Jitesh Sharma,COVER_DRIVE,168,83,2,84.0,202.41,India
1560,4451,George Bailey,PULL,168,90,3,56.0,186.67,Australia
1561,32242,Parthiv Patel,CUT_SHOT,168,147,8,21.0,114.29,India
1562,1088608,Max Bryant,COVER_DRIVE,168,100,7,24.0,168.0,Australia
1563,410765,Nurul Hasan,PULL,168,97,12,14.0,173.2,Bangladesh
1564,1095900,Kashif Ali,VERTICAL_FORWARD_ATTACK,168,122,5,33.6,137.7,England
1565,470633,Tom Kohler-Cadmore,COVER_DRIVE,168,134,7,24.0,125.37,England
1566,30045,Dinesh Karthik,SWEEP_SHOT,168,85,7,24.0,197.65,India
1567,877051,Tom Banton,REVERSE_SWEEP,168,79,6,28.0,212.66,England
1568,297617,Adam Wheater,PULL_HOOK_ON_BACK_FOOT,167,100,7,23.86,167.0,England
1569,517249,Jack Leaning,LEG_GLANCE,167,126,5,33.4,132.54,England
1570,521637,Ben Duckett,PULL,167,91,7,23.86,183.52,England
1571,826901,Daniel Sams,SLOG_SHOT,167,91,22,7.59,183.52,Australia
1572,236489,Dawid Malan,REVERSE_SWEEP,167,96,4,41.75,173.96,England
1573,317273,Umar Akmal,ON_DRIVE,167,97,6,27.83,172.16,Pakistan
1574,318845,Rilee Rossouw,SLOG_SWEEP,166,56,7,23.71,296.43,South Africa
1575,308967,Jos Buttler,STEERED,166,124,1,166.0,133.87,England
1576,355269,James Neesham,PULL_HOOK_ON_BACK_FOOT,166,79,5,33.2,210.13,New Zealand
1577,49289,Mahela Jayawardene,VERTICAL_FORWARD_ATTACK,166,140,7,23.71,118.57,Sri Lanka
1578,629074,Kusal Mendis,SLOG_SHOT,166,80,13,12.77,207.5,Sri Lanka
1579,308251,David Willey,LEG_GLANCE,166,108,4,41.5,153.7,England
1580,1151288,Sai Sudharsan,FLICK,166,148,3,55.33,112.16,India
1581,28235,Shikhar Dhawan,SLOG_SWEEP,166,57,9,18.44,291.23,India
1582,961407,Harry Tector,COVER_DRIVE,166,130,5,33.2,127.69,Ireland
1583,236489,Dawid Malan,SLOG_SWEEP,166,54,9,18.44,307.41,England
1584,233514,Thisara Perera,FLICK,166,160,8,20.75,103.75,Sri Lanka
1585,221140,David Wiese,PULL_HOOK_ON_BACK_FOOT,166,99,4,41.5,167.68,Namibia
1586,348144,Babar Azam,SQUARE_DRIVE,165,124,1,165.0,133.06,Pakistan
1587,15348,James Hildreth,CUT_SHOT_ON_BACK_FOOT,165,114,6,27.5,144.74,England
1588,277906,Kane Williamson,SQUARE_DRIVE,165,101,2,82.5,163.37,New Zealand
1589,536936,Litton Das,STEERED,165,164,2,82.5,100.61,Bangladesh
1590,348034,George Dockrell,ON_DRIVE,165,112,14,11.79,147.32,Ireland
1591,1070173,Shubman Gill,SLOG_SHOT,165,84,16,10.31,196.43,India
1592,28235,Shikhar Dhawan,STRAIGHT_DRIVE,165,71,5,33.0,232.39,India
1593,630174,Delray Rawlins,PULL_HOOK_ON_BACK_FOOT,165,99,8,20.62,166.67,Bermuda
1594,603410,Ben McDermott,PULL_HOOK_ON_BACK_FOOT,165,66,7,23.57,250.0,Australia
1595,530811,Chandrapaul Hemraj,ON_DRIVE,165,89,3,55.0,185.39,West Indies
1596,232359,Colin Munro,PULL_HOOK_ON_BACK_FOOT,165,80,5,33.0,206.25,New Zealand
1597,246005,Sam Northeast,PUSH_SHOT,164,262,2,82.0,62.6,England
1598,922943,Shadab Khan,SLOG_SHOT,164,92,21,7.81,178.26,Pakistan
1599,303423,Andy Balbirnie,CUT_SHOT,164,134,7,23.43,122.39,Ireland
1600,595978,Tristan Stubbs,COVER_DRIVE,164,122,2,82.0,134.43,South Africa
1601,345821,Danushka Gunathilaka,PULL,164,79,7,23.43,207.59,Sri Lanka
1602,51862,Andre Fletcher,STEERED,164,185,3,54.67,88.65,West Indies
1603,465793,Dhananjaya de Silva,COVER_DRIVE,164,111,6,27.33,147.75,Sri Lanka
1604,911707,Harry Brook,FLICK,164,148,4,41.0,110.81,England
1605,310525,Chris Wood,VERTICAL_FORWARD_ATTACK,164,118,8,20.5,138.98,England
1606,922943,Shadab Khan,FLICK,163,149,7,23.29,109.4,Pakistan
1607,1168651,Haider Ali,ON_DRIVE,163,101,4,40.75,161.39,Pakistan
1608,1260386,Tawanda Muyeye,VERTICAL_FORWARD_ATTACK,163,111,6,27.17,146.85,England
1609,41028,Kamran Akmal,COVER_DRIVE,163,105,5,32.6,155.24,Pakistan
1610,391832,Roston Chase,FLICK,163,141,6,27.17,115.6,West Indies
1611,219889,David Warner,SLOG_SWEEP,163,49,6,27.17,332.65,Australia
1612,581379,Shai Hope,SLOG_SHOT,163,88,18,9.06,185.23,West Indies
1613,1076713,Cameron Green,COVER_DRIVE,163,107,2,81.5,152.34,Australia
1614,1088608,Max Bryant,FLICK,163,176,12,13.58,92.61,Australia
1615,662973,Sam Curran,SLOG_SHOT,163,92,19,8.58,177.17,England
1616,530812,Akeal Hosein,ON_DRIVE,162,107,10,16.2,151.4,West Indies
1617,1151288,Sai Sudharsan,PULL,162,92,2,81.0,176.09,India
1618,1205559,Mohammad Haris,FLICK,162,123,9,18.0,131.71,Pakistan
1619,438563,Mark Chapman,COVER_DRIVE,162,117,5,32.4,138.46,New Zealand
1620,537319,Kennar Lewis,SLOG_SHOT,162,61,10,16.2,265.57,West Indies
1621,747031,James Bracey,PULL_HOOK_ON_BACK_FOOT,161,105,9,17.89,153.33,England
1622,787073,Chris Green,COVER_DRIVE,161,116,10,16.1,138.79,Australia
1623,45705,Colin Ingram,SLOG_SHOT,161,69,16,10.06,233.33,South Africa
1624,457249,Carlos Brathwaite,PULL,161,86,16,10.06,187.21,West Indies
1625,457249,Carlos Brathwaite,COVER_DRIVE,161,105,5,32.2,153.33,West Indies
1626,521170,Lewis McManus,PULL_HOOK_ON_BACK_FOOT,161,93,15,10.73,173.12,England
1627,288992,Chris Jordan,ON_DRIVE,161,114,19,8.47,141.23,England
1628,772361,Sam Harper,COVER_DRIVE,161,97,7,23.0,165.98,Australia
1629,429754,Niroshan Dickwella,COVER_DRIVE,161,93,2,80.5,173.12,Sri Lanka
1630,510530,Jamie Overton,PULL_HOOK_ON_BACK_FOOT,161,65,8,20.12,247.69,England
1631,789729,Callum Parkinson,VERTICAL_FORWARD_ATTACK,161,143,12,13.42,112.59,England
1632,643433,George Garton,VERTICAL_FORWARD_ATTACK,161,111,6,26.83,145.05,England
1633,423838,Rahul Tewatia,PULL,161,104,10,16.1,154.81,India
1634,897549,Will Jacks,CUT_SHOT_ON_BACK_FOOT,160,102,3,53.33,156.86,England
1635,530011,Travis Head,VERTICAL_FORWARD_ATTACK,160,108,1,160.0,148.15,Australia
1636,55412,Craig Ervine,ON_DRIVE,160,130,6,26.67,123.08,Zimbabwe
1637,348148,Mohammad Nawaz,SLOG_SHOT,160,84,17,9.41,190.48,Pakistan
1638,19296,Kevin Pietersen,ON_DRIVE,160,101,4,40.0,158.42,England
1639,227760,Sarfaraz Ahmed,CUT_SHOT,160,135,5,32.0,118.52,Pakistan
1640,47660,Ryan ten Doeschate,CUT_SHOT_ON_BACK_FOOT,160,114,3,53.33,140.35,Netherlands
1641,233901,Shan Masood,CUT_SHOT,160,131,3,53.33,122.14,Pakistan
1642,494581,Rahkeem Cornwall,FLICK,160,134,6,26.67,119.4,West Indies
1643,269237,Mohammad Mithun,ON_DRIVE,159,115,6,26.5,138.26,Bangladesh
1644,326434,Alex Carey,SLOG_SHOT,159,74,13,12.23,214.86,Australia
1645,5334,Aaron Finch,STEERED,159,118,1,159.0,134.75,Australia
1646,677077,Romario Shepherd,ON_DRIVE,159,92,6,26.5,172.83,West Indies
1647,5236,Callum Ferguson,PULL,159,101,8,19.88,157.43,Australia
1648,32242,Parthiv Patel,COVER_DRIVE,159,118,6,26.5,134.75,India
1649,459761,Ben Raine,PULL_HOOK_ON_BACK_FOOT,159,83,7,22.71,191.57,England
1650,1099224,Will Smeed,LEG_GLANCE,159,70,2,79.5,227.14,England
1651,232359,Colin Munro,PUSH,159,271,3,53.0,58.67,New Zealand
1652,897549,Will Jacks,SLOG_SHOT,159,59,8,19.88,269.49,England
1653,8845,Tim Ambrose,VERTICAL_FORWARD_ATTACK,159,144,2,79.5,110.42,England
1654,17970,Daryl Mitchell,CUT_SHOT_ON_BACK_FOOT,158,142,7,22.57,111.27,England
1655,317273,Umar Akmal,PULL,158,60,3,52.67,263.33,Pakistan
1656,1168651,Haider Ali,PULL,158,94,10,15.8,168.09,Pakistan
1657,32498,Yusuf Pathan,FLICK,158,116,5,31.6,136.21,India
1658,398439,Karun Nair,COVER_DRIVE,158,109,6,26.33,144.95,India
1659,300631,Kusal Perera,SLOG_SHOT,158,83,17,9.29,190.36,Sri Lanka
1660,720471,Ishan Kishan,STRAIGHT_DRIVE,158,60,2,79.0,263.33,India
1661,56029,Mushfiqur Rahim,ON_DRIVE,158,144,3,52.67,109.72,Bangladesh
1662,303669,Joe Root,PULL,158,99,3,52.67,159.6,England
1663,380354,Anamul Haque,COVER_DRIVE,158,105,3,52.67,150.48,Bangladesh
1664,12454,Joe Denly,PUSH_SHOT,158,218,3,52.67,72.48,England
1665,629063,Mehidy Hasan Miraz,COVER_DRIVE,158,99,5,31.6,159.6,Bangladesh
1666,300617,Rony Talukdar,ON_DRIVE,157,107,4,39.25,146.73,Bangladesh
1667,234675,Ravindra Jadeja,COVER_DRIVE,157,130,3,52.33,120.77,India
1668,229954,Mark Stoneman,PULL_HOOK_ON_BACK_FOOT,157,73,8,19.62,215.07,England
1669,342619,Bhanuka Rajapaksa,ON_DRIVE,157,107,15,10.47,146.73,Sri Lanka
1670,436677,Soumya Sarkar,SLOG_SHOT,157,81,20,7.85,193.83,Bangladesh
1671,38699,Ross Taylor,SLOG_SHOT,157,85,10,15.7,184.71,New Zealand
1672,1255248,Jordan Hermann,PULL,157,72,2,78.5,218.06,South Africa
1673,381329,Beau Webster,PULL,156,73,7,22.29,213.7,Australia
1674,23513,Graeme White,VERTICAL_FORWARD_ATTACK,156,101,12,13.0,154.46,England
1675,550133,Mosaddek Hossain,COVER_DRIVE,156,104,5,31.2,150.0,Bangladesh
1676,11745,Steven Croft,SWEEP,156,101,6,26.0,154.46,England
1677,12454,Joe Denly,CUT_SHOT,156,94,3,52.0,165.96,England
1678,520551,Arron Lilley,LEG_GLANCE,156,102,4,39.0,152.94,England
1679,500268,Ashton Turner,SLOG_SHOT,156,65,11,14.18,240.0,Australia
1680,459754,Lewis Hill,PULL_HOOK_ON_BACK_FOOT,156,85,9,17.33,183.53,England
1681,520551,Arron Lilley,PULL_HOOK_ON_BACK_FOOT,156,69,8,19.5,226.09,England
1682,315586,Chadwick Walton,CUT_SHOT,156,115,2,78.0,135.65,West Indies
1683,720471,Ishan Kishan,STEERED,156,131,2,78.0,119.08,India
1684,333066,Johnson Charles,SWEEP_SHOT,156,79,2,78.0,197.47,West Indies
1685,334337,Peter Handscomb,PULL,155,80,7,22.14,193.75,Australia
1686,296597,James Vince,STRAIGHT_DRIVE,155,54,3,51.67,287.04,England
1687,550133,Mosaddek Hossain,ON_DRIVE,155,121,5,31.0,128.1,Bangladesh
1688,459754,Lewis Hill,SWEEP,155,95,12,12.92,163.16,England
1689,41028,Kamran Akmal,ON_DRIVE,155,107,4,38.75,144.86,Pakistan
1690,760015,Ed Pollock,CUT_SHOT_ON_BACK_FOOT,155,98,7,22.14,158.16,England
1691,333066,Johnson Charles,STRAIGHT_DRIVE,155,60,7,22.14,258.33,West Indies
1692,914623,Liam Trevaskis,VERTICAL_FORWARD_ATTACK,155,120,9,17.22,129.17,England
1693,877051,Tom Banton,PULL,154,78,8,19.25,197.44,England
1694,711559,Usman Ghani,FLICK,154,149,5,30.8,103.36,Afghanistan
1695,42657,Shoaib Malik,SQUARE_DRIVE,154,111,6,25.67,138.74,Pakistan
1696,288992,Chris Jordan,PULL_HOOK_ON_BACK_FOOT,154,71,12,12.83,216.9,England
1697,51439,Dwayne Bravo,SLOG_SHOT,154,96,26,5.92,160.42,West Indies
1698,269237,Mohammad Mithun,FLICK,154,140,6,25.67,110.0,Bangladesh
1699,288992,Chris Jordan,COVER_DRIVE,154,81,4,38.5,190.12,England
1700,277472,Darren Bravo,COVER_DRIVE,154,141,8,19.25,109.22,West Indies
1701,990031,Towhid Hridoy,COVER_DRIVE,154,97,6,25.67,158.76,Bangladesh
1702,348148,Mohammad Nawaz,CUT_SHOT,154,113,8,19.25,136.28,Pakistan
1703,38699,Ross Taylor,ON_DRIVE,153,112,5,30.6,136.61,New Zealand
1704,55395,Colin de Grandhomme,PULL_HOOK_ON_BACK_FOOT,153,63,4,38.25,242.86,New Zealand
1705,481875,George Linde,VERTICAL_FORWARD_ATTACK,153,90,6,25.5,170.0,South Africa
1706,51439,Dwayne Bravo,VERTICAL_FORWARD_ATTACK,153,114,9,17.0,134.21,West Indies
1707,788101,Tom Moores,LEG_GLANCE,153,103,5,30.6,148.54,England
1708,1123428,Usman Khan,CUT_SHOT,153,106,2,76.5,144.34,Pakistan
1709,379143,Quinton de Kock,SWEEP_SHOT,153,92,5,30.6,166.3,South Africa
1710,41434,Mohammad Hafeez,SLOG_SHOT,153,73,10,15.3,209.59,Pakistan
1711,388678,Ben Dunk,COVER_DRIVE,152,147,11,13.82,103.4,Australia
1712,10582,Ravi Bopara,PUSH_SHOT,152,211,2,76.0,72.04,England
1713,439952,Chris Morris,PULL,152,69,6,25.33,220.29,South Africa
1714,596371,Eddie Byrom,VERTICAL_FORWARD_ATTACK,152,127,10,15.2,119.69,Zimbabwe
1715,28763,Gautam Gambhir,CUT_SHOT,152,148,6,25.33,102.7,India
1716,820691,Odean Smith,ON_DRIVE,152,91,4,38.0,167.03,West Indies
1717,38699,Ross Taylor,PULL,152,81,3,50.67,187.65,New Zealand
1718,372116,Temba Bavuma,FLICK,152,137,2,76.0,110.95,South Africa
1719,227762,Sharjeel Khan,ON_DRIVE,152,93,7,21.71,163.44,Pakistan
1720,1095879,Jack Davies,VERTICAL_FORWARD_ATTACK,152,117,5,30.4,129.91,England
1721,28081,MS Dhoni,SQUARE_DRIVE,152,101,1,152.0,150.5,India
1722,959759,Finn Allen,FLICK,152,134,8,19.0,113.43,New Zealand
1723,56143,Shakib Al Hasan,STRAIGHT_DRIVE,152,75,2,76.0,202.67,Bangladesh
1724,43906,Hashim Amla,PULL,152,68,3,50.67,223.53,South Africa
1725,362201,Lewis Gregory,FLICK,152,114,3,50.67,133.33,England
1726,536936,Litton Das,SLOG_SWEEP,151,68,16,9.44,222.06,Bangladesh
1727,348144,Babar Azam,PUSH,151,298,8,18.88,50.67,Pakistan
1728,17986,Steven Mullaney,CUT_SHOT_ON_BACK_FOOT,151,95,2,75.5,158.95,England
1729,643197,Max O'Dowd,ON_DRIVE,151,104,4,37.75,145.19,Netherlands
1730,517249,Jack Leaning,SWEEP,151,54,5,30.2,279.63,England
1731,495964,Ryan Burl,FLICK,151,152,5,30.2,99.34,Zimbabwe
1732,998369,Ben Charlesworth,VERTICAL_FORWARD_ATTACK,151,82,3,50.33,184.15,England
1733,364788,Ben Foakes,PULL_HOOK_ON_BACK_FOOT,151,80,4,37.75,188.75,England
1734,604527,Nitish Rana,SWEEP_SHOT,151,91,5,30.2,165.93,India
1735,471342,Krunal Pandya,CUT_SHOT,151,126,2,75.5,119.84,India
1736,494230,Asif Ali,CUT_SHOT,150,120,8,18.75,125.0,Pakistan
1737,33141,Ambati Rayudu,STEERED,150,171,4,37.5,87.72,India
1738,4451,George Bailey,COVER_DRIVE,150,96,4,37.5,156.25,Australia
1739,722303,Matt Renshaw,PULL,150,82,7,21.43,182.93,Australia
1740,631668,Stephen Eskinazi,SWEEP,150,78,5,30.0,192.31,England
1741,669365,Phil Salt,STRAIGHT_DRIVE,150,66,5,30.0,227.27,England
1742,554691,Axar Patel,CUT_SHOT,150,111,6,25.0,135.14,India
1743,1223047,Josh Brown,FLICK,150,91,3,50.0,164.84,Australia
1744,670035,Brandon King,STRAIGHT_DRIVE,150,54,1,150.0,277.78,West Indies
1745,928057,Lorcan Tucker,ON_DRIVE,150,110,8,18.75,136.36,Ireland
1746,403902,Liam Livingstone,CUT_SHOT_ON_BACK_FOOT,150,122,4,37.5,122.95,England
1747,642519,Shreyas Iyer,SQUARE_DRIVE,150,94,2,75.0,159.57,India
1748,43266,Sohaib Maqsood,ON_DRIVE,150,121,8,18.75,123.97,Pakistan
1749,550133,Mosaddek Hossain,FLICK,150,152,5,30.0,98.68,Bangladesh
1750,45705,Colin Ingram,SWEEP,149,52,4,37.25,286.54,South Africa
1751,519082,Dom Sibley,PULL_HOOK_ON_BACK_FOOT,149,80,5,29.8,186.25,England
1752,462727,Tom Abell,PULL_HOOK_ON_BACK_FOOT,149,99,7,21.29,150.51,England
1753,462727,Tom Abell,REVERSE_SWEEP,149,83,8,18.62,179.52,England
1754,53118,Dwayne Smith,SLOG_SHOT,149,69,12,12.42,215.94,West Indies
1755,10582,Ravi Bopara,COVER_DRIVE,149,122,8,18.62,122.13,England
1756,512191,Fakhar Zaman,PUSH,149,218,4,37.25,68.35,Pakistan
1757,349853,Zafar Ansari,VERTICAL_FORWARD_ATTACK,149,95,3,49.67,156.84,England
1758,320652,Asghar Afghan,ON_DRIVE,149,103,7,21.29,144.66,Afghanistan
1759,1123428,Usman Khan,COVER_DRIVE,149,82,3,49.67,181.71,Pakistan
1760,772361,Sam Harper,CUT_SHOT,148,97,5,29.6,152.58,Australia
1761,288992,Chris Jordan,FLICK,148,132,11,13.45,112.12,England
1762,974087,Rahmanullah Gurbaz,STRAIGHT_DRIVE,148,44,4,37.0,336.36,Afghanistan
1763,311158,Ben Stokes,SLOG_SHOT,148,75,13,11.38,197.33,England
1764,696241,Ricardo Vasconcelos,CUT_SHOT_ON_BACK_FOOT,148,98,6,24.67,151.02,South Africa
1765,497121,Deepak Hooda,PULL,148,82,12,12.33,180.49,India
1766,784379,Wanindu Hasaranga de Silva,CUT_SHOT,148,105,4,37.0,140.95,Sri Lanka
1767,737833,Kiran Carlson,PULL_HOOK_ON_BACK_FOOT,148,68,7,21.14,217.65,England
1768,887207,Ollie Pope,PULL_HOOK_ON_BACK_FOOT,148,83,8,18.5,178.31,England
1769,362201,Lewis Gregory,ON_DRIVE,148,87,5,29.6,170.11,England
1770,677081,Keemo Paul,SLOG_SHOT,148,94,17,8.71,157.45,West Indies
1771,379143,Quinton de Kock,SQUARE_DRIVE,147,116,3,49.0,126.72,South Africa
1772,440780,Keaton Jennings,LEG_GLANCE,147,93,4,36.75,158.06,England
1773,325026,Glenn Maxwell,STEERED,147,120,1,147.0,122.5,Australia
1774,935995,Afif Hossain,SLOG_SWEEP,147,57,8,18.38,257.89,Bangladesh
1775,444970,Jimmy Peirson,CUT_SHOT,147,121,8,18.38,121.49,Australia
1776,1124283,Aaron Hardie,FLICK,147,149,2,73.5,98.66,Australia
1777,219889,David Warner,SWEEP_SHOT,147,80,4,36.75,183.75,Australia
1778,471202,Brett D'Oliveira,SWEEP,147,80,7,21.0,183.75,England
1779,12450,Steven Davies,PULL_HOOK_ON_BACK_FOOT,147,77,12,12.25,190.91,England
1780,321777,David Miller,STRAIGHT_DRIVE,147,61,3,49.0,240.98,South Africa
1781,458895,Andrew Salter,VERTICAL_FORWARD_ATTACK,147,137,14,10.5,107.3,England
1782,922943,Shadab Khan,VERTICAL_FORWARD_ATTACK,147,105,2,73.5,140.0,Pakistan
1783,45949,Rory Kleinveldt,VERTICAL_FORWARD_ATTACK,147,86,11,13.36,170.93,South Africa
1784,721867,Jitesh Sharma,ON_DRIVE,147,110,8,18.38,133.64,India
1785,262456,Dane Vilas,LEG_GLANCE,147,102,7,21.0,144.12,South Africa
1786,629059,Yasir Ali,ON_DRIVE,146,97,3,48.67,150.52,Bangladesh
1787,230193,Matthew Wade,REVERSE_SWEEP,146,91,4,36.5,160.44,Australia
1788,470633,Tom Kohler-Cadmore,PUSH_SHOT,146,235,3,48.67,62.13,England
1789,5236,Callum Ferguson,COVER_DRIVE,146,111,4,36.5,131.53,Australia
1790,820691,Odean Smith,SLOG_SHOT,146,96,13,11.23,152.08,West Indies
1791,437316,Dasun Shanaka,CUT_SHOT,146,121,4,36.5,120.66,Sri Lanka
1792,269237,Mohammad Mithun,CUT_SHOT,146,109,5,29.2,133.94,Bangladesh
1793,489889,Pat Cummins,SLOG_SHOT,146,75,11,13.27,194.67,Australia
1794,922941,Abdullah Shafique,FLICK,146,125,9,16.22,116.8,Pakistan
1795,494581,Rahkeem Cornwall,COVER_DRIVE,146,91,7,20.86,160.44,West Indies
1796,670013,Fabian Allen,COVER_DRIVE,146,87,6,24.33,167.82,West Indies
1797,303669,Joe Root,ON_DRIVE,146,115,2,73.0,126.96,England
1798,505110,Kurtis Patterson,COVER_DRIVE,146,102,5,29.2,143.14,Australia
1799,334337,Peter Handscomb,FLICK,145,144,3,48.33,100.69,Australia
1800,436677,Soumya Sarkar,CUT_SHOT,145,167,12,12.08,86.83,Bangladesh
1801,259410,Ahmed Shehzad,PULL,145,82,12,12.08,176.83,Pakistan
1802,318845,Rilee Rossouw,REVERSE_SWEEP,145,93,4,36.25,155.91,South Africa
1803,8180,Shane Watson,SWEEP_SHOT,145,76,5,29.0,190.79,Australia
1804,1112537,Jordan Cox,PULL,145,73,3,48.33,198.63,England
1805,595739,Leus du Plooy,COVER_DRIVE,145,88,6,24.17,164.77,England
1806,629063,Mehidy Hasan Miraz,ON_DRIVE,145,105,7,20.71,138.1,Bangladesh
1807,355266,Craig Cachopa,VERTICAL_FORWARD_ATTACK,145,119,7,20.71,121.85,New Zealand
1808,440780,Keaton Jennings,CUT_SHOT_ON_BACK_FOOT,145,128,2,72.5,113.28,England
1809,671805,George Munsey,FLICK,145,107,2,72.5,135.51,Scotland
1810,56143,Shakib Al Hasan,SLOG_SWEEP,145,56,10,14.5,258.93,Bangladesh
1811,311158,Ben Stokes,VERTICAL_FORWARD_ATTACK,145,130,2,72.5,111.54,England
1812,605575,Matthew Short,CUT_SHOT,144,95,4,36.0,151.58,Australia
1813,604302,Nicholas Pooran,STEERED,144,131,1,144.0,109.92,West Indies
1814,1094990,Lewis Goldsworthy,VERTICAL_FORWARD_ATTACK,144,104,6,24.0,138.46,England
1815,280734,Imrul Kayes,FLICK,144,140,1,144.0,102.86,Bangladesh
1816,500268,Ashton Turner,COVER_DRIVE,144,121,6,24.0,119.01,Australia
1817,391832,Roston Chase,PULL,144,76,6,24.0,189.47,West Indies
1818,219885,Tom Cooper,ON_DRIVE,144,140,10,14.4,102.86,Netherlands
1819,308798,D'Arcy Short,LEG_GLANCE,144,99,3,48.0,145.45,Australia
1820,1119026,Devdutt Padikkal,PULL,144,90,11,13.09,160.0,India
1821,826901,Daniel Sams,PULL_HOOK_ON_BACK_FOOT,144,51,1,144.0,282.35,Australia
1822,529045,Jake Libby,PULL_HOOK_ON_BACK_FOOT,144,84,6,24.0,171.43,England
1823,533870,Nick Larkin,COVER_DRIVE,144,102,1,144.0,141.18,Australia
1824,221140,David Wiese,FLICK,144,140,6,24.0,102.86,Namibia
1825,1124282,Josh Philippe,CUT_SHOT,144,117,8,18.0,123.08,Australia
1826,44828,Faf du Plessis,PUSH,144,276,11,13.09,52.17,South Africa
1827,55395,Colin de Grandhomme,LEG_GLANCE,144,88,5,28.8,163.64,New Zealand
1828,632173,Rob Jones,VERTICAL_FORWARD_ATTACK,144,122,2,72.0,118.03,England
1829,7502,Luke Ronchi,COVER_DRIVE,144,111,4,36.0,129.73,New Zealand
1830,1099224,Will Smeed,CUT_SHOT_ON_BACK_FOOT,144,102,3,48.0,141.18,England
1831,910695,Ben Curran,VERTICAL_FORWARD_ATTACK,143,110,6,23.83,130.0,Zimbabwe
1832,595267,Matthew Breetzke,ON_DRIVE,143,95,2,71.5,150.53,South Africa
1833,22280,Mark Wallace,VERTICAL_FORWARD_ATTACK,143,127,11,13.0,112.6,England
1834,902907,Tom Lammonby,PULL_HOOK_ON_BACK_FOOT,143,65,5,28.6,220.0,England
1835,1168651,Haider Ali,VERTICAL_FORWARD_ATTACK,143,100,3,47.67,143.0,Pakistan
1836,604302,Nicholas Pooran,PUSH,143,269,8,17.88,53.16,West Indies
1837,310519,Scott Borthwick,VERTICAL_FORWARD_ATTACK,143,125,3,47.67,114.4,England
1838,670013,Fabian Allen,SLOG_SHOT,143,77,13,11.0,185.71,West Indies
1839,56194,Tamim Iqbal,SLOG_SHOT,143,81,15,9.53,176.54,Bangladesh
1840,398439,Karun Nair,FLICK,143,133,7,20.43,107.52,India
1841,595739,Leus du Plooy,ON_DRIVE,143,86,3,47.67,166.28,England
1842,931581,Rishabh Pant,SLOG_SWEEP,143,61,9,15.89,234.43,India
1843,211855,Liam Dawson,CUT_SHOT_ON_BACK_FOOT,143,127,3,47.67,112.6,England
1844,15348,James Hildreth,LEG_GLANCE,143,111,7,20.43,128.83,England
1845,630174,Delray Rawlins,SWEEP,143,76,7,20.43,188.16,Bermuda
1846,629076,Sadeera Samarawickrama,CUT_SHOT,142,94,4,35.5,151.06,Sri Lanka
1847,5334,Aaron Finch,SWEEP_SHOT,142,86,9,15.78,165.12,Australia
1848,431901,Evin Lewis,SWEEP_SHOT,142,86,8,17.75,165.12,West Indies
1849,681117,Faheem Ashraf,FLICK,142,134,2,71.0,105.97,Pakistan
1850,46393,Ryan McLaren,VERTICAL_FORWARD_ATTACK,142,102,4,35.5,139.22,South Africa
1851,308251,David Willey,CUT_SHOT_ON_BACK_FOOT,142,82,1,142.0,173.17,England
1852,13533,Andrew Gale,VERTICAL_FORWARD_ATTACK,142,128,7,20.29,110.94,England
1853,35582,Robin Uthappa,STEERED,142,129,3,47.33,110.08,India
1854,784379,Wanindu Hasaranga de Silva,COVER_DRIVE,142,108,15,9.47,131.48,Sri Lanka
1855,379143,Quinton de Kock,PUSH,142,236,4,35.5,60.17,South Africa
1856,460756,Alex Lees,PULL_HOOK_ON_BACK_FOOT,142,91,5,28.4,156.04,England
1857,56194,Tamim Iqbal,STRAIGHT_DRIVE,141,51,2,70.5,276.47,Bangladesh
1858,30045,Dinesh Karthik,STEERED,141,116,1,141.0,121.55,India
1859,55412,Craig Ervine,FLICK,141,147,9,15.67,95.92,Zimbabwe
1860,232359,Colin Munro,SWEEP_SHOT,141,96,7,20.14,146.88,New Zealand
1861,230558,Sunil Narine,STRAIGHT_DRIVE,141,46,3,47.0,306.52,West Indies
1862,350629,Nizakat Khan,ON_DRIVE,141,95,4,35.25,148.42,Hong Kong
1863,539304,Babar Hayat,ON_DRIVE,141,95,3,47.0,148.42,Hong Kong
1864,298438,Jason Roy,CUT_SHOT_ON_BACK_FOOT,141,88,1,141.0,160.23,England
1865,315586,Chadwick Walton,STRAIGHT_DRIVE,141,46,2,70.5,306.52,West Indies
1866,781285,Jake Weatherald,SLOG_SHOT,141,50,10,14.1,282.0,Australia
1867,410765,Nurul Hasan,COVER_DRIVE,141,84,5,28.2,167.86,Bangladesh
1868,502714,Mitchell Santner,COVER_DRIVE,141,105,4,35.25,134.29,New Zealand
1869,721867,Jitesh Sharma,PULL,141,71,8,17.62,198.59,India
1870,1168651,Haider Ali,FLICK,141,139,9,15.67,101.44,Pakistan
1871,55870,Sean Williams,PULL,141,89,8,17.62,158.43,Zimbabwe
1872,410765,Nurul Hasan,ON_DRIVE,141,98,3,47.0,143.88,Bangladesh
1873,44410,Farhaan Behardien,ON_DRIVE,141,122,4,35.25,115.57,South Africa
1874,502714,Mitchell Santner,PULL,141,103,11,12.82,136.89,New Zealand
1875,555850,Sam Hain,SWEEP,141,63,4,35.25,223.81,England
1876,495964,Ryan Burl,PULL,140,90,3,46.67,155.56,Zimbabwe
1877,820351,Rovman Powell,CUT_SHOT,140,141,8,17.5,99.29,West Indies
1878,7502,Luke Ronchi,CUT_SHOT,140,86,6,23.33,162.79,New Zealand
1879,300628,Dinesh Chandimal,PULL,140,81,7,20.0,172.84,Sri Lanka
1880,707113,Tom Bruce,ON_DRIVE,140,117,4,35.0,119.66,New Zealand
1881,52983,Marlon Samuels,FLICK,140,129,2,70.0,108.53,West Indies
1882,256956,Laurie Evans,CUT_SHOT,140,124,5,28.0,112.9,England
1883,603410,Ben McDermott,CUT_SHOT,140,124,3,46.67,112.9,Australia
1884,221140,David Wiese,SLOG_SHOT,140,69,17,8.24,202.9,Namibia
1885,637970,Harry Dearden,VERTICAL_FORWARD_ATTACK,140,148,6,23.33,94.59,England
1886,8180,Shane Watson,STEERED,140,145,1,140.0,96.55,Australia
1887,35582,Robin Uthappa,SLOG_SHOT,140,67,11,12.73,208.96,India
1888,345821,Danushka Gunathilaka,FLICK,140,141,4,35.0,99.29,Sri Lanka
1889,823703,Rajat Patidar,PULL,139,53,5,27.8,262.26,India
1890,602155,Tom Alsop,PULL_HOOK_ON_BACK_FOOT,139,72,4,34.75,193.06,England
1891,696241,Ricardo Vasconcelos,PULL_HOOK_ON_BACK_FOOT,139,80,4,34.75,173.75,South Africa
1892,53118,Dwayne Smith,CUT_SHOT,139,111,8,17.38,125.23,West Indies
1893,219885,Tom Cooper,FLICK,139,155,8,17.38,89.68,Netherlands
1894,300617,Rony Talukdar,COVER_DRIVE,139,87,1,139.0,159.77,Bangladesh
1895,227760,Sarfaraz Ahmed,STEERED,139,95,2,69.5,146.32,Pakistan
1896,595739,Leus du Plooy,FLICK,139,121,2,69.5,114.88,England
1897,326632,Joe Burns,PULL,139,71,9,15.44,195.77,Italy
1898,1170265,Tilak Varma,CUT_SHOT,139,114,7,19.86,121.93,India
1899,318845,Rilee Rossouw,LEG_GLANCE,139,80,2,69.5,173.75,South Africa
1900,398506,Mandeep Singh,COVER_DRIVE,139,94,5,27.8,147.87,India
1901,595978,Tristan Stubbs,FLICK,138,95,3,46.0,145.26,South Africa
1902,681117,Faheem Ashraf,SLOG_SHOT,138,68,11,12.55,202.94,Pakistan
1903,25913,Mohammad Nabi,STRAIGHT_DRIVE,138,46,3,46.0,300.0,Afghanistan
1904,347661,Luis Reece,SWEEP,138,87,8,17.25,158.62,England
1905,362201,Lewis Gregory,COVER_DRIVE,138,98,8,17.25,140.82,England
1906,914541,Sherfane Rutherford,CUT_SHOT,138,111,3,46.0,124.32,West Indies
1907,227762,Sharjeel Khan,CUT_SHOT,138,110,5,27.6,125.45,Pakistan
1908,440780,Keaton Jennings,REVERSE_SWEEP,138,95,2,69.0,145.26,England
1909,1151288,Sai Sudharsan,ON_DRIVE,137,90,3,45.67,152.22,India
1910,398439,Karun Nair,PULL,137,73,6,22.83,187.67,India
1911,711559,Usman Ghani,PULL,137,75,3,45.67,182.67,Afghanistan
1912,12454,Joe Denly,FLICK,137,146,6,22.83,93.84,England
1913,56029,Mushfiqur Rahim,STEERED,137,144,3,45.67,95.14,Bangladesh
1914,517549,Michael Burgess,PULL_HOOK_ON_BACK_FOOT,137,91,7,19.57,150.55,England
1915,1123428,Usman Khan,FLICK,137,130,2,68.5,105.38,Pakistan
1916,1124282,Josh Philippe,SLOG_SHOT,137,76,16,8.56,180.26,Australia
1917,219885,Tom Cooper,PULL,137,72,6,22.83,190.28,Netherlands
1918,8917,Moeen Ali,SLOG_SWEEP,137,46,8,17.12,297.83,England
1919,227762,Sharjeel Khan,FLICK,137,113,6,22.83,121.24,Pakistan
1920,5334,Aaron Finch,PUSH,137,242,8,17.12,56.61,Australia
1921,53115,Daren Sammy,PULL,137,87,14,9.79,157.47,West Indies
1922,46788,Ashwell Prince,VERTICAL_FORWARD_ATTACK,137,110,3,45.67,124.55,South Africa
1923,18048,Chris Nash,CUT_SHOT_ON_BACK_FOOT,137,98,1,137.0,139.8,England
1924,229954,Mark Stoneman,LEG_GLANCE,137,98,4,34.25,139.8,England
1925,748793,Joe Weatherley,PULL_HOOK_ON_BACK_FOOT,137,81,8,17.12,169.14,England
1926,232359,Colin Munro,STEERED,137,151,4,34.25,90.73,New Zealand
1927,227758,Imad Wasim,STRAIGHT_DRIVE,137,57,2,68.5,240.35,Pakistan
1928,299572,Sikandar Raza,SLOG_SHOT,137,82,14,9.79,167.07,Zimbabwe
1929,226492,Martin Guptill,LEG_GLANCE,136,82,3,45.33,165.85,New Zealand
1930,277390,Pieter Malan,VERTICAL_FORWARD_ATTACK,136,108,3,45.33,125.93,South Africa
1931,55414,Sean Ervine,VERTICAL_FORWARD_ATTACK,136,118,9,15.11,115.25,Zimbabwe
1932,302269,Chris Dent,CUT_SHOT_ON_BACK_FOOT,136,96,2,68.0,141.67,England
1933,1241277,Muhammad Waseem,SLOG_SHOT,136,61,5,27.2,222.95,United Arab Emirates
1934,379143,Quinton de Kock,REVERSE_SWEEP,136,103,6,22.67,132.04,South Africa
1935,572199,Ryan Higgins,SWEEP,136,47,2,68.0,289.36,England
1936,784379,Wanindu Hasaranga de Silva,ON_DRIVE,136,90,9,15.11,151.11,Sri Lanka
1937,628240,Hussain Talat,COVER_DRIVE,136,109,6,22.67,124.77,Pakistan
1938,823509,Glenn Phillips,STRAIGHT_DRIVE,136,65,3,45.33,209.23,New Zealand
1939,50710,Kumar Sangakkara,ON_DRIVE,135,100,5,27.0,135.0,Sri Lanka
1940,571911,Joe Clarke,CUT_SHOT,135,92,4,33.75,146.74,England
1941,230555,Shamarh Brooks,ON_DRIVE,135,100,7,19.29,135.0,West Indies
1942,723105,Rinku Singh,SLOG_SHOT,135,56,7,19.29,241.07,India
1943,303423,Andy Balbirnie,VERTICAL_FORWARD_ATTACK,135,98,5,27.0,137.76,Ireland
1944,379140,Devon Conway,VERTICAL_FORWARD_ATTACK,135,111,2,67.5,121.62,New Zealand
1945,537319,Kennar Lewis,ON_DRIVE,135,70,8,16.88,192.86,West Indies
1946,228622,John Hastings,VERTICAL_FORWARD_ATTACK,135,80,6,22.5,168.75,Australia
1947,642519,Shreyas Iyer,PUSH,135,252,3,45.0,53.57,India
1948,280490,JJ Smuts,PULL,135,91,7,19.29,148.35,South Africa
1949,55870,Sean Williams,FLICK,135,127,6,22.5,106.3,Zimbabwe
1950,1097408,Rob Yates,PULL_HOOK_ON_BACK_FOOT,135,55,6,22.5,245.45,England
1951,321777,David Miller,SWEEP_SHOT,135,89,7,19.29,151.69,South Africa
1952,959759,Finn Allen,PULL_HOOK_ON_BACK_FOOT,135,66,4,33.75,204.55,New Zealand
1953,233514,Thisara Perera,CUT_SHOT,135,113,6,22.5,119.47,Sri Lanka
1954,887207,Ollie Pope,CUT_SHOT_ON_BACK_FOOT,135,100,1,135.0,135.0,England
1955,459754,Lewis Hill,CUT_SHOT_ON_BACK_FOOT,135,136,3,45.0,99.26,England
1956,5334,Aaron Finch,CUT_SHOT_ON_BACK_FOOT,135,91,4,33.75,148.35,Australia
1957,959759,Finn Allen,VERTICAL_FORWARD_ATTACK,135,109,7,19.29,123.85,New Zealand
1958,55395,Colin de Grandhomme,SLOG_SHOT,135,51,7,19.29,264.71,New Zealand
1959,1107572,Tom Clark,VERTICAL_FORWARD_ATTACK,134,75,6,22.33,178.67,England
1960,935995,Afif Hossain,STEERED,134,131,3,44.67,102.29,Bangladesh
1961,716733,Khushdil Shah,COVER_DRIVE,134,78,5,26.8,171.79,Pakistan
1962,1097408,Rob Yates,CUT_SHOT_ON_BACK_FOOT,134,83,4,33.5,161.45,England
1963,362201,Lewis Gregory,PULL,134,76,5,26.8,176.32,England
1964,1205559,Mohammad Haris,COVER_DRIVE,134,92,2,67.0,145.65,Pakistan
1965,1028655,Pathum Nissanka,CUT_SHOT,134,139,6,22.33,96.4,Sri Lanka
1966,5961,Moises Henriques,VERTICAL_FORWARD_ATTACK,134,122,3,44.67,109.84,Australia
1967,501011,Cameron Bancroft,CUT_SHOT,134,99,3,44.67,135.35,Australia
1968,221140,David Wiese,CUT_SHOT_ON_BACK_FOOT,134,99,3,44.67,135.35,Namibia
1969,505120,Ashton Agar,ON_DRIVE,134,95,8,16.75,141.05,Australia
1970,931581,Rishabh Pant,SWEEP_SHOT,134,87,5,26.8,154.02,India
1971,353429,Shiv Thakor,VERTICAL_FORWARD_ATTACK,134,91,8,16.75,147.25,England
1972,438563,Mark Chapman,SLOG_SHOT,134,56,10,13.4,239.29,New Zealand
1973,326637,Chris Lynn,SWEEP_SHOT,134,86,6,22.33,155.81,Australia
1974,525992,Adam Hose,PULL,134,67,6,22.33,200.0,England
1975,12450,Steven Davies,LEG_GLANCE,133,64,7,19.0,207.81,England
1976,232359,Colin Munro,LEG_GLANCE,133,91,3,44.33,146.15,New Zealand
1977,419873,Mohammad Shahzad,FLICK,133,117,4,33.25,113.68,Afghanistan
1978,892749,Tim David,STRAIGHT_DRIVE,133,54,2,66.5,246.3,Australia
1979,4864,Dan Christian,CUT_SHOT,133,104,8,16.62,127.88,Australia
1980,246005,Sam Northeast,SWEEP,133,65,6,22.17,204.62,England
1981,259517,Ben Brown,VERTICAL_FORWARD_ATTACK,133,126,10,13.3,105.56,England
1982,1168651,Haider Ali,SLOG_SHOT,133,65,16,8.31,204.62,Pakistan
1983,214265,Tom Westley,CUT_SHOT_ON_BACK_FOOT,133,133,2,66.5,100.0,England
1984,318845,Rilee Rossouw,STRAIGHT_DRIVE,133,42,1,133.0,316.67,South Africa
1985,422593,Daniel Bell-Drummond,PUSH_SHOT,133,178,4,33.25,74.72,England
1986,787073,Chris Green,PULL,133,75,7,19.0,177.33,Australia
1987,21577,Peter Trego,LEG_GLANCE,133,80,5,26.6,166.25,England
1988,1124283,Aaron Hardie,COVER_DRIVE,132,90,2,66.0,146.67,Australia
1989,670025,Shimron Hetmyer,STRAIGHT_DRIVE,132,51,1,132.0,258.82,West Indies
1990,35390,Saurabh Tiwary,ON_DRIVE,132,90,2,66.0,146.67,India
1991,629074,Kusal Mendis,SWEEP_SHOT,132,65,3,44.0,203.08,Sri Lanka
1992,277662,Corey Anderson,SLOG_SHOT,132,65,9,14.67,203.08,United States of America
1993,1029993,Scott Steel,PULL_HOOK_ON_BACK_FOOT,132,83,6,22.0,159.04,England
1994,595739,Leus du Plooy,CUT_SHOT,132,80,4,33.0,165.0,England
1995,8180,Shane Watson,STRAIGHT_DRIVE,132,41,3,44.0,321.95,Australia
1996,500268,Ashton Turner,CUT_SHOT,132,99,3,44.0,133.33,Australia
1997,423838,Rahul Tewatia,COVER_DRIVE,132,78,7,18.86,169.23,India
1998,959825,Brooke Guest,PULL_HOOK_ON_BACK_FOOT,132,74,5,26.4,178.38,England
1999,256956,Laurie Evans,PUSH_SHOT,132,195,5,26.4,67.69,England
2000,214265,Tom Westley,SWEEP,132,53,3,44.0,249.06,England
2001,398506,Mandeep Singh,FLICK,132,117,2,66.0,112.82,India
2002,43906,Hashim Amla,CUT_SHOT,132,91,4,33.0,145.05,South Africa
2003,290630,Manish Pandey,STRAIGHT_DRIVE,132,55,3,44.0,240.0,India
2004,325026,Glenn Maxwell,PULL_HOOK_ON_BACK_FOOT,132,56,6,22.0,235.71,Australia
2005,56029,Mushfiqur Rahim,SWEEP_SHOT,132,73,5,26.4,180.82,Bangladesh
2006,1161038,Alishan Sharafu,COVER_DRIVE,131,71,3,43.67,184.51,United Arab Emirates
2007,36084,Yuvraj Singh,COVER_DRIVE,131,87,4,32.75,150.57,India
2008,517249,Jack Leaning,PUSH_SHOT,131,163,3,43.67,80.37,England
2009,4818,Mark Cosgrove,CUT_SHOT_ON_BACK_FOOT,131,94,2,65.5,139.36,Australia
2010,226492,Martin Guptill,SWEEP_SHOT,131,81,4,32.75,161.73,New Zealand
2011,403902,Liam Livingstone,STRAIGHT_DRIVE,131,40,2,65.5,327.5,England
2012,52917,Denesh Ramdin,COVER_DRIVE,131,112,1,131.0,116.96,West Indies
2013,629074,Kusal Mendis,STEERED,131,112,5,26.2,116.96,Sri Lanka
2014,35582,Robin Uthappa,CUT_SHOT,131,76,2,65.5,172.37,India
2015,833087,Mahedi Hasan,PULL,131,69,10,13.1,189.86,Bangladesh
2016,671805,George Munsey,ON_DRIVE,131,74,1,131.0,177.03,Scotland
2017,322810,Cameron Delport,ON_DRIVE,131,90,6,21.83,145.56,South Africa
2018,539304,Babar Hayat,PULL,131,43,2,65.5,304.65,Hong Kong
2019,373538,Sabbir Rahman,COVER_DRIVE,131,95,3,43.67,137.89,Bangladesh
2020,550235,Tom Curran,PULL,131,64,3,43.67,204.69,England
2021,823703,Rajat Patidar,FLICK,131,112,1,131.0,116.96,India
2022,297433,Jonny Bairstow,PULL_HOOK_ON_BACK_FOOT,131,46,1,131.0,284.78,England
2023,248920,Devon Thomas,PULL,131,64,4,32.75,204.69,West Indies
2024,230555,Shamarh Brooks,SLOG_SHOT,130,58,7,18.57,224.14,West Indies
2025,270484,James Faulkner,ON_DRIVE,130,107,7,18.57,121.5,Australia
2026,1161024,Prabhsimran Singh,FLICK,130,84,6,21.67,154.76,India
2027,410316,Alex Hughes,PULL_HOOK_ON_BACK_FOOT,130,67,8,16.25,194.03,England
2028,233514,Thisara Perera,STRAIGHT_DRIVE,130,46,2,65.0,282.61,Sri Lanka
2029,215155,Usman Khawaja,CUT_SHOT,130,120,6,21.67,108.33,Australia
2030,602155,Tom Alsop,CUT_SHOT_ON_BACK_FOOT,130,84,1,130.0,154.76,England
2031,47015,Jacques Rudolph,LEG_GLANCE,130,106,3,43.33,122.64,South Africa
2032,922941,Abdullah Shafique,ON_DRIVE,130,78,2,65.0,166.67,Pakistan
2033,280490,JJ Smuts,FLICK,130,111,8,16.25,117.12,South Africa
2034,391832,Roston Chase,COVER_DRIVE,130,98,5,26.0,132.65,West Indies
2035,422592,Fabian Cowdrey,VERTICAL_FORWARD_ATTACK,130,89,5,26.0,146.07,England
2036,395086,Ateeq Javid,VERTICAL_FORWARD_ATTACK,130,122,9,14.44,106.56,England
2037,451782,James Fuller,LEG_GLANCE,129,82,4,32.25,157.32,England
2038,1149211,Robin Das,VERTICAL_FORWARD_ATTACK,129,85,4,32.25,151.76,England
2039,739603,Aaron Thomason,VERTICAL_FORWARD_ATTACK,129,107,3,43.0,120.56,England
2040,41028,Kamran Akmal,SLOG_SHOT,129,51,8,16.12,252.94,Pakistan
2041,44932,Jean-Paul Duminy,CUT_SHOT,129,135,4,32.25,95.56,South Africa
2042,379140,Devon Conway,SLOG_SHOT,129,58,11,11.73,222.41,New Zealand
2043,714451,Shivam Dube,STRAIGHT_DRIVE,129,34,1,129.0,379.41,India
2044,1168049,Jake Fraser-McGurk,FLICK,129,74,7,18.43,174.32,Australia
2045,681117,Faheem Ashraf,COVER_DRIVE,129,85,6,21.5,151.76,Pakistan
2046,290716,Kedar Jadhav,ON_DRIVE,129,104,5,25.8,124.04,India
2047,17986,Steven Mullaney,PULL_HOOK_ON_BACK_FOOT,129,62,13,9.92,208.06,England
2048,56025,Mahmudullah,STEERED,129,139,3,43.0,92.81,Bangladesh
2049,333782,Timm van der Gugten,VERTICAL_FORWARD_ATTACK,129,97,4,32.25,132.99,Netherlands
2050,24598,Eoin Morgan,LEG_GLANCE,129,81,2,64.5,159.26,England
2051,772293,Michael Pepper,SWEEP,129,61,5,25.8,211.48,England
2052,18632,Samit Patel,CUT_SHOT,129,103,6,21.5,125.24,England
2053,1070183,Abhishek Sharma,SLOG_SHOT,129,47,8,16.12,274.47,India
2054,398438,Mayank Agarwal,STEERED,129,122,1,129.0,105.74,India
2055,788101,Tom Moores,CUT_SHOT_ON_BACK_FOOT,129,106,1,129.0,121.7,England
2056,1070665,Dewald Brevis,SLOG_SHOT,128,46,11,11.64,278.26,South Africa
2057,820351,Rovman Powell,SLOG_SWEEP,128,50,7,18.29,256.0,West Indies
2058,1112537,Jordan Cox,COVER_DRIVE,128,90,2,64.0,142.22,England
2059,355269,James Neesham,LEG_GLANCE,128,88,2,64.0,145.45,New Zealand
2060,550235,Tom Curran,COVER_DRIVE,128,85,3,42.67,150.59,England
2061,36948,Anton Devcich,FLICK,128,101,5,25.6,126.73,New Zealand
2062,497121,Deepak Hooda,CUT_SHOT,128,106,2,64.0,120.75,India
2063,877051,Tom Banton,SWEEP,128,43,4,32.0,297.67,England
2064,300617,Rony Talukdar,PULL,128,70,7,18.29,182.86,Bangladesh
2065,8917,Moeen Ali,STRAIGHT_DRIVE,128,45,1,128.0,284.44,England
2066,28081,MS Dhoni,STRAIGHT_DRIVE,128,52,4,32.0,246.15,India
2067,28235,Shikhar Dhawan,PUSH,128,243,1,128.0,52.67,India
2068,361700,David Lloyd,LEG_GLANCE,128,82,5,25.6,156.1,England
2069,1175485,Abdul Samad,ON_DRIVE,127,69,9,14.11,184.06,India
2070,301648,Jordan Clark,PULL_HOOK_ON_BACK_FOOT,127,53,5,25.4,239.62,England
2071,51439,Dwayne Bravo,CUT_SHOT,127,83,4,31.75,153.01,West Indies
2072,4068,Jim Allenby,PULL_HOOK_ON_BACK_FOOT,127,59,9,14.11,215.25,Australia
2073,33335,Suresh Raina,STEERED,127,117,1,127.0,108.55,India
2074,517542,Paul Coughlin,PULL_HOOK_ON_BACK_FOOT,127,62,2,63.5,204.84,England
2075,1161024,Prabhsimran Singh,ON_DRIVE,127,84,7,18.14,151.19,India
2076,533870,Nick Larkin,FLICK,127,132,3,42.33,96.21,Australia
2077,50747,Upul Tharanga,COVER_DRIVE,127,69,4,31.75,184.06,Sri Lanka
2078,53116,Lendl Simmons,STEERED,127,127,2,63.5,100.0,West Indies
2079,722303,Matt Renshaw,COVER_DRIVE,127,97,5,25.4,130.93,Australia
2080,19296,Kevin Pietersen,FLICK,127,107,7,18.14,118.69,England
2081,17970,Daryl Mitchell,LEG_GLANCE,127,95,6,21.17,133.68,England
2082,1028655,Pathum Nissanka,SLOG_SHOT,127,67,10,12.7,189.55,Sri Lanka
2083,826679,Sam Heazlett,PULL,127,68,4,31.75,186.76,Australia
2084,446763,Rahul Tripathi,SWEEP_SHOT,127,74,4,31.75,171.62,India
2085,352048,Gulbadin Naib,ON_DRIVE,127,98,2,63.5,129.59,Afghanistan
2086,334337,Peter Handscomb,ON_DRIVE,127,124,6,21.17,102.42,Australia
2087,249866,Alex Hales,SWEEP_SHOT,127,57,5,25.4,222.81,England
2088,1112537,Jordan Cox,CUT_SHOT_ON_BACK_FOOT,127,98,4,31.75,129.59,England
2089,38699,Ross Taylor,CUT_SHOT,127,119,3,42.33,106.72,New Zealand
2090,303427,Paul Stirling,SQUARE_DRIVE,126,71,1,126.0,177.46,Ireland
2091,1223047,Josh Brown,ON_DRIVE,126,75,7,18.0,168.0,Australia
2092,460756,Alex Lees,LEG_GLANCE,126,67,4,31.5,188.06,England
2093,1123428,Usman Khan,ON_DRIVE,126,82,7,18.0,153.66,Pakistan
2094,4864,Dan Christian,SLOG_SHOT,126,77,14,9.0,163.64,Australia
2095,641387,Max Holden,CUT_SHOT_ON_BACK_FOOT,126,89,4,31.5,141.57,England
2096,629076,Sadeera Samarawickrama,COVER_DRIVE,126,89,4,31.5,141.57,Sri Lanka
2097,641385,Martin Andersson,VERTICAL_FORWARD_ATTACK,126,106,11,11.45,118.87,England
2098,280734,Imrul Kayes,CUT_SHOT,126,87,2,63.0,144.83,Bangladesh
2099,337790,Rassie van der Dussen,CUT_SHOT,126,110,4,31.5,114.55,South Africa
2100,1223047,Josh Brown,COVER_DRIVE,126,72,3,42.0,175.0,Australia
2101,1137262,Azam Khan,STRAIGHT_DRIVE,126,37,2,63.0,340.54,Pakistan
2102,581379,Shai Hope,STRAIGHT_DRIVE,126,45,5,25.2,280.0,West Indies
2103,419873,Mohammad Shahzad,CUT_SHOT,126,93,5,25.2,135.48,Afghanistan
2104,41028,Kamran Akmal,FLICK,126,120,8,15.75,105.0,Pakistan
2105,32498,Yusuf Pathan,COVER_DRIVE,126,91,7,18.0,138.46,India
2106,643197,Max O'Dowd,PULL,126,56,1,126.0,225.0,Netherlands
2107,595978,Tristan Stubbs,SLOG_SHOT,126,57,12,10.5,221.05,South Africa
2108,276298,Andre Russell,STEERED,126,95,2,63.0,132.63,West Indies
2109,1070665,Dewald Brevis,PULL,126,63,7,18.0,200.0,South Africa
2110,536936,Litton Das,SLOG_SHOT,126,70,12,10.5,180.0,Bangladesh
2111,1112537,Jordan Cox,FLICK,126,117,6,21.0,107.69,England
2112,24605,Kevin O'Brien,VERTICAL_FORWARD_ATTACK,126,101,7,18.0,124.75,Ireland
2113,784367,Charith Asalanka,CUT_SHOT,125,116,3,41.67,107.76,Sri Lanka
2114,429754,Niroshan Dickwella,ON_DRIVE,125,93,4,31.25,134.41,Sri Lanka
2115,897549,Will Jacks,PUSH_SHOT,125,173,2,62.5,72.25,England
2116,5334,Aaron Finch,SQUARE_DRIVE,125,92,1,125.0,135.87,Australia
2117,43266,Sohaib Maqsood,FLICK,125,120,6,20.83,104.17,Pakistan
2118,56025,Mahmudullah,SQUARE_DRIVE,125,78,2,62.5,160.26,Bangladesh
2119,379140,Devon Conway,SWEEP_SHOT,125,74,3,41.67,168.92,New Zealand
2120,388678,Ben Dunk,SLOG_SHOT,125,59,11,11.36,211.86,Australia
2121,834741,Caleb Jewell,PULL,125,71,9,13.89,176.06,Australia
2122,532424,Sohail Akhtar,FLICK,125,112,8,15.62,111.61,Pakistan
2123,317273,Umar Akmal,VERTICAL_FORWARD_ATTACK,125,106,1,125.0,117.92,Pakistan
2124,325012,Marcus Stoinis,PUSH,125,228,7,17.86,54.82,Australia
2125,530812,Akeal Hosein,SLOG_SHOT,125,61,8,15.62,204.92,West Indies
2126,348144,Babar Azam,STRAIGHT_DRIVE,125,78,3,41.67,160.26,Pakistan
2127,277662,Corey Anderson,FLICK,125,113,1,125.0,110.62,United States of America
2128,42639,Shahid Afridi,FLICK,125,67,7,17.86,186.57,Pakistan
2129,52983,Marlon Samuels,PULL,125,68,2,62.5,183.82,West Indies
2130,297617,Adam Wheater,LEG_GLANCE,124,104,11,11.27,119.23,England
2131,571761,Daniel Hughes,SLOG_SHOT,124,53,8,15.5,233.96,Australia
2132,325026,Glenn Maxwell,LEG_GLANCE,124,74,1,124.0,167.57,Australia
2133,237095,Murali Vijay,COVER_DRIVE,124,107,1,124.0,115.89,India
2134,308251,David Willey,COVER_DRIVE,124,98,6,20.67,126.53,England
2135,505120,Ashton Agar,FLICK,124,114,7,17.71,108.77,Australia
2136,290716,Kedar Jadhav,PULL,124,78,4,31.0,158.97,India
2137,1107568,Joe Cracknell,SWEEP,124,60,9,13.78,206.67,England
2138,230558,Sunil Narine,VERTICAL_FORWARD_ATTACK,124,87,8,15.5,142.53,West Indies
2139,227760,Sarfaraz Ahmed,SWEEP_SHOT,124,96,8,15.5,129.17,Pakistan
2140,629063,Mehidy Hasan Miraz,FLICK,124,130,2,62.0,95.38,Bangladesh
2141,604527,Nitish Rana,STEERED,124,115,2,62.0,107.83,India
2142,370535,Toby Roland-Jones,VERTICAL_FORWARD_ATTACK,124,114,10,12.4,108.77,England
2143,446763,Rahul Tripathi,SLOG_SHOT,124,65,11,11.27,190.77,India
2144,211748,Benny Howell,PULL,123,57,3,41.0,215.79,England
2145,457249,Carlos Brathwaite,VERTICAL_FORWARD_ATTACK,123,84,4,30.75,146.43,West Indies
2146,230549,Jason Mohammed,COVER_DRIVE,123,82,4,30.75,150.0,West Indies
2147,550235,Tom Curran,PULL_HOOK_ON_BACK_FOOT,123,76,12,10.25,161.84,England
2148,931581,Rishabh Pant,STRAIGHT_DRIVE,123,42,1,123.0,292.86,India
2149,974087,Rahmanullah Gurbaz,PUSH,123,213,3,41.0,57.75,Afghanistan
2150,18632,Samit Patel,FLICK,123,112,4,30.75,109.82,England
2151,277906,Kane Williamson,LEG_GLANCE,123,66,6,20.5,186.36,New Zealand
2152,663613,Saif Zaib,CUT_SHOT_ON_BACK_FOOT,123,91,2,61.5,135.16,England
2153,325026,Glenn Maxwell,SLOG_SWEEP,123,39,4,30.75,315.38,Australia
2154,1223047,Josh Brown,PULL,123,49,5,24.6,251.02,Australia
2155,1161024,Prabhsimran Singh,COVER_DRIVE,123,72,2,61.5,170.83,India
2156,1060380,Ruturaj Gaikwad,SLOG_SHOT,123,59,12,10.25,208.47,India
2157,516039,Alex Davies,LEG_GLANCE,123,89,4,30.75,138.2,England
2158,747315,Nathan Sowter,VERTICAL_FORWARD_ATTACK,123,97,11,11.18,126.8,England
2159,44828,Faf du Plessis,STEERED,123,127,2,61.5,96.85,South Africa
2160,6161,Michael Klinger,PUSH_SHOT,123,217,4,30.75,56.68,Australia
2161,572199,Ryan Higgins,LEG_GLANCE,123,71,1,123.0,173.24,England
2162,8291,Cameron White,ON_DRIVE,122,90,5,24.4,135.56,Australia
2163,26421,Ravichandran Ashwin,FLICK,122,92,4,30.5,132.61,India
2164,1168049,Jake Fraser-McGurk,SLOG_SHOT,122,42,4,30.5,290.48,Australia
2165,24598,Eoin Morgan,CUT_SHOT_ON_BACK_FOOT,122,115,7,17.43,106.09,England
2166,232435,Calum MacLeod,SWEEP,122,75,12,10.17,162.67,Scotland
2167,784373,Kamindu Mendis,FLICK,122,101,5,24.4,120.79,Sri Lanka
2168,990031,Towhid Hridoy,SLOG_SHOT,122,43,5,24.4,283.72,Bangladesh
2169,52983,Marlon Samuels,COVER_DRIVE,122,113,5,24.4,107.96,West Indies
2170,629074,Kusal Mendis,SLOG_SWEEP,122,40,3,40.67,305.0,Sri Lanka
2171,297617,Adam Wheater,CUT_SHOT_ON_BACK_FOOT,122,75,3,40.67,162.67,England
2172,536936,Litton Das,SWEEP_SHOT,122,70,5,24.4,174.29,Bangladesh
2173,308251,David Willey,PULL,121,70,9,13.44,172.86,England
2174,911707,Harry Brook,CUT_SHOT,121,83,4,30.25,145.78,England
2175,410765,Nurul Hasan,FLICK,121,122,6,20.17,99.18,Bangladesh
2176,625964,Tim Seifert,SLOG_SWEEP,121,31,1,121.0,390.32,New Zealand
2177,221140,David Wiese,LEG_GLANCE,121,94,3,40.33,128.72,Namibia
2178,403902,Liam Livingstone,SWEEP,121,50,8,15.12,242.0,England
2179,928057,Lorcan Tucker,FLICK,121,95,1,121.0,127.37,Ireland
2180,42657,Shoaib Malik,PUSH,121,200,3,40.33,60.5,Pakistan
2181,605661,Ryan Rickelton,PULL,121,51,5,24.2,237.25,South Africa
2182,15501,Geraint Jones,VERTICAL_FORWARD_ATTACK,121,88,5,24.2,137.5,Papua New Guinea
2183,13983,Billy Godleman,CUT_SHOT_ON_BACK_FOOT,121,108,5,24.2,112.04,England
2184,641423,Dan Lawrence,PUSH_SHOT,121,174,5,24.2,69.54,England
2185,1112537,Jordan Cox,LEG_GLANCE,121,68,3,40.33,177.94,England
2186,1088610,Jack Edwards,FLICK,121,110,4,30.25,110.0,Australia
2187,1076377,Oliver Davies,ON_DRIVE,121,63,4,30.25,192.06,Australia
2188,772293,Michael Pepper,CUT_SHOT_ON_BACK_FOOT,121,77,2,60.5,157.14,England
2189,24605,Kevin O'Brien,ON_DRIVE,121,92,8,15.12,131.52,Ireland
2190,512191,Fakhar Zaman,SQUARE_DRIVE,121,60,3,40.33,201.67,Pakistan
2191,833087,Mahedi Hasan,FLICK,120,125,3,40.0,96.0,Bangladesh
2192,532856,Manan Vohra,FLICK,120,104,6,20.0,115.38,India
2193,52983,Marlon Samuels,CUT_SHOT,120,97,3,40.0,123.71,West Indies
2194,211032,Karl Brown,PULL_HOOK_ON_BACK_FOOT,120,60,4,30.0,200.0,England
2195,525992,Adam Hose,COVER_DRIVE,120,99,5,24.0,121.21,England
2196,495964,Ryan Burl,SLOG_SHOT,120,61,7,17.14,196.72,Zimbabwe
2197,605661,Ryan Rickelton,ON_DRIVE,120,71,2,60.0,169.01,South Africa
2198,1088608,Max Bryant,CUT_SHOT,120,107,4,30.0,112.15,Australia
2199,1060380,Ruturaj Gaikwad,PUSH,120,217,4,30.0,55.3,India
2200,477021,Vijay Shankar,SLOG_SHOT,120,49,6,20.0,244.9,India
2201,10656,Michael Carberry,CUT_SHOT_ON_BACK_FOOT,120,74,3,40.0,162.16,England
2202,300617,Rony Talukdar,FLICK,120,115,1,120.0,104.35,Bangladesh
2203,56029,Mushfiqur Rahim,SLOG_SWEEP,120,35,5,24.0,342.86,Bangladesh
2204,56029,Mushfiqur Rahim,SLOG_SHOT,120,51,8,15.0,235.29,Bangladesh
2205,512627,Harry Finch,VERTICAL_FORWARD_ATTACK,120,98,3,40.0,122.45,England
2206,51880,Chris Gayle,SQUARE_DRIVE,120,65,3,40.0,184.62,West Indies
2207,297628,Sam Billings,CUT_SHOT,119,106,6,19.83,112.26,England
2208,1260388,Toby Albert,VERTICAL_FORWARD_ATTACK,119,104,5,23.8,114.42,England
2209,30045,Dinesh Karthik,SLOG_SWEEP,119,39,4,29.75,305.13,India
2210,921509,Ibrahim Zadran,PULL,119,58,5,23.8,205.17,Afghanistan
2211,533870,Nick Larkin,PULL,119,63,3,39.67,188.89,Australia
2212,308338,Greg Smith,VERTICAL_FORWARD_ATTACK,119,105,7,17.0,113.33,England
2213,362201,Lewis Gregory,CUT_SHOT,119,86,2,59.5,138.37,England
2214,4823,Steven Crook,PULL_HOOK_ON_BACK_FOOT,119,59,3,39.67,201.69,Australia
2215,959767,Rachin Ravindra,PULL,119,51,3,39.67,233.33,New Zealand
2216,230193,Matthew Wade,SQUARE_DRIVE,119,75,4,29.75,158.67,Australia
2217,460079,Miles Hammond,CUT_SHOT_ON_BACK_FOOT,119,76,3,39.67,156.58,England
2218,41434,Mohammad Hafeez,STRAIGHT_DRIVE,119,40,1,119.0,297.5,Pakistan
2219,277906,Kane Williamson,SWEEP_SHOT,119,61,3,39.67,195.08,New Zealand
2220,6161,Michael Klinger,FLICK,119,118,4,29.75,100.85,Australia
2221,298438,Jason Roy,SLOG_SWEEP,119,54,10,11.9,220.37,England
2222,381329,Beau Webster,SLOG_SHOT,119,46,8,14.88,258.7,Australia
2223,670025,Shimron Hetmyer,SLOG_SWEEP,119,65,13,9.15,183.08,West Indies
2224,959759,Finn Allen,COVER_DRIVE,119,95,5,23.8,125.26,New Zealand
2225,1076713,Cameron Green,SLOG_SHOT,119,60,9,13.22,198.33,Australia
2226,823509,Glenn Phillips,CUT_SHOT_ON_BACK_FOOT,119,64,1,119.0,185.94,New Zealand
2227,388678,Ben Dunk,CUT_SHOT,118,105,6,19.67,112.38,Australia
2228,570241,Mattie McKiernan,VERTICAL_FORWARD_ATTACK,118,74,3,39.33,159.46,England
2229,787987,Marnus Labuschagne,FLICK,118,98,1,118.0,120.41,Australia
2230,446507,Suryakumar Yadav,STRAIGHT_DRIVE,118,56,4,29.5,210.71,India
2231,502714,Mitchell Santner,FLICK,118,96,4,29.5,122.92,New Zealand
2232,643197,Max O'Dowd,FLICK,118,111,3,39.33,106.31,Netherlands
2233,1151270,Ayush Badoni,PULL,118,61,1,118.0,193.44,India
2234,1151270,Ayush Badoni,FLICK,118,97,2,59.0,121.65,India
2235,581379,Shai Hope,CUT_SHOT,118,121,8,14.75,97.52,West Indies
2236,290716,Kedar Jadhav,COVER_DRIVE,118,73,6,19.67,161.64,India
2237,1070665,Dewald Brevis,COVER_DRIVE,118,84,6,19.67,140.48,South Africa
2238,37696,Hamish Marshall,PULL_HOOK_ON_BACK_FOOT,118,68,1,118.0,173.53,New Zealand
2239,446763,Rahul Tripathi,STEERED,118,113,4,29.5,104.42,India
2240,408413,Rob Keogh,PULL_HOOK_ON_BACK_FOOT,118,62,1,118.0,190.32,England
2241,277472,Darren Bravo,CUT_SHOT,118,135,8,14.75,87.41,West Indies
2242,47850,Roelof van der Merwe,CUT_SHOT_ON_BACK_FOOT,118,64,4,29.5,184.38,Netherlands
2243,1149157,Chris Benjamin,SWEEP,118,55,6,19.67,214.55,England
2244,628240,Hussain Talat,CUT_SHOT,118,115,5,23.6,102.61,Pakistan
2245,32242,Parthiv Patel,SLOG_SHOT,118,58,8,14.75,203.45,India
2246,748793,Joe Weatherley,CUT_SHOT_ON_BACK_FOOT,117,99,2,58.5,118.18,England
2247,398778,Rory Burns,PULL_HOOK_ON_BACK_FOOT,117,75,7,16.71,156.0,England
2248,793457,Hazratullah Zazai,COVER_DRIVE,117,70,2,58.5,167.14,Afghanistan
2249,457280,Adam Rossington,PULL,117,54,5,23.4,216.67,England
2250,462727,Tom Abell,LEG_GLANCE,117,80,2,58.5,146.25,England
2251,462727,Tom Abell,PULL,117,54,1,117.0,216.67,England
2252,459761,Ben Raine,SWEEP,117,53,4,29.25,220.75,England
2253,663613,Saif Zaib,PULL_HOOK_ON_BACK_FOOT,117,64,5,23.4,182.81,England
2254,1168049,Jake Fraser-McGurk,PULL,117,64,2,58.5,182.81,Australia
2255,45705,Colin Ingram,PUSH_SHOT,117,170,3,39.0,68.82,South Africa
2256,784373,Kamindu Mendis,ON_DRIVE,117,79,2,58.5,148.1,Sri Lanka
2257,328026,Isuru Udana,PULL,117,53,5,23.4,220.75,Sri Lanka
2258,737833,Kiran Carlson,CUT_SHOT_ON_BACK_FOOT,117,90,5,23.4,130.0,England
2259,322810,Cameron Delport,COVER_DRIVE,117,78,2,58.5,150.0,South Africa
2260,662973,Sam Curran,CUT_SHOT_ON_BACK_FOOT,117,83,3,39.0,140.96,England
2261,333780,Nic Maddinson,FLICK,117,131,5,23.4,89.31,Australia
2262,429754,Niroshan Dickwella,PULL,117,70,7,16.71,167.14,Sri Lanka
2263,279810,Wriddhiman Saha,SLOG_SHOT,116,73,14,8.29,158.9,India
2264,707113,Tom Bruce,FLICK,116,109,2,58.0,106.42,New Zealand
2265,719719,M Shahrukh Khan,ON_DRIVE,116,72,3,38.67,161.11,India
2266,505110,Kurtis Patterson,FLICK,116,125,3,38.67,92.8,Australia
2267,326637,Chris Lynn,SQUARE_DRIVE,116,73,2,58.0,158.9,Australia
2268,10656,Michael Carberry,PULL_HOOK_ON_BACK_FOOT,116,62,7,16.57,187.1,England
2269,823703,Rajat Patidar,SLOG_SHOT,116,55,9,12.89,210.91,India
2270,303423,Andy Balbirnie,SQUARE_DRIVE,116,82,4,29.0,141.46,Ireland
2271,470633,Tom Kohler-Cadmore,SLOG_SHOT,116,55,11,10.55,210.91,England
2272,345821,Danushka Gunathilaka,CUT_SHOT,116,91,4,29.0,127.47,Sri Lanka
2273,24605,Kevin O'Brien,COVER_DRIVE,116,79,4,29.0,146.84,Ireland
2274,457280,Adam Rossington,LEG_GLANCE,116,69,7,16.57,168.12,England
2275,823509,Glenn Phillips,SQUARE_DRIVE,116,93,1,116.0,124.73,New Zealand
2276,380354,Anamul Haque,ON_DRIVE,116,106,9,12.89,109.43,Bangladesh
2277,233901,Shan Masood,LEG_GLANCE,116,72,3,38.67,161.11,Pakistan
2278,819429,Azmatullah Omarzai,COVER_DRIVE,116,95,8,14.5,122.11,Afghanistan
2279,974087,Rahmanullah Gurbaz,SWEEP_SHOT,116,45,5,23.2,257.78,Afghanistan
2280,1070183,Abhishek Sharma,CUT_SHOT,116,79,2,58.0,146.84,India
2281,438563,Mark Chapman,CUT_SHOT,116,85,4,29.0,136.47,New Zealand
2282,648439,Aadil Ali,VERTICAL_FORWARD_ATTACK,116,109,6,19.33,106.42,England
2283,318339,Samiullah Shinwari,ON_DRIVE,115,83,3,38.33,138.55,Afghanistan
2284,326632,Joe Burns,FLICK,115,110,2,57.5,104.55,Italy
2285,236489,Dawid Malan,SWEEP,115,44,5,23.0,261.36,England
2286,1205559,Mohammad Haris,ON_DRIVE,115,77,5,23.0,149.35,Pakistan
2287,219889,David Warner,PUSH,115,240,4,28.75,47.92,Australia
2288,297498,Ian Cockbain,PUSH_SHOT,115,203,1,115.0,56.65,England
2289,308251,David Willey,ON_DRIVE,115,93,6,19.17,123.66,England
2290,230555,Shamarh Brooks,PULL,115,58,4,28.75,198.28,West Indies
2291,277662,Corey Anderson,PULL,115,73,6,19.17,157.53,United States of America
2292,325026,Glenn Maxwell,SWEEP_SHOT,115,47,1,115.0,244.68,Australia
2293,1029993,Scott Steel,CUT_SHOT_ON_BACK_FOOT,115,81,3,38.33,141.98,England
2294,333624,Alex Ross,SLOG_SHOT,115,55,8,14.38,209.09,Australia
2295,50747,Upul Tharanga,FLICK,115,105,3,38.33,109.52,Sri Lanka
2296,19264,Liam Plunkett,VERTICAL_FORWARD_ATTACK,114,72,3,38.0,158.33,United States of America
2297,1072470,Shaheen Shah Afridi,SLOG_SHOT,114,65,7,16.29,175.38,Pakistan
2298,46270,Johann Myburgh,CUT_SHOT_ON_BACK_FOOT,114,76,6,19.0,150.0,South Africa
2299,670025,Shimron Hetmyer,PUSH,114,206,7,16.29,55.34,West Indies
2300,21229,Will Smith,VERTICAL_FORWARD_ATTACK,114,109,8,14.25,104.59,England
2301,25490,Richie Berrington,ON_DRIVE,114,74,3,38.0,154.05,Scotland
2302,333780,Nic Maddinson,VERTICAL_FORWARD_ATTACK,114,82,4,28.5,139.02,Australia
2303,1070665,Dewald Brevis,FLICK,114,114,2,57.0,100.0,South Africa
2304,1098186,Grant Stewart,VERTICAL_FORWARD_ATTACK,114,91,10,11.4,125.27,Italy
2305,248920,Devon Thomas,ON_DRIVE,114,95,6,19.0,120.0,West Indies
2306,15338,Paul Horton,VERTICAL_FORWARD_ATTACK,114,83,5,22.8,137.35,England
2307,533870,Nick Larkin,ON_DRIVE,114,104,6,19.0,109.62,Australia
2308,43265,Sohail Tanvir,ON_DRIVE,114,92,5,22.8,123.91,Pakistan
2309,51862,Andre Fletcher,SQUARE_DRIVE,114,69,2,57.0,165.22,West Indies
2310,1081730,Matthew Gilkes,ON_DRIVE,114,75,5,22.8,152.0,Australia
2311,776695,Matt Critchley,LEG_GLANCE,114,86,7,16.29,132.56,England
2312,1112537,Jordan Cox,CUT_SHOT,114,93,3,38.0,122.58,England
2313,720471,Ishan Kishan,SWEEP_SHOT,114,52,4,28.5,219.23,India
2314,303669,Joe Root,PULL_HOOK_ON_BACK_FOOT,114,60,2,57.0,190.0,England
2315,784369,Avishka Fernando,CUT_SHOT,114,101,3,38.0,112.87,Sri Lanka
2316,50710,Kumar Sangakkara,PULL_HOOK_ON_BACK_FOOT,114,59,4,28.5,193.22,Sri Lanka
2317,670035,Brandon King,SLOG_SWEEP,114,42,5,22.8,271.43,West Indies
2318,325012,Marcus Stoinis,SQUARE_DRIVE,114,81,3,38.0,140.74,Australia
2319,44932,Jean-Paul Duminy,SLOG_SHOT,113,51,7,16.14,221.57,South Africa
2320,748793,Joe Weatherley,LEG_GLANCE,113,79,2,56.5,143.04,England
2321,18632,Samit Patel,PULL,113,70,4,28.25,161.43,England
2322,550235,Tom Curran,FLICK,113,85,3,37.67,132.94,England
2323,342619,Bhanuka Rajapaksa,CUT_SHOT,113,107,2,56.5,105.61,Sri Lanka
2324,237095,Murali Vijay,PULL,113,39,4,28.25,289.74,India
2325,911707,Harry Brook,LEG_GLANCE,113,72,1,113.0,156.94,England
2326,28235,Shikhar Dhawan,DEFENDED,113,433,13,8.69,26.1,India
2327,9062,Ian Bell,LEG_GLANCE,113,69,1,113.0,163.77,England
2328,1124290,Nathan McSweeney,FLICK,113,100,1,113.0,113.0,Australia
2329,259410,Ahmed Shehzad,COVER_DRIVE,113,118,2,56.5,95.76,Pakistan
2330,419873,Mohammad Shahzad,PULL,113,52,3,37.67,217.31,Afghanistan
2331,581379,Shai Hope,SLOG_SWEEP,113,38,5,22.6,297.37,West Indies
2332,321777,David Miller,SQUARE_DRIVE,113,73,1,113.0,154.79,South Africa
2333,793467,Karim Janat,PULL,113,51,7,16.14,221.57,Afghanistan
2334,296597,James Vince,STEERED,113,84,2,56.5,134.52,England
2335,303427,Paul Stirling,SLOG_SHOT,113,64,9,12.56,176.56,Ireland
2336,670013,Fabian Allen,FLICK,113,94,3,37.67,120.21,West Indies
2337,595267,Matthew Breetzke,COVER_DRIVE,113,64,2,56.5,176.56,South Africa
2338,776695,Matt Critchley,PUSH_SHOT,113,173,4,28.25,65.32,England
2339,834741,Caleb Jewell,FLICK,113,114,4,28.25,99.12,Australia
2340,772361,Sam Harper,SLOG_SHOT,113,55,11,10.27,205.45,Australia
2341,784367,Charith Asalanka,SLOG_SHOT,113,60,16,7.06,188.33,Sri Lanka
2342,572199,Ryan Higgins,CUT_SHOT_ON_BACK_FOOT,112,101,4,28.0,110.89,England
2343,877051,Tom Banton,COVER_DRIVE,112,86,5,22.4,130.23,England
2344,5236,Callum Ferguson,SLOG_SHOT,112,47,7,16.0,238.3,Australia
2345,51880,Chris Gayle,SWEEP_SHOT,112,58,2,56.0,193.1,West Indies
2346,362201,Lewis Gregory,CUT_SHOT_ON_BACK_FOOT,112,83,5,22.4,134.94,England
2347,629059,Yasir Ali,COVER_DRIVE,112,85,4,28.0,131.76,Bangladesh
2348,1150021,Matthew Revis,VERTICAL_FORWARD_ATTACK,112,81,4,28.0,138.27,England
2349,233901,Shan Masood,PULL_HOOK_ON_BACK_FOOT,112,66,7,16.0,169.7,Pakistan
2350,628240,Hussain Talat,PULL,112,69,4,28.0,162.32,Pakistan
2351,55787,Vusi Sibanda,ON_DRIVE,112,73,2,56.0,153.42,Zimbabwe
2352,462727,Tom Abell,PUSH_SHOT,112,153,1,112.0,73.2,England
2353,457280,Adam Rossington,ON_DRIVE,112,64,5,22.4,175.0,England
2354,787073,Chris Green,SLOG_SHOT,112,65,13,8.62,172.31,Australia
2355,1255248,Jordan Hermann,COVER_DRIVE,112,80,3,37.33,140.0,South Africa
2356,550235,Tom Curran,CUT_SHOT,112,74,1,112.0,151.35,England
2357,423838,Rahul Tewatia,ON_DRIVE,112,88,4,28.0,127.27,India
2358,211855,Liam Dawson,PUSH_SHOT,112,150,2,56.0,74.67,England
2359,45955,Heino Kuhn,LEG_GLANCE,111,85,3,37.0,130.59,South Africa
2360,505120,Ashton Agar,PULL,111,75,11,10.09,148.0,Australia
2361,820691,Odean Smith,COVER_DRIVE,111,70,3,37.0,158.57,West Indies
2362,1076713,Cameron Green,PULL,111,58,4,27.75,191.38,Australia
2363,600498,Aiden Markram,STRAIGHT_DRIVE,111,45,1,111.0,246.67,South Africa
2364,211748,Benny Howell,COVER_DRIVE,111,57,2,55.5,194.74,England
2365,348056,Kyle Mayers,STRAIGHT_DRIVE,111,36,1,111.0,308.33,West Indies
2366,234675,Ravindra Jadeja,STRAIGHT_DRIVE,111,37,2,55.5,300.0,India
2367,571911,Joe Clarke,SWEEP,111,56,8,13.88,198.21,England
2368,315586,Chadwick Walton,SLOG_SHOT,111,59,10,11.1,188.14,West Indies
2369,270484,James Faulkner,PULL,111,59,2,55.5,188.14,Australia
2370,297602,Jack Taylor,LEG_GLANCE,111,64,1,111.0,173.44,England
2371,669365,Phil Salt,CUT_SHOT_ON_BACK_FOOT,111,85,8,13.88,130.59,England
2372,439952,Chris Morris,COVER_DRIVE,111,76,2,55.5,146.05,South Africa
2373,49764,Angelo Mathews,SLOG_SHOT,111,57,14,7.93,194.74,Sri Lanka
2374,629063,Mehidy Hasan Miraz,CUT_SHOT,111,74,3,37.0,150.0,Bangladesh
2375,641387,Max Holden,LEG_GLANCE,111,78,1,111.0,142.31,England
2376,230559,Kieron Pollard,CUT_SHOT,111,105,5,22.2,105.71,West Indies
2377,230549,Jason Mohammed,CUT_SHOT,111,84,2,55.5,132.14,West Indies
2378,529045,Jake Libby,LEG_GLANCE,111,78,1,111.0,142.31,England
2379,477021,Vijay Shankar,COVER_DRIVE,111,92,2,55.5,120.65,India
2380,21440,John Simpson,PUSH_SHOT,111,169,3,37.0,65.68,England
2381,49764,Angelo Mathews,COVER_DRIVE,110,90,3,36.67,122.22,Sri Lanka
2382,446507,Suryakumar Yadav,SLOG_SWEEP,110,34,3,36.67,323.53,India
2383,379890,Chad Bowes,PULL,110,62,8,13.75,177.42,New Zealand
2384,681117,Faheem Ashraf,CUT_SHOT,110,84,2,55.0,130.95,Pakistan
2385,12877,James Foster,VERTICAL_FORWARD_ATTACK,110,80,5,22.0,137.5,England
2386,893955,Ollie Robinson,PULL_HOOK_ON_BACK_FOOT,110,62,6,18.33,177.42,England
2387,1099224,Will Smeed,SWEEP,110,39,3,36.67,282.05,England
2388,530811,Chandrapaul Hemraj,FLICK,110,116,7,15.71,94.83,West Indies
2389,50710,Kumar Sangakkara,FLICK,110,85,1,110.0,129.41,Sri Lanka
2390,596062,Matthew Montgomery,VERTICAL_FORWARD_ATTACK,110,89,6,18.33,123.6,Germany
2391,379143,Quinton de Kock,STEERED,110,102,2,55.0,107.84,South Africa
2392,348144,Babar Azam,PULL_HOOK_ON_BACK_FOOT,110,64,3,36.67,171.88,Pakistan
2393,47850,Roelof van der Merwe,PULL_HOOK_ON_BACK_FOOT,110,65,3,36.67,169.23,Netherlands
2394,1241277,Muhammad Waseem,CUT_SHOT,110,78,2,55.0,141.03,United Arab Emirates
2395,279810,Wriddhiman Saha,STEERED,110,112,4,27.5,98.21,India
2396,361700,David Lloyd,SWEEP,110,54,8,13.75,203.7,England
2397,19296,Kevin Pietersen,PULL,110,38,4,27.5,289.47,England
2398,229954,Mark Stoneman,CUT_SHOT_ON_BACK_FOOT,110,86,4,27.5,127.91,England
2399,7502,Luke Ronchi,PULL_HOOK_ON_BACK_FOOT,110,46,4,27.5,239.13,New Zealand
2400,256956,Laurie Evans,STRAIGHT_DRIVE,110,47,3,36.67,234.04,England
2401,4451,George Bailey,PULL_HOOK_ON_BACK_FOOT,109,64,3,36.33,170.31,Australia
2402,669855,Jofra Archer,VERTICAL_FORWARD_ATTACK,109,76,5,21.8,143.42,England
2403,853265,Mahipal Lomror,ON_DRIVE,109,74,6,18.17,147.3,India
2404,417514,Ben Cox,PUSH_SHOT,109,149,2,54.5,73.15,England
2405,10772,Paul Collingwood,PULL_HOOK_ON_BACK_FOOT,109,55,4,27.25,198.18,England
2406,779929,Nick Hobson,PULL,109,54,5,21.8,201.85,Australia
2407,348144,Babar Azam,CUT_SHOT_ON_BACK_FOOT,109,55,1,109.0,198.18,Pakistan
2408,47850,Roelof van der Merwe,LEG_GLANCE,109,51,2,54.5,213.73,Netherlands
2409,23506,Alex Wakely,LEG_GLANCE,109,81,4,27.25,134.57,England
2410,1241277,Muhammad Waseem,SLOG_SWEEP,109,36,4,27.25,302.78,United Arab Emirates
2411,423838,Rahul Tewatia,SLOG_SHOT,109,59,11,9.91,184.75,India
2412,437669,Jordan Silk,SLOG_SHOT,109,62,6,18.17,175.81,Australia
2413,226492,Martin Guptill,SQUARE_DRIVE,109,79,3,36.33,137.97,New Zealand
2414,297635,James Taylor,VERTICAL_FORWARD_ATTACK,109,105,3,36.33,103.81,England
2415,470633,Tom Kohler-Cadmore,FLICK,109,106,3,36.33,102.83,England
2416,605661,Ryan Rickelton,COVER_DRIVE,109,78,2,54.5,139.74,South Africa
2417,21577,Peter Trego,CUT_SHOT_ON_BACK_FOOT,109,88,3,36.33,123.86,England
2418,1099379,Gareth Delany,VERTICAL_FORWARD_ATTACK,109,63,3,36.33,173.02,Ireland
2419,625371,Hardik Pandya,SQUARE_DRIVE,108,69,2,54.0,156.52,India
2420,921509,Ibrahim Zadran,CUT_SHOT,108,83,2,54.0,130.12,Afghanistan
2421,51862,Andre Fletcher,PUSH,108,213,2,54.0,50.7,West Indies
2422,36581,Neil Broom,VERTICAL_FORWARD_ATTACK,108,90,3,36.0,120.0,New Zealand
2423,885181,Dan Douthwaite,PULL_HOOK_ON_BACK_FOOT,108,46,4,27.0,234.78,England
2424,922943,Shadab Khan,SLOG_SWEEP,108,48,9,12.0,225.0,Pakistan
2425,24598,Eoin Morgan,REVERSE_SWEEP,108,75,6,18.0,144.0,England
2426,1175485,Abdul Samad,PULL,108,47,3,36.0,229.79,India
2427,38373,Jesse Ryder,PULL_HOOK_ON_BACK_FOOT,108,35,2,54.0,308.57,New Zealand
2428,331375,Hamish Rutherford,LEG_GLANCE,108,66,5,21.6,163.64,New Zealand
2429,327830,Dwaine Pretorius,ON_DRIVE,108,75,8,13.5,144.0,South Africa
2430,386774,Chris Cooke,LEG_GLANCE,108,75,4,27.0,144.0,England
2431,300073,Ned Eckersley,PULL_HOOK_ON_BACK_FOOT,108,63,8,13.5,171.43,England
2432,211748,Benny Howell,ON_DRIVE,108,71,1,108.0,152.11,England
2433,595739,Leus du Plooy,LEG_GLANCE,108,62,4,27.0,174.19,England
2434,219885,Tom Cooper,COVER_DRIVE,108,107,9,12.0,100.93,Netherlands
2435,331375,Hamish Rutherford,PULL_HOOK_ON_BACK_FOOT,108,53,6,18.0,203.77,New Zealand
2436,53118,Dwayne Smith,SWEEP_SHOT,107,66,6,17.83,162.12,West Indies
2437,1124282,Josh Philippe,SWEEP_SHOT,107,61,2,53.5,175.41,Australia
2438,272450,Mitchell Marsh,STRAIGHT_DRIVE,107,51,9,11.89,209.8,Australia
2439,1161024,Prabhsimran Singh,PULL,107,41,4,26.75,260.98,India
2440,1137283,Thomas Rogers,PULL,107,54,4,26.75,198.15,Australia
2441,429754,Niroshan Dickwella,CUT_SHOT,107,82,3,35.67,130.49,Sri Lanka
2442,26421,Ravichandran Ashwin,PULL,107,53,8,13.38,201.89,India
2443,459508,Andrew Tye,VERTICAL_FORWARD_ATTACK,107,76,3,35.67,140.79,Australia
2444,444970,Jimmy Peirson,SLOG_SHOT,107,48,11,9.73,222.92,Australia
2445,532856,Manan Vohra,ON_DRIVE,107,74,5,21.4,144.59,India
2446,439952,Chris Morris,FLICK,107,70,2,53.5,152.86,South Africa
2447,1137262,Azam Khan,SLOG_SWEEP,107,42,6,17.83,254.76,Pakistan
2448,550133,Mosaddek Hossain,CUT_SHOT,107,77,4,26.75,138.96,Bangladesh
2449,362201,Lewis Gregory,LEG_GLANCE,107,75,10,10.7,142.67,England
2450,901657,Harrison Ward,PULL_HOOK_ON_BACK_FOOT,107,48,5,21.4,222.92,England
2451,897549,Will Jacks,SWEEP,107,41,6,17.83,260.98,England
2452,1110475,Jack Haynes,PULL_HOOK_ON_BACK_FOOT,107,48,8,13.38,222.92,England
2453,30045,Dinesh Karthik,SQUARE_DRIVE,107,78,4,26.75,137.18,India
2454,44936,AB de Villiers,SQUARE_DRIVE,107,70,3,35.67,152.86,South Africa
2455,990081,Mohammad Naim,SLOG_SHOT,106,60,8,13.25,176.67,Bangladesh
2456,554691,Axar Patel,STRAIGHT_DRIVE,106,36,3,35.33,294.44,India
2457,43265,Sohail Tanvir,PULL,106,65,5,21.2,163.08,Pakistan
2458,232435,Calum MacLeod,CUT_SHOT_ON_BACK_FOOT,106,78,1,106.0,135.9,Scotland
2459,935995,Afif Hossain,SLOG_SHOT,106,66,14,7.57,160.61,Bangladesh
2460,230371,Ben Cutting,STRAIGHT_DRIVE,106,34,1,106.0,311.76,Australia
2461,398438,Mayank Agarwal,SQUARE_DRIVE,106,55,1,106.0,192.73,India
2462,45705,Colin Ingram,SWEEP_SHOT,106,62,4,26.5,170.97,South Africa
2463,303669,Joe Root,COVER_DRIVE,106,83,2,53.0,127.71,England
2464,253802,Virat Kohli,SLOG_SWEEP,106,39,4,26.5,271.79,India
2465,227760,Sarfaraz Ahmed,SLOG_SHOT,106,50,11,9.64,212.0,Pakistan
2466,290630,Manish Pandey,SQUARE_DRIVE,106,75,1,106.0,141.33,India
2467,489889,Pat Cummins,ON_DRIVE,106,61,8,13.25,173.77,Australia
2468,318845,Rilee Rossouw,PUSH,106,165,4,26.5,64.24,South Africa
2469,4864,Dan Christian,SWEEP,106,43,2,53.0,246.51,Australia
2470,434813,Marcus Harris,PULL,106,54,7,15.14,196.3,Australia
2471,25913,Mohammad Nabi,PULL_HOOK_ON_BACK_FOOT,106,53,7,15.14,200.0,Afghanistan
2472,1151288,Sai Sudharsan,CUT_SHOT,106,93,2,53.0,113.98,India
2473,816627,Macalister Wright,FLICK,106,76,2,53.0,139.47,Australia
2474,698189,Wiaan Mulder,ON_DRIVE,105,82,4,26.25,128.05,South Africa
2475,43590,Wahab Riaz,ON_DRIVE,105,60,7,15.0,175.0,Pakistan
2476,495964,Ryan Burl,COVER_DRIVE,105,84,4,26.25,125.0,Zimbabwe
2477,34102,Rohit Sharma,DEFENDED,105,609,24,4.38,17.24,India
2478,18632,Samit Patel,COVER_DRIVE,105,88,4,26.25,119.32,England
2479,380354,Anamul Haque,CUT_SHOT,105,83,5,21.0,126.51,Bangladesh
2480,1168651,Haider Ali,COVER_DRIVE,105,75,6,17.5,140.0,Pakistan
2481,436677,Soumya Sarkar,STEERED,105,117,3,35.0,89.74,Bangladesh
2482,37737,Brendon McCullum,SWEEP_SHOT,105,61,5,21.0,172.13,New Zealand
2483,1161381,Mahmudul Hasan Joy,ON_DRIVE,105,79,3,35.0,132.91,Bangladesh
2484,11995,Wes Durston,PULL_HOOK_ON_BACK_FOOT,105,43,2,52.5,244.19,England
2485,290716,Kedar Jadhav,SLOG_SHOT,105,38,4,26.25,276.32,India
2486,833087,Mahedi Hasan,ON_DRIVE,105,88,6,17.5,119.32,Bangladesh
2487,55608,Hamilton Masakadza,FLICK,105,100,2,52.5,105.0,Zimbabwe
2488,381743,Daryl Mitchell,COVER_DRIVE,105,82,2,52.5,128.05,New Zealand
2489,555850,Sam Hain,COVER_DRIVE,105,60,5,21.0,175.0,England
2490,990023,Tanzid Hasan,ON_DRIVE,105,51,1,105.0,205.88,Bangladesh
2491,51880,Chris Gayle,LEG_GLANCE,105,70,3,35.0,150.0,West Indies
2492,18632,Samit Patel,ON_DRIVE,105,88,7,15.0,119.32,England
2493,410316,Alex Hughes,CUT_SHOT_ON_BACK_FOOT,105,88,3,35.0,119.32,England
2494,408413,Rob Keogh,LEG_GLANCE,105,86,1,105.0,122.09,England
2495,1079434,Riyan Parag,SLOG_SHOT,105,62,11,9.55,169.35,India
2496,629058,Najmul Hossain Shanto,SLOG_SHOT,105,66,13,8.08,159.09,Bangladesh
2497,252833,Chesney Hughes,PULL_HOOK_ON_BACK_FOOT,105,41,2,52.5,256.1,England
2498,297628,Sam Billings,SWEEP_SHOT,105,67,7,15.0,156.72,England
2499,35565,Manoj Tiwary,ON_DRIVE,105,56,3,35.0,187.5,India
2500,56194,Tamim Iqbal,LEG_GLANCE,104,65,2,52.0,160.0,Bangladesh
2501,623695,Chamika Karunaratne,ON_DRIVE,104,64,4,26.0,162.5,Sri Lanka
2502,824541,Jaker Ali,ON_DRIVE,104,79,5,20.8,131.65,Bangladesh
2503,625371,Hardik Pandya,STEERED,104,89,3,34.67,116.85,India
2504,230549,Jason Mohammed,FLICK,104,129,3,34.67,80.62,West Indies
2505,1161038,Alishan Sharafu,CUT_SHOT,104,71,1,104.0,146.48,United Arab Emirates
2506,974087,Rahmanullah Gurbaz,SLOG_SWEEP,104,35,2,52.0,297.14,Afghanistan
2507,230371,Ben Cutting,CUT_SHOT,104,97,5,20.8,107.22,Australia
2508,51880,Chris Gayle,PULL_HOOK_ON_BACK_FOOT,104,35,1,104.0,297.14,West Indies
2509,323389,Mohammad Rizwan,LEG_GLANCE,104,68,1,104.0,152.94,Pakistan
2510,562281,Aneurin Donald,LEG_GLANCE,104,86,9,11.56,120.93,England
2511,226492,Martin Guptill,PUSH,104,201,4,26.0,51.74,New Zealand
2512,388802,Tom Latham,FLICK,104,96,3,34.67,108.33,New Zealand
2513,211748,Benny Howell,CUT_SHOT_ON_BACK_FOOT,104,80,4,26.0,130.0,England
2514,230559,Kieron Pollard,PUSH,104,200,6,17.33,52.0,West Indies
2515,776695,Matt Critchley,CUT_SHOT_ON_BACK_FOOT,104,85,6,17.33,122.35,England
2516,219885,Tom Cooper,SLOG_SHOT,104,57,8,13.0,182.46,Netherlands
2517,698189,Wiaan Mulder,PULL,104,51,1,104.0,203.92,South Africa
2518,719719,M Shahrukh Khan,PULL,104,42,3,34.67,247.62,India
2519,47015,Jacques Rudolph,REVERSE_SWEEP,104,44,1,104.0,236.36,South Africa
2520,959767,Rachin Ravindra,FLICK,104,65,7,14.86,160.0,New Zealand
2521,959767,Rachin Ravindra,ON_DRIVE,104,71,6,17.33,146.48,New Zealand
2522,748793,Joe Weatherley,PUSH_SHOT,104,136,4,26.0,76.47,England
2523,34102,Rohit Sharma,SLOG_SWEEP,104,39,4,26.0,266.67,India
2524,462727,Tom Abell,COVER_DRIVE,104,74,2,52.0,140.54,England
2525,671805,George Munsey,REVERSE_SWEEP,103,56,4,25.75,183.93,Scotland
2526,629059,Yasir Ali,PULL,103,50,7,14.71,206.0,Bangladesh
2527,55608,Hamilton Masakadza,PULL,103,49,2,51.5,210.2,Zimbabwe
2528,1070168,Prithvi Shaw,SLOG_SHOT,103,59,15,6.87,174.58,India
2529,959827,Jason Sangha,FLICK,103,81,3,34.33,127.16,Australia
2530,559062,Nick Kelly,COVER_DRIVE,103,70,1,103.0,147.14,New Zealand
2531,571151,James Weighell,VERTICAL_FORWARD_ATTACK,103,75,12,8.58,137.33,England
2532,505120,Ashton Agar,COVER_DRIVE,103,96,3,34.33,107.29,Australia
2533,595267,Matthew Breetzke,PULL,103,48,5,20.6,214.58,South Africa
2534,317273,Umar Akmal,FLICK,103,86,6,17.17,119.77,Pakistan
2535,512907,Tom Helm,VERTICAL_FORWARD_ATTACK,103,93,10,10.3,110.75,England
2536,760015,Ed Pollock,LEG_GLANCE,103,72,6,17.17,143.06,England
2537,410765,Nurul Hasan,SLOG_SHOT,103,49,10,10.3,210.2,Bangladesh
2538,298438,Jason Roy,SQUARE_DRIVE,103,65,5,20.6,158.46,England
2539,671805,George Munsey,PULL,103,66,2,51.5,156.06,Scotland
2540,236489,Dawid Malan,SQUARE_DRIVE,103,67,2,51.5,153.73,England
2541,1060380,Ruturaj Gaikwad,SQUARE_DRIVE,103,68,4,25.75,151.47,India
2542,6161,Michael Klinger,ON_DRIVE,103,86,5,20.6,119.77,Australia
2543,55343,Elton Chigumbura,ON_DRIVE,103,62,8,12.88,166.13,Zimbabwe
2544,595921,Curtis Campher,CUT_SHOT,103,92,5,20.6,111.96,Ireland
2545,641423,Dan Lawrence,FLICK,103,80,3,34.33,128.75,England
2546,21577,Peter Trego,SWEEP,102,42,5,20.4,242.86,England
2547,320652,Asghar Afghan,PULL,102,57,6,17.0,178.95,Afghanistan
2548,322810,Cameron Delport,LEG_GLANCE,102,60,2,51.0,170.0,South Africa
2549,909225,Paul Walter,CUT_SHOT_ON_BACK_FOOT,102,76,1,102.0,134.21,England
2550,248920,Devon Thomas,CUT_SHOT,102,78,4,25.5,130.77,West Indies
2551,1137283,Thomas Rogers,ON_DRIVE,102,70,3,34.0,145.71,Australia
2552,1168049,Jake Fraser-McGurk,COVER_DRIVE,102,87,5,20.4,117.24,Australia
2553,677081,Keemo Paul,COVER_DRIVE,102,65,3,34.0,156.92,West Indies
2554,1026379,Henry Brookes,VERTICAL_FORWARD_ATTACK,102,62,4,25.5,164.52,England
2555,793467,Karim Janat,CUT_SHOT,102,77,3,34.0,132.47,Afghanistan
2556,699723,Grant Roelofsen,VERTICAL_FORWARD_ATTACK,102,78,6,17.0,130.77,South Africa
2557,24609,Gary Wilson,PULL_HOOK_ON_BACK_FOOT,102,63,2,51.0,161.9,Ireland
2558,261354,Nathan Coulter-Nile,PULL,102,51,7,14.57,200.0,Australia
2559,277916,Ajinkya Rahane,SWEEP_SHOT,102,60,5,20.4,170.0,India
2560,262456,Dane Vilas,PUSH_SHOT,102,110,2,51.0,92.73,South Africa
2561,42639,Shahid Afridi,ON_DRIVE,102,64,8,12.75,159.38,Pakistan
2562,276298,Andre Russell,SQUARE_DRIVE,102,69,4,25.5,147.83,West Indies
2563,1093091,Michael Jones,PULL_HOOK_ON_BACK_FOOT,102,51,7,14.57,200.0,Scotland
2564,500268,Ashton Turner,SLOG_SWEEP,102,27,2,51.0,377.78,Australia
2565,1070173,Shubman Gill,PUSH,102,195,2,51.0,52.31,India
2566,557295,Hilton Cartwright,STRAIGHT_DRIVE,102,36,3,34.0,283.33,Australia
2567,550235,Tom Curran,ON_DRIVE,102,71,8,12.75,143.66,England
2568,823509,Glenn Phillips,PUSH,102,198,2,51.0,51.52,New Zealand
2569,23460,Luke Wright,PUSH_SHOT,102,147,2,51.0,69.39,England
2570,990031,Towhid Hridoy,SLOG_SWEEP,102,31,4,25.5,329.03,Bangladesh
2571,922943,Shadab Khan,STRAIGHT_DRIVE,102,34,2,51.0,300.0,Pakistan
2572,716733,Khushdil Shah,CUT_SHOT,102,89,2,51.0,114.61,Pakistan
2573,253802,Virat Kohli,DEFENDED,102,445,8,12.75,22.92,India
2574,318845,Rilee Rossouw,STEERED,102,83,2,51.0,122.89,South Africa
2575,36948,Anton Devcich,SLOG_SHOT,102,49,8,12.75,208.16,New Zealand
2576,333624,Alex Ross,SWEEP_SHOT,102,80,6,17.0,127.5,Australia
2577,12454,Joe Denly,PULL,102,65,8,12.75,156.92,England
2578,537319,Kennar Lewis,PULL,101,47,3,33.67,214.89,West Indies
2579,512191,Fakhar Zaman,STEERED,101,97,3,33.67,104.12,Pakistan
2580,56025,Mahmudullah,PUSH,101,146,2,50.5,69.18,Bangladesh
2581,419873,Mohammad Shahzad,COVER_DRIVE,101,54,3,33.67,187.04,Afghanistan
2582,355269,James Neesham,COVER_DRIVE,101,84,10,10.1,120.24,New Zealand
2583,602155,Tom Alsop,PUSH_SHOT,101,141,2,50.5,71.63,England
2584,48472,Tillakaratne Dilshan,FLICK,101,69,3,33.67,146.38,Sri Lanka
2585,605661,Ryan Rickelton,FLICK,101,83,4,25.25,121.69,South Africa
2586,465793,Dhananjaya de Silva,CUT_SHOT,101,89,5,20.2,113.48,Sri Lanka
2587,391832,Roston Chase,SLOG_SHOT,101,51,6,16.83,198.04,West Indies
2588,47015,Jacques Rudolph,PULL_HOOK_ON_BACK_FOOT,101,55,2,50.5,183.64,South Africa
2589,35582,Robin Uthappa,SWEEP_SHOT,101,45,3,33.67,224.44,India
2590,26421,Ravichandran Ashwin,ON_DRIVE,101,92,2,50.5,109.78,India
2591,974087,Rahmanullah Gurbaz,STEERED,101,85,3,33.67,118.82,Afghanistan
2592,44936,AB de Villiers,STEERED,101,81,3,33.67,124.69,South Africa
2593,1161044,Shamim Hossain,PULL,101,53,4,25.25,190.57,Bangladesh
2594,320652,Asghar Afghan,FLICK,101,108,1,101.0,93.52,Afghanistan
2595,481875,George Linde,ON_DRIVE,101,81,9,11.22,124.69,South Africa
2596,234675,Ravindra Jadeja,STEERED,101,73,1,101.0,138.36,India
2597,42657,Shoaib Malik,LEG_GLANCE,101,54,2,50.5,187.04,Pakistan
2598,269237,Mohammad Mithun,COVER_DRIVE,101,89,6,16.83,113.48,Bangladesh
2599,1161031,Saim Ayub,SLOG_SWEEP,101,26,3,33.67,388.46,Pakistan
2600,922943,Shadab Khan,STEERED,101,95,4,25.25,106.32,Pakistan
2601,51880,Chris Gayle,STEERED,100,107,7,14.29,93.46,West Indies
2602,328026,Isuru Udana,ON_DRIVE,100,67,3,33.33,149.25,Sri Lanka
2603,8917,Moeen Ali,SQUARE_DRIVE,100,68,3,33.33,147.06,England
2604,595921,Curtis Campher,PULL,100,58,4,25.0,172.41,Ireland
2605,439952,Chris Morris,VERTICAL_FORWARD_ATTACK,100,76,1,100.0,131.58,South Africa
2606,44410,Farhaan Behardien,PULL,100,45,3,33.33,222.22,South Africa
2607,334337,Peter Handscomb,COVER_DRIVE,100,82,4,25.0,121.95,Australia
2608,1151278,Yashasvi Jaiswal,SLOG_SHOT,100,47,8,12.5,212.77,India
2609,372116,Temba Bavuma,PULL,100,50,5,20.0,200.0,South Africa
2610,46148,Richard Levi,CUT_SHOT_ON_BACK_FOOT,100,75,4,25.0,133.33,South Africa
2611,56194,Tamim Iqbal,SWEEP_SHOT,100,57,3,33.33,175.44,Bangladesh
2612,272450,Mitchell Marsh,SQUARE_DRIVE,100,59,4,25.0,169.49,Australia
2613,44410,Farhaan Behardien,FLICK,100,83,4,25.0,120.48,South Africa
2614,327830,Dwaine Pretorius,COVER_DRIVE,100,71,5,20.0,140.85,South Africa
2615,50747,Upul Tharanga,ON_DRIVE,100,68,4,25.0,147.06,Sri Lanka
2616,679567,Ben Dwarshuis,SLOG_SHOT,100,46,6,16.67,217.39,Australia
2617,38699,Ross Taylor,COVER_DRIVE,100,103,1,100.0,97.09,New Zealand
2618,26421,Ravichandran Ashwin,SLOG_SHOT,100,46,12,8.33,217.39,India
2619,8119,Adam Voges,VERTICAL_FORWARD_ATTACK,100,83,1,100.0,120.48,Australia
2620,696145,Nick Welch,PULL_HOOK_ON_BACK_FOOT,100,49,2,50.0,204.08,Zimbabwe
2621,398506,Mandeep Singh,CUT_SHOT,100,83,6,16.67,120.48,India
2622,288617,Ross Whiteley,CUT_SHOT_ON_BACK_FOOT,100,97,3,33.33,103.09,England
2623,857653,Rishi Patel,PULL_HOOK_ON_BACK_FOOT,99,60,2,49.5,165.0,England
2624,23506,Alex Wakely,CUT_SHOT_ON_BACK_FOOT,99,82,3,33.0,120.73,England
2625,819429,Azmatullah Omarzai,ON_DRIVE,99,71,5,19.8,139.44,Afghanistan
2626,698189,Wiaan Mulder,COVER_DRIVE,99,61,1,99.0,162.3,South Africa
2627,450101,Raymon Reifer,ON_DRIVE,99,83,5,19.8,119.28,West Indies
2628,459754,Lewis Hill,LEG_GLANCE,99,60,4,24.75,165.0,England
2629,1112537,Jordan Cox,PUSH_SHOT,99,113,2,49.5,87.61,England
2630,1042145,Harry Came,PULL_HOOK_ON_BACK_FOOT,99,52,1,99.0,190.38,England
2631,46543,Wayne Madsen,PUSH_SHOT,99,150,3,33.0,66.0,Italy
2632,22559,Graham Wagg,PULL_HOOK_ON_BACK_FOOT,99,42,3,33.0,235.71,England
2633,848623,Mark Deyal,COVER_DRIVE,99,56,2,49.5,176.79,West Indies
2634,342619,Bhanuka Rajapaksa,SLOG_SWEEP,99,43,5,19.8,230.23,Sri Lanka
2635,641387,Max Holden,SWEEP,99,56,7,14.14,176.79,England
2636,824541,Jaker Ali,FLICK,99,83,2,49.5,119.28,Bangladesh
2637,303423,Andy Balbirnie,SWEEP_SHOT,99,51,5,19.8,194.12,Ireland
2638,1076713,Cameron Green,CUT_SHOT,98,67,3,32.67,146.27,Australia
2639,1123428,Usman Khan,SLOG_SWEEP,98,34,3,32.67,288.24,Pakistan
2640,595739,Leus du Plooy,REVERSE_SWEEP,98,51,5,19.6,192.16,England
2641,5236,Callum Ferguson,CUT_SHOT_ON_BACK_FOOT,98,72,3,32.67,136.11,Australia
2642,711559,Usman Ghani,ON_DRIVE,98,72,3,32.67,136.11,Afghanistan
2643,248920,Devon Thomas,FLICK,98,98,5,19.6,100.0,West Indies
2644,784369,Avishka Fernando,SLOG_SWEEP,98,27,3,32.67,362.96,Sri Lanka
2645,230193,Matthew Wade,SWEEP_SHOT,98,70,4,24.5,140.0,Australia
2646,55395,Colin de Grandhomme,CUT_SHOT,98,82,3,32.67,119.51,New Zealand
2647,354165,Richard Oliver,VERTICAL_FORWARD_ATTACK,98,80,2,49.0,122.5,England
2648,1263691,Rehan Ahmed,VERTICAL_FORWARD_ATTACK,98,81,2,49.0,120.99,England
2649,39028,Ashar Zaidi,PULL_HOOK_ON_BACK_FOOT,98,51,2,49.0,192.16,Pakistan
2650,377534,Shashank Singh,PULL,98,31,2,49.0,316.13,India
2651,379140,Devon Conway,STRAIGHT_DRIVE,98,36,1,98.0,272.22,New Zealand
2652,760015,Ed Pollock,SWEEP,98,43,6,16.33,227.91,England
2653,11995,Wes Durston,CUT_SHOT_ON_BACK_FOOT,98,52,3,32.67,188.46,England
2654,24598,Eoin Morgan,SWEEP,98,41,2,49.0,239.02,England
2655,33335,Suresh Raina,LEG_GLANCE,98,56,2,49.0,175.0,India
2656,935995,Afif Hossain,PUSH,98,172,4,24.5,56.98,Bangladesh
2657,450101,Raymon Reifer,PULL,98,59,5,19.6,166.1,West Indies
2658,897549,Will Jacks,SLOG_SWEEP,98,26,3,32.67,376.92,England
2659,288992,Chris Jordan,SLOG_SHOT,98,54,11,8.91,181.48,England
2660,56029,Mushfiqur Rahim,REVERSE_SWEEP,98,54,5,19.6,181.48,Bangladesh
2661,417514,Ben Cox,CUT_SHOT_ON_BACK_FOOT,98,79,4,24.5,124.05,England
2662,1178586,Vriitya Aravind,COVER_DRIVE,98,75,2,49.0,130.67,United Arab Emirates
2663,348144,Babar Azam,SWEEP_SHOT,97,42,2,48.5,230.95,Pakistan
2664,303427,Paul Stirling,SLOG_SWEEP,97,38,5,19.4,255.26,Ireland
2665,51862,Andre Fletcher,SLOG_SWEEP,97,32,3,32.33,303.12,West Indies
2666,550235,Tom Curran,CUT_SHOT_ON_BACK_FOOT,97,51,3,32.33,190.2,England
2667,55870,Sean Williams,COVER_DRIVE,97,82,4,24.25,118.29,Zimbabwe
2668,604527,Nitish Rana,STRAIGHT_DRIVE,97,32,3,32.33,303.12,India
2669,232359,Colin Munro,CUT_SHOT_ON_BACK_FOOT,97,76,2,48.5,127.63,New Zealand
2670,517249,Jack Leaning,CUT_SHOT_ON_BACK_FOOT,97,101,3,32.33,96.04,England
2671,308967,Jos Buttler,CUT_SHOT_ON_BACK_FOOT,97,64,5,19.4,151.56,England
2672,647785,Sahibzada Farhan,ON_DRIVE,97,81,3,32.33,119.75,Pakistan
2673,318845,Rilee Rossouw,SWEEP_SHOT,97,75,7,13.86,129.33,South Africa
2674,604527,Nitish Rana,REVERSE_SWEEP,97,62,6,16.17,156.45,India
2675,348034,George Dockrell,COVER_DRIVE,97,86,7,13.86,112.79,Ireland
2676,697059,Zakir Hasan,PULL,97,40,3,32.33,242.5,Bangladesh
2677,677081,Keemo Paul,FLICK,97,95,2,48.5,102.11,West Indies
2678,25913,Mohammad Nabi,SQUARE_DRIVE,97,62,2,48.5,156.45,Afghanistan
2679,326434,Alex Carey,VERTICAL_FORWARD_ATTACK,97,65,2,48.5,149.23,Australia
2680,249866,Alex Hales,PUSH_SHOT,97,170,1,97.0,57.06,England
2681,315232,Asif Khan,ON_DRIVE,96,40,2,48.0,240.0,United Arab Emirates
2682,1095899,William Buttleman,VERTICAL_FORWARD_ATTACK,96,94,3,32.0,102.13,England
2683,43590,Wahab Riaz,VERTICAL_FORWARD_ATTACK,96,66,4,24.0,145.45,Pakistan
2684,1290929,Tim Robinson,ON_DRIVE,96,48,4,24.0,200.0,New Zealand
2685,429754,Niroshan Dickwella,SWEEP_SHOT,96,56,4,24.0,171.43,Sri Lanka
2686,423838,Rahul Tewatia,FLICK,96,87,2,48.0,110.34,India
2687,647785,Sahibzada Farhan,COVER_DRIVE,96,69,2,48.0,139.13,Pakistan
2688,642525,Sarfaraz Khan,CUT_SHOT,96,66,3,32.0,145.45,India
2689,13983,Billy Godleman,LEG_GLANCE,96,74,3,32.0,129.73,England
2690,520551,Arron Lilley,REVERSE_SWEEP,96,56,2,48.0,171.43,England
2691,297433,Jonny Bairstow,LEG_GLANCE,96,59,2,48.0,162.71,England
2692,571911,Joe Clarke,PUSH_SHOT,96,137,1,96.0,70.07,England
2693,24605,Kevin O'Brien,FLICK,96,89,3,32.0,107.87,Ireland
2694,15348,James Hildreth,SWEEP,96,50,3,32.0,192.0,England
2695,532424,Sohail Akhtar,CUT_SHOT,96,70,1,96.0,137.14,Pakistan
2696,826901,Daniel Sams,CUT_SHOT,96,94,4,24.0,102.13,Australia
2697,308408,Josh Cobb,CUT_SHOT_ON_BACK_FOOT,95,84,7,13.57,113.1,England
2698,893955,Ollie Robinson,CUT_SHOT_ON_BACK_FOOT,95,74,2,47.5,128.38,England
2699,714451,Shivam Dube,CUT_SHOT,95,87,2,47.5,109.2,India
2700,532424,Sohail Akhtar,COVER_DRIVE,95,67,4,23.75,141.79,Pakistan
2701,372116,Temba Bavuma,COVER_DRIVE,95,73,3,31.67,130.14,South Africa
2702,33141,Ambati Rayudu,SWEEP_SHOT,95,54,4,23.75,175.93,India
2703,662235,Josh Inglis,SLOG_SHOT,95,45,6,15.83,211.11,Australia
2704,247235,Chris Woakes,VERTICAL_FORWARD_ATTACK,95,73,8,11.88,130.14,England
2705,595267,Matthew Breetzke,FLICK,95,90,3,31.67,105.56,South Africa
2706,270484,James Faulkner,SLOG_SHOT,95,54,14,6.79,175.93,Australia
2707,990023,Tanzid Hasan,PULL,95,47,6,15.83,202.13,Bangladesh
2708,269280,Reeza Hendricks,SLOG_SHOT,95,50,12,7.92,190.0,South Africa
2709,11770,Varun Chopra,LEG_GLANCE,95,62,1,95.0,153.23,England
2710,494230,Asif Ali,SLOG_SWEEP,95,32,4,23.75,296.88,Pakistan
2711,7502,Luke Ronchi,SLOG_SHOT,95,44,7,13.57,215.91,New Zealand
2712,216184,Neil Dexter,PULL_HOOK_ON_BACK_FOOT,95,51,2,47.5,186.27,England
2713,1147613,James Wharton,VERTICAL_FORWARD_ATTACK,95,60,1,95.0,158.33,England
2714,398439,Karun Nair,CUT_SHOT,95,65,4,23.75,146.15,India
2715,259410,Ahmed Shehzad,CUT_SHOT,95,99,3,31.67,95.96,Pakistan
2716,342619,Bhanuka Rajapaksa,STEERED,95,94,2,47.5,101.06,Sri Lanka
2717,431901,Evin Lewis,SLOG_SWEEP,95,39,8,11.88,243.59,West Indies
2718,737833,Kiran Carlson,SWEEP,95,44,4,23.75,215.91,England
2719,44956,Grant Elliott,PULL_HOOK_ON_BACK_FOOT,95,49,3,31.67,193.88,New Zealand
2720,931581,Rishabh Pant,PUSH,95,156,3,31.67,60.9,India
2721,602155,Tom Alsop,LEG_GLANCE,95,58,1,95.0,163.79,England
2722,321777,David Miller,PUSH,95,174,4,23.75,54.6,South Africa
2723,709675,James Bazley,ON_DRIVE,95,51,4,23.75,186.27,Australia
2724,870785,Will Fraine,PULL_HOOK_ON_BACK_FOOT,95,36,1,95.0,263.89,England
2725,793467,Karim Janat,COVER_DRIVE,95,72,6,15.83,131.94,Afghanistan
2726,959827,Jason Sangha,ON_DRIVE,94,79,4,23.5,118.99,Australia
2727,501011,Cameron Bancroft,SLOG_SHOT,94,51,6,15.67,184.31,Australia
2728,297433,Jonny Bairstow,SWEEP_SHOT,94,44,2,47.0,213.64,England
2729,460756,Alex Lees,SWEEP,94,68,5,18.8,138.24,England
2730,623695,Chamika Karunaratne,SLOG_SHOT,94,55,7,13.43,170.91,Sri Lanka
2731,772293,Michael Pepper,PULL_HOOK_ON_BACK_FOOT,94,69,3,31.33,136.23,England
2732,24598,Eoin Morgan,STRAIGHT_DRIVE,94,35,1,94.0,268.57,England
2733,906749,Dominic Drakes,PULL,94,51,4,23.5,184.31,West Indies
2734,1137262,Azam Khan,SQUARE_DRIVE,94,56,2,47.0,167.86,Pakistan
2735,280734,Imrul Kayes,ON_DRIVE,94,92,3,31.33,102.17,Bangladesh
2736,381743,Daryl Mitchell,LEG_GLANCE,94,72,3,31.33,130.56,New Zealand
2737,470699,Ben Cooper,ON_DRIVE,94,76,1,94.0,123.68,Netherlands
2738,662973,Sam Curran,LEG_GLANCE,94,57,2,47.0,164.91,England
2739,530811,Chandrapaul Hemraj,COVER_DRIVE,94,79,5,18.8,118.99,West Indies
2740,550133,Mosaddek Hossain,PULL,94,67,3,31.33,140.3,Bangladesh
2741,436677,Soumya Sarkar,REVERSE_SWEEP,94,38,2,47.0,247.37,Bangladesh
2742,5236,Callum Ferguson,LEG_GLANCE,94,63,4,23.5,149.21,Australia
2743,524812,Kishen Velani,VERTICAL_FORWARD_ATTACK,94,77,10,9.4,122.08,England
2744,243944,Alex Blake,LEG_GLANCE,94,82,7,13.43,114.63,England
2745,277916,Ajinkya Rahane,SLOG_SHOT,94,49,9,10.44,191.84,India
2746,352048,Gulbadin Naib,FLICK,93,79,3,31.0,117.72,Afghanistan
2747,419873,Mohammad Shahzad,SLOG_SHOT,93,36,3,31.0,258.33,Afghanistan
2748,471342,Krunal Pandya,STRAIGHT_DRIVE,93,37,2,46.5,251.35,India
2749,28235,Shikhar Dhawan,REVERSE_SWEEP,93,62,6,15.5,150.0,India
2750,928057,Lorcan Tucker,SWEEP_SHOT,93,51,2,46.5,182.35,Ireland
2751,911707,Harry Brook,CUT_SHOT_ON_BACK_FOOT,93,68,2,46.5,136.76,England
2752,494581,Rahkeem Cornwall,STRAIGHT_DRIVE,93,34,3,31.0,273.53,West Indies
2753,721867,Jitesh Sharma,CUT_SHOT,93,51,2,46.5,182.35,India
2754,348056,Kyle Mayers,SLOG_SWEEP,93,40,9,10.33,232.5,West Indies
2755,1124282,Josh Philippe,SLOG_SWEEP,93,42,3,31.0,221.43,Australia
2756,940593,Aqib Ilyas,FLICK,93,66,3,31.0,140.91,Oman
2757,303423,Andy Balbirnie,ON_DRIVE,93,136,7,13.29,68.38,Ireland
2758,1137283,Thomas Rogers,FLICK,93,83,2,46.5,112.05,Australia
2759,41434,Mohammad Hafeez,SWEEP_SHOT,93,57,4,23.25,163.16,Pakistan
2760,1205559,Mohammad Haris,SLOG_SHOT,93,37,7,13.29,251.35,Pakistan
2761,35582,Robin Uthappa,STRAIGHT_DRIVE,93,35,2,46.5,265.71,India
2762,434813,Marcus Harris,FLICK,93,88,2,46.5,105.68,Australia
2763,302269,Chris Dent,LEG_GLANCE,93,56,1,93.0,166.07,England
2764,226492,Martin Guptill,SLOG_SWEEP,93,41,9,10.33,226.83,New Zealand
2765,211855,Liam Dawson,PULL,93,54,4,23.25,172.22,England
2766,53115,Daren Sammy,COVER_DRIVE,93,69,2,46.5,134.78,West Indies
2767,32242,Parthiv Patel,STEERED,93,68,3,31.0,136.76,India
2768,326968,Michael Bracewell,ON_DRIVE,93,64,4,23.25,145.31,New Zealand
2769,297433,Jonny Bairstow,STRAIGHT_DRIVE,92,33,3,30.67,278.79,England
2770,698189,Wiaan Mulder,FLICK,92,81,1,92.0,113.58,South Africa
2771,928057,Lorcan Tucker,PULL,92,53,1,92.0,173.58,Ireland
2772,408413,Rob Keogh,CUT_SHOT_ON_BACK_FOOT,92,77,7,13.14,119.48,England
2773,429886,Wihan Lubbe,FLICK,92,69,2,46.0,133.33,South Africa
2774,42639,Shahid Afridi,PULL,92,49,7,13.14,187.76,Pakistan
2775,56143,Shakib Al Hasan,STEERED,92,94,2,46.0,97.87,Bangladesh
2776,595739,Leus du Plooy,PUSH_SHOT,92,118,2,46.0,77.97,England
2777,261354,Nathan Coulter-Nile,ON_DRIVE,92,54,3,30.67,170.37,Australia
2778,334337,Peter Handscomb,PULL_HOOK_ON_BACK_FOOT,92,62,5,18.4,148.39,Australia
2779,521637,Ben Duckett,SWEEP_SHOT,92,56,3,30.67,164.29,England
2780,603410,Ben McDermott,SLOG_SWEEP,92,34,7,13.14,270.59,Australia
2781,1081730,Matthew Gilkes,PULL,92,50,1,92.0,184.0,Australia
2782,502714,Mitchell Santner,CUT_SHOT_ON_BACK_FOOT,92,58,1,92.0,158.62,New Zealand
2783,570421,Will Rhodes,PULL_HOOK_ON_BACK_FOOT,92,57,5,18.4,161.4,England
2784,326968,Michael Bracewell,PULL,92,46,3,30.67,200.0,New Zealand
2785,233680,Jonathan Wells,SLOG_SHOT,92,40,2,46.0,230.0,Australia
2786,355269,James Neesham,STRAIGHT_DRIVE,92,32,1,92.0,287.5,New Zealand
2787,1161044,Shamim Hossain,CUT_SHOT,92,66,3,30.67,139.39,Bangladesh
2788,1093092,Ben Mike,PULL_HOOK_ON_BACK_FOOT,91,61,6,15.17,149.18,England
2789,277916,Ajinkya Rahane,SQUARE_DRIVE,91,53,2,45.5,171.7,India
2790,1161381,Mahmudul Hasan Joy,COVER_DRIVE,91,79,4,22.75,115.19,Bangladesh
2791,892749,Tim David,LEG_GLANCE,91,52,2,45.5,175.0,Australia
2792,352048,Gulbadin Naib,PULL,91,51,4,22.75,178.43,Afghanistan
2793,922941,Abdullah Shafique,PULL,91,41,5,18.2,221.95,Pakistan
2794,707113,Tom Bruce,COVER_DRIVE,91,70,4,22.75,130.0,New Zealand
2795,642519,Shreyas Iyer,LEG_GLANCE,91,45,3,30.33,202.22,India
2796,787073,Chris Green,FLICK,91,82,7,13.0,110.98,Australia
2797,1028655,Pathum Nissanka,SLOG_SWEEP,91,36,7,13.0,252.78,Sri Lanka
2798,8491,Jimmy Adams,VERTICAL_FORWARD_ATTACK,91,74,5,18.2,122.97,England
2799,299572,Sikandar Raza,SLOG_SWEEP,91,34,3,30.33,267.65,Zimbabwe
2800,931581,Rishabh Pant,SQUARE_DRIVE,91,70,3,30.33,130.0,India
2801,298693,Scott Elstone,VERTICAL_FORWARD_ATTACK,91,82,9,10.11,110.98,England
2802,219885,Tom Cooper,CUT_SHOT,91,102,1,91.0,89.22,Netherlands
2803,1110475,Jack Haynes,CUT_SHOT_ON_BACK_FOOT,91,66,5,18.2,137.88,England
2804,698199,Mitchell Van Buuren,FLICK,91,72,2,45.5,126.39,South Africa
2805,334340,Ian Holland,VERTICAL_FORWARD_ATTACK,91,59,1,91.0,154.24,United States of America
2806,300628,Dinesh Chandimal,SLOG_SHOT,91,46,7,13.0,197.83,Sri Lanka
2807,355269,James Neesham,REVERSE_SWEEP,91,53,1,91.0,171.7,New Zealand
2808,303669,Joe Root,SWEEP,90,44,1,90.0,204.55,England
2809,557295,Hilton Cartwright,SLOG_SHOT,90,44,6,15.0,204.55,Australia
2810,37737,Brendon McCullum,PULL_HOOK_ON_BACK_FOOT,90,38,2,45.0,236.84,New Zealand
2811,460756,Alex Lees,PUSH_SHOT,90,127,3,30.0,70.87,England
2812,820691,Odean Smith,PULL,90,57,5,18.0,157.89,West Indies
2813,296597,James Vince,PUSH,90,170,6,15.0,52.94,England
2814,333066,Johnson Charles,SQUARE_DRIVE,90,52,3,30.0,173.08,West Indies
2815,211032,Karl Brown,LEG_GLANCE,90,60,3,30.0,150.0,England
2816,51439,Dwayne Bravo,STRAIGHT_DRIVE,90,24,2,45.0,375.0,West Indies
2817,17185,Phil Mustard,LEG_GLANCE,90,50,1,90.0,180.0,England
2818,631668,Stephen Eskinazi,PUSH_SHOT,90,122,2,45.0,73.77,England
2819,671805,George Munsey,SLOG_SHOT,90,41,7,12.86,219.51,Scotland
2820,555850,Sam Hain,ON_DRIVE,90,76,4,22.5,118.42,England
2821,1099224,Will Smeed,CUT_SHOT,90,77,3,30.0,116.88,England
2822,308251,David Willey,FLICK,90,101,4,22.5,89.11,England
2823,243944,Alex Blake,PUSH_SHOT,90,127,4,22.5,70.87,England
2824,669365,Phil Salt,SQUARE_DRIVE,90,54,3,30.0,166.67,England
2825,480603,Iftikhar Ahmed,SLOG_SWEEP,90,30,6,15.0,300.0,Pakistan
2826,308251,David Willey,SWEEP,89,35,4,22.25,254.29,England
2827,550215,Kagiso Rabada,ON_DRIVE,89,73,7,12.71,121.92,South Africa
2828,961407,Harry Tector,CUT_SHOT,89,86,6,14.83,103.49,Ireland
2829,233901,Shan Masood,CUT_SHOT_ON_BACK_FOOT,89,52,4,22.25,171.15,Pakistan
2830,581379,Shai Hope,SQUARE_DRIVE,89,63,1,89.0,141.27,West Indies
2831,44932,Jean-Paul Duminy,STEERED,89,90,2,44.5,98.89,South Africa
2832,1076382,Mackenzie Harvey,CUT_SHOT,89,75,7,12.71,118.67,Australia
2833,1099224,Will Smeed,COVER_DRIVE,89,79,3,29.67,112.66,England
2834,56025,Mahmudullah,SWEEP_SHOT,89,48,5,17.8,185.42,Bangladesh
2835,48472,Tillakaratne Dilshan,ON_DRIVE,89,72,2,44.5,123.61,Sri Lanka
2836,820351,Rovman Powell,PUSH,89,183,3,29.67,48.63,West Indies
2837,897549,Will Jacks,SQUARE_DRIVE,89,60,3,29.67,148.33,England
2838,334337,Peter Handscomb,CUT_SHOT,89,74,2,44.5,120.27,Australia
2839,360456,Asela Gunaratne,PULL,89,49,3,29.67,181.63,Sri Lanka
2840,793467,Karim Janat,FLICK,89,86,4,22.25,103.49,Afghanistan
2841,315594,Ashley Nurse,PULL,89,58,8,11.12,153.45,West Indies
2842,429897,Mathew Pillans,VERTICAL_FORWARD_ATTACK,89,70,5,17.8,127.14,South Africa
2843,18657,Mark Pettini,LEG_GLANCE,89,56,3,29.67,158.93,England
2844,425943,Sanju Samson,PUSH,89,176,3,29.67,50.57,India
2845,56025,Mahmudullah,SLOG_SWEEP,89,38,4,22.25,234.21,Bangladesh
2846,50710,Kumar Sangakkara,PULL,88,38,1,88.0,231.58,Sri Lanka
2847,851403,Venkatesh Iyer,SLOG_SHOT,88,38,4,22.0,231.58,India
2848,388802,Tom Latham,PULL_HOOK_ON_BACK_FOOT,88,39,5,17.6,225.64,New Zealand
2849,512191,Fakhar Zaman,SWEEP_SHOT,88,51,3,29.33,172.55,Pakistan
2850,1099379,Gareth Delany,ON_DRIVE,88,66,5,17.6,133.33,Ireland
2851,516039,Alex Davies,PUSH_SHOT,88,114,2,44.0,77.19,England
2852,720471,Ishan Kishan,SQUARE_DRIVE,88,60,3,29.33,146.67,India
2853,1149157,Chris Benjamin,PULL_HOOK_ON_BACK_FOOT,88,53,3,29.33,166.04,England
2854,824541,Jaker Ali,COVER_DRIVE,88,59,1,88.0,149.15,Bangladesh
2855,990023,Tanzid Hasan,COVER_DRIVE,88,56,2,44.0,157.14,Bangladesh
2856,55814,Brendan Taylor,SWEEP,88,49,2,44.0,179.59,Zimbabwe
2857,11724,Rikki Clarke,PULL_HOOK_ON_BACK_FOOT,88,40,2,44.0,220.0,England
2858,25446,Kyle Coetzer,PULL,88,39,4,22.0,225.64,Scotland
2859,604527,Nitish Rana,SLOG_SWEEP,88,33,5,17.6,266.67,India
2860,320652,Asghar Afghan,SLOG_SHOT,88,39,7,12.57,225.64,Afghanistan
2861,348034,George Dockrell,PULL,88,52,2,44.0,169.23,Ireland
2862,348146,Ahsan Ali,FLICK,88,76,2,44.0,115.79,Pakistan
2863,604527,Nitish Rana,SQUARE_DRIVE,88,56,2,44.0,157.14,India
2864,851403,Venkatesh Iyer,CUT_SHOT,88,87,3,29.33,101.15,India
2865,820351,Rovman Powell,STEERED,88,92,1,88.0,95.65,West Indies
2866,308967,Jos Buttler,PULL_HOOK_ON_BACK_FOOT,88,53,5,17.6,166.04,England
2867,462727,Tom Abell,FLICK,88,82,1,88.0,107.32,England
2868,327830,Dwaine Pretorius,PULL,87,41,3,29.0,212.2,South Africa
2869,505110,Kurtis Patterson,ON_DRIVE,87,102,2,43.5,85.29,Australia
2870,337790,Rassie van der Dussen,SLOG_SWEEP,87,35,4,21.75,248.57,South Africa
2871,596099,Dean Foxcroft,ON_DRIVE,87,64,2,43.5,135.94,New Zealand
2872,311434,Nick Browne,VERTICAL_FORWARD_ATTACK,87,66,4,21.75,131.82,England
2873,605575,Matthew Short,SLOG_SHOT,87,59,7,12.43,147.46,Australia
2874,386774,Chris Cooke,SWEEP,87,31,6,14.5,280.65,England
2875,688141,Sean Dickson,CUT_SHOT_ON_BACK_FOOT,87,53,1,87.0,164.15,South Africa
2876,230549,Jason Mohammed,ON_DRIVE,87,80,7,12.43,108.75,West Indies
2877,470501,Graham Clark,SWEEP,87,61,13,6.69,142.62,England
2878,440517,Dane Cleaver,FLICK,87,62,3,29.0,140.32,New Zealand
2879,1072470,Shaheen Shah Afridi,PULL,87,46,6,14.5,189.13,Pakistan
2880,325026,Glenn Maxwell,PUSH,87,157,6,14.5,55.41,Australia
2881,233680,Jonathan Wells,SQUARE_DRIVE,87,64,1,87.0,135.94,Australia
2882,42657,Shoaib Malik,SLOG_SWEEP,87,25,2,43.5,348.0,Pakistan
2883,486672,Theunis de Bruyn,PULL,87,38,2,43.5,228.95,South Africa
2884,11745,Steven Croft,PUSH_SHOT,87,145,6,14.5,60.0,England
2885,10772,Paul Collingwood,PUSH_SHOT,87,106,3,29.0,82.08,England
2886,4068,Jim Allenby,CUT_SHOT_ON_BACK_FOOT,87,50,4,21.75,174.0,Australia
2887,381743,Daryl Mitchell,PUSH,87,119,2,43.5,73.11,New Zealand
2888,17185,Phil Mustard,PULL_HOOK_ON_BACK_FOOT,87,51,3,29.0,170.59,England
2889,10582,Ravi Bopara,SWEEP,87,58,6,14.5,150.0,England
2890,444970,Jimmy Peirson,COVER_DRIVE,87,67,6,14.5,129.85,Australia
2891,230558,Sunil Narine,PULL_HOOK_ON_BACK_FOOT,87,39,3,29.0,223.08,West Indies
2892,219885,Tom Cooper,VERTICAL_FORWARD_ATTACK,87,67,5,17.4,129.85,Netherlands
2893,9310,Tim Bresnan,PULL_HOOK_ON_BACK_FOOT,86,69,5,17.2,124.64,England
2894,537319,Kennar Lewis,FLICK,86,94,5,17.2,91.49,West Indies
2895,268740,Seekkuge Prasanna,PULL,86,44,7,12.29,195.45,Sri Lanka
2896,55870,Sean Williams,SWEEP_SHOT,86,40,4,21.5,215.0,Zimbabwe
2897,824541,Jaker Ali,SLOG_SHOT,86,44,4,21.5,195.45,Bangladesh
2898,882319,Harry Swindells,CUT_SHOT_ON_BACK_FOOT,86,54,3,28.67,159.26,England
2899,333782,Timm van der Gugten,PULL_HOOK_ON_BACK_FOOT,86,39,4,21.5,220.51,Netherlands
2900,322810,Cameron Delport,CUT_SHOT_ON_BACK_FOOT,86,62,1,86.0,138.71,South Africa
2901,279810,Wriddhiman Saha,SQUARE_DRIVE,86,63,1,86.0,136.51,India
2902,823509,Glenn Phillips,SLOG_SWEEP,86,27,2,43.0,318.52,New Zealand
2903,270135,Ariful Haque,ON_DRIVE,86,55,1,86.0,156.36,Bangladesh
2904,232435,Calum MacLeod,PULL_HOOK_ON_BACK_FOOT,86,50,3,28.67,172.0,Scotland
2905,550133,Mosaddek Hossain,STEERED,86,82,2,43.0,104.88,Bangladesh
2906,823703,Rajat Patidar,COVER_DRIVE,86,45,1,86.0,191.11,India
2907,297628,Sam Billings,STEERED,86,93,3,28.67,92.47,England
2908,473004,Usman Arshad,VERTICAL_FORWARD_ATTACK,86,65,1,86.0,132.31,England
2909,605661,Ryan Rickelton,SLOG_SHOT,86,36,5,17.2,238.89,South Africa
2910,525992,Adam Hose,FLICK,86,78,5,17.2,110.26,England
2911,990081,Mohammad Naim,STRAIGHT_DRIVE,86,37,3,28.67,232.43,Bangladesh
2912,301648,Jordan Clark,CUT_SHOT_ON_BACK_FOOT,85,49,2,42.5,173.47,England
2913,327830,Dwaine Pretorius,VERTICAL_FORWARD_ATTACK,85,74,2,42.5,114.86,South Africa
2914,398439,Karun Nair,SWEEP_SHOT,85,48,3,28.33,177.08,India
2915,1161038,Alishan Sharafu,ON_DRIVE,85,52,2,42.5,163.46,United Arab Emirates
2916,55870,Sean Williams,CUT_SHOT,85,75,6,14.17,113.33,Zimbabwe
2917,236489,Dawid Malan,STRAIGHT_DRIVE,85,28,1,85.0,303.57,England
2918,1209110,Basil Hameed,PULL,85,40,2,42.5,212.5,United Arab Emirates
2919,13983,Billy Godleman,PUSH_SHOT,85,126,3,28.33,67.46,England
2920,1076377,Oliver Davies,COVER_DRIVE,85,55,3,28.33,154.55,Australia
2921,914171,Qais Ahmad,SLOG_SHOT,85,40,10,8.5,212.5,Afghanistan
2922,326632,Joe Burns,ON_DRIVE,85,61,1,85.0,139.34,Italy
2923,1181700,Tom Prest,CUT_SHOT_ON_BACK_FOOT,85,65,2,42.5,130.77,England
2924,44828,Faf du Plessis,SWEEP_SHOT,85,55,1,85.0,154.55,South Africa
2925,56143,Shakib Al Hasan,SWEEP_SHOT,85,61,1,85.0,139.34,Bangladesh
2926,677077,Romario Shepherd,FLICK,85,80,5,17.0,106.25,West Indies
2927,361700,David Lloyd,PUSH_SHOT,85,129,1,85.0,65.89,England
2928,755459,Ben Green,PULL_HOOK_ON_BACK_FOOT,85,45,4,21.25,188.89,England
2929,41434,Mohammad Hafeez,SQUARE_DRIVE,85,63,2,42.5,134.92,Pakistan
2930,990081,Mohammad Naim,STEERED,85,63,1,85.0,134.92,Bangladesh
2931,1095879,Jack Davies,PULL_HOOK_ON_BACK_FOOT,85,56,3,28.33,151.79,England
2932,277906,Kane Williamson,PUSH,85,171,4,21.25,49.71,New Zealand
2933,267479,Stiaan van Zyl,VERTICAL_FORWARD_ATTACK,85,50,4,21.25,170.0,South Africa
2934,25913,Mohammad Nabi,LEG_GLANCE,85,66,4,21.25,128.79,Afghanistan
2935,45955,Heino Kuhn,CUT_SHOT_ON_BACK_FOOT,85,53,1,85.0,160.38,South Africa
2936,8291,Cameron White,FLICK,85,91,3,28.33,93.41,Australia
2937,211855,Liam Dawson,SWEEP,85,59,7,12.14,144.07,England
2938,1161044,Shamim Hossain,ON_DRIVE,85,71,5,17.0,119.72,Bangladesh
2939,333066,Johnson Charles,STEERED,85,96,5,17.0,88.54,West Indies
2940,249866,Alex Hales,PUSH,85,201,4,21.25,42.29,England
2941,940593,Aqib Ilyas,PULL,85,33,5,17.0,257.58,Oman
2942,1170265,Tilak Varma,SLOG_SHOT,84,43,6,14.0,195.35,India
2943,578769,Ed Barnard,CUT_SHOT_ON_BACK_FOOT,84,75,6,14.0,112.0,England
2944,596371,Eddie Byrom,PULL_HOOK_ON_BACK_FOOT,84,38,3,28.0,221.05,Zimbabwe
2945,665053,Zak Crawley,ON_DRIVE,84,78,4,21.0,107.69,England
2946,296597,James Vince,SLOG_SWEEP,84,33,6,14.0,254.55,England
2947,348144,Babar Azam,SLOG_SWEEP,84,35,9,9.33,240.0,Pakistan
2948,595739,Leus du Plooy,CUT_SHOT_ON_BACK_FOOT,84,82,5,16.8,102.44,England
2949,439952,Chris Morris,SLOG_SHOT,84,46,9,9.33,182.61,South Africa
2950,1175485,Abdul Samad,SLOG_SHOT,84,44,6,14.0,190.91,India
2951,450101,Raymon Reifer,FLICK,84,94,3,28.0,89.36,West Indies
2952,532424,Sohail Akhtar,ON_DRIVE,84,51,4,21.0,164.71,Pakistan
2953,1170265,Tilak Varma,REVERSE_SWEEP,84,30,1,84.0,280.0,India
2954,699723,Grant Roelofsen,PULL,84,47,4,21.0,178.72,South Africa
2955,462727,Tom Abell,ON_DRIVE,84,66,1,84.0,127.27,England
2956,1096123,Luke Hollman,CUT_SHOT_ON_BACK_FOOT,84,68,1,84.0,123.53,England
2957,51439,Dwayne Bravo,STEERED,84,67,1,84.0,125.37,West Indies
2958,209457,Chamara Kapugedera,ON_DRIVE,84,58,6,14.0,144.83,Sri Lanka
2959,510530,Jamie Overton,ON_DRIVE,84,49,3,28.0,171.43,England
2960,333780,Nic Maddinson,SLOG_SHOT,84,41,6,14.0,204.88,Australia
2961,722303,Matt Renshaw,SLOG_SHOT,84,40,5,16.8,210.0,Australia
2962,502714,Mitchell Santner,SLOG_SHOT,84,59,14,6.0,142.37,New Zealand
2963,398778,Rory Burns,LEG_GLANCE,84,68,4,21.0,123.53,England
2964,911707,Harry Brook,STRAIGHT_DRIVE,84,23,1,84.0,365.22,England
2965,603410,Ben McDermott,STRAIGHT_DRIVE,84,42,2,42.0,200.0,Australia
2966,36948,Anton Devcich,ON_DRIVE,84,51,1,84.0,164.71,New Zealand
2967,959759,Finn Allen,STRAIGHT_DRIVE,84,31,1,84.0,270.97,New Zealand
2968,398438,Mayank Agarwal,SLOG_SHOT,84,48,9,9.33,175.0,India
2969,248920,Devon Thomas,SLOG_SHOT,84,49,9,9.33,171.43,West Indies
2970,495964,Ryan Burl,SLOG_SWEEP,84,28,5,16.8,300.0,Zimbabwe
2971,1161044,Shamim Hossain,SLOG_SHOT,84,42,6,14.0,200.0,Bangladesh
2972,410316,Alex Hughes,SWEEP,84,46,2,42.0,182.61,England
2973,373538,Sabbir Rahman,CUT_SHOT,84,77,4,21.0,109.09,Bangladesh
2974,629076,Sadeera Samarawickrama,ON_DRIVE,83,88,3,27.67,94.32,Sri Lanka
2975,665053,Zak Crawley,FLICK,83,100,3,27.67,83.0,England
2976,595739,Leus du Plooy,PULL,83,47,1,83.0,176.6,England
2977,44410,Farhaan Behardien,COVER_DRIVE,83,65,1,83.0,127.69,South Africa
2978,333780,Nic Maddinson,COVER_DRIVE,83,78,7,11.86,106.41,Australia
2979,12454,Joe Denly,SLOG_SHOT,83,47,8,10.38,176.6,England
2980,211855,Liam Dawson,ON_DRIVE,83,57,2,41.5,145.61,England
2981,251721,Adam Lyth,SLOG_SHOT,83,28,4,20.75,296.43,England
2982,719719,M Shahrukh Khan,SLOG_SHOT,83,39,9,9.22,212.82,India
2983,432960,Simon Harmer,PULL_HOOK_ON_BACK_FOOT,83,55,3,27.67,150.91,South Africa
2984,914541,Sherfane Rutherford,SQUARE_DRIVE,83,44,1,83.0,188.64,West Indies
2985,25446,Kyle Coetzer,ON_DRIVE,83,60,5,16.6,138.33,Scotland
2986,21440,John Simpson,CUT_SHOT_ON_BACK_FOOT,83,76,2,41.5,109.21,England
2987,437927,Stephan Baard,FLICK,83,64,2,41.5,129.69,Namibia
2988,1096092,Jamie Smith,PULL_HOOK_ON_BACK_FOOT,83,45,1,83.0,184.44,England
2989,784373,Kamindu Mendis,COVER_DRIVE,83,67,2,41.5,123.88,Sri Lanka
2990,230193,Matthew Wade,PUSH,83,148,5,16.6,56.08,Australia
2991,772293,Michael Pepper,LEG_GLANCE,83,60,1,83.0,138.33,England
2992,44410,Farhaan Behardien,VERTICAL_FORWARD_ATTACK,83,84,4,20.75,98.81,South Africa
2993,1027867,Lasith Croospulle,ON_DRIVE,83,50,3,27.67,166.0,Sri Lanka
2994,1081730,Matthew Gilkes,FLICK,83,83,3,27.67,100.0,Australia
2995,48472,Tillakaratne Dilshan,PULL,83,41,1,83.0,202.44,Sri Lanka
2996,1161044,Shamim Hossain,COVER_DRIVE,83,61,4,20.75,136.07,Bangladesh
2997,303427,Paul Stirling,SWEEP,83,47,5,16.6,176.6,Ireland
2998,43265,Sohail Tanvir,FLICK,83,64,6,13.83,129.69,Pakistan
2999,571761,Daniel Hughes,SQUARE_DRIVE,83,71,1,83.0,116.9,Australia
3000,681305,Hasan Ali,SLOG_SHOT,83,52,8,10.38,159.62,Pakistan
3001,521637,Ben Duckett,CUT_SHOT,83,76,3,27.67,109.21,England
3002,536936,Litton Das,PUSH,83,177,3,27.67,46.89,Bangladesh
3003,698199,Mitchell Van Buuren,PULL,83,48,2,41.5,172.92,South Africa
3004,20367,Darren Stevens,CUT_SHOT_ON_BACK_FOOT,83,49,2,41.5,169.39,England
3005,637151,Danny Lamb,VERTICAL_FORWARD_ATTACK,83,89,5,16.6,93.26,England
3006,230555,Shamarh Brooks,COVER_DRIVE,83,72,2,41.5,115.28,West Indies
3007,251721,Adam Lyth,PUSH_SHOT,82,133,6,13.67,61.65,England
3008,1112537,Jordan Cox,SLOG_SHOT,82,31,7,11.71,264.52,England
3009,530811,Chandrapaul Hemraj,CUT_SHOT,82,65,3,27.33,126.15,West Indies
3010,298438,Jason Roy,SWEEP,82,47,5,16.4,174.47,England
3011,629059,Yasir Ali,SLOG_SHOT,82,36,6,13.67,227.78,Bangladesh
3012,457249,Carlos Brathwaite,STRAIGHT_DRIVE,82,21,2,41.0,390.48,West Indies
3013,230555,Shamarh Brooks,CUT_SHOT,82,86,3,27.33,95.35,West Indies
3014,1161381,Mahmudul Hasan Joy,CUT_SHOT,82,91,4,20.5,90.11,Bangladesh
3015,1046871,Lyndon James,VERTICAL_FORWARD_ATTACK,82,66,2,41.0,124.24,England
3016,665053,Zak Crawley,PULL,82,45,4,20.5,182.22,England
3017,1124290,Nathan McSweeney,ON_DRIVE,82,59,1,82.0,138.98,Australia
3018,10582,Ravi Bopara,CUT_SHOT,82,74,5,16.4,110.81,England
3019,26421,Ravichandran Ashwin,CUT_SHOT,82,61,2,41.0,134.43,India
3020,662235,Josh Inglis,LEG_GLANCE,82,50,2,41.0,164.0,Australia
3021,1065662,Roshon Primus,ON_DRIVE,82,53,6,13.67,154.72,West Indies
3022,720471,Ishan Kishan,PUSH,82,199,2,41.0,41.21,India
3023,34102,Rohit Sharma,PUSH,82,224,8,10.25,36.61,India
3024,248920,Devon Thomas,COVER_DRIVE,82,57,4,20.5,143.86,West Indies
3025,1161031,Saim Ayub,SLOG_SHOT,82,39,9,9.11,210.26,Pakistan
3026,595978,Tristan Stubbs,SLOG_SWEEP,82,30,4,20.5,273.33,South Africa
3027,1255248,Jordan Hermann,CUT_SHOT,82,69,2,41.0,118.84,South Africa
3028,55412,Craig Ervine,COVER_DRIVE,82,61,1,82.0,134.43,Zimbabwe
3029,1079434,Riyan Parag,CUT_SHOT,82,60,2,41.0,136.67,India
3030,547749,Will Young,PULL,82,50,3,27.33,164.0,New Zealand
3031,909225,Paul Walter,ON_DRIVE,82,57,1,82.0,143.86,England
3032,436757,Heinrich Klaasen,SLOG_SWEEP,82,27,3,27.33,303.7,South Africa
3033,38699,Ross Taylor,SWEEP,82,28,2,41.0,292.86,New Zealand
3034,17986,Steven Mullaney,LEG_GLANCE,82,53,3,27.33,154.72,England
3035,311158,Ben Stokes,PULL_HOOK_ON_BACK_FOOT,82,38,3,27.33,215.79,England
3036,1161044,Shamim Hossain,FLICK,82,79,4,20.5,103.8,Bangladesh
3037,642525,Sarfaraz Khan,COVER_DRIVE,82,46,2,41.0,178.26,India
3038,297433,Jonny Bairstow,STEERED,82,62,1,82.0,132.26,England
3039,8917,Moeen Ali,STEERED,82,71,1,82.0,115.49,England
3040,1175485,Abdul Samad,FLICK,81,71,2,40.5,114.08,India
3041,41434,Mohammad Hafeez,PUSH,81,143,1,81.0,56.64,Pakistan
3042,877051,Tom Banton,PUSH_SHOT,81,142,4,20.25,57.04,England
3043,1088610,Jack Edwards,ON_DRIVE,81,59,6,13.5,137.29,Australia
3044,1076377,Oliver Davies,CUT_SHOT,81,79,7,11.57,102.53,Australia
3045,352048,Gulbadin Naib,SLOG_SHOT,81,38,6,13.5,213.16,Afghanistan
3046,834741,Caleb Jewell,SWEEP_SHOT,81,43,2,40.5,188.37,Australia
3047,355092,Joe Leach,VERTICAL_FORWARD_ATTACK,81,78,7,11.57,103.85,England
3048,1096123,Luke Hollman,PULL_HOOK_ON_BACK_FOOT,81,49,9,9.0,165.31,England
3049,331375,Hamish Rutherford,COVER_DRIVE,81,52,2,40.5,155.77,New Zealand
3050,459508,Andrew Tye,PULL_HOOK_ON_BACK_FOOT,81,33,1,81.0,245.45,Australia
3051,670035,Brandon King,PUSH,81,154,2,40.5,52.6,West Indies
3052,318339,Samiullah Shinwari,PULL,81,49,3,27.0,165.31,Afghanistan
3053,642525,Sarfaraz Khan,ON_DRIVE,81,70,10,8.1,115.71,India
3054,314615,Jonathan Carter,ON_DRIVE,81,45,5,16.2,180.0,West Indies
3055,38141,Jeetan Patel,VERTICAL_FORWARD_ATTACK,81,75,14,5.79,108.0,New Zealand
3056,38373,Jesse Ryder,LEG_GLANCE,81,38,3,27.0,213.16,New Zealand
3057,595921,Curtis Campher,ON_DRIVE,81,58,4,20.25,139.66,Ireland
3058,1151270,Ayush Badoni,ON_DRIVE,81,61,4,20.25,132.79,India
3059,1076713,Cameron Green,FLICK,81,66,2,40.5,122.73,Australia
3060,45955,Heino Kuhn,REVERSE_SWEEP,81,38,2,40.5,213.16,South Africa
3061,625964,Tim Seifert,STRAIGHT_DRIVE,81,36,1,81.0,225.0,New Zealand
3062,1277545,Abishek Porel,PULL,81,33,2,40.5,245.45,India
3063,698315,Donovan Ferreira,PULL,80,41,1,80.0,195.12,South Africa
3064,481875,George Linde,PULL,80,40,6,13.33,200.0,South Africa
3065,11724,Rikki Clarke,LEG_GLANCE,80,48,3,26.67,166.67,England
3066,506612,Matt Henry,VERTICAL_FORWARD_ATTACK,80,56,4,20.0,142.86,New Zealand
3067,417268,Matthew Cross,PULL,80,48,4,20.0,166.67,Scotland
3068,1099379,Gareth Delany,COVER_DRIVE,80,57,4,20.0,140.35,Ireland
3069,362565,Craig Meschede,PULL_HOOK_ON_BACK_FOOT,80,40,4,20.0,200.0,Germany
3070,300631,Kusal Perera,REVERSE_SWEEP,80,49,4,20.0,163.27,Sri Lanka
3071,547749,Will Young,FLICK,80,77,1,80.0,103.9,New Zealand
3072,489889,Pat Cummins,PULL,80,36,5,16.0,222.22,Australia
3073,55870,Sean Williams,SLOG_SHOT,80,31,5,16.0,258.06,Zimbabwe
3074,1163855,Hayden Kerr,ON_DRIVE,80,65,3,26.67,123.08,Australia
3075,459508,Andrew Tye,ON_DRIVE,80,62,7,11.43,129.03,Australia
3076,1076722,Will Sutherland,ON_DRIVE,80,51,3,26.67,156.86,Australia
3077,6683,Shaun Marsh,LEG_GLANCE,80,72,3,26.67,111.11,Australia
3078,51880,Chris Gayle,DEFENDED,80,492,17,4.71,16.26,West Indies
3079,277916,Ajinkya Rahane,LEG_GLANCE,80,58,3,26.67,137.93,India
3080,303427,Paul Stirling,PUSH_SHOT,80,117,1,80.0,68.38,Ireland
3081,233901,Shan Masood,SLOG_SHOT,80,67,13,6.15,119.4,Pakistan
3082,327830,Dwaine Pretorius,SLOG_SHOT,80,47,9,8.89,170.21,South Africa
3083,772293,Michael Pepper,REVERSE_SWEEP,80,61,7,11.43,131.15,England
3084,44394,Gareth Berg,VERTICAL_FORWARD_ATTACK,80,79,7,11.43,101.27,Italy
3085,425692,Billy Root,CUT_SHOT_ON_BACK_FOOT,80,64,3,26.67,125.0,England
3086,44936,AB de Villiers,LEG_GLANCE,80,39,1,80.0,205.13,South Africa
3087,15348,James Hildreth,REVERSE_SWEEP,80,49,5,16.0,163.27,England
3088,572199,Ryan Higgins,PUSH_SHOT,79,127,7,11.29,62.2,England
3089,318845,Rilee Rossouw,SWEEP,79,33,7,11.29,239.39,South Africa
3090,402992,Shuvagata Hom,CUT_SHOT,79,62,5,15.8,127.42,Bangladesh
3091,520551,Arron Lilley,SWEEP,79,40,5,15.8,197.5,England
3092,11770,Varun Chopra,CUT_SHOT_ON_BACK_FOOT,79,74,6,13.17,106.76,England
3093,436686,Gareth Roderick,VERTICAL_FORWARD_ATTACK,79,71,5,15.8,111.27,South Africa
3094,644045,Anuj Dal,VERTICAL_FORWARD_ATTACK,79,66,7,11.29,119.7,England
3095,532856,Manan Vohra,COVER_DRIVE,79,49,4,19.75,161.22,India
3096,647785,Sahibzada Farhan,PULL,79,46,5,15.8,171.74,Pakistan
3097,539548,Scott Kuggeleijn,PULL,79,38,3,26.33,207.89,New Zealand
3098,764311,Nick Selman,PULL_HOOK_ON_BACK_FOOT,79,38,3,26.33,207.89,England
3099,623636,Kamran Ghulam,FLICK,79,67,2,39.5,117.91,Pakistan
3100,677077,Romario Shepherd,COVER_DRIVE,79,68,5,15.8,116.18,West Indies
3101,303427,Paul Stirling,STRAIGHT_DRIVE,79,32,1,79.0,246.88,Ireland
3102,35390,Saurabh Tiwary,PULL,79,40,1,79.0,197.5,India
3103,707113,Tom Bruce,CUT_SHOT,79,60,2,39.5,131.67,New Zealand
3104,379140,Devon Conway,PUSH,79,153,4,19.75,51.63,New Zealand
3105,24605,Kevin O'Brien,PULL,79,42,4,19.75,188.1,Ireland
3106,784379,Wanindu Hasaranga,CUT_SHOT,79,44,3,26.33,179.55,Sri Lanka
3107,559062,Nick Kelly,PULL,79,47,4,19.75,168.09,New Zealand
3108,665053,Zak Crawley,SWEEP,79,41,3,26.33,192.68,England
3109,536936,Litton Das,STRAIGHT_DRIVE,79,35,3,26.33,225.71,Bangladesh
3110,33141,Ambati Rayudu,SQUARE_DRIVE,79,61,4,19.75,129.51,India
3111,265564,Wayne Parnell,PULL,79,49,4,19.75,161.22,South Africa
3112,671805,George Munsey,CUT_SHOT,79,64,4,19.75,123.44,Scotland
3113,328026,Isuru Udana,SLOG_SHOT,79,41,9,8.78,192.68,Sri Lanka
3114,892749,Tim David,SLOG_SWEEP,78,34,6,13.0,229.41,Australia
3115,379140,Devon Conway,REVERSE_SWEEP,78,62,2,39.0,125.81,New Zealand
3116,670025,Shimron Hetmyer,SQUARE_DRIVE,78,52,2,39.0,150.0,West Indies
3117,788101,Tom Moores,SWEEP,78,48,3,26.0,162.5,England
3118,670013,Fabian Allen,CUT_SHOT,78,63,5,15.6,123.81,West Indies
3119,364788,Ben Foakes,LEG_GLANCE,78,56,3,26.0,139.29,England
3120,440517,Dane Cleaver,ON_DRIVE,78,67,1,78.0,116.42,New Zealand
3121,833087,Mahedi Hasan,CUT_SHOT,78,75,4,19.5,104.0,Bangladesh
3122,1081730,Matthew Gilkes,COVER_DRIVE,78,72,3,26.0,108.33,Australia
3123,316102,Craig Williams,ON_DRIVE,78,56,3,26.0,139.29,Namibia
3124,318845,Rilee Rossouw,CUT_SHOT_ON_BACK_FOOT,78,63,3,26.0,123.81,South Africa
3125,460079,Miles Hammond,REVERSE_SWEEP,78,42,5,15.6,185.71,England
3126,603410,Ben McDermott,SWEEP_SHOT,78,42,2,39.0,185.71,Australia
3127,646003,Jack Burnham,VERTICAL_FORWARD_ATTACK,78,96,6,13.0,81.25,England
3128,698189,Wiaan Mulder,PULL_HOOK_ON_BACK_FOOT,78,43,2,39.0,181.4,South Africa
3129,605575,Matthew Short,SQUARE_DRIVE,78,44,2,39.0,177.27,Australia
3130,990031,Towhid Hridoy,STEERED,78,59,1,78.0,132.2,Bangladesh
3131,297628,Sam Billings,CUT_SHOT_ON_BACK_FOOT,78,73,2,39.0,106.85,England
3132,434813,Marcus Harris,COVER_DRIVE,78,51,4,19.5,152.94,Australia
3133,1181700,Tom Prest,PULL_HOOK_ON_BACK_FOOT,78,50,5,15.6,156.0,England
3134,17991,Graham Napier,VERTICAL_FORWARD_ATTACK,78,44,7,11.14,177.27,England
3135,909225,Paul Walter,PULL,78,37,4,19.5,210.81,England
3136,290716,Kedar Jadhav,CUT_SHOT,78,70,6,13.0,111.43,India
3137,39024,Azhar Mahmood,VERTICAL_FORWARD_ATTACK,78,44,3,26.0,177.27,Pakistan
3138,236489,Dawid Malan,PUSH,78,132,3,26.0,59.09,England
3139,581379,Shai Hope,PUSH,78,143,2,39.0,54.55,West Indies
3140,300631,Kusal Perera,SWEEP_SHOT,78,44,3,26.0,177.27,Sri Lanka
3141,326632,Joe Burns,COVER_DRIVE,78,76,3,26.0,102.63,Italy
3142,498585,David Bedingham,PULL_HOOK_ON_BACK_FOOT,78,32,2,39.0,243.75,South Africa
3143,53115,Daren Sammy,VERTICAL_FORWARD_ATTACK,78,50,2,39.0,156.0,West Indies
3144,1124283,Aaron Hardie,SLOG_SHOT,78,40,7,11.14,195.0,Australia
3145,215155,Usman Khawaja,SQUARE_DRIVE,78,47,3,26.0,165.96,Australia
3146,331375,Hamish Rutherford,CUT_SHOT_ON_BACK_FOOT,78,69,3,26.0,113.04,New Zealand
3147,55872,Malcolm Waller,COVER_DRIVE,78,52,1,78.0,150.0,Zimbabwe
3148,816627,Macalister Wright,PULL,78,39,3,26.0,200.0,Australia
3149,625964,Tim Seifert,VERTICAL_FORWARD_ATTACK,78,45,1,78.0,173.33,New Zealand
3150,1088608,Max Bryant,SLOG_SHOT,78,40,9,8.67,195.0,Australia
3151,631668,Stephen Eskinazi,FLICK,77,57,2,38.5,135.09,England
3152,1194959,Jacob Bethell,VERTICAL_FORWARD_ATTACK,77,71,4,19.25,108.45,England
3153,652687,Saud Shakeel,FLICK,77,45,2,38.5,171.11,Pakistan
3154,1096092,Jamie Smith,COVER_DRIVE,77,52,1,77.0,148.08,England
3155,49289,Mahela Jayawardene,PULL_HOOK_ON_BACK_FOOT,77,31,4,19.25,248.39,Sri Lanka
3156,625371,Hardik Pandya,PUSH,77,155,3,25.67,49.68,India
3157,643433,George Garton,PULL_HOOK_ON_BACK_FOOT,77,33,3,25.67,233.33,England
3158,227762,Sharjeel Khan,SLOG_SHOT,77,48,11,7.0,160.42,Pakistan
3159,429886,Wihan Lubbe,PULL,77,46,6,12.83,167.39,South Africa
3160,510530,Jamie Overton,PULL,77,35,5,15.4,220.0,England
3161,914541,Sherfane Rutherford,STEERED,77,72,3,25.67,106.94,West Indies
3162,322810,Cameron Delport,PULL,77,40,6,12.83,192.5,South Africa
3163,303427,Paul Stirling,STEERED,77,74,2,38.5,104.05,Ireland
3164,398439,Karun Nair,SLOG_SHOT,77,43,8,9.62,179.07,India
3165,269280,Reeza Hendricks,PUSH,77,137,2,38.5,56.2,South Africa
3166,530011,Travis Head,STRAIGHT_DRIVE,77,31,1,77.0,248.39,Australia
3167,1161031,Saim Ayub,SQUARE_DRIVE,77,52,2,38.5,148.08,Pakistan
3168,457249,Carlos Brathwaite,CUT_SHOT,77,63,5,15.4,122.22,West Indies
3169,308408,Josh Cobb,PUSH_SHOT,77,142,2,38.5,54.23,England
3170,681305,Hasan Ali,ON_DRIVE,77,47,10,7.7,163.83,Pakistan
3171,663613,Saif Zaib,SWEEP,77,43,5,15.4,179.07,England
3172,386774,Chris Cooke,PUSH_SHOT,77,119,2,38.5,64.71,England
3173,446763,Rahul Tripathi,STRAIGHT_DRIVE,77,31,3,25.67,248.39,India
3174,457280,Adam Rossington,CUT_SHOT_ON_BACK_FOOT,77,73,2,38.5,105.48,England
3175,45955,Heino Kuhn,PULL_HOOK_ON_BACK_FOOT,77,49,1,77.0,157.14,South Africa
3176,446763,Rahul Tripathi,SLOG_SWEEP,77,39,6,12.83,197.44,India
3177,326434,Alex Carey,STRAIGHT_DRIVE,76,38,3,25.33,200.0,Australia
3178,4451,George Bailey,CUT_SHOT,76,78,6,12.67,97.44,Australia
3179,914541,Sherfane Rutherford,PUSH,76,111,1,76.0,68.47,West Indies
3180,372116,Temba Bavuma,ON_DRIVE,76,74,6,12.67,102.7,South Africa
3181,437316,Dasun Shanaka,STRAIGHT_DRIVE,76,33,2,38.0,230.3,Sri Lanka
3182,43590,Wahab Riaz,SLOG_SHOT,76,44,8,9.5,172.73,Pakistan
3183,230559,Kieron Pollard,STEERED,76,101,3,25.33,75.25,West Indies
3184,489889,Pat Cummins,COVER_DRIVE,76,49,3,25.33,155.1,Australia
3185,327830,Dwaine Pretorius,FLICK,76,70,5,15.2,108.57,South Africa
3186,1168049,Jake Fraser-McGurk,CUT_SHOT,76,50,1,76.0,152.0,Australia
3187,440780,Keaton Jennings,PUSH_SHOT,76,122,7,10.86,62.3,England
3188,793463,Rashid Khan,SQUARE_DRIVE,76,37,1,76.0,205.41,Afghanistan
3189,288616,Tom Poynton,VERTICAL_FORWARD_ATTACK,76,60,2,38.0,126.67,England
3190,713195,Harry Nielsen,PULL,76,40,1,76.0,190.0,Australia
3191,784379,Wanindu Hasaranga,ON_DRIVE,76,35,2,38.0,217.14,Sri Lanka
3192,298438,Jason Roy,STEERED,76,80,1,76.0,95.0,England
3193,713195,Harry Nielsen,FLICK,76,62,4,19.0,122.58,Australia
3194,43266,Sohaib Maqsood,CUT_SHOT,76,68,1,76.0,111.76,Pakistan
3195,47490,Daryn Smit,VERTICAL_FORWARD_ATTACK,76,61,3,25.33,124.59,South Africa
3196,347661,Luis Reece,PUSH_SHOT,76,134,4,19.0,56.72,England
3197,471342,Krunal Pandya,STEERED,76,63,2,38.0,120.63,India
3198,911707,Harry Brook,SLOG_SHOT,76,40,7,10.86,190.0,England
3199,25490,Richie Berrington,PULL,76,44,2,38.0,172.73,Scotland
3200,379890,Chad Bowes,FLICK,76,71,4,19.0,107.04,New Zealand
3201,211748,Benny Howell,LEG_GLANCE,76,58,4,19.0,131.03,England
3202,227762,Sharjeel Khan,COVER_DRIVE,76,61,2,38.0,124.59,Pakistan
3203,642525,Sarfaraz Khan,FLICK,76,69,3,25.33,110.14,India
3204,764311,Nick Selman,LEG_GLANCE,76,40,2,38.0,190.0,England
3205,232435,Calum MacLeod,LEG_GLANCE,76,47,1,76.0,161.7,Scotland
3206,530812,Akeal Hosein,FLICK,76,97,2,38.0,78.35,West Indies
3207,348146,Ahsan Ali,PULL,76,40,1,76.0,190.0,Pakistan
3208,1178586,Vriitya Aravind,FLICK,76,63,1,76.0,120.63,United Arab Emirates
3209,437927,Stephan Baard,ON_DRIVE,76,57,2,38.0,133.33,Namibia
3210,303669,Joe Root,LEG_GLANCE,75,40,1,75.0,187.5,England
3211,774223,Jhye Richardson,PULL,75,49,4,18.75,153.06,Australia
3212,50747,Upul Tharanga,PULL,75,41,3,25.0,182.93,Sri Lanka
3213,290630,Manish Pandey,PUSH,75,142,1,75.0,52.82,India
3214,719715,Washington Sundar,ON_DRIVE,75,54,7,10.71,138.89,India
3215,819429,Azmatullah Omarzai,CUT_SHOT,75,55,2,37.5,136.36,Afghanistan
3216,785323,Nathan McAndrew,ON_DRIVE,75,39,2,37.5,192.31,Australia
3217,211748,Benny Howell,PUSH_SHOT,75,111,5,15.0,67.57,England
3218,866505,Feroze Khushi,PULL_HOOK_ON_BACK_FOOT,75,29,1,75.0,258.62,England
3219,251721,Adam Lyth,FLICK,75,44,2,37.5,170.45,England
3220,55412,Craig Ervine,PULL,75,52,3,25.0,144.23,Zimbabwe
3221,851261,Anmolpreet Singh,ON_DRIVE,75,62,1,75.0,120.97,India
3222,265564,Wayne Parnell,COVER_DRIVE,75,55,4,18.75,136.36,South Africa
3223,892749,Tim David,PULL_HOOK_ON_BACK_FOOT,75,33,2,37.5,227.27,Australia
3224,1159711,Shahbaz Ahmed,PULL,75,38,4,18.75,197.37,India
3225,391485,Jason Holder,STRAIGHT_DRIVE,75,23,2,37.5,326.09,West Indies
3226,602155,Tom Alsop,REVERSE_SWEEP,75,68,9,8.33,110.29,England
3227,605680,Janneman Malan,COVER_DRIVE,75,56,5,15.0,133.93,South Africa
3228,594322,Corbin Bosch,PULL,75,54,3,25.0,138.89,South Africa
3229,603410,Ben McDermott,CUT_SHOT_ON_BACK_FOOT,75,42,3,25.0,178.57,Australia
3230,314615,Jonathan Carter,FLICK,75,61,3,25.0,122.95,West Indies
3231,1241277,Muhammad Waseem,PUSH,75,120,1,75.0,62.5,United Arab Emirates
3232,1172968,Dan Mousley,PULL_HOOK_ON_BACK_FOOT,75,42,4,18.75,178.57,England
3233,12454,Joe Denly,SWEEP,75,38,5,15.0,197.37,England
3234,1151278,Yashasvi Jaiswal,SQUARE_DRIVE,75,52,1,75.0,144.23,India
3235,350629,Nizakat Khan,FLICK,75,71,5,15.0,105.63,Hong Kong
3236,465793,Dhananjaya de Silva,STEERED,75,67,1,75.0,111.94,Sri Lanka
3237,11770,Varun Chopra,PUSH_SHOT,75,103,2,37.5,72.82,England
3238,9310,Tim Bresnan,LEG_GLANCE,75,52,6,12.5,144.23,England
3239,37004,James Franklin,PULL_HOOK_ON_BACK_FOOT,75,39,6,12.5,192.31,New Zealand
3240,541224,Luke Jongwe,ON_DRIVE,75,51,3,25.0,147.06,Zimbabwe
3241,525992,Adam Hose,CUT_SHOT,75,68,3,25.0,110.29,England
3242,25490,Richie Berrington,COVER_DRIVE,75,59,3,25.0,127.12,Scotland
3243,47015,Jacques Rudolph,CUT_SHOT_ON_BACK_FOOT,75,48,2,37.5,156.25,South Africa
3244,446507,Suryakumar Yadav,RAMP,75,24,3,25.0,312.5,India
3245,50710,Kumar Sangakkara,COVER_DRIVE,74,56,1,74.0,132.14,Sri Lanka
3246,270484,James Faulkner,COVER_DRIVE,74,68,2,37.0,108.82,Australia
3247,914171,Qais Ahmad,ON_DRIVE,74,50,7,10.57,148.0,Afghanistan
3248,47015,Jacques Rudolph,PUSH_SHOT,74,146,4,18.5,50.68,South Africa
3249,236489,Dawid Malan,PUSH_SHOT,74,121,3,24.67,61.16,England
3250,381002,Graeme van Buuren,PULL_HOOK_ON_BACK_FOOT,74,41,4,18.5,180.49,England
3251,536936,Litton Das,SQUARE_DRIVE,74,52,2,37.0,142.31,Bangladesh
3252,463668,Jake Lintott,VERTICAL_FORWARD_ATTACK,74,60,4,18.5,123.33,England
3253,1331512,Mirza Baig,ON_DRIVE,74,43,1,74.0,172.09,Pakistan
3254,56025,Mahmudullah,STRAIGHT_DRIVE,74,28,2,37.0,264.29,Bangladesh
3255,402992,Shuvagata Hom,ON_DRIVE,74,49,3,24.67,151.02,Bangladesh
3256,669365,Phil Salt,SLOG_SWEEP,74,33,5,14.8,224.24,England
3257,595004,Kyle Verreynne,PULL,74,30,1,74.0,246.67,South Africa
3258,272450,Mitchell Marsh,SLOG_SWEEP,74,26,5,14.8,284.62,Australia
3259,311158,Ben Stokes,STRAIGHT_DRIVE,74,28,2,37.0,264.29,England
3260,1070183,Abhishek Sharma,STRAIGHT_DRIVE,74,18,2,37.0,411.11,India
3261,298438,Jason Roy,PUSH_SHOT,74,112,4,18.5,66.07,England
3262,327830,Dwaine Pretorius,CUT_SHOT,74,47,3,24.67,157.45,South Africa
3263,787987,Marnus Labuschagne,PULL_HOOK_ON_BACK_FOOT,74,46,5,14.8,160.87,Australia
3264,323389,Mohammad Rizwan,SQUARE_DRIVE,74,51,3,24.67,145.1,Pakistan
3265,819429,Azmatullah Omarzai,FLICK,74,61,2,37.0,121.31,Afghanistan
3266,37696,Hamish Marshall,CUT_SHOT_ON_BACK_FOOT,74,46,4,18.5,160.87,New Zealand
3267,1088610,Jack Edwards,COVER_DRIVE,74,49,2,37.0,151.02,Australia
3268,1070173,Shubman Gill,SLOG_SWEEP,74,23,4,18.5,321.74,India
3269,451782,James Fuller,PUSH_SHOT,74,103,1,74.0,71.84,England
3270,38699,Ross Taylor,LEG_GLANCE,74,47,2,37.0,157.45,New Zealand
3271,26421,Ravichandran Ashwin,COVER_DRIVE,74,60,10,7.4,123.33,India
3272,379774,Colin Ackermann,PUSH_SHOT,74,133,3,24.67,55.64,Netherlands
3273,1119026,Devdutt Padikkal,STEERED,74,79,1,74.0,93.67,India
3274,1161381,Mahmudul Hasan Joy,FLICK,74,91,2,37.0,81.32,Bangladesh
3275,314615,Jonathan Carter,PULL,74,38,1,74.0,194.74,West Indies
3276,228622,John Hastings,PULL_HOOK_ON_BACK_FOOT,74,35,2,37.0,211.43,Australia
3277,605575,Matthew Short,SLOG_SWEEP,74,21,5,14.8,352.38,Australia
3278,721867,Jitesh Sharma,SLOG_SHOT,73,40,10,7.3,182.5,India
3279,6683,Shaun Marsh,STEERED,73,65,1,73.0,112.31,Australia
3280,43266,Sohaib Maqsood,SLOG_SHOT,73,45,10,7.3,162.22,Pakistan
3281,328026,Isuru Udana,COVER_DRIVE,73,46,6,12.17,158.7,Sri Lanka
3282,623636,Kamran Ghulam,ON_DRIVE,73,63,7,10.43,115.87,Pakistan
3283,787073,Chris Green,CUT_SHOT,73,60,1,73.0,121.67,Australia
3284,550215,Kagiso Rabada,COVER_DRIVE,73,54,1,73.0,135.19,South Africa
3285,480603,Iftikhar Ahmed,STRAIGHT_DRIVE,73,30,1,73.0,243.33,Pakistan
3286,423838,Rahul Tewatia,CUT_SHOT,73,70,1,73.0,104.29,India
3287,1167770,Meet Bhavsar,PULL,73,29,1,73.0,251.72,Kuwait
3288,629059,Yasir Ali,FLICK,73,88,3,24.33,82.95,Bangladesh
3289,230193,Matthew Wade,SLOG_SWEEP,73,36,6,12.17,202.78,Australia
3290,215155,Usman Khawaja,SLOG_SHOT,73,39,4,18.25,187.18,Australia
3291,662235,Josh Inglis,SQUARE_DRIVE,73,44,1,73.0,165.91,Australia
3292,853265,Mahipal Lomror,PULL,73,40,3,24.33,182.5,India
3293,559062,Nick Kelly,CUT_SHOT,73,62,3,24.33,117.74,New Zealand
3294,50710,Kumar Sangakkara,CUT_SHOT,73,55,1,73.0,132.73,Sri Lanka
3295,7502,Luke Ronchi,LEG_GLANCE,73,39,3,24.33,187.18,New Zealand
3296,56194,Tamim Iqbal,PUSH,73,137,1,73.0,53.28,Bangladesh
3297,403902,Liam Livingstone,SLOG_SWEEP,73,27,4,18.25,270.37,England
3298,1096822,Callum Taylor,VERTICAL_FORWARD_ATTACK,73,75,3,24.33,97.33,England
3299,325012,Marcus Stoinis,SWEEP_SHOT,73,47,2,36.5,155.32,Australia
3300,326637,Chris Lynn,PUSH,73,146,3,24.33,50.0,Australia
3301,308408,Josh Cobb,SWEEP,73,28,2,36.5,260.71,England
3302,679567,Ben Dwarshuis,ON_DRIVE,73,42,2,36.5,173.81,Australia
3303,326637,Chris Lynn,LEG_GLANCE,73,53,2,36.5,137.74,Australia
3304,398439,Karun Nair,STEERED,73,65,3,24.33,112.31,India
3305,1099379,Gareth Delany,CUT_SHOT,73,51,4,18.25,143.14,Ireland
3306,1076382,Mackenzie Harvey,COVER_DRIVE,73,59,4,18.25,123.73,Australia
3307,573170,Luke Wood,VERTICAL_FORWARD_ATTACK,73,66,6,12.17,110.61,England
3308,1151273,Nehal Wadhera,PULL,73,35,1,73.0,208.57,India
3309,42657,Shoaib Malik,DEFENDED,73,370,8,9.12,19.73,Pakistan
3310,633660,Virandeep Singh,PULL,73,18,1,73.0,405.56,Malaysia
3311,530773,Pawan Negi,ON_DRIVE,73,49,7,10.43,148.98,India
3312,219889,David Warner,DEFENDED,73,374,11,6.64,19.52,Australia
3313,348056,Kyle Mayers,STEERED,73,76,3,24.33,96.05,West Indies
3314,23506,Alex Wakely,PUSH_SHOT,73,97,2,36.5,75.26,England
3315,18632,Samit Patel,PUSH_SHOT,73,120,4,18.25,60.83,England
3316,221140,David Wiese,STRAIGHT_DRIVE,73,26,2,36.5,280.77,Namibia
3317,470633,Tom Kohler-Cadmore,STRAIGHT_DRIVE,72,22,3,24.0,327.27,England
3318,51880,Chris Gayle,SLOG_SWEEP,72,24,2,36.0,300.0,West Indies
3319,350126,Luke Wells,LEG_GLANCE,72,44,3,24.0,163.64,England
3320,437316,Dasun Shanaka,PUSH,72,115,3,24.0,62.61,Sri Lanka
3321,308798,D'Arcy Short,CUT_SHOT_ON_BACK_FOOT,72,54,2,36.0,133.33,Australia
3322,931581,Rishabh Pant,REVERSE_SWEEP,72,46,1,72.0,156.52,India
3323,288992,Chris Jordan,CUT_SHOT,72,57,2,36.0,126.32,England
3324,297433,Jonny Bairstow,SLOG_SWEEP,72,35,6,12.0,205.71,England
3325,226492,Martin Guptill,CUT_SHOT_ON_BACK_FOOT,72,33,2,36.0,218.18,New Zealand
3326,914541,Sherfane Rutherford,STRAIGHT_DRIVE,72,25,4,18.0,288.0,West Indies
3327,784379,Wanindu Hasaranga,SLOG_SWEEP,72,27,2,36.0,266.67,Sri Lanka
3328,521170,Lewis McManus,SWEEP,72,40,4,18.0,180.0,England
3329,348144,Babar Azam,DAB,72,59,1,72.0,122.03,Pakistan
3330,297628,Sam Billings,SLOG_SWEEP,72,30,3,24.0,240.0,England
3331,629058,Najmul Hossain Shanto,PUSH,72,164,3,24.0,43.9,Bangladesh
3332,10772,Paul Collingwood,LEG_GLANCE,72,47,1,72.0,153.19,England
3333,1170265,Tilak Varma,SLOG_SWEEP,72,20,3,24.0,360.0,India
3334,211748,Benny Howell,SWEEP,72,35,4,18.0,205.71,England
3335,25446,Kyle Coetzer,COVER_DRIVE,72,43,3,24.0,167.44,Scotland
3336,318845,Rilee Rossouw,SQUARE_DRIVE,72,44,2,36.0,163.64,South Africa
3337,711559,Usman Ghani,SLOG_SHOT,72,36,6,12.0,200.0,Afghanistan
3338,348146,Ahsan Ali,ON_DRIVE,72,61,6,12.0,118.03,Pakistan
3339,211855,Liam Dawson,COVER_DRIVE,72,52,5,14.4,138.46,England
3340,27223,Stuart Binny,ON_DRIVE,72,56,6,12.0,128.57,India
3341,379140,Devon Conway,LEG_GLANCE,72,43,1,72.0,167.44,New Zealand
3342,931581,Rishabh Pant,STEERED,72,70,4,18.0,102.86,India
3343,24598,Eoin Morgan,SWEEP_SHOT,72,43,4,18.0,167.44,England
3344,300618,Nasir Hossain,COVER_DRIVE,72,48,3,24.0,150.0,Bangladesh
3345,1178586,Vriitya Aravind,ON_DRIVE,72,76,2,36.0,94.74,United Arab Emirates
3346,1178586,Vriitya Aravind,CUT_SHOT,72,58,3,24.0,124.14,United Arab Emirates
3347,566805,Tom Wood,PULL_HOOK_ON_BACK_FOOT,72,42,3,24.0,171.43,England
3348,1076377,Oliver Davies,PULL,72,42,2,36.0,171.43,Australia
3349,359184,Tom Lewis,VERTICAL_FORWARD_ATTACK,72,66,4,18.0,109.09,England
3350,877051,Tom Banton,CUT_SHOT_ON_BACK_FOOT,72,57,3,24.0,126.32,England
3351,781285,Jake Weatherald,STRAIGHT_DRIVE,72,29,5,14.4,248.28,Australia
3352,308294,Stuart Poynter,CUT_SHOT_ON_BACK_FOOT,71,52,2,35.5,136.54,Ireland
3353,892749,Tim David,PUSH,71,121,2,35.5,58.68,Australia
3354,333624,Alex Ross,REVERSE_SWEEP,71,54,2,35.5,131.48,Australia
3355,1151278,Yashasvi Jaiswal,STEERED,71,62,2,35.5,114.52,India
3356,333624,Alex Ross,STRAIGHT_DRIVE,71,23,1,71.0,308.7,Australia
3357,1137283,Thomas Rogers,COVER_DRIVE,71,49,4,17.75,144.9,Australia
3358,848623,Mark Deyal,CUT_SHOT,71,68,3,23.67,104.41,West Indies
3359,277911,George Worker,PULL,71,40,3,23.67,177.5,New Zealand
3360,51880,Chris Gayle,PUSH,71,177,2,35.5,40.11,West Indies
3361,8917,Moeen Ali,PUSH,71,137,5,14.2,51.82,England
3362,595739,Leus du Plooy,SWEEP,71,35,2,35.5,202.86,England
3363,497121,Deepak Hooda,SQUARE_DRIVE,71,48,3,23.67,147.92,India
3364,297433,Jonny Bairstow,CUT_SHOT_ON_BACK_FOOT,71,40,3,23.67,177.5,England
3365,315586,Chadwick Walton,SQUARE_DRIVE,71,53,2,35.5,133.96,West Indies
3366,833087,Mahedi Hasan,SLOG_SWEEP,71,23,5,14.2,308.7,Bangladesh
3367,35582,Robin Uthappa,DEFENDED,71,219,2,35.5,32.42,India
3368,379140,Devon Conway,STEERED,71,69,2,35.5,102.9,New Zealand
3369,9062,Ian Bell,PUSH_SHOT,71,116,1,71.0,61.21,England
3370,315594,Ashley Nurse,ON_DRIVE,71,62,2,35.5,114.52,West Indies
3371,1074333,Nuwanidu Fernando,PULL,71,27,3,23.67,262.96,Sri Lanka
3372,486672,Theunis de Bruyn,ON_DRIVE,71,55,4,17.75,129.09,South Africa
3373,628240,Hussain Talat,STEERED,71,72,2,35.5,98.61,Pakistan
3374,571911,Joe Clarke,SLOG_SHOT,71,57,11,6.45,124.56,England
3375,376169,Michael Neser,FLICK,71,51,4,17.75,139.22,Australia
3376,502714,Mitchell Santner,CUT_SHOT,71,66,4,17.75,107.58,New Zealand
3377,236489,Dawid Malan,SWEEP_SHOT,71,45,7,10.14,157.78,England
3378,47660,Ryan ten Doeschate,PUSH_SHOT,71,126,3,23.67,56.35,Netherlands
3379,253802,Virat Kohli,LEG_GLANCE,71,56,3,23.67,126.79,India
3380,578769,Ed Barnard,PULL_HOOK_ON_BACK_FOOT,71,43,5,14.2,165.12,England
3381,32498,Yusuf Pathan,SLOG_SHOT,71,43,4,17.75,165.12,India
3382,1161038,Alishan Sharafu,PULL,71,42,1,71.0,169.05,United Arab Emirates
3383,15348,James Hildreth,PUSH_SHOT,71,135,2,35.5,52.59,England
3384,897549,Will Jacks,SWEEP_SHOT,71,27,3,23.67,262.96,England
3385,1278029,Yasir Khan,PULL,71,23,2,35.5,308.7,Pakistan
3386,566805,Tom Wood,CUT_SHOT_ON_BACK_FOOT,71,45,2,35.5,157.78,England
3387,460756,Alex Lees,CUT_SHOT_ON_BACK_FOOT,71,65,3,23.67,109.23,England
3388,623695,Chamika Karunaratne,FLICK,71,64,4,17.75,110.94,Sri Lanka
3389,600498,Aiden Markram,SQUARE_DRIVE,71,45,1,71.0,157.78,South Africa
3390,379890,Chad Bowes,ON_DRIVE,71,63,2,35.5,112.7,New Zealand
3391,230193,Matthew Wade,STEERED,71,60,2,35.5,118.33,Australia
3392,521170,Lewis McManus,LEG_GLANCE,71,56,3,23.67,126.79,England
3393,505110,Kurtis Patterson,CUT_SHOT,71,55,4,17.75,129.09,Australia
3394,17185,Phil Mustard,SWEEP,71,39,3,23.67,182.05,England
3395,299572,Sikandar Raza,STEERED,71,66,2,35.5,107.58,Zimbabwe
3396,297433,Jonny Bairstow,PUSH,71,128,6,11.83,55.47,England
3397,326016,Bhuvneshwar Kumar,ON_DRIVE,70,55,7,10.0,127.27,India
3398,1107572,Tom Clark,LEG_GLANCE,70,38,4,17.5,184.21,England
3399,826679,Sam Heazlett,COVER_DRIVE,70,58,2,35.0,120.69,Australia
3400,530773,Pawan Negi,COVER_DRIVE,70,29,1,70.0,241.38,India
3401,536936,Litton Das,LEG_GLANCE,70,35,1,70.0,200.0,Bangladesh
3402,500268,Ashton Turner,STRAIGHT_DRIVE,70,28,1,70.0,250.0,Australia
3403,630174,Delray Rawlins,LEG_GLANCE,70,55,2,35.0,127.27,Bermuda
3404,1175488,Dhruv Jurel,FLICK,70,34,3,23.33,205.88,India
3405,380354,Anamul Haque,SLOG_SWEEP,70,22,2,35.0,318.18,Bangladesh
3406,641423,Dan Lawrence,COVER_DRIVE,70,45,1,70.0,155.56,England
3407,711559,Usman Ghani,COVER_DRIVE,70,56,4,17.5,125.0,Afghanistan
3408,398506,Mandeep Singh,SLOG_SHOT,70,46,10,7.0,152.17,India
3409,1255248,Jordan Hermann,ON_DRIVE,70,72,4,17.5,97.22,South Africa
3410,230549,Jason Mohammed,PULL,70,32,4,17.5,218.75,West Indies
3411,1124283,Aaron Hardie,CUT_SHOT,70,45,2,35.0,155.56,Australia
3412,24598,Eoin Morgan,STEERED,70,76,1,70.0,92.11,England
3413,381329,Beau Webster,PUSH,70,117,4,17.5,59.83,Australia
3414,1070173,Shubman Gill,SWEEP_SHOT,70,28,2,35.0,250.0,India
3415,35565,Manoj Tiwary,FLICK,70,63,5,14.0,111.11,India
3416,308251,David Willey,CUT_SHOT,70,71,4,17.5,98.59,England
3417,230556,Andre McCarthy,ON_DRIVE,70,60,5,14.0,116.67,West Indies
3418,297626,Will Beer,VERTICAL_FORWARD_ATTACK,70,71,10,7.0,98.59,England
3419,334337,Peter Handscomb,SLOG_SHOT,70,39,10,7.0,179.49,Australia
3420,5961,Moises Henriques,STEERED,70,62,1,70.0,112.9,Australia
3421,623695,Chamika Karunaratne,PULL,70,37,2,35.0,189.19,Sri Lanka
3422,209457,Chamara Kapugedera,COVER_DRIVE,70,50,3,23.33,140.0,Sri Lanka
3423,37737,Brendon McCullum,STEERED,70,69,3,23.33,101.45,New Zealand
3424,550235,Tom Curran,SLOG_SHOT,70,37,7,10.0,189.19,England
3425,475281,Shardul Thakur,ON_DRIVE,70,47,5,14.0,148.94,India
3426,446507,Suryakumar Yadav,UPPER_CUT,70,25,1,70.0,280.0,India
3427,317273,Umar Akmal,COVER_DRIVE,70,44,4,17.5,159.09,Pakistan
3428,450101,Raymon Reifer,COVER_DRIVE,70,56,4,17.5,125.0,West Indies
3429,669365,Phil Salt,SWEEP,70,48,5,14.0,145.83,England
3430,486672,Theunis de Bruyn,COVER_DRIVE,70,50,1,70.0,140.0,South Africa
3431,377534,Shashank Singh,FLICK,70,59,2,35.0,118.64,India
3432,55412,Craig Ervine,CUT_SHOT,70,56,1,70.0,125.0,Zimbabwe
3433,457280,Adam Rossington,SWEEP,70,52,4,17.5,134.62,England
3434,605680,Janneman Malan,FLICK,70,68,4,17.5,102.94,South Africa
3435,853265,Mahipal Lomror,SLOG_SWEEP,70,21,2,35.0,333.33,India
3436,376169,Michael Neser,ON_DRIVE,70,49,5,14.0,142.86,Australia
3437,49764,Angelo Mathews,CUT_SHOT,70,66,2,35.0,106.06,Sri Lanka
3438,46148,Richard Levi,SWEEP,70,29,2,35.0,241.38,South Africa
3439,46270,Johann Myburgh,LEG_GLANCE,69,45,4,17.25,153.33,South Africa
3440,697059,Zakir Hasan,CUT_SHOT,69,67,5,13.8,102.99,Bangladesh
3441,696401,Marco Jansen,SLOG_SHOT,69,38,6,11.5,181.58,South Africa
3442,629070,Mohammad Saifuddin,PULL,69,41,3,23.0,168.29,Bangladesh
3443,697059,Zakir Hasan,COVER_DRIVE,69,61,6,11.5,113.11,Bangladesh
3444,603410,Ben McDermott,PUSH_SHOT,69,97,1,69.0,71.13,Australia
3445,215155,Usman Khawaja,VERTICAL_FORWARD_ATTACK,69,51,2,34.5,135.29,Australia
3446,696241,Ricardo Vasconcelos,SWEEP,69,43,4,17.25,160.47,South Africa
3447,53115,Daren Sammy,SLOG_SHOT,69,42,8,8.62,164.29,West Indies
3448,398778,Rory Burns,REVERSE_SWEEP,69,34,2,34.5,202.94,England
3449,571102,Fynn Hudson-Prentice,PULL_HOOK_ON_BACK_FOOT,69,45,4,17.25,153.33,England
3450,570421,Will Rhodes,SWEEP,69,35,5,13.8,197.14,England
3451,232361,Kieran Noema-Barnett,PULL_HOOK_ON_BACK_FOOT,69,29,1,69.0,237.93,New Zealand
3452,604527,Nitish Rana,PUSH,69,118,4,17.25,58.47,India
3453,18048,Chris Nash,PUSH_SHOT,69,129,1,69.0,53.49,England
3454,280734,Imrul Kayes,SLOG_SHOT,69,33,6,11.5,209.09,Bangladesh
3455,1027867,Lasith Croospulle,FLICK,69,56,2,34.5,123.21,Sri Lanka
3456,1097408,Rob Yates,LEG_GLANCE,69,44,3,23.0,156.82,England
3457,21440,John Simpson,SWEEP,69,36,2,34.5,191.67,England
3458,662235,Josh Inglis,STEERED,69,61,1,69.0,113.11,Australia
3459,784367,Charith Asalanka,SLOG_SWEEP,69,33,8,8.62,209.09,Sri Lanka
3460,596099,Dean Foxcroft,FLICK,69,64,2,34.5,107.81,New Zealand
3461,13983,Billy Godleman,SWEEP,69,58,7,9.86,118.97,England
3462,669855,Jofra Archer,ON_DRIVE,69,35,4,17.25,197.14,England
3463,578769,Ed Barnard,SWEEP,69,52,4,17.25,132.69,England
3464,243945,Tom Smith,VERTICAL_FORWARD_ATTACK,69,62,3,23.0,111.29,England
3465,251721,Adam Lyth,COVER_DRIVE,69,36,2,34.5,191.67,England
3466,481875,George Linde,COVER_DRIVE,69,66,6,11.5,104.55,South Africa
3467,373696,Mominul Haque,ON_DRIVE,69,50,1,69.0,138.0,Bangladesh
3468,41028,Kamran Akmal,SWEEP_SHOT,69,42,3,23.0,164.29,Pakistan
3469,497121,Deepak Hooda,STRAIGHT_DRIVE,69,29,1,69.0,237.93,India
3470,36084,Yuvraj Singh,CUT_SHOT,69,69,3,23.0,100.0,India
3471,526021,Cole McConchie,FLICK,69,57,3,23.0,121.05,New Zealand
3472,547749,Will Young,ON_DRIVE,69,44,3,23.0,156.82,New Zealand
3473,787987,Marnus Labuschagne,CUT_SHOT_ON_BACK_FOOT,69,47,2,34.5,146.81,Australia
3474,51439,Dwayne Bravo,SQUARE_DRIVE,69,55,6,11.5,125.45,West Indies
3475,643999,Matthew Lamb,VERTICAL_FORWARD_ATTACK,69,51,3,23.0,135.29,England
3476,594322,Corbin Bosch,FLICK,69,68,2,34.5,101.47,South Africa
3477,10772,Paul Collingwood,CUT_SHOT_ON_BACK_FOOT,69,58,1,69.0,118.97,England
3478,1255248,Jordan Hermann,FLICK,69,79,3,23.0,87.34,South Africa
3479,524049,Najibullah Zadran,SLOG_SWEEP,69,29,6,11.5,237.93,Afghanistan
3480,326434,Alex Carey,PUSH,69,109,1,69.0,63.3,Australia
3481,437316,Dasun Shanaka,STEERED,69,67,4,17.25,102.99,Sri Lanka
3482,230559,Kieron Pollard,DEFENDED,69,449,7,9.86,15.37,West Indies
3483,1161381,Mahmudul Hasan Joy,PULL,69,40,6,11.5,172.5,Bangladesh
3484,232364,Tim Southee,PULL,69,35,6,11.5,197.14,New Zealand
3485,267192,Steven Smith,LEG_GLANCE,69,34,1,69.0,202.94,Australia
3486,457249,Carlos Brathwaite,PULL_HOOK_ON_BACK_FOOT,69,33,5,13.8,209.09,West Indies
3487,322810,Cameron Delport,CUT_SHOT,69,54,2,34.5,127.78,South Africa
3488,342619,Bhanuka Rajapaksa,PUSH,69,107,2,34.5,64.49,Sri Lanka
3489,5961,Moises Henriques,STRAIGHT_DRIVE,69,32,2,34.5,215.62,Australia
3490,290716,Kedar Jadhav,STEERED,69,56,4,17.25,123.21,India
3491,1172968,Dan Mousley,LEG_GLANCE,69,44,2,34.5,156.82,England
3492,1163855,Hayden Kerr,PULL,69,32,4,17.25,215.62,Australia
3493,1070173,Shubman Gill,SQUARE_DRIVE,69,44,2,34.5,156.82,India
3494,1209110,Basil Hameed,ON_DRIVE,68,59,5,13.6,115.25,United Arab Emirates
3495,434813,Marcus Harris,CUT_SHOT,68,55,3,22.67,123.64,Australia
3496,43906,Hashim Amla,SQUARE_DRIVE,68,47,1,68.0,144.68,South Africa
3497,345825,Chaturanga de Silva,COVER_DRIVE,68,46,5,13.6,147.83,Sri Lanka
3498,436677,Soumya Sarkar,SLOG_SWEEP,68,29,5,13.6,234.48,Bangladesh
3499,823509,Glenn Phillips,STEERED,68,47,1,68.0,144.68,New Zealand
3500,288992,Chris Jordan,LEG_GLANCE,68,49,3,22.67,138.78,England
3501,267192,Steven Smith,STEERED,68,68,4,17.0,100.0,Australia
3502,388802,Tom Latham,PULL,68,42,3,22.67,161.9,New Zealand
3503,300617,Rony Talukdar,CUT_SHOT,68,56,4,17.0,121.43,Bangladesh
3504,35390,Saurabh Tiwary,COVER_DRIVE,68,47,1,68.0,144.68,India
3505,722303,Matt Renshaw,REVERSE_SWEEP,68,42,3,22.67,161.9,Australia
3506,747031,James Bracey,LEG_GLANCE,68,53,3,22.67,128.3,England
3507,211855,Liam Dawson,LEG_GLANCE,68,54,7,9.71,125.93,England
3508,922941,Abdullah Shafique,COVER_DRIVE,68,49,1,68.0,138.78,Pakistan
3509,834741,Caleb Jewell,ON_DRIVE,68,60,4,17.0,113.33,Australia
3510,497121,Deepak Hooda,STEERED,68,64,1,68.0,106.25,India
3511,379774,Colin Ackermann,FLICK,68,48,2,34.0,141.67,Netherlands
3512,297628,Sam Billings,STRAIGHT_DRIVE,68,26,2,34.0,261.54,England
3513,629058,Najmul Hossain Shanto,SWEEP_SHOT,68,49,3,22.67,138.78,Bangladesh
3514,480603,Iftikhar Ahmed,PUSH,68,156,8,8.5,43.59,Pakistan
3515,502714,Mitchell Santner,PULL_HOOK_ON_BACK_FOOT,68,37,2,34.0,183.78,New Zealand
3516,55872,Malcolm Waller,ON_DRIVE,68,42,2,34.0,161.9,Zimbabwe
3517,853265,Mahipal Lomror,FLICK,68,74,6,11.33,91.89,India
3518,425943,Sanju Samson,LEG_GLANCE,68,41,1,68.0,165.85,India
3519,24611,William Porterfield,PULL_HOOK_ON_BACK_FOOT,68,41,1,68.0,165.85,Ireland
3520,24611,William Porterfield,CUT_SHOT_ON_BACK_FOOT,68,43,2,34.0,158.14,Ireland
3521,334337,Peter Handscomb,LEG_GLANCE,68,43,4,17.0,158.14,Australia
3522,1070168,Prithvi Shaw,SLOG_SWEEP,68,24,3,22.67,283.33,India
3523,1175488,Dhruv Jurel,ON_DRIVE,68,36,1,68.0,188.89,India
3524,322810,Cameron Delport,SLOG_SHOT,68,33,8,8.5,206.06,South Africa
3525,721867,Jitesh Sharma,FLICK,68,56,2,34.0,121.43,India
3526,377534,Shashank Singh,ON_DRIVE,68,37,3,22.67,183.78,India
3527,37696,Hamish Marshall,LEG_GLANCE,68,46,4,17.0,147.83,New Zealand
3528,772293,Michael Pepper,COVER_DRIVE,68,37,4,17.0,183.78,England
3529,524049,Najibullah Zadran,STRAIGHT_DRIVE,67,26,1,67.0,257.69,Afghanistan
3530,935995,Afif Hossain,STRAIGHT_DRIVE,67,36,1,67.0,186.11,Bangladesh
3531,747067,Josh Bohannon,VERTICAL_FORWARD_ATTACK,67,69,6,11.17,97.1,England
3532,277662,Corey Anderson,COVER_DRIVE,67,64,4,16.75,104.69,United States of America
3533,56007,Mashrafe Mortaza,PULL,67,26,3,22.33,257.69,Bangladesh
3534,1137262,Azam Khan,STEERED,67,81,2,33.5,82.72,Pakistan
3535,959759,Finn Allen,CUT_SHOT,67,63,3,22.33,106.35,New Zealand
3536,376169,Michael Neser,PULL,67,40,5,13.4,167.5,Australia
3537,1172968,Dan Mousley,SWEEP,67,28,3,22.33,239.29,England
3538,362541,Doug Bracewell,ON_DRIVE,67,34,3,22.33,197.06,New Zealand
3539,279810,Wriddhiman Saha,SWEEP_SHOT,67,55,3,22.33,121.82,India
3540,781285,Jake Weatherald,SQUARE_DRIVE,67,51,2,33.5,131.37,Australia
3541,300629,Angelo Perera,ON_DRIVE,67,41,3,22.33,163.41,Sri Lanka
3542,568276,Imam-ul-Haq,FLICK,67,56,1,67.0,119.64,Pakistan
3543,288617,Ross Whiteley,PULL,67,42,2,33.5,159.52,England
3544,631668,Stephen Eskinazi,PULL,67,47,2,33.5,142.55,England
3545,300628,Dinesh Chandimal,STRAIGHT_DRIVE,67,28,2,33.5,239.29,Sri Lanka
3546,1143529,Imran Anwar,ON_DRIVE,67,34,3,22.33,197.06,Bahrain
3547,623977,Agha Salman,PULL,67,35,5,13.4,191.43,Pakistan
3548,308967,Jos Buttler,SWEEP_SHOT,67,41,2,33.5,163.41,England
3549,459761,Ben Raine,CUT_SHOT_ON_BACK_FOOT,67,53,2,33.5,126.42,England
3550,402992,Shuvagata Hom,PULL,67,41,1,67.0,163.41,Bangladesh
3551,429122,Umaid Asif,ON_DRIVE,67,25,2,33.5,268.0,Pakistan
3552,398666,Sean Abbott,ON_DRIVE,67,73,9,7.44,91.78,Australia
3553,1099379,Gareth Delany,PULL,67,32,1,67.0,209.38,Ireland
3554,459257,Tymal Mills,VERTICAL_FORWARD_ATTACK,67,53,7,9.57,126.42,England
3555,475281,Shardul Thakur,SLOG_SHOT,67,38,8,8.38,176.32,India
3556,325026,Glenn Maxwell,CUT_SHOT_ON_BACK_FOOT,67,49,2,33.5,136.73,Australia
3557,517247,Jonathan Tattersall,LEG_GLANCE,67,46,3,22.33,145.65,England
3558,641423,Dan Lawrence,ON_DRIVE,67,53,6,11.17,126.42,England
3559,243944,Alex Blake,CUT_SHOT_ON_BACK_FOOT,67,60,3,22.33,111.67,England
3560,303669,Joe Root,REVERSE_SWEEP,67,32,1,67.0,209.38,England
3561,422965,Shehan Jayasuriya,FLICK,67,67,4,16.75,100.0,United States of America
3562,450101,Raymon Reifer,CUT_SHOT,67,53,4,16.75,126.42,West Indies
3563,642519,Shreyas Iyer,DEFENDED,67,305,3,22.33,21.97,India
3564,304735,Dilshan Munaweera,ON_DRIVE,67,44,4,16.75,152.27,Sri Lanka
3565,696241,Ricardo Vasconcelos,LEG_GLANCE,67,49,1,67.0,136.73,South Africa
3566,422108,KL Rahul,DEFENDED,67,413,10,6.7,16.22,India
3567,1076377,Oliver Davies,FLICK,67,65,4,16.75,103.08,Australia
3568,20367,Darren Stevens,PULL_HOOK_ON_BACK_FOOT,67,39,2,33.5,171.79,England
3569,464626,Craig Overton,PULL_HOOK_ON_BACK_FOOT,67,46,3,22.33,145.65,England
3570,233680,Jonathan Wells,SLOG_SWEEP,66,24,4,16.5,275.0,Australia
3571,1096092,Jamie Smith,CUT_SHOT_ON_BACK_FOOT,66,45,4,16.5,146.67,England
3572,459508,Andrew Tye,PULL,66,43,6,11.0,153.49,Australia
3573,517247,Jonathan Tattersall,SWEEP,66,50,5,13.2,132.0,England
3574,256956,Laurie Evans,SLOG_SHOT,66,40,4,16.5,165.0,England
3575,6683,Shaun Marsh,SLOG_SHOT,66,35,7,9.43,188.57,Australia
3576,214695,Alexei Kervezee,VERTICAL_FORWARD_ATTACK,66,64,5,13.2,103.12,Netherlands
3577,848623,Mark Deyal,FLICK,66,77,2,33.0,85.71,West Indies
3578,5961,Moises Henriques,PUSH,66,92,1,66.0,71.74,Australia
3579,269237,Mohammad Mithun,SLOG_SHOT,66,41,11,6.0,160.98,Bangladesh
3580,375126,Hardus Viljoen,VERTICAL_FORWARD_ATTACK,66,47,6,11.0,140.43,South Africa
3581,603410,Ben McDermott,SQUARE_DRIVE,66,57,1,66.0,115.79,Australia
3582,537319,Kennar Lewis,COVER_DRIVE,66,60,3,22.0,110.0,West Indies
3583,300617,Rony Talukdar,SLOG_SHOT,66,44,12,5.5,150.0,Bangladesh
3584,604302,Nicholas Pooran,SWEEP_SHOT,66,67,4,16.5,98.51,West Indies
3585,280490,JJ Smuts,COVER_DRIVE,66,49,1,66.0,134.69,South Africa
3586,297433,Jonny Bairstow,SQUARE_DRIVE,66,40,1,66.0,165.0,England
3587,277906,Kane Williamson,SLOG_SWEEP,66,27,6,11.0,244.44,New Zealand
3588,1290929,Tim Robinson,COVER_DRIVE,66,32,3,22.0,206.25,New Zealand
3589,793467,Karim Janat,SLOG_SHOT,66,35,7,9.43,188.57,Afghanistan
3590,424377,Krishnappa Gowtham,ON_DRIVE,66,29,5,13.2,227.59,India
3591,625964,Tim Seifert,PUSH,66,153,5,13.2,43.14,New Zealand
3592,348034,George Dockrell,STRAIGHT_DRIVE,66,25,2,33.0,264.0,Ireland
3593,379143,Quinton de Kock,SLOG_SWEEP,66,32,9,7.33,206.25,South Africa
3594,1076722,Will Sutherland,FLICK,66,49,2,33.0,134.69,Australia
3595,56007,Mashrafe Mortaza,ON_DRIVE,66,41,8,8.25,160.98,Bangladesh
3596,265564,Wayne Parnell,PULL_HOOK_ON_BACK_FOOT,66,40,4,16.5,165.0,South Africa
3597,331375,Hamish Rutherford,SWEEP,66,33,2,33.0,200.0,New Zealand
3598,35582,Robin Uthappa,SQUARE_DRIVE,66,45,2,33.0,146.67,India
3599,325012,Marcus Stoinis,SLOG_SWEEP,66,24,3,22.0,275.0,Australia
3600,662235,Josh Inglis,SLOG_SWEEP,66,27,7,9.43,244.44,Australia
3601,331375,Hamish Rutherford,FLICK,66,47,3,22.0,140.43,New Zealand
3602,1099224,Will Smeed,SLOG_SHOT,66,35,4,16.5,188.57,England
3603,557295,Hilton Cartwright,VERTICAL_FORWARD_ATTACK,66,59,1,66.0,111.86,Australia
3604,294062,Luke Procter,VERTICAL_FORWARD_ATTACK,66,65,4,16.5,101.54,England
3605,440517,Dane Cleaver,PULL,66,37,4,16.5,178.38,New Zealand
3606,410316,Alex Hughes,LEG_GLANCE,65,58,2,32.5,112.07,England
3607,393279,Marchant de Lange,VERTICAL_FORWARD_ATTACK,65,57,7,9.29,114.04,South Africa
3608,877051,Tom Banton,SLOG_SHOT,65,29,8,8.12,224.14,England
3609,1110475,Jack Haynes,LEG_GLANCE,65,45,2,32.5,144.44,England
3610,1076722,Will Sutherland,SLOG_SHOT,65,39,10,6.5,166.67,Australia
3611,308338,Greg Smith,SWEEP,65,40,4,16.25,162.5,England
3612,784369,Avishka Fernando,SLOG_SHOT,65,47,15,4.33,138.3,Sri Lanka
3613,537124,Gurkeerat Singh Mann,ON_DRIVE,65,47,3,21.67,138.3,India
3614,857653,Rishi Patel,SWEEP,65,37,2,32.5,175.68,England
3615,211855,Liam Dawson,FLICK,65,51,2,32.5,127.45,England
3616,521637,Ben Duckett,COVER_DRIVE,65,56,2,32.5,116.07,England
3617,1168651,Haider Ali,LEG_GLANCE,65,41,2,32.5,158.54,Pakistan
3618,776695,Matt Critchley,ON_DRIVE,65,52,1,65.0,125.0,England
3619,699723,Grant Roelofsen,ON_DRIVE,65,61,2,32.5,106.56,South Africa
3620,293831,Regis Chakabva,FLICK,65,65,4,16.25,100.0,Zimbabwe
3621,519544,Tom Taylor,PULL_HOOK_ON_BACK_FOOT,65,29,3,21.67,224.14,England
3622,820691,Odean Smith,FLICK,65,55,3,21.67,118.18,West Indies
3623,1125958,Atharva Taide,FLICK,65,45,1,65.0,144.44,India
3624,431901,Evin Lewis,STEERED,65,72,2,32.5,90.28,West Indies
3625,425943,Sanju Samson,SWEEP_SHOT,65,30,2,32.5,216.67,India
3626,23508,Riki Wessels,PUSH_SHOT,65,152,3,21.67,42.76,England
3627,417268,Matthew Cross,FLICK,65,50,2,32.5,130.0,Scotland
3628,232491,Anwar Ali,ON_DRIVE,65,40,4,16.25,162.5,Pakistan
3629,787987,Marnus Labuschagne,PULL,65,45,4,16.25,144.44,Australia
3630,1070183,Abhishek Sharma,SQUARE_DRIVE,65,39,2,32.5,166.67,India
3631,414966,Michael Leask,SLOG_SHOT,65,40,8,8.12,162.5,Scotland
3632,232491,Anwar Ali,SLOG_SHOT,65,32,7,9.29,203.12,Pakistan
3633,486672,Theunis de Bruyn,FLICK,65,50,2,32.5,130.0,South Africa
3634,539548,Scott Kuggeleijn,SLOG_SHOT,65,28,2,32.5,232.14,New Zealand
3635,647667,Usama Mir,VERTICAL_FORWARD_ATTACK,65,40,3,21.67,162.5,Pakistan
3636,233901,Shan Masood,STRAIGHT_DRIVE,65,27,1,65.0,240.74,Pakistan
3637,1070173,Shubman Gill,STEERED,65,50,2,32.5,130.0,India
3638,451782,James Fuller,CUT_SHOT_ON_BACK_FOOT,65,60,4,16.25,108.33,England
3639,526021,Cole McConchie,ON_DRIVE,65,46,2,32.5,141.3,New Zealand
3640,737833,Kiran Carlson,LEG_GLANCE,65,44,2,32.5,147.73,England
3641,784369,Avishka Fernando,PUSH,65,135,3,21.67,48.15,Sri Lanka
3642,922943,Shadab Khan,PUSH,64,114,2,32.0,56.14,Pakistan
3643,422108,KL Rahul,REVERSE_SWEEP,64,33,1,64.0,193.94,India
3644,643433,George Garton,CUT_SHOT_ON_BACK_FOOT,64,41,4,16.0,156.1,England
3645,10582,Ravi Bopara,SLOG_SHOT,64,32,3,21.33,200.0,England
3646,46788,Ashwell Prince,LEG_GLANCE,64,40,3,21.33,160.0,South Africa
3647,417514,Ben Cox,REVERSE_SWEEP,64,63,4,16.0,101.59,England
3648,297617,Adam Wheater,REVERSE_SWEEP,64,45,4,16.0,142.22,England
3649,303427,Paul Stirling,SWEEP_SHOT,64,36,3,21.33,177.78,Ireland
3650,1161024,Prabhsimran Singh,STRAIGHT_DRIVE,64,27,1,64.0,237.04,India
3651,457280,Adam Rossington,PUSH_SHOT,64,101,4,16.0,63.37,England
3652,1231590,James Coles,VERTICAL_FORWARD_ATTACK,64,53,4,16.0,120.75,England
3653,538506,Taskin Ahmed,COVER_DRIVE,64,35,2,32.0,182.86,Bangladesh
3654,525992,Adam Hose,PUSH_SHOT,64,113,2,32.0,56.64,England
3655,629063,Mehidy Hasan Miraz,SLOG_SHOT,64,40,7,9.14,160.0,Bangladesh
3656,529045,Jake Libby,PUSH_SHOT,64,100,1,64.0,64.0,England
3657,1065662,Roshon Primus,PULL,64,27,1,64.0,237.04,West Indies
3658,23460,Luke Wright,SWEEP,64,25,1,64.0,256.0,England
3659,267192,Steven Smith,SLOG_SWEEP,64,30,6,10.67,213.33,Australia
3660,1076722,Will Sutherland,COVER_DRIVE,64,54,3,21.33,118.52,Australia
3661,450860,Adam Milne,VERTICAL_FORWARD_ATTACK,64,36,1,64.0,177.78,New Zealand
3662,1205559,Mohammad Haris,CUT_SHOT,64,56,3,21.33,114.29,Pakistan
3663,53115,Daren Sammy,FLICK,64,65,4,16.0,98.46,West Indies
3664,698189,Wiaan Mulder,CUT_SHOT,64,46,1,64.0,139.13,South Africa
3665,823509,Glenn Phillips,PUSH_SHOT,64,98,2,32.0,65.31,New Zealand
3666,230559,Kieron Pollard,VERTICAL_FORWARD_ATTACK,64,37,1,64.0,172.97,West Indies
3667,595921,Curtis Campher,FLICK,64,73,3,21.33,87.67,Ireland
3668,35390,Saurabh Tiwary,CUT_SHOT,64,53,1,64.0,120.75,India
3669,637163,Aron Nijjar,VERTICAL_FORWARD_ATTACK,64,49,4,16.0,130.61,England
3670,662235,Josh Inglis,REVERSE_SWEEP,64,31,2,32.0,206.45,Australia
3671,851261,Anmolpreet Singh,FLICK,64,48,4,16.0,133.33,India
3672,398666,Sean Abbott,SLOG_SHOT,64,28,6,10.67,228.57,Australia
3673,696401,Marco Jansen,ON_DRIVE,64,42,4,16.0,152.38,South Africa
3674,1081730,Matthew Gilkes,CUT_SHOT,64,78,2,32.0,82.05,Australia
3675,269280,Reeza Hendricks,SWEEP_SHOT,64,32,2,32.0,200.0,South Africa
3676,559062,Nick Kelly,ON_DRIVE,64,45,2,32.0,142.22,New Zealand
3677,5334,Aaron Finch,SLOG_SWEEP,64,26,7,9.14,246.15,Australia
3678,670013,Fabian Allen,STRAIGHT_DRIVE,64,20,1,64.0,320.0,West Indies
3679,232438,Gary Ballance,PULL_HOOK_ON_BACK_FOOT,64,45,8,8.0,142.22,Zimbabwe
3680,1028655,Pathum Nissanka,STEERED,64,66,1,64.0,96.97,Sri Lanka
3681,362603,Shafiqullah,ON_DRIVE,64,32,3,21.33,200.0,Afghanistan
3682,381743,Daryl Mitchell,PULL_HOOK_ON_BACK_FOOT,64,37,2,32.0,172.97,New Zealand
3683,819429,Azmatullah Omarzai,PULL,64,30,7,9.14,213.33,Afghanistan
3684,1070183,Abhishek Sharma,SLOG_SWEEP,63,15,2,31.5,420.0,India
3685,277916,Ajinkya Rahane,STRAIGHT_DRIVE,63,35,3,21.0,180.0,India
3686,662973,Sam Curran,STRAIGHT_DRIVE,63,25,1,63.0,252.0,England
3687,475281,Shardul Thakur,FLICK,63,38,2,31.5,165.79,India
3688,921509,Ibrahim Zadran,SLOG_SHOT,63,33,4,15.75,190.91,Afghanistan
3689,784369,Avishka Fernando,STRAIGHT_DRIVE,63,26,2,31.5,242.31,Sri Lanka
3690,1290929,Tim Robinson,SLOG_SHOT,63,23,1,63.0,273.91,New Zealand
3691,1072470,Shaheen Shah Afridi,ON_DRIVE,63,35,2,31.5,180.0,Pakistan
3692,425692,Billy Root,PULL_HOOK_ON_BACK_FOOT,63,45,1,63.0,140.0,England
3693,9310,Tim Bresnan,CUT_SHOT_ON_BACK_FOOT,63,52,2,31.5,121.15,England
3694,322810,Cameron Delport,STRAIGHT_DRIVE,63,19,3,21.0,331.58,South Africa
3695,641423,Dan Lawrence,PULL,63,27,1,63.0,233.33,England
3696,931581,Rishabh Pant,HOOK,63,18,1,63.0,350.0,India
3697,323389,Mohammad Rizwan,SWEEP,63,25,1,63.0,252.0,Pakistan
3698,532424,Sohail Akhtar,PULL,63,27,1,63.0,233.33,Pakistan
3699,398778,Rory Burns,SWEEP,63,39,5,12.6,161.54,England
3700,530812,Akeal Hosein,COVER_DRIVE,63,56,1,63.0,112.5,West Indies
3701,594322,Corbin Bosch,ON_DRIVE,63,58,4,15.75,108.62,South Africa
3702,595004,Kyle Verreynne,ON_DRIVE,63,40,2,31.5,157.5,South Africa
3703,259410,Ahmed Shehzad,SQUARE_DRIVE,63,40,1,63.0,157.5,Pakistan
3704,311158,Ben Stokes,REVERSE_SWEEP,63,44,2,31.5,143.18,England
3705,311158,Ben Stokes,CUT_SHOT,63,74,2,31.5,85.14,England
3706,677081,Keemo Paul,STRAIGHT_DRIVE,63,21,1,63.0,300.0,West Indies
3707,326434,Alex Carey,REVERSE_SWEEP,63,39,2,31.5,161.54,Australia
3708,1210488,Cooper Connolly,PULL,63,35,3,21.0,180.0,Australia
3709,816627,Macalister Wright,ON_DRIVE,63,45,1,63.0,140.0,Australia
3710,30045,Dinesh Karthik,REVERSE_SWEEP,63,34,2,31.5,185.29,India
3711,826679,Sam Heazlett,ON_DRIVE,63,54,3,21.0,116.67,Australia
3712,211855,Liam Dawson,SLOG_SHOT,63,31,9,7.0,203.23,England
3713,403902,Liam Livingstone,PUSH,63,139,1,63.0,45.32,England
3714,824541,Jaker Ali,SLOG_SWEEP,63,18,2,31.5,350.0,Bangladesh
3715,853265,Mahipal Lomror,COVER_DRIVE,63,42,3,21.0,150.0,India
3716,1124282,Josh Philippe,VERTICAL_FORWARD_ATTACK,63,54,3,21.0,116.67,Australia
3717,500268,Ashton Turner,PUSH,63,95,3,21.0,66.32,Australia
3718,642525,Sarfaraz Khan,PULL,63,44,3,21.0,143.18,India
3719,688141,Sean Dickson,PULL_HOOK_ON_BACK_FOOT,63,43,3,21.0,146.51,South Africa
3720,36948,Anton Devcich,PULL,62,37,4,15.5,167.57,New Zealand
3721,235516,Richmond Mutumbami,ON_DRIVE,62,47,6,10.33,131.91,Zimbabwe
3722,910695,Ben Curran,PULL_HOOK_ON_BACK_FOOT,62,44,5,12.4,140.91,Zimbabwe
3723,909225,Paul Walter,SWEEP,62,28,6,10.33,221.43,England
3724,990023,Tanzid Hasan,CUT_SHOT,62,51,5,12.4,121.57,Bangladesh
3725,596417,Brydon Carse,PULL_HOOK_ON_BACK_FOOT,62,36,3,20.67,172.22,England
3726,297602,Jack Taylor,PUSH_SHOT,62,103,2,31.0,60.19,England
3727,310107,Danny Briggs,VERTICAL_FORWARD_ATTACK,62,50,5,12.4,124.0,England
3728,308798,D'Arcy Short,STEERED,62,59,2,31.0,105.08,Australia
3729,471202,Brett D'Oliveira,PUSH_SHOT,62,111,5,12.4,55.86,England
3730,1091078,Tion Webster,ON_DRIVE,62,44,1,62.0,140.91,West Indies
3731,887207,Ollie Pope,REVERSE_SWEEP,62,34,4,15.5,182.35,England
3732,360456,Asela Gunaratne,FLICK,62,59,5,12.4,105.08,Sri Lanka
3733,30045,Dinesh Karthik,DEFENDED,62,251,7,8.86,24.7,India
3734,1159711,Shahbaz Ahmed,CUT_SHOT,62,55,1,62.0,112.73,India
3735,670025,Shimron Hetmyer,STEERED,62,65,2,31.0,95.38,West Indies
3736,280490,JJ Smuts,SLOG_SHOT,62,38,7,8.86,163.16,South Africa
3737,603410,Ben McDermott,PUSH,62,130,2,31.0,47.69,Australia
3738,32102,Naman Ojha,ON_DRIVE,62,57,6,10.33,108.77,India
3739,1331512,Mirza Baig,PULL,62,29,3,20.67,213.79,Pakistan
3740,1076382,Mackenzie Harvey,ON_DRIVE,62,39,5,12.4,158.97,Australia
3741,353899,Michael Richardson,PULL_HOOK_ON_BACK_FOOT,62,31,1,62.0,200.0,Germany
3742,524049,Najibullah Zadran,REVERSE_SWEEP,62,52,4,15.5,119.23,Afghanistan
3743,297630,Matt Coles,VERTICAL_FORWARD_ATTACK,62,55,10,6.2,112.73,England
3744,317273,Umar Akmal,CUT_SHOT,62,59,3,20.67,105.08,Pakistan
3745,521170,Lewis McManus,CUT_SHOT_ON_BACK_FOOT,62,57,3,20.67,108.77,England
3746,277906,Kane Williamson,PULL_HOOK_ON_BACK_FOOT,62,32,1,62.0,193.75,New Zealand
3747,402106,Abdul Waheed,PULL,62,27,1,62.0,229.63,Saudi Arabia
3748,1168641,Harpreet Brar,ON_DRIVE,62,32,1,62.0,193.75,India
3749,938959,Wessly Madhevere,PULL,62,36,4,15.5,172.22,Zimbabwe
3750,300628,Dinesh Chandimal,STEERED,62,56,2,31.0,110.71,Sri Lanka
3751,24605,Kevin O'Brien,LEG_GLANCE,62,53,1,62.0,116.98,Ireland
3752,940593,Aqib Ilyas,ON_DRIVE,62,48,1,62.0,129.17,Oman
3753,211748,Benny Howell,FLICK,62,43,1,62.0,144.19,England
3754,24605,Kevin O'Brien,CUT_SHOT,62,44,2,31.0,140.91,Ireland
3755,530011,Travis Head,STEERED,62,43,2,31.0,144.19,Australia
3756,326968,Michael Bracewell,FLICK,62,54,2,31.0,114.81,New Zealand
3757,1070183,Abhishek Sharma,STEERED,62,53,1,62.0,116.98,India
3758,24598,Eoin Morgan,SLOG_SWEEP,62,23,4,15.5,269.57,England
3759,376169,Michael Neser,SLOG_SHOT,62,34,13,4.77,182.35,Australia
3760,826915,Nathan Ellis,PULL,62,41,5,12.4,151.22,Australia
3761,834741,Caleb Jewell,SLOG_SHOT,62,27,5,12.4,229.63,Australia
3762,1098186,Grant Stewart,PULL_HOOK_ON_BACK_FOOT,62,37,2,31.0,167.57,Italy
3763,391485,Jason Holder,SQUARE_DRIVE,62,37,2,31.0,167.57,West Indies
3764,480603,Iftikhar Ahmed,SQUARE_DRIVE,62,41,1,62.0,151.22,Pakistan
3765,297628,Sam Billings,PUSH,62,92,1,62.0,67.39,England
3766,709675,James Bazley,PULL,62,30,2,31.0,206.67,Australia
3767,402992,Shuvagata Hom,COVER_DRIVE,62,47,2,31.0,131.91,Bangladesh
3768,554691,Axar Patel,SLOG_SWEEP,62,18,1,62.0,344.44,India
3769,38699,Ross Taylor,SLOG_SWEEP,62,24,1,62.0,258.33,New Zealand
3770,821749,Saif Hassan,CUT_SHOT,62,56,5,12.4,110.71,Bangladesh
3771,457280,Adam Rossington,SLOG_SHOT,61,26,7,8.71,234.62,England
3772,297583,Kyle Abbott,VERTICAL_FORWARD_ATTACK,61,42,3,20.33,145.24,South Africa
3773,517247,Jonathan Tattersall,PULL_HOOK_ON_BACK_FOOT,61,42,5,12.2,145.24,England
3774,629076,Sadeera Samarawickrama,PULL,61,38,2,30.5,160.53,Sri Lanka
3775,641423,Dan Lawrence,REVERSE_SWEEP,61,48,6,10.17,127.08,England
3776,5961,Moises Henriques,SWEEP_SHOT,61,37,4,15.25,164.86,Australia
3777,1096092,Jamie Smith,PULL,61,24,2,30.5,254.17,England
3778,629070,Mohammad Saifuddin,ON_DRIVE,61,39,1,61.0,156.41,Bangladesh
3779,669855,Jofra Archer,PULL,61,26,4,15.25,234.62,England
3780,398666,Sean Abbott,PULL,61,35,5,12.2,174.29,Australia
3781,517549,Michael Burgess,CUT_SHOT_ON_BACK_FOOT,61,54,2,30.5,112.96,England
3782,49289,Mahela Jayawardene,CUT_SHOT_ON_BACK_FOOT,61,40,1,61.0,152.5,Sri Lanka
3783,893955,Ollie Robinson,LEG_GLANCE,61,50,2,30.5,122.0,England
3784,1149211,Robin Das,PULL_HOOK_ON_BACK_FOOT,61,39,4,15.25,156.41,England
3785,438563,Mark Chapman,SWEEP_SHOT,61,35,5,12.2,174.29,New Zealand
3786,398438,Mayank Agarwal,PUSH,61,116,3,20.33,52.59,India
3787,308967,Jos Buttler,DEFENDED,61,388,8,7.62,15.72,England
3788,227762,Sharjeel Khan,STRAIGHT_DRIVE,61,20,2,30.5,305.0,Pakistan
3789,1065662,Roshon Primus,COVER_DRIVE,61,35,1,61.0,174.29,West Indies
3790,938959,Wessley Madhevere,ON_DRIVE,61,47,2,30.5,129.79,Zimbabwe
3791,595004,Kyle Verreynne,COVER_DRIVE,61,32,1,61.0,190.62,South Africa
3792,1172968,Dan Mousley,REVERSE_SWEEP,61,33,3,20.33,184.85,England
3793,530011,Travis Head,CUT_SHOT_ON_BACK_FOOT,61,44,1,61.0,138.64,Australia
3794,398666,Sean Abbott,VERTICAL_FORWARD_ATTACK,61,46,2,30.5,132.61,Australia
3795,1074333,Nuwanidu Fernando,ON_DRIVE,61,53,4,15.25,115.09,Sri Lanka
3796,261354,Nathan Coulter-Nile,SLOG_SHOT,61,49,14,4.36,124.49,Australia
3797,562281,Aneurin Donald,SWEEP,61,34,4,15.25,179.41,England
3798,308294,Stuart Poynter,LEG_GLANCE,61,41,3,20.33,148.78,Ireland
3799,1124290,Nathan McSweeney,COVER_DRIVE,61,48,1,61.0,127.08,Australia
3800,337790,Rassie van der Dussen,PUSH,61,128,7,8.71,47.66,South Africa
3801,276298,Andre Russell,PUSH,61,114,1,61.0,53.51,West Indies
3802,318334,Nawroz Mangal,ON_DRIVE,61,40,3,20.33,152.5,Afghanistan
3803,459761,Ben Raine,LEG_GLANCE,61,55,6,10.17,110.91,England
3804,922943,Shadab Khan,LEG_GLANCE,61,33,2,30.5,184.85,Pakistan
3805,662973,Sam Curran,PUSH,61,113,1,61.0,53.98,England
3806,317273,Umar Akmal,SLOG_SHOT,61,28,7,8.71,217.86,Pakistan
3807,230559,Kieron Pollard,SLOG_SWEEP,61,20,1,61.0,305.0,West Indies
3808,308251,David Willey,SLOG_SHOT,61,24,5,12.2,254.17,England
3809,826679,Sam Heazlett,FLICK,61,84,7,8.71,72.62,Australia
3810,6161,Michael Klinger,COVER_DRIVE,61,57,2,30.5,107.02,Australia
3811,299572,Sikandar Raza,PUSH,61,108,4,15.25,56.48,Zimbabwe
3812,230556,Andre McCarthy,PULL,61,28,3,20.33,217.86,West Indies
3813,629058,Najmul Hossain Shanto,SLOG_SWEEP,61,31,7,8.71,196.77,Bangladesh
3814,670035,Brandon King,STEERED,60,81,2,30.0,74.07,West Indies
3815,739603,Aaron Thomason,PULL_HOOK_ON_BACK_FOOT,60,37,7,8.57,162.16,England
3816,211032,Karl Brown,SWEEP,60,25,4,15.0,240.0,England
3817,265564,Wayne Parnell,LEG_GLANCE,60,42,5,12.0,142.86,South Africa
3818,265564,Wayne Parnell,FLICK,60,61,2,30.0,98.36,South Africa
3819,1076713,Cameron Green,STRAIGHT_DRIVE,60,17,2,30.0,352.94,Australia
3820,887207,Ollie Pope,SWEEP,60,34,3,20.0,176.47,England
3821,778963,Abhinav Manohar,ON_DRIVE,60,27,1,60.0,222.22,India
3822,450101,Raymon Reifer,SLOG_SHOT,60,29,4,15.0,206.9,West Indies
3823,391485,Jason Holder,CUT_SHOT,60,56,2,30.0,107.14,West Indies
3824,373538,Sabbir Rahman,SLOG_SHOT,60,51,12,5.0,117.65,Bangladesh
3825,4864,Dan Christian,SQUARE_DRIVE,60,34,2,30.0,176.47,Australia
3826,311158,Ben Stokes,LEG_GLANCE,60,30,1,60.0,200.0,England
3827,333780,Nic Maddinson,CUT_SHOT,60,57,7,8.57,105.26,Australia
3828,784379,Wanindu Hasaranga de Silva,SLOG_SHOT,60,43,14,4.29,139.53,Sri Lanka
3829,372116,Temba Bavuma,SLOG_SHOT,60,25,6,10.0,240.0,South Africa
3830,1112537,Jordan Cox,REVERSE_SWEEP,60,35,6,10.0,171.43,England
3831,711559,Usman Ghani,CUT_SHOT,60,68,2,30.0,88.24,Afghanistan
3832,853265,Mahipal Lomror,CUT_SHOT,60,53,3,20.0,113.21,India
3833,4451,George Bailey,SLOG_SHOT,60,30,4,15.0,200.0,Australia
3834,35565,Manoj Tiwary,PULL,60,29,2,30.0,206.9,India
3835,833087,Mahedi Hasan,SLOG_SHOT,60,35,9,6.67,171.43,Bangladesh
3836,55608,Hamilton Masakadza,COVER_DRIVE,60,49,2,30.0,122.45,Zimbabwe
3837,539548,Scott Kuggeleijn,ON_DRIVE,60,40,6,10.0,150.0,New Zealand
3838,350629,Nizakat Khan,COVER_DRIVE,60,41,1,60.0,146.34,Hong Kong
3839,355266,Craig Cachopa,PULL_HOOK_ON_BACK_FOOT,60,25,2,30.0,240.0,New Zealand
3840,555850,Sam Hain,CUT_SHOT,60,50,2,30.0,120.0,England
3841,826901,Daniel Sams,CUT_SHOT_ON_BACK_FOOT,60,34,3,20.0,176.47,Australia
3842,1124282,Josh Philippe,STRAIGHT_DRIVE,60,31,1,60.0,193.55,Australia
3843,570262,George Rhodes,VERTICAL_FORWARD_ATTACK,60,53,5,12.0,113.21,England
3844,1360563,Muhammad Abbas,PULL,60,27,3,20.0,222.22,New Zealand
3845,322810,Cameron Delport,REVERSE_SWEEP,60,34,4,15.0,176.47,South Africa
3846,716733,Khushdil Shah,STRAIGHT_DRIVE,60,25,1,60.0,240.0,Pakistan
3847,17185,Phil Mustard,PUSH_SHOT,60,89,1,60.0,67.42,England
3848,214265,Tom Westley,PUSH_SHOT,60,86,1,60.0,69.77,England
3849,28763,Gautam Gambhir,DEFENDED,60,142,3,20.0,42.25,India
3850,413099,Calum Haggett,VERTICAL_FORWARD_ATTACK,60,47,2,30.0,127.66,England
3851,1095899,William Buttleman,SWEEP,60,29,7,8.57,206.9,England
3852,410765,Nurul Hasan,STEERED,60,65,1,60.0,92.31,Bangladesh
3853,1074333,Nuwanidu Fernando,FLICK,60,49,3,20.0,122.45,Sri Lanka
3854,1199426,Irfan Khan,ON_DRIVE,59,40,2,29.5,147.5,Pakistan
3855,1151270,Ayush Badoni,COVER_DRIVE,59,32,2,29.5,184.38,India
3856,1202263,Thomas Kelly,PULL,59,35,4,14.75,168.57,Australia
3857,423838,Rahul Tewatia,SWEEP_SHOT,59,24,1,59.0,245.83,India
3858,276298,Andre Russell,DEFENDED,59,330,11,5.36,17.88,West Indies
3859,35390,Saurabh Tiwary,FLICK,59,56,1,59.0,105.36,India
3860,288617,Ross Whiteley,PUSH_SHOT,59,120,5,11.8,49.17,England
3861,1159711,Shahbaz Ahmed,FLICK,59,57,2,29.5,103.51,India
3862,226492,Martin Guptill,PULL_HOOK_ON_BACK_FOOT,59,28,4,14.75,210.71,New Zealand
3863,793457,Hazratullah Zazai,SLOG_SWEEP,59,27,5,11.8,218.52,Afghanistan
3864,784379,Wanindu Hasaranga de Silva,SQUARE_DRIVE,59,30,2,29.5,196.67,Sri Lanka
3865,826679,Sam Heazlett,CUT_SHOT,59,58,4,14.75,101.72,Australia
3866,232491,Anwar Ali,FLICK,59,39,2,29.5,151.28,Pakistan
3867,958691,Ashen Bandara,ON_DRIVE,59,45,1,59.0,131.11,Sri Lanka
3868,277906,Kane Williamson,DEFENDED,59,385,8,7.38,15.32,New Zealand
3869,436757,Heinrich Klaasen,SQUARE_DRIVE,59,29,1,59.0,203.45,South Africa
3870,938959,Wessley Madhevere,PULL,59,45,3,19.67,131.11,Zimbabwe
3871,562281,Aneurin Donald,CUT_SHOT_ON_BACK_FOOT,59,37,1,59.0,159.46,England
3872,393279,Marchant de Lange,PULL_HOOK_ON_BACK_FOOT,59,29,4,14.75,203.45,South Africa
3873,429886,Wihan Lubbe,ON_DRIVE,59,68,4,14.75,86.76,South Africa
3874,1194959,Jacob Bethell,PULL_HOOK_ON_BACK_FOOT,59,24,1,59.0,245.83,England
3875,253802,Virat Kohli,DAB,59,73,1,59.0,80.82,India
3876,25490,Richie Berrington,FLICK,59,50,2,29.5,118.0,Scotland
3877,959825,Brooke Guest,CUT_SHOT_ON_BACK_FOOT,59,42,2,29.5,140.48,England
3878,698315,Donovan Ferreira,ON_DRIVE,59,32,3,19.67,184.38,South Africa
3879,699723,Grant Roelofsen,COVER_DRIVE,59,40,1,59.0,147.5,South Africa
3880,303669,Joe Root,SWEEP_SHOT,59,35,2,29.5,168.57,England
3881,303423,Andy Balbirnie,SLOG_SWEEP,59,21,6,9.83,280.95,Ireland
3882,714451,Shivam Dube,SLOG_SWEEP,59,12,1,59.0,491.67,India
3883,722303,Matt Renshaw,CUT_SHOT,59,56,1,59.0,105.36,Australia
3884,1107568,Joe Cracknell,LEG_GLANCE,59,51,5,11.8,115.69,England
3885,637970,Harry Dearden,LEG_GLANCE,59,40,1,59.0,147.5,England
3886,334337,Peter Handscomb,SWEEP,59,41,1,59.0,143.9,Australia
3887,326434,Alex Carey,SWEEP,59,24,1,59.0,245.83,Australia
3888,43265,Sohail Tanvir,SLOG_SHOT,59,30,6,9.83,196.67,Pakistan
3889,699723,Grant Roelofsen,CUT_SHOT,59,42,1,59.0,140.48,South Africa
3890,39028,Ashar Zaidi,SWEEP,59,24,2,29.5,245.83,Pakistan
3891,42639,Shahid Afridi,SLOG_SHOT,59,26,8,7.38,226.92,Pakistan
3892,723105,Rinku Singh,SQUARE_DRIVE,59,33,1,59.0,178.79,India
3893,623695,Chamika Karunaratne,COVER_DRIVE,59,42,5,11.8,140.48,Sri Lanka
3894,698315,Donovan Ferreira,COVER_DRIVE,59,32,2,29.5,184.38,South Africa
3895,1070665,Dewald Brevis,SLOG_SWEEP,59,18,2,29.5,327.78,South Africa
3896,1119026,Devdutt Padikkal,SLOG_SHOT,59,39,9,6.56,151.28,India
3897,1099224,Will Smeed,FLICK,59,53,3,19.67,111.32,England
3898,643197,Max O'Dowd,COVER_DRIVE,58,53,3,19.33,109.43,Netherlands
3899,270484,James Faulkner,CUT_SHOT,58,56,1,58.0,103.57,Australia
3900,517549,Michael Burgess,SWEEP,58,33,5,11.6,175.76,England
3901,1071484,Brian Bennett,PULL,58,21,4,14.5,276.19,Zimbabwe
3902,911707,Harry Brook,SWEEP,58,27,5,11.6,214.81,England
3903,458895,Andrew Salter,PULL_HOOK_ON_BACK_FOOT,58,28,6,9.67,207.14,England
3904,270135,Ariful Haque,PULL,58,36,5,11.6,161.11,Bangladesh
3905,51862,Andre Fletcher,DEFENDED,58,429,12,4.83,13.52,West Indies
3906,699723,Grant Roelofsen,FLICK,58,61,1,58.0,95.08,South Africa
3907,229954,Mark Stoneman,PUSH_SHOT,58,101,2,29.0,57.43,England
3908,38699,Ross Taylor,PULL_HOOK_ON_BACK_FOOT,58,37,2,29.0,156.76,New Zealand
3909,928057,Lorcan Tucker,COVER_DRIVE,58,65,3,19.33,89.23,Ireland
3910,550133,Mosaddek Hossain,STRAIGHT_DRIVE,58,17,1,58.0,341.18,Bangladesh
3911,320652,Asghar Afghan,COVER_DRIVE,58,59,1,58.0,98.31,Afghanistan
3912,1123428,Usman Khan,SQUARE_DRIVE,58,26,1,58.0,223.08,Pakistan
3913,787987,Marnus Labuschagne,ON_DRIVE,58,59,4,14.5,98.31,Australia
3914,272450,Mitchell Marsh,PUSH,58,128,2,29.0,45.31,Australia
3915,431901,Evin Lewis,PUSH,58,138,6,9.67,42.03,West Indies
3916,288617,Ross Whiteley,SLOG_SHOT,58,25,5,11.6,232.0,England
3917,538506,Taskin Ahmed,SLOG_SHOT,58,29,4,14.5,200.0,Bangladesh
3918,46148,Richard Levi,PUSH_SHOT,58,102,1,58.0,56.86,South Africa
3919,299572,Sikandar Raza,SWEEP_SHOT,58,39,2,29.0,148.72,Zimbabwe
3920,526838,George Scott,PULL_HOOK_ON_BACK_FOOT,58,41,3,19.33,141.46,England
3921,821749,Saif Hassan,COVER_DRIVE,58,32,1,58.0,181.25,Bangladesh
3922,42639,Shahid Afridi,COVER_DRIVE,58,34,5,11.6,170.59,Pakistan
3923,391485,Jason Holder,PUSH,58,84,2,29.0,69.05,West Indies
3924,595978,Tristan Stubbs,CUT_SHOT,58,48,2,29.0,120.83,South Africa
3925,670031,Alzarri Joseph,ON_DRIVE,58,46,4,14.5,126.09,West Indies
3926,262456,Dane Vilas,REVERSE_SWEEP,58,44,2,29.0,131.82,South Africa
3927,1110475,Jack Haynes,SWEEP,58,27,5,11.6,214.81,England
3928,326968,Michael Bracewell,COVER_DRIVE,58,43,1,58.0,134.88,New Zealand
3929,1119026,Devdutt Padikkal,PUSH,58,102,3,19.33,56.86,India
3930,233680,Jonathan Wells,PUSH,58,105,1,58.0,55.24,Australia
3931,348034,George Dockrell,FLICK,58,49,2,29.0,118.37,Ireland
3932,293831,Regis Chakabva,ON_DRIVE,58,42,5,11.6,138.1,Zimbabwe
3933,437669,Jordan Silk,SQUARE_DRIVE,58,39,1,58.0,148.72,Australia
3934,570421,Will Rhodes,LEG_GLANCE,58,41,3,19.33,141.46,England
3935,1194744,Shevon Daniel,ON_DRIVE,58,41,6,9.67,141.46,Sri Lanka
3936,53116,Lendl Simmons,DEFENDED,58,302,12,4.83,19.21,West Indies
3937,623977,Agha Salman,COVER_DRIVE,58,49,1,58.0,118.37,Pakistan
3938,526441,Mark Adair,PULL,58,45,3,19.33,128.89,Ireland
3939,1194744,Shevon Daniel,PULL,58,31,3,19.33,187.1,Sri Lanka
3940,1030753,Sol Budinger,VERTICAL_FORWARD_ATTACK,58,44,1,58.0,131.82,England
3941,446507,Suryakumar Yadav,PUSH,58,167,2,29.0,34.73,India
3942,297617,Adam Wheater,PUSH_SHOT,57,66,2,28.5,86.36,England
3943,1119026,Devdutt Padikkal,SLOG_SWEEP,57,18,3,19.0,316.67,India
3944,300073,Ned Eckersley,CUT_SHOT_ON_BACK_FOOT,57,53,4,14.25,107.55,England
3945,539511,Henry Nicholls,PULL,57,28,2,28.5,203.57,New Zealand
3946,272485,Sam Robson,VERTICAL_FORWARD_ATTACK,57,36,2,28.5,158.33,England
3947,481875,George Linde,FLICK,57,72,3,19.0,79.17,South Africa
3948,8917,Moeen Ali,SWEEP_SHOT,57,28,1,57.0,203.57,England
3949,641405,Ryan Davies,VERTICAL_FORWARD_ATTACK,57,44,2,28.5,129.55,England
3950,572198,Nick Gubbins,LEG_GLANCE,57,29,3,19.0,196.55,England
3951,713811,Tinashe Kamunhukamwe,PULL,57,32,1,57.0,178.12,Zimbabwe
3952,639422,Charlie Thurston,VERTICAL_FORWARD_ATTACK,57,52,3,19.0,109.62,England
3953,722303,Matt Renshaw,PUSH,57,68,1,57.0,83.82,Australia
3954,300617,Rony Talukdar,STRAIGHT_DRIVE,57,20,1,57.0,285.0,Bangladesh
3955,355269,James Neesham,SLOG_SWEEP,57,28,5,11.4,203.57,New Zealand
3956,362603,Shafiqullah,SLOG_SHOT,57,22,5,11.4,259.09,Afghanistan
3957,29264,Harbhajan Singh,ON_DRIVE,57,41,4,14.25,139.02,India
3958,321777,David Miller,VERTICAL_FORWARD_ATTACK,57,31,1,57.0,183.87,South Africa
3959,43590,Wahab Riaz,COVER_DRIVE,57,38,3,19.0,150.0,Pakistan
3960,23508,Riki Wessels,REVERSE_SWEEP,57,40,3,19.0,142.5,England
3961,388802,Tom Latham,ON_DRIVE,57,62,4,14.25,91.94,New Zealand
3962,935995,Afif Hossain,REVERSE_SWEEP,57,51,1,57.0,111.76,Bangladesh
3963,44956,Grant Elliott,LEG_GLANCE,57,36,1,57.0,158.33,New Zealand
3964,641387,Max Holden,REVERSE_SWEEP,57,42,2,28.5,135.71,England
3965,539511,Henry Nicholls,COVER_DRIVE,57,44,3,19.0,129.55,New Zealand
3966,517542,Paul Coughlin,LEG_GLANCE,57,49,5,11.4,116.33,England
3967,326632,Joe Burns,CUT_SHOT,57,76,3,19.0,75.0,Italy
3968,669365,Phil Salt,PUSH,57,100,6,9.5,57.0,England
3969,1029993,Scott Steel,PUSH_SHOT,57,86,1,57.0,66.28,England
3970,459754,Lewis Hill,PUSH_SHOT,57,70,2,28.5,81.43,England
3971,1088610,Jack Edwards,PULL,57,25,2,28.5,228.0,Australia
3972,432960,Simon Harmer,CUT_SHOT_ON_BACK_FOOT,57,35,4,14.25,162.86,South Africa
3973,46934,Alviro Petersen,LEG_GLANCE,57,43,2,28.5,132.56,South Africa
3974,434813,Marcus Harris,ON_DRIVE,57,61,5,11.4,93.44,Australia
3975,457249,Carlos Brathwaite,STEERED,57,60,2,28.5,95.0,West Indies
3976,315232,Asif Khan,CUT_SHOT,57,43,3,19.0,132.56,United Arab Emirates
3977,333066,Johnson Charles,PUSH,57,160,4,14.25,35.62,West Indies
3978,628240,Hussain Talat,SLOG_SHOT,57,40,7,8.14,142.5,Pakistan
3979,995037,Mahidul Islam Ankon,ON_DRIVE,57,33,4,14.25,172.73,Bangladesh
3980,8180,Shane Watson,DEFENDED,57,371,12,4.75,15.36,Australia
3981,1170265,Tilak Varma,SWEEP_SHOT,57,25,2,28.5,228.0,India
3982,373696,Mominul Haque,PULL,57,34,1,57.0,167.65,Bangladesh
3983,679567,Ben Dwarshuis,PULL,57,36,5,11.4,158.33,Australia
3984,4864,Dan Christian,PUSH_SHOT,57,89,1,57.0,64.04,Australia
3985,310519,Scott Borthwick,PULL_HOOK_ON_BACK_FOOT,57,43,5,11.4,132.56,England
3986,784379,Wanindu Hasaranga de Silva,STEERED,56,38,1,56.0,147.37,Sri Lanka
3987,519070,Gerhard Erasmus,CUT_SHOT,56,36,2,28.0,155.56,Namibia
3988,625964,Tim Seifert,REVERSE_SWEEP,56,36,6,9.33,155.56,New Zealand
3989,348144,Babar Azam,DEFENDED,56,375,6,9.33,14.93,Pakistan
3990,221140,David Wiese,SQUARE_DRIVE,56,37,1,56.0,151.35,Namibia
3991,596099,Dean Foxcroft,PULL,56,29,3,18.67,193.1,New Zealand
3992,33335,Suresh Raina,SWEEP_SHOT,56,38,2,28.0,147.37,India
3993,481875,George Linde,CUT_SHOT,56,47,5,11.2,119.15,South Africa
3994,355269,James Neesham,STEERED,56,49,2,28.0,114.29,New Zealand
3995,315594,Ashley Nurse,SLOG_SHOT,56,39,4,14.0,143.59,West Indies
3996,403902,Liam Livingstone,PUSH_SHOT,56,98,3,18.67,57.14,England
3997,56194,Tamim Iqbal,SQUARE_DRIVE,56,48,1,56.0,116.67,Bangladesh
3998,681305,Hasan Ali,PULL,56,27,1,56.0,207.41,Pakistan
3999,232364,Tim Southee,ON_DRIVE,56,44,7,8.0,127.27,New Zealand
4000,222354,Milinda Siriwardana,ON_DRIVE,56,36,5,11.2,155.56,Sri Lanka
4001,1137262,Azam Khan,SWEEP_SHOT,56,38,2,28.0,147.37,Pakistan
4002,1168651,Haider Ali,CUT_SHOT_ON_BACK_FOOT,56,30,1,56.0,186.67,Pakistan
4003,530812,Akeal Hosein,PULL,56,51,4,14.0,109.8,West Indies
4004,19296,Kevin Pietersen,COVER_DRIVE,56,57,3,18.67,98.25,England
4005,25913,Mohammad Nabi,CUT_SHOT_ON_BACK_FOOT,56,37,2,28.0,151.35,Afghanistan
4006,265564,Wayne Parnell,ON_DRIVE,56,57,6,9.33,98.25,South Africa
4007,314615,Jonathan Carter,CUT_SHOT,56,57,2,28.0,98.25,West Indies
4008,5334,Aaron Finch,DEFENDED,56,337,12,4.67,16.62,Australia
4009,784379,Wanindu Hasaranga de Silva,PULL,56,32,2,28.0,175.0,Sri Lanka
4010,1150772,Tom Hartley,VERTICAL_FORWARD_ATTACK,56,52,4,14.0,107.69,England
4011,1223047,Josh Brown,SLOG_SHOT,56,31,5,11.2,180.65,Australia
4012,1036191,Bas de Leede,VERTICAL_FORWARD_ATTACK,56,43,1,56.0,130.23,Netherlands
4013,467656,Tom Wells,PULL_HOOK_ON_BACK_FOOT,56,32,5,11.2,175.0,England
4014,501011,Cameron Bancroft,PULL_HOOK_ON_BACK_FOOT,56,42,1,56.0,133.33,Australia
4015,922943,Shadab Khan,SQUARE_DRIVE,56,35,1,56.0,160.0,Pakistan
4016,10582,Ravi Bopara,STRAIGHT_DRIVE,56,29,2,28.0,193.1,England
4017,429809,Ravija Sandaruwan,ON_DRIVE,56,33,4,14.0,169.7,Kuwait
4018,55343,Elton Chigumbura,COVER_DRIVE,56,32,2,28.0,175.0,Zimbabwe
4019,470633,Tom Kohler-Cadmore,SWEEP,56,29,1,56.0,193.1,England
4020,471342,Krunal Pandya,SWEEP_SHOT,56,41,2,28.0,136.59,India
4021,211855,Liam Dawson,CUT_SHOT,56,55,4,14.0,101.82,England
4022,56029,Mushfiqur Rahim,PUSH,56,112,2,28.0,50.0,Bangladesh
4023,600498,Aiden Markram,PUSH,56,106,1,56.0,52.83,South Africa
4024,8917,Moeen Ali,SWEEP,56,20,2,28.0,280.0,England
4025,787987,Marnus Labuschagne,COVER_DRIVE,56,50,3,18.67,112.0,Australia
4026,422965,Shehan Jayasuriya,ON_DRIVE,56,45,2,28.0,124.44,United States of America
4027,304735,Dilshan Munaweera,CUT_SHOT,56,40,3,18.67,140.0,Sri Lanka
4028,665053,Zak Crawley,COVER_DRIVE,56,39,1,56.0,143.59,England
4029,922941,Abdullah Shafique,CUT_SHOT,56,36,2,28.0,155.56,Pakistan
4030,46543,Wayne Madsen,CUT_SHOT,56,39,3,18.67,143.59,Italy
4031,506612,Matt Henry,PULL_HOOK_ON_BACK_FOOT,56,26,3,18.67,215.38,New Zealand
4032,505120,Ashton Agar,VERTICAL_FORWARD_ATTACK,56,33,1,56.0,169.7,Australia
4033,505120,Ashton Agar,SLOG_SHOT,56,42,11,5.09,133.33,Australia
4034,647785,Sahibzada Farhan,FLICK,55,51,1,55.0,107.84,Pakistan
4035,53116,Lendl Simmons,PUSH,55,134,3,18.33,41.04,West Indies
4036,935995,Afif Hossain,SWEEP_SHOT,55,32,3,18.33,171.88,Bangladesh
4037,766809,Jordan Thompson,LEG_GLANCE,55,50,5,11.0,110.0,England
4038,629070,Mohammad Saifuddin,SLOG_SHOT,55,32,8,6.88,171.88,Bangladesh
4039,322810,Cameron Delport,FLICK,55,64,6,9.17,85.94,South Africa
4040,37737,Brendon McCullum,CUT_SHOT_ON_BACK_FOOT,55,33,1,55.0,166.67,New Zealand
4041,226492,Martin Guptill,DEFENDED,55,348,11,5.0,15.8,New Zealand
4042,698333,Jiveshan Pillay,COVER_DRIVE,55,46,1,55.0,119.57,South Africa
4043,425692,Billy Root,REVERSE_SWEEP,55,37,3,18.33,148.65,England
4044,1077310,Naseem Khushi,ON_DRIVE,55,22,2,27.5,250.0,Oman
4045,56167,Ziaur Rahman,PULL,55,20,4,13.75,275.0,Bangladesh
4046,379140,Devon Conway,SLOG_SWEEP,55,29,4,13.75,189.66,New Zealand
4047,222354,Milinda Siriwardana,PULL,55,25,5,11.0,220.0,Sri Lanka
4048,326639,Simon Milenko,COVER_DRIVE,55,47,3,18.33,117.02,Australia
4049,277911,George Worker,COVER_DRIVE,55,40,3,18.33,137.5,New Zealand
4050,390484,Jaydev Unadkat,PULL,55,23,3,18.33,239.13,India
4051,373696,Mominul Haque,COVER_DRIVE,55,43,1,55.0,127.91,Bangladesh
4052,532856,Manan Vohra,PULL,55,28,5,11.0,196.43,India
4053,346914,Ben Slater,VERTICAL_FORWARD_ATTACK,55,58,5,11.0,94.83,England
4054,346914,Ben Slater,PULL_HOOK_ON_BACK_FOOT,55,22,1,55.0,250.0,England
4055,46270,Johann Myburgh,PUSH_SHOT,55,83,3,18.33,66.27,South Africa
4056,605680,Janneman Malan,ON_DRIVE,55,47,1,55.0,117.02,South Africa
4057,44956,Grant Elliott,CUT_SHOT_ON_BACK_FOOT,55,33,2,27.5,166.67,New Zealand
4058,55343,Elton Chigumbura,PULL,55,26,2,27.5,211.54,Zimbabwe
4059,18632,Samit Patel,SWEEP,55,29,3,18.33,189.66,England
4060,1151273,Nehal Wadhera,ON_DRIVE,55,33,2,27.5,166.67,India
4061,11770,Varun Chopra,SWEEP,55,33,2,27.5,166.67,England
4062,1292495,Angkrish Raghuvanshi,FLICK,55,31,1,55.0,177.42,India
4063,1123073,Anuj Rawat,FLICK,55,46,3,18.33,119.57,India
4064,909225,Paul Walter,COVER_DRIVE,55,41,3,18.33,134.15,England
4065,539304,Babar Hayat,FLICK,55,57,2,27.5,96.49,Hong Kong
4066,819441,Darwish Rasooli,COVER_DRIVE,55,40,1,55.0,137.5,Afghanistan
4067,227758,Imad Wasim,VERTICAL_FORWARD_ATTACK,55,42,1,55.0,130.95,Pakistan
4068,301648,Jordan Clark,LEG_GLANCE,55,39,4,13.75,141.03,England
4069,1096123,Luke Hollman,SWEEP,55,21,4,13.75,261.9,England
4070,902907,Tom Lammonby,LEG_GLANCE,55,35,3,18.33,157.14,England
4071,298438,Jason Roy,PUSH,54,133,4,13.5,40.6,England
4072,719719,M Shahrukh Khan,FLICK,54,53,2,27.0,101.89,India
4073,1168049,Jake Fraser-McGurk,STRAIGHT_DRIVE,54,25,1,54.0,216.0,Australia
4074,333624,Alex Ross,PUSH,54,88,3,18.0,61.36,Australia
4075,537124,Gurkeerat Singh Mann,FLICK,54,49,2,27.0,110.2,India
4076,373538,Sabbir Rahman,SWEEP_SHOT,54,42,4,13.5,128.57,Bangladesh
4077,267192,Steven Smith,SWEEP_SHOT,54,31,1,54.0,174.19,Australia
4078,230371,Ben Cutting,SWEEP_SHOT,54,36,4,13.5,150.0,Australia
4079,417268,Matthew Cross,COVER_DRIVE,54,37,2,27.0,145.95,Scotland
4080,494230,Asif Ali,STRAIGHT_DRIVE,54,20,3,18.0,270.0,Pakistan
4081,318845,Rilee Rossouw,PUSH_SHOT,54,89,2,27.0,60.67,South Africa
4082,422108,KL Rahul,SLOG_SWEEP,54,15,2,27.0,360.0,India
4083,297498,Ian Cockbain,FLICK,54,40,2,27.0,135.0,England
4084,318339,Samiullah Shinwari,FLICK,54,54,2,27.0,100.0,Afghanistan
4085,8291,Cameron White,PULL,54,41,3,18.0,131.71,Australia
4086,8180,Shane Watson,LEG_GLANCE,54,34,2,27.0,158.82,Australia
4087,36581,Neil Broom,PULL,54,20,1,54.0,270.0,New Zealand
4088,470633,Tom Kohler-Cadmore,CUT_SHOT,54,48,5,10.8,112.5,England
4089,998369,Ben Charlesworth,PULL_HOOK_ON_BACK_FOOT,54,31,5,10.8,174.19,England
4090,6683,Shaun Marsh,SLOG_SWEEP,54,25,5,10.8,216.0,Australia
4091,233901,Shan Masood,SLOG_SWEEP,54,19,2,27.0,284.21,Pakistan
4092,457280,Adam Rossington,FLICK,54,36,2,27.0,150.0,England
4093,55870,Sean Williams,SLOG_SWEEP,54,21,4,13.5,257.14,Zimbabwe
4094,990081,Mohammad Naim,PUSH,54,129,5,10.8,41.86,Bangladesh
4095,232438,Gary Ballance,SWEEP,54,28,2,27.0,192.86,Zimbabwe
4096,308967,Jos Buttler,RAMP,54,19,1,54.0,284.21,England
4097,4451,George Bailey,LEG_GLANCE,54,46,3,18.0,117.39,Australia
4098,500268,Ashton Turner,SWEEP_SHOT,54,27,1,54.0,200.0,Australia
4099,353899,Michael Richardson,LEG_GLANCE,54,43,2,27.0,125.58,Germany
4100,402992,Shuvagata Hom,SLOG_SHOT,54,32,3,18.0,168.75,Bangladesh
4101,524049,Najibullah Zadran,PUSH,54,106,4,13.5,50.94,Afghanistan
4102,360456,Asela Gunaratne,ON_DRIVE,54,35,1,54.0,154.29,Sri Lanka
4103,43590,Wahab Riaz,PULL,54,38,8,6.75,142.11,Pakistan
4104,44828,Faf du Plessis,DEFENDED,54,423,12,4.5,12.77,South Africa
4105,935995,Afif Hossain,LEG_GLANCE,54,26,1,54.0,207.69,Bangladesh
4106,12877,James Foster,SWEEP,54,26,3,18.0,207.69,England
4107,722303,Matt Renshaw,SLOG_SWEEP,54,15,2,27.0,360.0,Australia
4108,227760,Sarfaraz Ahmed,SQUARE_DRIVE,54,37,1,54.0,145.95,Pakistan
4109,1095879,Jack Davies,SWEEP,54,39,2,27.0,138.46,England
4110,44936,AB de Villiers,REVERSE_SWEEP,54,26,2,27.0,207.69,South Africa
4111,315586,Chadwick Walton,SWEEP_SHOT,53,32,3,17.67,165.62,West Indies
4112,302269,Chris Dent,SWEEP,53,40,6,8.83,132.5,England
4113,1168667,Joshua Da Silva,CUT_SHOT,53,41,2,26.5,129.27,West Indies
4114,219885,Tom Cooper,REVERSE_SWEEP,53,39,3,17.67,135.9,Netherlands
4115,233901,Shan Masood,PUSH_SHOT,53,66,1,53.0,80.3,Pakistan
4116,211748,Benny Howell,CUT_SHOT,53,45,3,17.67,117.78,England
4117,24609,Gary Wilson,CUT_SHOT_ON_BACK_FOOT,53,37,4,13.25,143.24,Ireland
4118,436677,Soumya Sarkar,PUSH,53,113,5,10.6,46.9,Bangladesh
4119,902907,Tom Lammonby,REVERSE_SWEEP,53,29,5,10.6,182.76,England
4120,470501,Graham Clark,PUSH_SHOT,53,94,1,53.0,56.38,England
4121,259517,Ben Brown,SWEEP,53,36,2,26.5,147.22,England
4122,232438,Gary Ballance,LEG_GLANCE,53,32,1,53.0,165.62,Zimbabwe
4123,887207,Ollie Pope,LEG_GLANCE,53,41,1,53.0,129.27,England
4124,670025,Shimron Hetmyer,SWEEP_SHOT,53,31,1,53.0,170.97,West Indies
4125,1060380,Ruturaj Gaikwad,SLOG_SWEEP,53,21,4,13.25,252.38,India
4126,43121,Shaiman Anwar,ON_DRIVE,53,43,1,53.0,123.26,United Arab Emirates
4127,1099379,Gareth Delany,STRAIGHT_DRIVE,53,16,1,53.0,331.25,Ireland
4128,398506,Mandeep Singh,SQUARE_DRIVE,53,31,1,53.0,170.97,India
4129,299572,Sikandar Raza,STRAIGHT_DRIVE,53,22,1,53.0,240.91,Zimbabwe
4130,379890,Chad Bowes,SLOG_SHOT,53,26,4,13.25,203.85,New Zealand
4131,500267,Seb Gotch,ON_DRIVE,53,36,3,17.67,147.22,Australia
4132,300073,Ned Eckersley,LEG_GLANCE,53,38,2,26.5,139.47,England
4133,303427,Paul Stirling,PUSH,53,108,3,17.67,49.07,Ireland
4134,10772,Paul Collingwood,SWEEP,53,31,6,8.83,170.97,England
4135,51784,Rayad Emrit,PULL,53,23,4,13.25,230.43,West Indies
4136,22280,Mark Wallace,LEG_GLANCE,53,41,1,53.0,129.27,England
4137,244497,Adil Rashid,VERTICAL_FORWARD_ATTACK,53,41,3,17.67,129.27,England
4138,41046,Khalid Latif,ON_DRIVE,53,33,1,53.0,160.61,Pakistan
4139,256956,Laurie Evans,SQUARE_DRIVE,53,33,1,53.0,160.61,England
4140,1042145,Harry Came,CUT_SHOT_ON_BACK_FOOT,53,41,4,13.25,129.27,England
4141,25056,Assad Vala,FLICK,53,45,3,17.67,117.78,Papua New Guinea
4142,269280,Reeza Hendricks,SLOG_SWEEP,53,26,5,10.6,203.85,South Africa
4143,423838,Rahul Tewatia,SLOG_SWEEP,53,16,2,26.5,331.25,India
4144,516039,Alex Davies,REVERSE_SWEEP,53,32,4,13.25,165.62,England
4145,18048,Chris Nash,SWEEP,53,34,6,8.83,155.88,England
4146,424377,Krishnappa Gowtham,PULL,53,19,2,26.5,278.95,India
4147,300073,Ned Eckersley,PUSH_SHOT,53,63,1,53.0,84.13,England
4148,14014,Andy Hodd,VERTICAL_FORWARD_ATTACK,53,46,3,17.67,115.22,England
4149,747031,James Bracey,CUT_SHOT_ON_BACK_FOOT,53,46,1,53.0,115.22,England
4150,33141,Ambati Rayudu,SLOG_SWEEP,53,24,6,8.83,220.83,India
4151,605661,Ryan Rickelton,CUT_SHOT,53,37,1,53.0,143.24,South Africa
4152,277916,Ajinkya Rahane,DEFENDED,53,311,11,4.82,17.04,India
4153,55608,Hamilton Masakadza,SWEEP_SHOT,53,31,3,17.67,170.97,Zimbabwe
4154,604302,Nicholas Pooran,REVERSE_SWEEP,53,37,3,17.67,143.24,West Indies
4155,36948,Anton Devcich,COVER_DRIVE,53,52,2,26.5,101.92,New Zealand
4156,784369,Avishka Fernando,SQUARE_DRIVE,53,27,1,53.0,196.3,Sri Lanka
4157,1163855,Hayden Kerr,FLICK,53,45,3,17.67,117.78,Australia
4158,37737,Brendon McCullum,DEFENDED,53,269,8,6.62,19.7,New Zealand
4159,362201,Lewis Gregory,PUSH_SHOT,53,75,4,13.25,70.67,England
4160,714451,Shivam Dube,STEERED,52,44,3,17.33,118.18,India
4161,959827,Jason Sangha,CUT_SHOT,52,45,4,13.0,115.56,Australia
4162,505120,Ashton Agar,CUT_SHOT,52,65,2,26.0,80.0,Australia
4163,670031,Alzarri Joseph,FLICK,52,52,1,52.0,100.0,West Indies
4164,44828,Faf du Plessis,VERTICAL_FORWARD_ATTACK,52,36,1,52.0,144.44,South Africa
4165,834741,Caleb Jewell,CUT_SHOT,52,51,1,52.0,101.96,Australia
4166,938959,Wessley Madhevere,FLICK,52,48,2,26.0,108.33,Zimbabwe
4167,713195,Harry Nielsen,ON_DRIVE,52,46,5,10.4,113.04,Australia
4168,1260386,Tawanda Muyeye,LEG_GLANCE,52,33,2,26.0,157.58,England
4169,342619,Bhanuka Rajapaksa,SWEEP_SHOT,52,29,1,52.0,179.31,Sri Lanka
4170,388802,Tom Latham,SWEEP,52,28,1,52.0,185.71,New Zealand
4171,539548,Scott Kuggeleijn,FLICK,52,35,2,26.0,148.57,New Zealand
4172,1093669,Muhammad Tanveer,PULL,52,19,1,52.0,273.68,Qatar
4173,719719,M Shahrukh Khan,COVER_DRIVE,52,42,2,26.0,123.81,India
4174,877051,Tom Banton,CUT_SHOT,52,47,1,52.0,110.64,England
4175,348144,Babar Azam,UPPER_CUT,52,15,2,26.0,346.67,Pakistan
4176,480603,Iftikhar Ahmed,STEERED,52,63,1,52.0,82.54,Pakistan
4177,355266,Craig Cachopa,SLOG_SHOT,52,14,1,52.0,371.43,New Zealand
4178,55414,Sean Ervine,LEG_GLANCE,52,30,1,52.0,173.33,Zimbabwe
4179,595739,Leus du Plooy,SLOG_SHOT,52,26,5,10.4,200.0,England
4180,555850,Sam Hain,REVERSE_SWEEP,52,33,5,10.4,157.58,England
4181,25056,Assad Vala,ON_DRIVE,52,38,1,52.0,136.84,Papua New Guinea
4182,642525,Sarfaraz Khan,STEERED,52,38,2,26.0,136.84,India
4183,429809,Ravija Sandaruwan,PULL,52,18,1,52.0,288.89,Kuwait
4184,422593,Daniel Bell-Drummond,FLICK,52,44,2,26.0,118.18,England
4185,325026,Glenn Maxwell,HOOK,52,18,2,26.0,288.89,Australia
4186,360456,Asela Gunaratne,COVER_DRIVE,52,31,1,52.0,167.74,Sri Lanka
4187,277911,George Worker,ON_DRIVE,52,41,1,52.0,126.83,New Zealand
4188,1099224,Will Smeed,PUSH_SHOT,52,106,1,52.0,49.06,England
4189,333624,Alex Ross,SLOG_SWEEP,52,21,3,17.33,247.62,Australia
4190,232364,Tim Southee,FLICK,52,35,1,52.0,148.57,New Zealand
4191,465793,Dhananjaya de Silva,STRAIGHT_DRIVE,52,16,2,26.0,325.0,Sri Lanka
4192,8917,Moeen Ali,CUT_SHOT_ON_BACK_FOOT,52,50,1,52.0,104.0,England
4193,352048,Gulbadin Naib,COVER_DRIVE,52,35,3,17.33,148.57,Afghanistan
4194,318339,Samiullah Shinwari,SLOG_SHOT,52,24,3,17.33,216.67,Afghanistan
4195,747031,James Bracey,REVERSE_SWEEP,52,31,1,52.0,167.74,England
4196,530011,Travis Head,SLOG_SWEEP,52,22,5,10.4,236.36,Australia
4197,303423,Andy Balbirnie,SWEEP,52,17,1,52.0,305.88,Ireland
4198,470699,Ben Cooper,COVER_DRIVE,52,36,1,52.0,144.44,Netherlands
4199,697059,Zakir Hasan,FLICK,52,51,1,52.0,101.96,Bangladesh
4200,781285,Jake Weatherald,STEERED,52,50,1,52.0,104.0,Australia
4201,5961,Moises Henriques,PULL_HOOK_ON_BACK_FOOT,52,41,3,17.33,126.83,Australia
4202,1175488,Dhruv Jurel,PULL,52,31,5,10.4,167.74,India
4203,20367,Darren Stevens,SWEEP,52,16,3,17.33,325.0,England
4204,956319,Ayaan Khan,FLICK,52,38,1,52.0,136.84,Oman
4205,41434,Mohammad Hafeez,VERTICAL_FORWARD_ATTACK,51,51,1,51.0,100.0,Pakistan
4206,268740,Seekkuge Prasanna,PULL_HOOK_ON_BACK_FOOT,51,29,4,12.75,175.86,Sri Lanka
4207,1331512,Mirza Baig,FLICK,51,46,1,51.0,110.87,Pakistan
4208,1185538,Mohammad Wasim,SLOG_SHOT,51,32,7,7.29,159.38,Pakistan
4209,6161,Michael Klinger,CUT_SHOT,51,53,4,12.75,96.23,Australia
4210,379143,Quinton de Kock,HOOK,51,14,2,25.5,364.29,South Africa
4211,340062,Priyank Panchal,PULL,51,19,1,51.0,268.42,India
4212,232435,Calum MacLeod,PUSH_SHOT,51,79,2,25.5,64.56,Scotland
4213,362541,Doug Bracewell,PULL,51,20,2,25.5,255.0,New Zealand
4214,303669,Joe Root,CUT_SHOT,51,53,2,25.5,96.23,England
4215,787987,Marnus Labuschagne,SLOG_SHOT,51,21,3,17.0,242.86,Australia
4216,556916,Mukhtar Ahmed,ON_DRIVE,51,39,3,17.0,130.77,United States of America
4217,353899,Michael Richardson,CUT_SHOT_ON_BACK_FOOT,51,47,2,25.5,108.51,Germany
4218,1076377,Oliver Davies,SLOG_SHOT,51,29,3,17.0,175.86,Australia
4219,299572,Sikandar Raza,SQUARE_DRIVE,51,40,2,25.5,127.5,Zimbabwe
4220,45955,Heino Kuhn,SWEEP,51,31,2,25.5,164.52,South Africa
4221,517542,Paul Coughlin,SWEEP,51,28,2,25.5,182.14,England
4222,670035,Brandon King,SQUARE_DRIVE,51,40,2,25.5,127.5,West Indies
4223,524049,Najibullah Zadran,STEERED,51,60,2,25.5,85.0,Afghanistan
4224,595004,Kyle Verreynne,FLICK,51,48,2,25.5,106.25,South Africa
4225,4864,Dan Christian,SLOG_SWEEP,51,22,2,25.5,231.82,Australia
4226,521170,Lewis McManus,PUSH_SHOT,51,77,4,12.75,66.23,England
4227,897549,Will Jacks,STRAIGHT_DRIVE,51,21,2,25.5,242.86,England
4228,310525,Chris Wood,PULL_HOOK_ON_BACK_FOOT,51,38,5,10.2,134.21,England
4229,1205559,Mohammad Haris,SWEEP_SHOT,51,33,1,51.0,154.55,Pakistan
4230,277906,Kane Williamson,SWEEP,51,22,2,25.5,231.82,New Zealand
4231,677077,Romario Shepherd,CUT_SHOT,51,52,3,17.0,98.08,West Indies
4232,391485,Jason Holder,SLOG_SWEEP,51,18,3,17.0,283.33,West Indies
4233,1159711,Shahbaz Ahmed,COVER_DRIVE,51,38,3,17.0,134.21,India
4234,414966,Michael Leask,PULL,51,34,3,17.0,150.0,Scotland
4235,10582,Ravi Bopara,STEERED,51,41,1,51.0,124.39,England
4236,362201,Lewis Gregory,SLOG_SHOT,51,56,13,3.92,91.07,England
4237,277472,Darren Bravo,STEERED,51,57,1,51.0,89.47,West Indies
4238,237095,Murali Vijay,CUT_SHOT,51,42,5,10.2,121.43,India
4239,562281,Aneurin Donald,PUSH_SHOT,51,94,3,17.0,54.26,England
4240,793441,Aamer Jamal,ON_DRIVE,51,30,3,17.0,170.0,Pakistan
4241,277662,Corey Anderson,LEG_GLANCE,51,27,1,51.0,188.89,United States of America
4242,698189,Wiaan Mulder,SLOG_SHOT,51,24,6,8.5,212.5,South Africa
4243,1125958,Atharva Taide,PULL,51,26,3,17.0,196.15,India
4244,270135,Ariful Haque,SLOG_SHOT,50,33,6,8.33,151.52,Bangladesh
4245,425692,Billy Root,LEG_GLANCE,50,39,1,50.0,128.21,England
4246,270135,Ariful Haque,FLICK,50,60,5,10.0,83.33,Bangladesh
4247,629063,Mehidy Hasan Miraz,SLOG_SWEEP,50,27,5,10.0,185.19,Bangladesh
4248,1091078,Tion Webster,SLOG_SHOT,50,23,4,12.5,217.39,West Indies
4249,629074,Kusal Mendis,PUSH,50,106,1,50.0,47.17,Sri Lanka
4250,697059,Zakir Hasan,ON_DRIVE,50,34,1,50.0,147.06,Bangladesh
4251,8291,Cameron White,SLOG_SHOT,50,20,1,50.0,250.0,Australia
4252,290630,Manish Pandey,DEFENDED,50,238,12,4.17,21.01,India
4253,1200965,Saqlain Arshad,COVER_DRIVE,50,27,2,25.0,185.19,Qatar
4254,230193,Matthew Wade,VERTICAL_FORWARD_ATTACK,50,30,2,25.0,166.67,Australia
4255,22280,Mark Wallace,PULL_HOOK_ON_BACK_FOOT,50,37,1,50.0,135.14,England
4256,51784,Rayad Emrit,FLICK,50,42,3,16.67,119.05,West Indies
4257,510530,Jamie Overton,FLICK,50,41,1,50.0,121.95,England
4258,1159711,Shahbaz Ahmed,SLOG_SHOT,50,31,3,16.67,161.29,India
4259,1096092,Jamie Smith,ON_DRIVE,50,49,8,6.25,102.04,England
4260,1096123,Luke Hollman,PUSH_SHOT,50,63,1,50.0,79.37,England
4261,230371,Ben Cutting,STEERED,50,45,1,50.0,111.11,Australia
4262,227758,Imad Wasim,LEG_GLANCE,50,40,1,50.0,125.0,Pakistan
4263,43590,Wahab Riaz,FLICK,50,40,2,25.0,125.0,Pakistan
4264,570261,Dan Lincoln,VERTICAL_FORWARD_ATTACK,50,42,2,25.0,119.05,England
4265,259517,Ben Brown,PULL_HOOK_ON_BACK_FOOT,50,27,3,16.67,185.19,England
4266,1161024,Prabhsimran Singh,CUT_SHOT,50,62,3,16.67,80.65,India
4267,398778,Rory Burns,CUT_SHOT_ON_BACK_FOOT,50,41,1,50.0,121.95,England
4268,355269,James Neesham,CUT_SHOT,50,58,1,50.0,86.21,New Zealand
4269,417268,Matthew Cross,ON_DRIVE,50,44,1,50.0,113.64,Scotland
4270,27223,Stuart Binny,FLICK,50,44,3,16.67,113.64,India
4271,9042,Gareth Batty,VERTICAL_FORWARD_ATTACK,50,56,6,8.33,89.29,England
4272,300618,Nasir Hossain,PULL,50,26,1,50.0,192.31,Bangladesh
4273,631668,Stephen Eskinazi,COVER_DRIVE,50,34,2,25.0,147.06,England
4274,268740,Seekkuge Prasanna,SLOG_SHOT,50,27,7,7.14,185.19,Sri Lanka
4275,268740,Seekkuge Prasanna,ON_DRIVE,50,39,5,10.0,128.21,Sri Lanka
4276,422108,KL Rahul,UPPER_CUT,50,13,1,50.0,384.62,India
4277,42639,Shahid Afridi,CUT_SHOT,50,28,1,50.0,178.57,Pakistan
4278,52983,Marlon Samuels,SLOG_SHOT,50,37,10,5.0,135.14,West Indies
4279,388678,Ben Dunk,STRAIGHT_DRIVE,50,28,2,25.0,178.57,Australia
4280,922941,Abdullah Shafique,SLOG_SHOT,50,18,3,16.67,277.78,Pakistan
4281,345821,Danushka Gunathilaka,STEERED,50,43,2,25.0,116.28,Sri Lanka
4282,527776,Ollie Robinson,VERTICAL_FORWARD_ATTACK,50,47,5,10.0,106.38,England
4283,230554,Javon Searles,ON_DRIVE,50,32,3,16.67,156.25,West Indies
4284,390481,Harshal Patel,ON_DRIVE,50,38,3,16.67,131.58,India
4285,10582,Ravi Bopara,SQUARE_DRIVE,50,29,1,50.0,172.41,England
4286,325012,Marcus Stoinis,LEG_GLANCE,50,46,1,50.0,108.7,Australia
4287,437316,Dasun Shanaka,SWEEP_SHOT,50,37,2,25.0,135.14,Sri Lanka
4288,625371,Hardik Pandya,DEFENDED,50,221,1,50.0,22.62,India
4289,376116,Umesh Yadav,ON_DRIVE,50,40,4,12.5,125.0,India
4290,308798,D'Arcy Short,SWEEP_SHOT,50,38,3,16.67,131.58,Australia
4291,1149157,Chris Benjamin,CUT_SHOT_ON_BACK_FOOT,50,35,1,50.0,142.86,England
4292,234675,Ravindra Jadeja,PUSH,50,76,1,50.0,65.79,India
4293,1076713,Cameron Green,SLOG_SWEEP,50,18,1,50.0,277.78,Australia
4294,909225,Paul Walter,FLICK,50,51,4,12.5,98.04,England
4295,233680,Jonathan Wells,STEERED,50,49,3,16.67,102.04,Australia
4296,432960,Simon Harmer,LEG_GLANCE,50,38,3,16.67,131.58,South Africa
4297,629059,Yasir Ali,CUT_SHOT,50,44,2,25.0,113.64,Bangladesh
4298,1036191,Bas de Leede,ON_DRIVE,50,38,1,50.0,131.58,Netherlands
4299,314743,Shykat Ali,ON_DRIVE,50,38,3,16.67,131.58,Bangladesh
4300,436677,Soumya Sarkar,SWEEP_SHOT,50,40,3,16.67,125.0,Bangladesh
4301,233802,Ashan Priyanjan,FLICK,50,48,1,50.0,104.17,Sri Lanka
4302,755459,Ben Green,CUT_SHOT_ON_BACK_FOOT,50,34,3,16.67,147.06,England
4303,1168651,Haider Ali,PULL_HOOK_ON_BACK_FOOT,50,23,2,25.0,217.39,Pakistan
4304,787987,Marnus Labuschagne,CUT_SHOT,50,36,1,50.0,138.89,Australia
4305,893955,Ollie Robinson,PUSH_SHOT,50,71,2,25.0,70.42,England
4306,623977,Agha Salman,ON_DRIVE,50,41,4,12.5,121.95,Pakistan
4307,948595,Justin Broad,VERTICAL_FORWARD_ATTACK,50,37,2,25.0,135.14,Germany
4308,1124282,Josh Philippe,PUSH,50,108,2,25.0,46.3,Australia
4309,526441,Mark Adair,COVER_DRIVE,49,37,1,49.0,132.43,Ireland
4310,348034,George Dockrell,SLOG_SHOT,49,36,4,12.25,136.11,Ireland
4311,571761,Daniel Hughes,SWEEP_SHOT,49,31,3,16.33,158.06,Australia
4312,500267,Seb Gotch,FLICK,49,56,2,24.5,87.5,Australia
4313,958691,Ashen Bandara,PULL,49,30,1,49.0,163.33,Sri Lanka
4314,958691,Ashen Bandara,SLOG_SWEEP,49,19,2,24.5,257.89,Sri Lanka
4315,233712,Stephan Myburgh,CUT_SHOT,49,43,2,24.5,113.95,Netherlands
4316,297498,Ian Cockbain,SWEEP,49,25,2,24.5,196.0,England
4317,603410,Ben McDermott,SWEEP,49,22,1,49.0,222.73,Australia
4318,436757,Heinrich Klaasen,STEERED,49,33,1,49.0,148.48,South Africa
4319,302845,Tony Ura,COVER_DRIVE,49,27,2,24.5,181.48,Papua New Guinea
4320,713195,Harry Nielsen,SLOG_SHOT,49,19,2,24.5,257.89,Australia
4321,348059,Barry McCarthy,SLOG_SHOT,49,25,1,49.0,196.0,Ireland
4322,436757,Heinrich Klaasen,REVERSE_SWEEP,49,22,1,49.0,222.73,South Africa
4323,47483,Greg Smith,VERTICAL_FORWARD_ATTACK,49,35,2,24.5,140.0,South Africa
4324,55870,Sean Williams,REVERSE_SWEEP,49,45,4,12.25,108.89,Zimbabwe
4325,698343,Eathan Bosch,PULL,49,33,5,9.8,148.48,South Africa
4326,348056,Kyle Mayers,PUSH,49,142,4,12.25,34.51,West Indies
4327,297498,Ian Cockbain,PULL,49,30,2,24.5,163.33,England
4328,297498,Ian Cockbain,ON_DRIVE,49,47,2,24.5,104.26,England
4329,440780,Keaton Jennings,SWEEP,49,35,2,24.5,140.0,England
4330,44936,AB de Villiers,PULL_HOOK_ON_BACK_FOOT,49,20,3,16.33,245.0,South Africa
4331,1097408,Rob Yates,SWEEP,49,26,3,16.33,188.46,England
4332,1163855,Hayden Kerr,VERTICAL_FORWARD_ATTACK,49,44,4,12.25,111.36,Australia
4333,333000,Peter Moor,ON_DRIVE,49,36,3,16.33,136.11,Ireland
4334,516039,Alex Davies,SWEEP,49,28,6,8.17,175.0,England
4335,30045,Dinesh Karthik,PUSH,49,71,4,12.25,69.01,India
4336,1077310,Naseem Khushi,PULL,49,25,2,24.5,196.0,Oman
4337,373538,Sabbir Rahman,REVERSE_SWEEP,49,28,1,49.0,175.0,Bangladesh
4338,402992,Shuvagata Hom,FLICK,49,50,3,16.33,98.0,Bangladesh
4339,28763,Gautam Gambhir,SLOG_SHOT,49,31,8,6.12,158.06,India
4340,439952,Chris Morris,CUT_SHOT,49,34,3,16.33,144.12,South Africa
4341,1199426,Irfan Khan,PULL,49,29,1,49.0,168.97,Pakistan
4342,19296,Kevin Pietersen,SLOG_SHOT,49,20,4,12.25,245.0,England
4343,19296,Kevin Pietersen,CUT_SHOT,49,39,2,24.5,125.64,England
4344,517247,Jonathan Tattersall,CUT_SHOT_ON_BACK_FOOT,49,43,2,24.5,113.95,England
4345,251721,Adam Lyth,PULL,49,27,4,12.25,181.48,England
4346,670031,Alzarri Joseph,SLOG_SHOT,49,30,5,9.8,163.33,West Indies
4347,293831,Regis Chakabva,SLOG_SHOT,49,25,4,12.25,196.0,Zimbabwe
4348,30288,Karn Sharma,ON_DRIVE,49,27,3,16.33,181.48,India
4349,532424,Sohail Akhtar,STEERED,49,53,1,49.0,92.45,Pakistan
4350,1159711,Shahbaz Ahmed,ON_DRIVE,49,40,3,16.33,122.5,India
4351,1168651,Haider Ali,STRAIGHT_DRIVE,49,20,1,49.0,245.0,Pakistan
4352,56143,Shakib Al Hasan,SQUARE_DRIVE,49,43,2,24.5,113.95,Bangladesh
4353,5334,Aaron Finch,PUSH_SHOT,49,59,2,24.5,83.05,Australia
4354,1205559,Mohammad Haris,SLOG_SWEEP,49,21,3,16.33,233.33,Pakistan
4355,820691,Odean Smith,CUT_SHOT,49,32,1,49.0,153.12,West Indies
4356,526021,Cole McConchie,COVER_DRIVE,49,45,2,24.5,108.89,New Zealand
4357,390484,Jaydev Unadkat,COVER_DRIVE,49,38,2,24.5,128.95,India
4358,623636,Kamran Ghulam,PULL,49,22,1,49.0,222.73,Pakistan
4359,232359,Colin Munro,DEFENDED,49,342,8,6.12,14.33,New Zealand
4360,662235,Josh Inglis,CUT_SHOT_ON_BACK_FOOT,49,30,1,49.0,163.33,Australia
4361,219885,Tom Cooper,PULL_HOOK_ON_BACK_FOOT,49,18,1,49.0,272.22,Netherlands
4362,662235,Josh Inglis,STRAIGHT_DRIVE,49,27,2,24.5,181.48,Australia
4363,851261,Anmolpreet Singh,PULL,49,26,1,49.0,188.46,India
4364,1151270,Ayush Badoni,SLOG_SHOT,49,28,5,9.8,175.0,India
4365,1123073,Anuj Rawat,SLOG_SHOT,49,17,2,24.5,288.24,India
4366,669365,Phil Salt,PUSH_SHOT,49,92,2,24.5,53.26,England
4367,429809,Ravija Sandaruwan,FLICK,49,21,1,49.0,233.33,Kuwait
4368,662235,Josh Inglis,PUSH,49,70,5,9.8,70.0,Australia
4369,34102,Rohit Sharma,HOOK,49,21,3,16.33,233.33,India
4370,327830,Dwaine Pretorius,PULL_HOOK_ON_BACK_FOOT,49,24,1,49.0,204.17,South Africa
4371,350126,Luke Wells,PULL_HOOK_ON_BACK_FOOT,49,31,2,24.5,158.06,England
4372,36084,Yuvraj Singh,STEERED,49,43,1,49.0,113.95,India
4373,1091078,Tion Webster,FLICK,49,59,2,24.5,83.05,West Indies
4374,46788,Ashwell Prince,PULL_HOOK_ON_BACK_FOOT,49,30,2,24.5,163.33,South Africa
4375,232359,Colin Munro,SWEEP,49,31,3,16.33,158.06,New Zealand
4376,422965,Shehan Jayasuriya,COVER_DRIVE,49,33,5,9.8,148.48,United States of America
4377,1099224,Will Smeed,ON_DRIVE,48,41,3,16.0,117.07,England
4378,604302,Nicholas Pooran,VERTICAL_FORWARD_ATTACK,48,32,2,24.0,150.0,West Indies
4379,1163855,Hayden Kerr,SLOG_SHOT,48,25,5,9.6,192.0,Australia
4380,297617,Adam Wheater,SWEEP,48,25,2,24.0,192.0,England
4381,296597,James Vince,SWEEP_SHOT,48,30,2,24.0,160.0,England
4382,56025,Mahmudullah,DEFENDED,48,215,8,6.0,22.33,Bangladesh
4383,323389,Mohammad Rizwan,PULL_HOOK_ON_BACK_FOOT,48,26,2,24.0,184.62,Pakistan
4384,1168667,Joshua Da Silva,ON_DRIVE,48,38,2,24.0,126.32,West Indies
4385,477021,Vijay Shankar,CUT_SHOT,48,39,5,9.6,123.08,India
4386,539548,Scott Kuggeleijn,COVER_DRIVE,48,37,4,12.0,129.73,New Zealand
4387,959759,Finn Allen,LEG_GLANCE,48,32,2,24.0,150.0,New Zealand
4388,375126,Hardus Viljoen,ON_DRIVE,48,27,2,24.0,177.78,South Africa
4389,1079434,Riyan Parag,STRAIGHT_DRIVE,48,24,2,24.0,200.0,India
4390,410765,Nurul Hasan,PUSH,48,83,2,24.0,57.83,Bangladesh
4391,1175496,Nitish Kumar Reddy,PULL,48,21,4,12.0,228.57,India
4392,774223,Jhye Richardson,FLICK,48,48,1,48.0,100.0,Australia
4393,237696,Sheldon Jackson,PULL,48,31,4,12.0,154.84,India
4394,722597,Akash Vasisht,PULL,48,22,1,48.0,218.18,India
4395,215155,Usman Khawaja,PULL_HOOK_ON_BACK_FOOT,48,24,1,48.0,200.0,Australia
4396,955093,Bikramkumar Das,ON_DRIVE,48,36,1,48.0,133.33,India
4397,959827,Jason Sangha,PULL,48,36,3,16.0,133.33,Australia
4398,1125715,Justin Avendano,PULL,48,24,4,12.0,200.0,Australia
4399,32102,Naman Ojha,COVER_DRIVE,48,36,3,16.0,133.33,India
4400,495964,Ryan Burl,CUT_SHOT,48,55,2,24.0,87.27,Zimbabwe
4401,747031,James Bracey,SWEEP,48,35,5,9.6,137.14,England
4402,723105,Rinku Singh,STEERED,48,38,1,48.0,126.32,India
4403,381329,Beau Webster,STRAIGHT_DRIVE,48,27,1,48.0,177.78,Australia
4404,373696,Mominul Haque,CUT_SHOT,48,46,1,48.0,104.35,Bangladesh
4405,1091078,Tion Webster,CUT_SHOT,48,32,2,24.0,150.0,West Indies
4406,637151,Danny Lamb,PULL_HOOK_ON_BACK_FOOT,48,29,3,16.0,165.52,England
4407,297592,Luke Fletcher,VERTICAL_FORWARD_ATTACK,48,55,6,8.0,87.27,England
4408,437448,Jake Lehmann,PULL,48,39,2,24.0,123.08,Australia
4409,530811,Chandrapaul Hemraj,SLOG_SHOT,48,34,4,12.0,141.18,West Indies
4410,833087,Mahedi Hasan,STRAIGHT_DRIVE,48,21,2,24.0,228.57,Bangladesh
4411,719715,Washington Sundar,PULL,48,30,6,8.0,160.0,India
4412,277390,Pieter Malan,PULL_HOOK_ON_BACK_FOOT,48,25,1,48.0,192.0,South Africa
4413,1181700,Tom Prest,SWEEP,48,27,9,5.33,177.78,England
4414,388802,Tom Latham,COVER_DRIVE,48,42,1,48.0,114.29,New Zealand
4415,784373,Kamindu Mendis,CUT_SHOT,48,47,1,48.0,102.13,Sri Lanka
4416,511247,Matt Taylor,VERTICAL_FORWARD_ATTACK,48,48,7,6.86,100.0,England
4417,262456,Dane Vilas,PULL,48,31,1,48.0,154.84,South Africa
4418,334337,Peter Handscomb,CUT_SHOT_ON_BACK_FOOT,48,42,1,48.0,114.29,Australia
4419,911707,Harry Brook,PUSH_SHOT,48,87,1,48.0,55.17,England
4420,277662,Corey Anderson,CUT_SHOT,48,61,3,16.0,78.69,United States of America
4421,1070168,Prithvi Shaw,PUSH,48,95,8,6.0,50.53,India
4422,326434,Alex Carey,SLOG_SWEEP,48,22,4,12.0,218.18,Australia
4423,408413,Rob Keogh,SWEEP,47,44,7,6.71,106.82,England
4424,709675,James Bazley,COVER_DRIVE,47,42,2,23.5,111.9,Australia
4425,355269,James Neesham,SWEEP,47,21,2,23.5,223.81,New Zealand
4426,252833,Chesney Hughes,CUT_SHOT_ON_BACK_FOOT,47,41,2,23.5,114.63,England
4427,778963,Abhinav Manohar,COVER_DRIVE,47,25,2,23.5,188.0,India
4428,711559,Usman Ghani,SLOG_SWEEP,47,17,2,23.5,276.47,Afghanistan
4429,21229,Will Smith,LEG_GLANCE,47,33,1,47.0,142.42,England
4430,55872,Malcolm Waller,CUT_SHOT,47,30,3,15.67,156.67,Zimbabwe
4431,6903,Clint McKay,VERTICAL_FORWARD_ATTACK,47,45,3,15.67,104.44,Australia
4432,24605,Kevin O'Brien,PULL_HOOK_ON_BACK_FOOT,47,24,3,15.67,195.83,Ireland
4433,272262,Kane Richardson,ON_DRIVE,47,33,3,15.67,142.42,Australia
4434,974087,Rahmanullah Gurbaz,SQUARE_DRIVE,47,27,2,23.5,174.07,Afghanistan
4435,55608,Hamilton Masakadza,SLOG_SHOT,47,23,4,11.75,204.35,Zimbabwe
4436,776695,Matt Critchley,PULL,47,24,2,23.5,195.83,England
4437,253802,Virat Kohli,HOOK,47,22,1,47.0,213.64,India
4438,322810,Cameron Delport,PUSH_SHOT,47,73,2,23.5,64.38,South Africa
4439,288211,Umar Amin,ON_DRIVE,47,44,3,15.67,106.82,Pakistan
4440,373538,Sabbir Rahman,LEG_GLANCE,47,32,1,47.0,146.88,Bangladesh
4441,679567,Ben Dwarshuis,COVER_DRIVE,47,36,6,7.83,130.56,Australia
4442,256956,Laurie Evans,SLOG_SWEEP,47,22,6,7.83,213.64,England
4443,410765,Nurul Hasan,CUT_SHOT,47,55,3,15.67,85.45,Bangladesh
4444,1260069,Ali Orr,PULL_HOOK_ON_BACK_FOOT,47,13,1,47.0,361.54,England
4445,348059,Barry McCarthy,PULL,47,42,5,9.4,111.9,Ireland
4446,1205559,Mohammad Haris,STEERED,47,32,1,47.0,146.88,Pakistan
4447,47850,Roelof van der Merwe,SWEEP,47,16,1,47.0,293.75,Netherlands
4448,429886,Wihan Lubbe,COVER_DRIVE,47,52,2,23.5,90.38,South Africa
4449,826915,Nathan Ellis,SLOG_SHOT,47,34,9,5.22,138.24,Australia
4450,820351,Rovman Powell,DEFENDED,47,296,10,4.7,15.88,West Indies
4451,379504,Adam Zampa,COVER_DRIVE,47,42,4,11.75,111.9,Australia
4452,331375,Hamish Rutherford,PULL,47,22,3,15.67,213.64,New Zealand
4453,1260386,Tawanda Muyeye,PULL_HOOK_ON_BACK_FOOT,47,25,6,7.83,188.0,England
4454,596099,Dean Foxcroft,COVER_DRIVE,47,39,1,47.0,120.51,New Zealand
4455,300618,Nasir Hossain,ON_DRIVE,47,57,1,47.0,82.46,Bangladesh
4456,379143,Quinton de Kock,DEFENDED,47,308,8,5.88,15.26,South Africa
4457,318340,Noor Ali Zadran,FLICK,47,46,1,47.0,102.17,Afghanistan
4458,457249,Carlos Brathwaite,SQUARE_DRIVE,47,31,2,23.5,151.61,West Indies
4459,519082,Dom Sibley,PUSH_SHOT,47,70,1,47.0,67.14,England
4460,1161606,Haris Rauf,SLOG_SHOT,47,43,15,3.13,109.3,Pakistan
4461,605575,Matthew Short,SWEEP_SHOT,47,26,3,15.67,180.77,Australia
4462,47015,Jacques Rudolph,SWEEP,47,24,1,47.0,195.83,South Africa
4463,1151278,Yashasvi Jaiswal,STRAIGHT_DRIVE,47,31,1,47.0,151.61,India
4464,233901,Shan Masood,PUSH,47,75,3,15.67,62.67,Pakistan
4465,990081,Mohammad Naim,SLOG_SWEEP,47,32,10,4.7,146.88,Bangladesh
4466,380354,Anamul Haque,SLOG_SHOT,47,24,7,6.71,195.83,Bangladesh
4467,37004,James Franklin,LEG_GLANCE,47,26,1,47.0,180.77,New Zealand
4468,629074,Kusal Mendis,SQUARE_DRIVE,47,29,1,47.0,162.07,Sri Lanka
4469,1124282,Josh Philippe,SQUARE_DRIVE,47,33,1,47.0,142.42,Australia
4470,559235,Kuldeep Yadav,FLICK,47,42,2,23.5,111.9,India
4471,22559,Graham Wagg,LEG_GLANCE,47,33,2,23.5,142.42,England
4472,990031,Towhid Hridoy,PUSH,47,88,5,9.4,53.41,Bangladesh
4473,25446,Kyle Coetzer,FLICK,47,44,2,23.5,106.82,Scotland
4474,222354,Milinda Siriwardana,COVER_DRIVE,47,31,2,23.5,151.61,Sri Lanka
4475,784367,Charith Asalanka,SQUARE_DRIVE,47,28,3,15.67,167.86,Sri Lanka
4476,922943,Shadab Khan,SWEEP,47,17,4,11.75,276.47,Pakistan
4477,452472,Anshy Rath,FLICK,47,41,1,47.0,114.63,Hong Kong
4478,38699,Ross Taylor,SWEEP_SHOT,47,35,2,23.5,134.29,New Zealand
4479,643197,Max O'Dowd,CUT_SHOT,47,58,2,23.5,81.03,Netherlands
4480,502714,Mitchell Santner,STRAIGHT_DRIVE,47,18,3,15.67,261.11,New Zealand
4481,465327,Innocent Kaia,PULL,46,25,1,46.0,184.0,Zimbabwe
4482,308251,David Willey,PUSH_SHOT,46,94,1,46.0,48.94,England
4483,400587,Irfan Sukkur,PULL,46,32,3,15.33,143.75,Bangladesh
4484,1095900,Kashif Ali,CUT_SHOT_ON_BACK_FOOT,46,38,4,11.5,121.05,England
4485,402106,Abdul Waheed,ON_DRIVE,46,39,1,46.0,117.95,Saudi Arabia
4486,1260386,Tawanda Muyeye,CUT_SHOT_ON_BACK_FOOT,46,31,2,23.0,148.39,England
4487,230558,Sunil Narine,SLOG_SWEEP,46,22,4,11.5,209.09,West Indies
4488,1151270,Ayush Badoni,SLOG_SWEEP,46,17,4,11.5,270.59,India
4489,595921,Curtis Campher,SLOG_SWEEP,46,18,3,15.33,255.56,Ireland
4490,748793,Joe Weatherley,REVERSE_SWEEP,46,33,3,15.33,139.39,England
4491,572198,Nick Gubbins,PULL_HOOK_ON_BACK_FOOT,46,35,3,15.33,131.43,England
4492,1153276,Oliver Price,VERTICAL_FORWARD_ATTACK,46,47,4,11.5,97.87,England
4493,1096123,Luke Hollman,REVERSE_SWEEP,46,22,1,46.0,209.09,England
4494,232364,Tim Southee,SLOG_SHOT,46,45,14,3.29,102.22,New Zealand
4495,698333,Jiveshan Pillay,PULL,46,20,3,15.33,230.0,South Africa
4496,422592,Fabian Cowdrey,PULL_HOOK_ON_BACK_FOOT,46,30,1,46.0,153.33,England
4497,906749,Dominic Drakes,COVER_DRIVE,46,34,3,15.33,135.29,West Indies
4498,571761,Daniel Hughes,SLOG_SWEEP,46,15,1,46.0,306.67,Australia
4499,233680,Jonathan Wells,SWEEP_SHOT,46,32,2,23.0,143.75,Australia
4500,12450,Steven Davies,SWEEP,46,20,2,23.0,230.0,England
4501,688141,Sean Dickson,REVERSE_SWEEP,46,32,2,23.0,143.75,South Africa
4502,8180,Shane Watson,SLOG_SWEEP,46,16,1,46.0,287.5,Australia
4503,474760,Chundangapoyil Rizwan,COVER_DRIVE,46,36,2,23.0,127.78,United Arab Emirates
4504,1223047,Josh Brown,CUT_SHOT,46,50,4,11.5,92.0,Australia
4505,1277545,Abishek Porel,COVER_DRIVE,46,30,2,23.0,153.33,India
4506,51784,Rayad Emrit,SLOG_SHOT,46,24,6,7.67,191.67,West Indies
4507,355269,James Neesham,SWEEP_SHOT,46,30,1,46.0,153.33,New Zealand
4508,824159,Tayyab Tahir,FLICK,46,44,1,46.0,104.55,Pakistan
4509,209457,Chamara Kapugedera,PULL,46,33,1,46.0,139.39,Sri Lanka
4510,52917,Denesh Ramdin,SLOG_SWEEP,46,17,3,15.33,270.59,West Indies
4511,559066,Ish Sodhi,ON_DRIVE,46,28,2,23.0,164.29,New Zealand
4512,1045883,Clive Madande,PULL,46,29,1,46.0,158.62,Zimbabwe
4513,1172968,Dan Mousley,CUT_SHOT_ON_BACK_FOOT,46,40,1,46.0,115.0,England
4514,568276,Imam-ul-Haq,PULL,46,23,3,15.33,200.0,Pakistan
4515,1127317,Scott Edwards,SWEEP_SHOT,46,30,3,15.33,153.33,Netherlands
4516,559235,Kuldeep Yadav,PULL,46,28,1,46.0,164.29,India
4517,541224,Luke Jongwe,COVER_DRIVE,46,29,3,15.33,158.62,Zimbabwe
4518,277390,Pieter Malan,CUT_SHOT_ON_BACK_FOOT,46,25,1,46.0,184.0,South Africa
4519,381329,Beau Webster,SQUARE_DRIVE,46,37,1,46.0,124.32,Australia
4520,41028,Kamran Akmal,STEERED,46,71,2,23.0,64.79,Pakistan
4521,956871,Prerak Mankad,ON_DRIVE,46,28,1,46.0,164.29,India
4522,530011,Travis Head,PULL_HOOK_ON_BACK_FOOT,46,27,7,6.57,170.37,Australia
4523,326639,Simon Milenko,PULL,46,20,2,23.0,230.0,Australia
4524,390481,Harshal Patel,PULL,46,17,4,11.5,270.59,India
4525,300631,Kusal Perera,SLOG_SWEEP,46,32,6,7.67,143.75,Sri Lanka
4526,326639,Simon Milenko,FLICK,46,40,2,23.0,115.0,Australia
4527,628240,Hussain Talat,SQUARE_DRIVE,46,31,3,15.33,148.39,Pakistan
4528,333780,Nic Maddinson,STEERED,46,42,2,23.0,109.52,Australia
4529,333000,Peter Moor,SLOG_SHOT,46,15,3,15.33,306.67,Ireland
4530,376116,Umesh Yadav,SLOG_SHOT,46,25,6,7.67,184.0,India
4531,391832,Roston Chase,CUT_SHOT,46,54,1,46.0,85.19,West Indies
4532,28081,MS Dhoni,LEG_GLANCE,46,36,1,46.0,127.78,India
4533,277662,Corey Anderson,SWEEP,46,13,1,46.0,353.85,United States of America
4534,334337,Peter Handscomb,SWEEP_SHOT,46,31,6,7.67,148.39,Australia
4535,1115195,Joshua De Caires,VERTICAL_FORWARD_ATTACK,46,36,3,15.33,127.78,England
4536,373538,Sabbir Rahman,STEERED,46,50,1,46.0,92.0,Bangladesh
4537,793463,Rashid Khan,STEERED,46,46,3,15.33,100.0,Afghanistan
4538,716733,Khushdil Shah,SLOG_SWEEP,46,21,8,5.75,219.05,Pakistan
4539,56143,Shakib Al Hasan,PUSH,46,112,3,15.33,41.07,Bangladesh
4540,1161024,Prabhsimran Singh,SLOG_SHOT,46,26,7,6.57,176.92,India
4541,259410,Ahmed Shehzad,STEERED,46,38,1,46.0,121.05,Pakistan
4542,539511,Henry Nicholls,FLICK,46,47,1,46.0,97.87,New Zealand
4543,19346,Chris Read,VERTICAL_FORWARD_ATTACK,46,32,2,23.0,143.75,England
4544,554691,Axar Patel,SQUARE_DRIVE,45,29,2,22.5,155.17,India
4545,958691,Ashen Bandara,FLICK,45,41,2,22.5,109.76,Sri Lanka
4546,526021,Cole McConchie,PULL,45,29,1,45.0,155.17,New Zealand
4547,1070180,Priyam Garg,ON_DRIVE,45,40,3,15.0,112.5,India
4548,1072470,Shaheen Shah Afridi,COVER_DRIVE,45,28,3,15.0,160.71,Pakistan
4549,36084,Yuvraj Singh,SLOG_SHOT,45,23,2,22.5,195.65,India
4550,882319,Harry Swindells,LEG_GLANCE,45,39,2,22.5,115.38,England
4551,452472,Anshy Rath,PULL,45,24,1,45.0,187.5,Hong Kong
4552,436757,Heinrich Klaasen,SWEEP_SHOT,45,21,4,11.25,214.29,South Africa
4553,247235,Chris Woakes,ON_DRIVE,45,34,2,22.5,132.35,England
4554,851403,Venkatesh Iyer,SQUARE_DRIVE,45,40,1,45.0,112.5,India
4555,604302,Nicholas Pooran,LEG_GLANCE,45,34,1,45.0,132.35,West Indies
4556,249866,Alex Hales,DEFENDED,45,310,13,3.46,14.52,England
4557,1175485,Abdul Samad,COVER_DRIVE,45,42,2,22.5,107.14,India
4558,865833,Zak Chappell,VERTICAL_FORWARD_ATTACK,45,47,5,9.0,95.74,England
4559,1241277,Muhammad Waseem,STEERED,45,45,1,45.0,100.0,United Arab Emirates
4560,44932,Jean-Paul Duminy,STRAIGHT_DRIVE,45,22,1,45.0,204.55,South Africa
4561,901157,Arjun Nair,ON_DRIVE,45,29,1,45.0,155.17,Australia
4562,642519,Shreyas Iyer,UPPER_CUT,45,17,1,45.0,264.71,India
4563,300629,Angelo Perera,PULL,45,19,1,45.0,236.84,Sri Lanka
4564,938959,Wessley Madhevere,COVER_DRIVE,45,32,2,22.5,140.62,Zimbabwe
4565,390481,Harshal Patel,SLOG_SHOT,45,32,9,5.0,140.62,India
4566,10656,Michael Carberry,PUSH_SHOT,45,66,1,45.0,68.18,England
4567,629063,Mehidy Hasan Miraz,SQUARE_DRIVE,45,28,1,45.0,160.71,Bangladesh
4568,25056,Assad Vala,COVER_DRIVE,45,38,2,22.5,118.42,Papua New Guinea
4569,784373,Kamindu Mendis,PULL,45,28,3,15.0,160.71,Sri Lanka
4570,8180,Shane Watson,HOOK,45,13,1,45.0,346.15,Australia
4571,459508,Andrew Tye,FLICK,45,33,2,22.5,136.36,Australia
4572,432783,Sachin Baby,ON_DRIVE,45,33,3,15.0,136.36,India
4573,1123428,Usman Khan,SLOG_SHOT,45,25,5,9.0,180.0,Pakistan
4574,1091078,Tion Webster,PULL,45,34,3,15.0,132.35,West Indies
4575,1175496,Nitish Kumar Reddy,ON_DRIVE,45,30,1,45.0,150.0,India
4576,848623,Mark Deyal,SLOG_SHOT,45,27,8,5.62,166.67,West Indies
4577,921509,Ibrahim Zadran,PUSH,45,109,2,22.5,41.28,Afghanistan
4578,1145103,Oli Carter,VERTICAL_FORWARD_ATTACK,45,35,2,22.5,128.57,England
4579,826901,Daniel Sams,LEG_GLANCE,45,26,1,45.0,173.08,Australia
4580,233802,Ashan Priyanjan,PULL,45,22,1,45.0,204.55,Sri Lanka
4581,53115,Daren Sammy,CUT_SHOT,45,47,4,11.25,95.74,West Indies
4582,345821,Danushka Gunathilaka,SLOG_SHOT,45,29,10,4.5,155.17,Sri Lanka
4583,647785,Sahibzada Farhan,CUT_SHOT,45,38,2,22.5,118.42,Pakistan
4584,7502,Luke Ronchi,SWEEP,45,17,1,45.0,264.71,New Zealand
4585,1153276,Oliver Price,SWEEP,45,36,1,45.0,125.0,England
4586,334394,Sam Whiteman,FLICK,45,35,1,45.0,128.57,Australia
4587,53118,Dwayne Smith,DEFENDED,45,247,8,5.62,18.22,West Indies
4588,1076382,Mackenzie Harvey,SLOG_SHOT,45,17,5,9.0,264.71,Australia
4589,494581,Rahkeem Cornwall,CUT_SHOT,45,47,3,15.0,95.74,West Indies
4590,851403,Venkatesh Iyer,SLOG_SWEEP,45,19,4,11.25,236.84,India
4591,877051,Tom Banton,SLOG_SWEEP,45,22,1,45.0,204.55,England
4592,290462,Solomon Mire,PULL,45,19,1,45.0,236.84,Zimbabwe
4593,1210488,Cooper Connolly,ON_DRIVE,45,24,3,15.0,187.5,Australia
4594,303423,Andy Balbirnie,STEERED,45,53,2,22.5,84.91,Ireland
4595,297635,James Taylor,PULL_HOOK_ON_BACK_FOOT,45,19,1,45.0,236.84,England
4596,437448,Jake Lehmann,FLICK,45,45,4,11.25,100.0,Australia
4597,1076722,Will Sutherland,PULL,45,26,3,15.0,173.08,Australia
4598,375126,Hardus Viljoen,PULL,45,31,3,15.0,145.16,South Africa
4599,521637,Ben Duckett,SLOG_SHOT,45,23,5,9.0,195.65,England
4600,1159711,Shahbaz Ahmed,SWEEP_SHOT,45,22,1,45.0,204.55,India
4601,1127317,Scott Edwards,FLICK,45,42,1,45.0,107.14,Netherlands
4602,517549,Michael Burgess,REVERSE_SWEEP,45,27,1,45.0,166.67,England
4603,779929,Nick Hobson,ON_DRIVE,45,34,2,22.5,132.35,Australia
4604,707109,Sean Solia,ON_DRIVE,45,28,1,45.0,160.71,New Zealand
4605,520551,Arron Lilley,PUSH_SHOT,45,73,1,45.0,61.64,England
4606,4451,George Bailey,CUT_SHOT_ON_BACK_FOOT,45,34,1,45.0,132.35,Australia
4607,297602,Jack Taylor,SWEEP,45,18,2,22.5,250.0,England
4608,316397,Asad Shafiq,CUT_SHOT,45,27,1,45.0,166.67,Pakistan
4609,784379,Wanindu Hasaranga,STRAIGHT_DRIVE,44,16,2,22.0,275.0,Sri Lanka
4610,1329699,Khawaja Nafay,FLICK,44,36,2,22.0,122.22,Pakistan
4611,1097408,Rob Yates,PUSH_SHOT,44,64,1,44.0,68.75,England
4612,251721,Adam Lyth,ON_DRIVE,44,35,4,11.0,125.71,England
4613,585083,Zeeshan Maqsood,FLICK,44,35,1,44.0,125.71,Oman
4614,481875,George Linde,CUT_SHOT_ON_BACK_FOOT,44,25,1,44.0,176.0,South Africa
4615,17970,Daryl Mitchell,PUSH_SHOT,44,59,2,22.0,74.58,England
4616,8845,Tim Ambrose,CUT_SHOT_ON_BACK_FOOT,44,26,2,22.0,169.23,England
4617,1124283,Aaron Hardie,SLOG_SWEEP,44,16,3,14.67,275.0,Australia
4618,547749,Will Young,COVER_DRIVE,44,47,5,8.8,93.62,New Zealand
4619,533870,Nick Larkin,SLOG_SHOT,44,24,6,7.33,183.33,Australia
4620,571761,Daniel Hughes,PUSH,44,78,1,44.0,56.41,Australia
4621,24598,Eoin Morgan,SQUARE_DRIVE,44,39,1,44.0,112.82,England
4622,1042145,Harry Came,LEG_GLANCE,44,25,3,14.67,176.0,England
4623,232435,Calum MacLeod,FLICK,44,46,1,44.0,95.65,Scotland
4624,318788,Haris Sohail,FLICK,44,48,2,22.0,91.67,Pakistan
4625,833087,Mahedi Hasan,STEERED,44,33,1,44.0,133.33,Bangladesh
4626,4864,Dan Christian,PUSH,44,77,2,22.0,57.14,Australia
4627,930189,Lalit Yadav,PULL,44,39,2,22.0,112.82,India
4628,631668,Stephen Eskinazi,ON_DRIVE,44,27,2,22.0,162.96,England
4629,28763,Gautam Gambhir,SQUARE_DRIVE,44,32,1,44.0,137.5,India
4630,477021,Vijay Shankar,STEERED,44,55,2,22.0,80.0,India
4631,28235,Shikhar Dhawan,UPPER_CUT,44,17,2,22.0,258.82,India
4632,32498,Yusuf Pathan,STEERED,44,43,2,22.0,102.33,India
4633,302845,Tony Ura,ON_DRIVE,44,34,3,14.67,129.41,Papua New Guinea
4634,326637,Chris Lynn,DEFENDED,44,341,6,7.33,12.9,Australia
4635,461281,Preston Mommsen,PULL,44,22,1,44.0,200.0,Scotland
4636,1294141,Aryansh Sharma,ON_DRIVE,44,42,2,22.0,104.76,United Arab Emirates
4637,596062,Matthew Montgomery,PULL_HOOK_ON_BACK_FOOT,44,25,1,44.0,176.0,Germany
4638,256956,Laurie Evans,SWEEP_SHOT,44,16,2,22.0,275.0,England
4639,348059,Barry McCarthy,ON_DRIVE,44,27,2,22.0,162.96,Ireland
4640,570421,Will Rhodes,CUT_SHOT_ON_BACK_FOOT,44,38,1,44.0,115.79,England
4641,6683,Shaun Marsh,PULL_HOOK_ON_BACK_FOOT,44,35,4,11.0,125.71,Australia
4642,550209,Wesley Marshall,PULL,44,19,1,44.0,231.58,South Africa
4643,400587,Irfan Sukkur,FLICK,44,48,6,7.33,91.67,Bangladesh
4644,739603,Aaron Thomason,CUT_SHOT_ON_BACK_FOOT,44,38,1,44.0,115.79,England
4645,539511,Henry Nicholls,ON_DRIVE,44,47,2,22.0,93.62,New Zealand
4646,348144,Babar Azam,PUSH_SHOT,44,62,3,14.67,70.97,Pakistan
4647,475281,Shardul Thakur,PULL,44,27,3,14.67,162.96,India
4648,594322,Corbin Bosch,COVER_DRIVE,44,35,3,14.67,125.71,South Africa
4649,521637,Ben Duckett,ON_DRIVE,44,47,1,44.0,93.62,England
4650,959767,Rachin Ravindra,CUT_SHOT,44,32,1,44.0,137.5,New Zealand
4651,902907,Tom Lammonby,SWEEP,44,21,4,11.0,209.52,England
4652,326632,Joe Burns,SLOG_SHOT,44,15,3,14.67,293.33,Italy
4653,12877,James Foster,PULL_HOOK_ON_BACK_FOOT,44,26,4,11.0,169.23,England
4654,35582,Robin Uthappa,SLOG_SWEEP,44,10,2,22.0,440.0,India
4655,1161031,Saim Ayub,PUSH,44,113,7,6.29,38.94,Pakistan
4656,961407,Harry Tector,STRAIGHT_DRIVE,44,25,1,44.0,176.0,Ireland
4657,326637,Chris Lynn,STEERED,44,48,1,44.0,91.67,Australia
4658,595978,Tristan Stubbs,REVERSE_SWEEP,44,17,2,22.0,258.82,South Africa
4659,526441,Mark Adair,CUT_SHOT,44,49,2,22.0,89.8,Ireland
4660,631668,Stephen Eskinazi,REVERSE_SWEEP,44,34,2,22.0,129.41,England
4661,1070180,Priyam Garg,PULL,44,19,2,22.0,231.58,India
4662,333780,Nic Maddinson,PULL_HOOK_ON_BACK_FOOT,44,21,1,44.0,209.52,Australia
4663,1199426,Irfan Khan,FLICK,43,33,1,43.0,130.3,Pakistan
4664,47490,Daryn Smit,SWEEP,43,35,2,21.5,122.86,South Africa
4665,44828,Faf du Plessis,SLOG_SWEEP,43,19,6,7.17,226.32,South Africa
4666,909225,Paul Walter,CUT_SHOT,43,24,6,7.17,179.17,England
4667,571102,Fynn Hudson-Prentice,LEG_GLANCE,43,27,3,14.33,159.26,England
4668,520183,Zeeshan Ashraf,FLICK,43,33,1,43.0,130.3,Pakistan
4669,17986,Steven Mullaney,PUSH_SHOT,43,64,5,8.6,67.19,England
4670,288617,Ross Whiteley,SWEEP,43,34,3,14.33,126.47,England
4671,1200965,Saqlain Arshad,ON_DRIVE,43,29,2,21.5,148.28,Qatar
4672,438563,Mark Chapman,SLOG_SWEEP,43,15,2,21.5,286.67,New Zealand
4673,381030,Gihahn Cloete,ON_DRIVE,43,22,2,21.5,195.45,South Africa
4674,362565,Craig Meschede,LEG_GLANCE,43,30,3,14.33,143.33,Germany
4675,540316,Andile Phehlukwayo,ON_DRIVE,43,37,4,10.75,116.22,South Africa
4676,321777,David Miller,DEFENDED,43,265,14,3.07,16.23,South Africa
4677,784367,Charith Asalanka,STEERED,43,44,2,21.5,97.73,Sri Lanka
4678,1123073,Anuj Rawat,CUT_SHOT,43,34,1,43.0,126.47,India
4679,300618,Nasir Hossain,CUT_SHOT,43,41,2,21.5,104.88,Bangladesh
4680,4818,Mark Cosgrove,PUSH_SHOT,43,70,3,14.33,61.43,Australia
4681,559066,Ish Sodhi,PULL,43,25,4,10.75,172.0,New Zealand
4682,629059,Yasir Ali,SLOG_SWEEP,43,15,3,14.33,286.67,Bangladesh
4683,1027781,Matthew Potts,VERTICAL_FORWARD_ATTACK,43,42,4,10.75,102.38,England
4684,859899,Calvin Harrison,VERTICAL_FORWARD_ATTACK,43,33,4,10.75,130.3,England
4685,44932,Jean-Paul Duminy,SWEEP_SHOT,43,34,2,21.5,126.47,South Africa
4686,1209110,Basil Hameed,COVER_DRIVE,43,35,1,43.0,122.86,United Arab Emirates
4687,38699,Ross Taylor,CUT_SHOT_ON_BACK_FOOT,43,30,2,21.5,143.33,New Zealand
4688,857653,Rishi Patel,LEG_GLANCE,43,41,4,10.75,104.88,England
4689,595267,Matthew Breetzke,SLOG_SHOT,43,18,3,14.33,238.89,South Africa
4690,24609,Gary Wilson,SWEEP,43,33,4,10.75,130.3,Ireland
4691,696401,Marco Jansen,PULL,43,22,2,21.5,195.45,South Africa
4692,444970,Jimmy Peirson,PUSH,43,65,1,43.0,66.15,Australia
4693,321777,David Miller,SLOG_SWEEP,43,12,1,43.0,358.33,South Africa
4694,53118,Dwayne Smith,SQUARE_DRIVE,43,32,4,10.75,134.38,West Indies
4695,55395,Colin de Grandhomme,STRAIGHT_DRIVE,43,19,3,14.33,226.32,New Zealand
4696,623977,Agha Salman,SLOG_SHOT,43,18,3,14.33,238.89,Pakistan
4697,501011,Cameron Bancroft,REVERSE_SWEEP,43,29,1,43.0,148.28,Australia
4698,460079,Miles Hammond,PUSH_SHOT,43,111,2,21.5,38.74,England
4699,431909,Jermaine Blackwood,ON_DRIVE,43,25,2,21.5,172.0,West Indies
4700,471210,Tom Fell,VERTICAL_FORWARD_ATTACK,43,48,5,8.6,89.58,England
4701,288211,Umar Amin,FLICK,43,36,2,21.5,119.44,Pakistan
4702,307756,Jatinder Singh,PULL,43,19,3,14.33,226.32,Oman
4703,307756,Jatinder Singh,ON_DRIVE,43,45,2,21.5,95.56,Oman
4704,974109,Mujeeb Ur Rahman,FLICK,43,30,3,14.33,143.33,Afghanistan
4705,600498,Aiden Markram,SLOG_SWEEP,43,17,4,10.75,252.94,South Africa
4706,215155,Usman Khawaja,SLOG_SWEEP,43,18,2,21.5,238.89,Australia
4707,269237,Mohammad Mithun,STEERED,43,52,1,43.0,82.69,Bangladesh
4708,51862,Andre Fletcher,UPPER_CUT,43,11,1,43.0,390.91,West Indies
4709,354165,Richard Oliver,PULL_HOOK_ON_BACK_FOOT,43,21,1,43.0,204.76,England
4710,494230,Asif Ali,STEERED,43,49,1,43.0,87.76,Pakistan
4711,922941,Abdullah Shafique,STRAIGHT_DRIVE,43,13,1,43.0,330.77,Pakistan
4712,1131978,Ashutosh Sharma,PULL,43,25,2,21.5,172.0,India
4713,784367,Charith Asalanka,SWEEP_SHOT,43,29,3,14.33,148.28,Sri Lanka
4714,280490,JJ Smuts,CUT_SHOT,43,42,2,21.5,102.38,South Africa
4715,497121,Deepak Hooda,PUSH,43,85,3,14.33,50.59,India
4716,44956,Grant Elliott,SWEEP,43,29,3,14.33,148.28,New Zealand
4717,280734,Imrul Kayes,SLOG_SWEEP,43,26,7,6.14,165.38,Bangladesh
4718,23506,Alex Wakely,REVERSE_SWEEP,43,21,2,21.5,204.76,England
4719,1129634,Katene Clarke,PULL,43,30,1,43.0,143.33,New Zealand
4720,227758,Imad Wasim,REVERSE_SWEEP,43,38,4,10.75,113.16,Pakistan
4721,524049,Najibullah Zadran,LEG_GLANCE,43,26,1,43.0,165.38,Afghanistan
4722,1168641,Harpreet Brar,COVER_DRIVE,43,25,2,21.5,172.0,India
4723,652687,Saud Shakeel,PULL,43,20,3,14.33,215.0,Pakistan
4724,17171,Gordon Muchall,PUSH_SHOT,43,49,1,43.0,87.76,England
4725,219885,Tom Cooper,STRAIGHT_DRIVE,43,23,1,43.0,186.96,Netherlands
4726,922943,Shadab Khan,PULL_HOOK_ON_BACK_FOOT,43,22,1,43.0,195.45,Pakistan
4727,17171,Gordon Muchall,CUT_SHOT_ON_BACK_FOOT,43,39,1,43.0,110.26,England
4728,318340,Noor Ali Zadran,ON_DRIVE,43,36,2,21.5,119.44,Afghanistan
4729,623977,Agha Salman,CUT_SHOT,43,39,1,43.0,110.26,Pakistan
4730,43265,Sohail Tanvir,COVER_DRIVE,42,45,3,14.0,93.33,Pakistan
4731,55395,Colin de Grandhomme,SQUARE_DRIVE,42,30,2,21.0,140.0,New Zealand
4732,698189,Wiaan Mulder,LEG_GLANCE,42,31,1,42.0,135.48,South Africa
4733,553821,JJ Smit,COVER_DRIVE,42,19,1,42.0,221.05,Namibia
4734,56167,Ziaur Rahman,SLOG_SHOT,42,22,4,10.5,190.91,Bangladesh
4735,1151288,Sai Sudharsan,SLOG_SWEEP,42,11,1,42.0,381.82,India
4736,571911,Joe Clarke,SQUARE_DRIVE,42,27,1,42.0,155.56,England
4737,772293,Michael Pepper,PULL,42,20,1,42.0,210.0,England
4738,350126,Luke Wells,FLICK,42,25,1,42.0,168.0,England
4739,5236,Callum Ferguson,SWEEP_SHOT,42,28,2,21.0,150.0,Australia
4740,334394,Sam Whiteman,PULL,42,25,2,21.0,168.0,Australia
4741,646003,Jack Burnham,PULL_HOOK_ON_BACK_FOOT,42,21,2,21.0,200.0,England
4742,292152,Jamie Atkinson,ON_DRIVE,42,34,2,21.0,123.53,Hong Kong
4743,665053,Zak Crawley,PUSH_SHOT,42,56,2,21.0,75.0,England
4744,629063,Mehidy Hasan Miraz,STEERED,42,38,1,42.0,110.53,Bangladesh
4745,390481,Harshal Patel,COVER_DRIVE,42,31,1,42.0,135.48,India
4746,550235,Tom Curran,LEG_GLANCE,42,37,3,14.0,113.51,England
4747,429754,Niroshan Dickwella,SLOG_SHOT,42,40,14,3.0,105.0,Sri Lanka
4748,820351,Rovman Powell,SWEEP_SHOT,42,31,1,42.0,135.48,West Indies
4749,465793,Dhananjaya de Silva,SLOG_SHOT,42,31,4,10.5,135.48,Sri Lanka
4750,373538,Sabbir Rahman,DEFENDED,42,162,3,14.0,25.93,Bangladesh
4751,51439,Dwayne Bravo,PUSH,42,68,2,21.0,61.76,West Indies
4752,288617,Ross Whiteley,COVER_DRIVE,42,35,1,42.0,120.0,England
4753,570854,Jack Wildermuth,ON_DRIVE,42,28,4,10.5,150.0,Australia
4754,330408,Chris Barnwell,PULL,42,32,2,21.0,131.25,West Indies
4755,519070,Gerhard Erasmus,ON_DRIVE,42,39,2,21.0,107.69,Namibia
4756,1126059,Omair Yousuf,ON_DRIVE,42,23,2,21.0,182.61,Pakistan
4757,444970,Jimmy Peirson,SLOG_SWEEP,42,22,2,21.0,190.91,Australia
4758,785323,Nathan McAndrew,PULL,42,33,4,10.5,127.27,Australia
4759,958691,Ashen Bandara,COVER_DRIVE,42,36,1,42.0,116.67,Sri Lanka
4760,1123073,Anuj Rawat,ON_DRIVE,42,31,2,21.0,135.48,India
4761,290948,Mohammad Amir,COVER_DRIVE,42,36,3,14.0,116.67,Pakistan
4762,318788,Haris Sohail,COVER_DRIVE,42,26,2,21.0,161.54,Pakistan
4763,233648,Alex Doolan,FLICK,42,41,1,42.0,102.44,Australia
4764,906745,Leniko Boucher,ON_DRIVE,42,20,1,42.0,210.0,West Indies
4765,27223,Stuart Binny,COVER_DRIVE,42,31,1,42.0,135.48,India
4766,1200965,Saqlain Arshad,PULL,42,26,3,14.0,161.54,Qatar
4767,530812,Akeal Hosein,CUT_SHOT,42,43,4,10.5,97.67,West Indies
4768,244497,Adil Rashid,FLICK,42,39,2,21.0,107.69,England
4769,326434,Alex Carey,STEERED,42,51,1,42.0,82.35,Australia
4770,434813,Marcus Harris,SQUARE_DRIVE,42,23,1,42.0,182.61,Australia
4771,532856,Manan Vohra,SLOG_SHOT,42,25,2,21.0,168.0,India
4772,23515,Ben Wright,VERTICAL_FORWARD_ATTACK,42,37,2,21.0,113.51,England
4773,940593,Aqib Ilyas,CUT_SHOT,42,45,1,42.0,93.33,Oman
4774,1036191,Bas de Leede,COVER_DRIVE,42,37,1,42.0,113.51,Netherlands
4775,315232,Asif Khan,SLOG_SHOT,42,16,1,42.0,262.5,United Arab Emirates
4776,1161606,Haris Rauf,PULL,42,32,2,21.0,131.25,Pakistan
4777,646847,Dom Bess,VERTICAL_FORWARD_ATTACK,42,39,6,7.0,107.69,England
4778,525992,Adam Hose,SLOG_SHOT,42,26,7,6.0,161.54,England
4779,37737,Brendon McCullum,SQUARE_DRIVE,42,51,1,42.0,82.35,New Zealand
4780,481875,George Linde,SLOG_SHOT,42,13,4,10.5,323.08,South Africa
4781,629076,Sadeera Samarawickrama,STEERED,42,31,1,42.0,135.48,Sri Lanka
4782,300628,Dinesh Chandimal,PUSH,42,95,2,21.0,44.21,Sri Lanka
4783,345825,Chaturanga de Silva,SLOG_SWEEP,41,16,4,10.25,256.25,Sri Lanka
4784,376169,Michael Neser,COVER_DRIVE,41,38,1,41.0,107.89,Australia
4785,315232,Asif Khan,STRAIGHT_DRIVE,41,9,1,41.0,455.56,United Arab Emirates
4786,538506,Taskin Ahmed,ON_DRIVE,41,36,7,5.86,113.89,Bangladesh
4787,233648,Alex Doolan,ON_DRIVE,41,34,4,10.25,120.59,Australia
4788,1331512,Mirza Baig,COVER_DRIVE,41,23,2,20.5,178.26,Pakistan
4789,906749,Dominic Drakes,SLOG_SHOT,41,26,4,10.25,157.69,West Indies
4790,765879,Matthew Waite,VERTICAL_FORWARD_ATTACK,41,31,3,13.67,132.26,England
4791,379143,Quinton de Kock,RAMP,41,17,1,41.0,241.18,South Africa
4792,451782,James Fuller,PULL,41,22,2,20.5,186.36,England
4793,1125715,Justin Avendano,FLICK,41,27,1,41.0,151.85,Australia
4794,870785,Will Fraine,LEG_GLANCE,41,28,1,41.0,146.43,England
4795,33141,Ambati Rayudu,PUSH,41,97,1,41.0,42.27,India
4796,909225,Paul Walter,PUSH_SHOT,41,65,3,13.67,63.08,England
4797,25056,Assad Vala,PULL,41,22,4,10.25,186.36,Papua New Guinea
4798,232435,Calum MacLeod,PULL,41,22,1,41.0,186.36,Scotland
4799,1170265,Tilak Varma,PUSH,41,79,2,20.5,51.9,India
4800,438563,Mark Chapman,STRAIGHT_DRIVE,41,25,1,41.0,164.0,New Zealand
4801,665053,Zak Crawley,SWEEP_SHOT,41,23,1,41.0,178.26,England
4802,793441,Aamer Jamal,PULL,41,17,2,20.5,241.18,Pakistan
4803,1168667,Joshua Da Silva,FLICK,41,55,1,41.0,74.55,West Indies
4804,233901,Shan Masood,SWEEP_SHOT,41,27,2,20.5,151.85,Pakistan
4805,436677,Soumya Sarkar,SQUARE_DRIVE,41,39,2,20.5,105.13,Bangladesh
4806,25490,Richie Berrington,CUT_SHOT,41,39,3,13.67,105.13,Scotland
4807,211748,Benny Howell,REVERSE_SWEEP,41,35,2,20.5,117.14,England
4808,398666,Sean Abbott,FLICK,41,35,2,20.5,117.14,Australia
4809,537319,Kennar Lewis,SLOG_SWEEP,41,17,4,10.25,241.18,West Indies
4810,974719,Muhammad Usman,PULL,41,22,1,41.0,186.36,United Arab Emirates
4811,267192,Steven Smith,PUSH,41,89,3,13.67,46.07,Australia
4812,55787,Vusi Sibanda,FLICK,41,38,1,41.0,107.89,Zimbabwe
4813,11718,Nick Compton,VERTICAL_FORWARD_ATTACK,41,36,4,10.25,113.89,England
4814,526441,Mark Adair,SLOG_SHOT,41,25,7,5.86,164.0,Ireland
4815,605683,Migael Pretorius,SLOG_SHOT,41,24,6,6.83,170.83,South Africa
4816,826901,Daniel Sams,STRAIGHT_DRIVE,41,16,1,41.0,256.25,Australia
4817,42639,Shahid Afridi,PULL_HOOK_ON_BACK_FOOT,41,24,5,8.2,170.83,Pakistan
4818,530011,Travis Head,SQUARE_DRIVE,41,26,1,41.0,157.69,Australia
4819,578769,Ed Barnard,LEG_GLANCE,41,37,6,6.83,110.81,England
4820,243945,Tom Smith,LEG_GLANCE,41,31,1,41.0,132.26,England
4821,300618,Nasir Hossain,FLICK,41,43,3,13.67,95.35,Bangladesh
4822,243944,Alex Blake,SWEEP,41,22,3,13.67,186.36,England
4823,834741,Caleb Jewell,SLOG_SWEEP,41,17,3,13.67,241.18,Australia
4824,422965,Shehan Jayasuriya,PULL,41,22,4,10.25,186.36,United States of America
4825,32242,Parthiv Patel,SWEEP_SHOT,41,28,3,13.67,146.43,India
4826,36592,Peter Borren,SWEEP_SHOT,41,20,1,41.0,205.0,Netherlands
4827,784367,Charith Asalanka,PUSH,41,98,5,8.2,41.84,Sri Lanka
4828,55814,Brendan Taylor,FLICK,41,41,2,20.5,100.0,Zimbabwe
4829,325012,Marcus Stoinis,VERTICAL_FORWARD_ATTACK,41,28,1,41.0,146.43,Australia
4830,325012,Marcus Stoinis,DEFENDED,41,350,4,10.25,11.71,Australia
4831,56143,Shakib Al Hasan,LEG_GLANCE,41,40,1,41.0,102.5,Bangladesh
4832,256956,Laurie Evans,STEERED,41,51,2,20.5,80.39,England
4833,570241,Mattie McKiernan,PULL_HOOK_ON_BACK_FOOT,41,22,4,10.25,186.36,England
4834,517549,Michael Burgess,LEG_GLANCE,41,44,3,13.67,93.18,England
4835,326016,Bhuvneshwar Kumar,FLICK,41,40,3,13.67,102.5,India
4836,228622,John Hastings,LEG_GLANCE,41,20,2,20.5,205.0,Australia
4837,781285,Jake Weatherald,PUSH,41,82,2,20.5,50.0,Australia
4838,17185,Phil Mustard,REVERSE_SWEEP,41,27,2,20.5,151.85,England
4839,512191,Fakhar Zaman,DEFENDED,41,220,9,4.56,18.64,Pakistan
4840,300631,Kusal Perera,PUSH,41,74,2,20.5,55.41,Sri Lanka
4841,974109,Mujeeb Ur Rahman,REVERSE_SWEEP,41,32,5,8.2,128.12,Afghanistan
4842,525992,Adam Hose,PUSH,41,56,3,13.67,73.21,England
4843,1095900,Kashif Ali,SWEEP,41,24,2,20.5,170.83,England
4844,851261,Anmolpreet Singh,COVER_DRIVE,41,38,1,41.0,107.89,India
4845,824159,Tayyab Tahir,COVER_DRIVE,41,26,1,41.0,157.69,Pakistan
4846,350126,Luke Wells,PULL,41,18,1,41.0,227.78,England
4847,605680,Janneman Malan,CUT_SHOT,41,31,2,20.5,132.26,South Africa
4848,697059,Zakir Hasan,SLOG_SWEEP,41,20,3,13.67,205.0,Bangladesh
4849,629075,Minod Bhanuka,FLICK,41,35,1,41.0,117.14,Sri Lanka
4850,1072470,Shaheen Shah Afridi,SLOG_SWEEP,41,18,2,20.5,227.78,Pakistan
4851,1277545,Abishek Porel,ON_DRIVE,41,37,3,13.67,110.81,India
4852,272262,Kane Richardson,SLOG_SHOT,41,27,4,10.25,151.85,Australia
4853,793463,Rashid Khan,VERTICAL_FORWARD_ATTACK,41,32,7,5.86,128.12,Afghanistan
4854,629070,Mohammad Saifuddin,FLICK,41,56,1,41.0,73.21,Bangladesh
4855,946507,Tadiwanashe Marumani,PULL,41,34,2,20.5,120.59,Zimbabwe
4856,362710,David Payne,VERTICAL_FORWARD_ATTACK,41,43,5,8.2,95.35,England
4857,474760,Chundangapoyil Rizwan,ON_DRIVE,41,42,2,20.5,97.62,United Arab Emirates
4858,437316,Dasun Shanaka,SLOG_SWEEP,40,25,3,13.33,160.0,Sri Lanka
4859,596371,Eddie Byrom,CUT_SHOT_ON_BACK_FOOT,40,28,2,20.0,142.86,Zimbabwe
4860,297581,Max Waller,VERTICAL_FORWARD_ATTACK,40,44,1,40.0,90.91,England
4861,262456,Dane Vilas,FLICK,40,30,1,40.0,133.33,South Africa
4862,41046,Khalid Latif,PULL,40,30,1,40.0,133.33,Pakistan
4863,1161044,Shamim Hossain,SLOG_SWEEP,40,15,1,40.0,266.67,Bangladesh
4864,901157,Arjun Nair,SLOG_SHOT,40,20,2,20.0,200.0,Australia
4865,914171,Qais Ahmad,PULL,40,31,4,10.0,129.03,Afghanistan
4866,22559,Graham Wagg,CUT_SHOT_ON_BACK_FOOT,40,37,2,20.0,108.11,England
4867,526021,Cole McConchie,SLOG_SHOT,40,16,4,10.0,250.0,New Zealand
4868,633660,Virandeep Singh,ON_DRIVE,40,45,2,20.0,88.89,Malaysia
4869,232491,Anwar Ali,PULL,40,33,5,8.0,121.21,Pakistan
4870,853859,Samarth Vyas,PULL,40,17,1,40.0,235.29,India
4871,707113,Tom Bruce,SLOG_SHOT,40,27,4,10.0,148.15,New Zealand
4872,440517,Dane Cleaver,CUT_SHOT,40,23,2,20.0,173.91,New Zealand
4873,26421,Ravichandran Ashwin,STEERED,40,40,2,20.0,100.0,India
4874,375126,Hardus Viljoen,FLICK,40,40,3,13.33,100.0,South Africa
4875,704693,Lahiru Udara,COVER_DRIVE,40,22,1,40.0,181.82,Sri Lanka
4876,785323,Nathan McAndrew,SLOG_SHOT,40,24,4,10.0,166.67,Australia
4877,637970,Harry Dearden,PULL_HOOK_ON_BACK_FOOT,40,35,1,40.0,114.29,England
4878,20367,Darren Stevens,PUSH_SHOT,40,57,1,40.0,70.18,England
4879,25490,Richie Berrington,SLOG_SWEEP,40,14,1,40.0,285.71,Scotland
4880,571703,Wellington Masakadza,PULL,40,27,4,10.0,148.15,Zimbabwe
4881,641423,Dan Lawrence,SLOG_SHOT,40,19,4,10.0,210.53,England
4882,51862,Andre Fletcher,LEG_GLANCE,40,24,1,40.0,166.67,West Indies
4883,1212829,Ali Naseer,COVER_DRIVE,40,33,2,20.0,121.21,United Arab Emirates
4884,47850,Roelof van der Merwe,ON_DRIVE,40,37,5,8.0,108.11,Netherlands
4885,391832,Roston Chase,STRAIGHT_DRIVE,40,16,2,20.0,250.0,West Indies
4886,452472,Anshy Rath,ON_DRIVE,40,38,2,20.0,105.26,Hong Kong
4887,32540,Cheteshwar Pujara,PULL,40,13,1,40.0,307.69,India
4888,669855,Jofra Archer,SLOG_SHOT,40,32,7,5.71,125.0,England
4889,12450,Steven Davies,CUT_SHOT_ON_BACK_FOOT,40,26,4,10.0,153.85,England
4890,50710,Kumar Sangakkara,SWEEP,40,22,2,20.0,181.82,Sri Lanka
4891,45955,Heino Kuhn,ON_DRIVE,40,37,2,20.0,108.11,South Africa
4892,425692,Billy Root,SWEEP,40,27,3,13.33,148.15,England
4893,819429,Azmatullah Omarzai,SLOG_SWEEP,40,18,4,10.0,222.22,Afghanistan
4894,1151273,Nehal Wadhera,FLICK,40,34,1,40.0,117.65,India
4895,474760,Chundangapoyil Rizwan,FLICK,40,34,1,40.0,117.65,United Arab Emirates
4896,41028,Kamran Akmal,SQUARE_DRIVE,40,30,1,40.0,133.33,Pakistan
4897,303669,Joe Root,SLOG_SHOT,40,18,3,13.33,222.22,England
4898,475281,Shardul Thakur,COVER_DRIVE,40,25,2,20.0,160.0,India
4899,629076,Sadeera Samarawickrama,SQUARE_DRIVE,40,21,1,40.0,190.48,Sri Lanka
4900,215155,Usman Khawaja,SWEEP_SHOT,40,27,4,10.0,148.15,Australia
4901,24598,Eoin Morgan,PUSH,40,84,1,40.0,47.62,England
4902,41140,Khurram Manzoor,CUT_SHOT,40,20,2,20.0,200.0,Pakistan
4903,956319,Ayaan Khan,ON_DRIVE,40,25,1,40.0,160.0,Oman
4904,56194,Tamim Iqbal,SLOG_SWEEP,40,19,2,20.0,210.53,Bangladesh
4905,755459,Ben Green,LEG_GLANCE,40,18,1,40.0,222.22,England
4906,681305,Hasan Ali,FLICK,40,27,3,13.33,148.15,Pakistan
4907,961407,Harry Tector,PUSH,40,71,4,10.0,56.34,Ireland
4908,1260069,Ali Orr,VERTICAL_FORWARD_ATTACK,40,35,4,10.0,114.29,England
4909,297488,Matt Machan,LEG_GLANCE,40,22,1,40.0,181.82,England
4910,348034,George Dockrell,CUT_SHOT,40,33,2,20.0,121.21,Ireland
4911,381002,Graeme van Buuren,CUT_SHOT_ON_BACK_FOOT,40,48,4,10.0,83.33,England
4912,698315,Donovan Ferreira,SLOG_SHOT,40,19,4,10.0,210.53,South Africa
4913,1129634,Katene Clarke,ON_DRIVE,40,24,4,10.0,166.67,New Zealand
4914,398439,Karun Nair,SQUARE_DRIVE,39,34,1,39.0,114.71,India
4915,512627,Harry Finch,PULL_HOOK_ON_BACK_FOOT,39,27,2,19.5,144.44,England
4916,537319,Kennar Lewis,CUT_SHOT,39,53,2,19.5,73.58,West Indies
4917,310519,Scott Borthwick,CUT_SHOT_ON_BACK_FOOT,39,35,1,39.0,111.43,England
4918,318339,Samiullah Shinwari,COVER_DRIVE,39,26,1,39.0,150.0,Afghanistan
4919,857653,Rishi Patel,REVERSE_SWEEP,39,21,3,13.0,185.71,England
4920,848623,Mark Deyal,STRAIGHT_DRIVE,39,10,1,39.0,390.0,West Indies
4921,438563,Mark Chapman,STEERED,39,26,1,39.0,150.0,New Zealand
4922,276298,Andre Russell,VERTICAL_FORWARD_ATTACK,39,24,1,39.0,162.5,West Indies
4923,461158,Tom Knight,VERTICAL_FORWARD_ATTACK,39,27,1,39.0,144.44,England
4924,276298,Andre Russell,HOOK,39,15,2,19.5,260.0,West Indies
4925,793411,Danish Aziz,PULL,39,19,2,19.5,205.26,Pakistan
4926,665053,Zak Crawley,SLOG_SWEEP,39,14,2,19.5,278.57,England
4927,300631,Kusal Perera,STRAIGHT_DRIVE,39,19,2,19.5,205.26,Sri Lanka
4928,821749,Saif Hassan,ON_DRIVE,39,17,2,19.5,229.41,Bangladesh
4929,279810,Wriddhiman Saha,DEFENDED,39,158,7,5.57,24.68,India
4930,436757,Heinrich Klaasen,PUSH,39,72,1,39.0,54.17,South Africa
4931,500268,Ashton Turner,REVERSE_SWEEP,39,19,1,39.0,205.26,Australia
4932,348146,Ahsan Ali,CUT_SHOT,39,24,1,39.0,162.5,Pakistan
4933,355266,Craig Cachopa,ON_DRIVE,39,30,2,19.5,130.0,New Zealand
4934,594233,Sibonelo Makhanya,PULL,39,17,3,13.0,229.41,South Africa
4935,699723,Grant Roelofsen,LEG_GLANCE,39,25,1,39.0,156.0,South Africa
4936,247235,Chris Woakes,COVER_DRIVE,39,27,2,19.5,144.44,England
4937,233680,Jonathan Wells,STRAIGHT_DRIVE,39,24,1,39.0,162.5,Australia
4938,326639,Simon Milenko,ON_DRIVE,39,29,2,19.5,134.48,Australia
4939,332980,Charles Amini,ON_DRIVE,39,33,3,13.0,118.18,Papua New Guinea
4940,326968,Michael Bracewell,VERTICAL_FORWARD_ATTACK,39,30,2,19.5,130.0,New Zealand
4941,376169,Michael Neser,CUT_SHOT,39,35,2,19.5,111.43,Australia
4942,308798,D'Arcy Short,SQUARE_DRIVE,39,53,2,19.5,73.58,Australia
4943,403902,Liam Livingstone,STEERED,39,46,2,19.5,84.78,England
4944,381329,Beau Webster,SWEEP_SHOT,39,20,2,19.5,195.0,Australia
4945,457249,Carlos Brathwaite,SWEEP_SHOT,39,42,5,7.8,92.86,West Indies
4946,500267,Seb Gotch,PULL,39,20,1,39.0,195.0,Australia
4947,595267,Matthew Breetzke,CUT_SHOT,39,33,1,39.0,118.18,South Africa
4948,524253,Norman Vanua,ON_DRIVE,39,28,3,13.0,139.29,Papua New Guinea
4949,494230,Asif Ali,PUSH,39,72,1,39.0,54.17,Pakistan
4950,788101,Tom Moores,REVERSE_SWEEP,39,15,1,39.0,260.0,England
4951,215155,Usman Khawaja,STEERED,39,49,1,39.0,79.59,Australia
4952,43906,Hashim Amla,CUT_SHOT_ON_BACK_FOOT,39,25,2,19.5,156.0,South Africa
4953,931015,Thanuka Dabare,PULL,39,17,2,19.5,229.41,Sri Lanka
4954,1112537,Jordan Cox,STRAIGHT_DRIVE,39,17,1,39.0,229.41,England
4955,1161038,Alishan Sharafu,SLOG_SHOT,39,19,4,9.75,205.26,United Arab Emirates
4956,227760,Sarfaraz Ahmed,SLOG_SWEEP,39,22,1,39.0,177.27,Pakistan
4957,19296,Kevin Pietersen,VERTICAL_FORWARD_ATTACK,39,22,2,19.5,177.27,England
4958,40618,Imran Tahir,COVER_DRIVE,39,25,1,39.0,156.0,South Africa
4959,1074333,Nuwanidu Fernando,CUT_SHOT,39,28,1,39.0,139.29,Sri Lanka
4960,6161,Michael Klinger,PULL,39,17,1,39.0,229.41,Australia
4961,230555,Shamarh Brooks,SLOG_SWEEP,39,16,4,9.75,243.75,West Indies
4962,1079434,Riyan Parag,SLOG_SWEEP,39,10,1,39.0,390.0,India
4963,8119,Adam Voges,FLICK,39,32,1,39.0,121.88,Australia
4964,35582,Robin Uthappa,REVERSE_SWEEP,39,29,2,19.5,134.48,India
4965,20367,Darren Stevens,LEG_GLANCE,39,35,4,9.75,111.43,England
4966,45949,Rory Kleinveldt,PULL_HOOK_ON_BACK_FOOT,39,25,5,7.8,156.0,South Africa
4967,32102,Naman Ojha,CUT_SHOT,39,38,1,39.0,102.63,India
4968,28763,Gautam Gambhir,SWEEP_SHOT,39,19,2,19.5,205.26,India
4969,43906,Hashim Amla,SWEEP_SHOT,39,13,1,39.0,300.0,South Africa
4970,911707,Harry Brook,PUSH,39,56,2,19.5,69.64,England
4971,1076382,Mackenzie Harvey,PULL,39,22,1,39.0,177.27,Australia
4972,1123073,Anuj Rawat,PULL,39,22,2,19.5,177.27,India
4973,55872,Malcolm Waller,PULL,39,17,2,19.5,229.41,Zimbabwe
4974,41046,Khalid Latif,FLICK,39,32,1,39.0,121.88,Pakistan
4975,20123,Owais Shah,PULL_HOOK_ON_BACK_FOOT,39,27,3,13.0,144.44,England
4976,1174143,Rafiullah,ON_DRIVE,39,18,3,13.0,216.67,Oman
4977,16406,Michael Lumb,CUT_SHOT_ON_BACK_FOOT,39,25,2,19.5,156.0,England
4978,1151288,Sai Sudharsan,PUSH,38,48,1,38.0,79.17,India
4979,774223,Jhye Richardson,SLOG_SHOT,38,23,6,6.33,165.22,Australia
4980,530811,Chandrapaul Hemraj,STRAIGHT_DRIVE,38,15,2,19.0,253.33,West Indies
4981,233901,Shan Masood,SQUARE_DRIVE,38,32,2,19.0,118.75,Pakistan
4982,320652,Asghar Afghan,CUT_SHOT,38,42,2,19.0,90.48,Afghanistan
4983,381183,Evan Gulbis,ON_DRIVE,38,27,1,38.0,140.74,Australia
4984,641387,Max Holden,COVER_DRIVE,38,22,2,19.0,172.73,England
4985,631668,Stephen Eskinazi,CUT_SHOT,38,32,2,19.0,118.75,England
4986,698189,Wiaan Mulder,STRAIGHT_DRIVE,38,13,1,38.0,292.31,South Africa
4987,348148,Mohammad Nawaz,PUSH,38,75,4,9.5,50.67,Pakistan
4988,308967,Jos Buttler,PUSH_SHOT,38,52,4,9.5,73.08,England
4989,1131978,Ashutosh Sharma,ON_DRIVE,38,16,1,38.0,237.5,India
4990,495964,Ryan Burl,STRAIGHT_DRIVE,38,16,1,38.0,237.5,Zimbabwe
4991,316397,Asad Shafiq,PULL,38,23,2,19.0,165.22,Pakistan
4992,1167770,Meet Bhavsar,CUT_SHOT,38,30,3,12.67,126.67,Kuwait
4993,537124,Gurkeerat Singh Mann,CUT_SHOT,38,24,1,38.0,158.33,India
4994,1139511,Parvez Hossain Emon,ON_DRIVE,38,22,1,38.0,172.73,Bangladesh
4995,784369,Avishka Fernando,HOOK,38,9,1,38.0,422.22,Sri Lanka
4996,43906,Hashim Amla,SLOG_SHOT,38,21,3,12.67,180.95,South Africa
4997,470699,Ben Cooper,CUT_SHOT,38,30,2,19.0,126.67,Netherlands
4998,11724,Rikki Clarke,SWEEP,38,22,2,19.0,172.73,England
4999,629063,Mehidy Hasan Miraz,PUSH,38,98,1,38.0,38.78,Bangladesh
5000,1093669,Muhammad Tanveer,ON_DRIVE,38,24,2,19.0,158.33,Qatar
5001,605661,Ryan Rickelton,STRAIGHT_DRIVE,38,9,1,38.0,422.22,South Africa
5002,12454,Joe Denly,DEFENDED,38,135,3,12.67,28.15,England
5003,537119,Mohit Sharma,COVER_DRIVE,38,26,2,19.0,146.15,India
5004,29264,Harbhajan Singh,COVER_DRIVE,38,25,2,19.0,152.0,India
5005,834741,Caleb Jewell,SQUARE_DRIVE,38,28,1,38.0,135.71,Australia
5006,501011,Cameron Bancroft,SWEEP_SHOT,38,23,2,19.0,165.22,Australia
5007,1072470,Shaheen Shah Afridi,FLICK,38,47,4,9.5,80.85,Pakistan
5008,227758,Imad Wasim,SLOG_SWEEP,38,24,5,7.6,158.33,Pakistan
5009,1114952,George Hill,VERTICAL_FORWARD_ATTACK,38,29,2,19.0,131.03,England
5010,227758,Imad Wasim,STEERED,38,43,1,38.0,88.37,Pakistan
5011,958691,Ashen Bandara,CUT_SHOT,38,41,1,38.0,92.68,Sri Lanka
5012,410765,Nurul Hasan,SLOG_SWEEP,38,22,5,7.6,172.73,Bangladesh
5013,497121,Deepak Hooda,SWEEP_SHOT,38,31,3,12.67,122.58,India
5014,1276719,Kashyap Prajapati,FLICK,38,29,1,38.0,131.03,Oman
5015,764311,Nick Selman,PUSH_SHOT,38,63,1,38.0,60.32,England
5016,1149723,Ben Wells,VERTICAL_FORWARD_ATTACK,38,27,2,19.0,140.74,England
5017,914623,Liam Trevaskis,LEG_GLANCE,38,31,2,19.0,122.58,England
5018,18657,Mark Pettini,SWEEP,38,22,3,12.67,172.73,England
5019,375126,Hardus Viljoen,PULL_HOOK_ON_BACK_FOOT,38,17,2,19.0,223.53,South Africa
5020,55814,Brendan Taylor,REVERSE_SWEEP,38,35,1,38.0,108.57,Zimbabwe
5021,1027867,Lasith Croospulle,COVER_DRIVE,38,26,2,19.0,146.15,Sri Lanka
5022,422108,KL Rahul,HOOK,38,14,1,38.0,271.43,India
5023,379774,Colin Ackermann,ON_DRIVE,38,39,2,19.0,97.44,Netherlands
5024,807469,Thikshila de Silva,COVER_DRIVE,38,20,2,19.0,190.0,Sri Lanka
5025,532856,Manan Vohra,SQUARE_DRIVE,38,19,2,19.0,200.0,India
5026,55814,Brendan Taylor,SWEEP_SHOT,38,11,1,38.0,345.45,Zimbabwe
5027,17171,Gordon Muchall,LEG_GLANCE,38,30,2,19.0,126.67,England
5028,1096092,Jamie Smith,PUSH_SHOT,38,67,1,38.0,56.72,England
5029,1070168,Prithvi Shaw,LEG_GLANCE,38,17,1,38.0,223.53,India
5030,41434,Mohammad Hafeez,SLOG_SWEEP,38,21,3,12.67,180.95,Pakistan
5031,315594,Ashley Nurse,FLICK,38,43,1,38.0,88.37,West Indies
5032,355092,Joe Leach,PULL_HOOK_ON_BACK_FOOT,38,22,3,12.67,172.73,England
5033,23460,Luke Wright,COVER_DRIVE,38,18,1,38.0,211.11,England
5034,1277545,Abishek Porel,FLICK,38,32,2,19.0,118.75,India
5035,459508,Andrew Tye,SLOG_SHOT,38,48,10,3.8,79.17,Australia
5036,50710,Kumar Sangakkara,PUSH_SHOT,38,51,1,38.0,74.51,Sri Lanka
5037,429754,Niroshan Dickwella,REVERSE_SWEEP,38,34,1,38.0,111.76,Sri Lanka
5038,233904,Yasim Murtaza,ON_DRIVE,38,33,5,7.6,115.15,Hong Kong
5039,323389,Mohammad Rizwan,DAB,38,63,1,38.0,60.32,Pakistan
5040,834741,Caleb Jewell,PUSH,37,53,4,9.25,69.81,Australia
5041,56029,Mushfiqur Rahim,DEFENDED,37,168,12,3.08,22.02,Bangladesh
5042,24598,Eoin Morgan,DEFENDED,37,180,5,7.4,20.56,England
5043,820689,Shamar Springer,ON_DRIVE,37,24,1,37.0,154.17,West Indies
5044,910695,Ben Curran,LEG_GLANCE,37,26,2,18.5,142.31,Zimbabwe
5045,308798,D'Arcy Short,SWEEP,37,14,2,18.5,264.29,Australia
5046,437448,Jake Lehmann,CUT_SHOT,37,32,2,18.5,115.62,Australia
5047,498585,David Bedingham,LEG_GLANCE,37,27,2,18.5,137.04,South Africa
5048,629076,Sadeera Samarawickrama,SLOG_SHOT,37,18,2,18.5,205.56,Sri Lanka
5049,1096092,Jamie Smith,SLOG_SHOT,37,14,3,12.33,264.29,England
5050,55872,Malcolm Waller,SLOG_SHOT,37,12,2,18.5,308.33,Zimbabwe
5051,1161024,Prabhsimran Singh,SLOG_SWEEP,37,12,1,37.0,308.33,India
5052,25490,Richie Berrington,SLOG_SHOT,37,27,4,9.25,137.04,Scotland
5053,314743,Shykat Ali,COVER_DRIVE,37,33,1,37.0,112.12,Bangladesh
5054,696145,Nick Welch,LEG_GLANCE,37,25,2,18.5,148.0,Zimbabwe
5055,526492,Tom Sole,VERTICAL_FORWARD_ATTACK,37,41,2,18.5,90.24,Scotland
5056,44956,Grant Elliott,COVER_DRIVE,37,21,1,37.0,176.19,New Zealand
5057,526441,Mark Adair,ON_DRIVE,37,39,6,6.17,94.87,Ireland
5058,603410,Ben McDermott,LEG_GLANCE,37,35,1,37.0,105.71,Australia
5059,1065662,Roshon Primus,FLICK,37,43,1,37.0,86.05,West Indies
5060,1070180,Priyam Garg,FLICK,37,42,3,12.33,88.1,India
5061,25913,Mohammad Nabi,SWEEP_SHOT,37,29,2,18.5,127.59,Afghanistan
5062,345825,Chaturanga de Silva,ON_DRIVE,37,30,2,18.5,123.33,Sri Lanka
5063,215058,Stephen Parry,VERTICAL_FORWARD_ATTACK,37,33,4,9.25,112.12,England
5064,11718,Nick Compton,PULL_HOOK_ON_BACK_FOOT,37,20,2,18.5,185.0,England
5065,642525,Sarfaraz Khan,SWEEP_SHOT,37,21,2,18.5,176.19,India
5066,793457,Hazratullah Zazai,PUSH,37,86,3,12.33,43.02,Afghanistan
5067,498585,David Bedingham,CUT_SHOT_ON_BACK_FOOT,37,28,2,18.5,132.14,South Africa
5068,53116,Lendl Simmons,SLOG_SWEEP,37,11,3,12.33,336.36,West Indies
5069,230556,Andre McCarthy,SLOG_SHOT,37,15,2,18.5,246.67,West Indies
5070,1027867,Lasith Croospulle,PULL,37,20,1,37.0,185.0,Sri Lanka
5071,277911,George Worker,CUT_SHOT,37,30,3,12.33,123.33,New Zealand
5072,637970,Harry Dearden,CUT_SHOT_ON_BACK_FOOT,37,35,1,37.0,105.71,England
5073,823703,Rajat Patidar,CUT_SHOT,37,25,1,37.0,148.0,India
5074,330902,Mustafizur Rahman,ON_DRIVE,37,20,1,37.0,185.0,Bangladesh
5075,633301,Cameron Steel,VERTICAL_FORWARD_ATTACK,37,37,2,18.5,100.0,England
5076,47850,Roelof van der Merwe,COVER_DRIVE,37,31,1,37.0,119.35,Netherlands
5077,1294141,Aryansh Sharma,PULL,37,21,2,18.5,176.19,United Arab Emirates
5078,247235,Chris Woakes,CUT_SHOT,37,26,2,18.5,142.31,England
5079,325026,Glenn Maxwell,SWEEP,37,20,3,12.33,185.0,Australia
5080,440516,Tom Blundell,FLICK,37,35,1,37.0,105.71,New Zealand
5081,629058,Najmul Hossain Shanto,LEG_GLANCE,37,30,1,37.0,123.33,Bangladesh
5082,277662,Corey Anderson,SLOG_SWEEP,37,12,3,12.33,308.33,United States of America
5083,974109,Mujeeb Ur Rahman,PULL,37,21,3,12.33,176.19,Afghanistan
5084,429754,Niroshan Dickwella,SLOG_SWEEP,37,23,4,9.25,160.87,Sri Lanka
5085,32966,Piyush Chawla,ON_DRIVE,37,35,7,5.29,105.71,India
5086,45705,Colin Ingram,REVERSE_SWEEP,37,24,2,18.5,154.17,South Africa
5087,897549,Will Jacks,PUSH,37,75,3,12.33,49.33,England
5088,380354,Anamul Haque,SQUARE_DRIVE,37,32,1,37.0,115.62,Bangladesh
5089,277914,Jeet Raval,PULL,37,23,2,18.5,160.87,New Zealand
5090,1292498,Yash Dhull,ON_DRIVE,37,39,3,12.33,94.87,India
5091,779929,Nick Hobson,SLOG_SHOT,37,16,4,9.25,231.25,Australia
5092,540316,Andile Phehlukwayo,COVER_DRIVE,37,30,1,37.0,123.33,South Africa
5093,277912,Trent Boult,SLOG_SHOT,37,30,5,7.4,123.33,New Zealand
5094,595921,Curtis Campher,SLOG_SHOT,37,26,4,9.25,142.31,Ireland
5095,35390,Saurabh Tiwary,SLOG_SHOT,37,18,2,18.5,205.56,India
5096,407265,Josh Davey,ON_DRIVE,37,20,1,37.0,185.0,Scotland
5097,336594,Andrea Agathangelou,VERTICAL_FORWARD_ATTACK,37,30,2,18.5,123.33,South Africa
5098,1137262,Azam Khan,PUSH,37,92,1,37.0,40.22,Pakistan
5099,303669,Joe Root,SQUARE_DRIVE,37,28,1,37.0,132.14,England
5100,230556,Andre McCarthy,CUT_SHOT,37,25,1,37.0,148.0,West Indies
5101,355269,James Neesham,SQUARE_DRIVE,37,28,2,18.5,132.14,New Zealand
5102,1202263,Thomas Kelly,CUT_SHOT,37,33,2,18.5,112.12,Australia
5103,42657,Shoaib Malik,DAB,37,44,1,37.0,84.09,Pakistan
5104,605575,Matthew Short,STRAIGHT_DRIVE,37,27,5,7.4,137.04,Australia
5105,928057,Lorcan Tucker,SLOG_SWEEP,37,26,7,5.29,142.31,Ireland
5106,788101,Tom Moores,CUT_SHOT,37,22,1,37.0,168.18,England
5107,596375,Tarisai Musakanda,FLICK,37,34,2,18.5,108.82,Zimbabwe
5108,11995,Wes Durston,LEG_GLANCE,37,32,2,18.5,115.62,England
5109,1151288,Sai Sudharsan,SLOG_SHOT,37,17,2,18.5,217.65,India
5110,959825,Brooke Guest,PUSH_SHOT,37,48,1,37.0,77.08,England
5111,439952,Chris Morris,PULL_HOOK_ON_BACK_FOOT,37,25,3,12.33,148.0,South Africa
5112,519070,Gerhard Erasmus,COVER_DRIVE,37,35,3,12.33,105.71,Namibia
5113,529436,Srikar Bharat,PULL,36,24,6,6.0,150.0,India
5114,315232,Asif Khan,COVER_DRIVE,36,27,1,36.0,133.33,United Arab Emirates
5115,55814,Brendan Taylor,ON_DRIVE,36,35,5,7.2,102.86,Zimbabwe
5116,219885,Tom Cooper,SWEEP_SHOT,36,27,1,36.0,133.33,Netherlands
5117,930189,Lalit Yadav,ON_DRIVE,36,40,3,12.0,90.0,India
5118,379774,Colin Ackermann,SLOG_SHOT,36,19,2,18.0,189.47,Netherlands
5119,463668,Jake Lintott,PULL_HOOK_ON_BACK_FOOT,36,22,3,12.0,163.64,England
5120,344580,Shreyas Gopal,COVER_DRIVE,36,20,2,18.0,180.0,India
5121,301648,Jordan Clark,PUSH_SHOT,36,45,1,36.0,80.0,England
5122,237095,Murali Vijay,SLOG_SHOT,36,15,3,12.0,240.0,India
5123,1070168,Prithvi Shaw,HOOK,36,10,1,36.0,360.0,India
5124,585083,Zeeshan Maqsood,PULL,36,23,1,36.0,156.52,Oman
5125,226492,Martin Guptill,UPPER_CUT,36,18,2,18.0,200.0,New Zealand
5126,1170265,Tilak Varma,STEERED,36,40,2,18.0,90.0,India
5127,825211,Ryan Gibson,FLICK,36,35,3,12.0,102.86,Australia
5128,1058514,Aasif Sheikh,COVER_DRIVE,36,27,3,12.0,133.33,Nepal
5129,826869,Shivam Chaudhary,COVER_DRIVE,36,33,1,36.0,109.09,India
5130,422592,Fabian Cowdrey,LEG_GLANCE,36,21,2,18.0,171.43,England
5131,541224,Luke Jongwe,CUT_SHOT,36,25,2,18.0,144.0,Zimbabwe
5132,1028655,Pathum Nissanka,SWEEP_SHOT,36,20,2,18.0,180.0,Sri Lanka
5133,1284532,Haider Butt,COVER_DRIVE,36,16,1,36.0,225.0,Bahrain
5134,571911,Joe Clarke,STRAIGHT_DRIVE,36,21,4,9.0,171.43,England
5135,848623,Mark Deyal,ON_DRIVE,36,32,5,7.2,112.5,West Indies
5136,720471,Ishan Kishan,REVERSE_SWEEP,36,20,2,18.0,180.0,India
5137,1079470,Ramandeep Singh,SLOG_SHOT,36,14,2,18.0,257.14,India
5138,671805,George Munsey,SLOG_SWEEP,36,12,1,36.0,300.0,Scotland
5139,677081,Keemo Paul,CUT_SHOT,36,36,3,12.0,100.0,West Indies
5140,333624,Alex Ross,SQUARE_DRIVE,36,25,1,36.0,144.0,Australia
5141,48472,Tillakaratne Dilshan,VERTICAL_FORWARD_ATTACK,36,42,1,36.0,85.71,Sri Lanka
5142,819441,Darwish Rasooli,PULL,36,14,1,36.0,257.14,Afghanistan
5143,914623,Liam Trevaskis,SWEEP,36,29,4,9.0,124.14,England
5144,1287032,Naman Dhir,PULL,36,17,1,36.0,211.76,India
5145,824159,Tayyab Tahir,ON_DRIVE,36,22,1,36.0,163.64,Pakistan
5146,940593,Aqib Ilyas,SWEEP_SHOT,36,23,1,36.0,156.52,Oman
5147,36948,Anton Devcich,CUT_SHOT,36,35,3,12.0,102.86,New Zealand
5148,540316,Andile Phehlukwayo,SLOG_SHOT,36,23,4,9.0,156.52,South Africa
5149,423838,Rahul Tewatia,PUSH,36,58,2,18.0,62.07,India
5150,42639,Shahid Afridi,LEG_GLANCE,36,22,2,18.0,163.64,Pakistan
5151,670013,Fabian Allen,SLOG_SWEEP,36,21,2,18.0,171.43,West Indies
5152,535393,Senuran Muthusamy,PULL,36,20,1,36.0,180.0,South Africa
5153,56194,Tamim Iqbal,DEFENDED,36,257,7,5.14,14.01,Bangladesh
5154,345821,Danushka Gunathilaka,SWEEP_SHOT,36,27,3,12.0,133.33,Sri Lanka
5155,519070,Gerhard Erasmus,FLICK,36,38,3,12.0,94.74,Namibia
5156,1254269,Aman Hakim Khan,PULL,36,14,5,7.2,257.14,India
5157,760015,Ed Pollock,PUSH_SHOT,36,50,2,18.0,72.0,England
5158,1194744,Shevon Daniel,SLOG_SHOT,36,12,1,36.0,300.0,Sri Lanka
5159,446763,Rahul Tripathi,HOOK,36,14,2,18.0,257.14,India
5160,56154,Shamsur Rahman,SLOG_SHOT,36,15,5,7.2,240.0,Bangladesh
5161,594322,Corbin Bosch,SLOG_SHOT,36,18,4,9.0,200.0,South Africa
5162,12454,Joe Denly,STRAIGHT_DRIVE,36,15,1,36.0,240.0,England
5163,18632,Samit Patel,SLOG_SHOT,36,31,10,3.6,116.13,England
5164,4451,George Bailey,STRAIGHT_DRIVE,36,13,1,36.0,276.92,Australia
5165,866505,Feroze Khushi,CUT_SHOT_ON_BACK_FOOT,36,30,1,36.0,120.0,England
5166,348154,Zafar Gohar,VERTICAL_FORWARD_ATTACK,36,36,4,9.0,100.0,Pakistan
5167,50747,Upul Tharanga,SLOG_SHOT,36,26,7,5.14,138.46,Sri Lanka
5168,520183,Zeeshan Ashraf,ON_DRIVE,36,22,4,9.0,163.64,Pakistan
5169,873199,Chris Greaves,SWEEP_SHOT,36,25,1,36.0,144.0,Scotland
5170,46543,Wayne Madsen,COVER_DRIVE,36,26,1,36.0,138.46,Italy
5171,596137,Clyde Fortuin,FLICK,36,22,1,36.0,163.64,South Africa
5172,1202263,Thomas Kelly,SLOG_SHOT,36,20,4,9.0,180.0,Australia
5173,787987,Marnus Labuschagne,SWEEP,36,27,1,36.0,133.33,Australia
5174,450101,Raymon Reifer,SLOG_SWEEP,36,9,1,36.0,400.0,West Indies
5175,450101,Raymon Reifer,PUSH,36,61,1,36.0,59.02,West Indies
5176,897549,Will Jacks,STEERED,36,31,1,36.0,116.13,England
5177,11995,Wes Durston,SWEEP,36,15,2,18.0,240.0,England
5178,1149157,Chris Benjamin,REVERSE_SWEEP,36,18,2,18.0,200.0,England
5179,275658,Michael Hogan,VERTICAL_FORWARD_ATTACK,36,35,4,9.0,102.86,Australia
5180,290462,Solomon Mire,ON_DRIVE,36,20,1,36.0,180.0,Zimbabwe
5181,774223,Jhye Richardson,ON_DRIVE,36,38,6,6.0,94.74,Australia
5182,647667,Usama Mir,PULL_HOOK_ON_BACK_FOOT,36,12,1,36.0,300.0,Pakistan
5183,23460,Luke Wright,PULL,36,16,1,36.0,225.0,England
5184,409957,Ryan Pringle,LEG_GLANCE,36,32,5,7.2,112.5,England
5185,233712,Stephan Myburgh,PULL,36,24,4,9.0,150.0,Netherlands
5186,1206406,Jake Gibson,PULL,36,15,3,12.0,240.0,New Zealand
5187,1263691,Rehan Ahmed,CUT_SHOT_ON_BACK_FOOT,36,29,3,12.0,124.14,England
5188,327830,Dwaine Pretorius,STRAIGHT_DRIVE,36,15,1,36.0,240.0,South Africa
5189,605661,Ryan Rickelton,SLOG_SWEEP,36,9,1,36.0,400.0,South Africa
5190,911707,Harry Brook,SQUARE_DRIVE,36,19,1,36.0,189.47,England
5191,29264,Harbhajan Singh,SLOG_SHOT,36,19,2,18.0,189.47,India
5192,961407,Harry Tector,SLOG_SWEEP,36,15,3,12.0,240.0,Ireland
5193,974109,Mujeeb Ur Rahman,ON_DRIVE,36,24,1,36.0,150.0,Afghanistan
5194,27223,Stuart Binny,SLOG_SHOT,36,15,4,9.0,240.0,India
5195,409957,Ryan Pringle,PULL_HOOK_ON_BACK_FOOT,36,23,1,36.0,156.52,England
5196,1074333,Nuwanidu Fernando,SLOG_SHOT,35,11,2,17.5,318.18,Sri Lanka
5197,930189,Lalit Yadav,SLOG_SHOT,35,20,5,7.0,175.0,India
5198,43590,Wahab Riaz,PULL_HOOK_ON_BACK_FOOT,35,22,1,35.0,159.09,Pakistan
5199,233901,Shan Masood,SWEEP,35,14,1,35.0,250.0,Pakistan
5200,311158,Ben Stokes,SLOG_SWEEP,35,11,3,11.67,318.18,England
5201,20123,Owais Shah,SWEEP,35,11,1,35.0,318.18,England
5202,823703,Rajat Patidar,STRAIGHT_DRIVE,35,13,1,35.0,269.23,India
5203,698189,Wiaan Mulder,PUSH_SHOT,35,48,1,35.0,72.92,South Africa
5204,27223,Stuart Binny,PULL,35,19,3,11.67,184.21,India
5205,244497,Adil Rashid,PULL,35,24,4,8.75,145.83,England
5206,721867,Jitesh Sharma,SLOG_SWEEP,35,14,1,35.0,250.0,India
5207,639422,Charlie Thurston,PULL_HOOK_ON_BACK_FOOT,35,18,2,17.5,194.44,England
5208,19264,Liam Plunkett,PULL_HOOK_ON_BACK_FOOT,35,18,1,35.0,194.44,United States of America
5209,410316,Alex Hughes,REVERSE_SWEEP,35,17,3,11.67,205.88,England
5210,277662,Corey Anderson,STRAIGHT_DRIVE,35,22,2,17.5,159.09,United States of America
5211,1093638,Imran Ali,CUT_SHOT,35,32,1,35.0,109.38,Bahrain
5212,1241265,Aayan Afzal Khan,COVER_DRIVE,35,33,2,17.5,106.06,United Arab Emirates
5213,787073,Chris Green,SQUARE_DRIVE,35,26,1,35.0,134.62,Australia
5214,48472,Tillakaratne Dilshan,PULL_HOOK_ON_BACK_FOOT,35,18,2,17.5,194.44,Sri Lanka
5215,230551,Gajanand Singh,FLICK,35,27,2,17.5,129.63,United States of America
5216,431909,Jermaine Blackwood,FLICK,35,45,1,35.0,77.78,West Indies
5217,459754,Lewis Hill,REVERSE_SWEEP,35,26,2,17.5,134.62,England
5218,440516,Tom Blundell,ON_DRIVE,35,27,3,11.67,129.63,New Zealand
5219,502714,Mitchell Santner,PUSH_SHOT,35,64,1,35.0,54.69,New Zealand
5220,629059,Yasir Ali,STRAIGHT_DRIVE,35,19,1,35.0,184.21,Bangladesh
5221,325026,Glenn Maxwell,DEFENDED,35,231,5,7.0,15.15,Australia
5222,885181,Dan Douthwaite,PUSH_SHOT,35,60,1,35.0,58.33,England
5223,1096092,Jamie Smith,FLICK,35,41,2,17.5,85.37,England
5224,631545,Matthew Carter,VERTICAL_FORWARD_ATTACK,35,36,2,17.5,97.22,England
5225,1070173,Shubman Gill,LEG_GLANCE,35,30,1,35.0,116.67,India
5226,443263,Hayden Walsh,SLOG_SHOT,35,19,3,11.67,184.21,West Indies
5227,794707,Dipendra Singh Airee,PULL,35,9,1,35.0,388.89,Nepal
5228,1151270,Ayush Badoni,CUT_SHOT,35,39,3,11.67,89.74,India
5229,400587,Irfan Sukkur,COVER_DRIVE,35,30,1,35.0,116.67,Bangladesh
5230,530773,Pawan Negi,SLOG_SHOT,35,22,6,5.83,159.09,India
5231,308798,D'Arcy Short,PUSH,35,87,2,17.5,40.23,Australia
5232,603410,Ben McDermott,REVERSE_SWEEP,35,29,1,35.0,120.69,Australia
5233,552152,Dushmantha Chameera,SLOG_SHOT,35,21,5,7.0,166.67,Sri Lanka
5234,232361,Kieran Noema-Barnett,SWEEP,35,14,2,17.5,250.0,New Zealand
5235,922943,Shadab Khan,UPPER_CUT,35,13,2,17.5,269.23,Pakistan
5236,699723,Grant Roelofsen,SLOG_SHOT,35,24,5,7.0,145.83,South Africa
5237,719715,Washington Sundar,CUT_SHOT,35,32,2,17.5,109.38,India
5238,1194744,Shevon Daniel,CUT_SHOT,35,24,2,17.5,145.83,Sri Lanka
5239,570854,Jack Wildermuth,SLOG_SHOT,35,25,6,5.83,140.0,Australia
5240,1260069,Ali Orr,CUT_SHOT_ON_BACK_FOOT,35,18,1,35.0,194.44,England
5241,1096123,Luke Hollman,LEG_GLANCE,35,26,3,11.67,134.62,England
5242,388678,Ben Dunk,PUSH,35,66,1,35.0,53.03,Australia
5243,311158,Ben Stokes,CUT_SHOT_ON_BACK_FOOT,35,20,2,17.5,175.0,England
5244,550235,Tom Curran,PUSH_SHOT,35,48,3,11.67,72.92,England
5245,585083,Zeeshan Maqsood,ON_DRIVE,35,28,2,17.5,125.0,Oman
5246,270135,Ariful Haque,COVER_DRIVE,35,30,2,17.5,116.67,Bangladesh
5247,326434,Alex Carey,PULL_HOOK_ON_BACK_FOOT,35,21,1,35.0,166.67,Australia
5248,429886,Wihan Lubbe,SLOG_SHOT,35,18,5,7.0,194.44,South Africa
5249,429754,Niroshan Dickwella,PUSH,35,73,4,8.75,47.95,Sri Lanka
5250,56154,Shamsur Rahman,FLICK,35,40,1,35.0,87.5,Bangladesh
5251,314615,Jonathan Carter,SLOG_SHOT,35,23,3,11.67,152.17,West Indies
5252,1071484,Brian Bennett,COVER_DRIVE,35,34,1,35.0,102.94,Zimbabwe
5253,1125715,Justin Avendano,COVER_DRIVE,35,40,5,7.0,87.5,Australia
5254,391832,Roston Chase,STEERED,35,31,1,35.0,112.9,West Indies
5255,56007,Mashrafe Mortaza,SLOG_SHOT,35,25,4,8.75,140.0,Bangladesh
5256,793447,Naveen-ul-Haq,VERTICAL_FORWARD_ATTACK,35,17,1,35.0,205.88,Afghanistan
5257,595921,Curtis Campher,REVERSE_SWEEP,35,20,3,11.67,175.0,Ireland
5258,722303,Matt Renshaw,STRAIGHT_DRIVE,35,19,1,35.0,184.21,Australia
5259,500267,Seb Gotch,CUT_SHOT,35,41,3,11.67,85.37,Australia
5260,772293,Michael Pepper,PUSH_SHOT,35,55,2,17.5,63.64,England
5261,641385,Martin Andersson,PULL_HOOK_ON_BACK_FOOT,35,30,1,35.0,116.67,England
5262,595954,Duan Jansen,SLOG_SHOT,35,17,4,8.75,205.88,South Africa
5263,578769,Ed Barnard,PUSH_SHOT,35,48,1,35.0,72.92,England
5264,316102,Craig Williams,PULL,35,19,2,17.5,184.21,Namibia
5265,1276719,Kashyap Prajapati,PULL,35,19,2,17.5,184.21,Oman
5266,772293,Michael Pepper,FLICK,35,35,4,8.75,100.0,England
5267,280734,Imrul Kayes,SWEEP_SHOT,35,27,1,35.0,129.63,Bangladesh
5268,641387,Max Holden,PUSH_SHOT,35,56,2,17.5,62.5,England
5269,772293,Michael Pepper,CUT_SHOT,35,26,2,17.5,134.62,England
5270,55787,Vusi Sibanda,PULL,35,23,4,8.75,152.17,Zimbabwe
5271,380354,Anamul Haque,STEERED,34,39,2,17.0,87.18,Bangladesh
5272,24609,Gary Wilson,LEG_GLANCE,34,34,3,11.33,100.0,Ireland
5273,784379,Wanindu Hasaranga de Silva,STRAIGHT_DRIVE,34,15,1,34.0,226.67,Sri Lanka
5274,298241,Nathan Buck,VERTICAL_FORWARD_ATTACK,34,34,3,11.33,100.0,England
5275,1217359,Sayed Monib,ON_DRIVE,34,23,3,11.33,147.83,Kuwait
5276,1151278,Yashasvi Jaiswal,SLOG_SWEEP,34,10,1,34.0,340.0,India
5277,16406,Michael Lumb,LEG_GLANCE,34,29,2,17.0,117.24,England
5278,56143,Shakib Al Hasan,DEFENDED,34,174,4,8.5,19.54,Bangladesh
5279,776695,Matt Critchley,SWEEP,34,30,4,8.5,113.33,England
5280,21646,James Tredwell,VERTICAL_FORWARD_ATTACK,34,41,3,11.33,82.93,England
5281,44394,Gareth Berg,CUT_SHOT_ON_BACK_FOOT,34,22,3,11.33,154.55,Italy
5282,793467,Karim Janat,STRAIGHT_DRIVE,34,12,1,34.0,283.33,Afghanistan
5283,10772,Paul Collingwood,REVERSE_SWEEP,34,27,1,34.0,125.93,England
5284,10656,Michael Carberry,LEG_GLANCE,34,21,2,17.0,161.9,England
5285,44407,Wesley Barresi,ON_DRIVE,34,33,3,11.33,103.03,Netherlands
5286,594233,Sibonelo Makhanya,ON_DRIVE,34,29,1,34.0,117.24,South Africa
5287,324260,Sarel Erwee,FLICK,34,17,1,34.0,200.0,South Africa
5288,602155,Tom Alsop,SWEEP,34,27,5,6.8,125.93,England
5289,314743,Shykat Ali,SLOG_SHOT,34,13,2,17.0,261.54,Bangladesh
5290,388678,Ben Dunk,SWEEP_SHOT,34,15,1,34.0,226.67,Australia
5291,1095900,Kashif Ali,PULL_HOOK_ON_BACK_FOOT,34,23,5,6.8,147.83,England
5292,485676,Keegan Petersen,PULL,34,18,1,34.0,188.89,South Africa
5293,816627,Macalister Wright,COVER_DRIVE,34,33,3,11.33,103.03,Australia
5294,995037,Mahidul Islam Ankon,PULL,34,17,4,8.5,200.0,Bangladesh
5295,43590,Wahab Riaz,CUT_SHOT,34,34,6,5.67,100.0,Pakistan
5296,288992,Chris Jordan,CUT_SHOT_ON_BACK_FOOT,34,28,2,17.0,121.43,England
5297,470633,Tom Kohler-Cadmore,PUSH,34,83,1,34.0,40.96,England
5298,646847,Dom Bess,PULL_HOOK_ON_BACK_FOOT,34,20,2,17.0,170.0,England
5299,55354,Chamu Chibhabha,PULL,34,19,5,6.8,178.95,Zimbabwe
5300,1028655,Pathum Nissanka,PUSH,34,92,2,17.0,36.96,Sri Lanka
5301,37696,Hamish Marshall,PUSH_SHOT,34,55,2,17.0,61.82,New Zealand
5302,471342,Krunal Pandya,PUSH,34,74,1,34.0,45.95,India
5303,645319,Alex Thomson,VERTICAL_FORWARD_ATTACK,34,28,3,11.33,121.43,England
5304,594329,Jacques Snyman,PULL,34,16,1,34.0,212.5,South Africa
5305,12450,Steven Davies,PUSH_SHOT,34,71,2,17.0,47.89,England
5306,47660,Ryan ten Doeschate,SWEEP,34,20,1,34.0,170.0,Netherlands
5307,596371,Eddie Byrom,SWEEP,34,21,3,11.33,161.9,Zimbabwe
5308,1201520,Ripal Patel,ON_DRIVE,34,27,2,17.0,125.93,India
5309,424377,Krishnappa Gowtham,SLOG_SHOT,34,20,2,17.0,170.0,India
5310,641385,Martin Andersson,LEG_GLANCE,34,24,3,11.33,141.67,England
5311,1181700,Tom Prest,LEG_GLANCE,34,21,1,34.0,161.9,England
5312,928015,Josh Clarkson,ON_DRIVE,34,32,5,6.8,106.25,New Zealand
5313,337790,Rassie van der Dussen,STEERED,34,33,1,34.0,103.03,South Africa
5314,303669,Joe Root,CUT_SHOT_ON_BACK_FOOT,34,39,2,17.0,87.18,England
5315,550209,Wesley Marshall,ON_DRIVE,34,23,1,34.0,147.83,South Africa
5316,696241,Ricardo Vasconcelos,REVERSE_SWEEP,34,24,1,34.0,141.67,South Africa
5317,39028,Ashar Zaidi,LEG_GLANCE,34,26,2,17.0,130.77,Pakistan
5318,1112537,Jordan Cox,SWEEP_SHOT,34,10,1,34.0,340.0,England
5319,451782,James Fuller,ON_DRIVE,34,30,4,8.5,113.33,England
5320,48472,Tillakaratne Dilshan,COVER_DRIVE,34,37,2,17.0,91.89,Sri Lanka
5321,460079,Miles Hammond,SWEEP,34,23,4,8.5,147.83,England
5322,1074333,Nuwanidu Fernando,COVER_DRIVE,34,30,2,17.0,113.33,Sri Lanka
5323,629075,Minod Bhanuka,ON_DRIVE,34,27,2,17.0,125.93,Sri Lanka
5324,232435,Calum MacLeod,COVER_DRIVE,34,35,2,17.0,97.14,Scotland
5325,547764,Cam Fletcher,CUT_SHOT,34,36,1,34.0,94.44,New Zealand
5326,909225,Paul Walter,SLOG_SHOT,34,16,4,8.5,212.5,England
5327,50710,Kumar Sangakkara,LEG_GLANCE,34,24,1,34.0,141.67,Sri Lanka
5328,595978,Tristan Stubbs,PUSH,33,59,1,33.0,55.93,South Africa
5329,785323,Nathan McAndrew,VERTICAL_FORWARD_ATTACK,33,16,2,16.5,206.25,Australia
5330,882319,Harry Swindells,PULL_HOOK_ON_BACK_FOOT,33,28,5,6.6,117.86,England
5331,693975,Sahan Arachchige,FLICK,33,33,2,16.5,100.0,Sri Lanka
5332,268740,Seekkuge Prasanna,VERTICAL_FORWARD_ATTACK,33,38,3,11.0,86.84,Sri Lanka
5333,388678,Ben Dunk,SQUARE_DRIVE,33,21,1,33.0,157.14,Australia
5334,1294141,Aryansh Sharma,COVER_DRIVE,33,37,1,33.0,89.19,United Arab Emirates
5335,298241,Nathan Buck,PULL_HOOK_ON_BACK_FOOT,33,13,1,33.0,253.85,England
5336,280490,JJ Smuts,REVERSE_SWEEP,33,21,2,16.5,157.14,South Africa
5337,707109,Sean Solia,PULL,33,11,1,33.0,300.0,New Zealand
5338,45955,Heino Kuhn,FLICK,33,35,2,16.5,94.29,South Africa
5339,48472,Tillakaratne Dilshan,SLOG_SHOT,33,23,7,4.71,143.48,Sri Lanka
5340,774223,Jhye Richardson,CUT_SHOT,33,28,1,33.0,117.86,Australia
5341,541224,Luke Jongwe,FLICK,33,28,1,33.0,117.86,Zimbabwe
5342,211748,Benny Howell,STRAIGHT_DRIVE,33,13,2,16.5,253.85,England
5343,440522,Logan van Beek,ON_DRIVE,33,30,2,16.5,110.0,Netherlands
5344,323389,Mohammad Rizwan,DEFENDED,33,303,5,6.6,10.89,Pakistan
5345,222354,Milinda Siriwardana,FLICK,33,35,1,33.0,94.29,Sri Lanka
5346,833087,Mahedi Hasan,PUSH,33,78,1,33.0,42.31,Bangladesh
5347,302269,Chris Dent,PUSH_SHOT,33,65,3,11.0,50.77,England
5348,549950,Munim Shahriar,ON_DRIVE,33,18,2,16.5,183.33,Bangladesh
5349,30288,Karn Sharma,COVER_DRIVE,33,25,1,33.0,132.0,India
5350,424377,Krishnappa Gowtham,COVER_DRIVE,33,24,1,33.0,137.5,India
5351,55412,Craig Ervine,REVERSE_SWEEP,33,22,3,11.0,150.0,Zimbabwe
5352,549950,Munim Shahriar,PULL,33,13,2,16.5,253.85,Bangladesh
5353,26421,Ravichandran Ashwin,SQUARE_DRIVE,33,30,2,16.5,110.0,India
5354,32102,Naman Ojha,SLOG_SHOT,33,20,6,5.5,165.0,India
5355,280734,Imrul Kayes,SQUARE_DRIVE,33,20,1,33.0,165.0,Bangladesh
5356,277911,George Worker,FLICK,33,43,2,16.5,76.74,New Zealand
5357,55395,Colin de Grandhomme,STEERED,33,30,2,16.5,110.0,New Zealand
5358,457279,Olly Stone,VERTICAL_FORWARD_ATTACK,33,26,2,16.5,126.92,England
5359,1120613,Johnathan Campbell,PULL,33,18,1,33.0,183.33,Zimbabwe
5360,280734,Imrul Kayes,LEG_GLANCE,33,21,1,33.0,157.14,Bangladesh
5361,470699,Ben Cooper,FLICK,33,25,1,33.0,132.0,Netherlands
5362,1125715,Justin Avendano,ON_DRIVE,33,28,1,33.0,117.86,Australia
5363,713811,Tinashe Kamunhukamwe,CUT_SHOT,33,29,1,33.0,113.79,Zimbabwe
5364,781285,Jake Weatherald,SWEEP_SHOT,33,18,4,8.25,183.33,Australia
5365,259517,Ben Brown,LEG_GLANCE,33,24,1,33.0,137.5,England
5366,52983,Marlon Samuels,SQUARE_DRIVE,33,32,2,16.5,103.12,West Indies
5367,713811,Tinashe Kamunhukamwe,FLICK,33,32,1,33.0,103.12,Zimbabwe
5368,321777,David Miller,DAB,33,34,1,33.0,97.06,South Africa
5369,906783,Obed McCoy,SLOG_SHOT,33,31,5,6.6,106.45,West Indies
5370,857973,George Bartlett,VERTICAL_FORWARD_ATTACK,33,27,5,6.6,122.22,England
5371,595004,Kyle Verreynne,SLOG_SHOT,33,14,2,16.5,235.71,South Africa
5372,45204,Robbie Frylinck,PULL,33,15,1,33.0,220.0,South Africa
5373,326625,Cameron Boyce,PULL,33,20,5,6.6,165.0,Australia
5374,1171647,Avneesh Sudha,PULL,33,10,2,16.5,330.0,India
5375,1095879,Jack Davies,LEG_GLANCE,33,39,1,33.0,84.62,England
5376,625371,Hardik Pandya,SLOG_SWEEP,33,12,1,33.0,275.0,India
5377,451782,James Fuller,SLOG_SHOT,33,18,6,5.5,183.33,England
5378,29264,Harbhajan Singh,FLICK,33,24,1,33.0,137.5,India
5379,681305,Hasan Ali,COVER_DRIVE,33,21,1,33.0,157.14,Pakistan
5380,1209196,Kirk McKenzie,COVER_DRIVE,33,24,1,33.0,137.5,West Indies
5381,300073,Ned Eckersley,SWEEP,33,22,1,33.0,150.0,England
5382,1163855,Hayden Kerr,COVER_DRIVE,33,39,2,16.5,84.62,Australia
5383,930189,Lalit Yadav,CUT_SHOT,33,29,1,33.0,113.79,India
5384,643197,Max O'Dowd,SLOG_SHOT,33,21,4,8.25,157.14,Netherlands
5385,1151270,Ayush Badoni,SWEEP_SHOT,33,19,3,11.0,173.68,India
5386,787073,Chris Green,STRAIGHT_DRIVE,33,11,2,16.5,300.0,Australia
5387,1151273,Nehal Wadhera,COVER_DRIVE,33,18,1,33.0,183.33,India
5388,571761,Daniel Hughes,STRAIGHT_DRIVE,33,20,1,33.0,165.0,Australia
5389,375126,Hardus Viljoen,LEG_GLANCE,33,19,2,16.5,173.68,South Africa
5390,7502,Luke Ronchi,STEERED,33,36,3,11.0,91.67,New Zealand
5391,663613,Saif Zaib,REVERSE_SWEEP,33,24,3,11.0,137.5,England
5392,772361,Sam Harper,SQUARE_DRIVE,33,16,1,33.0,206.25,Australia
5393,270484,James Faulkner,PULL_HOOK_ON_BACK_FOOT,33,19,1,33.0,173.68,Australia
5394,34102,Rohit Sharma,DAB,33,41,2,16.5,80.49,India
5395,892749,Tim David,SWEEP_SHOT,33,25,1,33.0,132.0,Australia
5396,930189,Lalit Yadav,FLICK,33,38,1,33.0,86.84,India
5397,928015,Josh Clarkson,SLOG_SHOT,33,14,2,16.5,235.71,New Zealand
5398,230193,Matthew Wade,STRAIGHT_DRIVE,33,24,1,33.0,137.5,Australia
5399,55814,Brendan Taylor,CUT_SHOT_ON_BACK_FOOT,32,21,2,16.0,152.38,Zimbabwe
5400,662973,Sam Curran,SLOG_SWEEP,32,12,3,10.67,266.67,England
5401,276298,Andre Russell,SWEEP_SHOT,32,24,2,16.0,133.33,West Indies
5402,1127317,Scott Edwards,PULL,32,26,1,32.0,123.08,Netherlands
5403,290727,Rishi Dhawan,ON_DRIVE,32,19,1,32.0,168.42,India
5404,766809,Jordan Thompson,CUT_SHOT_ON_BACK_FOOT,32,36,1,32.0,88.89,England
5405,350126,Luke Wells,CUT_SHOT_ON_BACK_FOOT,32,19,1,32.0,168.42,England
5406,272450,Mitchell Marsh,LEG_GLANCE,32,18,1,32.0,177.78,Australia
5407,272450,Mitchell Marsh,SWEEP_SHOT,32,30,6,5.33,106.67,Australia
5408,398666,Sean Abbott,CUT_SHOT,32,22,2,16.0,145.45,Australia
5409,33335,Suresh Raina,DEFENDED,32,238,10,3.2,13.45,India
5410,8119,Adam Voges,PULL,32,19,1,32.0,168.42,Australia
5411,595004,Kyle Verreynne,CUT_SHOT,32,24,3,10.67,133.33,South Africa
5412,500267,Seb Gotch,COVER_DRIVE,32,31,2,16.0,103.23,Australia
5413,33141,Ambati Rayudu,DEFENDED,32,254,9,3.56,12.6,India
5414,21229,Will Smith,PULL_HOOK_ON_BACK_FOOT,32,18,3,10.67,177.78,England
5415,37004,James Franklin,PUSH_SHOT,32,61,2,16.0,52.46,New Zealand
5416,362541,Doug Bracewell,COVER_DRIVE,32,17,1,32.0,188.24,New Zealand
5417,1079470,Ramandeep Singh,ON_DRIVE,32,22,1,32.0,145.45,India
5418,910695,Ben Curran,REVERSE_SWEEP,32,16,5,6.4,200.0,Zimbabwe
5419,625960,Kyle Jamieson,VERTICAL_FORWARD_ATTACK,32,18,3,10.67,177.78,New Zealand
5420,670031,Alzarri Joseph,COVER_DRIVE,32,33,3,10.67,96.97,West Indies
5421,417268,Matthew Cross,CUT_SHOT,32,26,2,16.0,123.08,Scotland
5422,5961,Moises Henriques,SLOG_SWEEP,32,10,1,32.0,320.0,Australia
5423,596375,Tarisai Musakanda,ON_DRIVE,32,27,3,10.67,118.52,Zimbabwe
5424,1185538,Mohammad Wasim,PULL,32,30,3,10.67,106.67,Pakistan
5425,1209110,Basil Hameed,FLICK,32,35,5,6.4,91.43,United Arab Emirates
5426,665053,Zak Crawley,CUT_SHOT_ON_BACK_FOOT,32,25,1,32.0,128.0,England
5427,482478,Jan Frylinck,FLICK,32,35,1,32.0,91.43,Namibia
5428,8917,Moeen Ali,PUSH_SHOT,32,63,3,10.67,50.79,England
5429,457249,Carlos Brathwaite,CUT_SHOT_ON_BACK_FOOT,32,30,1,32.0,106.67,West Indies
5430,44936,AB de Villiers,DEFENDED,32,145,3,10.67,22.07,South Africa
5431,269280,Reeza Hendricks,DEFENDED,32,197,6,5.33,16.24,South Africa
5432,998369,Ben Charlesworth,LEG_GLANCE,32,14,1,32.0,228.57,England
5433,625371,Hardik Pandya,UPPER_CUT,32,12,1,32.0,266.67,India
5434,345821,Danushka Gunathilaka,REVERSE_SWEEP,32,25,4,8.0,128.0,Sri Lanka
5435,1193548,Tim Pringle,ON_DRIVE,32,25,1,32.0,128.0,Netherlands
5436,946507,Tadiwanashe Marumani,FLICK,32,35,5,6.4,91.43,Zimbabwe
5437,1081730,Matthew Gilkes,STRAIGHT_DRIVE,32,12,1,32.0,266.67,Australia
5438,29264,Harbhajan Singh,PULL,32,20,2,16.0,160.0,India
5439,5236,Callum Ferguson,STEERED,32,29,1,32.0,110.34,Australia
5440,22559,Graham Wagg,PUSH_SHOT,32,55,1,32.0,58.18,England
5441,319439,Mitchell McClenaghan,SLOG_SHOT,32,28,4,8.0,114.29,New Zealand
5442,436677,Soumya Sarkar,DEFENDED,32,179,9,3.56,17.88,Bangladesh
5443,44936,AB de Villiers,PUSH_SHOT,32,29,1,32.0,110.34,South Africa
5444,1096822,Callum Taylor,CUT_SHOT_ON_BACK_FOOT,32,30,3,10.67,106.67,England
5445,23460,Luke Wright,CUT_SHOT,32,24,1,32.0,133.33,England
5446,1255248,Jordan Hermann,SQUARE_DRIVE,32,17,1,32.0,188.24,South Africa
5447,47490,Daryn Smit,REVERSE_SWEEP,32,18,3,10.67,177.78,South Africa
5448,596062,Matthew Montgomery,REVERSE_SWEEP,32,22,2,16.0,145.45,Germany
5449,629076,Sadeera Samarawickrama,SWEEP_SHOT,32,16,1,32.0,200.0,Sri Lanka
5450,604302,Nicholas Pooran,DAB,32,48,3,10.67,66.67,West Indies
5451,821749,Saif Hassan,FLICK,32,40,1,32.0,80.0,Bangladesh
5452,300617,Rony Talukdar,SLOG_SWEEP,32,20,3,10.67,160.0,Bangladesh
5453,1124290,Nathan McSweeney,PULL,32,26,2,16.0,123.08,Australia
5454,538506,Taskin Ahmed,PULL,32,39,5,6.4,82.05,Bangladesh
5455,256956,Laurie Evans,PUSH,32,62,3,10.67,51.61,England
5456,696401,Marco Jansen,COVER_DRIVE,32,30,1,32.0,106.67,South Africa
5457,717373,Amad Butt,ON_DRIVE,32,17,2,16.0,188.24,Pakistan
5458,537124,Gurkeerat Singh Mann,COVER_DRIVE,32,35,3,10.67,91.43,India
5459,470633,Tom Kohler-Cadmore,SLOG_SWEEP,32,10,1,32.0,320.0,England
5460,280734,Imrul Kayes,PUSH,32,85,4,8.0,37.65,Bangladesh
5461,1092313,Rohail Nazir,PULL,32,18,3,10.67,177.78,Pakistan
5462,464626,Craig Overton,LEG_GLANCE,32,22,1,32.0,145.45,England
5463,1161044,Shamim Hossain,PUSH,32,60,2,16.0,53.33,Bangladesh
5464,24611,William Porterfield,LEG_GLANCE,32,27,2,16.0,118.52,Ireland
5465,230193,Matthew Wade,LEG_GLANCE,32,31,1,32.0,103.23,Australia
5466,572198,Nick Gubbins,SWEEP,32,25,2,16.0,128.0,England
5467,823509,Glenn Phillips,DEFENDED,32,213,4,8.0,15.02,New Zealand
5468,675945,Nahidul Islam,COVER_DRIVE,32,21,2,16.0,152.38,Bangladesh
5469,326016,Bhuvneshwar Kumar,STEERED,32,27,2,16.0,118.52,India
5470,547749,Will Young,SWEEP_SHOT,32,17,1,32.0,188.24,New Zealand
5471,605575,Matthew Short,PUSH,32,72,2,16.0,44.44,Australia
5472,514612,Gavin Griffiths,VERTICAL_FORWARD_ATTACK,32,30,1,32.0,106.67,England
5473,559059,Joe Carter,PULL,32,15,1,32.0,213.33,New Zealand
5474,1093091,Michael Jones,LEG_GLANCE,32,23,1,32.0,139.13,Scotland
5475,1287032,Naman Dhir,FLICK,32,15,2,16.0,213.33,India
5476,823703,Rajat Patidar,SQUARE_DRIVE,32,25,3,10.67,128.0,India
5477,379774,Colin Ackermann,REVERSE_SWEEP,32,18,3,10.67,177.78,Netherlands
5478,539304,Babar Hayat,SLOG_SHOT,32,17,6,5.33,188.24,Hong Kong
5479,211032,Karl Brown,PUSH_SHOT,31,51,3,10.33,60.78,England
5480,517542,Paul Coughlin,CUT_SHOT_ON_BACK_FOOT,31,32,2,15.5,96.88,England
5481,429668,Imal Liyanage,PULL,31,18,1,31.0,172.22,Qatar
5482,45390,Tim Groenewald,VERTICAL_FORWARD_ATTACK,31,20,1,31.0,155.0,England
5483,1168641,Harpreet Brar,FLICK,31,32,1,31.0,96.88,India
5484,1088610,Jack Edwards,SLOG_SHOT,31,16,6,5.17,193.75,Australia
5485,452472,Anshy Rath,COVER_DRIVE,31,26,1,31.0,119.23,Hong Kong
5486,914623,Liam Trevaskis,PULL_HOOK_ON_BACK_FOOT,31,28,3,10.33,110.71,England
5487,252833,Chesney Hughes,LEG_GLANCE,31,28,3,10.33,110.71,England
5488,1094990,Lewis Goldsworthy,PULL_HOOK_ON_BACK_FOOT,31,23,3,10.33,134.78,England
5489,801019,Ashwin Hebbar,PULL,31,13,1,31.0,238.46,India
5490,345825,Chaturanga de Silva,FLICK,31,33,1,31.0,93.94,Sri Lanka
5491,481875,George Linde,PULL_HOOK_ON_BACK_FOOT,31,19,1,31.0,163.16,South Africa
5492,535393,Senuran Muthusamy,COVER_DRIVE,31,16,1,31.0,193.75,South Africa
5493,550189,Dayyaan Galiem,PULL,31,17,2,15.5,182.35,South Africa
5494,625960,Kyle Jamieson,ON_DRIVE,31,25,3,10.33,124.0,New Zealand
5495,853265,Mahipal Lomror,SLOG_SHOT,31,20,6,5.17,155.0,India
5496,885181,Dan Douthwaite,LEG_GLANCE,31,27,2,15.5,114.81,England
5497,885181,Dan Douthwaite,CUT_SHOT_ON_BACK_FOOT,31,14,1,31.0,221.43,England
5498,53116,Lendl Simmons,SWEEP_SHOT,31,20,5,6.2,155.0,West Indies
5499,675945,Nahidul Islam,FLICK,31,24,1,31.0,129.17,Bangladesh
5500,16406,Michael Lumb,PULL_HOOK_ON_BACK_FOOT,31,16,2,15.5,193.75,England
5501,17986,Steven Mullaney,SWEEP,31,18,2,15.5,172.22,England
5502,440522,Logan van Beek,VERTICAL_FORWARD_ATTACK,31,24,4,7.75,129.17,Netherlands
5503,279810,Wriddhiman Saha,LEG_GLANCE,31,17,3,10.33,182.35,India
5504,259410,Ahmed Shehzad,DEFENDED,31,169,5,6.2,18.34,Pakistan
5505,400587,Irfan Sukkur,ON_DRIVE,31,29,1,31.0,106.9,Bangladesh
5506,713811,Tinashe Kamunhukamwe,ON_DRIVE,31,30,2,15.5,103.33,Zimbabwe
5507,333904,Aditya Tare,ON_DRIVE,31,21,3,10.33,147.62,India
5508,1108830,Nyeem Young,COVER_DRIVE,31,14,1,31.0,221.43,West Indies
5509,45705,Colin Ingram,SLOG_SWEEP,31,11,4,7.75,281.82,South Africa
5510,1161381,Mahmudul Hasan Joy,SLOG_SHOT,31,10,3,10.33,310.0,Bangladesh
5511,1152716,Javelle Glen,ON_DRIVE,31,18,2,15.5,172.22,West Indies
5512,326625,Cameron Boyce,SLOG_SHOT,31,12,1,31.0,258.33,Australia
5513,440990,Lega Siaka,ON_DRIVE,31,30,4,7.75,103.33,Papua New Guinea
5514,719719,M Shahrukh Khan,CUT_SHOT,31,30,3,10.33,103.33,India
5515,824159,Tayyab Tahir,PULL,31,16,3,10.33,193.75,Pakistan
5516,375126,Hardus Viljoen,COVER_DRIVE,31,23,1,31.0,134.78,South Africa
5517,1255248,Jordan Hermann,SLOG_SHOT,31,14,2,15.5,221.43,South Africa
5518,1193548,Tim Pringle,SLOG_SHOT,31,23,3,10.33,134.78,Netherlands
5519,56167,Ziaur Rahman,COVER_DRIVE,31,25,3,10.33,124.0,Bangladesh
5520,429754,Niroshan Dickwella,LEG_GLANCE,31,14,1,31.0,221.43,Sri Lanka
5521,547749,Will Young,CUT_SHOT,31,26,1,31.0,119.23,New Zealand
5522,977451,Jack Prestwidge,PULL,31,10,2,15.5,310.0,Australia
5523,698315,Donovan Ferreira,CUT_SHOT,31,22,1,31.0,140.91,South Africa
5524,556916,Mukhtar Ahmed,COVER_DRIVE,31,17,1,31.0,182.35,United States of America
5525,227762,Sharjeel Khan,STEERED,31,38,1,31.0,81.58,Pakistan
5526,629084,Ramesh Mendis,PULL,31,15,1,31.0,206.67,Sri Lanka
5527,914541,Sherfane Rutherford,SLOG_SWEEP,31,17,3,10.33,182.35,West Indies
5528,390484,Jaydev Unadkat,SLOG_SHOT,31,20,5,6.2,155.0,India
5529,326016,Bhuvneshwar Kumar,COVER_DRIVE,31,30,6,5.17,103.33,India
5530,36581,Neil Broom,PULL_HOOK_ON_BACK_FOOT,31,19,1,31.0,163.16,New Zealand
5531,930189,Lalit Yadav,SLOG_SWEEP,31,12,2,15.5,258.33,India
5532,6161,Michael Klinger,SWEEP,31,20,1,31.0,155.0,Australia
5533,373696,Mominul Haque,SLOG_SHOT,31,18,2,15.5,172.22,Bangladesh
5534,526441,Mark Adair,FLICK,31,26,2,15.5,119.23,Ireland
5535,262456,Dane Vilas,CUT_SHOT,31,20,2,15.5,155.0,South Africa
5536,1151278,Yashasvi Jaiswal,REVERSE_SWEEP,31,16,2,15.5,193.75,India
5537,596417,Brydon Carse,PUSH_SHOT,31,33,1,31.0,93.94,England
5538,888565,Mehran Khan,ON_DRIVE,31,19,3,10.33,163.16,Oman
5539,716733,Khushdil Shah,STEERED,31,40,1,31.0,77.5,Pakistan
5540,784615,Henry Hunt,PULL,31,16,1,31.0,193.75,Australia
5541,325012,Marcus Stoinis,UPPER_CUT,31,12,1,31.0,258.33,Australia
5542,547764,Cam Fletcher,COVER_DRIVE,31,20,1,31.0,155.0,New Zealand
5543,778963,Abhinav Manohar,PULL,31,16,1,31.0,193.75,India
5544,533870,Nick Larkin,SLOG_SWEEP,31,14,3,10.33,221.43,Australia
5545,318788,Haris Sohail,ON_DRIVE,31,37,2,15.5,83.78,Pakistan
5546,525992,Adam Hose,RAMP,31,8,1,31.0,387.5,England
5547,628240,Hussain Talat,REVERSE_SWEEP,31,23,3,10.33,134.78,Pakistan
5548,261354,Nathan Coulter-Nile,FLICK,31,29,3,10.33,106.9,Australia
5549,571911,Joe Clarke,PUSH,31,84,3,10.33,36.9,England
5550,1088608,Max Bryant,STRAIGHT_DRIVE,31,18,2,15.5,172.22,Australia
5551,414990,Jake Ball,VERTICAL_FORWARD_ATTACK,31,30,3,10.33,103.33,England
5552,534734,Chirag Suri,COVER_DRIVE,31,30,4,7.75,103.33,United Arab Emirates
5553,524049,Najibullah Zadran,VERTICAL_FORWARD_ATTACK,31,20,1,31.0,155.0,Afghanistan
5554,42639,Shahid Afridi,SWEEP,31,14,2,15.5,221.43,Pakistan
5555,42657,Shoaib Malik,SWEEP_SHOT,31,16,1,31.0,193.75,Pakistan
5556,35928,Bipul Sharma,ON_DRIVE,31,15,1,31.0,206.67,India
5557,951781,Milton Shumba,ON_DRIVE,31,34,1,31.0,91.18,Zimbabwe
5558,524253,Norman Vanua,PULL,31,15,1,31.0,206.67,Papua New Guinea
5559,262456,Dane Vilas,SWEEP_SHOT,31,22,2,15.5,140.91,South Africa
5560,234675,Ravindra Jadeja,SLOG_SWEEP,31,17,2,15.5,182.35,India
5561,348133,Steven Taylor,ON_DRIVE,31,20,3,10.33,155.0,United States of America
5562,549950,Munim Shahriar,COVER_DRIVE,31,20,1,31.0,155.0,Bangladesh
5563,500267,Seb Gotch,STEERED,31,31,2,15.5,100.0,Australia
5564,772293,Michael Pepper,ON_DRIVE,31,20,1,31.0,155.0,England
5565,596375,Tarisai Musakanda,PULL,31,26,3,10.33,119.23,Zimbabwe
5566,497121,Deepak Hooda,SLOG_SWEEP,31,15,3,10.33,206.67,India
5567,713811,Tinashe Kamunhukamwe,COVER_DRIVE,31,24,3,10.33,129.17,Zimbabwe
5568,331375,Hamish Rutherford,CUT_SHOT,31,28,1,31.0,110.71,New Zealand
5569,1076377,Oliver Davies,SLOG_SWEEP,31,9,2,15.5,344.44,Australia
5570,641423,Dan Lawrence,CUT_SHOT,31,28,3,10.33,110.71,England
5571,550133,Mosaddek Hossain,PUSH,31,68,2,15.5,45.59,Bangladesh
5572,1185538,Mohammad Wasim,FLICK,31,21,1,31.0,147.62,Pakistan
5573,227758,Imad Wasim,SQUARE_DRIVE,31,30,1,31.0,103.33,Pakistan
5574,457280,Adam Rossington,CUT_SHOT,31,25,1,31.0,124.0,England
5575,302845,Tony Ura,CUT_SHOT,31,20,3,10.33,155.0,Papua New Guinea
5576,766809,Jordan Thompson,SLOG_SHOT,31,16,2,15.5,193.75,England
5577,557295,Hilton Cartwright,PUSH,31,65,1,31.0,47.69,Australia
5578,37737,Brendon McCullum,SWEEP,31,13,1,31.0,238.46,New Zealand
5579,500268,Ashton Turner,SWEEP,31,16,3,10.33,193.75,Australia
5580,505773,Apoorv Wankhade,SLOG_SHOT,31,7,1,31.0,442.86,India
5581,539304,Babar Hayat,CUT_SHOT,30,37,2,15.0,81.08,Hong Kong
5582,347661,Luis Reece,REVERSE_SWEEP,30,16,6,5.0,187.5,England
5583,500135,Prashant Chopra,ON_DRIVE,30,20,1,30.0,150.0,India
5584,400587,Irfan Sukkur,SLOG_SHOT,30,21,4,7.5,142.86,Bangladesh
5585,502714,Mitchell Santner,LEG_GLANCE,30,35,2,15.0,85.71,New Zealand
5586,526838,George Scott,LEG_GLANCE,30,17,1,30.0,176.47,England
5587,41434,Mohammad Hafeez,DEFENDED,30,222,1,30.0,13.51,Pakistan
5588,288992,Chris Jordan,PUSH_SHOT,30,49,4,7.5,61.22,England
5589,334340,Ian Holland,PULL_HOOK_ON_BACK_FOOT,30,23,4,7.5,130.43,United States of America
5590,961407,Harry Tector,SLOG_SHOT,30,22,3,10.0,136.36,Ireland
5591,494230,Asif Ali,SQUARE_DRIVE,30,27,3,10.0,111.11,Pakistan
5592,596417,Brydon Carse,LEG_GLANCE,30,23,2,15.0,130.43,England
5593,395086,Ateeq Javid,PULL_HOOK_ON_BACK_FOOT,30,23,2,15.0,130.43,England
5594,1163855,Hayden Kerr,CUT_SHOT,30,27,1,30.0,111.11,Australia
5595,793463,Rashid Khan,UPPER_CUT,30,12,2,15.0,250.0,Afghanistan
5596,35582,Robin Uthappa,PUSH,30,70,1,30.0,42.86,India
5597,906783,Obed McCoy,ON_DRIVE,30,16,1,30.0,187.5,West Indies
5598,290948,Mohammad Amir,ON_DRIVE,30,23,4,7.5,130.43,Pakistan
5599,252833,Chesney Hughes,SWEEP,30,16,1,30.0,187.5,England
5600,500268,Ashton Turner,SQUARE_DRIVE,30,37,1,30.0,81.08,Australia
5601,437927,Stephan Baard,SWEEP_SHOT,30,17,2,15.0,176.47,Namibia
5602,698333,Jiveshan Pillay,ON_DRIVE,30,31,1,30.0,96.77,South Africa
5603,51439,Dwayne Bravo,PULL_HOOK_ON_BACK_FOOT,30,20,2,15.0,150.0,West Indies
5604,1148593,Emilio Gay,PULL_HOOK_ON_BACK_FOOT,30,17,1,30.0,176.47,England
5605,354441,Keith Barker,VERTICAL_FORWARD_ATTACK,30,30,4,7.5,100.0,England
5606,56007,Mashrafe Mortaza,COVER_DRIVE,30,22,5,6.0,136.36,Bangladesh
5607,671805,George Munsey,VERTICAL_FORWARD_ATTACK,30,22,1,30.0,136.36,Scotland
5608,5236,Callum Ferguson,STRAIGHT_DRIVE,30,16,1,30.0,187.5,Australia
5609,4068,Jim Allenby,SWEEP,30,13,3,10.0,230.77,Australia
5610,568276,Imam-ul-Haq,ON_DRIVE,30,21,2,15.0,142.86,Pakistan
5611,989935,Shahadat Hossain,ON_DRIVE,30,22,1,30.0,136.36,Bangladesh
5612,326625,Cameron Boyce,ON_DRIVE,30,20,3,10.0,150.0,Australia
5613,788101,Tom Moores,PUSH_SHOT,30,62,1,30.0,48.39,England
5614,300617,Rony Talukdar,PUSH,30,71,4,7.5,42.25,Bangladesh
5615,1152427,Dunith Wellalage,PULL,30,17,2,15.0,176.47,Sri Lanka
5616,793463,Rashid Khan,LEG_GLANCE,30,20,3,10.0,150.0,Afghanistan
5617,326637,Chris Lynn,SWEEP,30,12,1,30.0,250.0,Australia
5618,826915,Nathan Ellis,ON_DRIVE,30,34,7,4.29,88.24,Australia
5619,901657,Harrison Ward,PUSH_SHOT,30,47,3,10.0,63.83,England
5620,557295,Hilton Cartwright,SLOG_SWEEP,30,9,1,30.0,333.33,Australia
5621,1012137,Mrittunjoy Chowdhury,PULL,30,18,2,15.0,166.67,Bangladesh
5622,423838,Rahul Tewatia,REVERSE_SWEEP,30,17,1,30.0,176.47,India
5623,696401,Marco Jansen,SLOG_SWEEP,30,7,2,15.0,428.57,South Africa
5624,277916,Ajinkya Rahane,PUSH,30,71,4,7.5,42.25,India
5625,604302,Nicholas Pooran,DEFENDED,30,259,6,5.0,11.58,West Indies
5626,15501,Geraint Jones,PULL_HOOK_ON_BACK_FOOT,30,16,1,30.0,187.5,Papua New Guinea
5627,50710,Kumar Sangakkara,SQUARE_DRIVE,30,17,1,30.0,176.47,Sri Lanka
5628,550137,Abu Hider,ON_DRIVE,30,22,2,15.0,136.36,Bangladesh
5629,351998,Sam Wood,VERTICAL_FORWARD_ATTACK,30,29,3,10.0,103.45,England
5630,277906,Kane Williamson,RAMP,30,12,2,15.0,250.0,New Zealand
5631,670013,Fabian Allen,STEERED,30,36,1,30.0,83.33,West Indies
5632,227758,Imad Wasim,UPPER_CUT,30,13,2,15.0,230.77,Pakistan
5633,826915,Nathan Ellis,COVER_DRIVE,30,32,3,10.0,93.75,Australia
5634,1095899,William Buttleman,CUT_SHOT_ON_BACK_FOOT,30,24,1,30.0,125.0,England
5635,662973,Sam Curran,SWEEP,30,22,6,5.0,136.36,England
5636,530773,Pawan Negi,FLICK,30,37,3,10.0,81.08,India
5637,314743,Shykat Ali,CUT_SHOT,30,22,1,30.0,136.36,Bangladesh
5638,578769,Ed Barnard,REVERSE_SWEEP,30,18,3,10.0,166.67,England
5639,362541,Doug Bracewell,SLOG_SHOT,30,11,2,15.0,272.73,New Zealand
5640,425692,Billy Root,PUSH_SHOT,30,46,2,15.0,65.22,England
5641,697059,Zakir Hasan,SLOG_SHOT,30,24,3,10.0,125.0,Bangladesh
5642,208657,Pieter Seelaar,ON_DRIVE,30,20,2,15.0,150.0,Netherlands
5643,1064812,Rahul Chahar,PULL,30,15,2,15.0,200.0,India
5644,265564,Wayne Parnell,CUT_SHOT_ON_BACK_FOOT,30,35,1,30.0,85.71,South Africa
5645,784379,Wanindu Hasaranga,STEERED,30,24,1,30.0,125.0,Sri Lanka
5646,38699,Ross Taylor,DEFENDED,30,121,3,10.0,24.79,New Zealand
5647,784379,Wanindu Hasaranga,SLOG_SHOT,30,19,6,5.0,157.89,Sri Lanka
5648,362565,Craig Meschede,CUT_SHOT_ON_BACK_FOOT,30,25,3,10.0,120.0,Germany
5649,707177,Josh Finnie,COVER_DRIVE,30,19,1,30.0,157.89,New Zealand
5650,457280,Adam Rossington,PUSH,30,47,3,10.0,63.83,England
5651,549950,Munim Shahriar,SLOG_SWEEP,30,11,2,15.0,272.73,Bangladesh
5652,1223047,Josh Brown,STRAIGHT_DRIVE,30,12,1,30.0,250.0,Australia
5653,23513,Graeme White,PULL_HOOK_ON_BACK_FOOT,30,26,2,15.0,115.38,England
5654,300628,Dinesh Chandimal,LEG_GLANCE,30,20,1,30.0,150.0,Sri Lanka
5655,247235,Chris Woakes,FLICK,30,37,2,15.0,81.08,England
5656,230852,Dean Elgar,VERTICAL_FORWARD_ATTACK,30,29,3,10.0,103.45,South Africa
5657,216184,Neil Dexter,CUT_SHOT_ON_BACK_FOOT,30,13,1,30.0,230.77,England
5658,877051,Tom Banton,PUSH,30,60,1,30.0,50.0,England
5659,388802,Tom Latham,SLOG_SHOT,30,11,1,30.0,272.73,New Zealand
5660,819429,Azmatullah Omarzai,SLOG_SHOT,30,30,8,3.75,100.0,Afghanistan
5661,1124282,Josh Philippe,STEERED,30,39,2,15.0,76.92,Australia
5662,1360563,Muhammad Abbas,ON_DRIVE,30,20,1,30.0,150.0,New Zealand
5663,1030753,Sol Budinger,PULL_HOOK_ON_BACK_FOOT,30,26,4,7.5,115.38,England
5664,28081,MS Dhoni,DEFENDED,30,194,4,7.5,15.46,India
5665,333066,Johnson Charles,DEFENDED,30,216,6,5.0,13.89,West Indies
5666,995037,Mahidul Islam Ankon,CUT_SHOT,30,31,1,30.0,96.77,Bangladesh
5667,714451,Shivam Dube,PUSH,30,81,3,10.0,37.04,India
5668,714451,Shivam Dube,SQUARE_DRIVE,30,26,1,30.0,115.38,India
5669,51784,Rayad Emrit,ON_DRIVE,30,25,2,15.0,120.0,West Indies
5670,422593,Daniel Bell-Drummond,CUT_SHOT,30,23,1,30.0,130.43,England
5671,823509,Glenn Phillips,SWEEP_SHOT,30,19,1,30.0,157.89,New Zealand
5672,330408,Chris Barnwell,FLICK,30,32,1,30.0,93.75,West Indies
5673,215155,Usman Khawaja,REVERSE_SWEEP,30,22,2,15.0,136.36,Australia
5674,1093091,Michael Jones,CUT_SHOT_ON_BACK_FOOT,30,28,3,10.0,107.14,Scotland
5675,19264,Liam Plunkett,ON_DRIVE,30,28,5,6.0,107.14,United States of America
5676,747031,James Bracey,PUSH_SHOT,30,52,1,30.0,57.69,England
5677,596062,Matthew Montgomery,SWEEP,30,20,2,15.0,150.0,Germany
5678,1161038,Alishan Sharafu,FLICK,30,30,1,30.0,100.0,United Arab Emirates
5679,555850,Sam Hain,SLOG_SHOT,29,12,3,9.67,241.67,England
5680,779929,Nick Hobson,FLICK,29,29,2,14.5,100.0,Australia
5681,446499,Unmukt Chand,ON_DRIVE,29,33,4,7.25,87.88,United States of America
5682,781297,James Seymour,PULL,29,11,2,14.5,263.64,Australia
5683,348148,Mohammad Nawaz,SWEEP_SHOT,29,23,3,9.67,126.09,Pakistan
5684,697183,Tony de Zorzi,PULL,29,14,3,9.67,207.14,South Africa
5685,446763,Rahul Tripathi,PUSH,29,69,2,14.5,42.03,India
5686,232361,Kieran Noema-Barnett,LEG_GLANCE,29,20,2,14.5,145.0,New Zealand
5687,789729,Callum Parkinson,PUSH_SHOT,29,33,1,29.0,87.88,England
5688,439952,Chris Morris,SWEEP_SHOT,29,19,1,29.0,152.63,South Africa
5689,45705,Colin Ingram,PUSH,29,68,1,29.0,42.65,South Africa
5690,1093091,Michael Jones,ON_DRIVE,29,18,1,29.0,161.11,Scotland
5691,35565,Manoj Tiwary,SLOG_SHOT,29,16,2,14.5,181.25,India
5692,663613,Saif Zaib,LEG_GLANCE,29,36,5,5.8,80.56,England
5693,32966,Piyush Chawla,COVER_DRIVE,29,22,1,29.0,131.82,India
5694,1091078,Tion Webster,SLOG_SWEEP,29,13,4,7.25,223.08,West Indies
5695,232438,Gary Ballance,CUT_SHOT_ON_BACK_FOOT,29,34,2,14.5,85.29,Zimbabwe
5696,1213979,Mitchell Owen,ON_DRIVE,29,20,3,9.67,145.0,Australia
5697,891517,Pat Brown,VERTICAL_FORWARD_ATTACK,29,35,1,29.0,82.86,England
5698,444135,Sohag Gazi,COVER_DRIVE,29,21,1,29.0,138.1,Bangladesh
5699,1093091,Michael Jones,PUSH_SHOT,29,52,1,29.0,55.77,Scotland
5700,557295,Hilton Cartwright,PULL_HOOK_ON_BACK_FOOT,29,16,1,29.0,181.25,Australia
5701,443263,Hayden Walsh,ON_DRIVE,29,21,2,14.5,138.1,West Indies
5702,647667,Usama Mir,SLOG_SHOT,29,14,3,9.67,207.14,Pakistan
5703,46543,Wayne Madsen,FLICK,29,25,1,29.0,116.0,Italy
5704,316102,Craig Williams,FLICK,29,31,2,14.5,93.55,Namibia
5705,977815,Ekant Sen,COVER_DRIVE,29,15,1,29.0,193.33,India
5706,596062,Matthew Montgomery,CUT_SHOT_ON_BACK_FOOT,29,32,1,29.0,90.62,Germany
5707,403902,Liam Livingstone,REVERSE_SWEEP,29,18,2,14.5,161.11,England
5708,696145,Nick Welch,SWEEP,29,19,2,14.5,152.63,Zimbabwe
5709,1369680,Clinto Anto,PULL,29,12,3,9.67,241.67,Kuwait
5710,270484,James Faulkner,SWEEP,29,16,2,14.5,181.25,Australia
5711,355269,James Neesham,CUT_SHOT_ON_BACK_FOOT,29,33,2,14.5,87.88,New Zealand
5712,325026,Glenn Maxwell,REVERSE_PULL,29,12,1,29.0,241.67,Australia
5713,44936,AB de Villiers,SWEEP,29,8,1,29.0,362.5,South Africa
5714,641387,Max Holden,CUT_SHOT,29,14,1,29.0,207.14,England
5715,550215,Kagiso Rabada,SLOG_SHOT,29,41,10,2.9,70.73,South Africa
5716,32102,Naman Ojha,FLICK,29,41,3,9.67,70.73,India
5717,297482,Ben Sanderson,VERTICAL_FORWARD_ATTACK,29,36,3,9.67,80.56,England
5718,641423,Dan Lawrence,SWEEP,29,26,2,14.5,111.54,England
5719,457280,Adam Rossington,STRAIGHT_DRIVE,29,13,1,29.0,223.08,England
5720,1295842,Campbell Kellaway,ON_DRIVE,29,16,2,14.5,181.25,Australia
5721,857653,Rishi Patel,PUSH_SHOT,29,49,4,7.25,59.18,England
5722,6683,Shaun Marsh,PUSH,29,63,1,29.0,46.03,Australia
5723,722303,Matt Renshaw,SWEEP_SHOT,29,25,4,7.25,116.0,Australia
5724,495964,Ryan Burl,PUSH,29,64,2,14.5,45.31,Zimbabwe
5725,297635,James Taylor,CUT_SHOT_ON_BACK_FOOT,29,17,1,29.0,170.59,England
5726,1194744,Shevon Daniel,FLICK,29,43,2,14.5,67.44,Sri Lanka
5727,52983,Marlon Samuels,DEFENDED,29,161,11,2.64,18.01,West Indies
5728,1178586,Vriitya Aravind,STEERED,29,29,1,29.0,100.0,United Arab Emirates
5729,1070173,Shubman Gill,DEFENDED,29,211,6,4.83,13.74,India
5730,1277545,Abishek Porel,CUT_SHOT,29,24,1,29.0,120.83,India
5731,590326,Mitchell Swepson,ON_DRIVE,29,22,4,7.25,131.82,Australia
5732,709675,James Bazley,SLOG_SHOT,29,24,5,5.8,120.83,Australia
5733,425943,Sanju Samson,DEFENDED,29,240,5,5.8,12.08,India
5734,821749,Saif Hassan,PULL,29,12,1,29.0,241.67,Bangladesh
5735,52334,Imran Khan,FLICK,29,19,1,29.0,152.63,West Indies
5736,24598,Eoin Morgan,HOOK,29,13,2,14.5,223.08,England
5737,293831,Regis Chakabva,SLOG_SWEEP,29,11,3,9.67,263.64,Zimbabwe
5738,43906,Hashim Amla,PULL_HOOK_ON_BACK_FOOT,29,19,2,14.5,152.63,South Africa
5739,311592,Mitchell Starc,ON_DRIVE,29,29,1,29.0,100.0,Australia
5740,671805,George Munsey,SWEEP_SHOT,29,17,3,9.67,170.59,Scotland
5741,604573,Vivek Singh,ON_DRIVE,29,23,1,29.0,126.09,India
5742,928057,Lorcan Tucker,CUT_SHOT,29,30,3,9.67,96.67,Ireland
5743,467656,Tom Wells,LEG_GLANCE,29,20,1,29.0,145.0,England
5744,719715,Washington Sundar,SLOG_SHOT,29,29,9,3.22,100.0,India
5745,910695,Ben Curran,SWEEP,29,14,1,29.0,207.14,Zimbabwe
5746,47850,Roelof van der Merwe,SLOG_SHOT,29,12,2,14.5,241.67,Netherlands
5747,51439,Dwayne Bravo,DEFENDED,29,201,10,2.9,14.43,West Indies
5748,332980,Charles Amini,COVER_DRIVE,29,19,1,29.0,152.63,Papua New Guinea
5749,1329699,Khawaja Nafay,PULL,29,14,2,14.5,207.14,Pakistan
5750,1369884,Manan Ali,ON_DRIVE,29,20,2,14.5,145.0,Saudi Arabia
5751,384355,Anaru Kitchen,ON_DRIVE,29,18,1,29.0,161.11,New Zealand
5752,643197,Max O'Dowd,LEG_GLANCE,29,12,1,29.0,241.67,Netherlands
5753,38373,Jesse Ryder,CUT_SHOT_ON_BACK_FOOT,29,27,2,14.5,107.41,New Zealand
5754,499660,Gurinder Sandhu,ON_DRIVE,29,17,1,29.0,170.59,Australia
5755,675945,Nahidul Islam,ON_DRIVE,29,20,2,14.5,145.0,Bangladesh
5756,379143,Quinton de Kock,DAB,29,32,1,29.0,90.62,South Africa
5757,793463,Rashid Khan,SLOG_SWEEP,29,17,3,9.67,170.59,Afghanistan
5758,1058514,Aasif Sheikh,FLICK,29,21,1,29.0,138.1,Nepal
5759,1168049,Jake Fraser-McGurk,SLOG_SWEEP,29,10,1,29.0,290.0,Australia
5760,450860,Adam Milne,ON_DRIVE,29,29,3,9.67,100.0,New Zealand
5761,1126059,Omair Yousuf,PULL,29,14,3,9.67,207.14,Pakistan
5762,323389,Mohammad Rizwan,CUT_SHOT_ON_BACK_FOOT,29,17,1,29.0,170.59,Pakistan
5763,530015,William Bosisto,FLICK,29,25,1,29.0,116.0,Australia
5764,431901,Evin Lewis,DEFENDED,29,294,8,3.62,9.86,West Indies
5765,437448,Jake Lehmann,SLOG_SHOT,29,15,1,29.0,193.33,Australia
5766,938959,Wessly Madhevere,ON_DRIVE,28,24,2,14.0,116.67,Zimbabwe
5767,647785,Sahibzada Farhan,SLOG_SHOT,28,18,3,9.33,155.56,Pakistan
5768,230556,Andre McCarthy,FLICK,28,39,1,28.0,71.79,West Indies
5769,340062,Priyank Panchal,CUT_SHOT,28,20,1,28.0,140.0,India
5770,532856,Manan Vohra,SWEEP_SHOT,28,18,5,5.6,155.56,India
5771,510530,Jamie Overton,CUT_SHOT_ON_BACK_FOOT,28,36,7,4.0,77.78,England
5772,781285,Jake Weatherald,DEFENDED,28,153,4,7.0,18.3,Australia
5773,938959,Wessly Madhevere,CUT_SHOT,28,21,1,28.0,133.33,Zimbabwe
5774,446499,Unmukt Chand,FLICK,28,23,1,28.0,121.74,United States of America
5775,366725,Oshada Fernando,FLICK,28,25,2,14.0,112.0,Sri Lanka
5776,26421,Ravichandran Ashwin,STRAIGHT_DRIVE,28,13,2,14.0,215.38,India
5777,784615,Henry Hunt,FLICK,28,27,2,14.0,103.7,Australia
5778,477021,Vijay Shankar,PUSH,28,60,1,28.0,46.67,India
5779,938959,Wessly Madhevere,COVER_DRIVE,28,24,4,7.0,116.67,Zimbabwe
5780,698189,Wiaan Mulder,CUT_SHOT_ON_BACK_FOOT,28,25,1,28.0,112.0,South Africa
5781,43590,Wahab Riaz,STEERED,28,28,1,28.0,100.0,Pakistan
5782,47711,Morne van Wyk,PULL,28,17,1,28.0,164.71,South Africa
5783,517549,Michael Burgess,PUSH_SHOT,28,42,2,14.0,66.67,England
5784,931581,Rishabh Pant,DEFENDED,28,183,3,9.33,15.3,India
5785,696143,Shane Snater,VERTICAL_FORWARD_ATTACK,28,22,1,28.0,127.27,Netherlands
5786,247235,Chris Woakes,SLOG_SHOT,28,17,1,28.0,164.71,England
5787,922943,Shadab Khan,PUSH_SHOT,28,40,1,28.0,70.0,Pakistan
5788,298438,Jason Roy,DEFENDED,28,183,10,2.8,15.3,England
5789,300618,Nasir Hossain,SLOG_SHOT,28,12,2,14.0,233.33,Bangladesh
5790,380354,Anamul Haque,SWEEP_SHOT,28,14,1,28.0,200.0,Bangladesh
5791,24609,Gary Wilson,PUSH_SHOT,28,53,2,14.0,52.83,Ireland
5792,24609,Gary Wilson,REVERSE_SWEEP,28,17,1,28.0,164.71,Ireland
5793,56167,Ziaur Rahman,CUT_SHOT,28,16,1,28.0,175.0,Bangladesh
5794,826679,Sam Heazlett,SLOG_SHOT,28,22,9,3.11,127.27,Australia
5795,1175485,Abdul Samad,SQUARE_DRIVE,28,17,2,14.0,164.71,India
5796,1079380,Nikhil Chaudhary,ON_DRIVE,28,15,1,28.0,186.67,Australia
5797,633638,Sharvin Muniandy,COVER_DRIVE,28,16,1,28.0,175.0,Malaysia
5798,825211,Ryan Gibson,PULL,28,15,2,14.0,186.67,Australia
5799,559066,Ish Sodhi,SLOG_SHOT,28,33,11,2.55,84.85,New Zealand
5800,671805,George Munsey,STRAIGHT_DRIVE,28,13,1,28.0,215.38,Scotland
5801,559062,Nick Kelly,SLOG_SWEEP,28,10,2,14.0,280.0,New Zealand
5802,280490,JJ Smuts,SWEEP_SHOT,28,18,3,9.33,155.56,South Africa
5803,318339,Samiullah Shinwari,REVERSE_SWEEP,28,17,1,28.0,164.71,Afghanistan
5804,1077310,Naseem Khushi,STRAIGHT_DRIVE,28,8,1,28.0,350.0,Oman
5805,47711,Morne van Wyk,CUT_SHOT,28,18,1,28.0,155.56,South Africa
5806,18632,Samit Patel,STRAIGHT_DRIVE,28,13,1,28.0,215.38,England
5807,712219,Zahir Khan,COVER_DRIVE,28,13,2,14.0,215.38,Afghanistan
5808,337790,Rassie van der Dussen,SWEEP_SHOT,28,27,1,28.0,103.7,South Africa
5809,1099379,Gareth Delany,FLICK,28,33,1,28.0,84.85,Ireland
5810,713195,Harry Nielsen,CUT_SHOT,28,35,2,14.0,80.0,Australia
5811,333800,Lachlan Pfeffer,PULL,28,19,2,14.0,147.37,Australia
5812,49764,Angelo Mathews,SWEEP_SHOT,28,11,1,28.0,254.55,Sri Lanka
5813,510823,Justin Greaves,PULL,28,18,1,28.0,155.56,West Indies
5814,259410,Ahmed Shehzad,LEG_GLANCE,28,20,1,28.0,140.0,Pakistan
5815,41028,Kamran Akmal,LEG_GLANCE,28,17,1,28.0,164.71,Pakistan
5816,530812,Akeal Hosein,SLOG_SWEEP,28,11,2,14.0,254.55,West Indies
5817,534734,Chirag Suri,FLICK,28,28,2,14.0,100.0,United Arab Emirates
5818,440522,Logan van Beek,PULL,28,15,1,28.0,186.67,Netherlands
5819,605683,Migael Pretorius,COVER_DRIVE,28,14,1,28.0,200.0,South Africa
5820,1107568,Joe Cracknell,REVERSE_SWEEP,28,11,1,28.0,254.55,England
5821,400587,Irfan Sukkur,CUT_SHOT,28,30,1,28.0,93.33,Bangladesh
5822,267192,Steven Smith,DEFENDED,28,153,1,28.0,18.3,Australia
5823,230558,Sunil Narine,LEG_GLANCE,28,26,2,14.0,107.69,West Indies
5824,989935,Shahadat Hossain,FLICK,28,28,2,14.0,100.0,Bangladesh
5825,554691,Axar Patel,PUSH,28,59,1,28.0,47.46,India
5826,290948,Mohammad Amir,CUT_SHOT,28,27,3,9.33,103.7,Pakistan
5827,272385,Josh Lalor,FLICK,28,30,2,14.0,93.33,Australia
5828,552152,Dushmantha Chameera,FLICK,28,34,5,5.6,82.35,Sri Lanka
5829,906749,Dominic Drakes,SLOG_SWEEP,28,12,4,7.0,233.33,West Indies
5830,853859,Samarth Vyas,SLOG_SHOT,28,8,1,28.0,350.0,India
5831,1083851,Suyash Prabhudessai,FLICK,28,20,1,28.0,140.0,India
5832,1124282,Josh Philippe,PULL_HOOK_ON_BACK_FOOT,28,14,1,28.0,200.0,Australia
5833,293831,Regis Chakabva,PUSH,28,35,1,28.0,80.0,Zimbabwe
5834,914171,Qais Ahmad,COVER_DRIVE,28,27,3,9.33,103.7,Afghanistan
5835,5334,Aaron Finch,UPPER_CUT,28,6,1,28.0,466.67,Australia
5836,350629,Nizakat Khan,CUT_SHOT,28,26,3,9.33,107.69,Hong Kong
5837,304735,Dilshan Munaweera,PULL,28,19,5,5.6,147.37,Sri Lanka
5838,370535,Toby Roland-Jones,PULL_HOOK_ON_BACK_FOOT,28,15,1,28.0,186.67,England
5839,389605,Ashish Reddy,SLOG_SHOT,28,8,1,28.0,350.0,India
5840,1070180,Priyam Garg,COVER_DRIVE,28,29,1,28.0,96.55,India
5841,946517,Dion Myers,PULL,28,18,2,14.0,155.56,Zimbabwe
5842,372116,Temba Bavuma,PUSH,28,42,2,14.0,66.67,South Africa
5843,1088610,Jack Edwards,CUT_SHOT,28,28,2,14.0,100.0,Australia
5844,793447,Naveen-ul-Haq,PULL,28,16,5,5.6,175.0,Afghanistan
5845,414970,Safyaan Sharif,ON_DRIVE,28,24,2,14.0,116.67,Scotland
5846,1094569,Dillon Pennington,VERTICAL_FORWARD_ATTACK,28,33,2,14.0,84.85,England
5847,290462,Solomon Mire,SLOG_SHOT,28,17,4,7.0,164.71,Zimbabwe
5848,332980,Charles Amini,FLICK,28,27,1,28.0,103.7,Papua New Guinea
5849,642531,Ricky Bhui,ON_DRIVE,28,17,2,14.0,164.71,India
5850,793457,Hazratullah Zazai,STEERED,28,29,3,9.33,96.55,Afghanistan
5851,625964,Tim Seifert,LEG_GLANCE,28,21,1,28.0,133.33,New Zealand
5852,789729,Callum Parkinson,LEG_GLANCE,28,30,1,28.0,93.33,England
5853,866505,Feroze Khushi,PUSH_SHOT,28,37,1,28.0,75.68,England
5854,20286,Vikram Solanki,VERTICAL_FORWARD_ATTACK,28,28,3,9.33,100.0,England
5855,949205,Salman Khan,FLICK,28,27,1,28.0,103.7,India
5856,372116,Temba Bavuma,SQUARE_DRIVE,28,17,1,28.0,164.71,South Africa
5857,55893,Fazle Mahmud,COVER_DRIVE,28,23,3,9.33,121.74,Bangladesh
5858,559066,Ish Sodhi,FLICK,28,28,2,14.0,100.0,New Zealand
5859,452472,Anshy Rath,CUT_SHOT,28,23,2,14.0,121.74,Hong Kong
5860,344580,Shreyas Gopal,ON_DRIVE,28,20,3,9.33,140.0,India
5861,974109,Mujeeb Ur Rahman,SLOG_SHOT,28,27,7,4.0,103.7,Afghanistan
5862,439952,Chris Morris,SQUARE_DRIVE,28,18,2,14.0,155.56,South Africa
5863,348148,Mohammad Nawaz,SLOG_SWEEP,28,16,5,5.6,175.0,Pakistan
5864,505120,Ashton Agar,LEG_GLANCE,28,22,1,28.0,127.27,Australia
5865,1410577,Bevon Jacobs,COVER_DRIVE,28,16,1,28.0,175.0,
5866,314743,Shykat Ali,SLOG_SWEEP,28,7,2,14.0,400.0,Bangladesh
5867,422965,Shehan Jayasuriya,CUT_SHOT,28,33,2,14.0,84.85,United States of America
5868,230559,Kieron Pollard,HOOK,28,8,1,28.0,350.0,West Indies
5869,1161022,Sundeep Jora,ON_DRIVE,28,28,2,14.0,100.0,Nepal
5870,550137,Abu Hider,FLICK,28,25,2,14.0,112.0,Bangladesh
5871,221140,David Wiese,PUSH_SHOT,28,44,1,28.0,63.64,Namibia
5872,485379,Andries Gous,ON_DRIVE,28,21,1,28.0,133.33,United States of America
5873,1360563,Muhammad Abbas,COVER_DRIVE,28,28,1,28.0,100.0,New Zealand
5874,233802,Ashan Priyanjan,ON_DRIVE,28,31,3,9.33,90.32,Sri Lanka
5875,670013,Fabian Allen,PUSH,27,52,3,9.0,51.92,West Indies
5876,362603,Shafiqullah,PULL,27,21,3,9.0,128.57,Afghanistan
5877,1152427,Dunith Wellalage,COVER_DRIVE,27,17,1,27.0,158.82,Sri Lanka
5878,1168651,Haider Ali,SLOG_SWEEP,27,12,3,9.0,225.0,Pakistan
5879,308798,D'Arcy Short,DEFENDED,27,145,4,6.75,18.62,Australia
5880,381743,Daryl Mitchell,SQUARE_DRIVE,27,22,1,27.0,122.73,New Zealand
5881,704693,Lahiru Udara,ON_DRIVE,27,23,1,27.0,117.39,Sri Lanka
5882,1039481,Gus Atkinson,VERTICAL_FORWARD_ATTACK,27,28,2,13.5,96.43,England
5883,1167770,Meet Bhavsar,ON_DRIVE,27,31,1,27.0,87.1,Kuwait
5884,314650,Nkrumah Bonner,PULL,27,13,1,27.0,207.69,West Indies
5885,538506,Taskin Ahmed,FLICK,27,31,1,27.0,87.1,Bangladesh
5886,1046771,Jack Plom,VERTICAL_FORWARD_ATTACK,27,24,4,6.75,112.5,England
5887,1209270,Himanshu Rathod,ON_DRIVE,27,23,2,13.5,117.39,Qatar
5888,398666,Sean Abbott,COVER_DRIVE,27,23,4,6.75,117.39,Australia
5889,717373,Amad Butt,FLICK,27,15,1,27.0,180.0,Pakistan
5890,530812,Akeal Hosein,STRAIGHT_DRIVE,27,18,1,27.0,150.0,West Indies
5891,1201520,Ripal Patel,PULL,27,9,1,27.0,300.0,India
5892,49764,Angelo Mathews,STEERED,27,27,3,9.0,100.0,Sri Lanka
5893,47850,Roelof van der Merwe,CUT_SHOT,27,30,2,13.5,90.0,Netherlands
5894,547764,Cam Fletcher,VERTICAL_FORWARD_ATTACK,27,16,2,13.5,168.75,New Zealand
5895,1161606,Haris Rauf,ON_DRIVE,27,14,1,27.0,192.86,Pakistan
5896,547749,Will Young,STRAIGHT_DRIVE,27,13,1,27.0,207.69,New Zealand
5897,46934,Alviro Petersen,CUT_SHOT_ON_BACK_FOOT,27,25,1,27.0,108.0,South Africa
5898,1158088,Naseem Shah,FLICK,27,15,2,13.5,180.0,Pakistan
5899,292152,Jamie Atkinson,PULL,27,10,1,27.0,270.0,Hong Kong
5900,379504,Adam Zampa,ON_DRIVE,27,32,4,6.75,84.38,Australia
5901,595419,Brandon Glover,VERTICAL_FORWARD_ATTACK,27,17,1,27.0,158.82,Netherlands
5902,288617,Ross Whiteley,ON_DRIVE,27,33,3,9.0,81.82,England
5903,396249,Joe Gatting,VERTICAL_FORWARD_ATTACK,27,20,2,13.5,135.0,England
5904,303423,Andy Balbirnie,SLOG_SHOT,27,17,4,6.75,158.82,Ireland
5905,27223,Stuart Binny,CUT_SHOT,27,20,1,27.0,135.0,India
5906,681067,Akif Raja,PULL,27,15,1,27.0,180.0,United Arab Emirates
5907,1026317,Adam Finch,VERTICAL_FORWARD_ATTACK,27,25,1,27.0,108.0,England
5908,669855,Jofra Archer,FLICK,27,24,3,9.0,112.5,England
5909,990031,Towhid Hridoy,SWEEP_SHOT,27,21,2,13.5,128.57,Bangladesh
5910,989935,Shahadat Hossain,COVER_DRIVE,27,19,1,27.0,142.11,Bangladesh
5911,555853,Mark Steketee,PULL,27,26,5,5.4,103.85,Australia
5912,297433,Jonny Bairstow,PUSH_SHOT,27,40,1,27.0,67.5,England
5913,380956,Michael Rippon,PULL,27,18,1,27.0,150.0,New Zealand
5914,307639,Ahmad Faiz,FLICK,27,19,1,27.0,142.11,Malaysia
5915,547756,Brett Hampton,ON_DRIVE,27,18,2,13.5,150.0,New Zealand
5916,407875,Craig Miles,VERTICAL_FORWARD_ATTACK,27,30,4,6.75,90.0,England
5917,44932,Jean-Paul Duminy,LEG_GLANCE,27,23,2,13.5,117.39,South Africa
5918,6683,Shaun Marsh,PUSH_SHOT,27,37,1,27.0,72.97,Australia
5919,230554,Javon Searles,PULL,27,21,3,9.0,128.57,West Indies
5920,326632,Joe Burns,VERTICAL_FORWARD_ATTACK,27,29,3,9.0,93.1,Italy
5921,629063,Mehidy Hasan Miraz,SWEEP_SHOT,27,19,2,13.5,142.11,Bangladesh
5922,447261,Deepak Chahar,ON_DRIVE,27,17,3,9.0,158.82,India
5923,633301,Cameron Steel,PULL_HOOK_ON_BACK_FOOT,27,15,2,13.5,180.0,England
5924,6683,Shaun Marsh,DEFENDED,27,127,6,4.5,21.26,Australia
5925,1260069,Ali Orr,SWEEP,27,9,2,13.5,300.0,England
5926,826915,Nathan Ellis,STRAIGHT_DRIVE,27,8,1,27.0,337.5,Australia
5927,1131570,Urvil Patel,ON_DRIVE,27,13,1,27.0,207.69,India
5928,277912,Trent Boult,ON_DRIVE,27,29,5,5.4,93.1,New Zealand
5929,232435,Calum MacLeod,REVERSE_SWEEP,27,22,3,9.0,122.73,Scotland
5930,1112537,Jordan Cox,PUSH,27,49,5,5.4,55.1,England
5931,633660,Virandeep Singh,COVER_DRIVE,27,25,1,27.0,108.0,Malaysia
5932,230371,Ben Cutting,PUSH,27,55,1,27.0,49.09,Australia
5933,500135,Prashant Chopra,FLICK,27,25,3,9.0,108.0,India
5934,1150021,Matthew Revis,PULL_HOOK_ON_BACK_FOOT,27,27,3,9.0,100.0,England
5935,230549,Jason Mohammed,SLOG_SHOT,27,20,6,4.5,135.0,West Indies
5936,216184,Neil Dexter,SWEEP,27,12,4,6.75,225.0,England
5937,1369884,Manan Ali,PULL,27,9,1,27.0,300.0,Saudi Arabia
5938,432783,Sachin Baby,FLICK,27,28,3,9.0,96.43,India
5939,7443,Nathan Rimmington,VERTICAL_FORWARD_ATTACK,27,27,1,27.0,100.0,Australia
5940,414966,Michael Leask,ON_DRIVE,27,23,4,6.75,117.39,Scotland
5941,432960,Simon Harmer,REVERSE_SWEEP,27,14,1,27.0,192.86,South Africa
5942,643999,Matthew Lamb,PULL_HOOK_ON_BACK_FOOT,27,16,1,27.0,168.75,England
5943,5961,Moises Henriques,DEFENDED,27,164,4,6.75,16.46,Australia
5944,326968,Michael Bracewell,SLOG_SHOT,27,15,5,5.4,180.0,New Zealand
5945,328026,Isuru Udana,CUT_SHOT,27,16,2,13.5,168.75,Sri Lanka
5946,1148593,Emilio Gay,LEG_GLANCE,27,22,4,6.75,122.73,England
5947,36084,Yuvraj Singh,DEFENDED,27,188,2,13.5,14.36,India
5948,596417,Brydon Carse,SWEEP,27,16,3,9.0,168.75,England
5949,624813,Khalid Kail,PULL,27,10,1,27.0,270.0,
5950,788101,Tom Moores,FLICK,27,22,1,27.0,122.73,England
5951,42639,Shahid Afridi,SWEEP_SHOT,27,11,1,27.0,245.45,Pakistan
5952,333782,Timm van der Gugten,LEG_GLANCE,27,21,1,27.0,128.57,Netherlands
5953,277390,Pieter Malan,LEG_GLANCE,27,16,3,9.0,168.75,South Africa
5954,1119026,Devdutt Padikkal,REVERSE_SWEEP,27,11,1,27.0,245.45,India
5955,623695,Chamika Karunaratne,PUSH,27,55,3,9.0,49.09,Sri Lanka
5956,596137,Clyde Fortuin,CUT_SHOT,27,17,1,27.0,158.82,South Africa
5957,495551,Sheldon Cottrell,SLOG_SHOT,27,24,5,5.4,112.5,West Indies
5958,328026,Isuru Udana,FLICK,27,32,2,13.5,84.38,Sri Lanka
5959,459508,Andrew Tye,LEG_GLANCE,27,16,2,13.5,168.75,Australia
5960,458897,Ruaidhri Smith,VERTICAL_FORWARD_ATTACK,27,21,1,27.0,128.57,Scotland
5961,495964,Ryan Burl,REVERSE_SWEEP,27,16,2,13.5,168.75,Zimbabwe
5962,501011,Cameron Bancroft,STRAIGHT_DRIVE,27,20,3,9.0,135.0,Australia
5963,956319,Ayaan Khan,CUT_SHOT,27,21,3,9.0,128.57,Oman
5964,233713,Neil Wagner,VERTICAL_FORWARD_ATTACK,27,14,2,13.5,192.86,New Zealand
5965,409957,Ryan Pringle,CUT_SHOT_ON_BACK_FOOT,27,32,3,9.0,84.38,England
5966,637970,Harry Dearden,SWEEP,27,16,1,27.0,168.75,England
5967,628240,Hussain Talat,DEFENDED,27,91,6,4.5,29.67,Pakistan
5968,233514,Thisara Perera,SLOG_SWEEP,27,9,1,27.0,300.0,Sri Lanka
5969,43266,Sohaib Maqsood,SQUARE_DRIVE,27,18,1,27.0,150.0,Pakistan
5970,43266,Sohaib Maqsood,STEERED,27,32,1,27.0,84.38,Pakistan
5971,40618,Imran Tahir,VERTICAL_FORWARD_ATTACK,27,16,1,27.0,168.75,South Africa
5972,429886,Wihan Lubbe,CUT_SHOT,27,26,1,27.0,103.85,South Africa
5973,894087,Calvin Dickinson,VERTICAL_FORWARD_ATTACK,27,23,2,13.5,117.39,England
5974,882319,Harry Swindells,SWEEP,27,25,2,13.5,108.0,England
5975,470633,Tom Kohler-Cadmore,SQUARE_DRIVE,27,18,1,27.0,150.0,England
5976,279506,Gulraiz Sadaf,ON_DRIVE,27,18,1,27.0,150.0,Pakistan
5977,784373,Kamindu Mendis,REVERSE_SWEEP,27,12,2,13.5,225.0,Sri Lanka
5978,877051,Tom Banton,SWEEP_SHOT,27,16,2,13.5,168.75,England
5979,940973,Mohammed Siraj,SLOG_SHOT,27,18,4,6.75,150.0,India
5980,820689,Shamar Springer,CUT_SHOT,26,18,1,26.0,144.44,West Indies
5981,230555,Shamarh Brooks,PUSH,26,64,2,13.0,40.62,West Indies
5982,381183,Evan Gulbis,PULL,26,11,1,26.0,236.36,Australia
5983,1171127,Haseebullah Khan,CUT_SHOT,26,20,1,26.0,130.0,Pakistan
5984,244497,Adil Rashid,COVER_DRIVE,26,24,4,6.5,108.33,England
5985,7547,Ben Rohrer,COVER_DRIVE,26,13,1,26.0,200.0,Australia
5986,820689,Shamar Springer,FLICK,26,32,2,13.0,81.25,West Indies
5987,931015,Thanuka Dabare,COVER_DRIVE,26,14,1,26.0,185.71,Sri Lanka
5988,573170,Luke Wood,ON_DRIVE,26,21,3,8.67,123.81,England
5989,42639,Shahid Afridi,STEERED,26,24,1,26.0,108.33,Pakistan
5990,1323683,Aaron Johnson,COVER_DRIVE,26,17,1,26.0,152.94,Canada
5991,46788,Ashwell Prince,SWEEP,26,12,2,13.0,216.67,South Africa
5992,1152716,Javelle Glen,COVER_DRIVE,26,21,1,26.0,123.81,West Indies
5993,573170,Luke Wood,PULL_HOOK_ON_BACK_FOOT,26,22,3,8.67,118.18,England
5994,530011,Travis Head,SWEEP_SHOT,26,19,6,4.33,136.84,Australia
5995,534734,Chirag Suri,ON_DRIVE,26,32,2,13.0,81.25,United Arab Emirates
5996,297630,Matt Coles,PULL_HOOK_ON_BACK_FOOT,26,24,4,6.5,108.33,England
5997,226492,Martin Guptill,PUSH_SHOT,26,40,1,26.0,65.0,New Zealand
5998,1168651,Haider Ali,PUSH,26,65,5,5.2,40.0,Pakistan
5999,793441,Aamer Jamal,SLOG_SHOT,26,13,4,6.5,200.0,Pakistan
6000,237095,Murali Vijay,SWEEP_SHOT,26,24,2,13.0,108.33,India
6001,596417,Brydon Carse,PULL,26,12,4,6.5,216.67,England
6002,793447,Naveen-ul-Haq,FLICK,26,27,1,26.0,96.3,Afghanistan
6003,594329,Jacques Snyman,SLOG_SHOT,26,15,2,13.0,173.33,South Africa
6004,1278029,Yasir Khan,COVER_DRIVE,26,26,1,26.0,100.0,Pakistan
6005,314615,Jonathan Carter,COVER_DRIVE,26,28,1,26.0,92.86,West Indies
6006,1175496,Nitish Kumar Reddy,REVERSE_SWEEP,26,11,1,26.0,236.36,India
6007,549950,Munim Shahriar,FLICK,26,30,2,13.0,86.67,Bangladesh
6008,631545,Matthew Carter,PULL_HOOK_ON_BACK_FOOT,26,26,1,26.0,100.0,England
6009,39028,Ashar Zaidi,CUT_SHOT_ON_BACK_FOOT,26,22,1,26.0,118.18,Pakistan
6010,230558,Sunil Narine,SWEEP,26,9,1,26.0,288.89,West Indies
6011,349853,Zafar Ansari,LEG_GLANCE,26,16,1,26.0,162.5,England
6012,349853,Zafar Ansari,PULL_HOOK_ON_BACK_FOOT,26,17,3,8.67,152.94,England
6013,766809,Jordan Thompson,FLICK,26,30,4,6.5,86.67,England
6014,215152,Jackson Bird,ON_DRIVE,26,22,3,8.67,118.18,Australia
6015,30288,Karn Sharma,CUT_SHOT,26,19,2,13.0,136.84,India
6016,7502,Luke Ronchi,SQUARE_DRIVE,26,24,1,26.0,108.33,New Zealand
6017,677081,Keemo Paul,SLOG_SWEEP,26,17,1,26.0,152.94,West Indies
6018,1276719,Kashyap Prajapati,COVER_DRIVE,26,24,2,13.0,108.33,Oman
6019,461281,Preston Mommsen,ON_DRIVE,26,26,2,13.0,100.0,Scotland
6020,388802,Tom Latham,PUSH,26,47,2,13.0,55.32,New Zealand
6021,995037,Mahidul Islam Ankon,STRAIGHT_DRIVE,26,9,1,26.0,288.89,Bangladesh
6022,824541,Jaker Ali,PUSH,26,50,1,26.0,52.0,Bangladesh
6023,946453,Daniel Smith,ON_DRIVE,26,20,1,26.0,130.0,South Africa
6024,529045,Jake Libby,SWEEP,26,12,2,13.0,216.67,England
6025,1193541,William Clark,ON_DRIVE,26,28,2,13.0,92.86,New Zealand
6026,229954,Mark Stoneman,SWEEP,26,15,1,26.0,173.33,England
6027,816627,Macalister Wright,SLOG_SHOT,26,11,2,13.0,236.36,Australia
6028,7069,Steve O'Keefe,PULL,26,16,3,8.67,162.5,Australia
6029,221140,David Wiese,PUSH,26,56,4,6.5,46.43,Namibia
6030,1131978,Ashutosh Sharma,FLICK,26,14,2,13.0,185.71,India
6031,267724,Keshav Maharaj,ON_DRIVE,26,23,2,13.0,113.04,South Africa
6032,36592,Peter Borren,ON_DRIVE,26,21,1,26.0,123.81,Netherlands
6033,314743,Shykat Ali,PULL,26,15,2,13.0,173.33,Bangladesh
6034,585083,Zeeshan Maqsood,CUT_SHOT,26,24,1,26.0,108.33,Oman
6035,38141,Jeetan Patel,PULL_HOOK_ON_BACK_FOOT,26,13,3,8.67,200.0,New Zealand
6036,723105,Rinku Singh,SLOG_SWEEP,26,13,5,5.2,200.0,India
6037,1036191,Bas de Leede,PUSH,26,61,1,26.0,42.62,Netherlands
6038,826869,Shivam Chaudhary,SLOG_SHOT,26,10,1,26.0,260.0,India
6039,1182529,Noor Ahmad,SLOG_SHOT,26,16,3,8.67,162.5,Afghanistan
6040,1182529,Noor Ahmad,FLICK,26,18,1,26.0,144.44,Afghanistan
6041,30288,Karn Sharma,PULL,26,25,3,8.67,104.0,India
6042,1276719,Kashyap Prajapati,ON_DRIVE,26,26,3,8.67,100.0,Oman
6043,796255,Bilal Tahir,PULL,26,10,1,26.0,260.0,Kuwait
6044,43121,Shaiman Anwar,COVER_DRIVE,26,18,1,26.0,144.44,United Arab Emirates
6045,37004,James Franklin,CUT_SHOT_ON_BACK_FOOT,26,23,2,13.0,113.04,New Zealand
6046,36084,Yuvraj Singh,SWEEP_SHOT,26,23,4,6.5,113.04,India
6047,719715,Washington Sundar,STRAIGHT_DRIVE,26,12,2,13.0,216.67,India
6048,55893,Fazle Mahmud,SLOG_SHOT,26,10,1,26.0,260.0,Bangladesh
6049,826901,Daniel Sams,STEERED,26,22,1,26.0,118.18,Australia
6050,747315,Nathan Sowter,LEG_GLANCE,26,17,1,26.0,152.94,England
6051,604302,Nicholas Pooran,LEFT_ALONE,26,85,2,13.0,30.59,West Indies
6052,723105,Rinku Singh,PUSH,26,54,2,13.0,48.15,India
6053,670025,Shimron Hetmyer,LEG_GLANCE,26,20,1,26.0,130.0,West Indies
6054,300628,Dinesh Chandimal,DEFENDED,26,134,1,26.0,19.4,Sri Lanka
6055,581379,Shai Hope,DEFENDED,26,179,6,4.33,14.53,West Indies
6056,1081730,Matthew Gilkes,SWEEP_SHOT,26,14,2,13.0,185.71,Australia
6057,55893,Fazle Mahmud,ON_DRIVE,26,9,2,13.0,288.89,Bangladesh
6058,541224,Luke Jongwe,PULL,26,31,6,4.33,83.87,Zimbabwe
6059,946507,Tadiwanashe Marumani,ON_DRIVE,26,27,3,8.67,96.3,Zimbabwe
6060,296597,James Vince,DEFENDED,26,210,9,2.89,12.38,England
6061,630174,Delray Rawlins,CUT_SHOT_ON_BACK_FOOT,26,28,2,13.0,92.86,Bermuda
6062,354165,Richard Oliver,CUT_SHOT_ON_BACK_FOOT,26,29,1,26.0,89.66,England
6063,1201520,Ripal Patel,FLICK,26,21,1,26.0,123.81,India
6064,234675,Ravindra Jadeja,SWEEP_SHOT,26,18,2,13.0,144.44,India
6065,211748,Benny Howell,SLOG_SHOT,26,24,6,4.33,108.33,England
6066,13533,Andrew Gale,PULL_HOOK_ON_BACK_FOOT,26,20,1,26.0,130.0,England
6067,776695,Matt Critchley,COVER_DRIVE,26,25,3,8.67,104.0,England
6068,1163855,Hayden Kerr,PULL_HOOK_ON_BACK_FOOT,26,12,1,26.0,216.67,Australia
6069,398438,Mayank Agarwal,SWEEP_SHOT,26,18,1,26.0,144.44,India
6070,1125715,Justin Avendano,SLOG_SWEEP,26,7,1,26.0,371.43,Australia
6071,437927,Stephan Baard,PULL,26,19,2,13.0,136.84,Namibia
6072,233904,Yasim Murtaza,PULL,26,14,2,13.0,185.71,Hong Kong
6073,868843,Louis Kimber,PULL_HOOK_ON_BACK_FOOT,26,15,2,13.0,173.33,England
6074,1093669,Muhammad Tanveer,COVER_DRIVE,26,27,1,26.0,96.3,Qatar
6075,698343,Eathan Bosch,FLICK,26,25,2,13.0,104.0,South Africa
6076,974719,Muhammad Usman,ON_DRIVE,26,22,2,13.0,118.18,United Arab Emirates
6077,235516,Richmond Mutumbami,PULL,26,14,2,13.0,185.71,Zimbabwe
6078,1202786,Sakibul Gani,PULL,26,14,1,26.0,185.71,India
6079,1202786,Sakibul Gani,ON_DRIVE,26,13,1,26.0,200.0,India
6080,395086,Ateeq Javid,SWEEP,26,16,1,26.0,162.5,England
6081,646173,Kiplin Doriga,ON_DRIVE,26,20,3,8.67,130.0,Papua New Guinea
6082,1243738,Mitchell Hay,PULL,26,11,1,26.0,236.36,New Zealand
6083,409957,Ryan Pringle,SWEEP,26,21,3,8.67,123.81,England
6084,450860,Adam Milne,COVER_DRIVE,26,18,1,26.0,144.44,New Zealand
6085,34102,Rohit Sharma,REVERSE_SWEEP,26,20,2,13.0,130.0,India
6086,331375,Hamish Rutherford,SLOG_SHOT,26,12,3,8.67,216.67,New Zealand
6087,1124290,Nathan McSweeney,CUT_SHOT,26,24,2,13.0,108.33,Australia
6088,517247,Jonathan Tattersall,REVERSE_SWEEP,26,20,2,13.0,130.0,England
6089,1124283,Aaron Hardie,SWEEP_SHOT,26,19,1,26.0,136.84,Australia
6090,362603,Shafiqullah,COVER_DRIVE,26,12,1,26.0,216.67,Afghanistan
6091,348133,Steven Taylor,COVER_DRIVE,26,18,2,13.0,144.44,United States of America
6092,1418076,Waji Ul Hassan,PULL,26,8,2,13.0,325.0,
6093,959833,Wes Agar,COVER_DRIVE,26,20,1,26.0,130.0,Australia
6094,233648,Alex Doolan,PULL,26,16,1,26.0,162.5,Australia
6095,307808,Rohan Mustafa,CUT_SHOT,26,20,3,8.67,130.0,United Arab Emirates
6096,364788,Ben Foakes,CUT_SHOT_ON_BACK_FOOT,26,24,1,26.0,108.33,England
6097,1212829,Ali Naseer,SLOG_SHOT,26,11,1,26.0,236.36,United Arab Emirates
6098,50710,Kumar Sangakkara,SLOG_SHOT,26,16,2,13.0,162.5,Sri Lanka
6099,557295,Hilton Cartwright,LEG_GLANCE,26,19,1,26.0,136.84,Australia
6100,403902,Liam Livingstone,RAMP,26,9,1,26.0,288.89,England
6101,959771,Nathan Smith,ON_DRIVE,26,17,1,26.0,152.94,New Zealand
6102,555853,Mark Steketee,ON_DRIVE,26,21,3,8.67,123.81,Australia
6103,784615,Henry Hunt,COVER_DRIVE,26,21,2,13.0,123.81,Australia
6104,319439,Mitchell McClenaghan,ON_DRIVE,26,22,7,3.71,118.18,New Zealand
6105,629076,Sadeera Samarawickrama,PUSH,26,65,6,4.33,40.0,Sri Lanka
6106,333000,Peter Moor,FLICK,26,30,1,26.0,86.67,Ireland
6107,450860,Adam Milne,SLOG_SHOT,26,18,5,5.2,144.44,New Zealand
6108,914171,Qais Ahmad,PULL_HOOK_ON_BACK_FOOT,26,16,1,26.0,162.5,Afghanistan
6109,30045,Dinesh Karthik,HOOK,26,9,1,26.0,288.89,India
6110,407265,Josh Davey,LEG_GLANCE,25,17,1,25.0,147.06,Scotland
6111,265564,Wayne Parnell,CUT_SHOT,25,46,5,5.0,54.35,South Africa
6112,510530,Jamie Overton,SLOG_SHOT,25,17,5,5.0,147.06,England
6113,330408,Chris Barnwell,ON_DRIVE,25,18,2,12.5,138.89,West Indies
6114,642519,Shreyas Iyer,DAB,25,38,1,25.0,65.79,India
6115,633638,Sharvin Muniandy,ON_DRIVE,25,25,2,12.5,100.0,Malaysia
6116,652687,Saud Shakeel,CUT_SHOT,25,27,1,25.0,92.59,Pakistan
6117,325026,Glenn Maxwell,UPPER_CUT,25,19,1,25.0,131.58,Australia
6118,446763,Rahul Tripathi,DEFENDED,25,149,5,5.0,16.78,India
6119,334337,Peter Handscomb,PUSH_SHOT,25,34,2,12.5,73.53,Australia
6120,227762,Sharjeel Khan,SQUARE_DRIVE,25,22,1,25.0,113.64,Pakistan
6121,300618,Nasir Hossain,SLOG_SWEEP,25,10,2,12.5,250.0,Bangladesh
6122,1058514,Aasif Sheikh,CUT_SHOT,25,20,1,25.0,125.0,Nepal
6123,315232,Asif Khan,PUSH,25,36,1,25.0,69.44,United Arab Emirates
6124,55870,Sean Williams,PUSH,25,50,1,25.0,50.0,Zimbabwe
6125,23506,Alex Wakely,SWEEP,25,23,1,25.0,108.7,England
6126,505120,Ashton Agar,STRAIGHT_DRIVE,25,12,2,12.5,208.33,Australia
6127,928015,Josh Clarkson,CUT_SHOT,25,28,1,25.0,89.29,New Zealand
6128,39091,Abdur Rehman,VERTICAL_FORWARD_ATTACK,25,17,2,12.5,147.06,Pakistan
6129,438563,Mark Chapman,REVERSE_SWEEP,25,19,1,25.0,131.58,New Zealand
6130,49758,Lasith Malinga,PULL,25,16,3,8.33,156.25,Sri Lanka
6131,1193541,William Clark,PULL,25,15,1,25.0,166.67,New Zealand
6132,1158538,Abbas Afridi,PULL,25,15,1,25.0,166.67,Pakistan
6133,388802,Tom Latham,CUT_SHOT,25,26,1,25.0,96.15,New Zealand
6134,529436,Srikar Bharat,ON_DRIVE,25,28,1,25.0,89.29,India
6135,1093092,Ben Mike,SWEEP,25,10,2,12.5,250.0,England
6136,311158,Ben Stokes,SWEEP,25,9,1,25.0,277.78,England
6137,237696,Sheldon Jackson,ON_DRIVE,25,25,2,12.5,100.0,India
6138,326016,Bhuvneshwar Kumar,SLOG_SHOT,25,27,6,4.17,92.59,India
6139,1168651,Haider Ali,STEERED,25,31,4,6.25,80.65,Pakistan
6140,477021,Vijay Shankar,SLOG_SWEEP,25,8,2,12.5,312.5,India
6141,311158,Ben Stokes,PUSH,25,41,2,12.5,60.98,England
6142,1045883,Clive Madande,COVER_DRIVE,25,21,1,25.0,119.05,Zimbabwe
6143,1217288,Usman Patel,PULL,25,12,2,12.5,208.33,Kuwait
6144,398778,Rory Burns,PUSH_SHOT,25,48,3,8.33,52.08,England
6145,930189,Lalit Yadav,COVER_DRIVE,25,29,2,12.5,86.21,India
6146,1149157,Chris Benjamin,LEG_GLANCE,25,18,2,12.5,138.89,England
6147,340854,Harpreet Singh,FLICK,25,18,2,12.5,138.89,India
6148,402992,Shuvagata Hom,SLOG_SWEEP,25,9,2,12.5,277.78,Bangladesh
6149,697059,Zakir Hasan,PUSH,25,39,2,12.5,64.1,Bangladesh
6150,571911,Joe Clarke,RAMP,25,11,1,25.0,227.27,England
6151,310525,Chris Wood,PUSH_SHOT,25,43,1,25.0,58.14,England
6152,679567,Ben Dwarshuis,VERTICAL_FORWARD_ATTACK,25,27,1,25.0,92.59,Australia
6153,784379,Wanindu Hasaranga de Silva,SLOG_SWEEP,25,14,4,6.25,178.57,Sri Lanka
6154,230193,Matthew Wade,DEFENDED,25,144,2,12.5,17.36,Australia
6155,436686,Gareth Roderick,LEG_GLANCE,25,18,1,25.0,138.89,South Africa
6156,519082,Dom Sibley,SWEEP,25,24,3,8.33,104.17,England
6157,265564,Wayne Parnell,SLOG_SHOT,25,15,3,8.33,166.67,South Africa
6158,237696,Sheldon Jackson,COVER_DRIVE,25,15,1,25.0,166.67,India
6159,308794,Michael Swart,FLICK,25,18,1,25.0,138.89,Australia
6160,380956,Michael Rippon,FLICK,25,20,1,25.0,125.0,New Zealand
6161,902907,Tom Lammonby,PUSH_SHOT,25,45,1,25.0,55.56,England
6162,1139520,Tanzim Hasan Sakib,PULL,25,13,2,12.5,192.31,Bangladesh
6163,1139511,Parvez Hossain Emon,PULL,25,11,2,12.5,227.27,Bangladesh
6164,24609,Gary Wilson,COVER_DRIVE,25,30,3,8.33,83.33,Ireland
6165,647667,Usama Mir,ON_DRIVE,25,21,5,5.0,119.05,Pakistan
6166,17970,Daryl Mitchell,SWEEP,25,16,1,25.0,156.25,England
6167,259410,Ahmed Shehzad,SLOG_SHOT,25,21,7,3.57,119.05,Pakistan
6168,911707,Harry Brook,REVERSE_SWEEP,25,18,1,25.0,138.89,England
6169,494581,Rahkeem Cornwall,SWEEP_SHOT,25,8,2,12.5,312.5,West Indies
6170,230555,Shamarh Brooks,SWEEP_SHOT,25,12,2,12.5,208.33,West Indies
6171,55944,Jahurul Islam,FLICK,25,28,1,25.0,89.29,Bangladesh
6172,235516,Richmond Mutumbami,FLICK,25,30,1,25.0,83.33,Zimbabwe
6173,302579,Shreevats Goswami,COVER_DRIVE,25,14,3,8.33,178.57,India
6174,23460,Luke Wright,FLICK,25,29,1,25.0,86.21,England
6175,297626,Will Beer,PULL_HOOK_ON_BACK_FOOT,25,16,2,12.5,156.25,England
6176,550235,Tom Curran,SQUARE_DRIVE,25,20,3,8.33,125.0,England
6177,772361,Sam Harper,SWEEP_SHOT,25,17,3,8.33,147.06,Australia
6178,44828,Faf du Plessis,RAMP,25,14,3,8.33,178.57,South Africa
6179,681117,Faheem Ashraf,SQUARE_DRIVE,25,18,2,12.5,138.89,Pakistan
6180,1092313,Rohail Nazir,COVER_DRIVE,25,17,2,12.5,147.06,Pakistan
6181,437669,Jordan Silk,PUSH,25,55,2,12.5,45.45,Australia
6182,437669,Jordan Silk,SLOG_SWEEP,25,19,2,12.5,131.58,Australia
6183,437448,Jake Lehmann,SWEEP_SHOT,25,17,3,8.33,147.06,Australia
6184,625956,Leo Carter,SLOG_SWEEP,25,6,1,25.0,416.67,New Zealand
6185,1077310,Naseem Khushi,SLOG_SHOT,25,10,4,6.25,250.0,Oman
6186,379140,Devon Conway,DAB,25,31,1,25.0,80.65,New Zealand
6187,46788,Ashwell Prince,CUT_SHOT_ON_BACK_FOOT,25,21,1,25.0,119.05,South Africa
6188,553249,Bjorn Fortuin,COVER_DRIVE,25,13,1,25.0,192.31,South Africa
6189,432960,Simon Harmer,PUSH_SHOT,25,43,2,12.5,58.14,South Africa
6190,946517,Dion Myers,FLICK,25,20,2,12.5,125.0,Zimbabwe
6191,533870,Nick Larkin,PUSH,25,54,1,25.0,46.3,Australia
6192,381030,Gihahn Cloete,FLICK,25,21,1,25.0,119.05,South Africa
6193,1254269,Aman Hakim Khan,COVER_DRIVE,25,23,1,25.0,108.7,India
6194,772361,Sam Harper,PUSH,25,46,2,12.5,54.35,Australia
6195,1093669,Muhammad Tanveer,SLOG_SHOT,25,8,1,25.0,312.5,Qatar
6196,25913,Mohammad Nabi,SLOG_SWEEP,25,13,2,12.5,192.31,Afghanistan
6197,51439,Dwayne Bravo,PUSH_SHOT,25,25,1,25.0,100.0,West Indies
6198,833087,Mahedi Hasan,SWEEP_SHOT,25,14,2,12.5,178.57,Bangladesh
6199,550133,Mosaddek Hossain,SLOG_SHOT,25,33,10,2.5,75.76,Bangladesh
6200,350126,Luke Wells,SWEEP,25,10,2,12.5,250.0,England
6201,431909,Jermaine Blackwood,COVER_DRIVE,25,26,1,25.0,96.15,West Indies
6202,533862,Mohammad Naveed,ON_DRIVE,25,19,1,25.0,131.58,United Arab Emirates
6203,389605,Ashish Reddy,COVER_DRIVE,25,16,1,25.0,156.25,India
6204,486672,Theunis de Bruyn,SLOG_SHOT,25,15,3,8.33,166.67,South Africa
6205,446763,Rahul Tripathi,UPPER_CUT,25,10,1,25.0,250.0,India
6206,55414,Sean Ervine,SWEEP,25,12,1,25.0,208.33,Zimbabwe
6207,6973,Peter Nevill,ON_DRIVE,25,18,1,25.0,138.89,Australia
6208,698315,Donovan Ferreira,FLICK,25,24,2,12.5,104.17,South Africa
6209,914171,Qais Ahmad,VERTICAL_FORWARD_ATTACK,25,17,1,25.0,147.06,Afghanistan
6210,605680,Janneman Malan,PUSH,25,43,1,25.0,58.14,South Africa
6211,532424,Sohail Akhtar,SLOG_SHOT,25,12,2,12.5,208.33,Pakistan
6212,315586,Chadwick Walton,DEFENDED,25,211,12,2.08,11.85,West Indies
6213,1241265,Aayan Afzal Khan,PULL,25,19,2,12.5,131.58,United Arab Emirates
6214,550133,Mosaddek Hossain,SQUARE_DRIVE,25,16,1,25.0,156.25,Bangladesh
6215,37737,Brendon McCullum,REVERSE_SWEEP,25,22,1,25.0,113.64,New Zealand
6216,1058989,Aryan Lakra,PULL,25,12,1,25.0,208.33,United Arab Emirates
6217,793463,Rashid Khan,CUT_SHOT_ON_BACK_FOOT,25,14,1,25.0,178.57,Afghanistan
6218,665053,Zak Crawley,REVERSE_SWEEP,25,20,2,12.5,125.0,England
6219,12461,Jade Dernbach,VERTICAL_FORWARD_ATTACK,25,22,2,12.5,113.64,England
6220,288616,Tom Poynton,PULL_HOOK_ON_BACK_FOOT,25,20,4,6.25,125.0,England
6221,572199,Ryan Higgins,REVERSE_SWEEP,24,23,1,24.0,104.35,England
6222,562263,Robert O'Donnell,PULL,24,19,2,12.0,126.32,New Zealand
6223,1287029,Bipin Saurabh,PULL,24,15,2,12.0,160.0,India
6224,376116,Umesh Yadav,PULL,24,19,1,24.0,126.32,India
6225,7547,Ben Rohrer,ON_DRIVE,24,14,1,24.0,171.43,Australia
6226,823509,Glenn Phillips,SWEEP,24,8,1,24.0,300.0,New Zealand
6227,931015,Thanuka Dabare,CUT_SHOT,24,25,1,24.0,96.0,Sri Lanka
6228,1122501,Mitesh Patel,FLICK,24,21,1,24.0,114.29,India
6229,297628,Sam Billings,SQUARE_DRIVE,24,24,2,12.0,100.0,England
6230,680045,Shubham Sharma,ON_DRIVE,24,21,1,24.0,114.29,India
6231,380956,Michael Rippon,COVER_DRIVE,24,15,2,12.0,160.0,New Zealand
6232,1284531,Edson Silva,SLOG_SHOT,24,7,2,12.0,342.86,Kuwait
6233,694211,Avesh Khan,SLOG_SHOT,24,18,2,12.0,133.33,India
6234,1161038,Alishan Sharafu,STEERED,24,26,1,24.0,92.31,United Arab Emirates
6235,680045,Shubham Sharma,PULL,24,10,1,24.0,240.0,India
6236,253802,Virat Kohli,UPPER_CUT,24,11,1,24.0,218.18,India
6237,446499,Unmukt Chand,PULL,24,14,3,8.0,171.43,United States of America
6238,4451,George Bailey,STEERED,24,21,1,24.0,114.29,Australia
6239,230551,Gajanand Singh,ON_DRIVE,24,20,1,24.0,120.0,United States of America
6240,677077,Romario Shepherd,SLOG_SWEEP,24,15,2,12.0,160.0,West Indies
6241,379504,Adam Zampa,SLOG_SHOT,24,21,5,4.8,114.29,Australia
6242,300618,Nasir Hossain,STRAIGHT_DRIVE,24,11,2,12.0,218.18,Bangladesh
6243,379774,Colin Ackermann,COVER_DRIVE,24,26,1,24.0,92.31,Netherlands
6244,230549,Jason Mohammed,SQUARE_DRIVE,24,24,3,8.0,100.0,West Indies
6245,379774,Colin Ackermann,PULL,24,18,5,4.8,133.33,Netherlands
6246,355266,Craig Cachopa,LEG_GLANCE,24,14,1,24.0,171.43,New Zealand
6247,460079,Miles Hammond,FLICK,24,10,1,24.0,240.0,England
6248,437927,Stephan Baard,CUT_SHOT,24,34,2,12.0,70.59,Namibia
6249,605683,Migael Pretorius,PULL,24,17,1,24.0,141.18,South Africa
6250,709675,James Bazley,FLICK,24,30,2,12.0,80.0,Australia
6251,458895,Andrew Salter,PUSH_SHOT,24,40,2,12.0,60.0,England
6252,261354,Nathan Coulter-Nile,COVER_DRIVE,24,29,3,8.0,82.76,Australia
6253,570241,Mattie McKiernan,CUT_SHOT_ON_BACK_FOOT,24,22,3,8.0,109.09,England
6254,1076722,Will Sutherland,SQUARE_DRIVE,24,12,1,24.0,200.0,Australia
6255,679567,Ben Dwarshuis,CUT_SHOT,24,30,3,8.0,80.0,Australia
6256,1060380,Ruturaj Gaikwad,HOOK,24,6,1,24.0,400.0,India
6257,553821,JJ Smit,SLOG_SHOT,24,12,1,24.0,200.0,Namibia
6258,922943,Shadab Khan,SWEEP_SHOT,24,17,1,24.0,141.18,Pakistan
6259,248920,Devon Thomas,STRAIGHT_DRIVE,24,14,1,24.0,171.43,West Indies
6260,446507,Suryakumar Yadav,HOOK,24,18,2,12.0,133.33,India
6261,698189,Wiaan Mulder,SLOG_SWEEP,24,8,2,12.0,300.0,South Africa
6262,298693,Scott Elstone,PULL_HOOK_ON_BACK_FOOT,24,14,1,24.0,171.43,England
6263,928057,Lorcan Tucker,REVERSE_SWEEP,24,25,2,12.0,96.0,Ireland
6264,355092,Joe Leach,CUT_SHOT_ON_BACK_FOOT,24,25,2,12.0,96.0,England
6265,362201,Lewis Gregory,SLOG_SWEEP,24,12,2,12.0,200.0,England
6266,1036191,Bas de Leede,PULL_HOOK_ON_BACK_FOOT,24,14,1,24.0,171.43,Netherlands
6267,637151,Danny Lamb,CUT_SHOT_ON_BACK_FOOT,24,21,1,24.0,114.29,England
6268,1168641,Harpreet Brar,PULL,24,22,1,24.0,109.09,India
6269,627627,Tom Rogers,FLICK,24,22,1,24.0,109.09,Australia
6270,310525,Chris Wood,LEG_GLANCE,24,21,1,24.0,114.29,England
6271,1050545,Xavier Bartlett,ON_DRIVE,24,17,2,12.0,141.18,Australia
6272,232435,Calum MacLeod,CUT_SHOT,24,27,3,8.0,88.89,Scotland
6273,1076713,Cameron Green,PUSH,24,38,2,12.0,63.16,Australia
6274,1112537,Jordan Cox,SLOG_SWEEP,24,9,3,8.0,266.67,England
6275,251721,Adam Lyth,REVERSE_SWEEP,24,17,1,24.0,141.18,England
6276,458897,Ruaidhri Smith,CUT_SHOT_ON_BACK_FOOT,24,13,1,24.0,184.62,Scotland
6277,277662,Corey Anderson,STEERED,24,26,1,24.0,92.31,United States of America
6278,423838,Rahul Tewatia,STRAIGHT_DRIVE,24,9,1,24.0,266.67,India
6279,398439,Karun Nair,DEFENDED,24,127,5,4.8,18.9,India
6280,290716,Kedar Jadhav,DEFENDED,24,95,3,8.0,25.26,India
6281,214974,Mitchell Claydon,VERTICAL_FORWARD_ATTACK,24,31,3,8.0,77.42,Australia
6282,1260388,Toby Albert,PULL_HOOK_ON_BACK_FOOT,24,17,1,24.0,141.18,England
6283,1209110,Basil Hameed,CUT_SHOT,24,27,1,24.0,88.89,United Arab Emirates
6284,36581,Neil Broom,CUT_SHOT_ON_BACK_FOOT,24,18,2,12.0,133.33,New Zealand
6285,520183,Zeeshan Ashraf,PULL,24,16,2,12.0,150.0,Pakistan
6286,388802,Tom Latham,REVERSE_SWEEP,24,24,1,24.0,100.0,New Zealand
6287,495551,Sheldon Cottrell,PULL,24,17,4,6.0,141.18,West Indies
6288,314743,Shykat Ali,STRAIGHT_DRIVE,24,9,1,24.0,266.67,Bangladesh
6289,1209110,Basil Hameed,SLOG_SWEEP,24,8,1,24.0,300.0,United Arab Emirates
6290,318845,Rilee Rossouw,DAB,24,29,1,24.0,82.76,South Africa
6291,669855,Jofra Archer,LEG_GLANCE,24,19,3,8.0,126.32,England
6292,345825,Chaturanga de Silva,PULL,24,20,3,8.0,120.0,Sri Lanka
6293,525992,Adam Hose,REVERSE_SWEEP,24,21,3,8.0,114.29,England
6294,422592,Fabian Cowdrey,CUT_SHOT_ON_BACK_FOOT,24,17,2,12.0,141.18,England
6295,386302,Zeeshan Ali,COVER_DRIVE,24,13,1,24.0,184.62,Hong Kong
6296,315232,Asif Khan,FLICK,24,24,1,24.0,100.0,United Arab Emirates
6297,222354,Milinda Siriwardana,CUT_SHOT,24,20,1,24.0,120.0,Sri Lanka
6298,315586,Chadwick Walton,RAMP,24,7,1,24.0,342.86,West Indies
6299,290727,Rishi Dhawan,PULL,24,15,1,24.0,160.0,India
6300,8491,Jimmy Adams,CUT_SHOT_ON_BACK_FOOT,24,12,2,12.0,200.0,England
6301,11724,Rikki Clarke,CUT_SHOT_ON_BACK_FOOT,24,19,1,24.0,126.32,England
6302,974719,Muhammad Usman,FLICK,24,25,1,24.0,96.0,United Arab Emirates
6303,529436,Srikar Bharat,COVER_DRIVE,24,25,1,24.0,96.0,India
6304,277472,Darren Bravo,STRAIGHT_DRIVE,24,13,1,24.0,184.62,West Indies
6305,643433,George Garton,REVERSE_SWEEP,24,13,1,24.0,184.62,England
6306,793467,Karim Janat,SLOG_SWEEP,24,16,6,4.0,150.0,Afghanistan
6307,32966,Piyush Chawla,SLOG_SHOT,24,17,5,4.8,141.18,India
6308,419873,Mohammad Shahzad,SLOG_SWEEP,24,11,1,24.0,218.18,Afghanistan
6309,40618,Imran Tahir,SLOG_SHOT,24,23,9,2.67,104.35,South Africa
6310,659081,Mark Watt,ON_DRIVE,24,22,2,12.0,109.09,Scotland
6311,36592,Peter Borren,FLICK,24,20,1,24.0,120.0,Netherlands
6312,474760,Chundangapoyil Rizwan,CUT_SHOT,24,14,1,24.0,171.43,United Arab Emirates
6313,270484,James Faulkner,CUT_SHOT_ON_BACK_FOOT,24,21,1,24.0,114.29,Australia
6314,1201514,Mickil Jaiswal,ON_DRIVE,24,14,1,24.0,171.43,India
6315,280490,JJ Smuts,PUSH,24,47,1,24.0,51.06,South Africa
6316,747315,Nathan Sowter,CUT_SHOT_ON_BACK_FOOT,24,23,4,6.0,104.35,England
6317,56167,Ziaur Rahman,FLICK,24,26,1,24.0,92.31,Bangladesh
6318,1095899,William Buttleman,PULL_HOOK_ON_BACK_FOOT,24,10,1,24.0,240.0,England
6319,269237,Mohammad Mithun,DEFENDED,24,116,5,4.8,20.69,Bangladesh
6320,420402,Afsar Zazai,PULL,24,14,2,12.0,171.43,Afghanistan
6321,519544,Tom Taylor,CUT_SHOT_ON_BACK_FOOT,24,28,1,24.0,85.71,England
6322,595921,Curtis Campher,PUSH,24,35,2,12.0,68.57,Ireland
6323,35263,Virender Sehwag,ON_DRIVE,24,17,3,8.0,141.18,India
6324,665053,Zak Crawley,STRAIGHT_DRIVE,24,13,1,24.0,184.62,England
6325,670035,Brandon King,HOOK,24,9,1,24.0,266.67,West Indies
6326,390484,Jaydev Unadkat,ON_DRIVE,24,22,1,24.0,109.09,India
6327,56154,Shamsur Rahman,CUT_SHOT,24,19,1,24.0,126.32,Bangladesh
6328,348152,Usman Qadir,PULL,24,17,2,12.0,141.18,Pakistan
6329,781285,Jake Weatherald,REVERSE_SWEEP,24,10,1,24.0,240.0,Australia
6330,55608,Hamilton Masakadza,STEERED,24,16,1,24.0,150.0,Zimbabwe
6331,11724,Rikki Clarke,REVERSE_SWEEP,23,16,2,11.5,143.75,England
6332,497121,Deepak Hooda,UPPER_CUT,23,7,1,23.0,328.57,India
6333,6033,Mitchell Johnson,FLICK,23,18,2,11.5,127.78,Australia
6334,21440,John Simpson,REVERSE_SWEEP,23,17,1,23.0,135.29,England
6335,1099379,Gareth Delany,SLOG_SHOT,23,15,4,5.75,153.33,Ireland
6336,457280,Adam Rossington,SLOG_SWEEP,23,9,2,11.5,255.56,England
6337,1147613,James Wharton,PULL_HOOK_ON_BACK_FOOT,23,9,1,23.0,255.56,England
6338,1159711,Shahbaz Ahmed,PUSH,23,35,2,11.5,65.71,India
6339,23460,Luke Wright,DROP_AND_RUN,23,28,1,23.0,82.14,England
6340,713195,Harry Nielsen,COVER_DRIVE,23,24,1,23.0,95.83,Australia
6341,419873,Mohammad Shahzad,DEFENDED,23,88,1,23.0,26.14,Afghanistan
6342,990039,Shoriful Islam,PULL,23,10,1,23.0,230.0,Bangladesh
6343,300631,Kusal Perera,STEERED,23,23,1,23.0,100.0,Sri Lanka
6344,793467,Karim Janat,PUSH,23,58,3,7.67,39.66,Afghanistan
6345,766809,Jordan Thompson,ON_DRIVE,23,17,1,23.0,135.29,England
6346,711559,Usman Ghani,LEG_GLANCE,23,16,1,23.0,143.75,Afghanistan
6347,631668,Stephen Eskinazi,SLOG_SHOT,23,13,4,5.75,176.92,England
6348,669365,Phil Salt,REVERSE_SWEEP,23,21,3,7.67,109.52,England
6349,1152427,Dunith Wellalage,STEERED,23,17,1,23.0,135.29,Sri Lanka
6350,55946,Junaid Siddique,FLICK,23,20,1,23.0,115.0,Bangladesh
6351,333780,Nic Maddinson,REVERSE_SWEEP,23,11,1,23.0,209.09,Australia
6352,946517,Dion Myers,ON_DRIVE,23,21,2,11.5,109.52,Zimbabwe
6353,765879,Matthew Waite,CUT_SHOT_ON_BACK_FOOT,23,12,1,23.0,191.67,England
6354,495964,Ryan Burl,SWEEP_SHOT,23,12,2,11.5,191.67,Zimbabwe
6355,261354,Nathan Coulter-Nile,CUT_SHOT,23,17,1,23.0,135.29,Australia
6356,497121,Deepak Hooda,VERTICAL_FORWARD_ATTACK,23,17,1,23.0,135.29,India
6357,237696,Sheldon Jackson,FLICK,23,24,2,11.5,95.83,India
6358,45705,Colin Ingram,STRAIGHT_DRIVE,23,19,2,11.5,121.05,South Africa
6359,330902,Mustafizur Rahman,COVER_DRIVE,23,29,4,5.75,79.31,Bangladesh
6360,556916,Mukhtar Ahmed,FLICK,23,22,1,23.0,104.55,United States of America
6361,439952,Chris Morris,STEERED,23,13,1,23.0,176.92,South Africa
6362,398666,Sean Abbott,PULL_HOOK_ON_BACK_FOOT,23,11,1,23.0,209.09,Australia
6363,304735,Dilshan Munaweera,FLICK,23,24,1,23.0,95.83,Sri Lanka
6364,629063,Mehidy Hasan Miraz,LEG_GLANCE,23,16,1,23.0,143.75,Bangladesh
6365,277906,Kane Williamson,UPPER_CUT,23,8,1,23.0,287.5,New Zealand
6366,438563,Mark Chapman,PUSH,23,46,2,11.5,50.0,New Zealand
6367,4823,Steven Crook,LEG_GLANCE,23,20,2,11.5,115.0,Australia
6368,348146,Ahsan Ali,STRAIGHT_DRIVE,23,8,1,23.0,287.5,Pakistan
6369,595380,Raynard van Tonder,COVER_DRIVE,23,14,1,23.0,164.29,South Africa
6370,959759,Finn Allen,PUSH,23,42,2,11.5,54.76,New Zealand
6371,233712,Stephan Myburgh,ON_DRIVE,23,21,2,11.5,109.52,Netherlands
6372,280734,Imrul Kayes,STRAIGHT_DRIVE,23,14,3,7.67,164.29,Bangladesh
6373,444970,Jimmy Peirson,SQUARE_DRIVE,23,21,2,11.5,109.52,Australia
6374,894087,Calvin Dickinson,CUT_SHOT_ON_BACK_FOOT,23,7,1,23.0,328.57,England
6375,331855,Taruwar Kohli,COVER_DRIVE,23,16,1,23.0,143.75,India
6376,233648,Alex Doolan,CUT_SHOT,23,22,2,11.5,104.55,Australia
6377,56154,Shamsur Rahman,ON_DRIVE,23,19,1,23.0,121.05,Bangladesh
6378,364788,Ben Foakes,PUSH_SHOT,23,39,1,23.0,58.97,England
6379,901157,Arjun Nair,PULL,23,19,3,7.67,121.05,Australia
6380,232438,Gary Ballance,PUSH_SHOT,23,39,1,23.0,58.97,Zimbabwe
6381,511247,Matt Taylor,PULL_HOOK_ON_BACK_FOOT,23,12,1,23.0,191.67,England
6382,1125715,Justin Avendano,SLOG_SHOT,23,13,4,5.75,176.92,Australia
6383,447261,Deepak Chahar,SLOG_SHOT,23,18,2,11.5,127.78,India
6384,45204,Robbie Frylinck,COVER_DRIVE,23,18,1,23.0,127.78,South Africa
6385,505110,Kurtis Patterson,SLOG_SHOT,23,17,2,11.5,135.29,Australia
6386,1149157,Chris Benjamin,PUSH_SHOT,23,34,1,23.0,67.65,England
6387,360456,Asela Gunaratne,SLOG_SHOT,23,10,2,11.5,230.0,Sri Lanka
6388,1360563,Muhammad Abbas,SLOG_SHOT,23,11,2,11.5,209.09,New Zealand
6389,436757,Heinrich Klaasen,HOOK,23,10,1,23.0,230.0,South Africa
6390,1161024,Prabhsimran Singh,PUSH,23,52,4,5.75,44.23,India
6391,51862,Andre Fletcher,SWEEP_SHOT,23,13,1,23.0,176.92,West Indies
6392,1126045,Nishan Madushka,PULL,23,13,1,23.0,176.92,Sri Lanka
6393,303423,Andy Balbirnie,PULL_HOOK_ON_BACK_FOOT,23,18,5,4.6,127.78,Ireland
6394,303423,Andy Balbirnie,PADDLE_SWEEP,23,13,4,5.75,176.92,Ireland
6395,1202263,Thomas Kelly,FLICK,23,26,2,11.5,88.46,Australia
6396,873199,Chris Greaves,CUT_SHOT,23,24,1,23.0,95.83,Scotland
6397,372116,Temba Bavuma,SLOG_SWEEP,23,7,1,23.0,328.57,South Africa
6398,372116,Temba Bavuma,SWEEP_SHOT,23,15,1,23.0,153.33,South Africa
6399,1167770,Meet Bhavsar,COVER_DRIVE,23,22,1,23.0,104.55,Kuwait
6400,865833,Zak Chappell,PULL_HOOK_ON_BACK_FOOT,23,15,1,23.0,153.33,England
6401,772361,Sam Harper,SLOG_SWEEP,23,9,1,23.0,255.56,Australia
6402,866505,Feroze Khushi,LEG_GLANCE,23,25,3,7.67,92.0,England
6403,300628,Dinesh Chandimal,SLOG_SWEEP,23,10,2,11.5,230.0,Sri Lanka
6404,1252585,Shubham Dubey,PULL,23,8,1,23.0,287.5,India
6405,55608,Hamilton Masakadza,CUT_SHOT,23,32,3,7.67,71.88,Zimbabwe
6406,256956,Laurie Evans,FORWARD_DEFENCE,23,89,1,23.0,25.84,England
6407,820681,Amir Jangoo,FLICK,23,33,2,11.5,69.7,West Indies
6408,266268,Pite van Biljon,ON_DRIVE,23,16,1,23.0,143.75,South Africa
6409,482478,Jan Frylinck,SLOG_SHOT,23,12,3,7.67,191.67,Namibia
6410,1036191,Bas de Leede,CUT_SHOT,23,19,2,11.5,121.05,Netherlands
6411,326625,Cameron Boyce,SQUARE_DRIVE,23,14,1,23.0,164.29,Australia
6412,1158596,William Smale,PULL_HOOK_ON_BACK_FOOT,23,10,2,11.5,230.0,Ireland
6413,43121,Shaiman Anwar,PULL,23,12,1,23.0,191.67,United Arab Emirates
6414,55872,Malcolm Waller,DEFENDED,23,48,2,11.5,47.92,Zimbabwe
6415,573170,Luke Wood,COVER_DRIVE,23,18,2,11.5,127.78,England
6416,55814,Brendan Taylor,SLOG_SHOT,23,15,2,11.5,153.33,Zimbabwe
6417,326625,Cameron Boyce,CUT_SHOT,23,28,2,11.5,82.14,Australia
6418,31107,Amit Mishra,ON_DRIVE,23,21,2,11.5,109.52,India
6419,1021025,Muhammad Amir,ON_DRIVE,23,22,2,11.5,104.55,Malaysia
6420,386302,Zeeshan Ali,ON_DRIVE,23,14,1,23.0,164.29,Hong Kong
6421,53191,Jerome Taylor,SLOG_SHOT,23,11,2,11.5,209.09,West Indies
6422,1110475,Jack Haynes,PUSH_SHOT,23,52,2,11.5,44.23,England
6423,530811,Chandrapaul Hemraj,PUSH,23,60,1,23.0,38.33,West Indies
6424,1185574,Ben Geddes,VERTICAL_FORWARD_ATTACK,23,25,4,5.75,92.0,England
6425,229225,Kashif Daud,PULL,23,11,1,23.0,209.09,United Arab Emirates
6426,334337,Peter Handscomb,STEERED,23,30,1,23.0,76.67,Australia
6427,299572,Sikandar Raza,UPPER_CUT,23,10,2,11.5,230.0,Zimbabwe
6428,1111984,Blake Cullen,VERTICAL_FORWARD_ATTACK,23,28,4,5.75,82.14,England
6429,737871,Tom Haines,VERTICAL_FORWARD_ATTACK,23,20,1,23.0,115.0,England
6430,384518,Hammad Azam,ON_DRIVE,23,16,1,23.0,143.75,United States of America
6431,44149,Johan Botha,CUT_SHOT,23,17,1,23.0,135.29,South Africa
6432,1048813,Narayan Jagadeesan,PULL,23,12,1,23.0,191.67,India
6433,719719,M Shahrukh Khan,SLOG_SWEEP,23,7,1,23.0,328.57,India
6434,345821,Danushka Gunathilaka,SLOG_SWEEP,23,15,3,7.67,153.33,Sri Lanka
6435,259517,Ben Brown,REVERSE_SWEEP,23,13,1,23.0,176.92,England
6436,55414,Sean Ervine,CUT_SHOT_ON_BACK_FOOT,23,12,1,23.0,191.67,Zimbabwe
6437,279810,Wriddhiman Saha,SLOG_SWEEP,23,12,2,11.5,191.67,India
6438,1277545,Abishek Porel,SLOG_SHOT,23,12,2,11.5,191.67,India
6439,826901,Daniel Sams,SLOG_SWEEP,23,14,3,7.67,164.29,Australia
6440,747067,Josh Bohannon,LEG_GLANCE,23,20,1,23.0,115.0,England
6441,53115,Daren Sammy,DEFENDED,23,96,6,3.83,23.96,West Indies
6442,470699,Ben Cooper,SLOG_SHOT,23,6,1,23.0,383.33,Netherlands
6443,604527,Nitish Rana,DEFENDED,23,221,7,3.29,10.41,India
6444,227760,Sarfaraz Ahmed,DEFENDED,23,89,1,23.0,25.84,Pakistan
6445,1079434,Riyan Parag,STEERED,23,19,1,23.0,121.05,India
6446,1151273,Nehal Wadhera,CUT_SHOT,22,23,3,7.33,95.65,India
6447,961407,Harry Tector,SWEEP_SHOT,22,19,1,22.0,115.79,Ireland
6448,894103,Aaron Beard,VERTICAL_FORWARD_ATTACK,22,18,2,11.0,122.22,England
6449,44149,Johan Botha,ON_DRIVE,22,23,1,22.0,95.65,South Africa
6450,222320,Christiaan Jonker,ON_DRIVE,22,20,1,22.0,110.0,South Africa
6451,721867,Jitesh Sharma,SWEEP_SHOT,22,10,1,22.0,220.0,India
6452,928057,Lorcan Tucker,SLOG_SHOT,22,21,6,3.67,104.76,Ireland
6453,822485,Muhammad Akhlaq,PULL,22,10,3,7.33,220.0,Pakistan
6454,467350,Jonathan Foo,SLOG_SHOT,22,9,1,22.0,244.44,West Indies
6455,1163855,Hayden Kerr,SLOG_SWEEP,22,5,1,22.0,440.0,Australia
6456,641405,Ryan Davies,PULL_HOOK_ON_BACK_FOOT,22,12,4,5.5,183.33,England
6457,467656,Tom Wells,PUSH_SHOT,22,39,1,22.0,56.41,England
6458,1070665,Dewald Brevis,PUSH,22,58,2,11.0,37.93,South Africa
6459,49764,Angelo Mathews,SLOG_SWEEP,22,12,3,7.33,183.33,Sri Lanka
6460,959827,Jason Sangha,SQUARE_DRIVE,22,14,1,22.0,157.14,Australia
6461,279862,Shrikant Mundhe,PULL,22,16,1,22.0,137.5,India
6462,1093669,Muhammad Tanveer,FLICK,22,18,1,22.0,122.22,Qatar
6463,670025,Shimron Hetmyer,DEFENDED,22,239,8,2.75,9.21,West Indies
6464,326434,Alex Carey,LEG_GLANCE,22,17,1,22.0,129.41,Australia
6465,537124,Gurkeerat Singh Mann,SLOG_SHOT,22,17,2,11.0,129.41,India
6466,553249,Bjorn Fortuin,ON_DRIVE,22,25,3,7.33,88.0,South Africa
6467,212739,James Harris,VERTICAL_FORWARD_ATTACK,22,31,4,5.5,70.97,England
6468,56194,Tamim Iqbal,HOOK,22,8,2,11.0,275.0,Bangladesh
6469,553821,JJ Smit,FLICK,22,23,1,22.0,95.65,Namibia
6470,373538,Sabbir Rahman,STRAIGHT_DRIVE,22,14,2,11.0,157.14,Bangladesh
6471,465793,Dhananjaya de Silva,SWEEP_SHOT,22,19,2,11.0,115.79,Sri Lanka
6472,232359,Colin Munro,LEFT_ALONE,22,53,1,22.0,41.51,New Zealand
6473,267479,Stiaan van Zyl,CUT_SHOT_ON_BACK_FOOT,22,12,1,22.0,183.33,South Africa
6474,1278263,Jack Jarvis,COVER_DRIVE,22,18,2,11.0,122.22,
6475,211748,Benny Howell,SLOG_SWEEP,22,12,5,4.4,183.33,England
6476,774217,Clint Hinchliffe,FLICK,22,26,3,7.33,84.62,Australia
6477,440522,Logan van Beek,SLOG_SHOT,22,11,1,22.0,200.0,Netherlands
6478,339095,Dieter Klein,VERTICAL_FORWARD_ATTACK,22,24,2,11.0,91.67,Germany
6479,277912,Trent Boult,SLOG_SWEEP,22,6,1,22.0,366.67,New Zealand
6480,440517,Dane Cleaver,SLOG_SHOT,22,13,2,11.0,169.23,New Zealand
6481,326016,Bhuvneshwar Kumar,PULL,22,13,3,7.33,169.23,India
6482,697279,Usman Shinwari,SLOG_SHOT,22,15,2,11.0,146.67,Pakistan
6483,823509,Glenn Phillips,REVERSE_SWEEP,22,12,1,22.0,183.33,New Zealand
6484,348059,Barry McCarthy,COVER_DRIVE,22,22,2,11.0,100.0,Ireland
6485,381183,Evan Gulbis,CUT_SHOT,22,16,1,22.0,137.5,Australia
6486,605360,Akshay Wadkar,CUT_SHOT,22,14,1,22.0,157.14,India
6487,720471,Ishan Kishan,DEFENDED,22,209,6,3.67,10.53,India
6488,536936,Litton Das,DEFENDED,22,213,7,3.14,10.33,Bangladesh
6489,49764,Angelo Mathews,DEFENDED,22,110,4,5.5,20.0,Sri Lanka
6490,1107572,Tom Clark,CUT_SHOT_ON_BACK_FOOT,22,17,3,7.33,129.41,England
6491,1137283,Thomas Rogers,SLOG_SHOT,22,16,4,5.5,137.5,Australia
6492,40618,Imran Tahir,ON_DRIVE,22,23,2,11.0,95.65,South Africa
6493,670045,Gudakesh Motie,SLOG_SHOT,22,12,2,11.0,183.33,West Indies
6494,532856,Manan Vohra,STRAIGHT_DRIVE,22,6,2,11.0,366.67,India
6495,233802,Ashan Priyanjan,CUT_SHOT,22,18,1,22.0,122.22,Sri Lanka
6496,28235,Shikhar Dhawan,HOOK,22,12,1,22.0,183.33,India
6497,1217274,Sathaiya Veerapathiran,ON_DRIVE,22,13,2,11.0,169.23,Bahrain
6498,211748,Benny Howell,PUSH,22,29,3,7.33,75.86,England
6499,381743,Daryl Mitchell,STEERED,22,21,1,22.0,104.76,New Zealand
6500,936337,Rahul Hazarika,COVER_DRIVE,22,12,1,22.0,183.33,India
6501,1161044,Shamim Hossain,SWEEP_SHOT,22,13,3,7.33,169.23,Bangladesh
6502,959759,Finn Allen,REVERSE_SWEEP,22,15,2,11.0,146.67,New Zealand
6503,331855,Taruwar Kohli,ON_DRIVE,22,17,1,22.0,129.41,India
6504,334394,Sam Whiteman,SLOG_SHOT,22,16,4,5.5,137.5,Australia
6505,698315,Donavon Ferreira,FLICK,22,10,1,22.0,220.0,South Africa
6506,959767,Rachin Ravindra,SLOG_SWEEP,22,6,2,11.0,366.67,New Zealand
6507,280490,JJ Smuts,SLOG_SWEEP,22,12,1,22.0,183.33,South Africa
6508,424377,Krishnappa Gowtham,CUT_SHOT,22,13,3,7.33,169.23,India
6509,1212829,Ali Naseer,ON_DRIVE,22,23,1,22.0,95.65,United Arab Emirates
6510,53191,Jerome Taylor,ON_DRIVE,22,13,1,22.0,169.23,West Indies
6511,323389,Mohammad Rizwan,RAMP,22,10,3,7.33,220.0,Pakistan
6512,497121,Deepak Hooda,LEG_GLANCE,22,18,1,22.0,122.22,India
6513,990039,Shoriful Islam,SLOG_SHOT,22,21,6,3.67,104.76,Bangladesh
6514,550137,Abu Hider,PULL,22,21,2,11.0,104.76,Bangladesh
6515,315623,Ben Laughlin,ON_DRIVE,22,21,2,11.0,104.76,Australia
6516,772061,Sam Cook,VERTICAL_FORWARD_ATTACK,22,23,3,7.33,95.65,England
6517,56007,Mashrafe Mortaza,FLICK,22,23,2,11.0,95.65,Bangladesh
6518,345821,Danushka Gunathilaka,DEFENDED,22,80,4,5.5,27.5,Sri Lanka
6519,1119026,Devdutt Padikkal,SWEEP_SHOT,22,11,1,22.0,200.0,India
6520,326625,Cameron Boyce,COVER_DRIVE,22,24,4,5.5,91.67,Australia
6521,990031,Towhid Hridoy,SQUARE_DRIVE,22,17,1,22.0,129.41,Bangladesh
6522,1343344,Curtis Heaphy,FLICK,22,12,2,11.0,183.33,New Zealand
6523,436677,Soumya Sarkar,UPPER_CUT,22,9,1,22.0,244.44,Bangladesh
6524,290727,Rishi Dhawan,SLOG_SHOT,22,9,1,22.0,244.44,India
6525,420427,Sese Bau,ON_DRIVE,22,24,2,11.0,91.67,Papua New Guinea
6526,1065662,Roshon Primus,SLOG_SHOT,22,25,7,3.14,88.0,West Indies
6527,49535,Nuwan Kulasekara,ON_DRIVE,22,23,2,11.0,95.65,Sri Lanka
6528,642525,Sarfaraz Khan,SLOG_SWEEP,22,12,2,11.0,183.33,India
6529,1194959,Jacob Bethell,SWEEP,22,12,2,11.0,183.33,England
6530,1158538,Abbas Afridi,SLOG_SHOT,22,17,2,11.0,129.41,Pakistan
6531,571761,Daniel Hughes,DEFENDED,22,103,2,11.0,21.36,Australia
6532,308798,D'Arcy Short,PUSH_SHOT,22,48,2,11.0,45.83,Australia
6533,55944,Jahurul Islam,ON_DRIVE,22,17,1,22.0,129.41,Bangladesh
6534,485676,Keegan Petersen,COVER_DRIVE,22,11,2,11.0,200.0,South Africa
6535,388802,Tom Latham,CUT_SHOT_ON_BACK_FOOT,22,19,1,22.0,115.79,New Zealand
6536,1195776,Priyesh Patel,COVER_DRIVE,22,5,1,22.0,440.0,India
6537,642519,Shreyas Iyer,SLOG_SWEEP,22,9,3,7.33,244.44,India
6538,594329,Jacques Snyman,COVER_DRIVE,22,11,2,11.0,200.0,South Africa
6539,1331512,Mirza Baig,SLOG_SHOT,22,12,3,7.33,183.33,Pakistan
6540,485379,Andries Gous,COVER_DRIVE,22,20,1,22.0,110.0,United States of America
6541,789729,Callum Parkinson,CUT_SHOT_ON_BACK_FOOT,22,22,2,11.0,100.0,England
6542,1045883,Clive Madande,FLICK,22,24,1,22.0,91.67,Zimbabwe
6543,316102,Craig Williams,SLOG_SHOT,22,13,4,5.5,169.23,Namibia
6544,1369678,Parvindar Kumar,PULL,22,11,1,22.0,200.0,Kuwait
6545,913847,Zubaidi Zulkifle,ON_DRIVE,22,15,1,22.0,146.67,Malaysia
6546,911707,Harry Brook,SWEEP_SHOT,22,9,2,11.0,244.44,England
6547,521637,Ben Duckett,SLOG_SWEEP,22,9,2,11.0,244.44,England
6548,327830,Dwaine Pretorius,SLOG_SWEEP,22,12,3,7.33,183.33,South Africa
6549,293831,Regis Chakabva,COVER_DRIVE,22,16,2,11.0,137.5,Zimbabwe
6550,390481,Harshal Patel,FLICK,22,21,3,7.33,104.76,India
6551,526021,Cole McConchie,SLOG_SWEEP,22,6,1,22.0,366.67,New Zealand
6552,327832,Mangaliso Mosehle,PULL,22,9,1,22.0,244.44,South Africa
6553,1292498,Yash Dhull,SLOG_SHOT,22,6,1,22.0,366.67,India
6554,940973,Mohammed Siraj,ON_DRIVE,22,19,1,22.0,115.79,India
6555,590326,Mitchell Swepson,COVER_DRIVE,22,15,1,22.0,146.67,Australia
6556,1246518,Karan Sharma,ON_DRIVE,22,25,2,11.0,88.0,India
6557,38373,Jesse Ryder,PUSH_SHOT,22,51,3,7.33,43.14,New Zealand
6558,55893,Fazle Mahmud,PULL,22,7,1,22.0,314.29,Bangladesh
6559,300629,Angelo Perera,STEERED,22,22,1,22.0,100.0,Sri Lanka
6560,23513,Graeme White,SWEEP,22,15,3,7.33,146.67,England
6561,1094992,Prem Sisodiya,VERTICAL_FORWARD_ATTACK,22,21,4,5.5,104.76,England
6562,547749,Will Young,SLOG_SHOT,22,10,3,7.33,220.0,New Zealand
6563,44410,Farhaan Behardien,PULL_HOOK_ON_BACK_FOOT,22,13,1,22.0,169.23,South Africa
6564,9062,Ian Bell,REVERSE_SWEEP,22,22,2,11.0,100.0,England
6565,596375,Tarisai Musakanda,SLOG_SHOT,22,16,3,7.33,137.5,Zimbabwe
6566,420427,Sese Bau,FLICK,22,16,1,22.0,137.5,Papua New Guinea
6567,547756,Brett Hampton,SLOG_SHOT,22,10,1,22.0,220.0,New Zealand
6568,345821,Danushka Gunathilaka,STRAIGHT_DRIVE,21,13,1,21.0,161.54,Sri Lanka
6569,1099379,Gareth Delany,STEERED,21,13,1,21.0,161.54,Ireland
6570,308251,David Willey,DEFENDED,21,103,5,4.2,20.39,England
6571,362603,Shafiqullah,FLICK,21,20,1,21.0,105.0,Afghanistan
6572,348133,Steven Taylor,FLICK,21,20,2,10.5,105.0,United States of America
6573,639080,Matthew Fisher,VERTICAL_FORWARD_ATTACK,21,20,2,10.5,105.0,England
6574,41028,Kamran Akmal,SLOG_SWEEP,21,11,3,7.0,190.91,Pakistan
6575,562263,Robert O'Donnell,CUT_SHOT,21,27,1,21.0,77.78,New Zealand
6576,326632,Joe Burns,SQUARE_DRIVE,21,15,1,21.0,140.0,Italy
6577,625383,Jasprit Bumrah,SLOG_SHOT,21,16,2,10.5,131.25,India
6578,348109,Paul van Meekeren,COVER_DRIVE,21,12,1,21.0,175.0,Netherlands
6579,43265,Sohail Tanvir,SWEEP_SHOT,21,14,2,10.5,150.0,Pakistan
6580,308794,Michael Swart,ON_DRIVE,21,34,1,21.0,61.76,Australia
6581,629076,Sadeera Samarawickrama,STRAIGHT_DRIVE,21,12,1,21.0,175.0,Sri Lanka
6582,568983,Alex Mellor,VERTICAL_FORWARD_ATTACK,21,22,3,7.0,95.45,England
6583,32242,Parthiv Patel,STRAIGHT_DRIVE,21,16,3,7.0,131.25,India
6584,334358,Travis Dean,FLICK,21,19,1,21.0,110.53,Australia
6585,681117,Faheem Ashraf,STEERED,21,25,1,21.0,84.0,Pakistan
6586,348034,George Dockrell,SQUARE_DRIVE,21,15,1,21.0,140.0,Ireland
6587,1152716,Javelle Glen,SLOG_SHOT,21,11,2,10.5,190.91,West Indies
6588,41984,Mohammad Nadeem,COVER_DRIVE,21,16,3,7.0,131.25,Oman
6589,632172,Haseeb Hameed,VERTICAL_FORWARD_ATTACK,21,18,1,21.0,116.67,England
6590,625383,Jasprit Bumrah,PULL,21,12,1,21.0,175.0,India
6591,1151288,Sai Sudharsan,UPPER_CUT,21,9,1,21.0,233.33,India
6592,641405,Ryan Davies,LEG_GLANCE,21,17,1,21.0,123.53,England
6593,353429,Shiv Thakor,PULL_HOOK_ON_BACK_FOOT,21,12,2,10.5,175.0,England
6594,38373,Jesse Ryder,ON_DRIVE,21,18,1,21.0,116.67,New Zealand
6595,308798,D'Arcy Short,REVERSE_SWEEP,21,16,2,10.5,131.25,Australia
6596,326639,Simon Milenko,SLOG_SHOT,21,15,6,3.5,140.0,Australia
6597,46393,Ryan McLaren,LEG_GLANCE,21,13,1,21.0,161.54,South Africa
6598,28081,MS Dhoni,HOOK,21,14,2,10.5,150.0,India
6599,355266,Craig Cachopa,COVER_DRIVE,21,15,1,21.0,140.0,New Zealand
6600,334394,Sam Whiteman,ON_DRIVE,21,22,2,10.5,95.45,Australia
6601,1138316,Maheesh Theekshana,COVER_DRIVE,21,21,1,21.0,100.0,Sri Lanka
6602,32966,Piyush Chawla,FLICK,21,27,2,10.5,77.78,India
6603,47850,Roelof van der Merwe,FLICK,21,24,1,21.0,87.5,Netherlands
6604,333624,Alex Ross,DEFENDED,21,116,4,5.25,18.1,Australia
6605,1132219,Sanvir Singh,COVER_DRIVE,21,17,1,21.0,123.53,India
6606,632173,Rob Jones,LEG_GLANCE,21,17,3,7.0,123.53,England
6607,331375,Hamish Rutherford,PUSH_SHOT,21,38,1,21.0,55.26,New Zealand
6608,297488,Matt Machan,ON_DRIVE,21,10,1,21.0,210.0,England
6609,914541,Sherfane Rutherford,DEFENDED,21,156,5,4.2,13.46,West Indies
6610,737833,Kiran Carlson,PUSH_SHOT,21,41,2,10.5,51.22,England
6611,55814,Brendan Taylor,LEG_GLANCE,21,28,1,21.0,75.0,Zimbabwe
6612,784615,Henry Hunt,ON_DRIVE,21,23,1,21.0,91.3,Australia
6613,6161,Michael Klinger,REVERSE_SWEEP,21,15,6,3.5,140.0,Australia
6614,711559,Usman Ghani,PUSH,21,52,1,21.0,40.38,Afghanistan
6615,55787,Vusi Sibanda,COVER_DRIVE,21,26,3,7.0,80.77,Zimbabwe
6616,494581,Rahkeem Cornwall,SLOG_SWEEP,21,15,1,21.0,140.0,West Indies
6617,1171127,Haseebullah Khan,SLOG_SHOT,21,8,2,10.5,262.5,Pakistan
6618,1255248,Jordan Hermann,PUSH,21,46,2,10.5,45.65,South Africa
6619,55814,Brendan Taylor,SLOG_SWEEP,21,7,1,21.0,300.0,Zimbabwe
6620,401540,Aizaz Khan,PULL,21,16,1,21.0,131.25,Hong Kong
6621,294062,Luke Procter,PULL_HOOK_ON_BACK_FOOT,21,19,3,7.0,110.53,England
6622,1168641,Harpreet Brar,SLOG_SHOT,21,12,3,7.0,175.0,India
6623,55870,Sean Williams,STRAIGHT_DRIVE,21,16,2,10.5,131.25,Zimbabwe
6624,422592,Fabian Cowdrey,PUSH_SHOT,21,28,2,10.5,75.0,England
6625,928067,Josh Little,SLOG_SHOT,21,13,2,10.5,161.54,Ireland
6626,1260388,Toby Albert,CUT_SHOT_ON_BACK_FOOT,21,17,2,10.5,123.53,England
6627,25490,Richie Berrington,PUSH,21,34,1,21.0,61.76,Scotland
6628,462727,Tom Abell,SLOG_SWEEP,21,15,2,10.5,140.0,England
6629,440516,Tom Blundell,CUT_SHOT,21,15,1,21.0,140.0,New Zealand
6630,959789,Hassan Khan,ON_DRIVE,21,20,1,21.0,105.0,United States of America
6631,495551,Sheldon Cottrell,COVER_DRIVE,21,11,1,21.0,190.91,West Indies
6632,793411,Danish Aziz,SLOG_SHOT,21,10,2,10.5,210.0,Pakistan
6633,539511,Henry Nicholls,SLOG_SWEEP,21,9,3,7.0,233.33,New Zealand
6634,55395,Colin de Grandhomme,PUSH_SHOT,21,33,2,10.5,63.64,New Zealand
6635,928015,Josh Clarkson,FLICK,21,24,1,21.0,87.5,New Zealand
6636,1174143,Rafiullah,SLOG_SHOT,21,13,1,21.0,161.54,Oman
6637,429903,Lesiba Ngoepe,PULL,21,15,3,7.0,140.0,South Africa
6638,539304,Babar Hayat,PUSH,21,44,1,21.0,47.73,Hong Kong
6639,785323,Nathan McAndrew,COVER_DRIVE,21,13,1,21.0,161.54,Australia
6640,11995,Wes Durston,PUSH_SHOT,21,34,1,21.0,61.76,England
6641,826869,Shivam Chaudhary,FLICK,21,26,1,21.0,80.77,India
6642,537124,Gurkeerat Singh Mann,STEERED,21,16,1,21.0,131.25,India
6643,55354,Chamu Chibhabha,FLICK,21,27,3,7.0,77.78,Zimbabwe
6644,535393,Senuran Muthusamy,FLICK,21,21,1,21.0,100.0,South Africa
6645,7069,Steve O'Keefe,ON_DRIVE,21,30,3,7.0,70.0,Australia
6646,12877,James Foster,REVERSE_SWEEP,21,15,3,7.0,140.0,England
6647,300617,Rony Talukdar,STEERED,21,26,1,21.0,80.77,Bangladesh
6648,539511,Henry Nicholls,SWEEP_SHOT,21,18,2,10.5,116.67,New Zealand
6649,721867,Jitesh Sharma,HOOK,21,6,1,21.0,350.0,India
6650,959771,Nathan Smith,COVER_DRIVE,21,14,1,21.0,150.0,New Zealand
6651,824541,Jaker Ali,STEERED,21,22,2,10.5,95.45,Bangladesh
6652,52917,Denesh Ramdin,SWEEP_SHOT,21,19,3,7.0,110.53,West Indies
6653,1058989,Aryan Lakra,ON_DRIVE,21,16,3,7.0,131.25,United Arab Emirates
6654,236489,Dawid Malan,DEFENDED,21,160,2,10.5,13.12,England
6655,498585,David Bedingham,PUSH_SHOT,21,31,2,10.5,67.74,South Africa
6656,1178586,Vriitya Aravind,PULL,21,25,5,4.2,84.0,United Arab Emirates
6657,922943,Shadab Khan,CUT_SHOT_ON_BACK_FOOT,21,23,4,5.25,91.3,Pakistan
6658,53115,Daren Sammy,SQUARE_DRIVE,21,19,2,10.5,110.53,West Indies
6659,868843,Louis Kimber,LEG_GLANCE,21,19,1,21.0,110.53,England
6660,53115,Daren Sammy,STRAIGHT_DRIVE,21,7,1,21.0,300.0,West Indies
6661,1070180,Priyam Garg,SLOG_SWEEP,21,7,2,10.5,300.0,India
6662,24609,Gary Wilson,ON_DRIVE,21,29,1,21.0,72.41,Ireland
6663,244497,Adil Rashid,SLOG_SHOT,21,30,9,2.33,70.0,England
6664,262456,Dane Vilas,COVER_DRIVE,21,24,3,7.0,87.5,South Africa
6665,893955,Ollie Robinson,SWEEP,21,16,3,7.0,131.25,England
6666,519544,Tom Taylor,REVERSE_SWEEP,21,10,1,21.0,210.0,England
6667,931015,Thanuka Dabare,ON_DRIVE,21,13,1,21.0,161.54,Sri Lanka
6668,268740,Seekkuge Prasanna,COVER_DRIVE,21,19,1,21.0,110.53,Sri Lanka
6669,940593,Aqib Ilyas,SLOG_SHOT,21,8,1,21.0,262.5,Oman
6670,901157,Arjun Nair,COVER_DRIVE,21,23,1,21.0,91.3,Australia
6671,288211,Umar Amin,COVER_DRIVE,21,21,1,21.0,100.0,Pakistan
6672,243944,Alex Blake,REVERSE_SWEEP,21,21,1,21.0,100.0,England
6673,290716,Kedar Jadhav,SQUARE_DRIVE,21,13,1,21.0,161.54,India
6674,429122,Umaid Asif,FLICK,21,15,1,21.0,140.0,Pakistan
6675,820691,Odean Smith,PUSH,21,44,2,10.5,47.73,West Indies
6676,20123,Owais Shah,LEG_GLANCE,21,19,1,21.0,110.53,England
6677,440990,Lega Siaka,COVER_DRIVE,21,15,1,21.0,140.0,Papua New Guinea
6678,699723,Grant Roelofsen,CUT_SHOT_ON_BACK_FOOT,21,20,3,7.0,105.0,South Africa
6679,444135,Sohag Gazi,PULL,21,10,1,21.0,210.0,Bangladesh
6680,481896,Mohammed Shami,SLOG_SHOT,21,22,4,5.25,95.45,India
6681,914625,Jack Boyle,ON_DRIVE,21,19,2,10.5,110.53,New Zealand
6682,230558,Sunil Narine,PUSH,21,39,1,21.0,53.85,West Indies
6683,553821,JJ Smit,ON_DRIVE,21,23,1,21.0,91.3,Namibia
6684,526492,Tom Sole,PULL_HOOK_ON_BACK_FOOT,21,12,1,21.0,175.0,Scotland
6685,230558,Sunil Narine,SWEEP_SHOT,21,14,1,21.0,150.0,West Indies
6686,401540,Aizaz Khan,ON_DRIVE,21,12,1,21.0,175.0,Hong Kong
6687,848623,Mark Deyal,PUSH,21,47,1,21.0,44.68,West Indies
6688,268740,Seekkuge Prasanna,FLICK,21,25,2,10.5,84.0,Sri Lanka
6689,848623,Mark Deyal,SLOG_SWEEP,20,13,3,6.67,153.85,West Indies
6690,288992,Chris Jordan,SLOG_SWEEP,20,8,1,20.0,250.0,England
6691,55608,Hamilton Masakadza,DEFENDED,20,93,1,20.0,21.51,Zimbabwe
6692,519070,Gerhard Erasmus,PULL,20,12,2,10.0,166.67,Namibia
6693,629075,Minod Bhanuka,PULL,20,15,3,6.67,133.33,Sri Lanka
6694,352216,Peter Gough,ON_DRIVE,20,18,1,20.0,111.11,Jersey
6695,573170,Luke Wood,SLOG_SHOT,20,12,1,20.0,166.67,England
6696,826901,Daniel Sams,PUSH,20,37,1,20.0,54.05,Australia
6697,670035,Brandon King,DEFENDED,20,178,10,2.0,11.24,West Indies
6698,317248,Saad Nasim,PULL,20,10,2,10.0,200.0,Pakistan
6699,56029,Mushfiqur Rahim,UPPER_CUT,20,9,1,20.0,222.22,Bangladesh
6700,662973,Sam Curran,HOOK,20,8,4,5.0,250.0,England
6701,436686,Gareth Roderick,PULL_HOOK_ON_BACK_FOOT,20,12,2,10.0,166.67,South Africa
6702,1292498,Yash Dhull,PULL,20,14,1,20.0,142.86,India
6703,501011,Cameron Bancroft,SWEEP,20,16,4,5.0,125.0,Australia
6704,288285,Clive Rose,COVER_DRIVE,20,13,1,20.0,153.85,Australia
6705,297635,James Taylor,PUSH_SHOT,20,20,1,20.0,100.0,England
6706,211855,Liam Dawson,SQUARE_DRIVE,20,18,1,20.0,111.11,England
6707,277472,Darren Bravo,DEFENDED,20,155,4,5.0,12.9,West Indies
6708,19264,Liam Plunkett,FLICK,20,15,3,6.67,133.33,United States of America
6709,631668,Stephen Eskinazi,PUSH,20,31,1,20.0,64.52,England
6710,410768,Alauddin Babu,SLOG_SHOT,20,6,1,20.0,333.33,Bangladesh
6711,1127317,Scott Edwards,REVERSE_SWEEP,20,9,1,20.0,222.22,Netherlands
6712,398438,Mayank Agarwal,DEFENDED,20,114,5,4.0,17.54,India
6713,1093638,Imran Ali,SLOG_SWEEP,20,10,3,6.67,200.0,Bahrain
6714,316397,Asad Shafiq,FLICK,20,35,5,4.0,57.14,Pakistan
6715,19127,Rich Pyrah,VERTICAL_FORWARD_ATTACK,20,23,1,20.0,86.96,England
6716,914625,Jack Boyle,CUT_SHOT,20,12,1,20.0,166.67,New Zealand
6717,778963,Abhinav Manohar,SLOG_SHOT,20,14,4,5.0,142.86,India
6718,646175,Hiri Hiri,ON_DRIVE,20,13,2,10.0,153.85,Papua New Guinea
6719,32966,Piyush Chawla,STEERED,20,18,1,20.0,111.11,India
6720,958691,Ashen Bandara,SLOG_SHOT,20,12,2,10.0,166.67,Sri Lanka
6721,1023059,Michael Finan,VERTICAL_FORWARD_ATTACK,20,16,1,20.0,125.0,England
6722,519544,Tom Taylor,PUSH_SHOT,20,31,1,20.0,64.52,England
6723,32102,Naman Ojha,SQUARE_DRIVE,20,18,2,10.0,111.11,India
6724,317273,Umar Akmal,DEFENDED,20,89,4,5.0,22.47,Pakistan
6725,990031,Towhid Hridoy,LEG_GLANCE,20,18,1,20.0,111.11,Bangladesh
6726,669855,Jofra Archer,STRAIGHT_DRIVE,20,9,1,20.0,222.22,England
6727,990031,Towhid Hridoy,STRAIGHT_DRIVE,20,14,1,20.0,142.86,Bangladesh
6728,990039,Shoriful Islam,COVER_DRIVE,20,16,5,4.0,125.0,Bangladesh
6729,350629,Nizakat Khan,SQUARE_DRIVE,20,12,1,20.0,166.67,Hong Kong
6730,279810,Wriddhiman Saha,HOOK,20,6,1,20.0,333.33,India
6731,516039,Alex Davies,PULL,20,14,2,10.0,142.86,England
6732,995037,Mahidul Islam Ankon,SLOG_SWEEP,20,8,1,20.0,250.0,Bangladesh
6733,995037,Mahidul Islam Ankon,PUSH,20,38,1,20.0,52.63,Bangladesh
6734,1081730,Matthew Gilkes,SLOG_SHOT,20,15,5,4.0,133.33,Australia
6735,293831,Regis Chakabva,CUT_SHOT,20,18,4,5.0,111.11,Zimbabwe
6736,230555,Shamarh Brooks,STRAIGHT_DRIVE,20,12,2,10.0,166.67,West Indies
6737,1093091,Michael Jones,PULL,20,9,1,20.0,222.22,Scotland
6738,1209270,Himanshu Rathod,FLICK,20,17,2,10.0,117.65,Qatar
6739,596010,Gerald Coetzee,SLOG_SHOT,20,8,2,10.0,250.0,South Africa
6740,851261,Anmolpreet Singh,SLOG_SWEEP,20,12,4,5.0,166.67,India
6741,318788,Haris Sohail,PULL,20,10,2,10.0,200.0,Pakistan
6742,393279,Marchant de Lange,LEG_GLANCE,20,13,1,20.0,153.85,South Africa
6743,290630,Manish Pandey,LEG_GLANCE,20,18,1,20.0,111.11,India
6744,662235,Josh Inglis,SWEEP_SHOT,20,18,1,20.0,111.11,Australia
6745,459508,Andrew Tye,COVER_DRIVE,20,19,3,6.67,105.26,Australia
6746,1182529,Noor Ahmad,PULL,20,19,4,5.0,105.26,Afghanistan
6747,32242,Parthiv Patel,DEFENDED,20,66,3,6.67,30.3,India
6748,669365,Phil Salt,DEFENDED,20,76,3,6.67,26.32,England
6749,510530,Jamie Overton,SWEEP,20,13,1,20.0,153.85,England
6750,1185475,Qasim Akram,ON_DRIVE,20,12,2,10.0,166.67,Pakistan
6751,833777,Michael van Lingen,SLOG_SHOT,20,11,4,5.0,181.82,Namibia
6752,1151273,Nehal Wadhera,SLOG_SWEEP,20,8,1,20.0,250.0,India
6753,652687,Saud Shakeel,SWEEP_SHOT,20,11,1,20.0,181.82,Pakistan
6754,1199426,Irfan Khan,SLOG_SHOT,20,14,2,10.0,142.86,Pakistan
6755,624813,Khalid Kail,SLOG_SHOT,20,8,1,20.0,250.0,
6756,1209196,Kirk McKenzie,ON_DRIVE,20,19,4,5.0,105.26,West Indies
6757,1072472,Muhammad Musa,PULL,20,9,1,20.0,222.22,Pakistan
6758,646003,Jack Burnham,CUT_SHOT_ON_BACK_FOOT,20,21,2,10.0,95.24,England
6759,637158,Imran Qayyum,VERTICAL_FORWARD_ATTACK,20,19,1,20.0,105.26,England
6760,1108830,Nyeem Young,ON_DRIVE,20,16,3,6.67,125.0,West Indies
6761,373696,Mominul Haque,SLOG_SWEEP,20,9,1,20.0,222.22,Bangladesh
6762,681117,Faheem Ashraf,VERTICAL_FORWARD_ATTACK,20,15,2,10.0,133.33,Pakistan
6763,552152,Dushmantha Chameera,ON_DRIVE,20,17,2,10.0,117.65,Sri Lanka
6764,219885,Tom Cooper,SQUARE_DRIVE,20,23,1,20.0,86.96,Netherlands
6765,698333,Jiveshan Pillay,CUT_SHOT,20,9,1,20.0,222.22,South Africa
6766,422965,Shehan Jayasuriya,SLOG_SHOT,20,22,2,10.0,90.91,United States of America
6767,440516,Tom Blundell,COVER_DRIVE,20,15,1,20.0,133.33,New Zealand
6768,906783,Obed McCoy,COVER_DRIVE,20,14,1,20.0,142.86,West Indies
6769,419873,Mohammad Shahzad,STEERED,20,30,1,20.0,66.67,Afghanistan
6770,571703,Wellington Masakadza,ON_DRIVE,20,23,1,20.0,86.96,Zimbabwe
6771,419873,Mohammad Shahzad,STRAIGHT_DRIVE,20,11,1,20.0,181.82,Afghanistan
6772,1397995,Shahzaib Jamil,PULL,20,11,3,6.67,181.82,
6773,547764,Cam Fletcher,PULL,20,13,2,10.0,153.85,New Zealand
6774,494230,Asif Ali,SWEEP_SHOT,20,8,2,10.0,250.0,Pakistan
6775,359649,Mohammed Aslam,PULL,20,15,3,6.67,133.33,Kuwait
6776,270484,James Faulkner,SWEEP_SHOT,20,13,3,6.67,153.85,Australia
6777,707113,Tom Bruce,VERTICAL_FORWARD_ATTACK,20,29,3,6.67,68.97,New Zealand
6778,215155,Usman Khawaja,STRAIGHT_DRIVE,20,13,1,20.0,153.85,Australia
6779,267724,Keshav Maharaj,PULL,20,15,3,6.67,133.33,South Africa
6780,554691,Axar Patel,UPPER_CUT,20,7,2,10.0,285.71,India
6781,233514,Thisara Perera,STEERED,20,21,1,20.0,95.24,Sri Lanka
6782,562263,Robert O'Donnell,COVER_DRIVE,20,13,1,20.0,153.85,New Zealand
6783,233514,Thisara Perera,PUSH,20,34,2,10.0,58.82,Sri Lanka
6784,308251,David Willey,PUSH,20,37,1,20.0,54.05,England
6785,820691,Odean Smith,STRAIGHT_DRIVE,20,10,1,20.0,200.0,West Indies
6786,260036,Tanwir Afzal,ON_DRIVE,20,12,1,20.0,166.67,Hong Kong
6787,440990,Lega Siaka,FLICK,20,19,1,20.0,105.26,Papua New Guinea
6788,425943,Sanju Samson,REVERSE_SWEEP,20,16,1,20.0,125.0,India
6789,822485,Muhammad Akhlaq,ON_DRIVE,20,7,1,20.0,285.71,Pakistan
6790,362710,David Payne,PULL,20,6,1,20.0,333.33,England
6791,693975,Sahan Arachchige,SLOG_SHOT,20,6,2,10.0,333.33,Sri Lanka
6792,1161038,Alishan Sharafu,SQUARE_DRIVE,20,17,1,20.0,117.65,United Arab Emirates
6793,267479,Stiaan van Zyl,PULL,20,8,1,20.0,250.0,South Africa
6794,938959,Wessly Madhevere,FLICK,20,27,1,20.0,74.07,Zimbabwe
6795,227760,Sarfaraz Ahmed,STRAIGHT_DRIVE,20,14,1,20.0,142.86,Pakistan
6796,1060380,Ruturaj Gaikwad,LEG_GLANCE,20,13,2,10.0,153.85,India
6797,776695,Matt Critchley,SLOG_SWEEP,20,9,2,10.0,222.22,England
6798,547756,Brett Hampton,CUT_SHOT,20,19,2,10.0,105.26,New Zealand
6799,326434,Alex Carey,PUSH_SHOT,20,20,1,20.0,100.0,Australia
6800,1158100,Mohammad Hasnain,SLOG_SHOT,20,12,1,20.0,166.67,Pakistan
6801,499560,Patrick Kruger,ON_DRIVE,20,11,3,6.67,181.82,South Africa
6802,417268,Matthew Cross,SLOG_SHOT,20,11,3,6.67,181.82,Scotland
6803,793447,Naveen-ul-Haq,STEERED,20,19,2,10.0,105.26,Afghanistan
6804,465793,Dhananjaya de Silva,PUSH,20,53,2,10.0,37.74,Sri Lanka
6805,500360,Akshdeep Nath,ON_DRIVE,20,21,2,10.0,95.24,India
6806,414966,Michael Leask,CUT_SHOT,20,24,1,20.0,83.33,Scotland
6807,500135,Prashant Chopra,CUT_SHOT,20,21,1,20.0,95.24,India
6808,334337,Peter Handscomb,SLOG_SWEEP,20,9,1,20.0,222.22,Australia
6809,43265,Sohail Tanvir,CUT_SHOT,20,16,1,20.0,125.0,Pakistan
6810,1058514,Aasif Sheikh,ON_DRIVE,20,16,1,20.0,125.0,Nepal
6811,596442,Delano Potgieter,PULL,20,13,1,20.0,153.85,South Africa
6812,537119,Mohit Sharma,SLOG_SHOT,20,12,3,6.67,166.67,India
6813,272385,Josh Lalor,ON_DRIVE,20,23,2,10.0,86.96,Australia
6814,825211,Ryan Gibson,ON_DRIVE,20,17,1,20.0,117.65,Australia
6815,414973,Ollie Hairs,SLOG_SWEEP,20,5,1,20.0,400.0,Scotland
6816,45204,Robbie Frylinck,CUT_SHOT,20,13,1,20.0,153.85,South Africa
6817,221140,David Wiese,SLOG_SWEEP,19,8,1,19.0,237.5,Namibia
6818,348049,Nasum Ahmed,SLOG_SHOT,19,22,6,3.17,86.36,Bangladesh
6819,230556,Andre McCarthy,SQUARE_DRIVE,19,7,1,19.0,271.43,West Indies
6820,44149,Johan Botha,COVER_DRIVE,19,14,2,9.5,135.71,South Africa
6821,44394,Gareth Berg,LEG_GLANCE,19,15,3,6.33,126.67,Italy
6822,348049,Nasum Ahmed,PULL,19,19,2,9.5,100.0,Bangladesh
6823,833777,Michael van Lingen,ON_DRIVE,19,10,1,19.0,190.0,Namibia
6824,793441,Aamer Jamal,CUT_SHOT,19,20,1,19.0,95.0,Pakistan
6825,222320,Christiaan Jonker,PULL,19,8,1,19.0,237.5,South Africa
6826,333780,Nic Maddinson,SWEEP_SHOT,19,16,1,19.0,118.75,Australia
6827,469802,Brett Hutton,VERTICAL_FORWARD_ATTACK,19,16,1,19.0,118.75,England
6828,214695,Alexei Kervezee,PULL_HOOK_ON_BACK_FOOT,19,13,2,9.5,146.15,Netherlands
6829,277912,Trent Boult,PULL,19,13,1,19.0,146.15,New Zealand
6830,424176,Rongsen Jonathan,SLOG_SHOT,19,14,2,9.5,135.71,India
6831,261354,Nathan Coulter-Nile,SQUARE_DRIVE,19,7,1,19.0,271.43,Australia
6832,326625,Cameron Boyce,FLICK,19,21,3,6.33,90.48,Australia
6833,956871,Prerak Mankad,CUT_SHOT,19,18,3,6.33,105.56,India
6834,638912,Matthew Kelly,PULL,19,11,1,19.0,172.73,Australia
6835,1099379,Gareth Delany,PULL_HOOK_ON_BACK_FOOT,19,12,2,9.5,158.33,Ireland
6836,1099224,Will Smeed,SWEEP_SHOT,19,6,1,19.0,316.67,England
6837,398506,Mandeep Singh,REVERSE_SWEEP,19,8,1,19.0,237.5,India
6838,646003,Jack Burnham,LEG_GLANCE,19,18,1,19.0,105.56,England
6839,956871,Prerak Mankad,SLOG_SHOT,19,8,1,19.0,237.5,India
6840,45705,Colin Ingram,DEFENDED,19,133,4,4.75,14.29,South Africa
6841,938959,Wessley Madhevere,SWEEP_SHOT,19,9,1,19.0,211.11,Zimbabwe
6842,348049,Nasum Ahmed,ON_DRIVE,19,12,1,19.0,158.33,Bangladesh
6843,633660,Virandeep Singh,CUT_SHOT,19,16,1,19.0,118.75,Malaysia
6844,458897,Ruaidhri Smith,PULL_HOOK_ON_BACK_FOOT,19,16,1,19.0,118.75,Scotland
6845,458895,Andrew Salter,CUT_SHOT_ON_BACK_FOOT,19,12,1,19.0,158.33,England
6846,820689,Shamar Springer,PULL,19,15,2,9.5,126.67,West Indies
6847,779929,Nick Hobson,STRAIGHT_DRIVE,19,8,1,19.0,237.5,Australia
6848,641385,Martin Andersson,CUT_SHOT_ON_BACK_FOOT,19,26,1,19.0,73.08,England
6849,471202,Brett D'Oliveira,REVERSE_SWEEP,19,11,1,19.0,172.73,England
6850,644045,Anuj Dal,SWEEP,19,8,1,19.0,237.5,England
6851,244497,Adil Rashid,STEERED,19,12,2,9.5,158.33,England
6852,228622,John Hastings,CUT_SHOT_ON_BACK_FOOT,19,10,1,19.0,190.0,Australia
6853,429886,Wihan Lubbe,PUSH,19,32,1,19.0,59.38,South Africa
6854,494230,Asif Ali,DEFENDED,19,112,3,6.33,16.96,Pakistan
6855,15501,Geraint Jones,CUT_SHOT_ON_BACK_FOOT,19,12,1,19.0,158.33,Papua New Guinea
6856,596010,Gerald Coetzee,ON_DRIVE,19,18,5,3.8,105.56,South Africa
6857,605687,Willem Ludick,COVER_DRIVE,19,12,1,19.0,158.33,South Africa
6858,215155,Usman Khawaja,RAMP,19,9,1,19.0,211.11,Australia
6859,215155,Usman Khawaja,PUSH,19,46,1,19.0,41.3,Australia
6860,7502,Luke Ronchi,DEFENDED,19,65,2,9.5,29.23,New Zealand
6861,35390,Saurabh Tiwary,SWEEP_SHOT,19,9,1,19.0,211.11,India
6862,632173,Rob Jones,SWEEP,19,15,1,19.0,126.67,England
6863,605683,Migael Pretorius,ON_DRIVE,19,10,1,19.0,190.0,South Africa
6864,959771,Nathan Smith,PULL,19,12,2,9.5,158.33,New Zealand
6865,44932,Jean-Paul Duminy,DEFENDED,19,132,2,9.5,14.39,South Africa
6866,784373,Kamindu Mendis,STEERED,19,19,1,19.0,100.0,Sri Lanka
6867,320652,Asghar Afghan,STRAIGHT_DRIVE,19,10,1,19.0,190.0,Afghanistan
6868,633445,Hisham Shaikh,COVER_DRIVE,19,15,1,19.0,126.67,Saudi Arabia
6869,45955,Heino Kuhn,SLOG_SHOT,19,11,2,9.5,172.73,South Africa
6870,219889,David Warner,HOOK,19,6,1,19.0,316.67,Australia
6871,641423,Dan Lawrence,SLOG_SWEEP,19,7,2,9.5,271.43,England
6872,402106,Abdul Waheed,CUT_SHOT,19,19,3,6.33,100.0,Saudi Arabia
6873,512627,Harry Finch,SWEEP,19,17,3,6.33,111.76,England
6874,431909,Jermaine Blackwood,SLOG_SHOT,19,16,3,6.33,118.75,West Indies
6875,322810,Cameron Delport,SWEEP,19,8,2,9.5,237.5,South Africa
6876,17171,Gordon Muchall,PULL_HOOK_ON_BACK_FOOT,19,20,1,19.0,95.0,England
6877,600498,Aiden Markram,REVERSE_SWEEP,19,17,3,6.33,111.76,South Africa
6878,279506,Gulraiz Sadaf,FLICK,19,25,1,19.0,76.0,Pakistan
6879,946453,Daniel Smith,COVER_DRIVE,19,18,2,9.5,105.56,South Africa
6880,816627,Macalister Wright,CUT_SHOT,19,29,1,19.0,65.52,Australia
6881,512191,Fakhar Zaman,PULL_HOOK_ON_BACK_FOOT,19,8,2,9.5,237.5,Pakistan
6882,24289,Niall O'Brien,PULL_HOOK_ON_BACK_FOOT,19,16,3,6.33,118.75,Ireland
6883,25913,Mohammad Nabi,DEFENDED,19,168,7,2.71,11.31,Afghanistan
6884,233712,Stephan Myburgh,SQUARE_DRIVE,19,9,1,19.0,211.11,Netherlands
6885,440516,Tom Blundell,PULL,19,13,1,19.0,146.15,New Zealand
6886,232292,Swapnil Singh,ON_DRIVE,19,16,1,19.0,118.75,India
6887,627627,Tom Rogers,SLOG_SHOT,19,15,3,6.33,126.67,Australia
6888,1026379,Henry Brookes,PULL_HOOK_ON_BACK_FOOT,19,15,3,6.33,126.67,England
6889,573170,Luke Wood,LEG_GLANCE,19,19,4,4.75,100.0,England
6890,550133,Mosaddek Hossain,SLOG_SWEEP,19,8,3,6.33,237.5,Bangladesh
6891,911707,Harry Brook,SLOG_SWEEP,19,8,1,19.0,237.5,England
6892,55412,Craig Ervine,SLOG_SHOT,19,17,7,2.71,111.76,Zimbabwe
6893,629075,Minod Bhanuka,CUT_SHOT,19,25,2,9.5,76.0,Sri Lanka
6894,41140,Khurram Manzoor,ON_DRIVE,19,31,1,19.0,61.29,Pakistan
6895,1124282,Josh Philippe,RAMP,19,9,2,9.5,211.11,Australia
6896,375126,Hardus Viljoen,SLOG_SHOT,19,14,3,6.33,135.71,South Africa
6897,1163453,William O'Donnell,SLOG_SHOT,19,6,1,19.0,316.67,New Zealand
6898,738445,Mohammad Shahzad,CUT_SHOT,19,12,2,9.5,158.33,United Arab Emirates
6899,297483,Oliver Hannon-Dalby,VERTICAL_FORWARD_ATTACK,19,29,4,4.75,65.52,England
6900,737377,Andy Gorvin,VERTICAL_FORWARD_ATTACK,19,15,1,19.0,126.67,England
6901,554691,Axar Patel,LEG_GLANCE,19,17,1,19.0,111.76,India
6902,1185538,Mohammad Wasim,ON_DRIVE,19,18,1,19.0,105.56,Pakistan
6903,446507,Suryakumar Yadav,DEFENDED,19,179,2,9.5,10.61,India
6904,308408,Josh Cobb,ON_DRIVE,19,12,1,19.0,158.33,England
6905,670035,Brandon King,SWEEP_SHOT,19,26,2,9.5,73.08,West Indies
6906,1158100,Mohammad Hasnain,COVER_DRIVE,19,12,1,19.0,158.33,Pakistan
6907,437669,Jordan Silk,SWEEP_SHOT,19,21,2,9.5,90.48,Australia
6908,379504,Adam Zampa,FLICK,19,25,1,19.0,76.0,Australia
6909,1046777,Roman Walker,VERTICAL_FORWARD_ATTACK,19,19,3,6.33,100.0,England
6910,379504,Adam Zampa,PULL,19,23,2,9.5,82.61,Australia
6911,540316,Andile Phehlukwayo,FLICK,19,22,4,4.75,86.36,South Africa
6912,1048813,Narayan Jagadeesan,COVER_DRIVE,19,18,2,9.5,105.56,India
6913,328026,Isuru Udana,STRAIGHT_DRIVE,19,8,1,19.0,237.5,Sri Lanka
6914,1174143,Rafiullah,PULL,19,8,1,19.0,237.5,Oman
6915,235516,Richmond Mutumbami,SLOG_SHOT,19,8,4,4.75,237.5,Zimbabwe
6916,868003,Syed Aziz,COVER_DRIVE,19,9,1,19.0,211.11,Malaysia
6917,1039481,Gus Atkinson,PULL_HOOK_ON_BACK_FOOT,19,10,1,19.0,190.0,England
6918,571761,Daniel Hughes,LEG_GLANCE,19,9,1,19.0,211.11,Australia
6919,24605,Kevin O'Brien,SLOG_SHOT,19,6,1,19.0,316.67,Ireland
6920,571703,Wellington Masakadza,FLICK,19,23,3,6.33,82.61,Zimbabwe
6921,233901,Shan Masood,REVERSE_SWEEP,19,20,1,19.0,95.0,Pakistan
6922,52917,Denesh Ramdin,DEFENDED,19,124,2,9.5,15.32,West Indies
6923,857965,Olly Westbury,VERTICAL_FORWARD_ATTACK,19,10,1,19.0,190.0,England
6924,629070,Mohammad Saifuddin,CUT_SHOT,19,25,2,9.5,76.0,Bangladesh
6925,572198,Nick Gubbins,FORWARD_DEFENCE,19,23,1,19.0,82.61,England
6926,5236,Callum Ferguson,SLOG_SWEEP,19,11,2,9.5,172.73,Australia
6927,1125958,Atharva Taide,STRAIGHT_DRIVE,19,8,1,19.0,237.5,India
6928,547756,Brett Hampton,SLOG_SWEEP,19,6,1,19.0,316.67,New Zealand
6929,1158088,Naseem Shah,SLOG_SHOT,19,27,6,3.17,70.37,Pakistan
6930,311158,Ben Stokes,PUSH_SHOT,19,32,2,9.5,59.38,England
6931,1159711,Shahbaz Ahmed,SLOG_SWEEP,19,8,1,19.0,237.5,India
6932,530011,Travis Head,DEFENDED,19,97,3,6.33,19.59,Australia
6933,716733,Khushdil Shah,LEG_GLANCE,19,15,1,19.0,126.67,Pakistan
6934,755459,Ben Green,SLOG_SHOT,19,6,1,19.0,316.67,England
6935,525992,Adam Hose,SLOG_SWEEP,19,10,2,9.5,190.0,England
6936,527663,Jagadeesha Suchith,ON_DRIVE,19,12,1,19.0,158.33,India
6937,440990,Lega Siaka,PULL,19,10,2,9.5,190.0,Papua New Guinea
6938,851403,Venkatesh Iyer,REVERSE_SWEEP,19,16,2,9.5,118.75,India
6939,391832,Roston Chase,SLOG_SWEEP,19,11,3,6.33,172.73,West Indies
6940,307639,Ahmad Faiz,ON_DRIVE,19,21,3,6.33,90.48,Malaysia
6941,440522,Logan van Beek,FLICK,19,16,1,19.0,118.75,Netherlands
6942,233514,Thisara Perera,VERTICAL_FORWARD_ATTACK,19,15,2,9.5,126.67,Sri Lanka
6943,307817,Adnan Idrees,COVER_DRIVE,19,9,1,19.0,211.11,Kuwait
6944,307808,Rohan Mustafa,PULL,19,20,3,6.33,95.0,United Arab Emirates
6945,1339045,Chanchal Rathore,ON_DRIVE,19,15,1,19.0,126.67,India
6946,1203754,Junaid Siddique,COVER_DRIVE,19,9,1,19.0,211.11,United Arab Emirates
6947,698315,Donavon Ferreira,ON_DRIVE,19,13,2,9.5,146.15,South Africa
6948,288617,Ross Whiteley,CUT_SHOT,19,19,1,19.0,100.0,England
6949,1151288,Sai Sudharsan,STEERED,19,18,1,19.0,105.56,India
6950,1278029,Yasir Khan,ON_DRIVE,19,28,5,3.8,67.86,Pakistan
6951,564774,Jeremy Lawlor,VERTICAL_FORWARD_ATTACK,19,20,3,6.33,95.0,England
6952,559062,Nick Kelly,SLOG_SHOT,19,12,1,19.0,158.33,New Zealand
6953,1072470,Shaheen Shah Afridi,STRAIGHT_DRIVE,18,5,1,18.0,360.0,Pakistan
6954,1124290,Nathan McSweeney,SLOG_SHOT,18,6,1,18.0,300.0,Australia
6955,946507,Tadiwanashe Marumani,SWEEP_SHOT,18,14,2,9.0,128.57,Zimbabwe
6956,467350,Jonathan Foo,ON_DRIVE,18,12,4,4.5,150.0,West Indies
6957,1077662,Frederick Walker,PULL,18,9,2,9.0,200.0,New Zealand
6958,4451,George Bailey,DEFENDED,18,89,1,18.0,20.22,Australia
6959,820689,Shamar Springer,SLOG_SHOT,18,9,3,6.0,200.0,West Indies
6960,362710,David Payne,PULL_HOOK_ON_BACK_FOOT,18,12,3,6.0,150.0,England
6961,8119,Adam Voges,SLOG_SHOT,18,8,1,18.0,225.0,Australia
6962,697059,Zakir Hasan,SWEEP_SHOT,18,10,1,18.0,180.0,Bangladesh
6963,320652,Asghar Afghan,DEFENDED,18,93,2,9.0,19.35,Afghanistan
6964,30288,Karn Sharma,FLICK,18,20,1,18.0,90.0,India
6965,793457,Hazratullah Zazai,SWEEP_SHOT,18,15,1,18.0,120.0,Afghanistan
6966,677081,Keemo Paul,DEFENDED,18,77,2,9.0,23.38,West Indies
6967,346914,Ben Slater,CUT_SHOT_ON_BACK_FOOT,18,14,1,18.0,128.57,England
6968,1171127,Haseebullah Khan,SLOG_SWEEP,18,4,1,18.0,450.0,Pakistan
6969,949205,Salman Khan,COVER_DRIVE,18,14,1,18.0,128.57,India
6970,821749,Saif Hassan,PUSH,18,34,1,18.0,52.94,Bangladesh
6971,1125958,Atharva Taide,CUT_SHOT,18,24,1,18.0,75.0,India
6972,825211,Ryan Gibson,CUT_SHOT,18,24,1,18.0,75.0,Australia
6973,547756,Brett Hampton,PULL,18,16,2,9.0,112.5,New Zealand
6974,52917,Denesh Ramdin,STEERED,18,23,1,18.0,78.26,West Indies
6975,1278994,Shiv Mathur,CUT_SHOT,18,9,1,18.0,200.0,Hong Kong
6976,1124290,Nathan McSweeney,PUSH,18,28,3,6.0,64.29,Australia
6977,793457,Hazratullah Zazai,DEFENDED,18,78,1,18.0,23.08,Afghanistan
6978,1159641,Monank Patel,COVER_DRIVE,18,10,1,18.0,180.0,United States of America
6979,685831,Luqman Butt,PULL,18,7,1,18.0,257.14,Cambodia
6980,364788,Ben Foakes,SWEEP,18,16,2,9.0,112.5,England
6981,232491,Anwar Ali,COVER_DRIVE,18,12,1,18.0,150.0,Pakistan
6982,564774,Jeremy Lawlor,PULL_HOOK_ON_BACK_FOOT,18,7,1,18.0,257.14,England
6983,819429,Azmatullah Omarzai,PUSH,18,37,1,18.0,48.65,Afghanistan
6984,373538,Sabbir Rahman,SLOG_SWEEP,18,5,1,18.0,360.0,Bangladesh
6985,480603,Iftikhar Ahmed,LEG_GLANCE,18,16,1,18.0,112.5,Pakistan
6986,793447,Naveen-ul-Haq,COVER_DRIVE,18,12,1,18.0,150.0,Afghanistan
6987,629059,Yasir Ali,PUSH,18,43,1,18.0,41.86,Bangladesh
6988,1141934,Kushal Malla,SLOG_SWEEP,18,5,2,9.0,360.0,Nepal
6989,267192,Steven Smith,RAMP,18,10,1,18.0,180.0,Australia
6990,422593,Daniel Bell-Drummond,SLOG_SHOT,18,8,2,9.0,225.0,England
6991,326016,Bhuvneshwar Kumar,CUT_SHOT,18,22,1,18.0,81.82,India
6992,568276,Imam-ul-Haq,CUT_SHOT,18,18,1,18.0,100.0,Pakistan
6993,8845,Tim Ambrose,PULL_HOOK_ON_BACK_FOOT,18,15,4,4.5,120.0,England
6994,688141,Sean Dickson,SWEEP,18,15,2,9.0,120.0,South Africa
6995,267724,Keshav Maharaj,SLOG_SHOT,18,15,3,6.0,120.0,South Africa
6996,820351,Rovman Powell,DAB,18,23,1,18.0,78.26,West Indies
6997,422992,Ankit Sharma,ON_DRIVE,18,15,4,4.5,120.0,India
6998,50747,Upul Tharanga,STEERED,18,15,1,18.0,120.0,Sri Lanka
6999,342619,Bhanuka Rajapaksa,DAB,18,22,1,18.0,81.82,Sri Lanka
7000,1096092,Jamie Smith,SWEEP,18,16,3,6.0,112.5,England
7001,25913,Mohammad Nabi,PADDLE_SWEEP,18,9,1,18.0,200.0,Afghanistan
7002,330408,Chris Barnwell,STRAIGHT_DRIVE,18,6,1,18.0,300.0,West Indies
7003,222354,Milinda Siriwardana,SLOG_SHOT,18,12,2,9.0,150.0,Sri Lanka
7004,1098186,Grant Stewart,LEG_GLANCE,18,22,2,9.0,81.82,Italy
7005,680045,Shubham Sharma,COVER_DRIVE,18,19,1,18.0,94.74,India
7006,266268,Pite van Biljon,FLICK,18,21,2,9.0,85.71,South Africa
7007,1284532,Haider Butt,PULL,18,13,2,9.0,138.46,Bahrain
7008,1284532,Haider Butt,CUT_SHOT,18,21,1,18.0,85.71,Bahrain
7009,704693,Lahiru Udara,FLICK,18,27,2,9.0,66.67,Sri Lanka
7010,25613,Amjad Javed,ON_DRIVE,18,13,3,6.0,138.46,United Arab Emirates
7011,485379,Andries Gous,FLICK,18,17,1,18.0,105.88,United States of America
7012,422593,Daniel Bell-Drummond,FORWARD_DEFENCE,18,95,6,3.0,18.95,England
7013,641405,Ryan Davies,SWEEP,18,7,1,18.0,257.14,England
7014,604302,Nicholas Pooran,HOOK,18,20,2,9.0,90.0,West Indies
7015,481979,Anrich Nortje,CUT_SHOT,18,20,1,18.0,90.0,South Africa
7016,826945,Peter David Bocock,ON_DRIVE,18,9,1,18.0,200.0,New Zealand
7017,432783,Sachin Baby,COVER_DRIVE,18,17,2,9.0,105.88,India
7018,595921,Curtis Campher,STRAIGHT_DRIVE,18,12,1,18.0,150.0,Ireland
7019,388794,Michael Pollard,CUT_SHOT,18,10,1,18.0,180.0,New Zealand
7020,585083,Zeeshan Maqsood,SLOG_SHOT,18,11,1,18.0,163.64,Oman
7021,959825,Brooke Guest,ON_DRIVE,18,14,1,18.0,128.57,England
7022,55814,Brendan Taylor,STRAIGHT_DRIVE,18,4,1,18.0,450.0,Zimbabwe
7023,457234,Keron Cottoy,SLOG_SHOT,18,11,2,9.0,163.64,West Indies
7024,826915,Nathan Ellis,FLICK,18,17,1,18.0,105.88,Australia
7025,1125976,Arshdeep Singh,PULL,18,12,1,18.0,150.0,India
7026,437316,Dasun Shanaka,DEFENDED,18,167,6,3.0,10.78,Sri Lanka
7027,314622,Krishmar Santokie,ON_DRIVE,18,15,4,4.5,120.0,West Indies
7028,633301,Cameron Steel,LEG_GLANCE,18,7,1,18.0,257.14,England
7029,318788,Haris Sohail,CUT_SHOT,18,14,1,18.0,128.57,Pakistan
7030,407265,Josh Davey,PULL_HOOK_ON_BACK_FOOT,18,15,2,9.0,120.0,Scotland
7031,35390,Saurabh Tiwary,STEERED,18,18,1,18.0,100.0,India
7032,530811,Chandrapaul Hemraj,SLOG_SWEEP,18,10,5,3.6,180.0,West Indies
7033,1182529,Noor Ahmad,ON_DRIVE,18,12,3,6.0,150.0,Afghanistan
7034,1012137,Mrittunjoy Chowdhury,ON_DRIVE,18,13,1,18.0,138.46,Bangladesh
7035,914503,Harsh Thaker,ON_DRIVE,18,10,1,18.0,180.0,Canada
7036,23506,Alex Wakely,FORWARD_DEFENCE,18,57,2,9.0,31.58,England
7037,391832,Roston Chase,PUSH,18,49,1,18.0,36.73,West Indies
7038,623977,Agha Salman,SQUARE_DRIVE,18,14,1,18.0,128.57,Pakistan
7039,434813,Marcus Harris,SLOG_SHOT,18,16,4,4.5,112.5,Australia
7040,6161,Michael Klinger,BACK_DEFENCE,18,48,1,18.0,37.5,Australia
7041,665053,Zak Crawley,SLOG_SHOT,18,15,4,4.5,120.0,England
7042,519082,Dom Sibley,REVERSE_SWEEP,18,14,1,18.0,128.57,England
7043,326968,Michael Bracewell,LEG_GLANCE,18,11,2,9.0,163.64,New Zealand
7044,434429,Aamer Yamin,SLOG_SHOT,18,9,1,18.0,200.0,Pakistan
7045,400587,Irfan Sukkur,SWEEP_SHOT,18,10,1,18.0,180.0,Bangladesh
7046,514398,Harry Podmore,VERTICAL_FORWARD_ATTACK,18,33,6,3.0,54.55,England
7047,34102,Rohit Sharma,UPPER_CUT,18,9,2,9.0,200.0,India
7048,348129,Nitish Kumar,ON_DRIVE,18,12,1,18.0,150.0,United States of America
7049,348129,Nitish Kumar,PULL,18,5,1,18.0,360.0,United States of America
7050,594233,Sibonelo Makhanya,COVER_DRIVE,18,20,3,6.0,90.0,South Africa
7051,457249,Carlos Brathwaite,PUSH,18,40,2,9.0,45.0,West Indies
7052,333066,Johnson Charles,UPPER_CUT,18,6,1,18.0,300.0,West Indies
7053,55944,Jahurul Islam,PULL,18,12,2,9.0,150.0,Bangladesh
7054,55946,Junaid Siddique,COVER_DRIVE,18,16,1,18.0,112.5,Bangladesh
7055,1099379,Gareth Delany,SLOG_SWEEP,18,10,3,6.0,180.0,Ireland
7056,574965,Ryan Gibson,VERTICAL_FORWARD_ATTACK,18,11,1,18.0,163.64,England
7057,596073,Lesego Senokwane,ON_DRIVE,18,15,1,18.0,120.0,South Africa
7058,5334,Aaron Finch,DAB,18,21,1,18.0,85.71,Australia
7059,1093638,Imran Ali,PULL,18,17,1,18.0,105.88,Bahrain
7060,1158538,Abbas Afridi,COVER_DRIVE,18,6,1,18.0,300.0,Pakistan
7061,1153767,Vikramjit Singh,ON_DRIVE,18,14,2,9.0,128.57,Netherlands
7062,1153767,Vikramjit Singh,PULL,18,6,1,18.0,300.0,Netherlands
7063,534734,Chirag Suri,PULL,18,11,1,18.0,163.64,United Arab Emirates
7064,24605,Kevin O'Brien,STRAIGHT_DRIVE,18,8,1,18.0,225.0,Ireland
7065,297635,James Taylor,LEG_GLANCE,18,12,1,18.0,150.0,England
7066,450860,Adam Milne,LEG_GLANCE,18,14,1,18.0,128.57,New Zealand
7067,297635,James Taylor,SWEEP,18,10,1,18.0,180.0,England
7068,463668,Jake Lintott,CUT_SHOT_ON_BACK_FOOT,18,12,1,18.0,150.0,England
7069,298438,Jason Roy,RAMP,18,7,1,18.0,257.14,England
7070,1112537,Jordan Cox,STEERED,18,18,1,18.0,100.0,England
7071,643433,George Garton,PULL,18,14,2,9.0,128.57,England
7072,1093638,Imran Ali,FLICK,18,35,2,9.0,51.43,Bahrain
7073,1079470,Ramandeep Singh,COVER_DRIVE,18,15,2,9.0,120.0,India
7074,1048813,Narayan Jagadeesan,ON_DRIVE,18,20,1,18.0,90.0,India
7075,1112537,Jordan Cox,SWEEP,18,8,1,18.0,225.0,England
7076,629074,Kusal Mendis,DEFENDED,18,181,7,2.57,9.94,Sri Lanka
7077,1125958,Atharva Taide,SWEEP_SHOT,18,12,1,18.0,150.0,India
7078,7252,Tim Paine,PULL,18,12,2,9.0,150.0,Australia
7079,244497,Adil Rashid,SQUARE_DRIVE,17,10,1,17.0,170.0,England
7080,1120259,Josh Rymell,VERTICAL_FORWARD_ATTACK,17,15,2,8.5,113.33,England
7081,440522,Logan van Beek,COVER_DRIVE,17,18,1,17.0,94.44,Netherlands
7082,227760,Sarfaraz Ahmed,LEG_GLANCE,17,22,1,17.0,77.27,Pakistan
7083,240609,Fawad Ahmed,ON_DRIVE,17,12,2,8.5,141.67,Australia
7084,1301600,Umer Toor,PULL,17,12,1,17.0,141.67,Bahrain
7085,429122,Umaid Asif,PULL,17,16,2,8.5,106.25,Pakistan
7086,434813,Marcus Harris,STRAIGHT_DRIVE,17,8,2,8.5,212.5,Australia
7087,1124283,Aaron Hardie,VERTICAL_FORWARD_ATTACK,17,14,1,17.0,121.43,Australia
7088,1301600,Umer Toor,ON_DRIVE,17,18,3,5.67,94.44,Bahrain
7089,1127317,Scott Edwards,SLOG_SWEEP,17,11,2,8.5,154.55,Netherlands
7090,326434,Alex Carey,DEFENDED,17,126,3,5.67,13.49,Australia
7091,914623,Liam Trevaskis,PUSH_SHOT,17,25,1,17.0,68.0,England
7092,5236,Callum Ferguson,PUSH,17,31,1,17.0,54.84,Australia
7093,629075,Minod Bhanuka,COVER_DRIVE,17,14,1,17.0,121.43,Sri Lanka
7094,247235,Chris Woakes,SQUARE_DRIVE,17,11,1,17.0,154.55,England
7095,446763,Rahul Tripathi,DAB,17,31,1,17.0,54.84,India
7096,40618,Imran Tahir,CUT_SHOT,17,15,2,8.5,113.33,South Africa
7097,605683,Migael Pretorius,FLICK,17,15,1,17.0,113.33,South Africa
7098,625371,Hardik Pandya,HOOK,17,11,1,17.0,154.55,India
7099,465327,Innocent Kaia,ON_DRIVE,17,21,1,17.0,80.95,Zimbabwe
7100,605681,Evan Jones,ON_DRIVE,17,17,2,8.5,100.0,South Africa
7101,1295851,Joel Davies,ON_DRIVE,17,8,1,17.0,212.5,Australia
7102,637163,Aron Nijjar,PULL_HOOK_ON_BACK_FOOT,17,10,2,8.5,170.0,England
7103,1123428,Usman Khan,SWEEP_SHOT,17,12,2,8.5,141.67,Pakistan
7104,232438,Gary Ballance,REVERSE_SWEEP,17,11,2,8.5,154.55,Zimbabwe
7105,629084,Ramesh Mendis,ON_DRIVE,17,8,2,8.5,212.5,Sri Lanka
7106,249866,Alex Hales,DAB,17,30,1,17.0,56.67,England
7107,333904,Aditya Tare,CUT_SHOT,17,19,2,8.5,89.47,India
7108,623695,Chamika Karunaratne,CUT_SHOT,17,23,2,8.5,73.91,Sri Lanka
7109,451782,James Fuller,FLICK,17,22,3,5.67,77.27,England
7110,327830,Dwaine Pretorius,CUT_SHOT_ON_BACK_FOOT,17,12,1,17.0,141.67,South Africa
7111,833087,Mahedi Hasan,DAB,17,26,1,17.0,65.38,Bangladesh
7112,822485,Muhammad Akhlaq,SLOG_SHOT,17,9,4,4.25,188.89,Pakistan
7113,56251,Alok Kapali,ON_DRIVE,17,7,1,17.0,242.86,Bangladesh
7114,317273,Umar Akmal,PULL_HOOK_ON_BACK_FOOT,17,13,1,17.0,130.77,Pakistan
7115,279862,Shrikant Mundhe,SLOG_SHOT,17,6,1,17.0,283.33,India
7116,1209196,Kirk McKenzie,PULL,17,10,2,8.5,170.0,West Indies
7117,317252,Sohail Khan,SLOG_SHOT,17,15,3,5.67,113.33,Pakistan
7118,1091078,Tion Webster,SQUARE_DRIVE,17,14,1,17.0,121.43,West Indies
7119,400587,Irfan Sukkur,PUSH,17,29,1,17.0,58.62,Bangladesh
7120,1060380,Ruturaj Gaikwad,DEFENDED,17,163,4,4.25,10.43,India
7121,56143,Shakib Al Hasan,HOOK,17,6,1,17.0,283.33,Bangladesh
7122,308967,Jos Buttler,DAB,17,25,1,17.0,68.0,England
7123,398506,Mandeep Singh,SWEEP_SHOT,17,13,4,4.25,130.77,India
7124,348146,Ahsan Ali,SLOG_SHOT,17,17,6,2.83,100.0,Pakistan
7125,1078692,Alick Athanaze,PULL,17,17,6,2.83,100.0,West Indies
7126,822485,Muhammad Akhlaq,FLICK,17,16,1,17.0,106.25,Pakistan
7127,56125,Shohidul Islam,ON_DRIVE,17,19,4,4.25,89.47,Bangladesh
7128,776695,Matt Critchley,CUT_SHOT,17,20,1,17.0,85.0,England
7129,19296,Kevin Pietersen,SWEEP_SHOT,17,9,1,17.0,188.89,England
7130,56054,Naeem Islam,ON_DRIVE,17,10,1,17.0,170.0,Bangladesh
7131,56268,Arafat Sunny,FLICK,17,20,1,17.0,85.0,Bangladesh
7132,409957,Ryan Pringle,PUSH_SHOT,17,23,3,5.67,73.91,England
7133,348056,Kyle Mayers,LEFT_ALONE,17,37,1,17.0,45.95,West Indies
7134,707113,Tom Bruce,DEFENDED,17,51,1,17.0,33.33,New Zealand
7135,571102,Fynn Hudson-Prentice,SWEEP,17,13,3,5.67,130.77,England
7136,348059,Barry McCarthy,FLICK,17,18,1,17.0,94.44,Ireland
7137,403902,Liam Livingstone,UPPER_CUT,17,5,1,17.0,340.0,England
7138,959771,Nathan Smith,SLOG_SHOT,17,8,1,17.0,212.5,New Zealand
7139,550137,Abu Hider,COVER_DRIVE,17,20,3,5.67,85.0,Bangladesh
7140,659081,Mark Watt,VERTICAL_FORWARD_ATTACK,17,15,2,8.5,113.33,Scotland
7141,707177,Josh Finnie,ON_DRIVE,17,10,1,17.0,170.0,New Zealand
7142,379140,Devon Conway,DEFENDED,17,148,1,17.0,11.49,New Zealand
7143,595921,Curtis Campher,SWEEP_SHOT,17,16,1,17.0,106.25,Ireland
7144,1150772,Tom Hartley,SWEEP,17,7,1,17.0,242.86,England
7145,1093091,Michael Jones,SLOG_SHOT,17,13,2,8.5,130.77,Scotland
7146,784379,Wanindu Hasaranga,FLICK,17,17,1,17.0,100.0,Sri Lanka
7147,1216245,Ramachandran Ragupathy,PULL,17,11,1,17.0,154.55,India
7148,677077,Romario Shepherd,SWEEP_SHOT,17,13,2,8.5,130.77,West Indies
7149,352048,Gulbadin Naib,CUT_SHOT,17,21,3,5.67,80.95,Afghanistan
7150,671805,George Munsey,LEG_GLANCE,17,14,1,17.0,121.43,Scotland
7151,720471,Ishan Kishan,LEFT_ALONE,17,36,1,17.0,47.22,India
7152,1029993,Scott Steel,REVERSE_SWEEP,17,18,2,8.5,94.44,England
7153,670037,Ramaal Lewis,ON_DRIVE,17,17,2,8.5,100.0,West Indies
7154,1028655,Pathum Nissanka,REVERSE_SWEEP,17,12,2,8.5,141.67,Sri Lanka
7155,353899,Michael Richardson,SWEEP,17,10,2,8.5,170.0,Germany
7156,297581,Max Waller,PULL_HOOK_ON_BACK_FOOT,17,11,2,8.5,154.55,England
7157,524049,Najibullah Zadran,DEFENDED,17,149,3,5.67,11.41,Afghanistan
7158,670025,Shimron Hetmyer,UPPER_CUT,17,8,2,8.5,212.5,West Indies
7159,1153149,Vijayakanth Viyaskanth,FLICK,17,18,1,17.0,94.44,Sri Lanka
7160,47660,Ryan ten Doeschate,FORWARD_DEFENCE,17,53,2,8.5,32.08,Netherlands
7161,1178586,Vriitya Aravind,PUSH,17,56,1,17.0,30.36,United Arab Emirates
7162,1026351,Harry Adair,VERTICAL_FORWARD_ATTACK,17,22,2,8.5,77.27,England
7163,379504,Adam Zampa,VERTICAL_FORWARD_ATTACK,17,19,2,8.5,89.47,Australia
7164,391832,Roston Chase,HOOK,17,5,1,17.0,340.0,West Indies
7165,391485,Jason Holder,DEFENDED,17,144,5,3.4,11.81,West Indies
7166,48472,Tillakaratne Dilshan,CUT_SHOT_ON_BACK_FOOT,17,15,1,17.0,113.33,Sri Lanka
7167,32540,Cheteshwar Pujara,FLICK,17,22,2,8.5,77.27,India
7168,24844,Sarel Burger,ON_DRIVE,17,13,1,17.0,130.77,Namibia
7169,293831,Regis Chakabva,LEG_GLANCE,17,14,1,17.0,121.43,Zimbabwe
7170,538506,Taskin Ahmed,PUSH,17,25,3,5.67,68.0,Bangladesh
7171,389666,Mohammad Abbas,VERTICAL_FORWARD_ATTACK,17,7,1,17.0,242.86,Pakistan
7172,55893,Fazle Mahmud,CUT_SHOT,17,15,2,8.5,113.33,Bangladesh
7173,1193548,Tim Pringle,PULL,17,13,2,8.5,130.77,Netherlands
7174,350629,Nizakat Khan,PUSH,17,31,1,17.0,54.84,Hong Kong
7175,297433,Jonny Bairstow,DEFENDED,17,148,6,2.83,11.49,England
7176,354441,Keith Barker,PULL_HOOK_ON_BACK_FOOT,17,6,1,17.0,283.33,England
7177,648439,Aadil Ali,PULL_HOOK_ON_BACK_FOOT,17,15,2,8.5,113.33,England
7178,1254269,Aman Hakim Khan,FLICK,17,17,2,8.5,100.0,India
7179,272385,Josh Lalor,SLOG_SHOT,17,16,7,2.43,106.25,Australia
7180,959759,Finn Allen,HOOK,17,9,1,17.0,188.89,New Zealand
7181,272450,Mitchell Marsh,DEFENDED,17,173,4,4.25,9.83,Australia
7182,598933,Babul Kumar,COVER_DRIVE,17,7,1,17.0,242.86,India
7183,417268,Matthew Cross,SQUARE_DRIVE,17,11,1,17.0,154.55,Scotland
7184,596664,Zane Green,ON_DRIVE,17,19,2,8.5,89.47,Namibia
7185,272262,Kane Richardson,FLICK,17,16,2,8.5,106.25,Australia
7186,8491,Jimmy Adams,PULL_HOOK_ON_BACK_FOOT,17,8,2,8.5,212.5,England
7187,555850,Sam Hain,FORWARD_DEFENCE,17,85,2,8.5,20.0,England
7188,320652,Asghar Afghan,LEG_GLANCE,17,13,1,17.0,130.77,Afghanistan
7189,8291,Cameron White,STEERED,17,22,2,8.5,77.27,Australia
7190,499560,Patrick Kruger,SLOG_SWEEP,17,7,1,17.0,242.86,South Africa
7191,269237,Mohammad Mithun,SWEEP_SHOT,17,9,1,17.0,188.89,Bangladesh
7192,308294,Stuart Poynter,SWEEP,17,13,2,8.5,130.77,Ireland
7193,555853,Mark Steketee,CUT_SHOT,17,20,4,4.25,85.0,Australia
7194,44407,Wesley Barresi,FLICK,17,12,1,17.0,141.67,Netherlands
7195,820351,Rovman Powell,HOOK,17,9,3,5.67,188.89,West Indies
7196,344580,Shreyas Gopal,CUT_SHOT,17,17,1,17.0,100.0,India
7197,1161031,Saim Ayub,SWEEP_SHOT,17,12,1,17.0,141.67,Pakistan
7198,8917,Moeen Ali,UPPER_CUT,17,9,1,17.0,188.89,England
7199,267479,Stiaan van Zyl,ON_DRIVE,17,15,3,5.67,113.33,South Africa
7200,308294,Stuart Poynter,REVERSE_SWEEP,17,12,1,17.0,141.67,Ireland
7201,1161381,Mahmudul Hasan Joy,PUSH,17,39,1,17.0,43.59,Bangladesh
7202,221140,David Wiese,SWEEP,17,12,2,8.5,141.67,Namibia
7203,269332,Muktar Ali,SLOG_SHOT,17,7,2,8.5,242.86,Bangladesh
7204,486672,Theunis de Bruyn,SLOG_SWEEP,17,6,1,17.0,283.33,South Africa
7205,307639,Ahmad Faiz,SWEEP_SHOT,17,13,1,17.0,130.77,Malaysia
7206,787987,Marnus Labuschagne,SLOG_SWEEP,17,8,2,8.5,212.5,Australia
7207,348049,Nasum Ahmed,FLICK,17,21,5,3.4,80.95,Bangladesh
7208,696401,Marco Jansen,STEERED,17,12,1,17.0,141.67,South Africa
7209,550215,Kagiso Rabada,CUT_SHOT,17,21,3,5.67,80.95,South Africa
7210,501012,Joel Paris,PULL,17,11,2,8.5,154.55,Australia
7211,641385,Martin Andersson,PUSH_SHOT,17,23,2,8.5,73.91,England
7212,596099,Dean Foxcroft,SLOG_SWEEP,17,6,1,17.0,283.33,New Zealand
7213,681117,Faheem Ashraf,PUSH,17,36,2,8.5,47.22,Pakistan
7214,8119,Adam Voges,SWEEP,17,9,1,17.0,188.89,Australia
7215,473004,Usman Arshad,LEG_GLANCE,17,11,1,17.0,154.55,England
7216,596073,Lesego Senokwane,PULL,17,10,2,8.5,170.0,South Africa
7217,559066,Ish Sodhi,COVER_DRIVE,17,17,1,17.0,100.0,New Zealand
7218,559066,Ish Sodhi,VERTICAL_FORWARD_ATTACK,17,24,6,2.83,70.83,New Zealand
7219,473193,Tom Bailey,VERTICAL_FORWARD_ATTACK,17,13,3,5.67,130.77,England
7220,410316,Alex Hughes,PUSH_SHOT,17,34,2,8.5,50.0,England
7221,1168641,Harpreet Brar,SLOG_SWEEP,17,4,1,17.0,425.0,India
7222,787987,Marnus Labuschagne,STRAIGHT_DRIVE,17,10,1,17.0,170.0,Australia
7223,788101,Tom Moores,COVER_DRIVE,17,22,2,8.5,77.27,England
7224,12454,Joe Denly,BACK_DEFENCE,17,46,3,5.67,36.96,England
7225,951781,Milton Shumba,SLOG_SHOT,17,12,1,17.0,141.67,Zimbabwe
7226,643197,Max O'Dowd,STRAIGHT_DRIVE,17,7,1,17.0,242.86,Netherlands
7227,500267,Seb Gotch,SLOG_SHOT,17,9,1,17.0,188.89,Australia
7228,792519,Dhananjaya Lakshan,ON_DRIVE,17,13,2,8.5,130.77,Sri Lanka
7229,820681,Amir Jangoo,PULL,17,9,3,5.67,188.89,West Indies
7230,685831,Luqman Butt,ON_DRIVE,17,15,2,8.5,113.33,Cambodia
7231,560767,Adam Hickey,LEG_GLANCE,17,10,1,17.0,170.0,England
7232,500360,Akshdeep Nath,FLICK,17,15,1,17.0,113.33,India
7233,348034,George Dockrell,PUSH,17,25,1,17.0,68.0,Ireland
7234,553249,Bjorn Fortuin,SLOG_SHOT,17,13,4,4.25,130.77,South Africa
7235,788101,Tom Moores,ON_DRIVE,17,19,2,8.5,89.47,England
7236,559235,Kuldeep Yadav,COVER_DRIVE,17,25,1,17.0,68.0,India
7237,557298,Daniel Worrall,COVER_DRIVE,16,7,1,16.0,228.57,Australia
7238,559235,Kuldeep Yadav,SLOG_SHOT,16,10,2,8.0,160.0,India
7239,380354,Anamul Haque,REVERSE_SWEEP,16,9,1,16.0,177.78,Bangladesh
7240,437448,Jake Lehmann,ON_DRIVE,16,19,2,8.0,84.21,Australia
7241,559235,Kuldeep Yadav,STEERED,16,18,1,16.0,88.89,India
7242,625956,Leo Carter,SWEEP_SHOT,16,9,1,16.0,177.78,New Zealand
7243,570854,Jack Wildermuth,PULL,16,16,6,2.67,100.0,Australia
7244,555853,Mark Steketee,COVER_DRIVE,16,14,1,16.0,114.29,Australia
7245,25057,Kila Pala,VERTICAL_FORWARD_ATTACK,16,9,1,16.0,177.78,Papua New Guinea
7246,446763,Rahul Tripathi,RAMP,16,7,1,16.0,228.57,India
7247,30045,Dinesh Karthik,RAMP,16,5,1,16.0,320.0,India
7248,552152,Dushmantha Chameera,COVER_DRIVE,16,11,1,16.0,145.45,Sri Lanka
7249,1402359,Jahandad Khan,ON_DRIVE,16,11,1,16.0,145.45,
7250,1369680,Clinto Anto,FLICK,16,8,2,8.0,200.0,Kuwait
7251,627627,Tom Rogers,COVER_DRIVE,16,11,1,16.0,145.45,Australia
7252,570854,Jack Wildermuth,STEERED,16,13,1,16.0,123.08,Australia
7253,1174143,Rafiullah,FLICK,16,11,1,16.0,145.45,Oman
7254,370535,Toby Roland-Jones,LEG_GLANCE,16,12,3,5.33,133.33,England
7255,1159641,Monank Patel,ON_DRIVE,16,8,1,16.0,200.0,United States of America
7256,1171127,Haseebullah Khan,COVER_DRIVE,16,17,2,8.0,94.12,Pakistan
7257,28081,MS Dhoni,SWEEP_SHOT,16,13,1,16.0,123.08,India
7258,625964,Tim Seifert,RAMP,16,7,1,16.0,228.57,New Zealand
7259,371814,Kevon Cooper,PULL,16,7,1,16.0,228.57,West Indies
7260,353431,Rob Taylor,VERTICAL_FORWARD_ATTACK,16,16,1,16.0,100.0,Scotland
7261,499594,Kasun Rajitha,ON_DRIVE,16,18,3,5.33,88.89,Sri Lanka
7262,596417,Brydon Carse,COVER_DRIVE,16,14,1,16.0,114.29,England
7263,12454,Joe Denly,FORWARD_DEFENCE,16,94,2,8.0,17.02,England
7264,413023,Etienne Beukes,SLOG_SHOT,16,5,1,16.0,320.0,Cambodia
7265,1131181,Llew Johnson,ON_DRIVE,16,15,1,16.0,106.67,New Zealand
7266,1241265,Aayan Afzal Khan,ON_DRIVE,16,15,1,16.0,106.67,United Arab Emirates
7267,460756,Alex Lees,REVERSE_SWEEP,16,16,1,16.0,100.0,England
7268,505120,Ashton Agar,SQUARE_DRIVE,16,17,1,16.0,94.12,Australia
7269,35565,Manoj Tiwary,DEFENDED,16,55,2,8.0,29.09,India
7270,333904,Aditya Tare,COVER_DRIVE,16,20,4,4.0,80.0,India
7271,498582,Jason Smith,ON_DRIVE,16,17,1,16.0,94.12,South Africa
7272,1287040,Joseph Lalthankhuma,LEFT_ALONE,16,24,1,16.0,66.67,India
7273,437316,Dasun Shanaka,LEG_GLANCE,16,10,1,16.0,160.0,Sri Lanka
7274,8076,Shaun Tait,VERTICAL_FORWARD_ATTACK,16,12,2,8.0,133.33,Australia
7275,37737,Brendon McCullum,PUSH_SHOT,16,24,2,8.0,66.67,New Zealand
7276,429122,Umaid Asif,SLOG_SHOT,16,9,2,8.0,177.78,Pakistan
7277,1137283,Thomas Rogers,SLOG_SWEEP,16,8,2,8.0,200.0,Australia
7278,1138316,Maheesh Theekshana,ON_DRIVE,16,17,2,8.0,94.12,Sri Lanka
7279,424176,Rongsen Jonathan,CUT_SHOT,16,16,1,16.0,100.0,India
7280,1275938,Rivaldo Clarke,FLICK,16,11,1,16.0,145.45,West Indies
7281,1287032,Naman Dhir,COVER_DRIVE,16,10,2,8.0,160.0,India
7282,1139511,Parvez Hossain Emon,FLICK,16,22,1,16.0,72.73,Bangladesh
7283,468573,Ross Adair,SLOG_SHOT,16,10,3,5.33,160.0,Ireland
7284,1139523,Rishad Hossain,SLOG_SHOT,16,9,2,8.0,177.78,Bangladesh
7285,8917,Moeen Ali,DEFENDED,16,166,2,8.0,9.64,England
7286,1143529,Imran Anwar,FLICK,16,11,1,16.0,145.45,Bahrain
7287,334394,Sam Whiteman,CUT_SHOT,16,20,3,5.33,80.0,Australia
7288,468573,Ross Adair,FLICK,16,14,1,16.0,114.29,Ireland
7289,432072,Trevon Griffith,FLICK,16,14,2,8.0,114.29,West Indies
7290,453289,Neville Madziva,ON_DRIVE,16,17,2,8.0,94.12,Zimbabwe
7291,350126,Luke Wells,SLOG_SHOT,16,11,2,8.0,145.45,England
7292,623977,Agha Salman,SWEEP_SHOT,16,7,1,16.0,228.57,Pakistan
7293,390484,Jaydev Unadkat,CUT_SHOT,16,12,1,16.0,133.33,India
7294,594233,Sibonelo Makhanya,SLOG_SHOT,16,9,1,16.0,177.78,South Africa
7295,1342699,Shadrack Descarte,SLOG_SWEEP,16,7,1,16.0,228.57,West Indies
7296,457249,Carlos Brathwaite,DEFENDED,16,124,8,2.0,12.9,West Indies
7297,350629,Nizakat Khan,PULL,16,19,2,8.0,84.21,Hong Kong
7298,1193541,William Clark,SLOG_SHOT,16,9,2,8.0,177.78,New Zealand
7299,529436,Srikar Bharat,SLOG_SHOT,16,8,1,16.0,200.0,India
7300,586985,Jiwanjot Singh,FLICK,16,16,1,16.0,100.0,India
7301,581379,Shai Hope,SWEEP_SHOT,16,14,2,8.0,114.29,West Indies
7302,530773,Pawan Negi,CUT_SHOT,16,19,3,5.33,84.21,India
7303,333001,Tinotenda Mutombodzi,FLICK,16,20,1,16.0,80.0,Zimbabwe
7304,1185538,Mohammad Wasim,COVER_DRIVE,16,13,3,5.33,123.08,Pakistan
7305,532424,Sohail Akhtar,LEG_GLANCE,16,7,1,16.0,228.57,Pakistan
7306,1194959,Jacob Bethell,LEG_GLANCE,16,12,1,16.0,133.33,England
7307,333800,Lachlan Pfeffer,FLICK,16,20,1,16.0,80.0,Australia
7308,516039,Alex Davies,SLOG_SHOT,16,11,1,16.0,145.45,England
7309,1209272,Adnan Mirza,CUT_SHOT,16,12,1,16.0,133.33,Qatar
7310,33335,Suresh Raina,SLOG_SWEEP,16,5,1,16.0,320.0,India
7311,457280,Adam Rossington,SWEEP_SHOT,16,10,2,8.0,160.0,England
7312,457280,Adam Rossington,SQUARE_DRIVE,16,8,1,16.0,200.0,England
7313,1209110,Basil Hameed,PUSH,16,35,1,16.0,45.71,United Arab Emirates
7314,1329699,Khawaja Nafay,COVER_DRIVE,16,17,1,16.0,94.12,Pakistan
7315,1129633,Max Chu,FLICK,16,17,3,5.33,94.12,New Zealand
7316,19264,Liam Plunkett,LEG_GLANCE,16,13,1,16.0,123.08,United States of America
7317,398438,Mayank Agarwal,HOOK,16,9,2,8.0,177.78,India
7318,233482,Tim Ludeman,ON_DRIVE,16,10,1,16.0,160.0,Australia
7319,549950,Munim Shahriar,STRAIGHT_DRIVE,16,10,2,8.0,160.0,Bangladesh
7320,42439,Rafatullah Mohmand,PULL,16,8,1,16.0,200.0,Pakistan
7321,1072488,Rohit Paudel,PULL,16,11,1,16.0,145.45,Nepal
7322,959759,Finn Allen,SLOG_SWEEP,16,7,1,16.0,228.57,New Zealand
7323,641387,Max Holden,SLOG_SWEEP,16,8,1,16.0,200.0,England
7324,696241,Ricardo Vasconcelos,PUSH_SHOT,16,35,1,16.0,45.71,South Africa
7325,296597,James Vince,DROP_AND_RUN,16,19,1,16.0,84.21,England
7326,1064812,Rahul Chahar,FLICK,16,17,1,16.0,94.12,India
7327,55872,Malcolm Waller,SWEEP_SHOT,16,6,1,16.0,266.67,Zimbabwe
7328,868003,Syed Aziz,PULL,16,13,2,8.0,123.08,Malaysia
7329,646173,Kiplin Doriga,CUT_SHOT,16,18,1,16.0,88.89,Papua New Guinea
7330,732293,Vishnu Vinod,PULL,16,9,3,5.33,177.78,India
7331,210296,Ollie Rayner,VERTICAL_FORWARD_ATTACK,16,15,1,16.0,106.67,Germany
7332,53115,Daren Sammy,STEERED,16,18,3,5.33,88.89,West Indies
7333,641423,Dan Lawrence,PUSH,16,31,2,8.0,51.61,England
7334,665053,Zak Crawley,PUSH,16,45,1,16.0,35.56,England
7335,824541,Jaker Ali,CUT_SHOT,16,34,1,16.0,47.06,Bangladesh
7336,902447,Dale Phillips,FLICK,16,15,1,16.0,106.67,New Zealand
7337,1122501,Mitesh Patel,SLOG_SHOT,16,6,1,16.0,266.67,India
7338,49758,Lasith Malinga,SLOG_SHOT,16,19,1,16.0,84.21,Sri Lanka
7339,288992,Chris Jordan,PUSH,16,35,1,16.0,45.71,England
7340,272385,Josh Lalor,COVER_DRIVE,16,12,1,16.0,133.33,Australia
7341,311592,Mitchell Starc,PULL,16,9,1,16.0,177.78,Australia
7342,316102,Craig Williams,SLOG_SWEEP,16,4,1,16.0,400.0,Namibia
7343,47660,Ryan ten Doeschate,REVERSE_SWEEP,16,14,1,16.0,114.29,Netherlands
7344,209457,Chamara Kapugedera,DEFENDED,16,47,1,16.0,34.04,Sri Lanka
7345,806241,Richard Ngarava,FLICK,16,10,1,16.0,160.0,Zimbabwe
7346,948595,Justin Broad,LEG_GLANCE,16,9,2,8.0,177.78,Germany
7347,737871,Tom Haines,LEG_GLANCE,16,8,1,16.0,200.0,England
7348,646847,Dom Bess,SWEEP,16,5,1,16.0,320.0,England
7349,638300,Brad Taylor,VERTICAL_FORWARD_ATTACK,16,17,2,8.0,94.12,England
7350,219885,Tom Cooper,SWEEP,16,12,1,16.0,133.33,Netherlands
7351,297433,Jonny Bairstow,SWEEP,16,6,1,16.0,266.67,England
7352,43266,Sohaib Maqsood,PUSH,16,48,1,16.0,33.33,Pakistan
7353,924551,Lahiru Samarakoon,SLOG_SHOT,16,4,1,16.0,400.0,Sri Lanka
7354,633660,Virandeep Singh,SLOG_SHOT,16,9,2,8.0,177.78,Malaysia
7355,873199,Chris Greaves,FLICK,16,21,2,8.0,76.19,Scotland
7356,647667,Usama Mir,PULL,16,13,4,4.0,123.08,Pakistan
7357,698343,Eathan Bosch,SLOG_SHOT,16,17,5,3.2,94.12,South Africa
7358,698315,Donavon Ferreira,PULL,16,9,1,16.0,177.78,South Africa
7359,1119026,Devdutt Padikkal,DAB,16,21,1,16.0,76.19,India
7360,807469,Thikshila de Silva,FLICK,16,10,1,16.0,160.0,Sri Lanka
7361,43654,Yasir Arafat,VERTICAL_FORWARD_ATTACK,16,16,3,5.33,100.0,Pakistan
7362,232364,Tim Southee,VERTICAL_FORWARD_ATTACK,16,19,2,8.0,84.21,New Zealand
7363,977451,Jack Prestwidge,ON_DRIVE,16,12,1,16.0,133.33,Australia
7364,1081525,Yash Kothari,FLICK,16,13,1,16.0,123.08,India
7365,633301,Cameron Steel,CUT_SHOT_ON_BACK_FOOT,16,12,2,8.0,133.33,England
7366,990023,Tanzid Hasan,SLOG_SWEEP,16,12,2,8.0,133.33,Bangladesh
7367,742489,Neil Brand,COVER_DRIVE,16,11,1,16.0,145.45,South Africa
7368,277912,Trent Boult,COVER_DRIVE,16,12,1,16.0,133.33,New Zealand
7369,707111,Henry Cooper,ON_DRIVE,16,16,2,8.0,100.0,New Zealand
7370,946453,Daniel Smith,PULL,16,15,1,16.0,106.67,South Africa
7371,635641,Alex Hepburn,VERTICAL_FORWARD_ATTACK,16,18,2,8.0,88.89,England
7372,49619,Suranga Lakmal,PULL,16,6,1,16.0,266.67,Sri Lanka
7373,766809,Jordan Thompson,PULL,16,9,4,4.0,177.78,England
7374,826915,Nathan Ellis,CUT_SHOT,16,21,1,16.0,76.19,Australia
7375,959827,Jason Sangha,SLOG_SHOT,16,8,3,5.33,200.0,Australia
7376,826945,Peter David Bocock,FLICK,16,12,1,16.0,133.33,New Zealand
7377,959767,Rachin Ravindra,SLOG_SHOT,16,16,3,5.33,100.0,New Zealand
7378,974109,Mujeeb Ur Rahman,COVER_DRIVE,16,16,1,16.0,100.0,Afghanistan
7379,277955,Dhawal Kulkarni,COVER_DRIVE,16,10,1,16.0,160.0,India
7380,44956,Grant Elliott,PUSH_SHOT,16,33,3,5.33,48.48,New Zealand
7381,274921,Veerasammy Permaul,SLOG_SHOT,16,12,2,8.0,133.33,West Indies
7382,290948,Mohammad Amir,FLICK,16,16,3,5.33,100.0,Pakistan
7383,290947,James Burke,VERTICAL_FORWARD_ATTACK,16,17,2,8.0,94.12,England
7384,297583,Kyle Abbott,PUSH_SHOT,16,14,1,16.0,114.29,South Africa
7385,1090866,Vijay Unni,ON_DRIVE,16,14,2,8.0,114.29,Malaysia
7386,45955,Heino Kuhn,PUSH_SHOT,16,25,1,16.0,64.0,South Africa
7387,330902,Mustafizur Rahman,SLOG_SHOT,16,23,8,2.0,69.57,Bangladesh
7388,955235,Nuwan Thushara,SLOG_SHOT,16,10,3,5.33,160.0,Sri Lanka
7389,330902,Mustafizur Rahman,PULL,16,18,1,16.0,88.89,Bangladesh
7390,310519,Scott Borthwick,SWEEP,16,10,2,8.0,160.0,England
7391,749693,Derval Green,ON_DRIVE,16,17,1,16.0,94.12,West Indies
7392,299572,Sikandar Raza,PADDLE_SWEEP,16,9,1,16.0,177.78,Zimbabwe
7393,259517,Ben Brown,PUSH_SHOT,16,23,1,16.0,69.57,England
7394,823509,Glenn Phillips,UPPER_CUT,16,6,2,8.0,266.67,New Zealand
7395,642519,Shreyas Iyer,SWEEP_SHOT,16,7,1,16.0,228.57,India
7396,243945,Tom Smith,PULL_HOOK_ON_BACK_FOOT,16,12,2,8.0,133.33,England
7397,792725,Tanmay Agarwal,ON_DRIVE,16,17,1,16.0,94.12,India
7398,662973,Sam Curran,RAMP,16,9,1,16.0,177.78,England
7399,1276719,Kashyap Prajapati,STEERED,15,21,1,15.0,71.43,Oman
7400,505773,Apoorv Wankhade,FLICK,15,14,1,15.0,107.14,India
7401,638912,Matthew Kelly,ON_DRIVE,15,10,1,15.0,150.0,Australia
7402,345825,Chaturanga de Silva,SQUARE_DRIVE,15,10,1,15.0,150.0,Sri Lanka
7403,643197,Max O'Dowd,SWEEP_SHOT,15,14,1,15.0,107.14,Netherlands
7404,429903,Lesiba Ngoepe,COVER_DRIVE,15,11,1,15.0,136.36,South Africa
7405,820677,Keacy Carty,SLOG_SHOT,15,7,2,7.5,214.29,West Indies
7406,30288,Karn Sharma,SLOG_SHOT,15,15,4,3.75,100.0,India
7407,463668,Jake Lintott,PUSH_SHOT,15,25,1,15.0,60.0,England
7408,1070183,Abhishek Sharma,SWEEP_SHOT,15,7,1,15.0,214.29,India
7409,974087,Rahmanullah Gurbaz,DEFENDED,15,206,9,1.67,7.28,Afghanistan
7410,677077,Romario Shepherd,PUSH,15,41,3,5.0,36.59,West Indies
7411,450075,Kesrick Williams,ON_DRIVE,15,17,2,7.5,88.24,West Indies
7412,43590,Wahab Riaz,LEG_GLANCE,15,9,1,15.0,166.67,Pakistan
7413,25977,Sharad Vesawkar,VERTICAL_FORWARD_ATTACK,15,16,1,15.0,93.75,Nepal
7414,209457,Chamara Kapugedera,SLOG_SHOT,15,17,4,3.75,88.24,Sri Lanka
7415,977451,Jack Prestwidge,CUT_SHOT,15,15,1,15.0,100.0,Australia
7416,1209110,Basil Hameed,SQUARE_DRIVE,15,12,1,15.0,125.0,United Arab Emirates
7417,870785,Will Fraine,CUT_SHOT_ON_BACK_FOOT,15,14,2,7.5,107.14,England
7418,48472,Tillakaratne Dilshan,SWEEP_SHOT,15,16,1,15.0,93.75,Sri Lanka
7419,5674,Brad Hodge,SWEEP_SHOT,15,6,1,15.0,250.0,Australia
7420,1276719,Kashyap Prajapati,CUT_SHOT,15,19,2,7.5,78.95,Oman
7421,1397990,Mohammed Irshad,PULL,15,6,1,15.0,250.0,Qatar
7422,234675,Ravindra Jadeja,DEFENDED,15,115,4,3.75,13.04,India
7423,44956,Grant Elliott,FLICK,15,14,1,15.0,107.14,New Zealand
7424,311592,Mitchell Starc,SLOG_SHOT,15,13,3,5.0,115.38,Australia
7425,360320,Ravi Patel,VERTICAL_FORWARD_ATTACK,15,14,1,15.0,107.14,England
7426,36948,Anton Devcich,REVERSE_SWEEP,15,12,2,7.5,125.0,New Zealand
7427,44752,Henry Davids,SLOG_SHOT,15,7,2,7.5,214.29,South Africa
7428,303508,Shane Getkate,PULL,15,11,1,15.0,136.36,Ireland
7429,362541,Doug Bracewell,STRAIGHT_DRIVE,15,9,2,7.5,166.67,New Zealand
7430,974087,Rahmanullah Gurbaz,UPPER_CUT,15,6,2,7.5,250.0,Afghanistan
7431,27223,Stuart Binny,DEFENDED,15,57,5,3.0,26.32,India
7432,696143,Shane Snater,PULL_HOOK_ON_BACK_FOOT,15,8,1,15.0,187.5,Netherlands
7433,1231590,James Coles,PULL_HOOK_ON_BACK_FOOT,15,8,1,15.0,187.5,England
7434,44394,Gareth Berg,SWEEP,15,10,1,15.0,150.0,Italy
7435,47850,Roelof van der Merwe,PULL,15,12,3,5.0,125.0,Netherlands
7436,1278252,Shariz Ahmad,CUT_SHOT,15,6,1,15.0,250.0,Netherlands
7437,28235,Shikhar Dhawan,LEFT_ALONE,15,81,1,15.0,18.52,India
7438,913847,Zubaidi Zulkifle,COVER_DRIVE,15,8,3,5.0,187.5,Malaysia
7439,398506,Mandeep Singh,DEFENDED,15,112,4,3.75,13.39,India
7440,1079380,Nikhil Chaudhary,PULL,15,14,3,5.0,107.14,Australia
7441,49758,Lasith Malinga,ON_DRIVE,15,23,7,2.14,65.22,Sri Lanka
7442,311434,Nick Browne,PUSH_SHOT,15,18,2,7.5,83.33,England
7443,290948,Mohammad Amir,SLOG_SHOT,15,10,1,15.0,150.0,Pakistan
7444,853859,Samarth Vyas,FLICK,15,16,1,15.0,93.75,India
7445,1153276,Oliver Price,PULL_HOOK_ON_BACK_FOOT,15,14,2,7.5,107.14,England
7446,19264,Liam Plunkett,PULL,15,8,1,15.0,187.5,United States of America
7447,451782,James Fuller,COVER_DRIVE,15,14,1,15.0,107.14,England
7448,820691,Odean Smith,SQUARE_DRIVE,15,7,2,7.5,214.29,West Indies
7449,429886,Wihan Lubbe,SLOG_SWEEP,15,9,1,15.0,166.67,South Africa
7450,228210,Mehedi Maruf,PULL,15,6,1,15.0,250.0,Bangladesh
7451,390724,Sumeet Verma,FLICK,15,15,2,7.5,100.0,India
7452,675945,Nahidul Islam,CUT_SHOT,15,18,2,7.5,83.33,Bangladesh
7453,1095899,William Buttleman,LEG_GLANCE,15,17,2,7.5,88.24,England
7454,670035,Brandon King,LEG_GLANCE,15,16,1,15.0,93.75,West Indies
7455,570854,Jack Wildermuth,CUT_SHOT,15,12,2,7.5,125.0,Australia
7456,5236,Callum Ferguson,PUSH_SHOT,15,23,1,15.0,65.22,Australia
7457,990147,Akbar Ali,ON_DRIVE,15,10,1,15.0,150.0,Bangladesh
7458,13533,Andrew Gale,SWEEP,15,11,1,15.0,136.36,England
7459,1158538,Abbas Afridi,ON_DRIVE,15,8,2,7.5,187.5,Pakistan
7460,230559,Kieron Pollard,LEFT_ALONE,15,133,1,15.0,11.28,West Indies
7461,319439,Mitchell McClenaghan,PULL,15,15,1,15.0,100.0,New Zealand
7462,1287369,Saurav Chauhan,ON_DRIVE,15,11,1,15.0,136.36,India
7463,473191,Richard Gleeson,VERTICAL_FORWARD_ATTACK,15,20,3,5.0,75.0,England
7464,262456,Dane Vilas,SLOG_SHOT,15,9,2,7.5,166.67,South Africa
7465,353429,Shiv Thakor,SWEEP,15,10,2,7.5,150.0,England
7466,44828,Faf du Plessis,LEFT_ALONE,15,80,1,15.0,18.75,South Africa
7467,5674,Brad Hodge,ON_DRIVE,15,22,3,5.0,68.18,Australia
7468,230558,Sunil Narine,DEFENDED,15,85,5,3.0,17.65,West Indies
7469,379504,Adam Zampa,SQUARE_DRIVE,15,8,1,15.0,187.5,Australia
7470,885743,Ryan Stevenson,VERTICAL_FORWARD_ATTACK,15,18,1,15.0,83.33,England
7471,333001,Tinotenda Mutombodzi,PULL,15,10,1,15.0,150.0,Zimbabwe
7472,784379,Wanindu Hasaranga,PULL,15,10,1,15.0,150.0,Sri Lanka
7473,56029,Mushfiqur Rahim,DAB,15,22,1,15.0,68.18,Bangladesh
7474,1125960,Tanush Kotian,PULL,15,6,1,15.0,250.0,India
7475,24611,William Porterfield,ON_DRIVE,15,18,3,5.0,83.33,Ireland
7476,300619,Rubel Hossain,PULL,15,15,2,7.5,100.0,Bangladesh
7477,230554,Javon Searles,SLOG_SHOT,15,8,3,5.0,187.5,West Indies
7478,230551,Gajanand Singh,SWEEP_SHOT,15,11,1,15.0,136.36,United States of America
7479,873199,Chris Greaves,COVER_DRIVE,15,14,1,15.0,107.14,Scotland
7480,386302,Zeeshan Ali,SLOG_SHOT,15,6,2,7.5,250.0,Hong Kong
7481,510823,Justin Greaves,COVER_DRIVE,15,12,1,15.0,125.0,West Indies
7482,1127317,Scott Edwards,ON_DRIVE,15,16,2,7.5,93.75,Netherlands
7483,270484,James Faulkner,PUSH_SHOT,15,25,1,15.0,60.0,Australia
7484,796255,Bilal Tahir,SLOG_SHOT,15,6,1,15.0,250.0,Kuwait
7485,386302,Zeeshan Ali,FLICK,15,15,1,15.0,100.0,Hong Kong
7486,989935,Shahadat Hossain,CUT_SHOT,15,17,1,15.0,88.24,Bangladesh
7487,595954,Duan Jansen,FLICK,15,19,1,15.0,78.95,South Africa
7488,230554,Javon Searles,FLICK,15,18,1,15.0,83.33,West Indies
7489,10628,Matthew Boyce,VERTICAL_FORWARD_ATTACK,15,21,1,15.0,71.43,England
7490,1209190,Matthew Forde,COVER_DRIVE,15,8,2,7.5,187.5,West Indies
7491,379890,Chad Bowes,SWEEP_SHOT,15,8,2,7.5,187.5,New Zealand
7492,299572,Sikandar Raza,DEFENDED,15,116,2,7.5,12.93,Zimbabwe
7493,297628,Sam Billings,DAB,15,20,1,15.0,75.0,England
7494,55412,Craig Ervine,PUSH,15,29,1,15.0,51.72,Zimbabwe
7495,627627,Tom Rogers,ON_DRIVE,15,21,4,3.75,71.43,Australia
7496,41434,Mohammad Hafeez,SWEEP,15,8,1,15.0,187.5,Pakistan
7497,381183,Evan Gulbis,SLOG_SHOT,15,13,2,7.5,115.38,Australia
7498,1023059,Michael Finan,PULL_HOOK_ON_BACK_FOOT,15,8,1,15.0,187.5,England
7499,595406,Shane Dadswell,PULL,15,8,2,7.5,187.5,South Africa
7500,533953,Najeeb Tarakai,ON_DRIVE,15,9,1,15.0,166.67,Afghanistan
7501,537119,Mohit Sharma,ON_DRIVE,15,25,5,3.0,60.0,India
7502,1209190,Matthew Forde,SLOG_SHOT,15,12,4,3.75,125.0,West Indies
7503,297936,Jack Shantry,VERTICAL_FORWARD_ATTACK,15,16,4,3.75,93.75,England
7504,662973,Sam Curran,STEERED,15,31,3,5.0,48.39,England
7505,499560,Patrick Kruger,PULL,15,9,2,7.5,166.67,South Africa
7506,1030753,Sol Budinger,CUT_SHOT_ON_BACK_FOOT,15,10,1,15.0,150.0,England
7507,720471,Ishan Kishan,HOOK,15,8,1,15.0,187.5,India
7508,32966,Piyush Chawla,PULL,15,13,2,7.5,115.38,India
7509,10582,Ravi Bopara,REVERSE_SWEEP,15,16,2,7.5,93.75,England
7510,55814,Brendan Taylor,PULL_HOOK_ON_BACK_FOOT,15,12,2,7.5,125.0,Zimbabwe
7511,51866,Assad Fudadin,PULL,15,12,1,15.0,125.0,West Indies
7512,25490,Richie Berrington,SWEEP_SHOT,15,15,2,7.5,100.0,Scotland
7513,23513,Graeme White,CUT_SHOT_ON_BACK_FOOT,15,25,1,15.0,60.0,England
7514,633445,Hisham Shaikh,FLICK,15,20,2,7.5,75.0,Saudi Arabia
7515,18632,Samit Patel,PUSH,15,39,2,7.5,38.46,England
7516,7069,Steve O'Keefe,SLOG_SHOT,15,11,2,7.5,136.36,Australia
7517,605680,Janneman Malan,SLOG_SHOT,15,9,2,7.5,166.67,South Africa
7518,594322,Corbin Bosch,SWEEP_SHOT,15,10,1,15.0,150.0,South Africa
7519,550189,Dayyaan Galiem,COVER_DRIVE,15,19,1,15.0,78.95,South Africa
7520,596010,Gerald Coetzee,COVER_DRIVE,15,13,2,7.5,115.38,South Africa
7521,446763,Rahul Tripathi,REVERSE_SWEEP,15,8,1,15.0,187.5,India
7522,23515,Ben Wright,CUT_SHOT_ON_BACK_FOOT,15,12,1,15.0,125.0,England
7523,486672,Theunis de Bruyn,CUT_SHOT,15,27,3,5.0,55.56,South Africa
7524,946453,Daniel Smith,CUT_SHOT,15,14,1,15.0,107.14,South Africa
7525,230549,Jason Mohammed,DEFENDED,15,98,1,15.0,15.31,West Indies
7526,437927,Stephan Baard,PUSH,15,34,1,15.0,44.12,Namibia
7527,462727,Tom Abell,SWEEP_SHOT,15,10,1,15.0,150.0,England
7528,1202263,Thomas Kelly,SQUARE_DRIVE,15,12,1,15.0,125.0,Australia
7529,1212829,Ali Naseer,FLICK,15,18,1,15.0,83.33,United Arab Emirates
7530,552152,Dushmantha Chameera,PULL,15,16,2,7.5,93.75,Sri Lanka
7531,1217288,Usman Patel,CUT_SHOT,15,24,1,15.0,62.5,Kuwait
7532,1070180,Priyam Garg,CUT_SHOT,15,17,1,15.0,88.24,India
7533,512191,Fakhar Zaman,UPPER_CUT,15,10,3,5.0,150.0,Pakistan
7534,550235,Tom Curran,SWEEP,15,12,2,7.5,125.0,England
7535,510530,Jamie Overton,PUSH_SHOT,15,25,1,15.0,60.0,England
7536,395086,Ateeq Javid,REVERSE_SWEEP,15,13,1,15.0,115.38,England
7537,403902,Liam Livingstone,DEFENDED,15,121,7,2.14,12.4,England
7538,550133,Mosaddek Hossain,REVERSE_SWEEP,15,13,1,15.0,115.38,Bangladesh
7539,481979,Anrich Nortje,COVER_DRIVE,15,12,1,15.0,125.0,South Africa
7540,1129634,Katene Clarke,FLICK,15,22,3,5.0,68.18,New Zealand
7541,1243738,Mitchell Hay,ON_DRIVE,15,20,2,7.5,75.0,New Zealand
7542,1064812,Rahul Chahar,STEERED,15,13,2,7.5,115.38,India
7543,247235,Chris Woakes,PULL,15,15,2,7.5,100.0,England
7544,530773,Pawan Negi,DEFENDED,15,37,1,15.0,40.54,India
7545,461281,Preston Mommsen,COVER_DRIVE,15,12,1,15.0,125.0,Scotland
7546,56154,Shamsur Rahman,STEERED,15,20,1,15.0,75.0,Bangladesh
7547,549288,Ferisco Adams,PULL,15,9,1,15.0,166.67,South Africa
7548,826679,Sam Heazlett,SWEEP_SHOT,15,9,1,15.0,166.67,Australia
7549,956871,Prerak Mankad,SQUARE_DRIVE,15,10,1,15.0,150.0,India
7550,9310,Tim Bresnan,PUSH_SHOT,15,30,2,7.5,50.0,England
7551,784379,Wanindu Hasaranga de Silva,UPPER_CUT,15,8,1,15.0,187.5,Sri Lanka
7552,9310,Tim Bresnan,SWEEP,15,9,2,7.5,166.67,England
7553,348056,Kyle Mayers,VERTICAL_FORWARD_ATTACK,15,11,1,15.0,136.36,West Indies
7554,351425,Aneesh Kapil,VERTICAL_FORWARD_ATTACK,14,13,2,7.0,107.69,England
7555,594322,Corbin Bosch,PUSH,14,36,2,7.0,38.89,South Africa
7556,594995,Gavin Kaplan,FLICK,14,11,1,14.0,127.27,South Africa
7557,464626,Craig Overton,CUT_SHOT_ON_BACK_FOOT,14,9,1,14.0,155.56,England
7558,246005,Sam Northeast,BACK_DEFENCE,14,43,2,7.0,32.56,England
7559,571911,Joe Clarke,HOOK,14,4,1,14.0,350.0,England
7560,429809,Ravija Sandaruwan,COVER_DRIVE,14,13,2,7.0,107.69,Kuwait
7561,1079434,Riyan Parag,HOOK,14,7,2,7.0,200.0,India
7562,1090866,Vijay Unni,PULL,14,7,1,14.0,200.0,Malaysia
7563,348152,Usman Qadir,FLICK,14,11,1,14.0,127.27,Pakistan
7564,1217359,Sayed Monib,SLOG_SHOT,14,5,1,14.0,280.0,Kuwait
7565,922941,Abdullah Shafique,SWEEP_SHOT,14,10,2,7.0,140.0,Pakistan
7566,1091078,Tion Webster,PUSH,14,27,2,7.0,51.85,West Indies
7567,230371,Ben Cutting,SLOG_SWEEP,14,11,5,2.8,127.27,Australia
7568,662973,Sam Curran,SWEEP_SHOT,14,6,1,14.0,233.33,England
7569,348148,Mohammad Nawaz,DEFENDED,14,103,2,7.0,13.59,Pakistan
7570,1151278,Yashasvi Jaiswal,UPPER_CUT,14,5,1,14.0,280.0,India
7571,311158,Ben Stokes,DEFENDED,14,82,2,7.0,17.07,England
7572,352048,Gulbadin Naib,SLOG_SWEEP,14,13,3,4.67,107.69,Afghanistan
7573,1195686,Matthew Nandu,FLICK,14,10,1,14.0,140.0,West Indies
7574,789729,Callum Parkinson,PULL_HOOK_ON_BACK_FOOT,14,19,4,3.5,73.68,England
7575,21229,Will Smith,SWEEP,14,16,4,3.5,87.5,England
7576,230193,Matthew Wade,RAMP,14,7,3,4.67,200.0,Australia
7577,928057,Lorcan Tucker,LEG_GLANCE,14,13,1,14.0,107.69,Ireland
7578,6973,Peter Nevill,FLICK,14,15,1,14.0,93.33,Australia
7579,922941,Abdullah Shafique,SQUARE_DRIVE,14,7,1,14.0,200.0,Pakistan
7580,557295,Hilton Cartwright,DEFENDED,14,118,6,2.33,11.86,Australia
7581,290727,Rishi Dhawan,FLICK,14,10,1,14.0,140.0,India
7582,270484,James Faulkner,DEFENDED,14,51,1,14.0,27.45,Australia
7583,300631,Kusal Perera,DEFENDED,14,91,7,2.0,15.38,Sri Lanka
7584,300629,Angelo Perera,SLOG_SHOT,14,7,3,4.67,200.0,Sri Lanka
7585,547756,Brett Hampton,COVER_DRIVE,14,18,1,14.0,77.78,New Zealand
7586,723105,Rinku Singh,SWEEP_SHOT,14,9,1,14.0,155.56,India
7587,272262,Kane Richardson,STRAIGHT_DRIVE,14,9,1,14.0,155.56,Australia
7588,541224,Luke Jongwe,SLOG_SHOT,14,16,2,7.0,87.5,Zimbabwe
7589,1185475,Qasim Akram,SLOG_SHOT,14,9,2,7.0,155.56,Pakistan
7590,1060380,Ruturaj Gaikwad,RAMP,14,5,1,14.0,280.0,India
7591,25056,Assad Vala,PUSH,14,22,1,14.0,63.64,Papua New Guinea
7592,1065115,Benjamin Manenti,PULL,14,9,2,7.0,155.56,Italy
7593,707113,Tom Bruce,SLOG_SWEEP,14,6,2,7.0,233.33,New Zealand
7594,1260388,Toby Albert,REVERSE_SWEEP,14,9,2,7.0,155.56,England
7595,1260388,Toby Albert,PUSH_SHOT,14,27,1,14.0,51.85,England
7596,530015,William Bosisto,ON_DRIVE,14,14,1,14.0,100.0,Australia
7597,549950,Munim Shahriar,SLOG_SHOT,14,9,2,7.0,155.56,Bangladesh
7598,23515,Ben Wright,LEG_GLANCE,14,12,2,7.0,116.67,England
7599,549947,Al-Amin,CUT_SHOT,14,10,1,14.0,140.0,Bangladesh
7600,1169586,Mangal Mahrour,FLICK,14,12,1,14.0,116.67,India
7601,1260207,Tommy Boorman,VERTICAL_FORWARD_ATTACK,14,10,1,14.0,140.0,
7602,956319,Ayaan Khan,SLOG_SHOT,14,11,4,3.5,127.27,Oman
7603,1064812,Rahul Chahar,SLOG_SHOT,14,17,5,2.8,82.35,India
7604,493773,Lockie Ferguson,FLICK,14,15,1,14.0,93.33,New Zealand
7605,24605,Kevin O'Brien,SWEEP_SHOT,14,8,1,14.0,175.0,Ireland
7606,534734,Chirag Suri,STRAIGHT_DRIVE,14,4,1,14.0,350.0,United Arab Emirates
7607,297583,Kyle Abbott,ON_DRIVE,14,10,1,14.0,140.0,South Africa
7608,534734,Chirag Suri,REVERSE_SWEEP,14,7,1,14.0,200.0,United Arab Emirates
7609,381006,Thomas Kaber,PULL,14,9,1,14.0,155.56,South Africa
7610,297628,Sam Billings,DEFENDED,14,123,4,3.5,11.38,England
7611,55608,Hamilton Masakadza,REVERSE_SWEEP,14,7,1,14.0,200.0,Zimbabwe
7612,792519,Dhananjaya Lakshan,PULL,14,8,1,14.0,175.0,Sri Lanka
7613,214695,Alexei Kervezee,CUT_SHOT_ON_BACK_FOOT,14,9,1,14.0,155.56,Netherlands
7614,1178586,Vriitya Aravind,SLOG_SHOT,14,6,2,7.0,233.33,United Arab Emirates
7615,414966,Michael Leask,SLOG_SWEEP,14,10,2,7.0,140.0,Scotland
7616,793447,Naveen-ul-Haq,REVERSE_SWEEP,14,11,1,14.0,127.27,Afghanistan
7617,719719,M Shahrukh Khan,PUSH,14,32,1,14.0,43.75,India
7618,716733,Khushdil Shah,SQUARE_DRIVE,14,14,1,14.0,100.0,Pakistan
7619,1185475,Qasim Akram,CUT_SHOT,14,18,1,14.0,77.78,Pakistan
7620,497121,Deepak Hooda,DEFENDED,14,90,1,14.0,15.56,India
7621,1046871,Lyndon James,CUT_SHOT_ON_BACK_FOOT,14,19,2,7.0,73.68,England
7622,536936,Litton Das,REVERSE_SWEEP,14,16,1,14.0,87.5,Bangladesh
7623,1246467,Ishaan Gadekar,COVER_DRIVE,14,6,1,14.0,233.33,India
7624,497121,Deepak Hooda,RAMP,14,6,1,14.0,233.33,India
7625,1036191,Bas de Leede,SLOG_SHOT,14,13,3,4.67,107.69,Netherlands
7626,51880,Chris Gayle,UPPER_CUT,14,5,1,14.0,280.0,West Indies
7627,530011,Travis Head,UPPER_CUT,14,7,1,14.0,200.0,Australia
7628,527776,Ollie Robinson,PULL_HOOK_ON_BACK_FOOT,14,8,1,14.0,175.0,England
7629,935995,Afif Hossain,PADDLE_SWEEP,14,5,1,14.0,280.0,Bangladesh
7630,562263,Robert O'Donnell,FLICK,14,11,1,14.0,127.27,New Zealand
7631,28081,MS Dhoni,SLOG_SWEEP,14,8,3,4.67,175.0,India
7632,820691,Odean Smith,SLOG_SWEEP,14,6,2,7.0,233.33,West Indies
7633,262456,Dane Vilas,SLOG_SWEEP,14,6,1,14.0,233.33,South Africa
7634,296597,James Vince,FORWARD_DEFENCE,14,85,4,3.5,16.47,England
7635,990147,Akbar Ali,SLOG_SWEEP,14,5,1,14.0,280.0,Bangladesh
7636,697183,Tony de Zorzi,FLICK,14,12,1,14.0,116.67,South Africa
7637,471342,Krunal Pandya,HOOK,14,7,3,4.67,200.0,India
7638,22559,Graham Wagg,SWEEP,14,5,1,14.0,280.0,England
7639,525992,Adam Hose,SWEEP_SHOT,14,13,3,4.67,107.69,England
7640,355269,James Neesham,PUSH_SHOT,14,35,2,7.0,40.0,New Zealand
7641,505773,Apoorv Wankhade,PULL,14,8,1,14.0,175.0,India
7642,429754,Niroshan Dickwella,DEFENDED,14,53,3,4.67,26.42,Sri Lanka
7643,256956,Laurie Evans,REVERSE_SWEEP,14,16,3,4.67,87.5,England
7644,7547,Ben Rohrer,SLOG_SHOT,14,5,1,14.0,280.0,Australia
7645,428366,Lahiru Madushanka,FLICK,14,12,1,14.0,116.67,Sri Lanka
7646,290948,Mohammad Amir,PULL,14,11,3,4.67,127.27,Pakistan
7647,932635,Nayeem Hasan,ON_DRIVE,14,10,1,14.0,140.0,Bangladesh
7648,470699,Ben Cooper,PULL,14,10,1,14.0,140.0,Netherlands
7649,530011,Travis Head,SWEEP,14,8,1,14.0,175.0,Australia
7650,819441,Darwish Rasooli,FLICK,14,17,1,14.0,82.35,Afghanistan
7651,8845,Tim Ambrose,REVERSE_SWEEP,14,8,1,14.0,175.0,England
7652,1070180,Priyam Garg,SLOG_SHOT,14,10,5,2.8,140.0,India
7653,303427,Paul Stirling,FORWARD_DEFENCE,14,75,2,7.0,18.67,Ireland
7654,738445,Mohammad Shahzad,ON_DRIVE,14,14,3,4.67,100.0,United Arab Emirates
7655,410765,Nurul Hasan,SWEEP_SHOT,14,14,1,14.0,100.0,Bangladesh
7656,485379,Andries Gous,STRAIGHT_DRIVE,14,5,1,14.0,280.0,United States of America
7657,1065662,Roshon Primus,STRAIGHT_DRIVE,14,8,1,14.0,175.0,West Indies
7658,302845,Tony Ura,PULL,14,11,2,7.0,127.27,Papua New Guinea
7659,1005257,Simi Singh,FLICK,14,19,3,4.67,73.68,Ireland
7660,1163855,Hayden Kerr,PUSH_SHOT,14,14,1,14.0,100.0,Australia
7661,297433,Jonny Bairstow,DAB,14,18,1,14.0,77.78,England
7662,33335,Suresh Raina,HOOK,14,7,2,7.0,200.0,India
7663,26421,Ravichandran Ashwin,DEFENDED,14,52,3,4.67,26.92,India
7664,50710,Kumar Sangakkara,SWEEP_SHOT,14,12,1,14.0,116.67,Sri Lanka
7665,820685,Nicholas Kirton,CUT_SHOT,14,11,1,14.0,127.27,Canada
7666,266268,Pite van Biljon,COVER_DRIVE,14,13,2,7.0,107.69,South Africa
7667,820681,Amir Jangoo,SLOG_SWEEP,14,6,1,14.0,233.33,West Indies
7668,820681,Amir Jangoo,ON_DRIVE,14,19,2,7.0,73.68,West Indies
7669,555850,Sam Hain,PUSH,14,34,4,3.5,41.18,England
7670,303813,Ben Cotton,VERTICAL_FORWARD_ATTACK,14,14,1,14.0,100.0,England
7671,938959,Wessly Madhevere,REVERSE_SWEEP,14,7,1,14.0,200.0,Zimbabwe
7672,1163453,William O'Donnell,FLICK,14,6,1,14.0,233.33,New Zealand
7673,1070754,Andile Simelane,COVER_DRIVE,14,8,1,14.0,175.0,South Africa
7674,1070665,Dewald Brevis,UPPER_CUT,14,5,1,14.0,280.0,South Africa
7675,12877,James Foster,PUSH_SHOT,14,15,1,14.0,93.33,England
7676,446507,Suryakumar Yadav,REVERSE_SWEEP,14,16,3,4.67,87.5,India
7677,648439,Aadil Ali,CUT_SHOT_ON_BACK_FOOT,14,13,1,14.0,107.69,England
7678,44956,Grant Elliott,REVERSE_SWEEP,14,12,1,14.0,116.67,New Zealand
7679,333624,Alex Ross,DAB,14,24,1,14.0,58.33,Australia
7680,623977,Agha Salman,STRAIGHT_DRIVE,14,4,1,14.0,350.0,Pakistan
7681,1418076,Waji Ul Hassan,COVER_DRIVE,14,8,1,14.0,175.0,
7682,827051,Blessing Muzarabani,ON_DRIVE,14,8,2,7.0,175.0,Zimbabwe
7683,596010,Gerald Coetzee,PULL,14,8,3,4.67,175.0,South Africa
7684,596664,Zane Green,PULL,14,16,1,14.0,87.5,Namibia
7685,333624,Alex Ross,LEG_GLANCE,14,20,1,14.0,70.0,Australia
7686,337790,Rassie van der Dussen,DEFENDED,14,106,2,7.0,13.21,South Africa
7687,348056,Kyle Mayers,DAB,14,18,2,7.0,77.78,West Indies
7688,4493,Dean Brownlie,ON_DRIVE,14,10,2,7.0,140.0,New Zealand
7689,37095,Daniel Flynn,SLOG_SHOT,14,5,1,14.0,280.0,New Zealand
7690,318340,Noor Ali Zadran,PULL,14,9,2,7.0,155.56,Afghanistan
7691,973799,Janak Prakash,COVER_DRIVE,14,16,1,14.0,87.5,Singapore
7692,235519,Tendai Chisoro,PULL,14,8,1,14.0,175.0,Zimbabwe
7693,348059,Barry McCarthy,PUSH,14,16,1,14.0,87.5,Ireland
7694,902447,Dale Phillips,COVER_DRIVE,14,15,1,14.0,93.33,New Zealand
7695,1217274,Sathaiya Veerapathiran,COVER_DRIVE,14,8,1,14.0,175.0,Bahrain
7696,437506,Imran Manack,COVER_DRIVE,14,6,1,14.0,233.33,South Africa
7697,325012,Marcus Stoinis,PULL_HOOK_ON_BACK_FOOT,14,9,2,7.0,155.56,Australia
7698,452472,Anshy Rath,SLOG_SHOT,14,5,1,14.0,280.0,Hong Kong
7699,235516,Richmond Mutumbami,COVER_DRIVE,14,18,2,7.0,77.78,Zimbabwe
7700,43266,Sohaib Maqsood,DAB,14,17,1,14.0,82.35,Pakistan
7701,605681,Evan Jones,SLOG_SHOT,14,11,2,7.0,127.27,South Africa
7702,56054,Naeem Islam,PULL,14,8,1,14.0,175.0,Bangladesh
7703,596371,Eddie Byrom,PUSH_SHOT,14,21,2,7.0,66.67,Zimbabwe
7704,56154,Shamsur Rahman,PULL,14,15,1,14.0,93.33,Bangladesh
7705,447287,Faizan Asif,ON_DRIVE,14,7,1,14.0,200.0,United Arab Emirates
7706,56143,Shakib Al Hasan,UPPER_CUT,14,6,1,14.0,233.33,Bangladesh
7707,906745,Leniko Boucher,PULL,14,11,2,7.0,127.27,West Indies
7708,631668,Stephen Eskinazi,SLOG_SWEEP,14,10,1,14.0,140.0,England
7709,909225,Paul Walter,STRAIGHT_DRIVE,14,7,1,14.0,200.0,England
7710,17185,Phil Mustard,FORWARD_DEFENCE,14,45,2,7.0,31.11,England
7711,326639,Simon Milenko,SWEEP_SHOT,14,7,1,14.0,200.0,Australia
7712,623695,Chamika Karunaratne,SQUARE_DRIVE,14,6,1,14.0,233.33,Sri Lanka
7713,334394,Sam Whiteman,SWEEP_SHOT,14,9,1,14.0,155.56,Australia
7714,519544,Tom Taylor,LEG_GLANCE,14,20,2,7.0,70.0,England
7715,906783,Obed McCoy,SLOG_SWEEP,14,8,2,7.0,175.0,West Indies
7716,45949,Rory Kleinveldt,LEG_GLANCE,14,15,1,14.0,93.33,South Africa
7717,318340,Noor Ali Zadran,SWEEP_SHOT,14,8,1,14.0,175.0,Afghanistan
7718,1217288,Usman Patel,SLOG_SHOT,14,7,2,7.0,200.0,Kuwait
7719,1093091,Michael Jones,FLICK,14,19,1,14.0,73.68,Scotland
7720,452044,Hanuma Vihari,CUT_SHOT,14,12,3,4.67,116.67,India
7721,659081,Mark Watt,REVERSE_SWEEP,14,7,2,7.0,200.0,Scotland
7722,1139511,Parvez Hossain Emon,SLOG_SWEEP,14,7,1,14.0,200.0,Bangladesh
7723,41378,Misbah-ul-Haq,SLOG_SHOT,14,6,1,14.0,233.33,Pakistan
7724,625964,Tim Seifert,DEFENDED,14,133,8,1.75,10.53,New Zealand
7725,959833,Wes Agar,ON_DRIVE,14,13,1,14.0,107.69,Australia
7726,56029,Mushfiqur Rahim,RAMP,14,5,1,14.0,280.0,Bangladesh
7727,401540,Aizaz Khan,FLICK,14,12,1,14.0,116.67,Hong Kong
7728,603411,Jay Lenton,FLICK,14,16,2,7.0,87.5,Australia
7729,1209272,Adnan Mirza,PULL,14,8,1,14.0,175.0,Qatar
7730,44410,Farhaan Behardien,SLOG_SHOT,14,11,1,14.0,127.27,South Africa
7731,21229,Will Smith,CUT_SHOT_ON_BACK_FOOT,14,17,1,14.0,82.35,England
7732,233482,Tim Ludeman,CUT_SHOT,14,11,2,7.0,127.27,Australia
7733,46248,Albie Morkel,CUT_SHOT,14,13,1,14.0,107.69,South Africa
7734,629058,Najmul Hossain Shanto,DEFENDED,14,153,7,2.0,9.15,Bangladesh
7735,833777,Michael van Lingen,FLICK,14,17,2,7.0,82.35,Namibia
7736,833777,Michael van Lingen,PULL,14,14,1,14.0,100.0,Namibia
7737,44410,Farhaan Behardien,LEG_GLANCE,14,15,1,14.0,93.33,South Africa
7738,401540,Aizaz Khan,CUT_SHOT,14,18,4,3.5,77.78,Hong Kong
7739,784379,Wanindu Hasaranga,PUSH,14,18,1,14.0,77.78,Sri Lanka
7740,332366,Sharwan Godara,SLOG_SHOT,14,12,1,14.0,116.67,
7741,44407,Wesley Barresi,PULL,14,8,1,14.0,175.0,Netherlands
7742,450860,Adam Milne,PULL,14,19,5,2.8,73.68,New Zealand
7743,653695,Matt Parkinson,VERTICAL_FORWARD_ATTACK,14,17,2,7.0,82.35,England
7744,521637,Ben Duckett,PUSH,14,29,1,14.0,48.28,England
7745,277916,Ajinkya Rahane,REVERSE_SWEEP,14,16,3,4.67,87.5,India
7746,888455,Umair Ali,ON_DRIVE,14,8,2,7.0,175.0,United Arab Emirates
7747,1138316,Maheesh Theekshana,PULL,14,10,1,14.0,140.0,Sri Lanka
7748,1138316,Maheesh Theekshana,SLOG_SHOT,14,17,7,2.0,82.35,Sri Lanka
7749,450860,Adam Milne,PULL_HOOK_ON_BACK_FOOT,14,8,2,7.0,175.0,New Zealand
7750,516039,Alex Davies,COVER_DRIVE,14,17,1,14.0,82.35,England
7751,1093091,Michael Jones,SWEEP,14,10,1,14.0,140.0,Scotland
7752,318339,Samiullah Shinwari,STEERED,14,15,2,7.0,93.33,Afghanistan
7753,1166910,Piyush Joshi,SLOG_SHOT,13,4,1,13.0,325.0,India
7754,853859,Samarth Vyas,CUT_SHOT,13,8,1,13.0,162.5,India
7755,1131978,Ashutosh Sharma,COVER_DRIVE,13,10,1,13.0,130.0,India
7756,1273869,Parameeswaran Sivaraman,ON_DRIVE,13,11,1,13.0,118.18,India
7757,1168049,Jake Fraser-McGurk,SQUARE_DRIVE,13,13,2,6.5,100.0,Australia
7758,18657,Mark Pettini,PUSH_SHOT,13,36,2,6.5,36.11,England
7759,1168049,Jake Fraser-McGurk,PUSH,13,27,1,13.0,48.15,Australia
7760,38003,Stephen Murdoch,FLICK,13,12,1,13.0,108.33,New Zealand
7761,605575,Matthew Short,HOOK,13,6,2,6.5,216.67,Australia
7762,232292,Swapnil Singh,SLOG_SHOT,13,4,1,13.0,325.0,India
7763,38373,Jesse Ryder,COVER_DRIVE,13,13,1,13.0,100.0,New Zealand
7764,700167,Navdeep Saini,ON_DRIVE,13,13,2,6.5,100.0,India
7765,296597,James Vince,DAB,13,21,1,13.0,61.9,England
7766,1070173,Shubman Gill,DAB,13,27,1,13.0,48.15,India
7767,23460,Luke Wright,FORWARD_DEFENCE,13,86,1,13.0,15.12,England
7768,364343,Craig Young,COVER_DRIVE,13,16,3,4.33,81.25,Ireland
7769,481896,Mohammed Shami,PULL,13,10,1,13.0,130.0,India
7770,1161044,Shamim Hossain,STEERED,13,18,1,13.0,72.22,Bangladesh
7771,526838,George Scott,CUT_SHOT_ON_BACK_FOOT,13,16,1,13.0,81.25,England
7772,307808,Rohan Mustafa,ON_DRIVE,13,15,2,6.5,86.67,United Arab Emirates
7773,1073111,Ahsan Hafeez,PULL,13,10,4,3.25,130.0,Pakistan
7774,425943,Sanju Samson,SLOG_SWEEP,13,10,2,6.5,130.0,India
7775,12877,James Foster,CUT_SHOT_ON_BACK_FOOT,13,13,3,4.33,100.0,England
7776,288211,Umar Amin,PULL,13,7,1,13.0,185.71,Pakistan
7777,639140,Matt Milnes,PULL_HOOK_ON_BACK_FOOT,13,7,1,13.0,185.71,England
7778,1277545,Abishek Porel,STRAIGHT_DRIVE,13,7,1,13.0,185.71,India
7779,437438,Prenelan Subrayen,SLOG_SHOT,13,7,1,13.0,185.71,South Africa
7780,37095,Daniel Flynn,PULL,13,6,1,13.0,216.67,New Zealand
7781,288285,Clive Rose,CUT_SHOT,13,13,1,13.0,100.0,Australia
7782,505110,Kurtis Patterson,SQUARE_DRIVE,13,10,1,13.0,130.0,Australia
7783,451782,James Fuller,PUSH,13,21,2,6.5,61.9,England
7784,638912,Matthew Kelly,SLOG_SHOT,13,8,3,4.33,162.5,Australia
7785,639080,Matthew Fisher,PULL_HOOK_ON_BACK_FOOT,13,8,2,6.5,162.5,England
7786,990147,Akbar Ali,COVER_DRIVE,13,7,1,13.0,185.71,Bangladesh
7787,1137262,Azam Khan,DEFENDED,13,105,2,6.5,12.38,Pakistan
7788,477021,Vijay Shankar,SWEEP_SHOT,13,9,1,13.0,144.44,India
7789,1163855,Hayden Kerr,PUSH,13,22,1,13.0,59.09,Australia
7790,23460,Luke Wright,SLOG_SHOT,13,10,2,6.5,130.0,England
7791,362201,Lewis Gregory,SWEEP,13,12,2,6.5,108.33,England
7792,1108830,Nyeem Young,FLICK,13,15,1,13.0,86.67,West Indies
7793,475281,Shardul Thakur,LEG_GLANCE,13,6,1,13.0,216.67,India
7794,12877,James Foster,LEG_GLANCE,13,17,2,6.5,76.47,England
7795,697183,Tony de Zorzi,CUT_SHOT,13,6,1,13.0,216.67,South Africa
7796,371989,Navin Stewart,SLOG_SHOT,13,4,1,13.0,325.0,West Indies
7797,778963,Abhinav Manohar,SLOG_SWEEP,13,5,2,6.5,260.0,India
7798,1161606,Haris Rauf,COVER_DRIVE,13,13,5,2.6,100.0,Pakistan
7799,641387,Max Holden,ON_DRIVE,13,11,2,6.5,118.18,England
7800,438362,Sandeep Sharma,ON_DRIVE,13,13,1,13.0,100.0,India
7801,447261,Deepak Chahar,PULL,13,7,3,4.33,185.71,India
7802,1254269,Aman Hakim Khan,SLOG_SHOT,13,7,2,6.5,185.71,India
7803,440517,Dane Cleaver,PUSH,13,20,1,13.0,65.0,New Zealand
7804,1185475,Qasim Akram,COVER_DRIVE,13,11,2,6.5,118.18,Pakistan
7805,384355,Anaru Kitchen,SLOG_SHOT,13,8,1,13.0,162.5,New Zealand
7806,717373,Amad Butt,SLOG_SHOT,13,5,2,6.5,260.0,Pakistan
7807,379890,Chad Bowes,REVERSE_SWEEP,13,7,1,13.0,185.71,New Zealand
7808,1175485,Abdul Samad,PUSH,13,23,2,6.5,56.52,India
7809,500360,Akshdeep Nath,SLOG_SHOT,13,11,6,2.17,118.18,India
7810,11724,Rikki Clarke,PUSH_SHOT,13,21,1,13.0,61.9,England
7811,417268,Matthew Cross,PUSH,13,32,3,4.33,40.62,Scotland
7812,1046871,Lyndon James,LEG_GLANCE,13,14,1,13.0,92.86,England
7813,272385,Josh Lalor,STEERED,13,11,1,13.0,118.18,Australia
7814,297498,Ian Cockbain,SLOG_SHOT,13,7,1,13.0,185.71,England
7815,327830,Dwaine Pretorius,PUSH,13,25,1,13.0,52.0,South Africa
7816,1125976,Arshdeep Singh,FLICK,13,6,1,13.0,216.67,India
7817,496219,Chirag Gandhi,SLOG_SHOT,13,4,1,13.0,325.0,India
7818,781297,James Seymour,FLICK,13,8,1,13.0,162.5,Australia
7819,297583,Kyle Abbott,PULL_HOOK_ON_BACK_FOOT,13,5,1,13.0,260.0,South Africa
7820,381030,Gihahn Cloete,COVER_DRIVE,13,17,1,13.0,76.47,South Africa
7821,440523,Ben Wheeler,COVER_DRIVE,13,9,1,13.0,144.44,New Zealand
7822,279862,Shrikant Mundhe,FLICK,13,11,1,13.0,118.18,India
7823,55395,Colin de Grandhomme,SWEEP,13,9,2,6.5,144.44,New Zealand
7824,498582,Jason Smith,PULL,13,6,1,13.0,216.67,South Africa
7825,722597,Akash Vasisht,COVER_DRIVE,13,9,1,13.0,144.44,India
7826,298438,Jason Roy,DAB,13,16,1,13.0,81.25,England
7827,327947,Dane Paterson,VERTICAL_FORWARD_ATTACK,13,14,1,13.0,92.86,South Africa
7828,1036191,Bas de Leede,CUT_SHOT_ON_BACK_FOOT,13,9,1,13.0,144.44,Netherlands
7829,499660,Gurinder Sandhu,COVER_DRIVE,13,10,2,6.5,130.0,Australia
7830,499594,Kasun Rajitha,FLICK,13,13,1,13.0,100.0,Sri Lanka
7831,793447,Naveen-ul-Haq,CUT_SHOT,13,14,2,6.5,92.86,Afghanistan
7832,233712,Stephan Myburgh,SLOG_SHOT,13,7,2,6.5,185.71,Netherlands
7833,902447,Dale Phillips,PULL,13,7,1,13.0,185.71,New Zealand
7834,1241277,Muhammad Waseem,DEFENDED,13,86,3,4.33,15.12,United Arab Emirates
7835,517946,Recordo Gordon,VERTICAL_FORWARD_ATTACK,13,13,2,6.5,100.0,England
7836,632173,Rob Jones,REVERSE_SWEEP,13,15,1,13.0,86.67,England
7837,1114952,George Hill,CUT_SHOT_ON_BACK_FOOT,13,16,2,6.5,81.25,England
7838,1397998,Umair Sharif,PULL,13,9,1,13.0,144.44,Saudi Arabia
7839,1402359,Jahandad Khan,FLICK,13,9,1,13.0,144.44,
7840,422593,Daniel Bell-Drummond,BACK_DEFENCE,13,55,5,2.6,23.64,England
7841,8917,Moeen Ali,REVERSE_SWEEP,13,10,4,3.25,130.0,England
7842,38373,Jesse Ryder,FLICK,13,20,1,13.0,65.0,New Zealand
7843,633445,Hisham Shaikh,ON_DRIVE,13,18,1,13.0,72.22,Saudi Arabia
7844,410768,Alauddin Babu,FLICK,13,12,1,13.0,108.33,Bangladesh
7845,1263691,Rehan Ahmed,LEG_GLANCE,13,11,2,6.5,118.18,England
7846,219416,Wayne White,VERTICAL_FORWARD_ATTACK,13,16,3,4.33,81.25,England
7847,4823,Steven Crook,PUSH_SHOT,13,25,1,13.0,52.0,Australia
7848,707109,Sean Solia,COVER_DRIVE,13,12,1,13.0,108.33,New Zealand
7849,502714,Mitchell Santner,SWEEP,13,5,1,13.0,260.0,New Zealand
7850,300628,Dinesh Chandimal,REVERSE_SWEEP,13,15,2,6.5,86.67,Sri Lanka
7851,1120613,Johnathan Campbell,SLOG_SWEEP,13,5,2,6.5,260.0,Zimbabwe
7852,1126693,Baxter Holt,PULL,13,11,3,4.33,118.18,Australia
7853,233713,Neil Wagner,SLOG_SHOT,13,7,1,13.0,185.71,New Zealand
7854,902907,Tom Lammonby,CUT_SHOT,13,6,1,13.0,216.67,England
7855,1410577,Bevon Jacobs,ON_DRIVE,13,10,1,13.0,130.0,
7856,272262,Kane Richardson,PULL,13,16,4,3.25,81.25,Australia
7857,542023,Lungi Ngidi,SLOG_SHOT,13,13,4,3.25,100.0,South Africa
7858,1410577,Bevon Jacobs,PULL,13,7,1,13.0,185.71,
7859,631545,Matthew Carter,LEG_GLANCE,13,10,2,6.5,130.0,England
7860,1243738,Mitchell Hay,REVERSE_SWEEP,13,5,1,13.0,260.0,New Zealand
7861,42657,Shoaib Malik,HOOK,13,7,2,6.5,185.71,Pakistan
7862,631668,Stephen Eskinazi,RAMP,13,7,1,13.0,185.71,England
7863,493773,Lockie Ferguson,COVER_DRIVE,13,9,1,13.0,144.44,New Zealand
7864,420427,Sese Bau,CUT_SHOT,13,19,1,13.0,68.42,Papua New Guinea
7865,623977,Agha Salman,DEFENDED,13,44,2,6.5,29.55,Pakistan
7866,43590,Wahab Riaz,STRAIGHT_DRIVE,13,5,1,13.0,260.0,Pakistan
7867,32540,Cheteshwar Pujara,ON_DRIVE,13,17,1,13.0,76.47,India
7868,453289,Neville Madziva,SLOG_SHOT,13,8,1,13.0,162.5,Zimbabwe
7869,1088608,Max Bryant,PUSH,13,37,2,6.5,35.14,Australia
7870,1094990,Lewis Goldsworthy,LEG_GLANCE,13,11,1,13.0,118.18,England
7871,35390,Saurabh Tiwary,DEFENDED,13,54,1,13.0,24.07,India
7872,1205559,Mohammad Haris,REVERSE_SWEEP,13,9,3,4.33,144.44,Pakistan
7873,977451,Jack Prestwidge,SLOG_SHOT,13,11,3,4.33,118.18,Australia
7874,48472,Tillakaratne Dilshan,DEFENDED,13,37,2,6.5,35.14,Sri Lanka
7875,290727,Rishi Dhawan,COVER_DRIVE,13,14,1,13.0,92.86,India
7876,596664,Zane Green,COVER_DRIVE,13,16,1,13.0,81.25,Namibia
7877,826901,Daniel Sams,DEFENDED,13,39,5,2.6,33.33,Australia
7878,434429,Aamer Yamin,ON_DRIVE,13,8,4,3.25,162.5,Pakistan
7879,1329699,Khawaja Nafay,CUT_SHOT,13,11,1,13.0,118.18,Pakistan
7880,208657,Pieter Seelaar,SLOG_SHOT,13,8,1,13.0,162.5,Netherlands
7881,659081,Mark Watt,COVER_DRIVE,13,13,1,13.0,100.0,Scotland
7882,46543,Wayne Madsen,SLOG_SHOT,13,7,1,13.0,185.71,Italy
7883,774223,Jhye Richardson,STRAIGHT_DRIVE,13,7,1,13.0,185.71,Australia
7884,44956,Grant Elliott,PULL,13,8,1,13.0,162.5,New Zealand
7885,1329699,Khawaja Nafay,SLOG_SWEEP,13,6,2,6.5,216.67,Pakistan
7886,30045,Dinesh Karthik,UPPER_CUT,13,6,1,13.0,216.67,India
7887,348091,Kavem Hodge,PULL,13,5,1,13.0,260.0,West Indies
7888,7502,Luke Ronchi,SWEEP_SHOT,13,9,1,13.0,144.44,New Zealand
7889,642531,Ricky Bhui,COVER_DRIVE,13,10,1,13.0,130.0,India
7890,56268,Arafat Sunny,SLOG_SHOT,13,8,3,4.33,162.5,Bangladesh
7891,675945,Nahidul Islam,PUSH,13,17,1,13.0,76.47,Bangladesh
7892,348056,Kyle Mayers,UPPER_CUT,13,6,1,13.0,216.67,West Indies
7893,351998,Sam Wood,PULL_HOOK_ON_BACK_FOOT,13,9,1,13.0,144.44,England
7894,644045,Anuj Dal,PUSH_SHOT,13,22,2,6.5,59.09,England
7895,926717,Christian Leopard,PULL,13,8,2,6.5,162.5,New Zealand
7896,645319,Alex Thomson,LEG_GLANCE,13,9,1,13.0,144.44,England
7897,1149157,Chris Benjamin,SLOG_SWEEP,13,8,2,6.5,162.5,England
7898,5939,Michael Hussey,ON_DRIVE,13,14,1,13.0,92.86,Australia
7899,21585,Marcus Trescothick,VERTICAL_FORWARD_ATTACK,13,18,3,4.33,72.22,England
7900,512191,Fakhar Zaman,LEFT_ALONE,13,46,1,13.0,28.26,Pakistan
7901,574178,Akila Dananjaya,CUT_SHOT,13,18,1,13.0,72.22,Sri Lanka
7902,596099,Dean Foxcroft,SLOG_SHOT,13,9,3,4.33,144.44,New Zealand
7903,1153276,Oliver Price,PUSH_SHOT,13,15,1,13.0,86.67,England
7904,318615,Zeeshan Siddiqui,ON_DRIVE,13,10,1,13.0,130.0,Oman
7905,468573,Ross Adair,ON_DRIVE,13,12,1,13.0,108.33,Ireland
7906,240609,Fawad Ahmed,SLOG_SHOT,13,12,4,3.25,108.33,Australia
7907,1079380,Nikhil Chaudhary,FLICK,13,9,1,13.0,144.44,Australia
7908,824159,Tayyab Tahir,SLOG_SHOT,13,9,2,6.5,144.44,Pakistan
7909,462727,Tom Abell,STEERED,13,12,1,13.0,108.33,England
7910,1152716,Javelle Glen,PULL,13,9,1,13.0,144.44,West Indies
7911,311158,Ben Stokes,SWEEP_SHOT,13,8,1,13.0,162.5,England
7912,311434,Nick Browne,PULL_HOOK_ON_BACK_FOOT,13,7,2,6.5,185.71,England
7913,1079848,Shivam Mavi,PULL,13,8,2,6.5,162.5,India
7914,44828,Faf du Plessis,UPPER_CUT,13,7,3,4.33,185.71,South Africa
7915,681117,Faheem Ashraf,PULL_HOOK_ON_BACK_FOOT,13,8,2,6.5,162.5,Pakistan
7916,49619,Suranga Lakmal,FLICK,13,10,2,6.5,130.0,Sri Lanka
7917,260036,Tanwir Afzal,COVER_DRIVE,13,11,1,13.0,118.18,Hong Kong
7918,6161,Michael Klinger,SLOG_SHOT,13,7,3,4.33,185.71,Australia
7919,36581,Neil Broom,FLICK,13,22,1,13.0,59.09,New Zealand
7920,44410,Farhaan Behardien,STRAIGHT_DRIVE,13,7,1,13.0,185.71,South Africa
7921,914171,Qais Ahmad,LEG_GLANCE,13,8,1,13.0,162.5,Afghanistan
7922,600498,Aiden Markram,DEFENDED,13,96,2,6.5,13.54,South Africa
7923,826915,Nathan Ellis,PUSH,13,23,1,13.0,56.52,Australia
7924,44828,Faf du Plessis,HOOK,13,7,2,6.5,185.71,South Africa
7925,288285,Clive Rose,ON_DRIVE,13,10,2,6.5,130.0,Australia
7926,595406,Shane Dadswell,COVER_DRIVE,13,11,1,13.0,118.18,South Africa
7927,44752,Henry Davids,ON_DRIVE,13,10,1,13.0,130.0,South Africa
7928,36592,Peter Borren,CUT_SHOT,13,7,2,6.5,185.71,Netherlands
7929,641801,Will Davis,VERTICAL_FORWARD_ATTACK,13,17,3,4.33,76.47,England
7930,32966,Piyush Chawla,STRAIGHT_DRIVE,13,5,1,13.0,260.0,India
7931,259410,Ahmed Shehzad,STRAIGHT_DRIVE,13,8,2,6.5,162.5,Pakistan
7932,459257,Tymal Mills,SLOG_SHOT,13,9,3,4.33,144.44,England
7933,348144,Babar Azam,SWEEP,13,5,1,13.0,260.0,Pakistan
7934,432072,Trevon Griffith,PULL,13,6,1,13.0,216.67,West Indies
7935,823509,Glenn Phillips,LEFT_ALONE,13,34,1,13.0,38.24,New Zealand
7936,1278994,Shiv Mathur,ON_DRIVE,13,10,1,13.0,130.0,Hong Kong
7937,277914,Jeet Raval,SLOG_SWEEP,12,8,2,6.0,150.0,New Zealand
7938,1079848,Shivam Mavi,SLOG_SHOT,12,13,5,2.4,92.31,India
7939,439952,Chris Morris,STRAIGHT_DRIVE,12,9,3,4.0,133.33,South Africa
7940,659081,Mark Watt,PULL_HOOK_ON_BACK_FOOT,12,6,2,6.0,200.0,Scotland
7941,414397,Hamza Tariq,FLICK,12,14,1,12.0,85.71,Canada
7942,512907,Tom Helm,PULL_HOOK_ON_BACK_FOOT,12,12,1,12.0,100.0,England
7943,1331512,Mirza Baig,SWEEP_SHOT,12,4,1,12.0,300.0,Pakistan
7944,826679,Sam Heazlett,SQUARE_DRIVE,12,8,1,12.0,150.0,Australia
7945,1081442,Mayank Markande,STEERED,12,11,1,12.0,109.09,India
7946,647785,Sahibzada Farhan,SQUARE_DRIVE,12,6,1,12.0,200.0,Pakistan
7947,1244751,Arshad Khan,FLICK,12,12,2,6.0,100.0,India
7948,784615,Henry Hunt,CUT_SHOT,12,10,1,12.0,120.0,Australia
7949,316730,Jono Dean,SLOG_SHOT,12,7,1,12.0,171.43,Australia
7950,670031,Alzarri Joseph,CUT_SHOT,12,15,2,6.0,80.0,West Indies
7951,314622,Krishmar Santokie,SLOG_SHOT,12,17,4,3.0,70.59,West Indies
7952,10582,Ravi Bopara,DEFENDED,12,75,4,3.0,16.0,England
7953,1129638,Ben Lockrose,ON_DRIVE,12,8,4,3.0,150.0,New Zealand
7954,414966,Michael Leask,VERTICAL_FORWARD_ATTACK,12,17,1,12.0,70.59,Scotland
7955,486672,Theunis de Bruyn,STRAIGHT_DRIVE,12,6,1,12.0,200.0,South Africa
7956,52334,Imran Khan,ON_DRIVE,12,13,1,12.0,92.31,West Indies
7957,414966,Michael Leask,SWEEP_SHOT,12,9,2,6.0,133.33,Scotland
7958,906745,Leniko Boucher,CUT_SHOT,12,14,1,12.0,85.71,West Indies
7959,732293,Vishnu Vinod,SLOG_SHOT,12,9,1,12.0,133.33,India
7960,1065115,Benjamin Manenti,ON_DRIVE,12,13,1,12.0,92.31,Italy
7961,38699,Ross Taylor,DAB,12,14,1,12.0,85.71,New Zealand
7962,1119026,Devdutt Padikkal,DEFENDED,12,119,4,3.0,10.08,India
7963,735835,Aditya Kaushik,ON_DRIVE,12,8,1,12.0,150.0,India
7964,21577,Peter Trego,BACK_DEFENCE,12,25,1,12.0,48.0,England
7965,230556,Andre McCarthy,DEFENDED,12,58,3,4.0,20.69,West Indies
7966,581160,Khary Pierre,STEERED,12,7,1,12.0,171.43,West Indies
7967,493773,Lockie Ferguson,SLOG_SHOT,12,10,4,3.0,120.0,New Zealand
7968,458895,Andrew Salter,SWEEP,12,7,1,12.0,171.43,England
7969,628240,Hussain Talat,RAMP,12,4,1,12.0,300.0,Pakistan
7970,977451,Jack Prestwidge,FLICK,12,15,1,12.0,80.0,Australia
7971,530773,Pawan Negi,SWEEP_SHOT,12,4,1,12.0,300.0,India
7972,1124283,Aaron Hardie,STEERED,12,17,1,12.0,70.59,Australia
7973,14014,Andy Hodd,PULL_HOOK_ON_BACK_FOOT,12,8,1,12.0,150.0,England
7974,333780,Nic Maddinson,SLOG_SWEEP,12,11,3,4.0,109.09,Australia
7975,318845,Rilee Rossouw,DEFENDED,12,166,10,1.2,7.23,South Africa
7976,501012,Joel Paris,SLOG_SWEEP,12,4,1,12.0,300.0,Australia
7977,297634,Stuart Meaker,VERTICAL_FORWARD_ATTACK,12,13,2,6.0,92.31,England
7978,535393,Senuran Muthusamy,ON_DRIVE,12,15,2,6.0,80.0,South Africa
7979,793447,Naveen-ul-Haq,PULL_HOOK_ON_BACK_FOOT,12,8,1,12.0,150.0,Afghanistan
7980,524253,Norman Vanua,FLICK,12,16,1,12.0,75.0,Papua New Guinea
7981,989935,Shahadat Hossain,SLOG_SWEEP,12,9,1,12.0,133.33,Bangladesh
7982,625371,Hardik Pandya,SWEEP_SHOT,12,13,2,6.0,92.31,India
7983,230556,Andre McCarthy,SWEEP_SHOT,12,7,2,6.0,171.43,West Indies
7984,537319,Kennar Lewis,PUSH,12,28,2,6.0,42.86,West Indies
7985,297630,Matt Coles,LEG_GLANCE,12,9,1,12.0,133.33,England
7986,233680,Jonathan Wells,REVERSE_SWEEP,12,10,1,12.0,120.0,Australia
7987,1021025,Muhammad Amir,CUT_SHOT,12,26,2,6.0,46.15,Malaysia
7988,1045883,Clive Madande,SLOG_SHOT,12,5,1,12.0,240.0,Zimbabwe
7989,1299794,Tarang Gohel,PULL,12,7,1,12.0,171.43,India
7990,318340,Noor Ali Zadran,CUT_SHOT,12,20,1,12.0,60.0,Afghanistan
7991,32685,Irfan Pathan,CUT_SHOT,12,11,1,12.0,109.09,India
7992,348109,Paul van Meekeren,SLOG_SHOT,12,17,4,3.0,70.59,Netherlands
7993,1088610,Jack Edwards,PUSH,12,38,4,3.0,31.58,Australia
7994,659081,Mark Watt,CUT_SHOT,12,7,1,12.0,171.43,Scotland
7995,1181700,Tom Prest,REVERSE_SWEEP,12,16,3,4.0,75.0,England
7996,625960,Kyle Jamieson,SLOG_SHOT,12,10,1,12.0,120.0,New Zealand
7997,1088610,Jack Edwards,DEFENDED,12,44,3,4.0,27.27,Australia
7998,663613,Saif Zaib,SLOG_SHOT,12,4,1,12.0,300.0,England
7999,956311,Ashwin Das,FLICK,12,4,1,12.0,300.0,India
8000,793463,Rashid Khan,DEFENDED,12,43,5,2.4,27.91,Afghanistan
8001,784369,Avishka Fernando,DEFENDED,12,151,5,2.4,7.95,Sri Lanka
8002,247235,Chris Woakes,CUT_SHOT_ON_BACK_FOOT,12,8,1,12.0,150.0,England
8003,959771,Nathan Smith,FLICK,12,9,1,12.0,133.33,New Zealand
8004,625371,Hardik Pandya,RAMP,12,5,1,12.0,240.0,India
8005,24827,Gerrie Snyman,ON_DRIVE,12,3,1,12.0,400.0,Namibia
8006,1125715,Justin Avendano,STRAIGHT_DRIVE,12,10,1,12.0,120.0,Australia
8007,333001,Tinotenda Mutombodzi,SLOG_SHOT,12,8,1,12.0,150.0,Zimbabwe
8008,391832,Roston Chase,SWEEP_SHOT,12,12,2,6.0,100.0,West Indies
8009,288992,Chris Jordan,DEFENDED,12,58,5,2.4,20.69,England
8010,1418076,Waji Ul Hassan,CUT_SHOT,12,14,1,12.0,85.71,
8011,457279,Olly Stone,SWEEP,12,4,1,12.0,300.0,England
8012,499560,Patrick Kruger,FLICK,12,7,1,12.0,171.43,South Africa
8013,414821,Stuart Thompson,COVER_DRIVE,12,7,1,12.0,171.43,Ireland
8014,18632,Samit Patel,DEFENDED,12,46,1,12.0,26.09,England
8015,55412,Craig Ervine,PADDLE_SWEEP,12,5,2,6.0,240.0,Zimbabwe
8016,714451,Shivam Dube,RAMP,12,5,1,12.0,240.0,India
8017,316397,Asad Shafiq,SWEEP_SHOT,12,9,1,12.0,133.33,Pakistan
8018,315594,Ashley Nurse,SLOG_SWEEP,12,8,1,12.0,150.0,West Indies
8019,510823,Justin Greaves,SLOG_SHOT,12,9,2,6.0,133.33,West Indies
8020,1131181,Llew Johnson,COVER_DRIVE,12,12,1,12.0,100.0,New Zealand
8021,55395,Colin de Grandhomme,PUSH,12,28,1,12.0,42.86,New Zealand
8022,318340,Noor Ali Zadran,SLOG_SWEEP,12,6,1,12.0,200.0,Afghanistan
8023,53118,Dwayne Smith,REVERSE_SWEEP,12,6,1,12.0,200.0,West Indies
8024,276298,Andre Russell,LEFT_ALONE,12,95,2,6.0,12.63,West Indies
8025,379776,Sisanda Magala,SLOG_SHOT,12,5,1,12.0,240.0,South Africa
8026,46942,Aaron Phangiso,COVER_DRIVE,12,7,1,12.0,171.43,South Africa
8027,444135,Sohag Gazi,ON_DRIVE,12,7,1,12.0,171.43,Bangladesh
8028,215152,Jackson Bird,PULL,12,10,1,12.0,120.0,Australia
8029,315594,Ashley Nurse,DEFENDED,12,37,1,12.0,32.43,West Indies
8030,1050545,Xavier Bartlett,FLICK,12,16,3,4.0,75.0,Australia
8031,315586,Chadwick Walton,SLOG_SWEEP,12,6,2,6.0,200.0,West Indies
8032,318845,Rilee Rossouw,UPPER_CUT,12,5,1,12.0,240.0,South Africa
8033,43590,Wahab Riaz,SLOG_SWEEP,12,9,4,3.0,133.33,Pakistan
8034,931015,Thanuka Dabare,STRAIGHT_DRIVE,12,6,1,12.0,200.0,Sri Lanka
8035,823703,Rajat Patidar,HOOK,12,3,1,12.0,400.0,India
8036,304735,Dilshan Munaweera,SLOG_SHOT,12,12,3,4.0,100.0,Sri Lanka
8037,820681,Amir Jangoo,CUT_SHOT,12,18,2,6.0,66.67,West Indies
8038,1077662,Frederick Walker,ON_DRIVE,12,10,1,12.0,120.0,New Zealand
8039,266268,Pite van Biljon,SLOG_SWEEP,12,4,1,12.0,300.0,South Africa
8040,37749,Nathan McCullum,ON_DRIVE,12,10,1,12.0,120.0,New Zealand
8041,642525,Sarfaraz Khan,RAMP,12,6,1,12.0,200.0,India
8042,820685,Nicholas Kirton,SLOG_SWEEP,12,3,1,12.0,400.0,Canada
8043,307756,Jatinder Singh,SLOG_SHOT,12,5,1,12.0,240.0,Oman
8044,321777,David Miller,UPPER_CUT,12,6,1,12.0,200.0,South Africa
8045,55870,Sean Williams,SQUARE_DRIVE,12,10,1,12.0,120.0,Zimbabwe
8046,44932,Jean-Paul Duminy,REVERSE_SWEEP,12,7,1,12.0,171.43,South Africa
8047,1108830,Nyeem Young,SLOG_SHOT,12,7,4,3.0,171.43,West Indies
8048,1005257,Simi Singh,COVER_DRIVE,12,23,4,3.0,52.17,Ireland
8049,55946,Junaid Siddique,ON_DRIVE,12,14,1,12.0,85.71,Bangladesh
8050,1094569,Dillon Pennington,PULL_HOOK_ON_BACK_FOOT,12,11,2,6.0,109.09,England
8051,310107,Danny Briggs,SLOG_SHOT,12,7,1,12.0,171.43,England
8052,51433,Samuel Badree,FLICK,12,11,2,6.0,109.09,West Indies
8053,851403,Venkatesh Iyer,UPPER_CUT,12,6,1,12.0,200.0,India
8054,30732,Praveen Kumar,ON_DRIVE,12,11,2,6.0,109.09,India
8055,51433,Samuel Badree,ON_DRIVE,12,17,5,2.4,70.59,West Indies
8056,554691,Axar Patel,DEFENDED,12,96,4,3.0,12.5,India
8057,8291,Cameron White,SWEEP_SHOT,12,12,1,12.0,100.0,Australia
8058,355269,James Neesham,DEFENDED,12,74,2,6.0,16.22,New Zealand
8059,938959,Wessly Madhevere,SLOG_SHOT,12,9,1,12.0,133.33,Zimbabwe
8060,596442,Delano Potgieter,ON_DRIVE,12,15,1,12.0,80.0,South Africa
8061,739603,Aaron Thomason,PUSH_SHOT,12,13,1,12.0,92.31,England
8062,450101,Raymon Reifer,DEFENDED,12,54,3,4.0,22.22,West Indies
8063,931581,Rishabh Pant,RAMP,12,9,2,6.0,133.33,India
8064,222354,Milinda Siriwardana,STRAIGHT_DRIVE,12,5,1,12.0,240.0,Sri Lanka
8065,44410,Farhaan Behardien,SWEEP,12,6,1,12.0,200.0,South Africa
8066,1073111,Ahsan Hafeez,FLICK,12,9,1,12.0,133.33,Pakistan
8067,570261,Dan Lincoln,PULL_HOOK_ON_BACK_FOOT,12,11,2,6.0,109.09,England
8068,7898,Peter Siddle,VERTICAL_FORWARD_ATTACK,12,11,2,6.0,109.09,Australia
8069,688407,Chetan Bist,SLOG_SHOT,12,3,1,12.0,400.0,India
8070,1206406,Jake Gibson,FLICK,12,15,1,12.0,80.0,New Zealand
8071,603410,Ben McDermott,DEFENDED,12,168,5,2.4,7.14,Australia
8072,567645,Josh Shaw,PULL_HOOK_ON_BACK_FOOT,12,9,1,12.0,133.33,England
8073,210283,Steven Finn,VERTICAL_FORWARD_ATTACK,12,13,1,12.0,92.31,England
8074,55894,Farhad Reza,PULL,12,10,3,4.0,120.0,Bangladesh
8075,390481,Harshal Patel,STRAIGHT_DRIVE,12,4,1,12.0,300.0,India
8076,360456,Asela Gunaratne,REVERSE_SWEEP,12,7,2,6.0,171.43,Sri Lanka
8077,1143529,Imran Anwar,PUSH,12,17,2,6.0,70.59,Bahrain
8078,429738,Lakshan Sandakan,ON_DRIVE,12,13,1,12.0,92.31,Sri Lanka
8079,1071484,Brian Bennett,SLOG_SHOT,12,5,1,12.0,240.0,Zimbabwe
8080,559059,Joe Carter,ON_DRIVE,12,12,2,6.0,100.0,New Zealand
8081,865833,Zak Chappell,LEG_GLANCE,12,7,2,6.0,171.43,England
8082,279506,Gulraiz Sadaf,COVER_DRIVE,12,15,1,12.0,80.0,Pakistan
8083,559059,Joe Carter,STRAIGHT_DRIVE,12,7,1,12.0,171.43,New Zealand
8084,1277007,Abdullah Al Mamun,SLOG_SWEEP,12,4,1,12.0,300.0,Bangladesh
8085,784373,Kamindu Mendis,SLOG_SHOT,12,19,6,2.0,63.16,Sri Lanka
8086,641387,Max Holden,SQUARE_DRIVE,12,7,1,12.0,171.43,England
8087,8119,Adam Voges,ON_DRIVE,12,12,1,12.0,100.0,Australia
8088,859899,Calvin Harrison,PULL_HOOK_ON_BACK_FOOT,12,10,3,4.0,120.0,England
8089,641405,Ryan Davies,CUT_SHOT_ON_BACK_FOOT,12,8,1,12.0,150.0,England
8090,559066,Ish Sodhi,PULL_HOOK_ON_BACK_FOOT,12,12,2,6.0,100.0,New Zealand
8091,1072488,Rohit Paudel,FLICK,12,12,1,12.0,100.0,Nepal
8092,1072488,Rohit Paudel,ON_DRIVE,12,13,1,12.0,92.31,Nepal
8093,857973,George Bartlett,CUT_SHOT_ON_BACK_FOOT,12,8,1,12.0,150.0,England
8094,480693,Anthony Bramble,FLICK,12,12,1,12.0,100.0,West Indies
8095,604593,Vishnu Solanki,FLICK,12,10,1,12.0,120.0,India
8096,1078693,Joshua Bishop,SLOG_SHOT,12,5,1,12.0,240.0,West Indies
8097,550209,Wesley Marshall,SLOG_SHOT,12,6,3,4.0,200.0,South Africa
8098,633366,Shahidullah,SLOG_SWEEP,12,4,2,6.0,300.0,Afghanistan
8099,1131181,Llew Johnson,PULL,12,8,1,12.0,150.0,New Zealand
8100,297483,Oliver Hannon-Dalby,PULL_HOOK_ON_BACK_FOOT,12,8,1,12.0,150.0,England
8101,1209188,Kevlon Anderson,FLICK,12,8,1,12.0,150.0,West Indies
8102,596371,Eddie Byrom,REVERSE_SWEEP,12,10,3,4.0,120.0,Zimbabwe
8103,4864,Dan Christian,DEFENDED,12,73,2,6.0,16.44,Australia
8104,1079434,Riyan Parag,RAMP,12,7,1,12.0,171.43,India
8105,946367,Michael Copeland,ON_DRIVE,12,8,1,12.0,150.0,South Africa
8106,670045,Gudakesh Motie,SLOG_SWEEP,12,3,1,12.0,400.0,West Indies
8107,550235,Tom Curran,REVERSE_SWEEP,12,8,1,12.0,150.0,England
8108,354259,Azeem Rafiq,VERTICAL_FORWARD_ATTACK,12,14,1,12.0,85.71,England
8109,1070173,Shubman Gill,HOOK,12,4,2,6.0,300.0,India
8110,873199,Chris Greaves,ON_DRIVE,12,14,1,12.0,85.71,Scotland
8111,574178,Akila Dananjaya,SLOG_SHOT,12,15,7,1.71,80.0,Sri Lanka
8112,574178,Akila Dananjaya,FLICK,12,12,1,12.0,100.0,Sri Lanka
8113,807545,Conor McKerr,VERTICAL_FORWARD_ATTACK,12,8,2,6.0,150.0,South Africa
8114,353429,Shiv Thakor,CUT_SHOT_ON_BACK_FOOT,12,6,1,12.0,200.0,England
8115,1339049,Harsh Desai,SLOG_SHOT,12,3,1,12.0,400.0,India
8116,43121,Shaiman Anwar,CUT_SHOT,12,16,2,6.0,75.0,United Arab Emirates
8117,1149723,Ben Wells,PULL_HOOK_ON_BACK_FOOT,12,12,1,12.0,100.0,England
8118,56054,Naeem Islam,SLOG_SHOT,12,4,1,12.0,300.0,Bangladesh
8119,532853,Smit Patel,SLOG_SHOT,12,6,1,12.0,200.0,United States of America
8120,605576,Cameron Valente,ON_DRIVE,12,7,1,12.0,171.43,Australia
8121,819441,Darwish Rasooli,PUSH,12,17,1,12.0,70.59,Afghanistan
8122,1132005,Mohsin Khan,SLOG_SHOT,12,7,1,12.0,171.43,India
8123,1273885,Avinash Jadhav,PULL,12,4,1,12.0,300.0,India
8124,310525,Chris Wood,SWEEP,12,13,3,4.0,92.31,England
8125,643197,Max O'Dowd,PUSH,12,48,1,12.0,25.0,Netherlands
8126,288616,Tom Poynton,CUT_SHOT_ON_BACK_FOOT,12,11,1,12.0,109.09,England
8127,38141,Jeetan Patel,LEG_GLANCE,12,7,1,12.0,171.43,New Zealand
8128,1212829,Ali Naseer,CUT_SHOT,12,17,1,12.0,70.59,United Arab Emirates
8129,402245,Amir Hamza,FLICK,12,12,1,12.0,100.0,Afghanistan
8130,637151,Danny Lamb,LEG_GLANCE,12,8,1,12.0,150.0,England
8131,675945,Nahidul Islam,PULL,12,12,3,4.0,100.0,Bangladesh
8132,699723,Grant Roelofsen,PUSH,12,21,1,12.0,57.14,South Africa
8133,550251,Kyle Simmonds,PULL,12,7,3,4.0,171.43,South Africa
8134,398438,Mayank Agarwal,DAB,11,27,2,5.5,40.74,India
8135,15501,Geraint Jones,SWEEP,11,5,1,11.0,220.0,Papua New Guinea
8136,524253,Norman Vanua,STRAIGHT_DRIVE,11,4,1,11.0,275.0,Papua New Guinea
8137,959767,Rachin Ravindra,STRAIGHT_DRIVE,11,8,2,5.5,137.5,New Zealand
8138,516039,Alex Davies,FORWARD_DEFENCE,11,77,3,3.67,14.29,England
8139,505120,Ashton Agar,PUSH,11,28,3,3.67,39.29,Australia
8140,1212829,Ali Naseer,SLOG_SWEEP,11,6,1,11.0,183.33,United Arab Emirates
8141,407265,Josh Davey,PULL,11,6,1,11.0,183.33,Scotland
8142,788101,Tom Moores,PULL,11,12,1,11.0,91.67,England
8143,521637,Ben Duckett,FORWARD_DEFENCE,11,67,2,5.5,16.42,England
8144,56251,Alok Kapali,FLICK,11,14,1,11.0,78.57,Bangladesh
8145,398666,Sean Abbott,PUSH,11,13,2,5.5,84.62,Australia
8146,766809,Jordan Thompson,PUSH_SHOT,11,21,1,11.0,52.38,England
8147,288617,Ross Whiteley,PUSH,11,10,1,11.0,110.0,England
8148,990081,Mohammad Naim,REVERSE_SWEEP,11,7,2,5.5,157.14,Bangladesh
8149,530812,Akeal Hosein,SQUARE_DRIVE,11,12,1,11.0,91.67,West Indies
8150,530015,William Bosisto,PULL,11,11,2,5.5,100.0,Australia
8151,401537,Kinchit Shah,ON_DRIVE,11,14,1,11.0,78.57,Hong Kong
8152,402992,Shuvagata Hom,REVERSE_SWEEP,11,6,1,11.0,183.33,Bangladesh
8153,1209272,Adnan Mirza,ON_DRIVE,11,13,1,11.0,84.62,Qatar
8154,772311,Aritra Dutta,SLOG_SHOT,11,11,2,5.5,100.0,Singapore
8155,1021025,Muhammad Amir,COVER_DRIVE,11,16,1,11.0,68.75,Malaysia
8156,402245,Amir Hamza,SLOG_SHOT,11,5,1,11.0,220.0,Afghanistan
8157,742489,Neil Brand,PULL,11,8,3,3.67,137.5,South Africa
8158,56054,Naeem Islam,COVER_DRIVE,11,10,1,11.0,110.0,Bangladesh
8159,501012,Joel Paris,ON_DRIVE,11,7,1,11.0,157.14,Australia
8160,512191,Fakhar Zaman,PUSH_SHOT,11,16,1,11.0,68.75,Pakistan
8161,995037,Mahidul Islam Ankon,SLOG_SHOT,11,9,2,5.5,122.22,Bangladesh
8162,391832,Roston Chase,PADDLE_SWEEP,11,8,1,11.0,137.5,West Indies
8163,1021025,Muhammad Amir,SLOG_SWEEP,11,10,3,3.67,110.0,Malaysia
8164,784369,Avishka Fernando,UPPER_CUT,11,6,1,11.0,183.33,Sri Lanka
8165,956035,Karan Shinde,ON_DRIVE,11,8,1,11.0,137.5,India
8166,211854,Rob Quiney,FLICK,11,16,3,3.67,68.75,Australia
8167,390724,Sumeet Verma,SLOG_SHOT,11,10,3,3.67,110.0,India
8168,958691,Ashen Bandara,STEERED,11,17,1,11.0,64.71,Sri Lanka
8169,19264,Liam Plunkett,SLOG_SHOT,11,10,4,2.75,110.0,United States of America
8170,56025,Mahmudullah,REVERSE_SWEEP,11,14,1,11.0,78.57,Bangladesh
8171,281188,Nazmul Hossain Milon,COVER_DRIVE,11,11,1,11.0,100.0,Bangladesh
8172,777537,KC Cariappa,ON_DRIVE,11,8,1,11.0,137.5,India
8173,410768,Alauddin Babu,ON_DRIVE,11,9,1,11.0,122.22,Bangladesh
8174,402992,Shuvagata Hom,SWEEP_SHOT,11,9,1,11.0,122.22,Bangladesh
8175,56007,Mashrafe Mortaza,CUT_SHOT,11,12,1,11.0,91.67,Bangladesh
8176,398666,Sean Abbott,SQUARE_DRIVE,11,10,2,5.5,110.0,Australia
8177,56029,Mushfiqur Rahim,LEFT_ALONE,11,26,2,5.5,42.31,Bangladesh
8178,955093,Bikramkumar Das,LEG_GLANCE,11,5,1,11.0,220.0,India
8179,528332,Nikhil Gangta,PULL,11,6,1,11.0,183.33,India
8180,1209110,Basil Hameed,SLOG_SHOT,11,13,4,2.75,84.62,United Arab Emirates
8181,1209196,Kirk McKenzie,PUSH,11,28,1,11.0,39.29,West Indies
8182,512907,Tom Helm,SLOG_SHOT,11,6,1,11.0,183.33,England
8183,1012137,Mrittunjoy Chowdhury,FLICK,11,12,1,11.0,91.67,Bangladesh
8184,56007,Mashrafe Mortaza,DEFENDED,11,29,1,11.0,37.93,Bangladesh
8185,227758,Imad Wasim,DEFENDED,11,103,4,2.75,10.68,Pakistan
8186,928067,Josh Little,PULL,11,16,1,11.0,68.75,Ireland
8187,43906,Hashim Amla,REVERSE_SWEEP,11,7,1,11.0,157.14,South Africa
8188,470501,Graham Clark,FORWARD_DEFENCE,11,66,1,11.0,16.67,England
8189,1099379,Gareth Delany,LEG_GLANCE,11,12,1,11.0,91.67,Ireland
8190,470633,Tom Kohler-Cadmore,DEFENDED,11,87,6,1.83,12.64,England
8191,1284532,Haider Butt,SLOG_SWEEP,11,6,1,11.0,183.33,Bahrain
8192,1099379,Gareth Delany,PUSH,11,29,1,11.0,37.93,Ireland
8193,1078697,Jeavor Royal,ON_DRIVE,11,10,1,11.0,110.0,West Indies
8194,450860,Adam Milne,FLICK,11,17,1,11.0,64.71,New Zealand
8195,314622,Krishmar Santokie,COVER_DRIVE,11,9,1,11.0,122.22,West Indies
8196,47660,Ryan ten Doeschate,PULL,11,5,2,5.5,220.0,Netherlands
8197,1153149,Vijayakanth Viyaskanth,PULL,11,16,1,11.0,68.75,Sri Lanka
8198,229954,Mark Stoneman,REVERSE_SWEEP,11,6,1,11.0,183.33,England
8199,229225,Kashif Daud,SLOG_SHOT,11,4,1,11.0,275.0,United Arab Emirates
8200,1138316,Maheesh Theekshana,CUT_SHOT,11,19,1,11.0,57.89,Sri Lanka
8201,1176959,Akash Deep,SLOG_SHOT,11,4,1,11.0,275.0,India
8202,675945,Nahidul Islam,SLOG_SHOT,11,10,4,2.75,110.0,Bangladesh
8203,562263,Robert O'Donnell,SLOG_SHOT,11,6,1,11.0,183.33,New Zealand
8204,693975,Sahan Arachchige,SLOG_SWEEP,11,12,2,5.5,91.67,Sri Lanka
8205,559235,Kuldeep Yadav,PUSH,11,19,1,11.0,57.89,India
8206,425943,Sanju Samson,HOOK,11,6,1,11.0,183.33,India
8207,559066,Ish Sodhi,CUT_SHOT,11,22,2,5.5,50.0,New Zealand
8208,1072470,Shaheen Shah Afridi,VERTICAL_FORWARD_ATTACK,11,16,1,11.0,68.75,Pakistan
8209,425943,Sanju Samson,UPPER_CUT,11,8,1,11.0,137.5,India
8210,29264,Harbhajan Singh,SQUARE_DRIVE,11,10,1,11.0,110.0,India
8211,562281,Aneurin Donald,REVERSE_SWEEP,11,9,1,11.0,122.22,England
8212,227760,Sarfaraz Ahmed,PADDLE_SWEEP,11,4,1,11.0,275.0,Pakistan
8213,823339,Ahmer Bin Nasir,SQUARE_DRIVE,11,7,1,11.0,157.14,Bahrain
8214,568276,Imam-ul-Haq,COVER_DRIVE,11,9,1,11.0,122.22,Pakistan
8215,568136,Fareed Ahmad,PULL,11,5,1,11.0,220.0,Afghanistan
8216,308408,Josh Cobb,DROP_AND_RUN,11,16,1,11.0,68.75,England
8217,427485,Arjit Gupta,PULL,11,7,2,5.5,157.14,India
8218,566685,Ben Coad,VERTICAL_FORWARD_ATTACK,11,18,1,11.0,61.11,England
8219,326016,Bhuvneshwar Kumar,PUSH,11,21,1,11.0,52.38,India
8220,637970,Harry Dearden,PUSH_SHOT,11,15,1,11.0,73.33,England
8221,1132219,Sanvir Singh,FLICK,11,7,1,11.0,157.14,India
8222,595978,Tristan Stubbs,STEERED,11,9,1,11.0,122.22,South Africa
8223,595978,Tristan Stubbs,DEFENDED,11,48,3,3.67,22.92,South Africa
8224,318340,Noor Ali Zadran,DEFENDED,11,38,1,11.0,28.95,Afghanistan
8225,318339,Samiullah Shinwari,DEFENDED,11,46,1,11.0,23.91,Afghanistan
8226,346914,Ben Slater,LEG_GLANCE,11,15,1,11.0,73.33,England
8227,598284,Damodaran Rohit,FLICK,11,9,2,5.5,122.22,India
8228,643197,Max O'Dowd,LEFT_ALONE,11,21,1,11.0,52.38,Netherlands
8229,319750,Kamran Khan,ON_DRIVE,11,8,2,5.5,137.5,Qatar
8230,1344829,Rizwan Butt,ON_DRIVE,11,9,2,5.5,122.22,Bahrain
8231,643433,George Garton,ON_DRIVE,11,10,1,11.0,110.0,England
8232,643433,George Garton,LEG_GLANCE,11,13,1,11.0,84.62,England
8233,434813,Marcus Harris,SWEEP_SHOT,11,4,1,11.0,275.0,Australia
8234,348056,Kyle Mayers,DEFENDED,11,169,4,2.75,6.51,West Indies
8235,230559,Kieron Pollard,DAB,11,15,1,11.0,73.33,West Indies
8236,345825,Chaturanga de Silva,CUT_SHOT,11,18,2,5.5,61.11,Sri Lanka
8237,230551,Gajanand Singh,SLOG_SHOT,11,8,3,3.67,137.5,United States of America
8238,1088608,Max Bryant,SLOG_SWEEP,11,6,1,11.0,183.33,Australia
8239,1292751,Will Prestwidge,SLOG_SHOT,11,4,1,11.0,275.0,Australia
8240,1292506,Nishant Sindhu,PULL,11,7,1,11.0,157.14,India
8241,46942,Aaron Phangiso,ON_DRIVE,11,16,1,11.0,68.75,South Africa
8242,1098186,Grant Stewart,SWEEP,11,6,1,11.0,183.33,Italy
8243,585100,Abdul Shakoor,ON_DRIVE,11,15,1,11.0,73.33,United Arab Emirates
8244,244497,Adil Rashid,LEG_GLANCE,11,9,2,5.5,122.22,England
8245,826945,Peter David Bocock,REVERSE_SWEEP,11,7,1,11.0,157.14,New Zealand
8246,1095879,Jack Davies,REVERSE_SWEEP,11,15,3,3.67,73.33,England
8247,5560,Brad Haddin,PULL,11,4,1,11.0,275.0,Australia
8248,348152,Usman Qadir,PUSH,11,17,2,5.5,64.71,Pakistan
8249,922943,Shadab Khan,DEFENDED,11,80,1,11.0,13.75,Pakistan
8250,1295842,Campbell Kellaway,COVER_DRIVE,11,15,2,5.5,73.33,Australia
8251,452044,Hanuma Vihari,ON_DRIVE,11,9,1,11.0,122.22,India
8252,348154,Zafar Gohar,PULL_HOOK_ON_BACK_FOOT,11,5,2,5.5,220.0,Pakistan
8253,1141032,Zaman Akhter,VERTICAL_FORWARD_ATTACK,11,13,1,11.0,84.62,England
8254,696401,Marco Jansen,CUT_SHOT,11,8,1,11.0,137.5,South Africa
8255,559062,Nick Kelly,REVERSE_SWEEP,11,8,1,11.0,137.5,New Zealand
8256,327832,Mangaliso Mosehle,CUT_SHOT,11,6,1,11.0,183.33,South Africa
8257,629074,Kusal Mendis,RAMP,11,6,1,11.0,183.33,Sri Lanka
8258,10622,Jack Brooks,VERTICAL_FORWARD_ATTACK,11,12,1,11.0,91.67,England
8259,545467,Junior Dala,FLICK,11,12,1,11.0,91.67,South Africa
8260,233648,Alex Doolan,SLOG_SHOT,11,4,1,11.0,275.0,Australia
8261,946507,Tadiwanashe Marumani,STRAIGHT_DRIVE,11,7,1,11.0,157.14,Zimbabwe
8262,328026,Isuru Udana,PUSH,11,24,1,11.0,45.83,Sri Lanka
8263,215155,Usman Khawaja,DEFENDED,11,71,2,5.5,15.49,Australia
8264,330408,Chris Barnwell,COVER_DRIVE,11,18,1,11.0,61.11,West Indies
8265,496219,Chirag Gandhi,CUT_SHOT,11,10,1,11.0,110.0,India
8266,443263,Hayden Walsh,FLICK,11,12,1,11.0,91.67,West Indies
8267,1256189,Vishnu Sukumaran,ON_DRIVE,11,16,2,5.5,68.75,
8268,270135,Ariful Haque,PUSH,11,24,2,5.5,45.83,Bangladesh
8269,233680,Jonathan Wells,RAMP,11,8,1,11.0,137.5,Australia
8270,1065115,Benjamin Manenti,COVER_DRIVE,11,11,2,5.5,100.0,Italy
8271,625383,Jasprit Bumrah,STEERED,11,15,1,11.0,73.33,India
8272,420402,Afsar Zazai,SLOG_SHOT,11,6,1,11.0,183.33,Afghanistan
8273,796255,Bilal Tahir,SLOG_SWEEP,11,5,1,11.0,220.0,Kuwait
8274,946507,Tadiwanashe Marumani,SLOG_SWEEP,11,6,1,11.0,183.33,Zimbabwe
8275,420402,Afsar Zazai,CUT_SHOT,11,16,1,11.0,68.75,Afghanistan
8276,24609,Gary Wilson,FLICK,11,14,2,5.5,78.57,Ireland
8277,1175489,Sameer Rizvi,ON_DRIVE,11,10,2,5.5,110.0,India
8278,499660,Gurinder Sandhu,PULL,11,6,1,11.0,183.33,Australia
8279,41028,Kamran Akmal,DEFENDED,11,77,3,3.67,14.29,Pakistan
8280,55343,Elton Chigumbura,DEFENDED,11,43,5,2.2,25.58,Zimbabwe
8281,793411,Danish Aziz,CUT_SHOT,11,10,1,11.0,110.0,Pakistan
8282,1028655,Pathum Nissanka,DEFENDED,11,97,5,2.2,11.34,Sri Lanka
8283,40618,Imran Tahir,STEERED,11,15,2,5.5,73.33,South Africa
8284,1027867,Lasith Croospulle,SLOG_SHOT,11,9,2,5.5,122.22,Sri Lanka
8285,792519,Dhananjaya Lakshan,COVER_DRIVE,11,9,1,11.0,122.22,Sri Lanka
8286,719715,Washington Sundar,SQUARE_DRIVE,11,14,2,5.5,78.57,India
8287,440990,Lega Siaka,SWEEP_SHOT,11,5,1,11.0,220.0,Papua New Guinea
8288,272465,James Pattinson,FLICK,11,10,3,3.67,110.0,Australia
8289,717373,Amad Butt,PULL,11,5,2,5.5,220.0,Pakistan
8290,299572,Sikandar Raza,LEG_GLANCE,11,14,1,11.0,78.57,Zimbabwe
8291,53191,Jerome Taylor,VERTICAL_FORWARD_ATTACK,11,9,1,11.0,122.22,West Indies
8292,233514,Thisara Perera,LEG_GLANCE,11,11,1,11.0,100.0,Sri Lanka
8293,1252163,Cole Briggs,ON_DRIVE,11,11,1,11.0,100.0,New Zealand
8294,380354,Anamul Haque,DEFENDED,11,102,3,3.67,10.78,Bangladesh
8295,1036191,Bas de Leede,STEERED,11,15,1,11.0,73.33,Netherlands
8296,272477,Jason Behrendorff,ON_DRIVE,11,17,5,2.2,64.71,Australia
8297,10582,Ravi Bopara,LEFT_ALONE,11,20,1,11.0,55.0,England
8298,1125960,Tanush Kotian,SLOG_SHOT,11,4,2,5.5,275.0,India
8299,481979,Anrich Nortje,SLOG_SHOT,11,15,6,1.83,73.33,South Africa
8300,633421,Muhammad Khan,ON_DRIVE,11,5,3,3.67,220.0,Hong Kong
8301,25967,Paras Khadka,ON_DRIVE,11,10,1,11.0,110.0,Nepal
8302,372116,Temba Bavuma,REVERSE_SWEEP,11,9,1,11.0,122.22,South Africa
8303,4818,Mark Cosgrove,SWEEP,11,10,2,5.5,110.0,Australia
8304,1070195,Harvik Desai,PULL,11,6,2,5.5,183.33,India
8305,326632,Joe Burns,STEERED,11,15,1,11.0,73.33,Italy
8306,1397996,Kashif Abbas,ON_DRIVE,11,5,1,11.0,220.0,Saudi Arabia
8307,25913,Mohammad Nabi,SWEEP,11,8,1,11.0,137.5,Afghanistan
8308,1070180,Priyam Garg,PUSH,11,24,2,5.5,45.83,India
8309,1272475,Zaman Khan,SLOG_SHOT,11,10,2,5.5,110.0,Pakistan
8310,326639,Simon Milenko,STRAIGHT_DRIVE,11,5,1,11.0,220.0,Australia
8311,266268,Pite van Biljon,SWEEP_SHOT,11,6,2,5.5,183.33,South Africa
8312,473191,Richard Gleeson,LEG_GLANCE,11,7,2,5.5,157.14,England
8313,1131753,Vishvaraj Jadeja,PULL,11,8,1,11.0,137.5,India
8314,557298,Daniel Worrall,ON_DRIVE,11,8,1,11.0,137.5,Australia
8315,906783,Obed McCoy,PULL,11,19,4,2.75,57.89,West Indies
8316,633638,Sharvin Muniandy,PUSH,11,13,1,11.0,84.62,Malaysia
8317,232364,Tim Southee,LEG_GLANCE,11,9,3,3.67,122.22,New Zealand
8318,555853,Mark Steketee,FLICK,11,17,3,3.67,64.71,Australia
8319,1397994,Mohammad Ahnaff,ON_DRIVE,11,15,2,5.5,73.33,Qatar
8320,1071000,Bryce Parsons,CUT_SHOT,11,4,1,11.0,275.0,South Africa
8321,481979,Anrich Nortje,PULL,11,6,1,11.0,183.33,South Africa
8322,8917,Moeen Ali,HOOK,11,7,1,11.0,157.14,England
8323,946507,Tadiwanashe Marumani,COVER_DRIVE,11,16,3,3.67,68.75,Zimbabwe
8324,1263691,Rehan Ahmed,ON_DRIVE,11,7,2,5.5,157.14,England
8325,1263691,Rehan Ahmed,PULL,11,7,1,11.0,157.14,England
8326,303423,Andy Balbirnie,DEFENDED,11,83,4,2.75,13.25,Ireland
8327,704693,Lahiru Udara,PULL,11,10,2,5.5,110.0,Sri Lanka
8328,51880,Chris Gayle,PUSH_SHOT,11,23,1,11.0,47.83,West Indies
8329,376116,Umesh Yadav,FLICK,11,17,3,3.67,64.71,India
8330,25446,Kyle Coetzer,SLOG_SHOT,11,15,2,5.5,73.33,Scotland
8331,447142,Sudip Chatterjee,COVER_DRIVE,10,7,1,10.0,142.86,India
8332,436686,Gareth Roderick,REVERSE_SWEEP,10,3,1,10.0,333.33,South Africa
8333,4451,George Bailey,SWEEP_SHOT,10,11,1,10.0,90.91,Australia
8334,451782,James Fuller,SQUARE_DRIVE,10,5,1,10.0,200.0,England
8335,447287,Faizan Asif,PULL,10,3,1,10.0,333.33,United Arab Emirates
8336,1411891,Tanish Suri,FLICK,10,14,1,10.0,71.43,United Arab Emirates
8337,892749,Tim David,HOOK,10,7,1,10.0,142.86,Australia
8338,233680,Jonathan Wells,LEFT_ALONE,10,27,1,10.0,37.04,Australia
8339,437927,Stephan Baard,STRAIGHT_DRIVE,10,3,1,10.0,333.33,Namibia
8340,859899,Calvin Harrison,LEG_GLANCE,10,7,2,5.0,142.86,England
8341,914623,Liam Trevaskis,CUT_SHOT_ON_BACK_FOOT,10,11,1,10.0,90.91,England
8342,446548,Scott Boland,ON_DRIVE,10,9,1,10.0,111.11,Australia
8343,446690,Pargat Singh,COVER_DRIVE,10,9,2,5.0,111.11,Canada
8344,1360563,Muhammad Abbas,PUSH,10,13,1,10.0,76.92,New Zealand
8345,453289,Neville Madziva,COVER_DRIVE,10,7,2,5.0,142.86,Zimbabwe
8346,1388460,Rahul Chopra,SWEEP_SHOT,10,5,1,10.0,200.0,
8347,1397996,Kashif Abbas,FLICK,10,14,2,5.0,71.43,Saudi Arabia
8348,1352980,Habibur Rahman Sohan,FLICK,10,14,2,5.0,71.43,Bangladesh
8349,877051,Tom Banton,RAMP,10,3,1,10.0,333.33,England
8350,5334,Aaron Finch,HOOK,10,5,1,10.0,200.0,Australia
8351,1343701,Uday Hathinjar,PULL,10,7,1,10.0,142.86,Cambodia
8352,219885,Tom Cooper,SLOG_SWEEP,10,4,2,5.0,250.0,Netherlands
8353,956871,Prerak Mankad,SWEEP_SHOT,10,8,1,10.0,125.0,India
8354,422108,KL Rahul,LEFT_ALONE,10,72,1,10.0,13.89,India
8355,806241,Richard Ngarava,SLOG_SHOT,10,11,3,3.33,90.91,Zimbabwe
8356,267192,Steven Smith,HOOK,10,3,1,10.0,333.33,Australia
8357,480603,Iftikhar Ahmed,DEFENDED,10,96,3,3.33,10.42,Pakistan
8358,940973,Mohammed Siraj,COVER_DRIVE,10,20,2,5.0,50.0,India
8359,422965,Shehan Jayasuriya,PUSH,10,16,1,10.0,62.5,United States of America
8360,819429,Azmatullah Omarzai,UPPER_CUT,10,4,1,10.0,250.0,Afghanistan
8361,486672,Theunis de Bruyn,SQUARE_DRIVE,10,14,1,10.0,71.43,South Africa
8362,414821,Stuart Thompson,SWEEP_SHOT,10,5,1,10.0,200.0,Ireland
8363,948593,Mihlali Mpongwana,ON_DRIVE,10,11,2,5.0,90.91,South Africa
8364,793463,Rashid Khan,REVERSE_SWEEP,10,6,1,10.0,166.67,Afghanistan
8365,272465,James Pattinson,PULL,10,7,2,5.0,142.86,Australia
8366,489889,Pat Cummins,CUT_SHOT,10,9,1,10.0,111.11,Australia
8367,272485,Sam Robson,LEG_GLANCE,10,13,1,10.0,76.92,England
8368,952729,Michael Cohen,VERTICAL_FORWARD_ATTACK,10,11,1,10.0,90.91,South Africa
8369,948593,Mihlali Mpongwana,COVER_DRIVE,10,8,1,10.0,125.0,South Africa
8370,495964,Ryan Burl,SQUARE_DRIVE,10,15,1,10.0,66.67,Zimbabwe
8371,794713,Kushal Bhurtel,FLICK,10,7,1,10.0,142.86,Nepal
8372,419873,Mohammad Shahzad,REVERSE_SWEEP,10,4,1,10.0,250.0,Afghanistan
8373,493773,Lockie Ferguson,CUT_SHOT,10,8,1,10.0,125.0,New Zealand
8374,489889,Pat Cummins,DEFENDED,10,51,5,2.0,19.61,Australia
8375,425639,Tendai Chatara,ON_DRIVE,10,7,2,5.0,142.86,Zimbabwe
8376,246005,Sam Northeast,FORWARD_DEFENCE,10,61,1,10.0,16.39,England
8377,431902,Yannic Cariah,ON_DRIVE,10,8,2,5.0,125.0,West Indies
8378,244639,Harry Gurney,VERTICAL_FORWARD_ATTACK,10,8,4,2.5,125.0,England
8379,921509,Ibrahim Zadran,STRAIGHT_DRIVE,10,12,1,10.0,83.33,Afghanistan
8380,834741,Caleb Jewell,DEFENDED,10,51,2,5.0,19.61,Australia
8381,851261,Anmolpreet Singh,SLOG_SHOT,10,5,2,5.0,200.0,India
8382,511532,Al-Amin Hossain,ON_DRIVE,10,12,2,5.0,83.33,Bangladesh
8383,1339049,Harsh Desai,PULL,10,5,1,10.0,200.0,India
8384,230371,Ben Cutting,DEFENDED,10,117,5,2.0,8.55,Australia
8385,822485,Muhammad Akhlaq,COVER_DRIVE,10,10,1,10.0,100.0,Pakistan
8386,823339,Ahmer Bin Nasir,ON_DRIVE,10,14,1,10.0,71.43,Bahrain
8387,471342,Krunal Pandya,DEFENDED,10,108,4,2.5,9.26,India
8388,959759,Finn Allen,SWEEP,10,6,1,10.0,166.67,New Zealand
8389,787073,Chris Green,CUT_SHOT_ON_BACK_FOOT,10,9,2,5.0,111.11,Australia
8390,936337,Rahul Hazarika,FLICK,10,11,1,10.0,90.91,India
8391,823509,Glenn Phillips,HOOK,10,5,1,10.0,200.0,New Zealand
8392,959767,Rachin Ravindra,PULL_HOOK_ON_BACK_FOOT,10,6,1,10.0,166.67,New Zealand
8393,227758,Imad Wasim,SWEEP_SHOT,10,7,1,10.0,142.86,Pakistan
8394,256956,Laurie Evans,DEFENDED,10,73,1,10.0,13.7,England
8395,228622,John Hastings,SLOG_SHOT,10,9,4,2.5,111.11,Australia
8396,506612,Matt Henry,ON_DRIVE,10,7,1,10.0,142.86,New Zealand
8397,1287369,Saurav Chauhan,FLICK,10,9,1,10.0,111.11,India
8398,1287369,Saurav Chauhan,PULL,10,8,2,5.0,125.0,India
8399,331855,Taruwar Kohli,CUT_SHOT,10,13,1,10.0,76.92,India
8400,308251,David Willey,FORWARD_DEFENCE,10,73,2,5.0,13.7,England
8401,1172968,Dan Mousley,FLICK,10,13,1,10.0,76.92,England
8402,46393,Ryan McLaren,SWEEP,10,6,1,10.0,166.67,South Africa
8403,300073,Ned Eckersley,REVERSE_SWEEP,10,11,1,10.0,90.91,England
8404,660889,Mason Crane,CUT_SHOT_ON_BACK_FOOT,10,13,2,5.0,76.92,England
8405,1151273,Nehal Wadhera,SLOG_SHOT,10,10,3,3.33,100.0,India
8406,46148,Richard Levi,REVERSE_SWEEP,10,7,1,10.0,142.86,South Africa
8407,348133,Steven Taylor,SLOG_SHOT,10,4,1,10.0,250.0,United States of America
8408,1152427,Dunith Wellalage,ON_DRIVE,10,18,2,5.0,55.56,Sri Lanka
8409,349853,Zafar Ansari,CUT_SHOT_ON_BACK_FOOT,10,13,2,5.0,76.92,England
8410,46543,Wayne Madsen,SLOG_SWEEP,10,6,2,5.0,166.67,Italy
8411,1171647,Avneesh Sudha,FLICK,10,10,1,10.0,100.0,India
8412,46543,Wayne Madsen,PULL,10,10,2,5.0,100.0,Italy
8413,714451,Shivam Dube,HOOK,10,3,1,10.0,333.33,India
8414,532424,Sohail Akhtar,SWEEP_SHOT,10,4,1,10.0,250.0,Pakistan
8415,297583,Kyle Abbott,CUT_SHOT_ON_BACK_FOOT,10,7,1,10.0,142.86,South Africa
8416,596417,Brydon Carse,CUT_SHOT,10,12,1,10.0,83.33,England
8417,643433,George Garton,FLICK,10,10,1,10.0,100.0,England
8418,384355,Anaru Kitchen,CUT_SHOT,10,5,1,10.0,200.0,New Zealand
8419,532424,Sohail Akhtar,HOOK,10,4,1,10.0,250.0,Pakistan
8420,642525,Sarfaraz Khan,PUSH,10,23,1,10.0,43.48,India
8421,595739,Leus du Plooy,UPPER_CUT,10,3,1,10.0,333.33,England
8422,344580,Shreyas Gopal,SLOG_SHOT,10,6,2,5.0,166.67,India
8423,344580,Shreyas Gopal,REVERSE_SWEEP,10,7,1,10.0,142.86,India
8424,1005257,Simi Singh,SWEEP_SHOT,10,10,2,5.0,100.0,Ireland
8425,1175489,Sameer Rizvi,FLICK,10,8,1,10.0,125.0,India
8426,348109,Paul van Meekeren,PULL_HOOK_ON_BACK_FOOT,10,6,1,10.0,166.67,Netherlands
8427,595954,Duan Jansen,ON_DRIVE,10,11,1,10.0,90.91,South Africa
8428,1150772,Tom Hartley,PUSH_SHOT,10,8,1,10.0,125.0,England
8429,318842,Khaya Zondo,PULL,10,10,1,10.0,100.0,South Africa
8430,381329,Beau Webster,DEFENDED,10,87,2,5.0,11.49,Australia
8431,1027781,Matthew Potts,PULL_HOOK_ON_BACK_FOOT,10,10,3,3.33,100.0,England
8432,348034,George Dockrell,SWEEP_SHOT,10,6,1,10.0,166.67,Ireland
8433,297592,Luke Fletcher,PULL_HOOK_ON_BACK_FOOT,10,12,1,10.0,83.33,England
8434,1082298,Ashan Randika,PULL,10,3,1,10.0,333.33,Sri Lanka
8435,1161024,Prabhsimran Singh,DEFENDED,10,70,3,3.33,14.29,India
8436,570262,George Rhodes,PULL_HOOK_ON_BACK_FOOT,10,12,1,10.0,83.33,England
8437,553249,Bjorn Fortuin,PULL,10,12,3,3.33,83.33,South Africa
8438,1161024,Prabhsimran Singh,HOOK,10,5,1,10.0,200.0,India
8439,1081730,Matthew Gilkes,SLOG_SWEEP,10,8,3,3.33,125.0,Australia
8440,373696,Mominul Haque,STEERED,10,21,1,10.0,47.62,Bangladesh
8441,359649,Mohammed Aslam,SLOG_SHOT,10,5,1,10.0,200.0,Kuwait
8442,567645,Josh Shaw,VERTICAL_FORWARD_ATTACK,10,8,1,10.0,125.0,England
8443,696145,Nick Welch,PUSH_SHOT,10,29,1,10.0,34.48,Zimbabwe
8444,1161381,Mahmudul Hasan Joy,SLOG_SWEEP,10,3,1,10.0,333.33,Bangladesh
8445,698315,Donovan Ferreira,SLOG_SWEEP,10,5,2,5.0,200.0,South Africa
8446,50802,Mahela Udawatte,FLICK,10,8,1,10.0,125.0,Sri Lanka
8447,701227,Ainool Hafizs,PULL,10,5,1,10.0,200.0,Malaysia
8448,49535,Nuwan Kulasekara,SLOG_SHOT,10,4,2,5.0,250.0,Sri Lanka
8449,1153276,Oliver Price,LEG_GLANCE,10,9,1,10.0,111.11,England
8450,314615,Jonathan Carter,STEERED,10,16,2,5.0,62.5,West Indies
8451,1079470,Ramandeep Singh,CUT_SHOT,10,9,1,10.0,111.11,India
8452,574287,Chad Soper,CUT_SHOT,10,10,1,10.0,100.0,Papua New Guinea
8453,47660,Ryan ten Doeschate,DEFENDED,10,13,1,10.0,76.92,Netherlands
8454,32102,Naman Ojha,DEFENDED,10,44,2,5.0,22.73,India
8455,709675,James Bazley,SLOG_SWEEP,10,6,2,5.0,166.67,Australia
8456,47492,Dale Steyn,ON_DRIVE,10,7,1,10.0,142.86,South Africa
8457,670013,Fabian Allen,SWEEP_SHOT,10,8,1,10.0,125.0,West Indies
8458,52912,Ravi Rampaul,VERTICAL_FORWARD_ATTACK,10,10,2,5.0,100.0,West Indies
8459,1171127,Haseebullah Khan,PULL,10,5,1,10.0,200.0,Pakistan
8460,549950,Munim Shahriar,SWEEP_SHOT,10,6,1,10.0,166.67,Bangladesh
8461,47711,Morne van Wyk,SQUARE_DRIVE,10,7,1,10.0,142.86,South Africa
8462,571703,Wellington Masakadza,COVER_DRIVE,10,13,2,5.0,76.92,Zimbabwe
8463,359184,Tom Lewis,LEG_GLANCE,10,6,1,10.0,166.67,England
8464,303423,Andy Balbirnie,STRAIGHT_DRIVE,10,14,3,3.33,71.43,Ireland
8465,51866,Assad Fudadin,SLOG_SHOT,10,4,2,5.0,250.0,West Indies
8466,550215,Kagiso Rabada,DEFENDED,10,46,2,5.0,21.74,South Africa
8467,376169,Michael Neser,SQUARE_DRIVE,10,14,1,10.0,71.43,Australia
8468,707113,Tom Bruce,PULL_HOOK_ON_BACK_FOOT,10,8,1,10.0,125.0,New Zealand
8469,707113,Tom Bruce,PUSH,10,22,1,10.0,45.45,New Zealand
8470,629075,Minod Bhanuka,SLOG_SWEEP,10,4,2,5.0,250.0,Sri Lanka
8471,605575,Matthew Short,DEFENDED,10,91,1,10.0,10.99,Australia
8472,526441,Mark Adair,VERTICAL_FORWARD_ATTACK,10,9,1,10.0,111.11,Ireland
8473,327830,Dwaine Pretorius,STEERED,10,12,1,10.0,83.33,South Africa
8474,990031,Towhid Hridoy,DEFENDED,10,73,1,10.0,13.7,Bangladesh
8475,334340,Ian Holland,LEG_GLANCE,10,13,1,10.0,76.92,United States of America
8476,605360,Akshay Wadkar,ON_DRIVE,10,14,1,10.0,71.43,India
8477,340062,Priyank Panchal,COVER_DRIVE,10,13,1,10.0,76.92,India
8478,328026,Isuru Udana,SQUARE_DRIVE,10,7,1,10.0,142.86,Sri Lanka
8479,519070,Gerhard Erasmus,PUSH,10,20,2,5.0,50.0,Namibia
8480,604593,Vishnu Solanki,COVER_DRIVE,10,7,1,10.0,142.86,India
8481,604593,Vishnu Solanki,PULL,10,8,1,10.0,125.0,India
8482,747067,Josh Bohannon,PUSH_SHOT,10,12,2,5.0,83.33,England
8483,776695,Matt Critchley,STEERED,10,8,1,10.0,125.0,England
8484,1126045,Nishan Madushka,FLICK,10,19,1,10.0,52.63,Sri Lanka
8485,41378,Misbah-ul-Haq,FLICK,10,15,1,10.0,66.67,Pakistan
8486,1200965,Saqlain Arshad,SLOG_SHOT,10,6,1,10.0,166.67,Qatar
8487,56053,Nadif Chowdhury,PULL,10,6,1,10.0,166.67,Bangladesh
8488,1127317,Scott Edwards,SLOG_SHOT,10,7,1,10.0,142.86,Netherlands
8489,333800,Lachlan Pfeffer,SLOG_SHOT,10,3,1,10.0,333.33,Australia
8490,1129639,Callum McLachlan,PULL,10,8,1,10.0,125.0,New Zealand
8491,38699,Ross Taylor,PADDLE_SWEEP,10,8,1,10.0,125.0,New Zealand
8492,1203754,Junaid Siddique,SLOG_SHOT,10,10,1,10.0,100.0,United Arab Emirates
8493,21447,Tom Smith,VERTICAL_FORWARD_ATTACK,10,17,2,5.0,58.82,England
8494,974087,Rahmanullah Gurbaz,REVERSE_SWEEP,10,4,1,10.0,250.0,Afghanistan
8495,333066,Johnson Charles,DAB,10,15,3,3.33,66.67,West Indies
8496,990023,Tanzid Hasan,UPPER_CUT,10,3,1,10.0,333.33,Bangladesh
8497,1206052,Yudhvir Singh,SLOG_SHOT,10,3,1,10.0,333.33,India
8498,1126059,Omair Yousuf,PUSH,10,9,1,10.0,111.11,Pakistan
8499,1205559,Mohammad Haris,PADDLE_SWEEP,10,8,1,10.0,125.0,Pakistan
8500,631542,Rob Sayer,VERTICAL_FORWARD_ATTACK,10,10,1,10.0,100.0,England
8501,1203995,Shahnawaz Dahani,SLOG_SHOT,10,10,3,3.33,100.0,Pakistan
8502,1124282,Josh Philippe,REVERSE_SWEEP,10,10,1,10.0,100.0,Australia
8503,627627,Tom Rogers,CUT_SHOT,10,10,1,10.0,100.0,Australia
8504,23508,Riki Wessels,FORWARD_DEFENCE,10,44,1,10.0,22.73,England
8505,340841,Eklavya Dwivedi,ON_DRIVE,10,4,1,10.0,250.0,India
8506,44149,Johan Botha,SLOG_SHOT,10,6,2,5.0,166.67,South Africa
8507,388678,Ben Dunk,SLOG_SWEEP,10,5,2,5.0,200.0,Australia
8508,297482,Ben Sanderson,PULL_HOOK_ON_BACK_FOOT,10,13,2,5.0,76.92,England
8509,1098405,Ben Allison,VERTICAL_FORWARD_ATTACK,10,11,1,10.0,90.91,England
8510,530011,Travis Head,PUSH,10,26,1,10.0,38.46,Australia
8511,1139511,Parvez Hossain Emon,SWEEP_SHOT,10,5,2,5.0,200.0,Bangladesh
8512,1139520,Tanzim Hasan Sakib,STRAIGHT_DRIVE,10,4,1,10.0,250.0,Bangladesh
8513,1185574,Ben Geddes,LEG_GLANCE,10,8,1,10.0,125.0,England
8514,1124282,Josh Philippe,DEFENDED,10,84,1,10.0,11.9,Australia
8515,400587,Irfan Sukkur,REVERSE_SWEEP,10,8,2,5.0,125.0,Bangladesh
8516,742489,Neil Brand,ON_DRIVE,10,11,1,10.0,90.91,South Africa
8517,928073,William McClintock,PULL,9,4,1,9.0,225.0,Ireland
8518,671805,George Munsey,PULL_HOOK_ON_BACK_FOOT,9,9,3,3.0,100.0,Scotland
8519,878465,Mehedi Hasan Rana,SLOG_SHOT,9,4,1,9.0,225.0,Bangladesh
8520,1158100,Mohammad Hasnain,ON_DRIVE,9,12,2,4.5,75.0,Pakistan
8521,1158538,Abbas Afridi,FLICK,9,11,1,9.0,81.82,Pakistan
8522,1126693,Baxter Holt,SLOG_SHOT,9,9,2,4.5,100.0,Australia
8523,570262,George Rhodes,LEG_GLANCE,9,8,1,9.0,112.5,England
8524,362603,Shafiqullah,SLOG_SWEEP,9,5,1,9.0,180.0,Afghanistan
8525,1076382,Mackenzie Harvey,SQUARE_DRIVE,9,10,2,4.5,90.0,Australia
8526,26907,Rajat Bhatia,ON_DRIVE,9,10,1,9.0,90.0,India
8527,310107,Danny Briggs,CUT_SHOT_ON_BACK_FOOT,9,13,1,9.0,69.23,England
8528,40618,Imran Tahir,SQUARE_DRIVE,9,6,2,4.5,150.0,South Africa
8529,1428999,Vimukthi Viraj,CUT_SHOT,9,8,1,9.0,112.5,
8530,906053,Tom Scriven,VERTICAL_FORWARD_ATTACK,9,13,1,9.0,69.23,England
8531,574178,Akila Dananjaya,ON_DRIVE,9,14,2,4.5,64.29,Sri Lanka
8532,8119,Adam Voges,STEERED,9,10,1,9.0,90.0,Australia
8533,49619,Suranga Lakmal,SLOG_SHOT,9,15,2,4.5,60.0,Sri Lanka
8534,573170,Luke Wood,FLICK,9,13,1,9.0,69.23,England
8535,623977,Agha Salman,LEG_GLANCE,9,4,1,9.0,225.0,Pakistan
8536,42639,Shahid Afridi,DEFENDED,9,25,1,9.0,36.0,Pakistan
8537,1287040,Joseph Lalthankhuma,FLICK,9,9,1,9.0,100.0,India
8538,905931,Thilan Walallawita,PULL_HOOK_ON_BACK_FOOT,9,5,2,4.5,180.0,England
8539,307808,Rohan Mustafa,FLICK,9,11,1,9.0,81.82,United Arab Emirates
8540,559235,Kuldeep Yadav,DEFENDED,9,37,1,9.0,24.32,India
8541,26907,Rajat Bhatia,SLOG_SHOT,9,4,1,9.0,225.0,India
8542,1125687,Rajjakuddin Ahmed,ON_DRIVE,9,6,1,9.0,150.0,India
8543,1125976,Arshdeep Singh,ON_DRIVE,9,13,2,4.5,69.23,India
8544,359746,Saad Bin Zafar,PULL,9,4,1,9.0,225.0,Canada
8545,308405,Raymond van Schoor,CUT_SHOT,9,12,1,9.0,75.0,Namibia
8546,1078692,Alick Athanaze,SLOG_SWEEP,9,5,1,9.0,180.0,West Indies
8547,625383,Jasprit Bumrah,ON_DRIVE,9,12,3,3.0,75.0,India
8548,327832,Mangaliso Mosehle,SLOG_SHOT,9,5,1,9.0,180.0,South Africa
8549,41140,Khurram Manzoor,SLOG_SHOT,9,8,4,2.25,112.5,Pakistan
8550,332996,Kyle Jarvis,PULL,9,9,1,9.0,100.0,Zimbabwe
8551,931603,Brendan Doggett,ON_DRIVE,9,7,2,4.5,128.57,Australia
8552,1284541,Zain Ul Abidin,SLOG_SHOT,9,8,2,4.5,112.5,Saudi Arabia
8553,429668,Imal Liyanage,FLICK,9,12,1,9.0,75.0,Qatar
8554,260036,Tanwir Afzal,PULL,9,11,2,4.5,81.82,Hong Kong
8555,444970,Jimmy Peirson,DEFENDED,9,78,3,3.0,11.54,Australia
8556,1123073,Anuj Rawat,DAB,9,9,1,9.0,100.0,India
8557,885743,Ryan Stevenson,PUSH_SHOT,9,8,1,9.0,112.5,England
8558,41046,Khalid Latif,SWEEP_SHOT,9,8,1,9.0,112.5,Pakistan
8559,227758,Imad Wasim,CUT_SHOT_ON_BACK_FOOT,9,5,1,9.0,180.0,Pakistan
8560,821749,Saif Hassan,SLOG_SHOT,9,4,1,9.0,225.0,Bangladesh
8561,892749,Tim David,DEFENDED,9,87,2,4.5,10.34,Australia
8562,679567,Ben Dwarshuis,CUT_SHOT_ON_BACK_FOOT,9,9,1,9.0,100.0,Australia
8563,1125958,Atharva Taide,SQUARE_DRIVE,9,6,1,9.0,150.0,India
8564,696127,Brad Evans,SLOG_SHOT,9,6,2,4.5,150.0,Zimbabwe
8565,333001,Tinotenda Mutombodzi,ON_DRIVE,9,11,3,3.0,81.82,Zimbabwe
8566,359649,Mohammed Aslam,ON_DRIVE,9,13,1,9.0,69.23,Kuwait
8567,44410,Farhaan Behardien,SWEEP_SHOT,9,6,1,9.0,150.0,South Africa
8568,439952,Chris Morris,DEFENDED,9,25,2,4.5,36.0,South Africa
8569,235516,Richmond Mutumbami,DEFENDED,9,39,1,9.0,23.08,Zimbabwe
8570,348059,Barry McCarthy,LEG_GLANCE,9,4,1,9.0,225.0,Ireland
8571,325012,Marcus Stoinis,LEFT_ALONE,9,58,3,3.0,15.52,Australia
8572,1099224,Will Smeed,SLOG_SWEEP,9,7,2,4.5,128.57,England
8573,1339013,Nihar Narah,PULL,9,4,1,9.0,225.0,India
8574,325012,Marcus Stoinis,DAB,9,12,1,9.0,75.0,Australia
8575,1339045,Chanchal Rathore,COVER_DRIVE,9,10,2,4.5,90.0,India
8576,647667,Usama Mir,FLICK,9,8,1,9.0,112.5,Pakistan
8577,348091,Kavem Hodge,FLICK,9,8,1,9.0,112.5,West Indies
8578,6033,Mitchell Johnson,PULL,9,8,1,9.0,112.5,Australia
8579,457280,Adam Rossington,REVERSE_SWEEP,9,11,2,4.5,81.82,England
8580,43685,Yasir Shah,SLOG_SHOT,9,6,2,4.5,150.0,Pakistan
8581,854909,Blair Tickner,PULL,9,4,1,9.0,225.0,New Zealand
8582,641423,Dan Lawrence,SWEEP_SHOT,9,5,1,9.0,180.0,England
8583,914455,Jyd Goolie,CUT_SHOT,9,7,1,9.0,128.57,West Indies
8584,1143529,Imran Anwar,PULL,9,6,1,9.0,150.0,Bahrain
8585,646003,Jack Burnham,SWEEP,9,10,2,4.5,90.0,England
8586,1138316,Maheesh Theekshana,FLICK,9,14,1,9.0,64.29,Sri Lanka
8587,45204,Robbie Frylinck,STEERED,9,14,2,4.5,64.29,South Africa
8588,436686,Gareth Roderick,SWEEP,9,7,2,4.5,128.57,South Africa
8589,1149157,Chris Benjamin,COVER_DRIVE,9,11,1,9.0,81.82,England
8590,643197,Max O'Dowd,DEFENDED,9,50,1,9.0,18.0,Netherlands
8591,350629,Nizakat Khan,VERTICAL_FORWARD_ATTACK,9,8,1,9.0,112.5,Hong Kong
8592,248920,Devon Thomas,PUSH,9,32,1,9.0,28.12,West Indies
8593,461632,Reece Topley,SLOG_SHOT,9,11,1,9.0,81.82,England
8594,350126,Luke Wells,REVERSE_SWEEP,9,8,2,4.5,112.5,England
8595,594274,Isaac Dikgale,FLICK,9,6,2,4.5,150.0,South Africa
8596,1397996,Kashif Abbas,CUT_SHOT,9,8,1,9.0,112.5,Saudi Arabia
8597,461158,Tom Knight,CUT_SHOT_ON_BACK_FOOT,9,8,1,9.0,112.5,England
8598,1294141,Aryansh Sharma,PUSH,9,21,1,9.0,42.86,United Arab Emirates
8599,1079470,Ramandeep Singh,STEERED,9,8,1,9.0,112.5,India
8600,465327,Innocent Kaia,FLICK,9,13,1,9.0,69.23,Zimbabwe
8601,1079848,Shivam Mavi,FLICK,9,7,1,9.0,128.57,India
8602,1129639,Callum McLachlan,ON_DRIVE,9,10,2,4.5,90.0,New Zealand
8603,605683,Migael Pretorius,SQUARE_DRIVE,9,5,1,9.0,180.0,South Africa
8604,47492,Dale Steyn,COVER_DRIVE,9,4,1,9.0,225.0,South Africa
8605,47490,Daryn Smit,PUSH_SHOT,9,14,1,9.0,64.29,South Africa
8606,1131181,Llew Johnson,CUT_SHOT,9,11,1,9.0,81.82,New Zealand
8607,922941,Abdullah Shafique,LEG_GLANCE,9,7,1,9.0,128.57,Pakistan
8608,230555,Shamarh Brooks,DEFENDED,9,53,1,9.0,16.98,West Indies
8609,447458,Swapnil Patil,FLICK,9,11,3,3.0,81.82,United Arab Emirates
8610,1300795,Akshat Raghuwanshi,PULL,9,4,1,9.0,225.0,India
8611,1397994,Mohammad Ahnaff,CUT_SHOT,9,7,1,9.0,128.57,Qatar
8612,32685,Irfan Pathan,ON_DRIVE,9,10,2,4.5,90.0,India
8613,438563,Mark Chapman,DEFENDED,9,76,2,4.5,11.84,New Zealand
8614,1294141,Aryansh Sharma,SQUARE_DRIVE,9,7,1,9.0,128.57,United Arab Emirates
8615,594995,Gavin Kaplan,ON_DRIVE,9,9,1,9.0,100.0,South Africa
8616,633561,Mirza Mohammed Baig,ON_DRIVE,9,8,1,9.0,112.5,Qatar
8617,348152,Usman Qadir,STEERED,9,11,1,9.0,81.82,Pakistan
8618,1112535,Neil Rock,ON_DRIVE,9,10,3,3.0,90.0,Ireland
8619,1088610,Jack Edwards,SQUARE_DRIVE,9,9,1,9.0,100.0,Australia
8620,315586,Chadwick Walton,DAB,9,12,1,9.0,75.0,West Indies
8621,794749,Faisal Khan,PULL,9,10,2,4.5,90.0,Saudi Arabia
8622,713195,Harry Nielsen,SLOG_SWEEP,9,5,1,9.0,180.0,Australia
8623,1194744,Shevon Daniel,SWEEP_SHOT,9,5,1,9.0,180.0,Sri Lanka
8624,1058990,Ansh Tandon,ON_DRIVE,9,10,1,9.0,90.0,United Arab Emirates
8625,407875,Craig Miles,PULL_HOOK_ON_BACK_FOOT,9,13,1,9.0,69.23,England
8626,508442,Abdul Mazid,PULL,9,4,1,9.0,225.0,Bangladesh
8627,21646,James Tredwell,PUSH_SHOT,9,10,2,4.5,90.0,England
8628,540316,Andile Phehlukwayo,REVERSE_SWEEP,9,8,4,2.25,112.5,South Africa
8629,959759,Finn Allen,SQUARE_DRIVE,9,10,3,3.0,90.0,New Zealand
8630,1058924,Nasrulla Rana,CUT_SHOT,9,11,1,9.0,81.82,Hong Kong
8631,946507,Tadiwanashe Marumani,STEERED,9,6,1,9.0,150.0,Zimbabwe
8632,990081,Mohammad Naim,DEFENDED,9,127,6,1.5,7.09,Bangladesh
8633,52334,Imran Khan,COVER_DRIVE,9,13,1,9.0,69.23,West Indies
8634,989935,Shahadat Hossain,PUSH,9,22,1,9.0,40.91,Bangladesh
8635,486672,Theunis de Bruyn,PUSH,9,18,1,9.0,50.0,South Africa
8636,52334,Imran Khan,CUT_SHOT,9,5,2,4.5,180.0,West Indies
8637,707173,Jamie Gibson,ON_DRIVE,9,9,1,9.0,100.0,New Zealand
8638,522898,Charlie Morris,VERTICAL_FORWARD_ATTACK,9,11,1,9.0,81.82,England
8639,9062,Ian Bell,SWEEP,9,16,3,3.0,56.25,England
8640,493773,Lockie Ferguson,PULL,9,6,1,9.0,150.0,New Zealand
8641,52334,Imran Khan,STEERED,9,7,1,9.0,128.57,West Indies
8642,1170265,Tilak Varma,DAB,9,14,1,9.0,64.29,India
8643,525992,Adam Hose,BACK_DEFENCE,9,22,1,9.0,40.91,England
8644,547764,Cam Fletcher,PUSH,9,12,1,9.0,75.0,New Zealand
8645,379140,Devon Conway,PUSH_SHOT,9,20,1,9.0,45.0,New Zealand
8646,288992,Chris Jordan,SWEEP,9,10,1,9.0,90.0,England
8647,23523,Michael Yardy,SWEEP,9,4,1,9.0,225.0,England
8648,24599,Boyd Rankin,VERTICAL_FORWARD_ATTACK,9,7,1,9.0,128.57,Ireland
8649,732291,Basil Thampi,SLOG_SHOT,9,6,1,9.0,150.0,India
8650,1185538,Mohammad Wasim,PUSH,9,17,1,9.0,52.94,Pakistan
8651,211855,Liam Dawson,PUSH,9,20,1,9.0,45.0,England
8652,530015,William Bosisto,SLOG_SHOT,9,6,1,9.0,150.0,Australia
8653,55395,Colin de Grandhomme,SWEEP_SHOT,9,5,1,9.0,180.0,New Zealand
8654,1246518,Karan Sharma,PULL,9,6,1,9.0,150.0,India
8655,1181708,Nick Greenwood,ON_DRIVE,9,7,1,9.0,128.57,Jersey
8656,384518,Hammad Azam,SLOG_SHOT,9,8,2,4.5,112.5,United States of America
8657,1023059,Michael Finan,CUT_SHOT_ON_BACK_FOOT,9,5,1,9.0,180.0,England
8658,381329,Beau Webster,SLOG_SWEEP,9,10,1,9.0,90.0,Australia
8659,297592,Luke Fletcher,LEG_GLANCE,9,7,1,9.0,128.57,England
8660,500268,Ashton Turner,PUSH_SHOT,9,18,2,4.5,50.0,Australia
8661,24605,Kevin O'Brien,PUSH_SHOT,9,19,1,9.0,47.37,Ireland
8662,1241265,Aayan Afzal Khan,SQUARE_DRIVE,9,7,1,9.0,128.57,United Arab Emirates
8663,505110,Kurtis Patterson,REVERSE_SWEEP,9,4,1,9.0,225.0,Australia
8664,1175441,Ravi Bishnoi,ON_DRIVE,9,7,1,9.0,128.57,India
8665,998369,Ben Charlesworth,PUSH_SHOT,9,23,2,4.5,39.13,England
8666,388802,Tom Latham,FORWARD_DEFENCE,9,23,2,4.5,39.13,New Zealand
8667,1193548,Tim Pringle,COVER_DRIVE,9,11,1,9.0,81.82,Netherlands
8668,1241265,Aayan Afzal Khan,SLOG_SWEEP,9,7,2,4.5,128.57,United Arab Emirates
8669,505110,Kurtis Patterson,SWEEP_SHOT,9,14,1,9.0,64.29,Australia
8670,24844,Sarel Burger,SLOG_SHOT,9,4,1,9.0,225.0,Namibia
8671,297630,Matt Coles,CUT_SHOT_ON_BACK_FOOT,9,6,1,9.0,150.0,England
8672,534734,Chirag Suri,SLOG_SHOT,9,5,1,9.0,180.0,United Arab Emirates
8673,50710,Kumar Sangakkara,DEFENDED,9,56,1,9.0,16.07,Sri Lanka
8674,297630,Matt Coles,SWEEP,9,6,2,4.5,150.0,England
8675,297488,Matt Machan,CUT_SHOT_ON_BACK_FOOT,9,13,2,4.5,69.23,England
8676,739603,Aaron Thomason,LEG_GLANCE,9,13,1,9.0,69.23,England
8677,9042,Gareth Batty,PULL_HOOK_ON_BACK_FOOT,9,10,2,4.5,90.0,England
8678,1021025,Muhammad Amir,FLICK,9,9,1,9.0,100.0,Malaysia
8679,940973,Mohammed Siraj,FLICK,9,10,1,9.0,90.0,India
8680,1167770,Meet Bhavsar,PUSH,9,18,1,9.0,50.0,Kuwait
8681,777537,KC Cariappa,SLOG_SHOT,9,7,2,4.5,128.57,India
8682,820677,Keacy Carty,PULL,9,5,1,9.0,180.0,West Indies
8683,303508,Shane Getkate,FLICK,9,13,2,4.5,69.23,Ireland
8684,268740,Seekkuge Prasanna,DEFENDED,9,29,2,4.5,31.03,Sri Lanka
8685,514612,Gavin Griffiths,PULL_HOOK_ON_BACK_FOOT,9,6,1,9.0,150.0,England
8686,17970,Daryl Mitchell,FORWARD_DEFENCE,9,21,2,4.5,42.86,England
8687,277955,Dhawal Kulkarni,ON_DRIVE,9,10,1,9.0,90.0,India
8688,268740,Seekkuge Prasanna,SLOG_SWEEP,9,11,3,3.0,81.82,Sri Lanka
8689,555853,Mark Steketee,SLOG_SHOT,9,11,4,2.25,81.82,Australia
8690,268740,Seekkuge Prasanna,SWEEP,9,5,1,9.0,180.0,Sri Lanka
8691,400587,Irfan Sukkur,SQUARE_DRIVE,9,7,1,9.0,128.57,Bangladesh
8692,1168640,Samarpit Joshi,ON_DRIVE,9,7,1,9.0,128.57,India
8693,512191,Fakhar Zaman,RAMP,9,4,1,9.0,225.0,Pakistan
8694,1070188,Kamlesh Nagarkoti,ON_DRIVE,9,9,2,4.5,100.0,India
8695,222320,Christiaan Jonker,COVER_DRIVE,9,9,1,9.0,100.0,South Africa
8696,8491,Jimmy Adams,LEG_GLANCE,9,11,1,9.0,81.82,England
8697,402106,Abdul Waheed,STEERED,9,10,1,9.0,90.0,Saudi Arabia
8698,1070665,Dewald Brevis,DEFENDED,9,55,2,4.5,16.36,South Africa
8699,554691,Axar Patel,LEFT_ALONE,9,19,1,9.0,47.37,India
8700,959789,Hassan Khan,SLOG_SHOT,9,7,1,9.0,128.57,United States of America
8701,8291,Cameron White,STRAIGHT_DRIVE,9,6,2,4.5,150.0,Australia
8702,973799,Janak Prakash,FLICK,9,8,1,9.0,112.5,Singapore
8703,550235,Tom Curran,DEFENDED,9,21,2,4.5,42.86,England
8704,772361,Sam Harper,RAMP,9,7,1,9.0,128.57,Australia
8705,208253,Irfan Ahmed,ON_DRIVE,9,4,1,9.0,225.0,Hong Kong
8706,946351,Valentine Kitime,PULL,9,6,1,9.0,150.0,South Africa
8707,401540,Aizaz Khan,SLOG_SHOT,9,6,1,9.0,150.0,Hong Kong
8708,303427,Paul Stirling,DEFENDED,9,122,2,4.5,7.38,Ireland
8709,960361,Sandeep Lamichhane,ON_DRIVE,9,11,2,4.5,81.82,Nepal
8710,697059,Zakir Hasan,STEERED,9,11,1,9.0,81.82,Bangladesh
8711,698189,Wiaan Mulder,STEERED,9,16,2,4.5,56.25,South Africa
8712,820685,Nicholas Kirton,COVER_DRIVE,9,9,1,9.0,100.0,Canada
8713,1139053,Ram Sharan,ON_DRIVE,8,7,2,4.0,114.29,Cambodia
8714,1138316,Maheesh Theekshana,STEERED,8,8,1,8.0,100.0,Sri Lanka
8715,452472,Anshy Rath,VERTICAL_FORWARD_ATTACK,8,17,1,8.0,47.06,Hong Kong
8716,532424,Sohail Akhtar,DEFENDED,8,61,1,8.0,13.11,Pakistan
8717,629058,Najmul Hossain Shanto,PADDLE_SWEEP,8,4,1,8.0,200.0,Bangladesh
8718,859899,Calvin Harrison,REVERSE_SWEEP,8,7,1,8.0,114.29,England
8719,1244751,Arshad Khan,SLOG_SHOT,8,8,1,8.0,100.0,India
8720,1012137,Mrittunjoy Chowdhury,CUT_SHOT,8,17,1,8.0,47.06,Bangladesh
8721,1147613,James Wharton,CUT_SHOT_ON_BACK_FOOT,8,10,1,8.0,80.0,England
8722,891517,Pat Brown,PUSH_SHOT,8,12,1,8.0,66.67,England
8723,443263,Hayden Walsh,CUT_SHOT,8,14,1,8.0,57.14,West Indies
8724,603410,Ben McDermott,BACK_DEFENCE,8,28,1,8.0,28.57,Australia
8725,1005257,Simi Singh,PULL,8,5,2,4.0,160.0,Ireland
8726,530811,Chandrapaul Hemraj,DEFENDED,8,97,2,4.0,8.25,West Indies
8727,629063,Mehidy Hasan Miraz,DEFENDED,8,63,2,4.0,12.7,Bangladesh
8728,787987,Marnus Labuschagne,PUSH,8,22,3,2.67,36.36,Australia
8729,502714,Mitchell Santner,DEFENDED,8,76,2,4.0,10.53,New Zealand
8730,1139511,Parvez Hossain Emon,COVER_DRIVE,8,10,1,8.0,80.0,Bangladesh
8731,1012131,Rakibul Hasan,SLOG_SHOT,8,5,2,4.0,160.0,Bangladesh
8732,971349,Nandre Burger,COVER_DRIVE,8,12,2,4.0,66.67,South Africa
8733,1145534,Mitchell Stanley,VERTICAL_FORWARD_ATTACK,8,6,1,8.0,133.33,England
8734,1191384,Peter Hatzoglou,PULL_HOOK_ON_BACK_FOOT,8,7,1,8.0,114.29,Australia
8735,787987,Marnus Labuschagne,SWEEP_SHOT,8,10,1,8.0,80.0,Australia
8736,962107,Rizwan Hussain,CUT_SHOT,8,4,1,8.0,200.0,Pakistan
8737,511247,Matt Taylor,LEG_GLANCE,8,8,1,8.0,100.0,England
8738,862065,Felix Organ,VERTICAL_FORWARD_ATTACK,8,6,1,8.0,133.33,England
8739,605680,Janneman Malan,REVERSE_SWEEP,8,5,1,8.0,160.0,South Africa
8740,902447,Dale Phillips,ON_DRIVE,8,9,1,8.0,88.89,New Zealand
8741,524812,Kishen Velani,CUT_SHOT_ON_BACK_FOOT,8,7,1,8.0,114.29,England
8742,1206052,Yudhvir Singh,PULL,8,4,1,8.0,200.0,India
8743,605680,Janneman Malan,SLOG_SWEEP,8,4,2,4.0,200.0,South Africa
8744,629084,Ramesh Mendis,SLOG_SHOT,8,7,2,4.0,114.29,Sri Lanka
8745,788101,Tom Moores,SLOG_SHOT,8,8,2,4.0,100.0,England
8746,1397994,Mohammad Ahnaff,SLOG_SHOT,8,3,1,8.0,266.67,Qatar
8747,1126045,Nishan Madushka,SLOG_SHOT,8,4,2,4.0,200.0,Sri Lanka
8748,1223047,Josh Brown,STEERED,8,10,1,8.0,80.0,Australia
8749,1411891,Tanish Suri,PUSH,8,13,3,2.67,61.54,United Arab Emirates
8750,974109,Mujeeb Ur Rahman,REVERSE_PULL,8,4,1,8.0,200.0,Afghanistan
8751,1115195,Joshua De Caires,PULL_HOOK_ON_BACK_FOOT,8,9,2,4.0,88.89,England
8752,521637,Ben Duckett,STRAIGHT_DRIVE,8,5,1,8.0,160.0,England
8753,446507,Suryakumar Yadav,VERTICAL_FORWARD_ATTACK,8,9,1,8.0,88.89,India
8754,446690,Pargat Singh,FLICK,8,8,1,8.0,100.0,Canada
8755,521170,Lewis McManus,REVERSE_SWEEP,8,10,2,4.0,80.0,England
8756,1217487,Mubasir Khan,ON_DRIVE,8,6,1,8.0,133.33,Pakistan
8757,959825,Brooke Guest,SWEEP,8,9,1,8.0,88.89,England
8758,1126059,Omair Yousuf,STEERED,8,7,1,8.0,114.29,Pakistan
8759,631668,Stephen Eskinazi,SWEEP_SHOT,8,8,1,8.0,100.0,England
8760,1206406,Jake Gibson,COVER_DRIVE,8,11,2,4.0,72.73,New Zealand
8761,897549,Will Jacks,RAMP,8,3,1,8.0,266.67,England
8762,527776,Ollie Robinson,CUT_SHOT_ON_BACK_FOOT,8,3,1,8.0,266.67,England
8763,604573,Vivek Singh,COVER_DRIVE,8,9,1,8.0,88.89,India
8764,1123073,Anuj Rawat,PUSH,8,25,2,4.0,32.0,India
8765,604534,Ankush Bains,PUSH,8,18,1,8.0,44.44,India
8766,1373205,Salvin Stanly,ON_DRIVE,8,6,1,8.0,133.33,
8767,528332,Nikhil Gangta,ON_DRIVE,8,10,1,8.0,80.0,India
8768,1137279,Jonathan Cook,ON_DRIVE,8,6,1,8.0,133.33,Australia
8769,1193548,Tim Pringle,PUSH,8,12,1,8.0,66.67,Netherlands
8770,639422,Charlie Thurston,LEG_GLANCE,8,9,1,8.0,88.89,England
8771,528730,Akshay Karnewar,PULL,8,4,1,8.0,200.0,India
8772,746417,George Hankins,VERTICAL_FORWARD_ATTACK,8,15,2,4.0,53.33,England
8773,450860,Adam Milne,CUT_SHOT,8,9,1,8.0,88.89,New Zealand
8774,990081,Mohammad Naim,LEFT_ALONE,8,30,1,8.0,26.67,Bangladesh
8775,1111917,Darshan Nalkande,ON_DRIVE,8,10,1,8.0,80.0,India
8776,1132219,Sanvir Singh,SLOG_SHOT,8,6,1,8.0,133.33,India
8777,605576,Cameron Valente,SLOG_SHOT,8,4,2,4.0,200.0,Australia
8778,526021,Cole McConchie,PUSH,8,14,1,8.0,57.14,New Zealand
8779,526441,Mark Adair,SQUARE_DRIVE,8,7,1,8.0,114.29,Ireland
8780,906749,Dominic Drakes,PUSH,8,20,1,8.0,40.0,West Indies
8781,532424,Sohail Akhtar,SLOG_SWEEP,8,3,1,8.0,266.67,Pakistan
8782,928057,Lorcan Tucker,PADDLE_SWEEP,8,10,2,4.0,80.0,Ireland
8783,707111,Henry Cooper,CUT_SHOT,8,6,1,8.0,133.33,New Zealand
8784,824159,Tayyab Tahir,PUSH,8,14,1,8.0,57.14,Pakistan
8785,1158088,Naseem Shah,PULL,8,9,2,4.0,88.89,Pakistan
8786,706341,Eknath Kerkar,ON_DRIVE,8,6,1,8.0,133.33,India
8787,1266476,Charlie Tear,ON_DRIVE,8,5,1,8.0,160.0,
8788,701215,Sompal Kami,VERTICAL_FORWARD_ATTACK,8,7,1,8.0,114.29,Nepal
8789,816627,Macalister Wright,SWEEP_SHOT,8,12,3,2.67,66.67,Australia
8790,550215,Kagiso Rabada,SLOG_SWEEP,8,6,1,8.0,133.33,South Africa
8791,704693,Lahiru Udara,SLOG_SWEEP,8,4,1,8.0,200.0,Sri Lanka
8792,1158088,Naseem Shah,COVER_DRIVE,8,8,1,8.0,100.0,Pakistan
8793,464626,Craig Overton,PUSH_SHOT,8,18,1,8.0,44.44,England
8794,1152986,Jafer Chohan,CUT_SHOT_ON_BACK_FOOT,8,6,1,8.0,133.33,England
8795,463668,Jake Lintott,ON_DRIVE,8,10,1,8.0,80.0,England
8796,465327,Innocent Kaia,SLOG_SHOT,8,3,1,8.0,266.67,Zimbabwe
8797,826497,Snehal Kauthankar,CUT_SHOT,8,3,1,8.0,266.67,India
8798,670035,Brandon King,DAB,8,15,1,8.0,53.33,West Indies
8799,1168667,Joshua Da Silva,SQUARE_DRIVE,8,9,1,8.0,88.89,West Indies
8800,549950,Munim Shahriar,CUT_SHOT,8,12,1,8.0,66.67,Bangladesh
8801,549947,Al-Amin,PULL,8,7,1,8.0,114.29,Bangladesh
8802,1260229,George Bell,SWEEP,8,8,2,4.0,100.0,England
8803,574287,Chad Soper,SLOG_SHOT,8,6,1,8.0,133.33,Papua New Guinea
8804,470633,Tom Kohler-Cadmore,BACK_DEFENCE,8,38,1,8.0,21.05,England
8805,481979,Anrich Nortje,ON_DRIVE,8,12,2,4.0,66.67,South Africa
8806,556916,Mukhtar Ahmed,SLOG_SHOT,8,8,1,8.0,100.0,United States of America
8807,559066,Ish Sodhi,PUSH,8,13,1,8.0,61.54,New Zealand
8808,1276719,Kashyap Prajapati,PUSH,8,14,1,8.0,57.14,Oman
8809,559235,Kuldeep Yadav,LEG_GLANCE,8,6,1,8.0,133.33,India
8810,696143,Shane Snater,SLOG_SHOT,8,3,1,8.0,266.67,Netherlands
8811,559235,Kuldeep Yadav,SQUARE_DRIVE,8,10,1,8.0,80.0,India
8812,1072470,Shaheen Shah Afridi,PULL_HOOK_ON_BACK_FOOT,8,13,2,4.0,61.54,Pakistan
8813,1277007,Abdullah Al Mamun,SLOG_SHOT,8,5,1,8.0,160.0,Bangladesh
8814,557298,Daniel Worrall,STEERED,8,11,2,4.0,72.73,Australia
8815,697279,Usman Shinwari,COVER_DRIVE,8,5,1,8.0,160.0,Pakistan
8816,1276922,Ijaz Ahmad Ahmadzai,PULL,8,3,1,8.0,266.67,Afghanistan
8817,696401,Marco Jansen,PUSH,8,16,1,8.0,50.0,South Africa
8818,559059,Joe Carter,SLOG_SHOT,8,5,2,4.0,160.0,New Zealand
8819,1071504,Michael Levitt,COVER_DRIVE,8,6,1,8.0,133.33,
8820,1071473,Jan Nicol Loftie-Eaton,COVER_DRIVE,8,7,1,8.0,114.29,Namibia
8821,821749,Saif Hassan,SLOG_SWEEP,8,3,1,8.0,266.67,Bangladesh
8822,570854,Jack Wildermuth,SLOG_SWEEP,8,5,2,4.0,160.0,Australia
8823,681117,Faheem Ashraf,SLOG_SWEEP,8,5,1,8.0,160.0,Pakistan
8824,480693,Anthony Bramble,PULL,8,10,1,8.0,80.0,West Indies
8825,1076382,Mackenzie Harvey,RAMP,8,3,1,8.0,266.67,Australia
8826,1070183,Abhishek Sharma,DAB,8,9,1,8.0,88.89,India
8827,931603,Brendan Doggett,FLICK,8,10,1,8.0,80.0,Australia
8828,931581,Rishabh Pant,UPPER_CUT,8,5,2,4.0,160.0,India
8829,481896,Mohammed Shami,ON_DRIVE,8,6,2,4.0,133.33,India
8830,698317,Ruben Trumpelmann,SLOG_SHOT,8,8,1,8.0,100.0,Namibia
8831,1070997,Connor Esterhuizen,CUT_SHOT,8,8,1,8.0,100.0,
8832,1161031,Saim Ayub,DEFENDED,8,58,2,4.0,13.79,Pakistan
8833,681305,Hasan Ali,SLOG_SWEEP,8,7,2,4.0,114.29,Pakistan
8834,669855,Jofra Archer,PUSH_SHOT,8,9,1,8.0,88.89,England
8835,535393,Senuran Muthusamy,CUT_SHOT,8,13,3,2.67,61.54,South Africa
8836,595954,Duan Jansen,STRAIGHT_DRIVE,8,3,1,8.0,266.67,South Africa
8837,533953,Najeeb Tarakai,PULL,8,5,1,8.0,160.0,Afghanistan
8838,659081,Mark Watt,PUSH_SHOT,8,14,1,8.0,57.14,Scotland
8839,537119,Mohit Sharma,CUT_SHOT,8,9,1,8.0,88.89,India
8840,1092313,Rohail Nazir,FLICK,8,12,1,8.0,66.67,Pakistan
8841,1092313,Rohail Nazir,STEERED,8,6,1,8.0,133.33,Pakistan
8842,834741,Caleb Jewell,PADDLE_SWEEP,8,3,1,8.0,266.67,Australia
8843,458895,Andrew Salter,LEG_GLANCE,8,9,2,4.0,88.89,England
8844,848623,Mark Deyal,DEFENDED,8,30,1,8.0,26.67,West Indies
8845,646173,Kiplin Doriga,SLOG_SHOT,8,6,1,8.0,133.33,Papua New Guinea
8846,1342699,Shadrack Descarte,ON_DRIVE,8,8,1,8.0,100.0,West Indies
8847,951781,Milton Shumba,PUSH,8,21,3,2.67,38.1,Zimbabwe
8848,1149211,Robin Das,SWEEP,8,5,2,4.0,160.0,England
8849,851403,Venkatesh Iyer,HOOK,8,3,1,8.0,266.67,India
8850,1246518,Karan Sharma,CUT_SHOT,8,12,1,8.0,66.67,India
8851,532853,Smit Patel,COVER_DRIVE,8,12,1,8.0,66.67,United States of America
8852,1027867,Lasith Croospulle,CUT_SHOT,8,7,1,8.0,114.29,Sri Lanka
8853,1093632,Junaid Aziz,CUT_SHOT,8,13,1,8.0,61.54,Bahrain
8854,1093632,Junaid Aziz,PULL,8,7,1,8.0,114.29,Bahrain
8855,1339031,Kunal Singh Rathore,ON_DRIVE,8,4,1,8.0,200.0,India
8856,792519,Dhananjaya Lakshan,SLOG_SHOT,8,10,1,8.0,80.0,Sri Lanka
8857,647667,Usama Mir,CUT_SHOT,8,5,1,8.0,160.0,Pakistan
8858,1175441,Ravi Bishnoi,PULL,8,12,4,2.0,66.67,India
8859,1175423,Hrithik Shokeen,ON_DRIVE,8,7,1,8.0,114.29,India
8860,547756,Brett Hampton,SQUARE_DRIVE,8,5,1,8.0,160.0,New Zealand
8861,1259996,James Sales,CUT_SHOT_ON_BACK_FOOT,8,5,1,8.0,160.0,England
8862,1292565,Sridam Paul,ON_DRIVE,8,5,1,8.0,160.0,India
8863,1083851,Suyash Prabhudessai,SLOG_SHOT,8,8,5,1.6,100.0,India
8864,826869,Shivam Chaudhary,SQUARE_DRIVE,8,9,1,8.0,88.89,India
8865,794749,Faisal Khan,COVER_DRIVE,8,7,1,8.0,114.29,Saudi Arabia
8866,713811,Tinashe Kamunhukamwe,SLOG_SHOT,8,9,3,2.67,88.89,Zimbabwe
8867,494581,Rahkeem Cornwall,HOOK,8,7,1,8.0,114.29,West Indies
8868,946507,Tadiwanashe Marumani,SLOG_SHOT,8,9,3,2.67,88.89,Zimbabwe
8869,922967,Saif Badar,ON_DRIVE,8,6,1,8.0,133.33,United States of America
8870,1081730,Matthew Gilkes,PUSH,8,27,1,8.0,29.63,Australia
8871,461632,Reece Topley,VERTICAL_FORWARD_ATTACK,8,12,4,2.0,66.67,England
8872,590326,Mitchell Swepson,FLICK,8,10,2,4.0,80.0,Australia
8873,591650,Ankit Rajpoot,SLOG_SHOT,8,11,1,8.0,72.73,India
8874,1152716,Javelle Glen,CUT_SHOT,8,9,1,8.0,88.89,West Indies
8875,541224,Luke Jongwe,STEERED,8,16,1,8.0,50.0,Zimbabwe
8876,541224,Luke Jongwe,SLOG_SWEEP,8,4,1,8.0,200.0,Zimbabwe
8877,826915,Nathan Ellis,PULL_HOOK_ON_BACK_FOOT,8,6,1,8.0,133.33,Australia
8878,1048813,Narayan Jagadeesan,SLOG_SWEEP,8,5,1,8.0,160.0,India
8879,1048813,Narayan Jagadeesan,SLOG_SHOT,8,7,1,8.0,114.29,India
8880,1174143,Rafiullah,SWEEP_SHOT,8,3,1,8.0,266.67,Oman
8881,1046771,Jack Plom,PULL_HOOK_ON_BACK_FOOT,8,8,2,4.0,100.0,England
8882,1255248,Jordan Hermann,LEG_GLANCE,8,9,1,8.0,88.89,South Africa
8883,541224,Luke Jongwe,PUSH,8,12,1,8.0,66.67,Zimbabwe
8884,460079,Miles Hammond,SLOG_SHOT,8,6,2,4.0,133.33,England
8885,1152427,Dunith Wellalage,DAB,8,7,1,8.0,114.29,Sri Lanka
8886,1088618,Jonathan Merlo,COVER_DRIVE,8,7,1,8.0,114.29,Australia
8887,51784,Rayad Emrit,CUT_SHOT,8,12,1,8.0,66.67,West Indies
8888,314615,Jonathan Carter,PUSH,8,12,1,8.0,66.67,West Indies
8889,310107,Danny Briggs,PULL_HOOK_ON_BACK_FOOT,8,14,4,2.0,57.14,England
8890,310107,Danny Briggs,ON_DRIVE,8,4,1,8.0,200.0,England
8891,25955,Basant Regmi,VERTICAL_FORWARD_ATTACK,8,10,2,4.0,80.0,Nepal
8892,308251,David Willey,SWEEP_SHOT,8,4,1,8.0,200.0,England
8893,8628,Gareth Andrew,PULL_HOOK_ON_BACK_FOOT,8,6,1,8.0,133.33,England
8894,308967,Jos Buttler,SLOG_SWEEP,8,7,1,8.0,114.29,England
8895,29264,Harbhajan Singh,STRAIGHT_DRIVE,8,4,1,8.0,200.0,India
8896,324358,Nuwan Pradeep,SLOG_SHOT,8,11,2,4.0,72.73,Sri Lanka
8897,48472,Tillakaratne Dilshan,REVERSE_SWEEP,8,12,3,2.67,66.67,Sri Lanka
8898,253980,Rob Newton,VERTICAL_FORWARD_ATTACK,8,9,1,8.0,88.89,England
8899,6973,Peter Nevill,CUT_SHOT,8,4,2,4.0,200.0,Australia
8900,319758,Karim Sadiq,COVER_DRIVE,8,3,1,8.0,266.67,Afghanistan
8901,7252,Tim Paine,ON_DRIVE,8,15,1,8.0,53.33,Australia
8902,266268,Pite van Biljon,PUSH,8,20,1,8.0,40.0,South Africa
8903,17991,Graham Napier,CUT_SHOT_ON_BACK_FOOT,8,6,1,8.0,133.33,England
8904,24289,Niall O'Brien,CUT_SHOT_ON_BACK_FOOT,8,13,2,4.0,61.54,Ireland
8905,18048,Chris Nash,FORWARD_DEFENCE,8,34,1,8.0,23.53,England
8906,18240,Jigar Naik,VERTICAL_FORWARD_ATTACK,8,7,1,8.0,114.29,England
8907,319439,Mitchell McClenaghan,FLICK,8,15,3,2.67,53.33,New Zealand
8908,267724,Keshav Maharaj,PUSH,8,18,2,4.0,44.44,South Africa
8909,49764,Angelo Mathews,REVERSE_SWEEP,8,4,1,8.0,200.0,Sri Lanka
8910,7443,Nathan Rimmington,CUT_SHOT_ON_BACK_FOOT,8,4,1,8.0,200.0,Australia
8911,414973,Ollie Hairs,ON_DRIVE,8,9,1,8.0,88.89,Scotland
8912,56143,Shakib Al Hasan,LEFT_ALONE,8,26,2,4.0,30.77,Bangladesh
8913,56143,Shakib Al Hasan,PADDLE_SWEEP,8,8,1,8.0,100.0,Bangladesh
8914,297581,Max Waller,LEG_GLANCE,8,11,3,2.67,72.73,England
8915,277911,George Worker,SWEEP_SHOT,8,8,1,8.0,100.0,New Zealand
8916,297628,Sam Billings,FORWARD_DEFENCE,8,55,3,2.67,14.55,England
8917,277955,Dhawal Kulkarni,FLICK,8,6,2,4.0,133.33,India
8918,416190,Kjorn Ottley,PULL,8,7,1,8.0,114.29,West Indies
8919,288285,Clive Rose,FLICK,8,6,1,8.0,133.33,Australia
8920,12454,Joe Denly,REVERSE_SWEEP,8,5,1,8.0,160.0,England
8921,290948,Mohammad Amir,VERTICAL_FORWARD_ATTACK,8,14,5,1.6,57.14,Pakistan
8922,417386,Cornelis Bodenstein,SLOG_SHOT,8,3,1,8.0,266.67,England
8923,414973,Ollie Hairs,PULL,8,4,1,8.0,200.0,Scotland
8924,276843,Aubrey Swanepoel,COVER_DRIVE,8,5,1,8.0,160.0,South Africa
8925,10582,Ravi Bopara,FORWARD_DEFENCE,8,69,2,4.0,11.59,England
8926,276298,Andre Russell,CUT_SHOT_ON_BACK_FOOT,8,4,1,8.0,200.0,West Indies
8927,25613,Amjad Javed,FLICK,8,7,1,8.0,114.29,United Arab Emirates
8928,55633,Chris Mpofu,PULL,8,4,1,8.0,200.0,Zimbabwe
8929,303669,Joe Root,REVERSE_SCOOP,8,3,1,8.0,266.67,England
8930,303813,Ben Cotton,PULL_HOOK_ON_BACK_FOOT,8,7,1,8.0,114.29,England
8931,55412,Craig Ervine,DEFENDED,8,104,2,4.0,7.69,Zimbabwe
8932,55395,Colin de Grandhomme,DEFENDED,8,53,6,1.33,15.09,New Zealand
8933,9042,Gareth Batty,LEG_GLANCE,8,10,1,8.0,80.0,England
8934,420419,Tobias Visee,ON_DRIVE,8,3,1,8.0,266.67,Netherlands
8935,431909,Jermaine Blackwood,SLOG_SWEEP,8,5,1,8.0,160.0,West Indies
8936,277911,George Worker,STEERED,8,12,1,8.0,66.67,New Zealand
8937,300618,Nasir Hossain,UPPER_CUT,8,5,1,8.0,160.0,Bangladesh
8938,300629,Angelo Perera,SWEEP_SHOT,8,9,2,4.0,88.89,Sri Lanka
8939,326973,Anurag Verma,ON_DRIVE,8,6,1,8.0,133.33,New Zealand
8940,393279,Marchant de Lange,PUSH_SHOT,8,15,1,8.0,53.33,South Africa
8941,429981,Mohammad Irfan,ON_DRIVE,8,6,1,8.0,133.33,Pakistan
8942,434813,Marcus Harris,DEFENDED,8,52,1,8.0,15.38,Australia
8943,41984,Mohammad Nadeem,STEERED,8,9,1,8.0,88.89,Oman
8944,233901,Shan Masood,DEFENDED,8,72,6,1.33,11.11,Pakistan
8945,21440,John Simpson,BACK_DEFENCE,8,24,1,8.0,33.33,England
8946,232361,Kieran Noema-Barnett,COVER_DRIVE,8,9,1,8.0,88.89,New Zealand
8947,35928,Bipul Sharma,PULL,8,7,1,8.0,114.29,India
8948,232356,Ronnie Hira,ON_DRIVE,8,8,1,8.0,100.0,New Zealand
8949,43590,Wahab Riaz,DEFENDED,8,32,1,8.0,25.0,Pakistan
8950,436686,Gareth Roderick,CUT_SHOT_ON_BACK_FOOT,8,9,1,8.0,88.89,South Africa
8951,6683,Shaun Marsh,SWEEP,8,6,1,8.0,133.33,Australia
8952,33141,Ambati Rayudu,RAMP,8,3,1,8.0,266.67,India
8953,5939,Michael Hussey,CUT_SHOT,8,11,1,8.0,72.73,Australia
8954,5766,David Hussey,CUT_SHOT,8,5,1,8.0,160.0,Australia
8955,348026,John Campbell,ON_DRIVE,8,8,1,8.0,100.0,West Indies
8956,232356,Ronnie Hira,COVER_DRIVE,8,4,1,8.0,200.0,New Zealand
8957,42876,Sultan Ahmed,REVERSE_SWEEP,8,3,1,8.0,266.67,Oman
8958,373539,Robiul Islam Robi,CUT_SHOT,8,3,1,8.0,266.67,Bangladesh
8959,429886,Wihan Lubbe,REVERSE_SWEEP,8,13,2,4.0,61.54,South Africa
8960,362201,Lewis Gregory,STEERED,8,11,2,4.0,72.73,England
8961,232361,Kieran Noema-Barnett,PUSH_SHOT,8,18,1,8.0,44.44,New Zealand
8962,354165,Richard Oliver,LEG_GLANCE,8,8,1,8.0,100.0,England
8963,233680,Jonathan Wells,DEFENDED,8,100,1,8.0,8.0,Australia
8964,36581,Neil Broom,SLOG_SHOT,8,6,1,8.0,133.33,New Zealand
8965,429738,Lakshan Sandakan,SLOG_SHOT,8,10,2,4.0,80.0,Sri Lanka
8966,233514,Thisara Perera,DEFENDED,8,49,1,8.0,16.33,Sri Lanka
8967,233482,Tim Ludeman,SLOG_SHOT,8,5,1,8.0,160.0,Australia
8968,232292,Swapnil Singh,PULL,8,10,3,2.67,80.0,India
8969,32540,Cheteshwar Pujara,CUT_SHOT,8,12,1,8.0,66.67,India
8970,334337,Peter Handscomb,DEFENDED,8,65,1,8.0,12.31,Australia
8971,333904,Aditya Tare,SLOG_SHOT,8,3,1,8.0,266.67,India
8972,379887,Lizaad Williams,FLICK,8,12,1,8.0,66.67,South Africa
8973,6161,Michael Klinger,DEFENDED,8,59,3,2.67,13.56,Australia
8974,244497,Adil Rashid,ON_DRIVE,8,13,3,2.67,61.54,England
8975,425639,Tendai Chatara,STEERED,8,10,1,8.0,80.0,Zimbabwe
8976,244497,Adil Rashid,PUSH,8,11,1,8.0,72.73,England
8977,423838,Rahul Tewatia,LEG_GLANCE,8,5,1,8.0,160.0,India
8978,439952,Chris Morris,PUSH,8,10,1,8.0,80.0,South Africa
8979,244497,Adil Rashid,DEFENDED,8,14,1,8.0,57.14,England
8980,251721,Adam Lyth,SLOG_SWEEP,8,7,1,8.0,114.29,England
8981,327830,Dwaine Pretorius,DEFENDED,8,23,2,4.0,34.78,South Africa
8982,251721,Adam Lyth,FORWARD_DEFENCE,8,60,1,8.0,13.33,England
8983,230558,Sunil Narine,REVERSE_SWEEP,8,11,3,2.67,72.73,West Indies
8984,336594,Andrea Agathangelou,SWEEP,8,3,1,8.0,266.67,South Africa
8985,44149,Johan Botha,REVERSE_SWEEP,8,6,1,8.0,133.33,South Africa
8986,32685,Irfan Pathan,PULL,8,9,1,8.0,88.89,India
8987,19296,Kevin Pietersen,REVERSE_SWEEP,8,10,1,8.0,80.0,England
8988,926717,Christian Leopard,ON_DRIVE,7,7,1,7.0,100.0,New Zealand
8989,914467,Anderson Phillip,ON_DRIVE,7,3,1,7.0,233.33,West Indies
8990,232438,Gary Ballance,CUT_SHOT,7,9,1,7.0,77.78,Zimbabwe
8991,212756,Sachith Pathirana,ON_DRIVE,7,8,3,2.33,87.5,Sri Lanka
8992,505120,Ashton Agar,DEFENDED,7,57,1,7.0,12.28,Australia
8993,505110,Kurtis Patterson,PUSH,7,22,1,7.0,31.82,Australia
8994,229954,Mark Stoneman,FORWARD_DEFENCE,7,31,2,3.5,22.58,England
8995,228622,John Hastings,COVER_DRIVE,7,7,2,3.5,100.0,Australia
8996,413023,Etienne Beukes,PULL,7,4,1,7.0,175.0,Cambodia
8997,414970,Safyaan Sharif,FLICK,7,9,1,7.0,77.78,Scotland
8998,227760,Sarfaraz Ahmed,PULL_HOOK_ON_BACK_FOOT,7,3,1,7.0,233.33,Pakistan
8999,500268,Ashton Turner,DEFENDED,7,105,5,1.4,6.67,Australia
9000,228943,Sunny Sohal,FLICK,7,14,1,7.0,50.0,United States of America
9001,914625,Jack Boyle,SLOG_SWEEP,7,3,1,7.0,233.33,New Zealand
9002,230193,Matthew Wade,CUT_SHOT_ON_BACK_FOOT,7,10,2,3.5,70.0,Australia
9003,414973,Ollie Hairs,SLOG_SHOT,7,3,1,7.0,233.33,Scotland
9004,501848,Gareth Harte,VERTICAL_FORWARD_ATTACK,7,9,2,3.5,77.78,South Africa
9005,414821,Stuart Thompson,ON_DRIVE,7,6,2,3.5,116.67,Ireland
9006,232361,Kieran Noema-Barnett,FLICK,7,10,1,7.0,70.0,New Zealand
9007,499660,Gurinder Sandhu,FLICK,7,10,2,3.5,70.0,Australia
9008,928067,Josh Little,SLOG_SWEEP,7,3,1,7.0,233.33,Ireland
9009,440780,Keaton Jennings,FORWARD_DEFENCE,7,30,1,7.0,23.33,England
9010,44936,AB de Villiers,SLOG_SWEEP,7,5,1,7.0,140.0,South Africa
9011,46538,Morne Morkel,ON_DRIVE,7,6,2,3.5,116.67,South Africa
9012,1089962,Patrick Dooley,COVER_DRIVE,7,6,1,7.0,116.67,Australia
9013,424176,Rongsen Jonathan,PULL,7,8,1,7.0,87.5,India
9014,1098186,Grant Stewart,CUT_SHOT_ON_BACK_FOOT,7,8,1,7.0,87.5,Italy
9015,425943,Sanju Samson,LEFT_ALONE,7,47,1,7.0,14.89,India
9016,422965,Shehan Jayasuriya,SLOG_SWEEP,7,4,1,7.0,175.0,United States of America
9017,1079470,Ramandeep Singh,PUSH,7,12,1,7.0,58.33,India
9018,46942,Aaron Phangiso,SLOG_SHOT,7,3,1,7.0,233.33,South Africa
9019,1110475,Jack Haynes,FORWARD_DEFENCE,7,26,1,7.0,26.92,England
9020,468573,Ross Adair,COVER_DRIVE,7,13,1,7.0,53.85,Ireland
9021,40082,Ehsan Khan,PUSH,7,13,1,7.0,53.85,Hong Kong
9022,1125976,Arshdeep Singh,COVER_DRIVE,7,9,1,7.0,77.78,India
9023,1131753,Vishvaraj Jadeja,SLOG_SHOT,7,4,1,7.0,175.0,India
9024,1115195,Joshua De Caires,CUT_SHOT_ON_BACK_FOOT,7,13,1,7.0,53.85,England
9025,471202,Brett D'Oliveira,FORWARD_DEFENCE,7,39,1,7.0,17.95,England
9026,1122853,Tony Munyonga,FLICK,7,7,1,7.0,100.0,Zimbabwe
9027,1076713,Cameron Green,DEFENDED,7,21,3,2.33,33.33,Australia
9028,1076382,Mackenzie Harvey,SLOG_SWEEP,7,4,1,7.0,175.0,Australia
9029,990039,Shoriful Islam,ON_DRIVE,7,9,2,3.5,77.78,Bangladesh
9030,995037,Mahidul Islam Ankon,LEG_GLANCE,7,6,1,7.0,116.67,Bangladesh
9031,56007,Mashrafe Mortaza,PUSH,7,14,2,3.5,50.0,Bangladesh
9032,53276,Tonito Willett,PULL,7,4,1,7.0,175.0,West Indies
9033,53191,Jerome Taylor,CUT_SHOT,7,5,1,7.0,140.0,West Indies
9034,495551,Sheldon Cottrell,FLICK,7,15,2,3.5,46.67,West Indies
9035,56007,Mashrafe Mortaza,STEERED,7,8,2,3.5,87.5,Bangladesh
9036,1076377,Oliver Davies,SQUARE_DRIVE,7,5,1,7.0,140.0,Australia
9037,211748,Benny Howell,FORWARD_DEFENCE,7,37,1,7.0,18.92,England
9038,959759,Finn Allen,STEERED,7,11,1,7.0,63.64,New Zealand
9039,959767,Rachin Ravindra,SWEEP_SHOT,7,6,1,7.0,116.67,New Zealand
9040,56251,Alok Kapali,PULL,7,6,1,7.0,116.67,Bangladesh
9041,971349,Nandre Burger,SLOG_SHOT,7,4,1,7.0,175.0,South Africa
9042,56125,Shohidul Islam,COVER_DRIVE,7,10,1,7.0,70.0,Bangladesh
9043,56053,Nadif Chowdhury,ON_DRIVE,7,3,1,7.0,233.33,Bangladesh
9044,1048813,Narayan Jagadeesan,FLICK,7,9,1,7.0,77.78,India
9045,1048907,Aman Desai,PULL,7,7,2,3.5,100.0,Singapore
9046,1071484,Brian Bennett,FLICK,7,18,1,7.0,38.89,Zimbabwe
9047,1070199,Het Patel,PULL,7,4,1,7.0,175.0,India
9048,50747,Upul Tharanga,SWEEP_SHOT,7,7,1,7.0,100.0,Sri Lanka
9049,50747,Upul Tharanga,DEFENDED,7,60,5,1.4,11.67,Sri Lanka
9050,1071484,Brian Bennett,PUSH,7,14,1,7.0,50.0,Zimbabwe
9051,1050545,Xavier Bartlett,COVER_DRIVE,7,10,1,7.0,70.0,Australia
9052,422593,Daniel Bell-Drummond,DAB,7,6,1,7.0,116.67,England
9053,482478,Jan Frylinck,ON_DRIVE,7,11,1,7.0,63.64,Namibia
9054,49700,Jeevan Mendis,ON_DRIVE,7,7,3,2.33,100.0,Sri Lanka
9055,1058989,Aryan Lakra,COVER_DRIVE,7,11,2,3.5,63.64,United Arab Emirates
9056,1058989,Aryan Lakra,SLOG_SWEEP,7,5,1,7.0,140.0,United Arab Emirates
9057,488998,Tshepang Dithole,FLICK,7,9,1,7.0,77.78,South Africa
9058,486679,Duanne Olivier,VERTICAL_FORWARD_ATTACK,7,6,1,7.0,116.67,South Africa
9059,51782,Fidel Edwards,SLOG_SHOT,7,9,2,3.5,77.78,West Indies
9060,1070180,Priyam Garg,STRAIGHT_DRIVE,7,6,1,7.0,116.67,India
9061,901657,Harrison Ward,SWEEP,7,5,3,2.33,140.0,England
9062,327830,Dwaine Pretorius,PUSH_SHOT,7,18,1,7.0,38.89,South Africa
9063,630174,Delray Rawlins,BACK_DEFENCE,7,8,1,7.0,87.5,Bermuda
9064,326637,Chris Lynn,FORWARD_DEFENCE,7,36,1,7.0,19.44,Australia
9065,381002,Graeme van Buuren,FORWARD_DEFENCE,7,5,1,7.0,140.0,England
9066,633638,Sharvin Muniandy,FLICK,7,9,1,7.0,77.78,Malaysia
9067,322818,Ayabulela Gqamane,ON_DRIVE,7,3,1,7.0,233.33,South Africa
9068,322810,Cameron Delport,SLOG_SWEEP,7,3,1,7.0,233.33,South Africa
9069,322810,Cameron Delport,FORWARD_DEFENCE,7,14,1,7.0,50.0,South Africa
9070,333780,Nic Maddinson,DEFENDED,7,92,3,2.33,7.61,Australia
9071,625371,Hardik Pandya,LEFT_ALONE,7,36,2,3.5,19.44,India
9072,333000,Peter Moor,CUT_SHOT,7,18,2,3.5,38.89,Ireland
9073,625956,Leo Carter,FLICK,7,7,1,7.0,100.0,New Zealand
9074,628240,Hussain Talat,SLOG_SWEEP,7,4,1,7.0,175.0,Pakistan
9075,330902,Mustafizur Rahman,SLOG_SWEEP,7,3,1,7.0,233.33,Bangladesh
9076,329845,Mizanur Rahman,ON_DRIVE,7,8,1,7.0,87.5,Bangladesh
9077,669855,Jofra Archer,SQUARE_DRIVE,7,4,1,7.0,175.0,England
9078,317252,Sohail Khan,FLICK,7,15,4,1.75,46.67,Pakistan
9079,662973,Sam Curran,DEFENDED,7,85,4,1.75,8.24,England
9080,314650,Nkrumah Bonner,STEERED,7,11,1,7.0,63.64,West Indies
9081,386774,Chris Cooke,REVERSE_SWEEP,7,8,1,7.0,87.5,England
9082,381743,Daryl Mitchell,HOOK,7,6,1,7.0,116.67,New Zealand
9083,643425,Callum Brodrick,REVERSE_SWEEP,7,5,2,3.5,140.0,England
9084,643425,Callum Brodrick,VERTICAL_FORWARD_ATTACK,7,9,1,7.0,77.78,England
9085,643885,Saqib Mahmood,PULL,7,7,1,7.0,100.0,England
9086,643885,Saqib Mahmood,VERTICAL_FORWARD_ATTACK,7,8,1,7.0,87.5,England
9087,646003,Jack Burnham,PUSH_SHOT,7,13,1,7.0,53.85,England
9088,319439,Mitchell McClenaghan,COVER_DRIVE,7,6,1,7.0,116.67,New Zealand
9089,532856,Manan Vohra,DEFENDED,7,71,3,2.33,9.86,India
9090,652361,Atit Sheth,STEERED,7,6,1,7.0,116.67,India
9091,318340,Noor Ali Zadran,SLOG_SHOT,7,4,1,7.0,175.0,Afghanistan
9092,379887,Lizaad Williams,REVERSE_SWEEP,7,4,1,7.0,175.0,South Africa
9093,573904,Owen Morgan,PULL_HOOK_ON_BACK_FOOT,7,7,2,3.5,100.0,England
9094,570854,Jack Wildermuth,DEFENDED,7,23,1,7.0,30.43,Australia
9095,571102,Fynn Hudson-Prentice,REVERSE_SWEEP,7,7,2,3.5,100.0,England
9096,571703,Wellington Masakadza,SWEEP_SHOT,7,7,1,7.0,100.0,Zimbabwe
9097,355269,James Neesham,HOOK,7,5,1,7.0,140.0,New Zealand
9098,571788,Nicholas Bertus,FLICK,7,7,1,7.0,100.0,Australia
9099,333872,Sam Rainbird,ON_DRIVE,7,8,3,2.33,87.5,Australia
9100,581160,Khary Pierre,PULL,7,5,1,7.0,140.0,West Indies
9101,351588,Mark Wood,SLOG_SHOT,7,3,1,7.0,233.33,England
9102,585081,Khawar Ali,SLOG_SHOT,7,3,1,7.0,233.33,Oman
9103,590326,Mitchell Swepson,SLOG_SHOT,7,13,5,1.4,53.85,Australia
9104,594322,Corbin Bosch,SLOG_SWEEP,7,5,3,2.33,140.0,South Africa
9105,570241,Mattie McKiernan,SWEEP,7,6,2,3.5,116.67,England
9106,373696,Mominul Haque,STRAIGHT_DRIVE,7,9,3,2.33,77.78,Bangladesh
9107,554068,Amjad Mahboob,SLOG_SHOT,7,4,1,7.0,175.0,Singapore
9108,371814,Kevon Cooper,ON_DRIVE,7,12,2,3.5,58.33,West Indies
9109,557295,Hilton Cartwright,LEFT_ALONE,7,20,1,7.0,35.0,Australia
9110,366725,Oshada Fernando,SLOG_SHOT,7,7,1,7.0,100.0,Sri Lanka
9111,557298,Daniel Worrall,SLOG_SHOT,7,11,2,3.5,63.64,Australia
9112,557298,Daniel Worrall,STRAIGHT_DRIVE,7,4,1,7.0,175.0,Australia
9113,550209,Wesley Marshall,FLICK,7,7,1,7.0,100.0,South Africa
9114,595267,Matthew Breetzke,SWEEP_SHOT,7,5,1,7.0,140.0,South Africa
9115,342619,Bhanuka Rajapaksa,DEFENDED,7,110,3,2.33,6.36,Sri Lanka
9116,340062,Priyank Panchal,STEERED,7,5,1,7.0,140.0,India
9117,604573,Vivek Singh,CUT_SHOT,7,7,1,7.0,100.0,India
9118,334337,Peter Handscomb,PADDLE_SWEEP,7,5,1,7.0,140.0,Australia
9119,595380,Raynard van Tonder,PULL,7,4,1,7.0,175.0,South Africa
9120,547749,Will Young,DEFENDED,7,28,1,7.0,25.0,New Zealand
9121,348109,Paul van Meekeren,PULL,7,10,1,7.0,70.0,Netherlands
9122,545467,Junior Dala,ON_DRIVE,7,9,1,7.0,77.78,South Africa
9123,596073,Lesego Senokwane,FLICK,7,12,1,7.0,58.33,South Africa
9124,348026,John Campbell,FLICK,7,12,1,7.0,58.33,West Indies
9125,596664,Zane Green,SLOG_SWEEP,7,3,1,7.0,233.33,Namibia
9126,675945,Nahidul Islam,SQUARE_DRIVE,7,6,1,7.0,116.67,Bangladesh
9127,269237,Mohammad Mithun,SLOG_SWEEP,7,5,1,7.0,140.0,Bangladesh
9128,819441,Darwish Rasooli,CUT_SHOT,7,15,2,3.5,46.67,Afghanistan
9129,267724,Keshav Maharaj,VERTICAL_FORWARD_ATTACK,7,10,1,7.0,70.0,South Africa
9130,819441,Darwish Rasooli,SLOG_SHOT,7,5,2,3.5,140.0,Afghanistan
9131,786639,Kavin  Bandara,COVER_DRIVE,7,4,1,7.0,175.0,Sri Lanka
9132,265564,Wayne Parnell,DAB,7,6,1,7.0,116.67,South Africa
9133,807469,Thikshila de Silva,PULL,7,9,2,3.5,77.78,Sri Lanka
9134,806241,Richard Ngarava,ON_DRIVE,7,9,2,3.5,77.78,Zimbabwe
9135,520183,Zeeshan Ashraf,PUSH,7,11,1,7.0,63.64,Pakistan
9136,520183,Zeeshan Ashraf,CUT_SHOT,7,18,3,2.33,38.89,Pakistan
9137,274921,Veerasammy Permaul,ON_DRIVE,7,9,1,7.0,77.78,West Indies
9138,272477,Jason Behrendorff,SLOG_SHOT,7,9,2,3.5,77.78,Australia
9139,272385,Josh Lalor,CUT_SHOT,7,9,1,7.0,77.78,Australia
9140,794707,Dipendra Singh Airee,SLOG_SHOT,7,3,1,7.0,233.33,Nepal
9141,517946,Recordo Gordon,PULL_HOOK_ON_BACK_FOOT,7,6,2,3.5,116.67,England
9142,270135,Ariful Haque,SWEEP_SHOT,7,8,1,7.0,87.5,Bangladesh
9143,825211,Ryan Gibson,SLOG_SHOT,7,7,3,2.33,100.0,Australia
9144,235516,Richmond Mutumbami,SLOG_SWEEP,7,3,1,7.0,233.33,Zimbabwe
9145,868003,Syed Aziz,PUSH,7,14,1,7.0,50.0,Malaysia
9146,407265,Josh Davey,REVERSE_SWEEP,7,6,1,7.0,116.67,Scotland
9147,508442,Abdul Mazid,STRAIGHT_DRIVE,7,4,1,7.0,175.0,Bangladesh
9148,888565,Mehran Khan,SLOG_SHOT,7,5,2,3.5,140.0,Oman
9149,901155,Liam Hatcher,FLICK,7,4,1,7.0,175.0,Australia
9150,901155,Liam Hatcher,SLOG_SHOT,7,4,1,7.0,175.0,Australia
9151,232489,Rameez Raja,FLICK,7,6,1,7.0,116.67,Pakistan
9152,248920,Devon Thomas,SWEEP_SHOT,7,6,2,3.5,116.67,West Indies
9153,512627,Harry Finch,PUSH_SHOT,7,18,2,3.5,38.89,England
9154,248920,Devon Thomas,SLOG_SWEEP,7,5,1,7.0,140.0,West Indies
9155,246005,Sam Northeast,REVERSE_SWEEP,7,6,1,7.0,116.67,England
9156,511532,Al-Amin Hossain,SLOG_SHOT,7,12,3,2.33,58.33,Bangladesh
9157,848623,Mark Deyal,STEERED,7,10,1,7.0,70.0,West Indies
9158,237696,Sheldon Jackson,SLOG_SHOT,7,3,1,7.0,233.33,India
9159,853265,Mahipal Lomror,SQUARE_DRIVE,7,6,1,7.0,116.67,India
9160,236489,Dawid Malan,LEFT_ALONE,7,44,1,7.0,15.91,England
9161,277390,Pieter Malan,ON_DRIVE,7,6,1,7.0,116.67,South Africa
9162,303427,Paul Stirling,DAB,7,16,1,7.0,43.75,Ireland
9163,707109,Sean Solia,CUT_SHOT,7,9,1,7.0,77.78,New Zealand
9164,707183,Peter Younghusband,SLOG_SHOT,7,4,1,7.0,175.0,New Zealand
9165,711559,Usman Ghani,DEFENDED,7,66,1,7.0,10.61,Afghanistan
9166,714451,Shivam Dube,DEFENDED,7,68,3,2.33,10.29,India
9167,698317,Ruben Trumpelmann,PULL,7,7,1,7.0,100.0,Namibia
9168,681067,Akif Raja,SLOG_SHOT,7,8,2,3.5,87.5,United Arab Emirates
9169,681117,Faheem Ashraf,LEG_GLANCE,7,8,1,7.0,87.5,Pakistan
9170,681305,Hasan Ali,VERTICAL_FORWARD_ATTACK,7,6,2,3.5,116.67,Pakistan
9171,529436,Srikar Bharat,CUT_SHOT,7,12,1,7.0,58.33,India
9172,388802,Tom Latham,DAB,7,10,1,7.0,70.0,New Zealand
9173,528067,Murugan Ashwin,SLOG_SHOT,7,6,2,3.5,116.67,India
9174,769529,Marcus O'Riordan,VERTICAL_FORWARD_ATTACK,7,7,1,7.0,100.0,England
9175,772361,Sam Harper,REVERSE_SWEEP,7,9,1,7.0,77.78,Australia
9176,777815,Vijaykumar Vyshak,SLOG_SHOT,7,3,1,7.0,233.33,India
9177,781285,Jake Weatherald,DAB,7,13,1,7.0,53.85,Australia
9178,781297,James Seymour,SLOG_SHOT,7,8,3,2.33,87.5,Australia
9179,521637,Ben Duckett,STEERED,7,5,1,7.0,140.0,England
9180,279554,Ishank Jaggi,ON_DRIVE,7,4,1,7.0,175.0,India
9181,747315,Nathan Sowter,COVER_DRIVE,7,4,1,7.0,175.0,England
9182,299572,Sikandar Raza,HOOK,7,3,1,7.0,233.33,Zimbabwe
9183,298438,Jason Roy,FORWARD_DEFENCE,7,34,1,7.0,20.59,England
9184,722303,Matt Renshaw,RAMP,7,6,2,3.5,116.67,Australia
9185,297583,Kyle Abbott,SLOG_SHOT,7,3,1,7.0,233.33,South Africa
9186,525992,Adam Hose,FORWARD_DEFENCE,7,70,1,7.0,10.0,England
9187,734459,Abrar Ahmed,COVER_DRIVE,7,6,1,7.0,116.67,Pakistan
9188,738445,Mohammad Shahzad,FLICK,7,11,1,7.0,63.64,United Arab Emirates
9189,297482,Ben Sanderson,CUT_SHOT_ON_BACK_FOOT,7,6,1,7.0,116.67,England
9190,11745,Steven Croft,BACK_DEFENCE,7,16,1,7.0,43.75,England
9191,7252,Tim Paine,CUT_SHOT,7,11,1,7.0,63.64,Australia
9192,1193529,Ollie White,FLICK,7,7,1,7.0,100.0,New Zealand
9193,23508,Riki Wessels,STEERED,7,9,1,7.0,77.78,England
9194,1344846,Saad Khan,ON_DRIVE,7,5,1,7.0,140.0,Saudi Arabia
9195,1175496,Nitish Kumar Reddy,CUT_SHOT,7,11,1,7.0,63.64,India
9196,1344829,Rizwan Butt,SLOG_SHOT,7,5,3,2.33,140.0,Bahrain
9197,458897,Ruaidhri Smith,SWEEP,7,6,3,2.33,116.67,Scotland
9198,23513,Graeme White,PUSH_SHOT,7,12,1,7.0,58.33,England
9199,1210488,Cooper Connolly,FLICK,7,15,1,7.0,46.67,Australia
9200,32966,Piyush Chawla,SWEEP_SHOT,7,4,1,7.0,175.0,India
9201,1149157,Chris Benjamin,ON_DRIVE,7,4,1,7.0,175.0,England
9202,1149157,Chris Benjamin,SLOG_SHOT,7,6,1,7.0,116.67,England
9203,437316,Dasun Shanaka,REVERSE_SWEEP,7,11,2,3.5,63.64,Sri Lanka
9204,1149723,Ben Wells,REVERSE_SWEEP,7,5,1,7.0,140.0,England
9205,30288,Karn Sharma,STRAIGHT_DRIVE,7,5,1,7.0,140.0,India
9206,25967,Paras Khadka,VERTICAL_FORWARD_ATTACK,7,15,2,3.5,46.67,Nepal
9207,23508,Riki Wessels,PULL,7,6,1,7.0,116.67,England
9208,1193539,Jesse Tashkoff,ON_DRIVE,7,7,1,7.0,100.0,New Zealand
9209,1161038,Alishan Sharafu,SLOG_SWEEP,7,6,2,3.5,116.67,United Arab Emirates
9210,1284541,Zain Ul Abidin,COVER_DRIVE,7,6,1,7.0,116.67,Saudi Arabia
9211,1159371,Mohammad Ilyas,SLOG_SHOT,7,7,2,3.5,100.0,Pakistan
9212,1153149,Vijayakanth Viyaskanth,CUT_SHOT,7,5,1,7.0,140.0,Sri Lanka
9213,463668,Jake Lintott,REVERSE_SWEEP,7,9,2,3.5,77.78,England
9214,437448,Jake Lehmann,SQUARE_DRIVE,7,5,1,7.0,140.0,Australia
9215,1331512,Mirza Baig,PUSH,7,17,1,7.0,41.18,Pakistan
9216,440517,Dane Cleaver,STRAIGHT_DRIVE,7,6,1,7.0,116.67,New Zealand
9217,1248374,Aamer Azmat,COVER_DRIVE,7,5,1,7.0,140.0,Pakistan
9218,1153767,Vikramjit Singh,SLOG_SWEEP,7,5,3,2.33,140.0,Netherlands
9219,463668,Jake Lintott,SWEEP,7,7,1,7.0,100.0,England
9220,1182529,Noor Ahmad,STRAIGHT_DRIVE,7,5,1,7.0,140.0,Afghanistan
9221,1161050,Sediqullah Atal,ON_DRIVE,7,11,1,7.0,63.64,Afghanistan
9222,1217156,Ravindu Fernando,COVER_DRIVE,7,9,1,7.0,77.78,Sri Lanka
9223,1152427,Dunith Wellalage,SLOG_SHOT,7,4,1,7.0,175.0,Sri Lanka
9224,1172968,Dan Mousley,ON_DRIVE,7,10,2,3.5,70.0,England
9225,6033,Mitchell Johnson,SLOG_SHOT,7,8,2,3.5,87.5,Australia
9226,1158100,Mohammad Hasnain,PULL,7,8,1,7.0,87.5,Pakistan
9227,1284669,Usman Khalid,ON_DRIVE,7,5,1,7.0,140.0,Saudi Arabia
9228,452044,Hanuma Vihari,PULL,7,6,2,3.5,116.67,India
9229,436686,Gareth Roderick,PUSH_SHOT,7,15,1,7.0,46.67,South Africa
9230,1139520,Tanzim Hasan Sakib,SLOG_SHOT,7,5,1,7.0,140.0,Bangladesh
9231,1244751,Arshad Khan,COVER_DRIVE,7,5,1,7.0,140.0,India
9232,437927,Stephan Baard,SLOG_SHOT,7,7,1,7.0,100.0,Namibia
9233,9062,Ian Bell,FORWARD_DEFENCE,7,45,2,3.5,15.56,England
9234,457280,Adam Rossington,DEFENDED,7,24,1,7.0,29.17,England
9235,1196500,Zawar Farid,ON_DRIVE,7,6,1,7.0,116.67,United Arab Emirates
9236,1276719,Kashyap Prajapati,SLOG_SHOT,7,4,1,7.0,175.0,Oman
9237,1203754,Junaid Siddique,ON_DRIVE,7,9,2,3.5,77.78,United Arab Emirates
9238,1168641,Harpreet Brar,SQUARE_DRIVE,7,6,1,7.0,116.67,India
9239,1402600,Pratik Athavale,CUT_SHOT,7,6,1,7.0,116.67,Oman
9240,1295903,Kevin Wickham,ON_DRIVE,7,4,1,7.0,175.0,West Indies
9241,4493,Dean Brownlie,PULL,7,4,1,7.0,175.0,New Zealand
9242,440523,Ben Wheeler,ON_DRIVE,7,7,1,7.0,100.0,New Zealand
9243,21440,John Simpson,SLOG_SHOT,7,5,1,7.0,140.0,England
9244,1169586,Mangal Mahrour,STEERED,7,5,1,7.0,140.0,India
9245,1200616,Clayton Floyd,PULL,7,3,1,7.0,233.33,Netherlands
9246,1168667,Joshua Da Silva,SLOG_SHOT,7,10,2,3.5,70.0,West Indies
9247,1201572,Karnajit Yumnam,ON_DRIVE,7,11,2,3.5,63.64,India
9248,24611,William Porterfield,PUSH_SHOT,7,27,2,3.5,25.93,Ireland
9249,4451,George Bailey,RAMP,7,4,1,7.0,175.0,Australia
9250,1202098,Zakary Foulkes,ON_DRIVE,7,3,1,7.0,233.33,New Zealand
9251,1217156,Ravindu Fernando,ON_DRIVE,7,4,1,7.0,175.0,Sri Lanka
9252,1300795,Akshat Raghuwanshi,FLICK,7,7,1,7.0,100.0,India
9253,1278029,Yasir Khan,STRAIGHT_DRIVE,7,4,1,7.0,175.0,Pakistan
9254,1229251,Dilpreet Bajwa,COVER_DRIVE,7,8,1,7.0,87.5,Canada
9255,433614,Zahid Mahmood,FLICK,7,9,1,7.0,77.78,Pakistan
9256,1148776,Arjun Tendulkar,ON_DRIVE,7,6,1,7.0,116.67,India
9257,1148589,Freddie Heldreich,VERTICAL_FORWARD_ATTACK,7,12,1,7.0,58.33,England
9258,1194959,Jacob Bethell,CUT_SHOT_ON_BACK_FOOT,7,10,2,3.5,70.0,England
9259,1194959,Jacob Bethell,PUSH_SHOT,7,11,1,7.0,63.64,England
9260,459761,Ben Raine,FORWARD_DEFENCE,7,42,1,7.0,16.67,England
9261,1159711,Shahbaz Ahmed,STRAIGHT_DRIVE,7,4,1,7.0,175.0,India
9262,36581,Neil Broom,REVERSE_SWEEP,7,8,1,7.0,87.5,New Zealand
9263,1141934,Kushal Malla,FLICK,7,9,1,7.0,77.78,Nepal
9264,766809,Jordan Thompson,SLOG_SWEEP,6,4,3,2.0,150.0,England
9265,1246455,Mohit Raut,COVER_DRIVE,6,4,1,6.0,150.0,India
9266,1246509,Bidash Chingakham,PULL,6,4,1,6.0,150.0,India
9267,1138316,Maheesh Theekshana,DEFENDED,6,20,2,3.0,30.0,Sri Lanka
9268,1260229,George Bell,PULL_HOOK_ON_BACK_FOOT,6,4,1,6.0,150.0,England
9269,698343,Eathan Bosch,CUT_SHOT,6,7,2,3.0,85.71,South Africa
9270,303508,Shane Getkate,SLOG_SHOT,6,3,2,3.0,200.0,Ireland
9271,701215,Sompal Kami,ON_DRIVE,6,8,2,3.0,75.0,Nepal
9272,527299,Aniket Choudhary,PULL,6,3,2,3.0,200.0,India
9273,303870,Edward Farley,ON_DRIVE,6,6,2,3.0,100.0,Jersey
9274,528332,Nikhil Gangta,SLOG_SHOT,6,3,1,6.0,200.0,India
9275,389605,Ashish Reddy,PULL,6,5,1,6.0,120.0,India
9276,697279,Usman Shinwari,PULL,6,4,1,6.0,150.0,Pakistan
9277,448074,Martin Coetzee,ON_DRIVE,6,4,1,6.0,150.0,Hong Kong
9278,698199,Mitchell Van Buuren,SQUARE_DRIVE,6,5,1,6.0,120.0,South Africa
9279,1256189,Vishnu Sukumaran,SLOG_SHOT,6,3,2,3.0,200.0,
9280,720471,Ishan Kishan,UPPER_CUT,6,5,2,3.0,120.0,India
9281,300617,Rony Talukdar,DEFENDED,6,82,4,1.5,7.32,Bangladesh
9282,716733,Khushdil Shah,UPPER_CUT,6,3,1,6.0,200.0,Pakistan
9283,719715,Washington Sundar,LEFT_ALONE,6,3,1,6.0,200.0,India
9284,450101,Raymon Reifer,LEG_GLANCE,6,6,1,6.0,100.0,West Indies
9285,1254269,Aman Hakim Khan,SLOG_SWEEP,6,2,1,6.0,300.0,India
9286,719719,M Shahrukh Khan,DEFENDED,6,30,1,6.0,20.0,India
9287,437506,Imran Manack,SLOG_SHOT,6,4,1,6.0,150.0,South Africa
9288,297936,Jack Shantry,CUT_SHOT_ON_BACK_FOOT,6,4,1,6.0,150.0,England
9289,437669,Jordan Silk,DEFENDED,6,59,4,1.5,10.17,Australia
9290,707113,Tom Bruce,SWEEP,6,5,2,3.0,120.0,New Zealand
9291,302579,Shreevats Goswami,FLICK,6,9,1,6.0,66.67,India
9292,707183,Peter Younghusband,ON_DRIVE,6,11,2,3.0,54.55,New Zealand
9293,450075,Kesrick Williams,STEERED,6,7,1,6.0,85.71,West Indies
9294,300628,Dinesh Chandimal,UPPER_CUT,6,7,2,3.0,85.71,Sri Lanka
9295,772361,Sam Harper,DEFENDED,6,72,4,1.5,8.33,Australia
9296,823339,Ahmer Bin Nisar,PULL,6,4,1,6.0,150.0,Bahrain
9297,253802,Virat Kohli,PADDLE_SWEEP,6,3,1,6.0,200.0,India
9298,825211,Ryan Gibson,SLOG_SWEEP,6,2,1,6.0,300.0,Australia
9299,402106,Abdul Waheed,SLOG_SHOT,6,5,1,6.0,120.0,Saudi Arabia
9300,249866,Alex Hales,FORWARD_DEFENCE,6,56,5,1.2,10.71,England
9301,261354,Nathan Coulter-Nile,SWEEP_SHOT,6,5,1,6.0,120.0,Australia
9302,269280,Reeza Hendricks,REVERSE_SWEEP,6,7,2,3.0,85.71,South Africa
9303,267192,Steven Smith,LEFT_ALONE,6,24,1,6.0,25.0,Australia
9304,18632,Samit Patel,BACK_DEFENCE,6,23,1,6.0,26.09,England
9305,266268,Pite van Biljon,CUT_SHOT,6,8,1,6.0,75.0,South Africa
9306,820685,Nicholas Kirton,FLICK,6,11,1,6.0,54.55,Canada
9307,401537,Kinchit Shah,SWEEP_SHOT,6,4,1,6.0,150.0,Hong Kong
9308,237502,Monir Hossain,ON_DRIVE,6,3,1,6.0,200.0,Bangladesh
9309,236489,Dawid Malan,FORWARD_DEFENCE,6,54,3,2.0,11.11,England
9310,854909,Blair Tickner,COVER_DRIVE,6,6,1,6.0,100.0,New Zealand
9311,457249,Carlos Brathwaite,PUSH_SHOT,6,16,1,6.0,37.5,West Indies
9312,436677,Soumya Sarkar,DAB,6,15,1,6.0,40.0,Bangladesh
9313,1201520,Ripal Patel,SLOG_SWEEP,6,2,1,6.0,300.0,India
9314,457249,Carlos Brathwaite,SWEEP,6,7,1,6.0,85.71,West Indies
9315,233904,Yasim Murtaza,SLOG_SHOT,6,7,2,3.0,85.71,Hong Kong
9316,233901,Shan Masood,UPPER_CUT,6,4,2,3.0,150.0,Pakistan
9317,1201520,Ripal Patel,SLOG_SHOT,6,10,3,2.0,60.0,India
9318,873199,Chris Greaves,SLOG_SWEEP,6,5,2,3.0,120.0,Scotland
9319,851403,Venkatesh Iyer,VERTICAL_FORWARD_ATTACK,6,8,1,6.0,75.0,India
9320,826689,Pramod Madushan,PULL,6,4,1,6.0,150.0,Sri Lanka
9321,248920,Devon Thomas,DEFENDED,6,98,4,1.5,6.12,West Indies
9322,402245,Amir Hamza,PULL,6,2,1,6.0,300.0,Afghanistan
9323,826901,Daniel Sams,DAB,6,10,1,6.0,60.0,Australia
9324,826945,Peter David Bocock,SLOG_SHOT,6,4,2,3.0,150.0,New Zealand
9325,402992,Shuvagata Hom,PUSH,6,10,1,6.0,60.0,Bangladesh
9326,1203282,Tunish Sawkar,SLOG_SHOT,6,5,1,6.0,120.0,India
9327,243945,Tom Smith,SWEEP,6,7,1,6.0,85.71,England
9328,240609,Fawad Ahmed,CUT_SHOT,6,3,1,6.0,200.0,Australia
9329,851403,Venkatesh Iyer,DEFENDED,6,35,1,6.0,17.14,India
9330,524049,Najibullah Zadran,LEFT_ALONE,6,43,2,3.0,13.95,Afghanistan
9331,280734,Imrul Kayes,HOOK,6,4,1,6.0,150.0,Bangladesh
9332,280490,JJ Smuts,RAMP,6,2,1,6.0,300.0,South Africa
9333,15338,Paul Horton,PULL_HOOK_ON_BACK_FOOT,6,6,1,6.0,100.0,England
9334,784379,Wanindu Hasaranga de Silva,DEFENDED,6,44,4,1.5,13.64,Sri Lanka
9335,277906,Kane Williamson,PADDLE_SWEEP,6,5,1,6.0,120.0,New Zealand
9336,396249,Joe Gatting,PUSH_SHOT,6,12,1,6.0,50.0,England
9337,13983,Billy Godleman,FORWARD_DEFENCE,6,48,2,3.0,12.5,England
9338,774219,Matthew Kuhnemann,PULL,6,8,2,3.0,75.0,Australia
9339,12461,Jade Dernbach,SLOG_SWEEP,6,2,1,6.0,300.0,England
9340,288284,Josh Hazlewood,SLOG_SHOT,6,4,1,6.0,150.0,Australia
9341,288211,Umar Amin,DEFENDED,6,29,1,6.0,20.69,Pakistan
9342,779929,Nick Hobson,SQUARE_DRIVE,6,8,1,6.0,75.0,Australia
9343,277906,Kane Williamson,LEFT_ALONE,6,56,2,3.0,10.71,New Zealand
9344,793447,Naveen-ul-Haq,SQUARE_DRIVE,6,3,1,6.0,200.0,Afghanistan
9345,1214273,Ryan Harrison,ON_DRIVE,6,6,1,6.0,100.0,New Zealand
9346,272465,James Pattinson,COVER_DRIVE,6,8,1,6.0,75.0,Australia
9347,1213979,Mitchell Owen,SLOG_SHOT,6,11,2,3.0,54.55,Australia
9348,270484,James Faulkner,SLOG_SWEEP,6,4,1,6.0,150.0,Australia
9349,429886,Wihan Lubbe,PADDLE_SWEEP,6,2,1,6.0,300.0,South Africa
9350,452472,Anshy Rath,SWEEP_SHOT,6,6,1,6.0,100.0,Hong Kong
9351,805235,Himmat Singh,SLOG_SHOT,6,2,1,6.0,300.0,India
9352,793447,Naveen-ul-Haq,PUSH,6,16,1,6.0,37.5,Afghanistan
9353,793441,Aamer Jamal,SLOG_SWEEP,6,3,1,6.0,200.0,Pakistan
9354,276843,Aubrey Swanepoel,ON_DRIVE,6,7,1,6.0,85.71,South Africa
9355,277390,Pieter Malan,REVERSE_SWEEP,6,3,1,6.0,200.0,South Africa
9356,787987,Marnus Labuschagne,RAMP,6,4,1,6.0,150.0,Australia
9357,398506,Mandeep Singh,PUSH,6,18,1,6.0,33.33,India
9358,520183,Zeeshan Ashraf,SLOG_SHOT,6,6,1,6.0,100.0,Pakistan
9359,275658,Michael Hogan,PUSH_SHOT,6,7,1,6.0,85.71,Australia
9360,793411,Danish Aziz,PUSH,6,18,1,6.0,33.33,Pakistan
9361,307808,Rohan Mustafa,SLOG_SHOT,6,3,1,6.0,200.0,United Arab Emirates
9362,1278029,Yasir Khan,SLOG_SWEEP,6,3,1,6.0,200.0,Pakistan
9363,596137,Clyde Fortuin,SLOG_SWEEP,6,2,1,6.0,300.0,South Africa
9364,348034,George Dockrell,VERTICAL_FORWARD_ATTACK,6,6,1,6.0,100.0,Ireland
9365,596376,Joylord Gumbie,FLICK,6,12,1,6.0,50.0,Zimbabwe
9366,1342699,Shadrack Descarte,PULL,6,4,2,3.0,150.0,West Indies
9367,379504,Adam Zampa,CUT_SHOT,6,12,1,6.0,50.0,Australia
9368,595954,Duan Jansen,SLOG_SWEEP,6,2,1,6.0,300.0,South Africa
9369,1369678,Parvindar Kumar,ON_DRIVE,6,8,1,6.0,75.0,Kuwait
9370,348152,Usman Qadir,SLOG_SHOT,6,3,2,3.0,200.0,Pakistan
9371,348152,Usman Qadir,ON_DRIVE,6,7,1,6.0,85.71,Pakistan
9372,379145,Tabraiz Shamsi,ON_DRIVE,6,10,2,3.0,60.0,South Africa
9373,595406,Shane Dadswell,UPPER_CUT,6,2,1,6.0,300.0,South Africa
9374,348109,Paul van Meekeren,ON_DRIVE,6,4,1,6.0,150.0,Netherlands
9375,539304,Babar Hayat,SWEEP_SHOT,6,3,1,6.0,200.0,Hong Kong
9376,333904,Aditya Tare,PULL,6,7,1,6.0,85.71,India
9377,605681,Evan Jones,CUT_SHOT,6,7,1,6.0,85.71,South Africa
9378,440516,Tom Blundell,STRAIGHT_DRIVE,6,3,1,6.0,200.0,New Zealand
9379,538506,Taskin Ahmed,SLOG_SWEEP,6,6,3,2.0,100.0,Bangladesh
9380,1329695,Hassan Nawaz,PULL,6,5,3,2.0,120.0,Pakistan
9381,379774,Colin Ackermann,PUSH,6,19,1,6.0,31.58,Netherlands
9382,336594,Andrea Agathangelou,LEG_GLANCE,6,4,1,6.0,150.0,South Africa
9383,1329699,Khawaja Nafay,SWEEP_SHOT,6,5,1,6.0,120.0,Pakistan
9384,350126,Luke Wells,SLOG_SWEEP,6,3,1,6.0,200.0,England
9385,559061,Ben Horne,SLOG_SHOT,6,4,3,2.0,150.0,New Zealand
9386,559066,Ish Sodhi,CUT_SHOT_ON_BACK_FOOT,6,3,1,6.0,200.0,New Zealand
9387,559235,Kuldeep Yadav,CUT_SHOT,6,22,2,3.0,27.27,India
9388,1410577,Bevon Jacobs,STRAIGHT_DRIVE,6,3,1,6.0,200.0,
9389,362201,Lewis Gregory,REVERSE_SWEEP,6,7,1,6.0,85.71,England
9390,361700,David Lloyd,FORWARD_DEFENCE,6,48,1,6.0,12.5,England
9391,550215,Kagiso Rabada,PUSH,6,15,1,6.0,40.0,South Africa
9392,375126,Hardus Viljoen,SWEEP,6,4,2,3.0,150.0,South Africa
9393,554700,Nikhil Naik,FLICK,6,8,1,6.0,75.0,India
9394,371814,Kevon Cooper,FLICK,6,11,2,3.0,54.55,West Indies
9395,371150,Ashok Menaria,ON_DRIVE,6,5,1,6.0,120.0,India
9396,1414159,Sagar Kalyan,COVER_DRIVE,6,4,1,6.0,150.0,
9397,568276,Imam-ul-Haq,SLOG_SHOT,6,5,2,3.0,120.0,Pakistan
9398,440990,Lega Siaka,PULL_HOOK_ON_BACK_FOOT,6,2,1,6.0,300.0,Papua New Guinea
9399,572199,Ryan Higgins,FORWARD_DEFENCE,6,19,4,1.5,31.58,England
9400,549288,Ferisco Adams,SLOG_SHOT,6,4,1,6.0,150.0,South Africa
9401,4864,Dan Christian,LEFT_ALONE,6,15,1,6.0,40.0,Australia
9402,585083,Zeeshan Maqsood,SLOG_SWEEP,6,5,3,2.0,120.0,Oman
9403,1369833,Amir Farooq,ON_DRIVE,6,8,1,6.0,75.0,
9404,547764,Cam Fletcher,PULL_HOOK_ON_BACK_FOOT,6,3,2,3.0,200.0,New Zealand
9405,590326,Mitchell Swepson,CUT_SHOT,6,7,1,6.0,85.71,Australia
9406,590326,Mitchell Swepson,PULL,6,7,1,6.0,85.71,Australia
9407,355092,Joe Leach,SWEEP,6,3,1,6.0,200.0,England
9408,570261,Dan Lincoln,PUSH_SHOT,6,12,1,6.0,50.0,England
9409,550133,Mosaddek Hossain,LEFT_ALONE,6,19,1,6.0,31.58,Bangladesh
9410,4527,Ryan Campbell,PULL,6,11,1,6.0,54.55,Hong Kong
9411,1400702,Nimish Lathief,ON_DRIVE,6,4,1,6.0,150.0,Kuwait
9412,570854,Jack Wildermuth,PUSH,6,8,1,6.0,75.0,Australia
9413,1397995,Shahzaib Jamil,SLOG_SHOT,6,3,1,6.0,200.0,
9414,571911,Joe Clarke,FORWARD_DEFENCE,6,42,2,3.0,14.29,England
9415,308251,David Willey,BACK_DEFENCE,6,30,1,6.0,20.0,England
9416,1284532,Haider Butt,SLOG_SHOT,6,2,1,6.0,300.0,Bahrain
9417,1284540,Ishtiaq Ahmad,SLOG_SHOT,6,2,1,6.0,300.0,Saudi Arabia
9418,317252,Sohail Khan,ON_DRIVE,6,14,3,2.0,42.86,Pakistan
9419,1284534,Muhammad Murad,SLOG_SHOT,6,2,1,6.0,300.0,Qatar
9420,316397,Asad Shafiq,SLOG_SHOT,6,4,3,2.0,150.0,Pakistan
9421,438362,Sandeep Sharma,PULL,6,5,2,3.0,120.0,India
9422,315623,Ben Laughlin,SLOG_SHOT,6,7,2,3.0,85.71,Australia
9423,669365,Phil Salt,UPPER_CUT,6,3,1,6.0,200.0,England
9424,670013,Fabian Allen,DEFENDED,6,61,6,1.0,9.84,West Indies
9425,662235,Josh Inglis,HOOK,6,6,2,3.0,100.0,Australia
9426,1284541,Zain Ul Abidin,ON_DRIVE,6,9,1,6.0,66.67,Saudi Arabia
9427,647667,Usama Mir,SLOG_SWEEP,6,4,1,6.0,150.0,Pakistan
9428,381183,Evan Gulbis,SWEEP_SHOT,6,4,1,6.0,150.0,Australia
9429,1284669,Usman Khalid,SLOG_SWEEP,6,3,1,6.0,200.0,Saudi Arabia
9430,653695,Matt Parkinson,PUSH_SHOT,6,6,1,6.0,100.0,England
9431,654797,Callum Taylor,VERTICAL_FORWARD_ATTACK,6,12,3,2.0,50.0,England
9432,308794,Michael Swart,SLOG_SHOT,6,5,1,6.0,120.0,Australia
9433,681117,Faheem Ashraf,RAMP,6,2,1,6.0,300.0,Pakistan
9434,308408,Josh Cobb,SLOG_SWEEP,6,3,1,6.0,200.0,England
9435,528730,Akshay Karnewar,SLOG_SHOT,6,2,1,6.0,300.0,India
9436,670031,Alzarri Joseph,SQUARE_DRIVE,6,5,1,6.0,120.0,West Indies
9437,314622,Krishmar Santokie,FLICK,6,14,3,2.0,42.86,West Indies
9438,447287,Faizan Asif,COVER_DRIVE,6,5,1,6.0,120.0,United Arab Emirates
9439,314615,Jonathan Carter,SLOG_SWEEP,6,4,1,6.0,150.0,West Indies
9440,314615,Jonathan Carter,DEFENDED,6,45,2,3.0,13.33,West Indies
9441,233713,Neil Wagner,PULL_HOOK_ON_BACK_FOOT,6,5,1,6.0,120.0,New Zealand
9442,1278029,Yasir Khan,SLOG_SHOT,6,8,3,2.0,75.0,Pakistan
9443,1277545,Abishek Porel,HOOK,6,3,1,6.0,200.0,India
9444,310107,Danny Briggs,SWEEP,6,5,2,3.0,120.0,England
9445,327832,Mangaliso Mosehle,FLICK,6,9,1,6.0,66.67,South Africa
9446,380354,Anamul Haque,HOOK,6,2,1,6.0,300.0,Bangladesh
9447,1295851,Joel Davies,SLOG_SHOT,6,3,1,6.0,200.0,Australia
9448,1295851,Joel Davies,FLICK,6,6,1,6.0,100.0,Australia
9449,535393,Senuran Muthusamy,SWEEP_SHOT,6,10,1,6.0,60.0,South Africa
9450,629065,Nihaduzzaman,ON_DRIVE,6,13,1,6.0,46.15,Bangladesh
9451,537319,Kennar Lewis,DEFENDED,6,76,1,6.0,7.89,West Indies
9452,1304794,Flynn McGregor-Sumpter,FLICK,6,9,1,6.0,66.67,
9453,6161,Michael Klinger,HOOK,6,3,1,6.0,200.0,Australia
9454,1300795,Akshat Raghuwanshi,SLOG_SHOT,6,2,1,6.0,300.0,India
9455,325012,Marcus Stoinis,PADDLE_SWEEP,6,6,1,6.0,100.0,Australia
9456,324358,Nuwan Pradeep,ON_DRIVE,6,11,2,3.0,54.55,Sri Lanka
9457,641387,Max Holden,SLOG_SHOT,6,3,1,6.0,200.0,England
9458,324260,Sarel Erwee,ON_DRIVE,6,9,2,3.0,66.67,South Africa
9459,322810,Cameron Delport,DEFENDED,6,69,5,1.2,8.7,South Africa
9460,533870,Nick Larkin,LEFT_ALONE,6,9,1,6.0,66.67,Australia
9461,533862,Mohammad Naveed,SLOG_SHOT,6,4,1,6.0,150.0,United Arab Emirates
9462,643433,George Garton,CUT_SHOT,6,8,2,3.0,75.0,England
9463,7443,Nathan Rimmington,PULL_HOOK_ON_BACK_FOOT,6,4,1,6.0,150.0,Australia
9464,639422,Charlie Thurston,CUT_SHOT_ON_BACK_FOOT,6,10,2,3.0,60.0,England
9465,326637,Chris Lynn,RAMP,6,2,1,6.0,300.0,Australia
9466,326635,Cameron Gannon,PULL,6,4,1,6.0,150.0,United States of America
9467,534734,Chirag Suri,SLOG_SWEEP,6,2,1,6.0,300.0,United Arab Emirates
9468,637151,Danny Lamb,REVERSE_SWEEP,6,9,1,6.0,66.67,England
9469,414966,Michael Leask,PULL_HOOK_ON_BACK_FOOT,6,9,2,3.0,66.67,Scotland
9470,32966,Piyush Chawla,SQUARE_DRIVE,6,8,1,6.0,75.0,India
9471,1028655,Pathum Nissanka,LEFT_ALONE,6,12,1,6.0,50.0,Sri Lanka
9472,32966,Piyush Chawla,DEFENDED,6,22,2,3.0,27.27,India
9473,500135,Prashant Chopra,STEERED,6,9,1,6.0,66.67,India
9474,33141,Ambati Rayudu,LEFT_ALONE,6,58,1,6.0,10.34,India
9475,935995,Afif Hossain,HOOK,6,3,1,6.0,200.0,Bangladesh
9476,935995,Afif Hossain,DEFENDED,6,142,5,1.2,4.23,Bangladesh
9477,1168651,Haider Ali,DEFENDED,6,63,1,6.0,9.52,Pakistan
9478,1012137,Mrittunjoy Chowdhury,SLOG_SHOT,6,7,1,6.0,85.71,Bangladesh
9479,44407,Wesley Barresi,SWEEP_SHOT,6,5,1,6.0,120.0,Netherlands
9480,44410,Farhaan Behardien,DEFENDED,6,18,1,6.0,33.33,South Africa
9481,47660,Ryan ten Doeschate,SLOG_SHOT,6,3,1,6.0,200.0,Netherlands
9482,215152,Jackson Bird,SLOG_SHOT,6,9,1,6.0,66.67,Australia
9483,1099225,Fionn Hand,ON_DRIVE,6,4,1,6.0,150.0,Ireland
9484,24611,William Porterfield,SLOG_SHOT,6,7,1,6.0,85.71,Ireland
9485,221140,David Wiese,DEFENDED,6,48,4,1.5,12.5,Namibia
9486,1104697,Scott Currie,VERTICAL_FORWARD_ATTACK,6,10,2,3.0,60.0,Scotland
9487,1151278,Yashasvi Jaiswal,DEFENDED,6,66,1,6.0,9.09,India
9488,931015,Thanuka Dabare,PUSH,6,18,1,6.0,33.33,Sri Lanka
9489,931015,Thanuka Dabare,SLOG_SHOT,6,6,2,3.0,100.0,Sri Lanka
9490,228210,Mehedi Maruf,SLOG_SHOT,6,3,1,6.0,200.0,Bangladesh
9491,35263,Virender Sehwag,COVER_DRIVE,6,8,1,6.0,75.0,India
9492,43265,Sohail Tanvir,LEG_GLANCE,6,5,1,6.0,120.0,Pakistan
9493,414966,Michael Leask,CUT_SHOT_ON_BACK_FOOT,6,4,1,6.0,150.0,Scotland
9494,930175,Deepak Khatri,STRAIGHT_DRIVE,6,2,1,6.0,300.0,India
9495,1048739,Sai Kishore,SLOG_SHOT,6,3,1,6.0,200.0,India
9496,1076722,Will Sutherland,SLOG_SWEEP,6,2,1,6.0,300.0,Australia
9497,35390,Saurabh Tiwary,SLOG_SWEEP,6,5,2,3.0,120.0,India
9498,1048813,Narayan Jagadeesan,PUSH,6,14,1,6.0,42.86,India
9499,34102,Rohit Sharma,LEFT_ALONE,6,70,2,3.0,8.57,India
9500,933173,Tawfique Khan,SLOG_SHOT,6,2,1,6.0,300.0,Bangladesh
9501,1151278,Yashasvi Jaiswal,DAB,6,9,1,6.0,66.67,India
9502,932635,Nayeem Hasan,UPPER_CUT,6,2,1,6.0,300.0,Bangladesh
9503,30045,Dinesh Karthik,SWEEP,6,3,1,6.0,200.0,India
9504,227760,Sarfaraz Ahmed,DAB,6,10,3,2.0,60.0,Pakistan
9505,1111984,Blake Cullen,CUT_SHOT_ON_BACK_FOOT,6,3,1,6.0,200.0,England
9506,24605,Kevin O'Brien,PUSH,6,16,1,6.0,37.5,Ireland
9507,1151270,Ayush Badoni,STRAIGHT_DRIVE,6,3,1,6.0,200.0,India
9508,1039481,Gus Atkinson,LEG_GLANCE,6,5,1,6.0,120.0,England
9509,1112535,Neil Rock,COVER_DRIVE,6,11,2,3.0,54.55,Ireland
9510,430246,Yuzvendra Chahal,COVER_DRIVE,6,9,1,6.0,66.67,India
9511,962831,Henry Shipley,PULL,6,4,1,6.0,150.0,New Zealand
9512,431909,Jermaine Blackwood,STRAIGHT_DRIVE,6,3,1,6.0,200.0,West Indies
9513,55944,Jahurul Islam,SLOG_SHOT,6,7,3,2.0,85.71,Bangladesh
9514,55944,Jahurul Islam,SLOG_SWEEP,6,4,1,6.0,150.0,Bangladesh
9515,475281,Shardul Thakur,SWEEP_SHOT,6,5,1,6.0,120.0,India
9516,1090866,Vijay Unni,COVER_DRIVE,6,5,1,6.0,120.0,Malaysia
9517,969379,Hiten Dalal,PULL,6,3,2,3.0,200.0,India
9518,962107,Rizwan Hussain,COVER_DRIVE,6,5,1,6.0,120.0,Pakistan
9519,961713,Riley Meredith,ON_DRIVE,6,6,3,2.0,100.0,Australia
9520,56167,Ziaur Rahman,PUSH,6,17,2,3.0,35.29,Bangladesh
9521,47015,Jacques Rudolph,FORWARD_DEFENCE,6,41,1,6.0,14.63,South Africa
9522,959833,Wes Agar,VERTICAL_FORWARD_ATTACK,6,4,1,6.0,150.0,Australia
9523,959833,Wes Agar,SLOG_SHOT,6,5,2,3.0,120.0,Australia
9524,1172124,Sarfaraz Ali,SLOG_SHOT,6,3,1,6.0,200.0,Bahrain
9525,989749,SM Meherob,PULL,6,8,1,6.0,75.0,
9526,25057,Kila Pala,SLOG_SHOT,6,2,1,6.0,300.0,Papua New Guinea
9527,1170471,Tanveer Sangha,PULL,6,6,1,6.0,100.0,Australia
9528,974719,Muhammad Usman,SLOG_SHOT,6,4,2,3.0,150.0,United Arab Emirates
9529,477021,Vijay Shankar,DEFENDED,6,80,4,1.5,7.5,India
9530,419873,Mohammad Shahzad,UPPER_CUT,6,3,1,6.0,200.0,Afghanistan
9531,1094569,Dillon Pennington,LEG_GLANCE,6,7,1,6.0,85.71,England
9532,55870,Sean Williams,DAB,6,9,1,6.0,66.67,Zimbabwe
9533,55814,Brendan Taylor,PULL,6,10,2,3.0,60.0,Zimbabwe
9534,956023,Mrinmoy Dutta,ON_DRIVE,6,5,1,6.0,120.0,India
9535,1095879,Jack Davies,PUSH_SHOT,6,17,2,3.0,35.29,England
9536,214265,Tom Westley,FORWARD_DEFENCE,6,28,2,3.0,21.43,England
9537,952207,Sinethemba Qeshile,PULL,6,2,1,6.0,300.0,South Africa
9538,30288,Karn Sharma,SWEEP_SHOT,6,4,1,6.0,150.0,India
9539,474760,Chundangapoyil Rizwan,SLOG_SHOT,6,2,1,6.0,300.0,United Arab Emirates
9540,959769,Ben Sears,FLICK,6,7,2,3.0,85.71,New Zealand
9541,1081442,Mayank Markande,ON_DRIVE,6,7,1,6.0,85.71,India
9542,990147,Akbar Ali,FLICK,6,8,1,6.0,75.0,Bangladesh
9543,1172968,Dan Mousley,DROP_AND_RUN,6,6,1,6.0,100.0,England
9544,55893,Fazle Mahmud,PUSH,6,13,1,6.0,46.15,Bangladesh
9545,1172968,Dan Mousley,PULL,6,8,1,6.0,75.0,England
9546,24853,Nicolaas Scholtz,PULL,6,6,1,6.0,100.0,Namibia
9547,25446,Kyle Coetzer,DEFENDED,6,27,2,3.0,22.22,Scotland
9548,928057,Lorcan Tucker,HOOK,6,4,1,6.0,150.0,Ireland
9549,906053,Tom Scriven,PULL_HOOK_ON_BACK_FOOT,6,3,1,6.0,200.0,England
9550,1070183,Abhishek Sharma,LEG_GLANCE,6,7,1,6.0,85.71,India
9551,905931,Thilan Walallawita,VERTICAL_FORWARD_ATTACK,6,9,2,3.0,66.67,England
9552,905969,Tom Price,PULL_HOOK_ON_BACK_FOOT,6,7,3,2.0,85.71,England
9553,1072488,Rohit Paudel,SLOG_SWEEP,6,2,1,6.0,300.0,Nepal
9554,1070188,Kamlesh Nagarkoti,FLICK,6,8,1,6.0,75.0,India
9555,902907,Tom Lammonby,PULL,6,7,2,3.0,85.71,England
9556,232435,Calum MacLeod,SLOG_SHOT,6,6,1,6.0,100.0,Scotland
9557,1129638,Ben Lockrose,CUT_SHOT,6,7,1,6.0,85.71,New Zealand
9558,410765,Nurul Hasan,DEFENDED,6,68,3,2.0,8.82,Bangladesh
9559,1126059,Omair Yousuf,SLOG_SHOT,6,2,1,6.0,300.0,Pakistan
9560,1126045,Nishan Madushka,STEERED,6,8,1,6.0,75.0,Sri Lanka
9561,1143529,Imran Anwar,CUT_SHOT,6,9,1,6.0,66.67,Bahrain
9562,36581,Neil Broom,SLOG_SWEEP,6,3,2,3.0,200.0,New Zealand
9563,1125976,Arshdeep Singh,SQUARE_DRIVE,6,3,1,6.0,200.0,India
9564,23508,Riki Wessels,FLICK,6,11,1,6.0,54.55,England
9565,1129328,Teja Nidamanuru,PULL,6,2,1,6.0,300.0,Netherlands
9566,485676,Keegan Petersen,STRAIGHT_DRIVE,6,2,1,6.0,300.0,South Africa
9567,51782,Fidel Edwards,PULL_HOOK_ON_BACK_FOOT,6,2,1,6.0,300.0,West Indies
9568,1129328,Teja Nidamanuru,SLOG_SHOT,6,3,1,6.0,200.0,Netherlands
9569,23508,Riki Wessels,BACK_DEFENCE,6,14,2,3.0,42.86,England
9570,1127317,Scott Edwards,PUSH,6,21,1,6.0,28.57,Netherlands
9571,51782,Fidel Edwards,VERTICAL_FORWARD_ATTACK,6,4,1,6.0,150.0,West Indies
9572,232361,Kieran Noema-Barnett,CUT_SHOT_ON_BACK_FOOT,6,8,1,6.0,75.0,New Zealand
9573,51784,Rayad Emrit,COVER_DRIVE,6,9,1,6.0,66.67,West Indies
9574,26907,Rajat Bhatia,PULL,6,2,1,6.0,300.0,India
9575,233648,Alex Doolan,DEFENDED,6,29,2,3.0,20.69,Australia
9576,506612,Matt Henry,STRAIGHT_DRIVE,6,2,1,6.0,300.0,New Zealand
9577,1139511,Parvez Hossain Emon,CUT_SHOT,6,9,1,6.0,66.67,Bangladesh
9578,37095,Daniel Flynn,COVER_DRIVE,6,6,1,6.0,100.0,New Zealand
9579,1072470,Shaheen Shah Afridi,CUT_SHOT,6,10,1,6.0,60.0,Pakistan
9580,233712,Stephan Myburgh,UPPER_CUT,6,2,1,6.0,300.0,Netherlands
9581,1137283,Thomas Rogers,LEG_GLANCE,6,5,1,6.0,120.0,Australia
9582,508442,Abdul Mazid,SLOG_SWEEP,6,3,1,6.0,200.0,Bangladesh
9583,457280,Adam Rossington,FORWARD_DEFENCE,6,37,1,6.0,16.22,England
9584,21646,James Tredwell,CUT_SHOT_ON_BACK_FOOT,6,7,1,6.0,85.71,England
9585,429809,Ravija Sandaruwan,PUSH,6,15,1,6.0,40.0,Kuwait
9586,1161050,Sediqullah Atal,FLICK,6,9,2,3.0,66.67,Afghanistan
9587,38003,Stephen Murdoch,STRAIGHT_DRIVE,6,3,1,6.0,200.0,New Zealand
9588,506612,Matt Henry,CUT_SHOT_ON_BACK_FOOT,6,7,2,3.0,85.71,New Zealand
9589,467350,Jonathan Foo,SWEEP_SHOT,6,2,1,6.0,300.0,West Indies
9590,897549,Will Jacks,LEFT_ALONE,6,12,1,6.0,50.0,England
9591,1131978,Ashutosh Sharma,SLOG_SWEEP,6,2,1,6.0,300.0,India
9592,35731,Vinay Kumar,PULL,6,4,1,6.0,150.0,India
9593,431902,Yannic Cariah,CUT_SHOT,6,7,1,6.0,85.71,West Indies
9594,1124282,Josh Philippe,CUT_SHOT_ON_BACK_FOOT,6,10,1,6.0,60.0,Australia
9595,52912,Ravi Rampaul,SLOG_SWEEP,6,4,3,2.0,150.0,West Indies
9596,921509,Ibrahim Zadran,HOOK,6,3,1,6.0,200.0,Afghanistan
9597,27280,Manvinder  Bisla,ON_DRIVE,6,5,1,6.0,120.0,India
9598,230558,Sunil Narine,HOOK,6,11,2,3.0,54.55,West Indies
9599,1148593,Emilio Gay,CUT_SHOT_ON_BACK_FOOT,6,15,1,6.0,40.0,England
9600,1124283,Aaron Hardie,HOOK,6,4,1,6.0,150.0,Australia
9601,501011,Cameron Bancroft,DEFENDED,6,88,4,1.5,6.82,Australia
9602,927619,Khaled Ahmed,SLOG_SHOT,6,4,1,6.0,150.0,Bangladesh
9603,459257,Tymal Mills,PULL_HOOK_ON_BACK_FOOT,6,7,1,6.0,85.71,England
9604,422965,Shehan Jayasuriya,DEFENDED,6,34,1,6.0,17.65,United States of America
9605,41434,Mohammad Hafeez,HOOK,6,6,2,3.0,100.0,Pakistan
9606,28081,MS Dhoni,LEFT_ALONE,6,49,2,3.0,12.24,India
9607,913847,Zubaidi Zulkifle,PULL,6,7,1,6.0,85.71,Malaysia
9608,432960,Simon Harmer,FORWARD_DEFENCE,6,11,4,1.5,54.55,South Africa
9609,40618,Imran Tahir,CUT_SHOT_ON_BACK_FOOT,6,9,1,6.0,66.67,South Africa
9610,1147613,James Wharton,PUSH_SHOT,6,17,2,3.0,35.29,England
9611,914567,Oshane Thomas,ON_DRIVE,6,8,2,3.0,75.0,West Indies
9612,49758,Lasith Malinga,COVER_DRIVE,6,7,1,6.0,85.71,Sri Lanka
9613,637970,Harry Dearden,REVERSE_SWEEP,5,5,1,5.0,100.0,England
9614,28081,MS Dhoni,PADDLE_SWEEP,5,4,1,5.0,125.0,India
9615,1295842,Campbell Kellaway,CUT_SHOT,5,5,1,5.0,100.0,Australia
9616,333000,Peter Moor,SQUARE_DRIVE,5,6,1,5.0,83.33,Ireland
9617,629065,Nihaduzzaman,FLICK,5,8,1,5.0,62.5,Bangladesh
9618,330223,Bernard Scholtz,ON_DRIVE,5,5,1,5.0,100.0,Namibia
9619,1076721,Lloyd Pope,COVER_DRIVE,5,4,1,5.0,125.0,Australia
9620,629080,Binura Fernando,ON_DRIVE,5,9,1,5.0,55.56,Sri Lanka
9621,629063,Mehidy Hasan Miraz,LEFT_ALONE,5,17,2,2.5,29.41,Bangladesh
9622,631668,Stephen Eskinazi,BACK_DEFENCE,5,9,1,5.0,55.56,England
9623,330902,Mustafizur Rahman,STEERED,5,7,1,5.0,71.43,Bangladesh
9624,30732,Praveen Kumar,STEERED,5,6,3,1.67,83.33,India
9625,629065,Nihaduzzaman,COVER_DRIVE,5,13,1,5.0,38.46,Bangladesh
9626,633301,Cameron Steel,PUSH_SHOT,5,11,1,5.0,45.45,England
9627,629075,Minod Bhanuka,DEFENDED,5,20,2,2.5,25.0,Sri Lanka
9628,326632,Joe Burns,DEFENDED,5,45,2,2.5,11.11,Italy
9629,1081525,Yash Kothari,PULL,5,7,1,5.0,71.43,India
9630,49700,Jeevan Mendis,SQUARE_DRIVE,5,2,1,5.0,250.0,Sri Lanka
9631,30732,Praveen Kumar,SLOG_SHOT,5,4,1,5.0,125.0,India
9632,1076377,Oliver Davies,DAB,5,6,1,5.0,83.33,Australia
9633,633455,Sarfraz Butt,ON_DRIVE,5,6,1,5.0,83.33,Saudi Arabia
9634,1307709,Gareth Severin,CUT_SHOT,5,4,1,5.0,125.0,
9635,47660,Ryan ten Doeschate,FLICK,5,6,2,2.5,83.33,Netherlands
9636,48472,Tillakaratne Dilshan,SWEEP,5,6,1,5.0,83.33,Sri Lanka
9637,1124282,Josh Philippe,DAB,5,10,1,5.0,50.0,Australia
9638,5236,Callum Ferguson,DEFENDED,5,52,2,2.5,9.62,Australia
9639,41324,Mohammad Sami,SLOG_SHOT,5,5,2,2.5,100.0,Pakistan
9640,574178,Akila Dananjaya,STEERED,5,10,1,5.0,50.0,Sri Lanka
9641,1149157,Chris Benjamin,CUT_SHOT,5,9,1,5.0,55.56,England
9642,4823,Steven Crook,SWEEP,5,7,1,5.0,71.43,Australia
9643,40082,Ehsan Khan,SWEEP_SHOT,5,6,1,5.0,83.33,Hong Kong
9644,40082,Ehsan Khan,SLOG_SHOT,5,3,1,5.0,166.67,Hong Kong
9645,571703,Wellington Masakadza,PUSH,5,9,1,5.0,55.56,Zimbabwe
9646,1125958,Atharva Taide,SLOG_SWEEP,5,5,3,1.67,100.0,India
9647,1122853,Tony Munyonga,PULL,5,3,1,5.0,166.67,Zimbabwe
9648,42657,Shoaib Malik,PADDLE_SWEEP,5,4,1,5.0,125.0,Pakistan
9649,1369884,Manan Ali,PUSH,5,14,2,2.5,35.71,Saudi Arabia
9650,350629,Nizakat Khan,SLOG_SWEEP,5,4,2,2.5,125.0,Hong Kong
9651,1123073,Anuj Rawat,SLOG_SWEEP,5,5,1,5.0,100.0,India
9652,585100,Abdul Shakoor,SWEEP_SHOT,5,3,1,5.0,166.67,United Arab Emirates
9653,351588,Mark Wood,CUT_SHOT_ON_BACK_FOOT,5,3,1,5.0,166.67,England
9654,351588,Mark Wood,PULL_HOOK_ON_BACK_FOOT,5,6,1,5.0,83.33,England
9655,360456,Asela Gunaratne,DEFENDED,5,31,2,2.5,16.13,Sri Lanka
9656,348154,Zafar Gohar,ON_DRIVE,5,3,1,5.0,166.67,Pakistan
9657,366725,Oshada Fernando,DEFENDED,5,11,1,5.0,45.45,Sri Lanka
9658,366725,Oshada Fernando,STEERED,5,6,2,2.5,83.33,Sri Lanka
9659,1131978,Ashutosh Sharma,SLOG_SHOT,5,5,1,5.0,100.0,India
9660,371150,Ashok Menaria,CUT_SHOT,5,4,1,5.0,125.0,India
9661,37749,Nathan McCullum,SLOG_SHOT,5,5,2,2.5,100.0,New Zealand
9662,37004,James Franklin,FORWARD_DEFENCE,5,17,2,2.5,29.41,New Zealand
9663,553249,Bjorn Fortuin,PUSH,5,13,1,5.0,38.46,South Africa
9664,553249,Bjorn Fortuin,DEFENDED,5,9,1,5.0,55.56,South Africa
9665,1402359,Jahandad Khan,PULL,5,4,1,5.0,125.0,
9666,39024,Azhar Mahmood,PUSH_SHOT,5,10,1,5.0,50.0,Pakistan
9667,4527,Ryan Campbell,CUT_SHOT,5,5,1,5.0,100.0,Hong Kong
9668,1129634,Katene Clarke,SLOG_SHOT,5,3,1,5.0,166.67,New Zealand
9669,559440,Toby Lester,VERTICAL_FORWARD_ATTACK,5,4,1,5.0,125.0,England
9670,362603,Shafiqullah,SWEEP_SHOT,5,5,1,5.0,100.0,Afghanistan
9671,559066,Ish Sodhi,DEFENDED,5,11,1,5.0,45.45,New Zealand
9672,1115852,Joey Evison,PULL_HOOK_ON_BACK_FOOT,5,8,1,5.0,62.5,England
9673,1150772,Tom Hartley,FLICK,5,6,1,5.0,83.33,England
9674,340854,Harpreet Singh,SLOG_SHOT,5,2,1,5.0,250.0,India
9675,45705,Colin Ingram,BACK_DEFENCE,5,40,2,2.5,12.5,South Africa
9676,45204,Robbie Frylinck,SLOG_SHOT,5,7,3,1.67,71.43,South Africa
9677,603410,Ben McDermott,RAMP,5,6,1,5.0,83.33,Australia
9678,603410,Ben McDermott,FORWARD_DEFENCE,5,24,1,5.0,20.83,Australia
9679,342619,Bhanuka Rajapaksa,RAMP,5,7,1,5.0,71.43,Sri Lanka
9680,623695,Chamika Karunaratne,DEFENDED,5,29,1,5.0,17.24,Sri Lanka
9681,46538,Morne Morkel,VERTICAL_FORWARD_ATTACK,5,8,1,5.0,62.5,South Africa
9682,1088618,Jonathan Merlo,ON_DRIVE,5,7,3,1.67,71.43,Australia
9683,605570,Jake Doran,FLICK,5,7,1,5.0,71.43,Australia
9684,605570,Jake Doran,CUT_SHOT,5,3,1,5.0,166.67,Australia
9685,595739,Leus du Plooy,FORWARD_DEFENCE,5,17,1,5.0,29.41,England
9686,1344839,Haseeb Ghafoor,PULL,5,6,1,5.0,83.33,Saudi Arabia
9687,348091,Kavem Hodge,SLOG_SHOT,5,5,2,2.5,100.0,West Indies
9688,348109,Paul van Meekeren,FLICK,5,7,1,5.0,71.43,Netherlands
9689,1344846,Saad Khan,PUSH,5,6,1,5.0,83.33,Saudi Arabia
9690,595739,Leus du Plooy,DEFENDED,5,46,4,1.25,10.87,England
9691,596010,Gerald Coetzee,PUSH,5,10,2,2.5,50.0,South Africa
9692,595380,Raynard van Tonder,PUSH,5,6,1,5.0,83.33,South Africa
9693,1150772,Tom Hartley,PULL,5,7,2,2.5,71.43,England
9694,598933,Babul Kumar,FLICK,5,3,1,5.0,166.67,India
9695,1099224,Will Smeed,DEFENDED,5,29,1,5.0,17.24,England
9696,596442,Delano Potgieter,PUSH,5,9,1,5.0,55.56,South Africa
9697,43685,Yasir Shah,ON_DRIVE,5,5,1,5.0,100.0,Pakistan
9698,596436,Marques Ackerman,PUSH,5,3,1,5.0,166.67,South Africa
9699,1104703,Fred Klaassen,PULL_HOOK_ON_BACK_FOOT,5,5,1,5.0,100.0,England
9700,596376,Joylord Gumbie,PULL,5,3,1,5.0,166.67,Zimbabwe
9701,1104703,Fred Klaassen,SLOG_SHOT,5,6,1,5.0,83.33,England
9702,1107568,Joe Cracknell,FORWARD_DEFENCE,5,35,1,5.0,14.29,England
9703,233713,Neil Wagner,PULL,5,4,1,5.0,125.0,New Zealand
9704,1292497,Shaik Rasheed,COVER_DRIVE,5,7,1,5.0,71.43,India
9705,924551,Lahiru Samarakoon,FLICK,5,9,2,2.5,55.56,Sri Lanka
9706,272477,Jason Behrendorff,COVER_DRIVE,5,9,1,5.0,55.56,Australia
9707,272385,Josh Lalor,PULL,5,7,1,5.0,71.43,Australia
9708,23523,Michael Yardy,VERTICAL_FORWARD_ATTACK,5,7,1,5.0,71.43,England
9709,277662,Corey Anderson,DEFENDED,5,91,2,2.5,5.49,United States of America
9710,277390,Pieter Malan,PULL,5,3,1,5.0,166.67,South Africa
9711,1217274,Sathaiya Veerapathiran,PUSH,5,6,1,5.0,83.33,Bahrain
9712,1191384,Peter Hatzoglou,PULL,5,3,1,5.0,166.67,Australia
9713,17185,Phil Mustard,BACK_DEFENCE,5,29,1,5.0,17.24,England
9714,919525,Akbar Khan,PUSH,5,8,1,5.0,62.5,Hong Kong
9715,919525,Akbar Khan,ON_DRIVE,5,7,1,5.0,71.43,Hong Kong
9716,914625,Jack Boyle,STRAIGHT_DRIVE,5,7,1,5.0,71.43,New Zealand
9717,230558,Sunil Narine,LEFT_ALONE,5,88,1,5.0,5.68,West Indies
9718,269280,Reeza Hendricks,HOOK,5,4,2,2.5,125.0,South Africa
9719,272279,Nathan Lyon,ON_DRIVE,5,5,2,2.5,100.0,Australia
9720,1212693,Rahul Buddhi,ON_DRIVE,5,3,1,5.0,166.67,India
9721,272262,Kane Richardson,PUSH,5,12,1,5.0,41.67,Australia
9722,921509,Ibrahim Zadran,SWEEP_SHOT,5,5,2,2.5,100.0,Afghanistan
9723,798167,Rubel Mia,SLOG_SHOT,5,4,1,5.0,125.0,Bangladesh
9724,922941,Abdullah Shafique,DEFENDED,5,52,1,5.0,9.62,Pakistan
9725,785323,Nathan McAndrew,STRAIGHT_DRIVE,5,3,1,5.0,166.67,Australia
9726,936337,Rahul Hazarika,SQUARE_DRIVE,5,5,1,5.0,100.0,India
9727,777515,Praveen Dubey,ON_DRIVE,5,3,1,5.0,166.67,India
9728,777743,Abhishek Reddy,FLICK,5,7,1,5.0,71.43,India
9729,226492,Martin Guptill,FORWARD_DEFENCE,5,38,1,5.0,13.16,New Zealand
9730,227758,Imad Wasim,PULL_HOOK_ON_BACK_FOOT,5,6,1,5.0,83.33,Pakistan
9731,938959,Wessley Madhevere,SLOG_SHOT,5,7,2,2.5,71.43,Zimbabwe
9732,221140,David Wiese,FORWARD_DEFENCE,5,17,1,5.0,29.41,Namibia
9733,772061,Sam Cook,CUT_SHOT_ON_BACK_FOOT,5,2,1,5.0,250.0,England
9734,772293,Michael Pepper,SLOG_SHOT,5,7,2,2.5,71.43,England
9735,288992,Chris Jordan,HOOK,5,4,2,2.5,125.0,England
9736,288617,Ross Whiteley,SQUARE_DRIVE,5,5,1,5.0,100.0,England
9737,1175488,Dhruv Jurel,DEFENDED,5,12,1,5.0,41.67,India
9738,277911,George Worker,DEFENDED,5,18,1,5.0,27.78,New Zealand
9739,15348,James Hildreth,FORWARD_DEFENCE,5,27,1,5.0,18.52,England
9740,784375,Lahiru Kumara,ON_DRIVE,5,5,1,5.0,100.0,Sri Lanka
9741,1218226,Muhammad Faizan,FLICK,5,5,1,5.0,100.0,Pakistan
9742,1217288,Usman Patel,SWEEP_SHOT,5,7,2,2.5,71.43,Kuwait
9743,277911,George Worker,STRAIGHT_DRIVE,5,5,1,5.0,100.0,New Zealand
9744,1217288,Usman Patel,PUSH,5,9,1,5.0,55.56,Kuwait
9745,279810,Wriddhiman Saha,LEFT_ALONE,5,20,1,5.0,25.0,India
9746,781285,Jake Weatherald,LEFT_ALONE,5,25,1,5.0,20.0,Australia
9747,14014,Andy Hodd,LEG_GLANCE,5,7,1,5.0,71.43,England
9748,781705,Salman Irshad,FLICK,5,9,2,2.5,55.56,Pakistan
9749,280490,JJ Smuts,DEFENDED,5,54,1,5.0,9.26,South Africa
9750,784367,Charith Asalanka,DEFENDED,5,111,3,1.67,4.5,Sri Lanka
9751,816627,Macalister Wright,SQUARE_DRIVE,5,6,1,5.0,83.33,Australia
9752,244497,Adil Rashid,PULL_HOOK_ON_BACK_FOOT,5,6,1,5.0,83.33,England
9753,901155,Liam Hatcher,COVER_DRIVE,5,10,1,5.0,50.0,Australia
9754,244497,Adil Rashid,HOOK,5,3,1,5.0,166.67,England
9755,1202786,Sakibul Gani,FLICK,5,8,1,5.0,62.5,India
9756,232491,Anwar Ali,PUSH,5,12,1,5.0,41.67,Pakistan
9757,243944,Alex Blake,PULL,5,4,2,2.5,125.0,England
9758,247235,Chris Woakes,PUSH,5,10,1,5.0,50.0,England
9759,833087,Mahedi Hasan,UPPER_CUT,5,5,1,5.0,100.0,Bangladesh
9760,245166,Mudassar Bukhari,ON_DRIVE,5,4,1,5.0,125.0,Netherlands
9761,21577,Peter Trego,FORWARD_DEFENCE,5,20,4,1.25,25.0,England
9762,1209272,Adnan Mirza,PUSH,5,8,1,5.0,62.5,Qatar
9763,233904,Yasim Murtaza,PUSH,5,10,1,5.0,50.0,Hong Kong
9764,1200965,Saqlain Arshad,STEERED,5,7,1,5.0,71.43,Qatar
9765,877051,Tom Banton,DEFENDED,5,64,3,1.67,7.81,England
9766,878465,Mehedi Hasan Rana,ON_DRIVE,5,2,1,5.0,250.0,Bangladesh
9767,897549,Will Jacks,DEFENDED,5,78,2,2.5,6.41,England
9768,894103,Aaron Beard,PULL_HOOK_ON_BACK_FOOT,5,5,1,5.0,100.0,England
9769,233400,Gyanendra Malla,CUT_SHOT,5,3,1,5.0,166.67,Nepal
9770,854909,Blair Tickner,FLICK,5,10,1,5.0,50.0,New Zealand
9771,235532,Cephas Zhuwao,COVER_DRIVE,5,3,1,5.0,166.67,Zimbabwe
9772,911707,Harry Brook,PADDLE_SWEEP,5,3,1,5.0,166.67,England
9773,911707,Harry Brook,DEFENDED,5,56,2,2.5,8.93,England
9774,265564,Wayne Parnell,REVERSE_SWEEP,5,7,1,5.0,71.43,South Africa
9775,1209196,Kirk McKenzie,STEERED,5,7,1,5.0,71.43,West Indies
9776,819441,Darwish Rasooli,DEFENDED,5,22,1,5.0,22.73,Afghanistan
9777,1209196,Kirk McKenzie,SLOG_SHOT,5,8,1,5.0,62.5,West Indies
9778,1193539,Jesse Tashkoff,FLICK,5,6,1,5.0,83.33,New Zealand
9779,267724,Keshav Maharaj,DEFENDED,5,24,2,2.5,20.83,South Africa
9780,267724,Keshav Maharaj,CUT_SHOT,5,12,2,2.5,41.67,South Africa
9781,1193529,Ollie White,ON_DRIVE,5,8,3,1.67,62.5,New Zealand
9782,232292,Swapnil Singh,CUT_SHOT,5,9,1,5.0,55.56,India
9783,1193541,William Clark,PUSH,5,7,1,5.0,71.43,New Zealand
9784,826679,Sam Heazlett,LEFT_ALONE,5,4,1,5.0,125.0,Australia
9785,906749,Dominic Drakes,VERTICAL_FORWARD_ATTACK,5,7,1,5.0,71.43,West Indies
9786,232364,Tim Southee,PUSH,5,9,1,5.0,55.56,New Zealand
9787,19296,Kevin Pietersen,DEFENDED,5,39,1,5.0,12.82,England
9788,906783,Obed McCoy,FLICK,5,7,1,5.0,71.43,West Indies
9789,251721,Adam Lyth,DEFENDED,5,25,1,5.0,20.0,England
9790,23460,Luke Wright,DEFENDED,5,20,1,5.0,25.0,England
9791,1193549,Kristian Clarke,FLICK,5,3,1,5.0,166.67,New Zealand
9792,256956,Laurie Evans,PADDLE_SWEEP,5,3,1,5.0,166.67,England
9793,256956,Laurie Evans,RAMP,5,3,1,5.0,166.67,England
9794,321757,Rudi Second,PULL,5,5,1,5.0,100.0,South Africa
9795,55346,Graeme Cremer,SLOG_SHOT,5,7,2,2.5,71.43,Zimbabwe
9796,670037,Ramaal Lewis,FLICK,5,6,1,5.0,83.33,West Indies
9797,55354,Chamu Chibhabha,DEFENDED,5,22,1,5.0,22.73,Zimbabwe
9798,1277007,Abdullah Al Mamun,FLICK,5,7,1,5.0,71.43,Bangladesh
9799,55354,Chamu Chibhabha,SLOG_SHOT,5,5,2,2.5,100.0,Zimbabwe
9800,1284531,Edson Silva,COVER_DRIVE,5,11,1,5.0,45.45,Kuwait
9801,314650,Nkrumah Bonner,SLOG_SHOT,5,5,1,5.0,100.0,West Indies
9802,1045883,Clive Madande,REVERSE_SWEEP,5,3,1,5.0,166.67,Zimbabwe
9803,53191,Jerome Taylor,FLICK,5,8,3,1.67,62.5,West Indies
9804,314615,Jonathan Carter,SQUARE_DRIVE,5,9,1,5.0,55.56,West Indies
9805,55354,Chamu Chibhabha,STEERED,5,8,1,5.0,62.5,Zimbabwe
9806,25913,Mohammad Nabi,HOOK,5,6,1,5.0,83.33,Afghanistan
9807,681681,Janith Liyanage,FLICK,5,7,1,5.0,71.43,Sri Lanka
9808,55820,Prosper Utseya,PULL,5,4,1,5.0,125.0,Zimbabwe
9809,25490,Richie Berrington,DEFENDED,5,43,2,2.5,11.63,Scotland
9810,1273888,Mohit Mittan,FLICK,5,4,1,5.0,125.0,India
9811,25913,Mohammad Nabi,DAB,5,8,1,5.0,62.5,Afghanistan
9812,310107,Danny Briggs,FLICK,5,7,1,5.0,71.43,England
9813,25613,Amjad Javed,CUT_SHOT,5,10,1,5.0,50.0,United Arab Emirates
9814,646173,Kiplin Doriga,FLICK,5,9,1,5.0,55.56,Papua New Guinea
9815,1161486,Leonardo Julien,FLICK,5,9,1,5.0,55.56,West Indies
9816,1070199,Het Patel,CUT_SHOT,5,8,1,5.0,62.5,India
9817,51862,Andre Fletcher,LEFT_ALONE,5,85,1,5.0,5.88,West Indies
9818,1292495,Angkrish Raghuvanshi,CUT_SHOT,5,8,3,1.67,62.5,India
9819,26487,Avinash Yadav,CUT_SHOT,5,3,1,5.0,166.67,India
9820,319439,Mitchell McClenaghan,VERTICAL_FORWARD_ATTACK,5,3,1,5.0,166.67,New Zealand
9821,643885,Saqib Mahmood,ON_DRIVE,5,7,1,5.0,71.43,England
9822,316318,Khalid Usman,SLOG_SHOT,5,3,1,5.0,166.67,Pakistan
9823,52912,Ravi Rampaul,PULL_HOOK_ON_BACK_FOOT,5,5,2,2.5,100.0,West Indies
9824,1058924,Nasrulla Rana,COVER_DRIVE,5,6,1,5.0,83.33,Hong Kong
9825,316102,Craig Williams,REVERSE_SWEEP,5,8,1,5.0,62.5,Namibia
9826,662973,Sam Curran,BACK_DEFENCE,5,24,1,5.0,20.83,England
9827,662235,Josh Inglis,DEFENDED,5,64,6,0.83,7.81,Australia
9828,1070168,Prithvi Shaw,DEFENDED,5,101,7,0.71,4.95,India
9829,1064812,Rahul Chahar,ON_DRIVE,5,8,4,1.25,62.5,India
9830,317273,Umar Akmal,PUSH_SHOT,5,15,2,2.5,33.33,Pakistan
9831,298438,Jason Roy,BACK_DEFENCE,5,14,1,5.0,35.71,England
9832,297628,Sam Billings,HOOK,5,7,2,2.5,71.43,England
9833,10820,Dean Cosker,VERTICAL_FORWARD_ATTACK,5,7,1,5.0,71.43,England
9834,212756,Sachith Pathirana,PULL,5,3,1,5.0,166.67,Sri Lanka
9835,722303,Matt Renshaw,DEFENDED,5,68,1,5.0,7.35,Australia
9836,297592,Luke Fletcher,CUT_SHOT_ON_BACK_FOOT,5,6,1,5.0,83.33,England
9837,959789,Hassan Khan,COVER_DRIVE,5,4,1,5.0,125.0,United States of America
9838,10656,Michael Carberry,BACK_DEFENCE,5,22,1,5.0,22.73,England
9839,298693,Scott Elstone,CUT_SHOT_ON_BACK_FOOT,5,4,1,5.0,125.0,England
9840,300073,Ned Eckersley,BACK_DEFENCE,5,12,1,5.0,41.67,England
9841,990147,Akbar Ali,SLOG_SHOT,5,4,1,5.0,125.0,Bangladesh
9842,747067,Josh Bohannon,CUT_SHOT_ON_BACK_FOOT,5,7,1,5.0,71.43,England
9843,1175435,Vijay Sharma,PULL,5,3,1,5.0,166.67,India
9844,1175458,Akash Singh,PULL,5,3,1,5.0,166.67,India
9845,12450,Steven Davies,REVERSE_SWEEP,5,4,1,5.0,125.0,England
9846,1175460,Parvez Ahmed,ON_DRIVE,5,12,1,5.0,41.67,India
9847,297433,Jonny Bairstow,UPPER_CUT,5,4,1,5.0,125.0,England
9848,737915,Liam Banks,PULL_HOOK_ON_BACK_FOOT,5,3,1,5.0,166.67,England
9849,955093,Bikramkumar Das,SWEEP_SHOT,5,4,1,5.0,125.0,India
9850,1248374,Aamer Azmat,SLOG_SHOT,5,3,1,5.0,166.67,Pakistan
9851,214974,Mitchell Claydon,PULL_HOOK_ON_BACK_FOOT,5,6,1,5.0,83.33,Australia
9852,732293,Vishnu Vinod,COVER_DRIVE,5,6,2,2.5,83.33,India
9853,737377,Andy Gorvin,CUT_SHOT_ON_BACK_FOOT,5,4,1,5.0,125.0,England
9854,737377,Andy Gorvin,PULL_HOOK_ON_BACK_FOOT,5,6,2,2.5,83.33,England
9855,713195,Harry Nielsen,SWEEP_SHOT,5,4,1,5.0,125.0,Australia
9856,959827,Jason Sangha,DEFENDED,5,35,1,5.0,14.29,Australia
9857,1263691,Rehan Ahmed,PULL_HOOK_ON_BACK_FOOT,5,12,5,1.0,41.67,England
9858,55946,Junaid Siddique,STRAIGHT_DRIVE,5,4,2,2.5,125.0,Bangladesh
9859,307756,Jatinder Singh,CUT_SHOT_ON_BACK_FOOT,5,5,1,5.0,100.0,Oman
9860,307639,Ahmad Faiz,CUT_SHOT,5,10,1,5.0,50.0,Malaysia
9861,304735,Dilshan Munaweera,DEFENDED,5,41,1,5.0,12.2,Sri Lanka
9862,307775,Rezza Gaznavi,CUT_SHOT,5,5,2,2.5,100.0,Singapore
9863,712219,Zahir Khan,SLOG_SHOT,5,5,1,5.0,100.0,Afghanistan
9864,1168667,Joshua Da Silva,STRAIGHT_DRIVE,5,8,2,2.5,62.5,West Indies
9865,1266476,Charlie Tear,STEERED,5,3,1,5.0,166.67,
9866,696143,Shane Snater,PUSH_SHOT,5,7,1,5.0,71.43,Netherlands
9867,55894,Farhad Reza,COVER_DRIVE,5,4,2,2.5,125.0,Bangladesh
9868,697059,Zakir Hasan,DEFENDED,5,28,3,1.67,17.86,Bangladesh
9869,8917,Moeen Ali,FORWARD_DEFENCE,5,50,2,2.5,10.0,England
9870,1263691,Rehan Ahmed,CUT_SHOT,5,9,1,5.0,55.56,England
9871,9310,Tim Bresnan,FLICK,5,4,1,5.0,125.0,England
9872,1260386,Tawanda Muyeye,PULL,5,3,1,5.0,166.67,England
9873,962831,Henry Shipley,COVER_DRIVE,5,3,1,5.0,166.67,New Zealand
9874,704693,Lahiru Udara,PUSH,5,13,1,5.0,38.46,Sri Lanka
9875,1260070,Danial Ibrahim,SWEEP,5,4,1,5.0,125.0,England
9876,848623,Mark Deyal,SWEEP_SHOT,5,7,1,5.0,71.43,West Indies
9877,398666,Sean Abbott,REVERSE_SWEEP,5,3,1,5.0,166.67,Australia
9878,422593,Daniel Bell-Drummond,COVER_DRIVE,5,7,1,5.0,71.43,England
9879,540316,Andile Phehlukwayo,PUSH,5,14,1,5.0,35.71,South Africa
9880,389605,Ashish Reddy,FLICK,5,7,1,5.0,71.43,India
9881,380354,Anamul Haque,DAB,5,12,2,2.5,41.67,Bangladesh
9882,481896,Mohammed Shami,FLICK,5,7,1,5.0,71.43,India
9883,414821,Stuart Thompson,FLICK,5,7,1,5.0,71.43,Ireland
9884,517249,Jack Leaning,BACK_DEFENCE,5,27,1,5.0,18.52,England
9885,376324,Anureet Singh,ON_DRIVE,5,11,3,1.67,45.45,India
9886,440970,Hashmatullah Shahidi,SLOG_SWEEP,5,3,1,5.0,166.67,Afghanistan
9887,446810,Nazmul Islam,DEFENDED,5,4,1,5.0,125.0,Bangladesh
9888,390484,Jaydev Unadkat,SQUARE_DRIVE,5,3,1,5.0,166.67,India
9889,437438,Prenelan Subrayen,ON_DRIVE,5,5,1,5.0,100.0,South Africa
9890,481875,George Linde,SWEEP_SHOT,5,7,1,5.0,71.43,South Africa
9891,526021,Cole McConchie,STEERED,5,4,1,5.0,125.0,New Zealand
9892,475281,Shardul Thakur,SLOG_SWEEP,5,4,1,5.0,125.0,India
9893,500267,Seb Gotch,SWEEP_SHOT,5,9,2,2.5,55.56,Australia
9894,417514,Ben Cox,FORWARD_DEFENCE,5,58,1,5.0,8.62,England
9895,377534,Shashank Singh,STEERED,5,7,1,5.0,71.43,India
9896,387046,Amir Ali,ON_DRIVE,5,4,1,5.0,125.0,Oman
9897,390481,Harshal Patel,RAMP,5,4,1,5.0,125.0,India
9898,424377,Krishnappa Gowtham,PUSH,5,7,1,5.0,71.43,India
9899,398778,Rory Burns,FORWARD_DEFENCE,5,26,1,5.0,19.23,England
9900,381743,Daryl Mitchell,RAMP,5,5,1,5.0,100.0,New Zealand
9901,497121,Deepak Hooda,REVERSE_SWEEP,5,4,2,2.5,125.0,India
9902,539511,Henry Nicholls,SLOG_SHOT,5,3,1,5.0,166.67,New Zealand
9903,462727,Tom Abell,DEFENDED,5,20,2,2.5,25.0,England
9904,448074,Martin Coetzee,SLOG_SHOT,5,5,1,5.0,100.0,Hong Kong
9905,424377,Krishnappa Gowtham,SQUARE_DRIVE,5,2,1,5.0,250.0,India
9906,414970,Safyaan Sharif,SQUARE_DRIVE,5,3,1,5.0,166.67,Scotland
9907,542023,Lungi Ngidi,ON_DRIVE,5,10,2,2.5,50.0,South Africa
9908,413023,Etienne Beukes,FLICK,5,8,2,2.5,62.5,Cambodia
9909,410763,Abu Jayed,COVER_DRIVE,5,4,1,5.0,125.0,Bangladesh
9910,499660,Gurinder Sandhu,SLOG_SHOT,5,12,2,2.5,41.67,Australia
9911,457234,Keron Cottoy,CUT_SHOT,5,10,1,5.0,50.0,West Indies
9912,511247,Matt Taylor,PUSH_SHOT,5,7,1,5.0,71.43,England
9913,530812,Akeal Hosein,DEFENDED,5,40,2,2.5,12.5,West Indies
9914,432072,Trevon Griffith,ON_DRIVE,5,7,1,5.0,71.43,West Indies
9915,495964,Ryan Burl,DEFENDED,5,66,4,1.25,7.58,Zimbabwe
9916,438563,Mark Chapman,SWEEP,5,3,1,5.0,166.67,New Zealand
9917,440522,Logan van Beek,REVERSE_SWEEP,5,4,1,5.0,125.0,Netherlands
9918,494581,Rahkeem Cornwall,PUSH,5,28,1,5.0,17.86,West Indies
9919,524095,Sagar Pun,VERTICAL_FORWARD_ATTACK,5,7,1,5.0,71.43,Nepal
9920,524094,Rajesh Pulami,VERTICAL_FORWARD_ATTACK,5,16,2,2.5,31.25,Nepal
9921,1276700,Shoaib Khan,COVER_DRIVE,4,6,1,4.0,66.67,Oman
9922,386774,Chris Cooke,BACK_DEFENCE,4,18,1,4.0,22.22,England
9923,1072470,Shaheen Shah Afridi,SWEEP,4,2,1,4.0,200.0,Pakistan
9924,252932,Kieran Powell,COVER_DRIVE,4,5,1,4.0,80.0,West Indies
9925,605681,Evan Jones,PUSH,4,11,1,4.0,36.36,South Africa
9926,605680,Janneman Malan,DEFENDED,4,38,2,2.0,10.53,South Africa
9927,539305,Haseeb Amjad,FLICK,4,4,1,4.0,100.0,Hong Kong
9928,1175469,Nitin Sharma,ON_DRIVE,4,5,1,4.0,80.0,India
9929,1206110,Kevin Sinclair,FLICK,4,4,1,4.0,100.0,West Indies
9930,333872,Sam Rainbird,PULL,4,3,1,4.0,133.33,Australia
9931,1098186,Grant Stewart,PUSH_SHOT,4,7,1,4.0,57.14,Italy
9932,857973,George Bartlett,SWEEP,4,3,1,4.0,133.33,England
9933,315623,Ben Laughlin,COVER_DRIVE,4,8,1,4.0,50.0,Australia
9934,928067,Josh Little,REVERSE_SWEEP,4,4,1,4.0,100.0,Ireland
9935,473193,Tom Bailey,PULL_HOOK_ON_BACK_FOOT,4,6,2,2.0,66.67,England
9936,215155,Usman Khawaja,SWEEP,4,3,2,2.0,133.33,Australia
9937,293831,Regis Chakabva,STEERED,4,6,1,4.0,66.67,Zimbabwe
9938,857975,Josh Tongue,VERTICAL_FORWARD_ATTACK,4,4,1,4.0,100.0,England
9939,665053,Zak Crawley,RAMP,4,3,1,4.0,133.33,England
9940,974109,Mujeeb Ur Rahman,PUSH,4,14,1,4.0,28.57,Afghanistan
9941,1178586,Vriitya Aravind,RAMP,4,2,1,4.0,200.0,United Arab Emirates
9942,625964,Tim Seifert,PUSH_SHOT,4,10,1,4.0,40.0,New Zealand
9943,44956,Grant Elliott,SWEEP_SHOT,4,3,1,4.0,133.33,New Zealand
9944,1276980,Ripon Mondol,PULL,4,2,1,4.0,200.0,Bangladesh
9945,24230,Nadeem Ahmed,PULL,4,2,1,4.0,200.0,Hong Kong
9946,625962,Ken McClure,ON_DRIVE,4,2,1,4.0,200.0,New Zealand
9947,333000,Peter Moor,DEFENDED,4,27,1,4.0,14.81,Ireland
9948,437927,Stephan Baard,SLOG_SWEEP,4,3,1,4.0,133.33,Namibia
9949,333782,Timm van der Gugten,CUT_SHOT_ON_BACK_FOOT,4,8,2,2.0,50.0,Netherlands
9950,1170265,Tilak Varma,DEFENDED,4,64,1,4.0,6.25,India
9951,623636,Kamran Ghulam,SLOG_SHOT,4,7,4,1.0,57.14,Pakistan
9952,440516,Tom Blundell,PUSH,4,11,1,4.0,36.36,New Zealand
9953,623636,Kamran Ghulam,UPPER_CUT,4,2,1,4.0,200.0,Pakistan
9954,538506,Taskin Ahmed,CUT_SHOT,4,4,1,4.0,100.0,Bangladesh
9955,1156688,Manpreet Singh,ON_DRIVE,4,5,1,4.0,80.0,Singapore
9956,537613,Salman Hossain,SWEEP_SHOT,4,2,1,4.0,200.0,Bangladesh
9957,6161,Michael Klinger,FORWARD_DEFENCE,4,63,2,2.0,6.35,Australia
9958,56125,Shohidul Islam,SLOG_SHOT,4,6,2,2.0,66.67,Bangladesh
9959,277916,Ajinkya Rahane,SLOG_SWEEP,4,2,1,4.0,200.0,India
9960,1153264,Toby Greatwood,VERTICAL_FORWARD_ATTACK,4,4,1,4.0,100.0,England
9961,277916,Ajinkya Rahane,UPPER_CUT,4,3,1,4.0,133.33,India
9962,245372,Orlando Peters,SWEEP_SHOT,4,3,1,4.0,133.33,West Indies
9963,236489,Dawid Malan,BACK_DEFENCE,4,22,1,4.0,18.18,England
9964,927119,Ali Khan,SLOG_SHOT,4,5,2,2.0,80.0,United States of America
9965,1273888,Mohit Mittan,STRAIGHT_DRIVE,4,2,1,4.0,200.0,India
9966,344580,Shreyas Gopal,PUSH,4,7,1,4.0,57.14,India
9967,1112537,Jordan Cox,DEFENDED,4,48,2,2.0,8.33,England
9968,510823,Justin Greaves,SLOG_SWEEP,4,3,1,4.0,133.33,West Indies
9969,679567,Ben Dwarshuis,DEFENDED,4,9,1,4.0,44.44,Australia
9970,43265,Sohail Tanvir,DAB,4,5,1,4.0,80.0,Pakistan
9971,677081,Keemo Paul,SWEEP_SHOT,4,10,1,4.0,40.0,West Indies
9972,788101,Tom Moores,PUSH,4,13,1,4.0,30.77,England
9973,43265,Sohail Tanvir,VERTICAL_FORWARD_ATTACK,4,10,3,1.33,40.0,Pakistan
9974,310107,Danny Briggs,SWEEP_SHOT,4,2,1,4.0,200.0,England
9975,5941,Ben Hilfenhaus,VERTICAL_FORWARD_ATTACK,4,6,2,2.0,66.67,Australia
9976,788879,Nauman Anwar,ON_DRIVE,4,2,1,4.0,200.0,United States of America
9977,1171127,Haseebullah Khan,REVERSE_SWEEP,4,2,1,4.0,200.0,Pakistan
9978,1197718,LR Chethan,COVER_DRIVE,4,2,1,4.0,200.0,India
9979,530015,William Bosisto,COVER_DRIVE,4,6,2,2.0,66.67,Australia
9980,436757,Heinrich Klaasen,PADDLE_SWEEP,4,3,1,4.0,133.33,South Africa
9981,51433,Samuel Badree,SLOG_SHOT,4,9,2,2.0,44.44,West Indies
9982,736107,Lukas Carey,PUSH_SHOT,4,4,1,4.0,100.0,England
9983,680045,Shubham Sharma,SLOG_SWEEP,4,3,1,4.0,133.33,India
9984,226492,Martin Guptill,LEFT_ALONE,4,65,1,4.0,6.15,New Zealand
9985,596664,Zane Green,SLOG_SHOT,4,4,1,4.0,100.0,Namibia
9986,902907,Tom Lammonby,PUSH,4,5,1,4.0,80.0,England
9987,43121,Shaiman Anwar,DEFENDED,4,33,1,4.0,12.12,United Arab Emirates
9988,598284,Damodaran Rohit,PULL,4,2,1,4.0,200.0,India
9989,541224,Luke Jongwe,REVERSE_SWEEP,4,5,2,2.0,80.0,Zimbabwe
9990,345825,Chaturanga de Silva,REVERSE_SWEEP,4,6,2,2.0,66.67,Sri Lanka
9991,679567,Ben Dwarshuis,SLOG_SWEEP,4,3,1,4.0,133.33,Australia
9992,1115033,Simon Atai,PULL,4,3,1,4.0,133.33,Papua New Guinea
9993,643885,Saqib Mahmood,COVER_DRIVE,4,4,2,2.0,100.0,England
9994,308798,D'Arcy Short,LEFT_ALONE,4,40,4,1.0,10.0,Australia
9995,1331512,Mirza Baig,CUT_SHOT,4,18,1,4.0,22.22,Pakistan
9996,277237,Iqbal Abdulla,CUT_SHOT,4,5,1,4.0,80.0,India
9997,27223,Stuart Binny,SWEEP_SHOT,4,3,1,4.0,133.33,India
9998,1104703,Fred Klaassen,COVER_DRIVE,4,4,1,4.0,100.0,England
9999,521170,Lewis McManus,FORWARD_DEFENCE,4,12,1,4.0,33.33,England
10000,946517,Dion Myers,SLOG_SHOT,4,2,1,4.0,200.0,Zimbabwe
10001,500267,Seb Gotch,SLOG_SWEEP,4,2,1,4.0,200.0,Australia
10002,787073,Chris Green,DEFENDED,4,32,2,2.0,12.5,Australia
10003,1170471,Tanveer Sangha,SLOG_SHOT,4,7,1,4.0,57.14,Australia
10004,32102,Naman Ojha,STRAIGHT_DRIVE,4,4,1,4.0,100.0,India
10005,1099379,Gareth Delany,SWEEP,4,2,1,4.0,200.0,Ireland
10006,43654,Yasir Arafat,LEG_GLANCE,4,2,1,4.0,200.0,Pakistan
10007,311592,Mitchell Starc,CUT_SHOT,4,13,1,4.0,30.77,Australia
10008,334358,Travis Dean,SLOG_SWEEP,4,2,1,4.0,200.0,Australia
10009,1153149,Vijayakanth Viyaskanth,PUSH,4,8,1,4.0,50.0,Sri Lanka
10010,447587,Jayant Yadav,COVER_DRIVE,4,4,1,4.0,100.0,India
10011,297482,Ben Sanderson,LEG_GLANCE,4,7,1,4.0,57.14,England
10012,672775,Carl Mumba,ON_DRIVE,4,5,1,4.0,80.0,Zimbabwe
10013,604534,Ankush Bains,SLOG_SHOT,4,2,1,4.0,200.0,India
10014,471342,Krunal Pandya,UPPER_CUT,4,7,2,2.0,57.14,India
10015,339095,Dieter Klein,PULL_HOOK_ON_BACK_FOOT,4,4,1,4.0,100.0,Germany
10016,297433,Jonny Bairstow,RAMP,4,2,1,4.0,200.0,England
10017,379774,Colin Ackermann,SLOG_SWEEP,4,2,1,4.0,200.0,Netherlands
10018,235519,Tendai Chisoro,SWEEP_SHOT,4,3,1,4.0,133.33,Zimbabwe
10019,288305,Shafiul Islam,COVER_DRIVE,4,5,1,4.0,80.0,Bangladesh
10020,25065,Jack Vare,SLOG_SHOT,4,2,1,4.0,200.0,Papua New Guinea
10021,1278994,Shiv Mathur,PULL,4,5,1,4.0,80.0,Hong Kong
10022,1287369,Saurav Chauhan,PUSH,4,5,1,4.0,80.0,India
10023,932569,Imran Uzzaman,FLICK,4,3,1,4.0,133.33,Bangladesh
10024,495551,Sheldon Cottrell,CUT_SHOT,4,4,1,4.0,100.0,West Indies
10025,990031,Towhid Hridoy,UPPER_CUT,4,3,2,2.0,133.33,Bangladesh
10026,990039,Shoriful Islam,CUT_SHOT,4,3,1,4.0,133.33,Bangladesh
10027,318845,Rilee Rossouw,HOOK,4,4,1,4.0,100.0,South Africa
10028,1080008,Tanay Thyagarajan,ON_DRIVE,4,11,2,2.0,36.36,India
10029,7898,Peter Siddle,COVER_DRIVE,4,9,1,4.0,44.44,Australia
10030,1168641,Harpreet Brar,PUSH,4,21,1,4.0,19.05,India
10031,1081218,Suraj Ahuja,FLICK,4,4,1,4.0,100.0,India
10032,1201539,Johnson Singh,CUT_SHOT,4,3,1,4.0,133.33,India
10033,46942,Aaron Phangiso,CUT_SHOT,4,10,1,4.0,40.0,South Africa
10034,633638,Sharvin Muniandy,SLOG_SHOT,4,2,1,4.0,200.0,Malaysia
10035,19264,Liam Plunkett,SWEEP,4,2,1,4.0,200.0,United States of America
10036,228210,Mehedi Maruf,PUSH,4,12,1,4.0,33.33,Bangladesh
10037,49535,Nuwan Kulasekara,PULL,4,8,3,1.33,50.0,Sri Lanka
10038,868003,Syed Aziz,SLOG_SHOT,4,2,1,4.0,200.0,Malaysia
10039,25065,Jack Vare,PULL_HOOK_ON_BACK_FOOT,4,2,1,4.0,200.0,Papua New Guinea
10040,47483,Greg Smith,PULL_HOOK_ON_BACK_FOOT,4,2,1,4.0,200.0,South Africa
10041,446808,Pradeep Airee,CUT_SHOT,4,8,1,4.0,50.0,Nepal
10042,1292495,Angkrish Raghuvanshi,REVERSE_SWEEP,4,2,1,4.0,200.0,India
10043,652359,Pankaj Jaswal,COVER_DRIVE,4,4,1,4.0,100.0,India
10044,767223,Ollie Sale,VERTICAL_FORWARD_ATTACK,4,5,1,4.0,80.0,England
10045,227762,Sharjeel Khan,DEFENDED,4,89,1,4.0,4.49,Pakistan
10046,1287020,Dharani Rabha,ON_DRIVE,4,2,1,4.0,200.0,India
10047,55870,Sean Williams,DEFENDED,4,47,1,4.0,8.51,Zimbabwe
10048,932405,Sabbir Hossain,CUT_SHOT,4,2,1,4.0,200.0,Bangladesh
10049,643999,Matthew Lamb,LEG_GLANCE,4,9,1,4.0,44.44,England
10050,320652,Asghar Afghan,HOOK,4,2,1,4.0,200.0,Afghanistan
10051,1079434,Riyan Parag,DEFENDED,4,79,1,4.0,5.06,India
10052,643999,Matthew Lamb,FORWARD_DEFENCE,4,13,1,4.0,30.77,England
10053,319750,Kamran Khan,SLOG_SWEEP,4,2,1,4.0,200.0,Qatar
10054,319750,Kamran Khan,SLOG_SHOT,4,5,1,4.0,80.0,Qatar
10055,643433,George Garton,SLOG_SHOT,4,7,2,2.0,57.14,England
10056,7529,Nathan Reardon,ON_DRIVE,4,2,1,4.0,200.0,Australia
10057,533862,Mohammad Naveed,CUT_SHOT,4,9,1,4.0,44.44,United Arab Emirates
10058,1284532,Haider Butt,LATE_CUT,4,2,1,4.0,200.0,Bahrain
10059,323389,Mohammad Rizwan,REVERSE_SWEEP,4,4,1,4.0,100.0,Pakistan
10060,533042,Billy Stanlake,COVER_DRIVE,4,7,2,2.0,57.14,Australia
10061,1000791,Bradley Currie,FLICK,4,4,1,4.0,100.0,Scotland
10062,1079848,Shivam Mavi,ON_DRIVE,4,9,1,4.0,44.44,India
10063,774223,Jhye Richardson,DEFENDED,4,24,2,2.0,16.67,Australia
10064,990039,Shoriful Islam,STRAIGHT_DRIVE,4,2,1,4.0,200.0,Bangladesh
10065,774217,Clint Hinchliffe,COVER_DRIVE,4,11,1,4.0,36.36,Australia
10066,646003,Jack Burnham,REVERSE_SWEEP,4,4,1,4.0,100.0,England
10067,931603,Brendan Doggett,STRAIGHT_DRIVE,4,2,1,4.0,200.0,Australia
10068,480603,Iftikhar Ahmed,UPPER_CUT,4,5,1,4.0,80.0,Pakistan
10069,438362,Sandeep Sharma,SLOG_SHOT,4,5,1,4.0,80.0,India
10070,7502,Luke Ronchi,SLOG_SWEEP,4,3,1,4.0,133.33,New Zealand
10071,422965,Shehan Jayasuriya,SWEEP_SHOT,4,8,1,4.0,50.0,United States of America
10072,30102,Zaheer Khan,ON_DRIVE,4,8,3,1.33,50.0,India
10073,771649,Roland Cato,PULL,4,4,1,4.0,100.0,West Indies
10074,318845,Rilee Rossouw,RAMP,4,3,1,4.0,133.33,South Africa
10075,407265,Josh Davey,STRAIGHT_DRIVE,4,2,1,4.0,200.0,Scotland
10076,533870,Nick Larkin,SWEEP_SHOT,4,7,1,4.0,57.14,Australia
10077,885743,Ryan Stevenson,SWEEP,4,2,1,4.0,200.0,England
10078,329845,Mizanur Rahman,STRAIGHT_DRIVE,4,3,1,4.0,133.33,Bangladesh
10079,932635,Nayeem Hasan,FLICK,4,6,2,2.0,66.67,Bangladesh
10080,379927,Beuran Hendricks,SLOG_SHOT,4,5,1,4.0,80.0,South Africa
10081,384355,Anaru Kitchen,REVERSE_SWEEP,4,3,2,2.0,133.33,New Zealand
10082,329845,Mizanur Rahman,SQUARE_DRIVE,4,3,1,4.0,133.33,Bangladesh
10083,629070,Mohammad Saifuddin,DEFENDED,4,27,3,1.33,14.81,Bangladesh
10084,25065,Jack Vare,FLICK,4,7,2,2.0,57.14,Papua New Guinea
10085,330902,Mustafizur Rahman,CUT_SHOT,4,16,1,4.0,25.0,Bangladesh
10086,713811,Tinashe Kamunhukamwe,SLOG_SWEEP,4,4,2,2.0,100.0,Zimbabwe
10087,326625,Cameron Boyce,PUSH,4,10,1,4.0,40.0,Australia
10088,481875,George Linde,UPPER_CUT,4,2,1,4.0,200.0,South Africa
10089,327947,Dane Paterson,CUT_SHOT,4,5,1,4.0,80.0,South Africa
10090,281188,Nazmul Hossain Milon,SLOG_SHOT,4,5,2,2.0,80.0,Bangladesh
10091,475281,Shardul Thakur,DEFENDED,4,13,1,4.0,30.77,India
10092,328026,Isuru Udana,HOOK,4,3,2,2.0,133.33,Sri Lanka
10093,946351,Valentine Kitime,COVER_DRIVE,4,3,1,4.0,133.33,South Africa
10094,662235,Josh Inglis,PADDLE_SWEEP,4,4,1,4.0,100.0,Australia
10095,330902,Mustafizur Rahman,LEG_GLANCE,4,1,1,4.0,400.0,Bangladesh
10096,292152,Jamie Atkinson,STEERED,4,7,1,4.0,57.14,Hong Kong
10097,292152,Jamie Atkinson,SLOG_SHOT,4,4,1,4.0,100.0,Hong Kong
10098,216184,Neil Dexter,PUSH_SHOT,4,14,3,1.33,28.57,England
10099,45390,Tim Groenewald,LEG_GLANCE,4,6,1,4.0,66.67,England
10100,627623,Charlie Wakim,PADDLE_SWEEP,4,2,1,4.0,200.0,Australia
10101,45204,Robbie Frylinck,STRAIGHT_DRIVE,4,2,1,4.0,200.0,South Africa
10102,1075863,Kamil Mishara,COVER_DRIVE,4,4,1,4.0,100.0,Sri Lanka
10103,1161024,Prabhsimran Singh,RAMP,4,2,1,4.0,200.0,India
10104,481896,Mohammed Shami,SQUARE_DRIVE,4,3,1,4.0,133.33,India
10105,537124,Gurkeerat Singh Mann,STRAIGHT_DRIVE,4,3,1,4.0,133.33,India
10106,379927,Beuran Hendricks,CUT_SHOT,4,5,1,4.0,80.0,South Africa
10107,1217487,Mubasir Khan,PULL,4,6,2,2.0,66.67,Pakistan
10108,974719,Muhammad Usman,DEFENDED,4,27,1,4.0,14.81,United Arab Emirates
10109,29264,Harbhajan Singh,SWEEP_SHOT,4,2,1,4.0,200.0,India
10110,629057,Shadman Islam,COVER_DRIVE,4,8,2,2.0,50.0,Bangladesh
10111,331375,Hamish Rutherford,FORWARD_DEFENCE,4,30,2,2.0,13.33,New Zealand
10112,424377,Krishnappa Gowtham,STRAIGHT_DRIVE,4,4,1,4.0,100.0,India
10113,7898,Peter Siddle,PULL,4,4,3,1.33,100.0,Australia
10114,777743,Abhishek Reddy,SLOG_SHOT,4,2,1,4.0,200.0,India
10115,1223053,Steven McGiffin,FLICK,4,7,1,4.0,57.14,Australia
10116,653695,Matt Parkinson,SQUARE_DRIVE,4,3,2,2.0,133.33,England
10117,462727,Tom Abell,SLOG_SHOT,4,6,2,2.0,66.67,England
10118,653695,Matt Parkinson,LEG_GLANCE,4,2,1,4.0,200.0,England
10119,777815,Vijaykumar Vyshak,ON_DRIVE,4,4,1,4.0,100.0,India
10120,290727,Rishi Dhawan,SWEEP_SHOT,4,5,3,1.33,80.0,India
10121,326632,Joe Burns,LEG_GLANCE,4,8,2,2.0,50.0,Italy
10122,932569,Imranuzzaman,ON_DRIVE,4,5,2,2.0,80.0,Bangladesh
10123,7898,Peter Siddle,ON_DRIVE,4,9,3,1.33,44.44,Australia
10124,30732,Praveen Kumar,PULL,4,9,1,4.0,44.44,India
10125,326968,Michael Bracewell,CUT_SHOT_ON_BACK_FOOT,4,2,1,4.0,200.0,New Zealand
10126,536936,Litton Das,RAMP,4,7,2,2.0,57.14,Bangladesh
10127,629076,Sadeera Samarawickrama,DEFENDED,4,35,1,4.0,11.43,Sri Lanka
10128,931015,Thanuka Dabare,LEG_GLANCE,4,5,1,4.0,80.0,Sri Lanka
10129,1294141,Aryansh Sharma,STRAIGHT_DRIVE,4,4,1,4.0,100.0,United Arab Emirates
10130,1012131,Rakibul Hasan,COVER_DRIVE,4,3,1,4.0,133.33,Bangladesh
10131,631545,Matthew Carter,SWEEP,4,8,2,2.0,50.0,England
10132,414966,Michael Leask,PUSH,4,15,1,4.0,26.67,Scotland
10133,1088610,Jack Edwards,SWEEP_SHOT,4,2,1,4.0,200.0,Australia
10134,631668,Stephen Eskinazi,FORWARD_DEFENCE,4,37,2,2.0,10.81,England
10135,989749,SM Meherob,REVERSE_SWEEP,4,2,1,4.0,200.0,
10136,303437,James Shannon,PULL,4,4,1,4.0,100.0,Ireland
10137,807545,Conor McKerr,PULL_HOOK_ON_BACK_FOOT,4,5,1,4.0,80.0,South Africa
10138,440522,Logan van Beek,STRAIGHT_DRIVE,4,3,1,4.0,133.33,Netherlands
10139,571151,James Weighell,REVERSE_SWEEP,4,6,1,4.0,66.67,England
10140,457249,Carlos Brathwaite,HOOK,4,4,1,4.0,100.0,West Indies
10141,20032,Chris Rushworth,VERTICAL_FORWARD_ATTACK,4,7,3,1.33,57.14,England
10142,698333,Jiveshan Pillay,SLOG_SWEEP,4,2,1,4.0,200.0,South Africa
10143,914171,Qais Ahmad,CUT_SHOT_ON_BACK_FOOT,4,4,1,4.0,100.0,Afghanistan
10144,39024,Azhar Mahmood,SLOG_SHOT,4,2,1,4.0,200.0,Pakistan
10145,303508,Shane Getkate,SQUARE_DRIVE,4,7,1,4.0,57.14,Ireland
10146,501012,Joel Paris,SLOG_SHOT,4,3,2,2.0,133.33,Australia
10147,956035,Karan Shinde,CUT_SHOT,4,4,1,4.0,100.0,India
10148,701227,Ainool Hafizs,FLICK,4,7,2,2.0,57.14,Malaysia
10149,36581,Neil Broom,PUSH_SHOT,4,9,1,4.0,44.44,New Zealand
10150,701227,Ainool Hafizs,REVERSE_SWEEP,4,3,1,4.0,133.33,Malaysia
10151,568164,Uzair Amir,ON_DRIVE,4,5,1,4.0,80.0,Qatar
10152,814241,Deepraj Gaonkar,CUT_SHOT,4,3,1,4.0,133.33,India
10153,914455,Jyd Goolie,COVER_DRIVE,4,3,1,4.0,133.33,West Indies
10154,550133,Mosaddek Hossain,DAB,4,8,1,4.0,50.0,Bangladesh
10155,700167,Navdeep Saini,SLOG_SHOT,4,9,2,2.0,44.44,India
10156,1129633,Max Chu,REVERSE_SWEEP,4,3,1,4.0,133.33,New Zealand
10157,1397996,Kashif Abbas,PULL,4,3,1,4.0,133.33,Saudi Arabia
10158,298241,Nathan Buck,CUT_SHOT_ON_BACK_FOOT,4,13,1,4.0,30.77,England
10159,38699,Ross Taylor,REVERSE_SWEEP,4,4,1,4.0,100.0,New Zealand
10160,570261,Dan Lincoln,SWEEP,4,5,2,2.0,80.0,England
10161,1161606,Haris Rauf,SLOG_SWEEP,4,6,2,2.0,66.67,Pakistan
10162,297626,Will Beer,CUT_SHOT_ON_BACK_FOOT,4,8,1,4.0,50.0,England
10163,801019,Ashwin Hebbar,SQUARE_DRIVE,4,2,1,4.0,200.0,India
10164,237696,Sheldon Jackson,STEERED,4,8,1,4.0,50.0,India
10165,957645,Aaron Jones,ON_DRIVE,4,5,2,2.0,80.0,United States of America
10166,1149211,Robin Das,PUSH_SHOT,4,8,1,4.0,50.0,England
10167,211855,Liam Dawson,HOOK,4,3,1,4.0,133.33,England
10168,389605,Ashish Reddy,STEERED,4,4,1,4.0,100.0,India
10169,1249564,Ahmed Daniyal,COVER_DRIVE,4,2,1,4.0,200.0,Pakistan
10170,948595,Justin Broad,CUT_SHOT_ON_BACK_FOOT,4,8,3,1.33,50.0,Germany
10171,40082,Ehsan Khan,FLICK,4,9,3,1.33,44.44,Hong Kong
10172,528067,Murugan Ashwin,FLICK,4,7,1,4.0,57.14,India
10173,22280,Mark Wallace,REVERSE_SWEEP,4,2,1,4.0,200.0,England
10174,827051,Blessing Muzarabani,SLOG_SHOT,4,10,5,0.8,40.0,Zimbabwe
10175,527776,Ollie Robinson,REVERSE_SWEEP,4,5,1,4.0,80.0,England
10176,1126010,Syed Haider,SWEEP_SHOT,4,2,1,4.0,200.0,
10177,39745,Amjad Ali,SWEEP_SHOT,4,2,1,4.0,200.0,United Arab Emirates
10178,450075,Kesrick Williams,COVER_DRIVE,4,11,2,2.0,36.36,West Indies
10179,297628,Sam Billings,UPPER_CUT,4,2,1,4.0,200.0,England
10180,1126196,Abhishek Thakuri,CUT_SHOT,4,2,1,4.0,200.0,India
10181,571911,Joe Clarke,REVERSE_SWEEP,4,9,2,2.0,44.44,England
10182,270135,Ariful Haque,DEFENDED,4,20,2,2.0,20.0,Bangladesh
10183,805235,Himmat Singh,PULL,4,4,1,4.0,100.0,India
10184,805925,Mohammad Irfan,SLOG_SHOT,4,4,2,2.0,100.0,Pakistan
10185,1126045,Nishan Madushka,PUSH,4,13,1,4.0,30.77,Sri Lanka
10186,414108,Matt Dunn,VERTICAL_FORWARD_ATTACK,4,6,1,4.0,66.67,England
10187,1126082,Nipun Dhananjaya,CUT_SHOT,4,3,1,4.0,133.33,Sri Lanka
10188,1194795,Matheesha Pathirana,SLOG_SHOT,4,2,1,4.0,200.0,Sri Lanka
10189,527776,Ollie Robinson,LEG_GLANCE,4,6,1,4.0,66.67,England
10190,914623,Liam Trevaskis,REVERSE_SWEEP,4,5,1,4.0,80.0,England
10191,820689,Shamar Springer,DEFENDED,4,22,1,4.0,18.18,West Indies
10192,300617,Rony Talukdar,UPPER_CUT,4,2,1,4.0,200.0,Bangladesh
10193,1418989,Aqeel Wahid,PULL,4,4,1,4.0,100.0,
10194,555850,Sam Hain,DEFENDED,4,40,2,2.0,10.0,England
10195,526021,Cole McConchie,VERTICAL_FORWARD_ATTACK,4,5,1,4.0,80.0,New Zealand
10196,820685,Nicholas Kirton,PUSH,4,8,1,4.0,50.0,Canada
10197,516039,Alex Davies,STRAIGHT_DRIVE,4,3,2,2.0,133.33,England
10198,820681,Amir Jangoo,PUSH,4,16,1,4.0,25.0,West Indies
10199,1139523,Rishad Hossain,ON_DRIVE,4,8,3,1.33,50.0,Bangladesh
10200,1252370,Vivrant Sharma,PULL,4,5,1,4.0,80.0,India
10201,300629,Angelo Perera,DEFENDED,4,12,2,2.0,33.33,Sri Lanka
10202,1139511,Parvez Hossain Emon,SLOG_SHOT,4,4,1,4.0,100.0,Bangladesh
10203,821749,Saif Hassan,SWEEP_SHOT,4,3,1,4.0,133.33,Bangladesh
10204,1252585,Shubham Dubey,SLOG_SHOT,4,3,2,2.0,133.33,India
10205,1139053,Ram Sharan,COVER_DRIVE,4,3,1,4.0,133.33,Cambodia
10206,11718,Nick Compton,REVERSE_SWEEP,4,3,1,4.0,133.33,England
10207,375724,Kamrul Islam,COVER_DRIVE,4,7,1,4.0,57.14,Bangladesh
10208,372116,Temba Bavuma,RAMP,4,3,2,2.0,133.33,South Africa
10209,1163490,Sumon Khan,SLOG_SWEEP,4,2,1,4.0,200.0,Bangladesh
10210,465793,Dhananjaya de Silva,DEFENDED,4,71,2,2.0,5.63,Sri Lanka
10211,450101,Raymon Reifer,UPPER_CUT,4,2,1,4.0,200.0,West Indies
10212,300619,Rubel Hossain,STRAIGHT_DRIVE,4,2,1,4.0,200.0,Bangladesh
10213,262456,Dane Vilas,DEFENDED,4,12,1,4.0,33.33,South Africa
10214,262456,Dane Vilas,FORWARD_DEFENCE,4,19,1,4.0,21.05,South Africa
10215,300619,Rubel Hossain,SQUARE_DRIVE,4,2,1,4.0,200.0,Bangladesh
10216,366725,Oshada Fernando,PUSH,4,5,1,4.0,80.0,Sri Lanka
10217,822553,Tushar Deshpande,ON_DRIVE,4,6,2,2.0,66.67,India
10218,298438,Jason Roy,UPPER_CUT,4,3,1,4.0,133.33,England
10219,955091,Rajat Dey,SLOG_SWEEP,4,2,1,4.0,200.0,India
10220,719715,Washington Sundar,RAMP,4,4,2,2.0,100.0,India
10221,1209190,Matthew Forde,SLOG_SWEEP,4,3,1,4.0,133.33,West Indies
10222,53115,Daren Sammy,PUSH_SHOT,4,7,1,4.0,57.14,West Indies
10223,1175441,Ravi Bishnoi,SQUARE_DRIVE,4,2,1,4.0,200.0,India
10224,1403153,Arshin Kulkarni,FLICK,4,3,2,2.0,133.33,
10225,376169,Michael Neser,SLOG_SWEEP,4,4,2,2.0,100.0,Australia
10226,837611,Henry Thornton,COVER_DRIVE,4,5,1,4.0,80.0,Australia
10227,704693,Lahiru Udara,CUT_SHOT,4,6,2,2.0,66.67,Sri Lanka
10228,437669,Jordan Silk,UPPER_CUT,4,3,1,4.0,133.33,Australia
10229,1256189,Vishnu Sukumaran,STRAIGHT_DRIVE,4,2,1,4.0,200.0,
10230,498591,Travis Muller,UPPER_CUT,4,2,1,4.0,200.0,South Africa
10231,914503,Harsh Thaker,SLOG_SHOT,4,5,1,4.0,80.0,Canada
10232,24605,Kevin O'Brien,SLOG_SWEEP,4,2,1,4.0,200.0,Ireland
10233,562281,Aneurin Donald,FORWARD_DEFENCE,4,23,1,4.0,17.39,England
10234,362201,Lewis Gregory,LEFT_ALONE,4,15,1,4.0,26.67,England
10235,819429,Azmatullah Omarzai,DEFENDED,4,24,1,4.0,16.67,Afghanistan
10236,376169,Michael Neser,SWEEP_SHOT,4,6,1,4.0,66.67,Australia
10237,362201,Lewis Gregory,DEFENDED,4,41,2,2.0,9.76,England
10238,564774,Jeremy Lawlor,SWEEP,4,2,1,4.0,200.0,England
10239,390481,Harshal Patel,UPPER_CUT,4,6,1,4.0,66.67,India
10240,1209188,Kevlon Anderson,COVER_DRIVE,4,7,1,4.0,57.14,West Indies
10241,364343,Craig Young,SQUARE_DRIVE,4,3,1,4.0,133.33,Ireland
10242,1048897,Avi Dixit,FLICK,4,6,1,4.0,66.67,Singapore
10243,243944,Alex Blake,SQUARE_DRIVE,4,3,1,4.0,133.33,England
10244,214265,Tom Westley,REVERSE_SWEEP,4,4,2,2.0,100.0,England
10245,1131754,Chetan Sakariya,SLOG_SHOT,4,7,3,1.33,57.14,India
10246,951781,Milton Shumba,SLOG_SWEEP,4,4,3,1.33,100.0,Zimbabwe
10247,914541,Sherfane Rutherford,REVERSE_PULL,4,2,1,4.0,200.0,West Indies
10248,707111,Henry Cooper,SLOG_SHOT,4,4,2,2.0,100.0,New Zealand
10249,362710,David Payne,SWEEP,4,2,1,4.0,200.0,England
10250,559062,Nick Kelly,DEFENDED,4,36,2,2.0,11.11,New Zealand
10251,24611,William Porterfield,SWEEP_SHOT,4,2,1,4.0,200.0,Ireland
10252,437669,Jordan Silk,LEFT_ALONE,4,14,1,4.0,28.57,Australia
10253,362710,David Payne,PUSH_SHOT,4,8,1,4.0,50.0,England
10254,230549,Jason Mohammed,LEG_GLANCE,4,3,1,4.0,133.33,West Indies
10255,1123428,Usman Khan,REVERSE_SWEEP,4,3,2,2.0,133.33,Pakistan
10256,906783,Obed McCoy,DEFENDED,4,8,1,4.0,50.0,West Indies
10257,1123428,Usman Khan,REVERSE_PULL,4,3,1,4.0,133.33,Pakistan
10258,26421,Ravichandran Ashwin,UPPER_CUT,4,3,1,4.0,133.33,India
10259,1151273,Nehal Wadhera,DAB,4,6,1,4.0,66.67,India
10260,1123718,Spencer Johnson,CUT_SHOT,4,3,1,4.0,133.33,Australia
10261,232364,Tim Southee,DEFENDED,4,22,1,4.0,18.18,New Zealand
10262,595380,Raynard van Tonder,SQUARE_DRIVE,4,2,1,4.0,200.0,South Africa
10263,793457,Hazratullah Zazai,UPPER_CUT,4,3,1,4.0,133.33,Afghanistan
10264,1123073,Anuj Rawat,RAMP,4,2,1,4.0,200.0,India
10265,297498,Ian Cockbain,BACK_DEFENCE,4,24,2,2.0,16.67,England
10266,41984,Mohammad Nadeem,SQUARE_DRIVE,4,2,1,4.0,200.0,Oman
10267,259410,Ahmed Shehzad,LEFT_ALONE,4,26,1,4.0,15.38,Pakistan
10268,1122918,Kartik Tyagi,ON_DRIVE,4,2,1,4.0,200.0,India
10269,1343701,Uday Hathinjar,ON_DRIVE,4,5,1,4.0,80.0,Cambodia
10270,51469,Shivnarine Chanderpaul,PULL,4,2,1,4.0,200.0,West Indies
10271,348109,Paul van Meekeren,VERTICAL_FORWARD_ATTACK,4,9,2,2.0,44.44,Netherlands
10272,308294,Stuart Poynter,BACK_DEFENCE,4,4,1,4.0,100.0,Ireland
10273,33870,Rajagopal Sathish,FLICK,4,6,2,2.0,66.67,India
10274,55395,Colin de Grandhomme,BACK_DEFENCE,4,5,1,4.0,80.0,New Zealand
10275,307817,Adnan Idrees,PULL,4,3,1,4.0,133.33,Kuwait
10276,1172968,Dan Mousley,COVER_DRIVE,4,9,1,4.0,44.44,England
10277,594995,Gavin Kaplan,PULL,4,5,2,2.0,80.0,South Africa
10278,1344846,Saad Khan,COVER_DRIVE,4,6,1,4.0,66.67,Saudi Arabia
10279,959769,Ben Sears,ON_DRIVE,4,6,1,4.0,66.67,New Zealand
10280,391485,Jason Holder,PADDLE_SWEEP,4,7,1,4.0,57.14,West Indies
10281,909225,Paul Walter,DEFENDED,4,14,1,4.0,28.57,England
10282,308251,David Willey,HOOK,4,2,1,4.0,200.0,England
10283,510823,Justin Greaves,SWEEP_SHOT,4,5,1,4.0,80.0,West Indies
10284,379145,Tabraiz Shamsi,FLICK,4,8,1,4.0,50.0,South Africa
10285,1191384,Peter Hatzoglou,SLOG_SHOT,4,3,1,4.0,133.33,Australia
10286,1151270,Ayush Badoni,RAMP,4,3,2,2.0,133.33,India
10287,209457,Chamara Kapugedera,HOOK,4,2,1,4.0,200.0,Sri Lanka
10288,444970,Jimmy Peirson,HOOK,4,3,1,4.0,133.33,Australia
10289,32966,Piyush Chawla,LEG_GLANCE,4,3,1,4.0,133.33,India
10290,1027867,Lasith Croospulle,STEERED,4,10,1,4.0,40.0,Sri Lanka
10291,348049,Nasum Ahmed,COVER_DRIVE,4,12,2,2.0,33.33,Bangladesh
10292,274921,Veerasammy Permaul,FLICK,4,4,1,4.0,100.0,West Indies
10293,1151278,Yashasvi Jaiswal,RAMP,4,4,1,4.0,100.0,India
10294,793441,Aamer Jamal,REVERSE_SWEEP,4,4,1,4.0,100.0,Pakistan
10295,959825,Brooke Guest,CUT_SHOT,4,4,1,4.0,100.0,England
10296,1070188,Kamlesh Nagarkoti,SLOG_SHOT,4,6,2,2.0,66.67,India
10297,25051,Mahuru Dai,ON_DRIVE,4,8,1,4.0,50.0,Papua New Guinea
10298,1175460,Parvez Ahmed,COVER_DRIVE,4,7,1,4.0,57.14,India
10299,542023,Lungi Ngidi,FLICK,4,9,1,4.0,44.44,South Africa
10300,493773,Lockie Ferguson,VERTICAL_FORWARD_ATTACK,4,6,1,4.0,66.67,New Zealand
10301,734459,Abrar Ahmed,CUT_SHOT,4,2,1,4.0,200.0,Pakistan
10302,42683,Salman Butt,CUT_SHOT,4,3,1,4.0,133.33,Pakistan
10303,348026,John Campbell,REVERSE_SWEEP,4,3,1,4.0,133.33,West Indies
10304,379147,Dominic Hendricks,PULL,4,3,1,4.0,133.33,South Africa
10305,596303,Lakshan Edirisinghe,CUT_SHOT,4,2,1,4.0,200.0,Sri Lanka
10306,681305,Hasan Ali,PUSH,4,9,1,4.0,44.44,Pakistan
10307,232435,Calum MacLeod,RAMP,4,3,1,4.0,133.33,Scotland
10308,1120259,Josh Rymell,CUT_SHOT_ON_BACK_FOOT,4,2,1,4.0,200.0,England
10309,1151273,Nehal Wadhera,UPPER_CUT,4,3,1,4.0,133.33,India
10310,348091,Kavem Hodge,CUT_SHOT,4,8,1,4.0,50.0,West Indies
10311,348059,Barry McCarthy,SLOG_SWEEP,4,2,1,4.0,200.0,Ireland
10312,1122853,Tony Munyonga,ON_DRIVE,4,6,1,4.0,66.67,Zimbabwe
10313,398666,Sean Abbott,SLOG_SWEEP,4,3,1,4.0,133.33,Australia
10314,273439,Sachithra Senanayake,ON_DRIVE,4,8,3,1.33,50.0,Sri Lanka
10315,1161044,Shamim Hossain,UPPER_CUT,4,3,1,4.0,133.33,Bangladesh
10316,1070183,Abhishek Sharma,UPPER_CUT,4,4,1,4.0,100.0,India
10317,793447,Naveen-ul-Haq,PUSH_SHOT,4,3,1,4.0,133.33,Afghanistan
10318,510823,Justin Greaves,STRAIGHT_DRIVE,4,2,1,4.0,200.0,West Indies
10319,444970,Jimmy Peirson,REVERSE_SWEEP,4,5,1,4.0,80.0,Australia
10320,595978,Tristan Stubbs,UPPER_CUT,4,2,1,4.0,200.0,South Africa
10321,794707,Dipendra Singh Airee,PUSH,4,3,1,4.0,133.33,Nepal
10322,48472,Tillakaratne Dilshan,HOOK,4,2,1,4.0,200.0,Sri Lanka
10323,379140,Devon Conway,RAMP,4,6,1,4.0,66.67,New Zealand
10324,379143,Quinton de Kock,PADDLE_SWEEP,4,9,1,4.0,44.44,South Africa
10325,1125568,Kartik Kakade,PULL,4,3,1,4.0,133.33,India
10326,55346,Graeme Cremer,PULL,4,10,2,2.0,40.0,Zimbabwe
10327,528067,Murugan Ashwin,STEERED,4,6,1,4.0,66.67,India
10328,470633,Tom Kohler-Cadmore,RAMP,4,2,1,4.0,200.0,England
10329,55346,Graeme Cremer,ON_DRIVE,4,7,2,2.0,57.14,Zimbabwe
10330,35263,Virender Sehwag,FLICK,4,9,2,2.0,44.44,India
10331,924551,Lahiru Samarakoon,PUSH,4,9,1,4.0,44.44,Sri Lanka
10332,390891,Ikramullah Khan,SQUARE_DRIVE,4,2,1,4.0,200.0,Qatar
10333,591650,Ankit Rajpoot,ON_DRIVE,4,9,1,4.0,44.44,India
10334,959759,Finn Allen,RAMP,4,3,1,4.0,133.33,New Zealand
10335,501011,Cameron Bancroft,SLOG_SWEEP,4,4,1,4.0,100.0,Australia
10336,794749,Faisal Khan,SLOG_SHOT,4,7,2,2.0,57.14,Saudi Arabia
10337,1161381,Mahmudul Hasan Joy,UPPER_CUT,4,2,1,4.0,200.0,Bangladesh
10338,40618,Imran Tahir,PUSH,4,8,1,4.0,50.0,South Africa
10339,1065662,Roshon Primus,LEFT_ALONE,4,9,1,4.0,44.44,West Indies
10340,9042,Gareth Batty,PUSH_SHOT,4,7,1,4.0,57.14,England
10341,470633,Tom Kohler-Cadmore,NO_SHOT,4,8,1,4.0,50.0,England
10342,1172968,Dan Mousley,PUSH,4,8,2,2.0,50.0,England
10343,697183,Tony de Zorzi,DEFENDED,4,8,1,4.0,50.0,South Africa
10344,307808,Rohan Mustafa,REVERSE_SWEEP,4,2,1,4.0,200.0,United Arab Emirates
10345,210283,Steven Finn,LEG_GLANCE,4,7,1,4.0,57.14,England
10346,1150772,Tom Hartley,REVERSE_SWEEP,4,6,2,2.0,66.67,England
10347,422092,Vikum Sanjaya,ON_DRIVE,4,3,1,4.0,133.33,Sri Lanka
10348,594322,Corbin Bosch,STEERED,4,5,1,4.0,80.0,South Africa
10349,590913,Will Williams,STRAIGHT_DRIVE,4,2,1,4.0,200.0,New Zealand
10350,794707,Dipendra Singh Airee,SWEEP_SHOT,4,3,1,4.0,133.33,Nepal
10351,448243,Rumman Raees,DEFENDED,4,7,2,2.0,57.14,Pakistan
10352,55346,Graeme Cremer,COVER_DRIVE,4,7,2,2.0,57.14,Zimbabwe
10353,5674,Brad Hodge,DEFENDED,4,21,1,4.0,19.05,Australia
10354,1210287,Movin Subasingha,PULL,4,3,1,4.0,133.33,Sri Lanka
10355,910695,Ben Curran,FORWARD_DEFENCE,4,17,1,4.0,23.53,Zimbabwe
10356,297581,Max Waller,PUSH_SHOT,4,11,1,4.0,36.36,England
10357,591650,Ankit Rajpoot,COVER_DRIVE,4,4,1,4.0,100.0,India
10358,307775,Rezza Gaznavi,SLOG_SHOT,4,2,1,4.0,200.0,Singapore
10359,937535,Zahiduzzaman,FLICK,3,5,1,3.0,60.0,Bangladesh
10360,24605,Kevin O'Brien,DEFENDED,3,31,3,1.0,9.68,Ireland
10361,430246,Yuzvendra Chahal,ON_DRIVE,3,8,1,3.0,37.5,India
10362,314743,Shykat Ali,PUSH,3,13,1,3.0,23.08,Bangladesh
10363,8845,Tim Ambrose,PUSH_SHOT,3,8,1,3.0,37.5,England
10364,390730,Manisankar  Murasingh,ON_DRIVE,3,3,1,3.0,100.0,India
10365,1048813,Narayan Jagadeesan,SQUARE_DRIVE,3,4,1,3.0,75.0,India
10366,1077310,Naseem Khushi,STEERED,3,9,2,1.5,33.33,Oman
10367,12450,Steven Davies,FORWARD_DEFENCE,3,18,1,3.0,16.67,England
10368,707177,Josh Finnie,SLOG_SHOT,3,5,1,3.0,60.0,New Zealand
10369,51880,Chris Gayle,LEFT_ALONE,3,216,2,1.5,1.39,West Indies
10370,387046,Amir Ali,VERTICAL_FORWARD_ATTACK,3,4,1,3.0,75.0,Oman
10371,302269,Chris Dent,FORWARD_DEFENCE,3,27,1,3.0,11.11,England
10372,526462,Jonty Jenner,SWEEP_SHOT,3,6,1,3.0,50.0,Jersey
10373,436749,Fayyaz Butt,COVER_DRIVE,3,6,1,3.0,50.0,Oman
10374,1075863,Kamil Mishara,PULL,3,2,1,3.0,150.0,Sri Lanka
10375,1273888,Mohit Mittan,COVER_DRIVE,3,5,1,3.0,60.0,India
10376,1175488,Dhruv Jurel,SLOG_SHOT,3,4,2,1.5,75.0,India
10377,1181708,Nick Greenwood,COVER_DRIVE,3,4,1,3.0,75.0,Jersey
10378,533561,Waqas Maqsood,FLICK,3,5,1,3.0,60.0,Pakistan
10379,530011,Travis Head,FORWARD_DEFENCE,3,12,1,3.0,25.0,Australia
10380,51433,Samuel Badree,STEERED,3,5,1,3.0,60.0,West Indies
10381,712219,Zahir Khan,SQUARE_DRIVE,3,4,1,3.0,75.0,Afghanistan
10382,307639,Ahmad Faiz,DAB,3,3,1,3.0,100.0,Malaysia
10383,319745,Arun Karthik,SQUARE_DRIVE,3,3,1,3.0,100.0,India
10384,712219,Zahir Khan,PUSH,3,6,1,3.0,50.0,Afghanistan
10385,222354,Milinda Siriwardana,SWEEP_SHOT,3,6,1,3.0,50.0,Sri Lanka
10386,1253822,Gulsan Jha,FLICK,3,4,1,3.0,75.0,Nepal
10387,747315,Nathan Sowter,PUSH_SHOT,3,7,1,3.0,42.86,England
10388,1065115,Ben Manenti,FLICK,3,4,1,3.0,75.0,Italy
10389,308794,Michael Swart,COVER_DRIVE,3,4,1,3.0,75.0,Australia
10390,669365,Phil Salt,DAB,3,6,1,3.0,50.0,England
10391,995037,Mahidul Islam Ankon,DEFENDED,3,19,1,3.0,15.79,Bangladesh
10392,49920,Dilruwan Perera,FLICK,3,5,1,3.0,60.0,Sri Lanka
10393,52334,Imran Khan,DEFENDED,3,16,2,1.5,18.75,West Indies
10394,681681,Janith Liyanage,PUSH,3,9,1,3.0,33.33,Sri Lanka
10395,301648,Jordan Clark,FORWARD_DEFENCE,3,31,1,3.0,9.68,England
10396,681681,Janith Liyanage,SLOG_SHOT,3,5,1,3.0,60.0,Sri Lanka
10397,1159812,Sedezhalie Rupero,PULL,3,4,2,1.5,75.0,India
10398,716733,Khushdil Shah,DEFENDED,3,42,1,3.0,7.14,Pakistan
10399,422092,Vikum Sanjaya,DEFENDED,3,7,1,3.0,42.86,Sri Lanka
10400,1284534,Muhammad Murad,PULL,3,5,1,3.0,60.0,Qatar
10401,1202928,Arkaprabha Sinha,ON_DRIVE,3,4,1,3.0,75.0,India
10402,388678,Ben Dunk,DEFENDED,3,57,5,0.6,5.26,Australia
10403,669855,Jofra Archer,DEFENDED,3,11,1,3.0,27.27,England
10404,437448,Jake Lehmann,REVERSE_SWEEP,3,4,1,3.0,75.0,Australia
10405,1284534,Muhammad Murad,ON_DRIVE,3,6,1,3.0,50.0,Qatar
10406,55414,Sean Ervine,FORWARD_DEFENCE,3,21,1,3.0,14.29,Zimbabwe
10407,55343,Elton Chigumbura,SLOG_SHOT,3,7,3,1.0,42.86,Zimbabwe
10408,55820,Prosper Utseya,SLOG_SHOT,3,4,1,3.0,75.0,Zimbabwe
10409,24289,Niall O'Brien,PULL,3,3,1,3.0,100.0,Ireland
10410,1278252,Shariz Ahmad,PUSH,3,7,1,3.0,42.86,Netherlands
10411,1058924,Nasrulla Rana,PULL,3,6,3,1.0,50.0,Hong Kong
10412,524255,Kabua Morea,FLICK,3,3,1,3.0,100.0,Papua New Guinea
10413,696127,Brad Evans,PULL,3,5,1,3.0,60.0,Zimbabwe
10414,450075,Kesrick Williams,DEFENDED,3,34,3,1.0,8.82,West Indies
10415,297498,Ian Cockbain,FORWARD_DEFENCE,3,44,1,3.0,6.82,England
10416,1029993,Scott Steel,BACK_DEFENCE,3,14,1,3.0,21.43,England
10417,851409,Parth Sahani,CUT_SHOT,3,6,1,3.0,50.0,India
10418,1068983,Haroon Arshad,ON_DRIVE,3,3,1,3.0,100.0,Hong Kong
10419,653033,Priyamal Perera,FLICK,3,4,1,3.0,75.0,Sri Lanka
10420,1076579,Mohammad Ishaq,ON_DRIVE,3,5,2,1.5,60.0,Afghanistan
10421,1058990,Ansh Tandon,COVER_DRIVE,3,6,1,3.0,50.0,United Arab Emirates
10422,1071484,Brian Bennett,STEERED,3,7,1,3.0,42.86,Zimbabwe
10423,527362,Chirag Jani,SLOG_SHOT,3,3,1,3.0,100.0,India
10424,290948,Mohammad Amir,SQUARE_DRIVE,3,7,1,3.0,42.86,Pakistan
10425,488998,Tshepang Dithole,PULL,3,8,1,3.0,37.5,South Africa
10426,660889,Mason Crane,BACK_DEFENCE,3,8,1,3.0,37.5,England
10427,311592,Mitchell Starc,PUSH,3,7,2,1.5,42.86,Australia
10428,720465,Virat Singh,STEERED,3,5,1,3.0,60.0,India
10429,53276,Tonito Willett,ON_DRIVE,3,8,2,1.5,37.5,West Indies
10430,290948,Mohammad Amir,PUSH,3,5,1,3.0,60.0,Pakistan
10431,742489,Neil Brand,SQUARE_DRIVE,3,4,1,3.0,75.0,South Africa
10432,511252,Jamie Porter,VERTICAL_FORWARD_ATTACK,3,3,1,3.0,100.0,England
10433,447458,Swapnil Patil,REVERSE_SWEEP,3,2,1,3.0,150.0,United Arab Emirates
10434,318788,Haris Sohail,SLOG_SHOT,3,6,2,1.5,50.0,Pakistan
10435,430246,Yuzvendra Chahal,SLOG_SHOT,3,8,3,1.0,37.5,India
10436,314650,Nkrumah Bonner,SLOG_SWEEP,3,5,2,1.5,60.0,West Indies
10437,9042,Gareth Batty,SWEEP,3,2,1,3.0,150.0,England
10438,677077,Romario Shepherd,DEFENDED,3,39,3,1.0,7.69,West Indies
10439,737915,Liam Banks,PUSH_SHOT,3,3,1,3.0,100.0,England
10440,302579,Shreevats Goswami,ON_DRIVE,3,6,1,3.0,50.0,India
10441,1076377,Oliver Davies,DEFENDED,3,33,2,1.5,9.09,Australia
10442,1175485,Abdul Samad,SLOG_SWEEP,3,4,2,1.5,75.0,India
10443,10772,Paul Collingwood,FORWARD_DEFENCE,3,35,1,3.0,8.57,England
10444,243944,Alex Blake,PUSH,3,13,1,3.0,23.08,England
10445,303423,Andy Balbirnie,FORWARD_DEFENCE,3,13,2,1.5,23.08,Ireland
10446,245490,Ahmed Raza,PULL,3,3,1,3.0,100.0,United Arab Emirates
10447,499660,Gurinder Sandhu,PUSH,3,6,1,3.0,50.0,Australia
10448,706341,Eknath Kerkar,PULL,3,3,1,3.0,100.0,India
10449,662973,Sam Curran,DAB,3,10,1,3.0,30.0,England
10450,532853,Smit Patel,STEERED,3,4,1,3.0,75.0,United States of America
10451,292152,Jamie Atkinson,DEFENDED,3,26,1,3.0,11.54,Hong Kong
10452,932569,Imranuzzaman,FLICK,3,6,1,3.0,50.0,Bangladesh
10453,652359,Pankaj Jaswal,SLOG_SHOT,3,3,1,3.0,100.0,India
10454,670013,Fabian Allen,UPPER_CUT,3,6,1,3.0,50.0,West Indies
10455,528332,Nikhil Gangta,STEERED,3,5,1,3.0,60.0,India
10456,1212693,Rahul Buddhi,PULL,3,5,2,1.5,60.0,India
10457,348109,Paul van Meekeren,PUSH_SHOT,3,4,1,3.0,75.0,Netherlands
10458,1212684,Subham Mandal,PULL,3,4,1,3.0,75.0,India
10459,906749,Dominic Drakes,SWEEP,3,2,1,3.0,150.0,West Indies
10460,274921,Veerasammy Permaul,SQUARE_DRIVE,3,4,1,3.0,75.0,West Indies
10461,1191384,Peter Hatzoglou,COVER_DRIVE,3,4,1,3.0,75.0,Australia
10462,42439,Rafatullah Mohmand,FLICK,3,4,1,3.0,75.0,Pakistan
10463,596099,Dean Foxcroft,DEFENDED,3,34,1,3.0,8.82,New Zealand
10464,41984,Mohammad Nadeem,VERTICAL_FORWARD_ATTACK,3,4,1,3.0,75.0,Oman
10465,410763,Abu Jayed,CUT_SHOT,3,5,1,3.0,60.0,Bangladesh
10466,459257,Tymal Mills,COVER_DRIVE,3,5,1,3.0,60.0,England
10467,793463,Rashid Khan,LEFT_ALONE,3,37,5,0.6,8.11,Afghanistan
10468,1124290,Nathan McSweeney,DEFENDED,3,28,2,1.5,10.71,Australia
10469,594329,Jacques Snyman,PUSH,3,6,1,3.0,50.0,South Africa
10470,794713,Kushal Bhurtel,CUT_SHOT,3,6,2,1.5,50.0,Nepal
10471,259551,Junaid Khan,DEFENDED,3,8,1,3.0,37.5,Pakistan
10472,1124290,Nathan McSweeney,REVERSE_SWEEP,3,6,1,3.0,50.0,Australia
10473,41140,Khurram Manzoor,DEFENDED,3,27,2,1.5,11.11,Pakistan
10474,519070,Gerhard Erasmus,SLOG_SHOT,3,6,2,1.5,50.0,Namibia
10475,547749,Will Young,LEFT_ALONE,3,9,1,3.0,33.33,New Zealand
10476,519082,Dom Sibley,FORWARD_DEFENCE,3,30,1,3.0,10.0,England
10477,348144,Babar Azam,LEFT_ALONE,3,56,1,3.0,5.36,Pakistan
10478,793463,Rashid Khan,SWEEP,3,4,1,3.0,75.0,Afghanistan
10479,470699,Ben Cooper,STEERED,3,7,1,3.0,42.86,Netherlands
10480,379145,Tabraiz Shamsi,PUSH,3,7,1,3.0,42.86,South Africa
10481,793467,Karim Janat,DEFENDED,3,50,3,1.0,6.0,Afghanistan
10482,1124282,Josh Philippe,LEFT_ALONE,3,12,1,3.0,25.0,Australia
10483,906783,Obed McCoy,VERTICAL_FORWARD_ATTACK,3,6,1,3.0,50.0,West Indies
10484,42639,Shahid Afridi,STRAIGHT_DRIVE,3,5,2,1.5,60.0,Pakistan
10485,1185574,Ben Geddes,PUSH_SHOT,3,5,1,3.0,60.0,England
10486,1199393,Abdul Bangalzai,COVER_DRIVE,3,6,1,3.0,50.0,Pakistan
10487,1329699,Khawaja Nafay,SLOG_SHOT,3,6,2,1.5,50.0,Pakistan
10488,961407,Harry Tector,DEFENDED,3,52,3,1.0,5.77,Ireland
10489,520551,Arron Lilley,FORWARD_DEFENCE,3,34,1,3.0,8.82,England
10490,398506,Mandeep Singh,LEFT_ALONE,3,11,1,3.0,27.27,India
10491,1108830,Nyeem Young,PUSH,3,13,1,3.0,23.08,West Indies
10492,398438,Mayank Agarwal,SLOG_SWEEP,3,5,1,3.0,60.0,India
10493,43906,Hashim Amla,FORWARD_DEFENCE,3,19,1,3.0,15.79,South Africa
10494,605576,Cameron Valente,PULL,3,5,2,1.5,60.0,Australia
10495,1328735,Yasin Patel,COVER_DRIVE,3,5,1,3.0,60.0,Kuwait
10496,1099379,Gareth Delany,DEFENDED,3,28,1,3.0,10.71,Ireland
10497,501011,Cameron Bancroft,BACK_DEFENCE,3,8,2,1.5,37.5,Australia
10498,901157,Arjun Nair,DEFENDED,3,13,1,3.0,23.08,Australia
10499,417268,Matthew Cross,DEFENDED,3,37,1,3.0,8.11,Scotland
10500,1339019,F Lalmuanzuala,LEFT_ALONE,3,17,1,3.0,17.65,India
10501,596442,Delano Potgieter,SLOG_SHOT,3,11,4,0.75,27.27,South Africa
10502,1339031,Kunal Singh Rathore,SQUARE_DRIVE,3,4,1,3.0,75.0,India
10503,596436,Marques Ackerman,FLICK,3,5,1,3.0,60.0,South Africa
10504,792725,Tanmay Agarwal,PUSH,3,7,1,3.0,42.86,India
10505,440520,Bevan Small,COVER_DRIVE,3,4,1,3.0,75.0,New Zealand
10506,1119026,Devdutt Padikkal,LEFT_ALONE,3,42,1,3.0,7.14,India
10507,1119026,Devdutt Padikkal,PADDLE_SWEEP,3,3,1,3.0,100.0,India
10508,926851,Mukesh Kumar,PULL,3,6,1,3.0,50.0,India
10509,345825,Chaturanga de Silva,SLOG_SHOT,3,7,3,1.0,42.86,Sri Lanka
10510,1111917,Darshan Nalkande,FLICK,3,6,1,3.0,50.0,India
10511,1112535,Neil Rock,PULL,3,3,1,3.0,100.0,Ireland
10512,600498,Aiden Markram,LEFT_ALONE,3,24,1,3.0,12.5,South Africa
10513,459761,Ben Raine,BACK_DEFENCE,3,11,1,3.0,27.27,England
10514,275936,Ryan Wiggins,FLICK,3,4,1,3.0,75.0,West Indies
10515,541224,Luke Jongwe,DEFENDED,3,22,1,3.0,13.64,Zimbabwe
10516,1337353,Abdullah Bayoumy,SLOG_SHOT,3,4,1,3.0,75.0,South Africa
10517,414990,Jake Ball,PULL_HOOK_ON_BACK_FOOT,3,3,1,3.0,100.0,England
10518,559066,Ish Sodhi,LEG_GLANCE,3,6,1,3.0,50.0,New Zealand
10519,362710,David Payne,LEG_GLANCE,3,5,1,3.0,60.0,England
10520,1131646,Kimani Melius,CUT_SHOT,3,4,1,3.0,75.0,West Indies
10521,550209,Wesley Marshall,PUSH,3,7,1,3.0,42.86,South Africa
10522,1206623,Dilbar Hussain,SLOG_SHOT,3,4,1,3.0,75.0,Pakistan
10523,951781,Milton Shumba,STEERED,3,5,1,3.0,60.0,Zimbabwe
10524,1131646,Kimani Melius,SLOG_SWEEP,3,3,1,3.0,100.0,West Indies
10525,1411891,Tanish Suri,COVER_DRIVE,3,7,1,3.0,42.86,United Arab Emirates
10526,1141934,Kushal Malla,ON_DRIVE,3,6,2,1.5,50.0,Nepal
10527,266268,Pite van Biljon,STRAIGHT_DRIVE,3,3,1,3.0,100.0,South Africa
10528,211032,Karl Brown,BACK_DEFENCE,3,24,1,3.0,12.5,England
10529,376169,Michael Neser,VERTICAL_FORWARD_ATTACK,3,5,1,3.0,60.0,Australia
10530,362541,Doug Bracewell,PUSH,3,7,1,3.0,42.86,New Zealand
10531,562086,Tim Rouse,VERTICAL_FORWARD_ATTACK,3,4,1,3.0,75.0,England
10532,1209190,Matthew Forde,PUSH,3,7,2,1.5,42.86,West Indies
10533,1402600,Pratik Athavale,PUSH,3,8,1,3.0,37.5,Oman
10534,949461,Codi Yusuf,STEERED,3,6,1,3.0,50.0,South Africa
10535,914625,Jack Boyle,STEERED,3,8,1,3.0,37.5,New Zealand
10536,1175441,Ravi Bishnoi,FLICK,3,3,1,3.0,100.0,India
10537,372116,Temba Bavuma,DEFENDED,3,71,6,0.5,4.23,South Africa
10538,18657,Mark Pettini,FORWARD_DEFENCE,3,24,1,3.0,12.5,England
10539,376116,Umesh Yadav,DEFENDED,3,17,1,3.0,17.65,India
10540,38003,Stephen Murdoch,SLOG_SHOT,3,4,1,3.0,75.0,New Zealand
10541,820685,Nicholas Kirton,PULL,3,4,1,3.0,75.0,Canada
10542,950405,Tharindu Ratnayake,PULL,3,7,1,3.0,42.86,Sri Lanka
10543,261354,Nathan Coulter-Nile,DEFENDED,3,31,4,0.75,9.68,Australia
10544,1369884,Manan Ali,FLICK,3,8,1,3.0,37.5,Saudi Arabia
10545,801019,Ashwin Hebbar,ON_DRIVE,3,6,1,3.0,50.0,India
10546,580400,Khizar Hayat,CUT_SHOT,3,4,1,3.0,75.0,Malaysia
10547,1125976,Arshdeep Singh,SLOG_SHOT,3,7,1,3.0,42.86,India
10548,573904,Owen Morgan,CUT_SHOT_ON_BACK_FOOT,3,7,3,1.0,42.86,England
10549,957645,Aaron Jones,FLICK,3,6,1,3.0,50.0,United States of America
10550,1369884,Manan Ali,SLOG_SHOT,3,7,2,1.5,42.86,Saudi Arabia
10551,588471,Hokaito Zhimomi,PADDLE_SWEEP,3,3,1,3.0,100.0,India
10552,429738,Lakshan Sandakan,COVER_DRIVE,3,7,1,3.0,42.86,Sri Lanka
10553,40618,Imran Tahir,DEFENDED,3,23,2,1.5,13.04,South Africa
10554,259551,Junaid Khan,VERTICAL_FORWARD_ATTACK,3,7,1,3.0,42.86,Pakistan
10555,1125958,Atharva Taide,PADDLE_SWEEP,3,2,1,3.0,150.0,India
10556,470633,Tom Kohler-Cadmore,FORWARD_DEFENCE,3,85,1,3.0,3.53,England
10557,360911,Varun Aaron,STEERED,3,4,1,3.0,75.0,India
10558,922943,Shadab Khan,DROP_AND_RUN,3,4,1,3.0,75.0,Pakistan
10559,1148589,Freddie Heldreich,PULL_HOOK_ON_BACK_FOOT,3,5,1,3.0,60.0,England
10560,376324,Anureet Singh,STEERED,3,4,1,3.0,75.0,India
10561,956033,Girinath Reddy,PULL,3,3,1,3.0,100.0,India
10562,353899,Michael Richardson,FORWARD_DEFENCE,3,30,4,0.75,10.0,Germany
10563,1126213,Ninad Rathva,PULL,3,4,1,3.0,75.0,India
10564,549947,Al-Amin,PUSH,3,7,1,3.0,42.86,Bangladesh
10565,517549,Michael Burgess,FORWARD_DEFENCE,3,26,2,1.5,11.54,England
10566,495551,Sheldon Cottrell,DEFENDED,3,10,2,1.5,30.0,West Indies
10567,537124,Gurkeerat Singh Mann,DEFENDED,3,23,1,3.0,13.04,India
10568,1200126,Ben Kellaway,VERTICAL_FORWARD_ATTACK,3,7,1,3.0,42.86,England
10569,637163,Aron Nijjar,PUSH_SHOT,3,5,1,3.0,60.0,England
10570,330408,Chris Barnwell,SLOG_SHOT,3,8,3,1.0,37.5,West Indies
10571,330902,Mustafizur Rahman,DEFENDED,3,27,3,1.0,11.11,Bangladesh
10572,641395,Sam Pearce,PUSH_SHOT,3,4,1,3.0,75.0,England
10573,878465,Mehedi Hasan Rana,FLICK,3,5,1,3.0,60.0,Bangladesh
10574,332980,Charles Amini,REVERSE_SWEEP,3,4,1,3.0,75.0,Papua New Guinea
10575,774223,Jhye Richardson,LEFT_ALONE,3,3,1,3.0,100.0,Australia
10576,417381,Andy McBrine,SLOG_SHOT,3,3,1,3.0,100.0,Ireland
10577,19274,Steven Patterson,VERTICAL_FORWARD_ATTACK,3,6,2,1.5,50.0,England
10578,21440,John Simpson,FORWARD_DEFENCE,3,41,1,3.0,7.32,England
10579,641405,Ryan Davies,PUSH_SHOT,3,9,2,1.5,33.33,England
10580,44956,Grant Elliott,SLOG_SHOT,3,6,2,1.5,50.0,New Zealand
10581,878465,Mehedi Hasan Rana,PULL,3,4,1,3.0,75.0,Bangladesh
10582,45390,Tim Groenewald,CUT_SHOT_ON_BACK_FOOT,3,5,1,3.0,60.0,England
10583,627623,Charlie Wakim,FLICK,3,4,1,3.0,75.0,Australia
10584,407875,Craig Miles,PUSH_SHOT,3,6,1,3.0,50.0,England
10585,1080812,Danru Ferns,CUT_SHOT,3,4,2,1.5,75.0,New Zealand
10586,233482,Tim Ludeman,PULL,3,5,1,3.0,60.0,Australia
10587,1094569,Dillon Pennington,PUSH_SHOT,3,4,1,3.0,75.0,England
10588,324358,Nuwan Pradeep,PULL,3,5,1,3.0,60.0,Sri Lanka
10589,1083464,Pratham Singh,PULL,3,3,1,3.0,100.0,India
10590,633428,Mohammad Ghazanfar,ON_DRIVE,3,6,2,1.5,50.0,Hong Kong
10591,1089962,Patrick Dooley,SLOG_SHOT,3,4,2,1.5,75.0,Australia
10592,7069,Steve O'Keefe,DEFENDED,3,10,2,1.5,30.0,Australia
10593,633362,Sharafuddin Ashraf,PULL,3,4,1,3.0,75.0,Afghanistan
10594,887207,Ollie Pope,FORWARD_DEFENCE,3,14,1,3.0,21.43,England
10595,1088610,Jack Edwards,SLOG_SWEEP,3,3,1,3.0,100.0,Australia
10596,47015,Jacques Rudolph,BACK_DEFENCE,3,17,1,3.0,17.65,South Africa
10597,437316,Dasun Shanaka,LEFT_ALONE,3,28,1,3.0,10.71,Sri Lanka
10598,288284,Josh Hazlewood,SQUARE_DRIVE,3,4,1,3.0,75.0,Australia
10599,328026,Isuru Udana,DEFENDED,3,25,1,3.0,12.0,Sri Lanka
10600,891517,Pat Brown,CUT_SHOT_ON_BACK_FOOT,3,8,1,3.0,37.5,England
10601,1218226,Muhammad Faizan,PUSH,3,9,1,3.0,33.33,Pakistan
10602,637149,Liam Hurt,VERTICAL_FORWARD_ATTACK,3,6,1,3.0,50.0,England
10603,326017,Siddarth Kaul,FLICK,3,3,1,3.0,100.0,India
10604,897549,Will Jacks,FORWARD_DEFENCE,3,27,1,3.0,11.11,England
10605,1217274,Sathaiya Veerapathiran,SWEEP_SHOT,3,7,1,3.0,42.86,Bahrain
10606,333782,Timm van der Gugten,FORWARD_DEFENCE,3,7,1,3.0,42.86,Netherlands
10607,642525,Sarfaraz Khan,DEFENDED,3,39,1,3.0,7.69,India
10608,877051,Tom Banton,FORWARD_DEFENCE,3,49,1,3.0,6.12,England
10609,425692,Billy Root,FORWARD_DEFENCE,3,15,1,3.0,20.0,England
10610,434429,Aamer Yamin,FLICK,3,7,2,1.5,42.86,Pakistan
10611,1287029,Bipin Saurabh,STEERED,3,5,1,3.0,60.0,India
10612,47660,Ryan ten Doeschate,BACK_DEFENCE,3,17,1,3.0,17.65,Netherlands
10613,247235,Chris Woakes,SLOG_SWEEP,3,4,2,1.5,75.0,England
10614,229225,Kashif Daud,FLICK,3,4,1,3.0,75.0,United Arab Emirates
10615,381030,Gihahn Cloete,REVERSE_SWEEP,3,7,1,3.0,42.86,South Africa
10616,990147,Akbar Ali,PUSH,3,5,1,3.0,60.0,Bangladesh
10617,47850,Roelof van der Merwe,FORWARD_DEFENCE,3,15,1,3.0,20.0,Netherlands
10618,31820,Ashish Nehra,ON_DRIVE,3,8,1,3.0,37.5,India
10619,31872,Shahbaz Nadeem,ON_DRIVE,3,8,2,1.5,37.5,India
10620,521637,Ben Duckett,BACK_DEFENCE,3,35,1,3.0,8.57,England
10621,500360,Akshdeep Nath,STEERED,3,7,1,3.0,42.86,India
10622,473191,Richard Gleeson,PUSH,3,5,1,3.0,60.0,England
10623,446548,Scott Boland,COVER_DRIVE,3,7,1,3.0,42.86,Australia
10624,774219,Matthew Kuhnemann,COVER_DRIVE,3,5,1,3.0,60.0,Australia
10625,55944,Jahurul Islam,CUT_SHOT,3,13,1,3.0,23.08,Bangladesh
10626,1096092,Jamie Smith,FORWARD_DEFENCE,3,21,2,1.5,14.29,England
10627,473191,Richard Gleeson,PUSH_SHOT,3,6,1,3.0,50.0,England
10628,212756,Sachith Pathirana,COVER_DRIVE,2,3,1,2.0,66.67,Sri Lanka
10629,717373,Amad Butt,CUT_SHOT,2,4,1,2.0,50.0,Pakistan
10630,455463,Aamir Kaleem,SWEEP_SHOT,2,4,2,1.0,50.0,Oman
10631,261354,Nathan Coulter-Nile,LEG_GLANCE,2,3,1,2.0,66.67,Australia
10632,290632,Sreenath Aravind,SWEEP_SHOT,2,3,1,2.0,66.67,India
10633,512627,Harry Finch,REVERSE_SWEEP,2,5,1,2.0,40.0,England
10634,774219,Matthew Kuhnemann,FLICK,2,6,1,2.0,33.33,Australia
10635,495551,Sheldon Cottrell,PUSH,2,6,2,1.0,33.33,West Indies
10636,952207,Sinethemba Qeshile,ON_DRIVE,2,4,1,2.0,50.0,South Africa
10637,13533,Andrew Gale,REVERSE_SWEEP,2,5,1,2.0,40.0,England
10638,436757,Heinrich Klaasen,DEFENDED,2,68,2,1.0,2.94,South Africa
10639,56025,Mahmudullah,LEFT_ALONE,2,40,2,1.0,5.0,Bangladesh
10640,56025,Mahmudullah,UPPER_CUT,2,2,1,2.0,100.0,Bangladesh
10641,512191,Fakhar Zaman,REVERSE_SWEEP,2,6,1,2.0,33.33,Pakistan
10642,13533,Andrew Gale,FORWARD_DEFENCE,2,12,1,2.0,16.67,England
10643,211855,Liam Dawson,REVERSE_SWEEP,2,4,1,2.0,50.0,England
10644,805235,Himmat Singh,ON_DRIVE,2,3,1,2.0,66.67,India
10645,299572,Sikandar Raza,RAMP,2,4,1,2.0,50.0,Zimbabwe
10646,1241280,Nilansh Keswani,PULL,2,3,1,2.0,66.67,United Arab Emirates
10647,806239,Brandon Mavuta,ON_DRIVE,2,3,1,2.0,66.67,Zimbabwe
10648,402245,Amir Hamza,PUSH,2,6,1,2.0,33.33,Afghanistan
10649,211855,Liam Dawson,SWEEP_SHOT,2,4,1,2.0,50.0,England
10650,721041,Dushan Hemantha,ON_DRIVE,2,2,1,2.0,100.0,Sri Lanka
10651,492762,Utkarsh Jain,ON_DRIVE,2,3,1,2.0,66.67,
10652,826689,Pramod Madushan,FLICK,2,3,1,2.0,66.67,Sri Lanka
10653,1168651,Haider Ali,SWEEP,2,6,2,1.0,33.33,Pakistan
10654,19264,Liam Plunkett,BACK_DEFENCE,2,3,1,2.0,66.67,United States of America
10655,766809,Jordan Thompson,PUSH,2,7,1,2.0,28.57,England
10656,269332,Muktar Ali,CUT_SHOT,2,3,1,2.0,66.67,Bangladesh
10657,774217,Clint Hinchliffe,SLOG_SHOT,2,9,6,0.33,22.22,Australia
10658,1042145,Harry Came,BACK_DEFENCE,2,9,1,2.0,22.22,England
10659,300073,Ned Eckersley,FORWARD_DEFENCE,2,13,1,2.0,15.38,England
10660,268740,Seekkuge Prasanna,PUSH,2,6,1,2.0,33.33,Sri Lanka
10661,524094,Rajesh Pulami,SLOG_SHOT,2,3,1,2.0,66.67,Nepal
10662,526021,Cole McConchie,DAB,2,4,1,2.0,50.0,New Zealand
10663,401537,Kinchit Shah,SLOG_SWEEP,2,2,1,2.0,100.0,Hong Kong
10664,720465,Virat Singh,ON_DRIVE,2,4,1,2.0,50.0,India
10665,11724,Rikki Clarke,FORWARD_DEFENCE,2,20,1,2.0,10.0,England
10666,1175441,Ravi Bishnoi,SLOG_SHOT,2,4,1,2.0,50.0,India
10667,807535,Brad Wheal,VERTICAL_FORWARD_ATTACK,2,6,1,2.0,33.33,Scotland
10668,392945,Donald Tiripano,STEERED,2,4,1,2.0,50.0,Zimbabwe
10669,494581,Rahkeem Cornwall,DEFENDED,2,47,2,1.0,4.26,West Indies
10670,959827,Jason Sangha,SWEEP_SHOT,2,6,1,2.0,33.33,Australia
10671,25051,Mahuru Dai,SLOG_SHOT,2,2,1,2.0,100.0,Papua New Guinea
10672,1171127,Haseebullah Khan,SWEEP_SHOT,2,3,1,2.0,66.67,Pakistan
10673,960361,Sandeep Lamichhane,CUT_SHOT,2,6,1,2.0,33.33,Nepal
10674,277955,Dhawal Kulkarni,CUT_SHOT,2,3,1,2.0,66.67,India
10675,792519,Dhananjaya Lakshan,CUT_SHOT,2,5,1,2.0,40.0,Sri Lanka
10676,948435,Khanya Cotani,ON_DRIVE,2,7,1,2.0,28.57,South Africa
10677,959833,Wes Agar,PULL,2,4,1,2.0,50.0,Australia
10678,784375,Lahiru Kumara,COVER_DRIVE,2,3,1,2.0,66.67,Sri Lanka
10679,1027867,Lasith Croospulle,SLOG_SWEEP,2,4,1,2.0,50.0,Sri Lanka
10680,460079,Miles Hammond,BACK_DEFENCE,2,9,1,2.0,22.22,England
10681,748793,Joe Weatherley,FLICK,2,3,1,2.0,66.67,England
10682,974109,Mujeeb Ur Rahman,SQUARE_DRIVE,2,4,1,2.0,50.0,Afghanistan
10683,293831,Regis Chakabva,DEFENDED,2,24,2,1.0,8.33,Zimbabwe
10684,1027867,Lasith Croospulle,DEFENDED,2,22,1,2.0,9.09,Sri Lanka
10685,1246509,Bidash Chingakham,FLICK,2,2,1,2.0,100.0,India
10686,524843,Matt Salisbury,VERTICAL_FORWARD_ATTACK,2,6,1,2.0,33.33,England
10687,961713,Riley Meredith,FLICK,2,3,1,2.0,66.67,Australia
10688,296597,James Vince,REVERSE_SWEEP,2,5,2,1.0,40.0,England
10689,56167,Ziaur Rahman,DEFENDED,2,31,1,2.0,6.45,Bangladesh
10690,785323,Nathan McAndrew,PUSH_SHOT,2,3,1,2.0,66.67,Australia
10691,824541,Jaker Ali,DEFENDED,2,44,3,0.67,4.55,Bangladesh
10692,1216350,Wil Parker,ON_DRIVE,2,2,1,2.0,100.0,Australia
10693,1206110,Kevin Sinclair,ON_DRIVE,2,6,1,2.0,33.33,West Indies
10694,417381,Andy McBrine,CUT_SHOT,2,4,1,2.0,50.0,Ireland
10695,56154,Shamsur Rahman,DEFENDED,2,18,1,2.0,11.11,Bangladesh
10696,788101,Tom Moores,SQUARE_DRIVE,2,5,1,2.0,40.0,England
10697,521637,Ben Duckett,DROP_AND_RUN,2,6,1,2.0,33.33,England
10698,16406,Michael Lumb,SWEEP,2,4,1,2.0,50.0,England
10699,1206110,Kevin Sinclair,DEFENDED,2,9,1,2.0,22.22,West Indies
10700,1246455,Mohit Raut,ON_DRIVE,2,3,1,2.0,66.67,India
10701,294062,Luke Procter,FORWARD_DEFENCE,2,5,2,1.0,40.0,England
10702,55412,Craig Ervine,DAB,2,9,1,2.0,22.22,Zimbabwe
10703,519070,Gerhard Erasmus,DEFENDED,2,28,2,1.0,7.14,Namibia
10704,459754,Lewis Hill,BACK_DEFENCE,2,6,1,2.0,33.33,England
10705,793447,Naveen-ul-Haq,CUT_SHOT_ON_BACK_FOOT,2,2,1,2.0,100.0,Afghanistan
10706,11728,Alastair Cook,PULL_HOOK_ON_BACK_FOOT,2,2,1,2.0,100.0,England
10707,723105,Rinku Singh,DEFENDED,2,38,1,2.0,5.26,India
10708,722597,Akash Vasisht,SLOG_SHOT,2,4,2,1.0,50.0,India
10709,392945,Donald Tiripano,SLOG_SHOT,2,3,2,1.0,66.67,Zimbabwe
10710,989749,SM Meherob,FLICK,2,4,1,2.0,50.0,
10711,498585,David Bedingham,FORWARD_DEFENCE,2,15,4,0.5,13.33,South Africa
10712,1209292,Vaibhav Arora,ON_DRIVE,2,4,1,2.0,50.0,India
10713,393279,Marchant de Lange,PULL,2,2,1,2.0,100.0,South Africa
10714,1168743,Sagar Udeshi,COVER_DRIVE,2,4,1,2.0,50.0,India
10715,290948,Mohammad Amir,SLOG_SWEEP,2,4,2,1.0,50.0,Pakistan
10716,826679,Sam Heazlett,DEFENDED,2,24,2,1.0,8.33,Australia
10717,272477,Jason Behrendorff,CUT_SHOT,2,5,1,2.0,40.0,Australia
10718,493773,Lockie Ferguson,STEERED,2,3,1,2.0,66.67,New Zealand
10719,1166910,Piyush Joshi,PULL,2,4,1,2.0,50.0,India
10720,793447,Naveen-ul-Haq,DEFENDED,2,35,2,1.0,5.71,Afghanistan
10721,793447,Naveen-ul-Haq,FORWARD_DEFENCE,2,9,2,1.0,22.22,Afghanistan
10722,25057,Kila Pala,SWEEP_SHOT,2,2,1,2.0,100.0,Papua New Guinea
10723,793447,Naveen-ul-Haq,LEG_GLANCE,2,5,1,2.0,40.0,Afghanistan
10724,959789,Hassan Khan,STEERED,2,3,1,2.0,66.67,United States of America
10725,793447,Naveen-ul-Haq,SLOG_SHOT,2,11,2,1.0,18.18,Afghanistan
10726,784367,Charith Asalanka,PADDLE_SWEEP,2,3,1,2.0,66.67,Sri Lanka
10727,732269,Upendra Yadav,SQUARE_DRIVE,2,4,1,2.0,50.0,India
10728,749693,Derval Green,PULL,2,6,1,2.0,33.33,West Indies
10729,25051,Mahuru Dai,CUT_SHOT,2,5,1,2.0,40.0,Papua New Guinea
10730,56053,Nadif Chowdhury,STRAIGHT_DRIVE,2,2,1,2.0,100.0,Bangladesh
10731,781705,Salman Irshad,SLOG_SHOT,2,6,3,0.67,33.33,Pakistan
10732,24609,Gary Wilson,SLOG_SHOT,2,5,2,1.0,40.0,Ireland
10733,459508,Andrew Tye,SWEEP,2,2,1,2.0,100.0,Australia
10734,464626,Craig Overton,FLICK,2,2,1,2.0,100.0,England
10735,344580,Shreyas Gopal,DEFENDED,2,16,2,1.0,12.5,India
10736,343548,Raza Hasan,FLICK,2,4,1,2.0,50.0,Pakistan
10737,379504,Adam Zampa,REVERSE_SWEEP,2,3,1,2.0,66.67,Australia
10738,428366,Lahiru Madushanka,COVER_DRIVE,2,3,1,2.0,66.67,Sri Lanka
10739,1152410,Navod Paranavithana,CUT_SHOT,2,3,1,2.0,66.67,Sri Lanka
10740,1339019,F Lalmuanzuala,PULL,2,3,1,2.0,66.67,India
10741,1339019,F Lalmuanzuala,ON_DRIVE,2,5,1,2.0,40.0,India
10742,232435,Calum MacLeod,SLOG_SWEEP,2,3,1,2.0,66.67,Scotland
10743,1337353,Abdullah Bayoumy,PULL,2,5,3,0.67,40.0,South Africa
10744,1112537,Jordan Cox,FORWARD_DEFENCE,2,25,1,2.0,8.0,England
10745,471342,Krunal Pandya,DAB,2,6,2,1.0,33.33,India
10746,1111917,Darshan Nalkande,PULL,2,3,1,2.0,66.67,India
10747,339095,Dieter Klein,LEG_GLANCE,2,6,3,0.67,33.33,Germany
10748,425943,Sanju Samson,PUSH_SHOT,2,4,1,2.0,50.0,India
10749,6033,Mitchell Johnson,CUT_SHOT,2,6,1,2.0,33.33,Australia
10750,43590,Wahab Riaz,LEFT_ALONE,2,9,1,2.0,22.22,Pakistan
10751,603411,Jay Lenton,SLOG_SHOT,2,4,1,2.0,50.0,Australia
10752,1108375,Varun Chakravarthy,FLICK,2,6,2,1.0,33.33,India
10753,340854,Harpreet Singh,PUSH,2,11,1,2.0,18.18,India
10754,902447,Dale Phillips,CUT_SHOT,2,6,2,1.0,33.33,New Zealand
10755,1196500,Zawar Farid,SLOG_SWEEP,2,4,1,2.0,50.0,United Arab Emirates
10756,232364,Tim Southee,SWEEP_SHOT,2,2,1,2.0,100.0,New Zealand
10757,1122853,Tony Munyonga,SLOG_SWEEP,2,3,1,2.0,66.67,Zimbabwe
10758,232435,Calum MacLeod,BACK_DEFENCE,2,10,1,2.0,20.0,Scotland
10759,926651,Joshua Ozukum,PULL,2,3,1,2.0,66.67,India
10760,1344838,Atif-Ur-Rehman,FLICK,2,2,1,2.0,100.0,Saudi Arabia
10761,444135,Sohag Gazi,STRAIGHT_DRIVE,2,5,1,2.0,40.0,Bangladesh
10762,1122918,Kartik Tyagi,FLICK,2,4,1,2.0,50.0,India
10763,595783,Ajaz Patel,FLICK,2,5,1,2.0,40.0,New Zealand
10764,543449,Ajay Lalcheta,PULL,2,3,1,2.0,66.67,Oman
10765,42639,Shahid Afridi,PUSH,2,4,1,2.0,50.0,Pakistan
10766,1151288,Sai Sudharsan,LEFT_ALONE,2,18,1,2.0,11.11,India
10767,596375,Tarisai Musakanda,SWEEP_SHOT,2,4,1,2.0,50.0,Zimbabwe
10768,906053,Tom Scriven,LEG_GLANCE,2,3,1,2.0,66.67,England
10769,1196500,Zawar Farid,FLICK,2,3,1,2.0,66.67,United Arab Emirates
10770,414397,Hamza Tariq,ON_DRIVE,2,4,1,2.0,50.0,Canada
10771,1121574,Kunal Chandela,COVER_DRIVE,2,5,2,1.0,40.0,India
10772,45705,Colin Ingram,LEFT_ALONE,2,25,1,2.0,8.0,South Africa
10773,537126,Barinder Sran,SLOG_SHOT,2,5,1,2.0,40.0,India
10774,331373,Fraser Colson,STEERED,2,3,1,2.0,66.67,New Zealand
10775,331373,Fraser Colson,SLOG_SHOT,2,3,1,2.0,66.67,New Zealand
10776,1158100,Mohammad Hasnain,STEERED,2,6,1,2.0,33.33,Pakistan
10777,1158100,Mohammad Hasnain,SWEEP_SHOT,2,3,1,2.0,66.67,Pakistan
10778,474760,Chundangapoyil Rizwan,LEG_GLANCE,2,3,1,2.0,66.67,United Arab Emirates
10779,332937,Jahmar Hamilton,COVER_DRIVE,2,2,1,2.0,100.0,West Indies
10780,500360,Akshdeep Nath,PUSH,2,5,1,2.0,40.0,India
10781,892749,Tim David,UPPER_CUT,2,3,1,2.0,66.67,Australia
10782,446548,Scott Boland,SLOG_SHOT,2,2,1,2.0,100.0,Australia
10783,45789,Jacques Kallis,PULL,2,3,2,1.0,66.67,South Africa
10784,46148,Richard Levi,FORWARD_DEFENCE,2,54,2,1.0,3.7,South Africa
10785,380355,Habibur Rahman,CUT_SHOT,2,3,1,2.0,66.67,Bangladesh
10786,31107,Amit Mishra,COVER_DRIVE,2,6,3,0.67,33.33,India
10787,6683,Shaun Marsh,SWEEP_SHOT,2,6,2,1.0,33.33,Australia
10788,457279,Olly Stone,PUSH_SHOT,2,6,1,2.0,33.33,England
10789,327947,Dane Paterson,SLOG_SHOT,2,2,1,2.0,100.0,South Africa
10790,329845,Mizanur Rahman,SLOG_SHOT,2,2,1,2.0,100.0,Bangladesh
10791,329845,Mizanur Rahman,PUSH,2,6,1,2.0,33.33,Bangladesh
10792,425639,Tendai Chatara,FLICK,2,4,1,2.0,50.0,Zimbabwe
10793,1295842,Campbell Kellaway,PULL,2,3,1,2.0,66.67,Australia
10794,459257,Tymal Mills,ON_DRIVE,2,11,2,1.0,18.18,England
10795,43906,Hashim Amla,HOOK,2,4,1,2.0,50.0,South Africa
10796,901155,Liam Hatcher,CUT_SHOT,2,4,1,2.0,50.0,Australia
10797,232491,Anwar Ali,DEFENDED,2,10,1,2.0,20.0,Pakistan
10798,229225,Kashif Daud,COVER_DRIVE,2,4,1,2.0,50.0,United Arab Emirates
10799,31872,Shahbaz Nadeem,FLICK,2,5,1,2.0,40.0,India
10800,605360,Akshay Wadkar,SLOG_SHOT,2,5,1,2.0,40.0,India
10801,1199393,Abdul Bangalzai,ON_DRIVE,2,6,1,2.0,33.33,Pakistan
10802,43590,Wahab Riaz,SWEEP_SHOT,2,5,1,2.0,40.0,Pakistan
10803,1199393,Abdul Bangalzai,PULL,2,4,1,2.0,50.0,Pakistan
10804,334388,Liam O'Connor,ON_DRIVE,2,3,1,2.0,66.67,Australia
10805,1155253,Luvnith Sisodia,SLOG_SHOT,2,2,1,2.0,100.0,India
10806,457280,Adam Rossington,BACK_DEFENCE,2,29,1,2.0,6.9,England
10807,1301896,Piyush Dahiya,SLOG_SHOT,2,3,1,2.0,66.67,India
10808,538506,Taskin Ahmed,DEFENDED,2,24,2,1.0,8.33,Bangladesh
10809,897549,Will Jacks,DAB,2,5,1,2.0,40.0,England
10810,31820,Ashish Nehra,SLOG_SHOT,2,4,1,2.0,50.0,India
10811,1312645,Harshit Rana,ON_DRIVE,2,1,1,2.0,200.0,India
10812,1153767,Vikramjit Singh,PUSH,2,12,1,2.0,16.67,Netherlands
10813,539304,Babar Hayat,DEFENDED,2,38,1,2.0,5.26,Hong Kong
10814,1153767,Vikramjit Singh,SLOG_SHOT,2,2,1,2.0,100.0,Netherlands
10815,1123718,Spencer Johnson,ON_DRIVE,2,4,1,2.0,50.0,Australia
10816,4498,Aiden Blizzard,ON_DRIVE,2,3,1,2.0,66.67,Australia
10817,230557,William Perkins,PULL,2,3,1,2.0,66.67,West Indies
10818,562263,Robert O'Donnell,STEERED,2,3,1,2.0,66.67,New Zealand
10819,36581,Neil Broom,SQUARE_DRIVE,2,6,1,2.0,33.33,New Zealand
10820,566685,Ben Coad,PULL_HOOK_ON_BACK_FOOT,2,2,1,2.0,100.0,England
10821,501907,Daryn Dupavillon,PULL,2,2,1,2.0,100.0,South Africa
10822,4498,Aiden Blizzard,FLICK,2,4,1,2.0,50.0,Australia
10823,38373,Jesse Ryder,FORWARD_DEFENCE,2,17,1,2.0,11.76,New Zealand
10824,559235,Kuldeep Yadav,REVERSE_SWEEP,2,6,1,2.0,33.33,India
10825,1129633,Max Chu,CUT_SHOT,2,5,1,2.0,40.0,New Zealand
10826,359184,Tom Lewis,PULL_HOOK_ON_BACK_FOOT,2,7,1,2.0,28.57,England
10827,501012,Joel Paris,PUSH,2,6,1,2.0,33.33,Australia
10828,1129639,Callum McLachlan,FLICK,2,4,1,2.0,50.0,New Zealand
10829,361162,Chanaka Ruwansiri,ON_DRIVE,2,3,1,2.0,66.67,Sri Lanka
10830,36581,Neil Broom,FORWARD_DEFENCE,2,15,2,1.0,13.33,New Zealand
10831,1145103,Oliver Carter,VERTICAL_FORWARD_ATTACK,2,3,1,2.0,66.67,England
10832,468573,Ross Adair,PUSH,2,6,1,2.0,33.33,Ireland
10833,466090,Shaylen Pillay,COVER_DRIVE,2,7,1,2.0,28.57,South Africa
10834,1138316,Maheesh Theekshana,SQUARE_DRIVE,2,6,1,2.0,33.33,Sri Lanka
10835,465793,Dhananjaya de Silva,REVERSE_SWEEP,2,5,1,2.0,40.0,Sri Lanka
10836,1428999,Vimukthi Viraj,PUSH,2,5,1,2.0,40.0,
10837,458895,Andrew Salter,FORWARD_DEFENCE,2,15,2,1.0,13.33,England
10838,919525,Akbar Khan,SWEEP_SHOT,2,3,1,2.0,66.67,Hong Kong
10839,370040,Jeffrey Vandersay,PULL,2,4,2,1.0,50.0,Sri Lanka
10840,550215,Kagiso Rabada,VERTICAL_FORWARD_ATTACK,2,4,1,2.0,50.0,South Africa
10841,555855,Harry Conway,FLICK,2,3,1,2.0,66.67,Australia
10842,1414161,Samal Udawaththa,PULL,2,2,1,2.0,100.0,United Arab Emirates
10843,370040,Jeffrey Vandersay,CUT_SHOT,2,5,2,1.0,40.0,Sri Lanka
10844,370034,Ben Stevens,SLOG_SHOT,2,2,1,2.0,100.0,Jersey
10845,550215,Kagiso Rabada,SQUARE_DRIVE,2,3,1,2.0,66.67,South Africa
10846,469802,Brett Hutton,PULL_HOOK_ON_BACK_FOOT,2,4,2,1.0,50.0,England
10847,1125317,Lance Morris,COVER_DRIVE,2,3,1,2.0,66.67,Australia
10848,429668,Imal Liyanage,SLOG_SHOT,2,3,1,2.0,66.67,Qatar
10849,1192940,Shiraz Khan,CUT_SHOT,2,10,1,2.0,20.0,Kuwait
10850,464702,Diego Rosier,STRAIGHT_DRIVE,2,3,1,2.0,66.67,South Africa
10851,1192940,Shiraz Khan,FLICK,2,6,2,1.0,33.33,Kuwait
10852,40618,Imran Tahir,LEG_GLANCE,2,3,1,2.0,66.67,South Africa
10853,911707,Harry Brook,FORWARD_DEFENCE,2,23,1,2.0,8.7,England
10854,926597,Aminul Islam,FLICK,2,4,1,2.0,50.0,Bangladesh
10855,595036,Bamanye Xenxe,COVER_DRIVE,2,5,1,2.0,40.0,South Africa
10856,348152,Usman Qadir,SLOG_SWEEP,2,3,1,2.0,66.67,Pakistan
10857,595267,Matthew Breetzke,PADDLE_SWEEP,2,3,1,2.0,66.67,South Africa
10858,348148,Mohammad Nawaz,UPPER_CUT,2,5,1,2.0,40.0,Pakistan
10859,594235,Tshepo Moreki,ON_DRIVE,2,2,1,2.0,100.0,South Africa
10860,444135,Sohag Gazi,SLOG_SHOT,2,5,1,2.0,40.0,Bangladesh
10861,464702,Diego Rosier,PUSH,2,6,1,2.0,33.33,South Africa
10862,1124283,Aaron Hardie,DEFENDED,2,60,2,1.0,3.33,Australia
10863,1388460,Rahul Chopra,PUSH,2,7,1,2.0,28.57,
10864,429738,Lakshan Sandakan,STRAIGHT_DRIVE,2,2,1,2.0,100.0,Sri Lanka
10865,353429,Shiv Thakor,BACK_DEFENCE,2,6,1,2.0,33.33,England
10866,458897,Ruaidhri Smith,LEG_GLANCE,2,6,1,2.0,33.33,Scotland
10867,230861,Malusi Siboto,SLOG_SHOT,2,3,1,2.0,66.67,South Africa
10868,1397989,Bukhar Illikkal,CUT_SHOT,2,2,1,2.0,100.0,Qatar
10869,230861,Malusi Siboto,FLICK,2,3,1,2.0,66.67,South Africa
10870,1126213,Ninad Rathva,SLOG_SHOT,2,2,1,2.0,100.0,India
10871,1148776,Arjun Tendulkar,SLOG_SHOT,2,3,1,2.0,66.67,India
10872,352216,Peter Gough,SLOG_SHOT,2,5,1,2.0,40.0,Jersey
10873,1150021,Matthew Revis,LEG_GLANCE,2,4,1,2.0,50.0,England
10874,1369833,Amir Farooq,SLOG_SWEEP,2,3,1,2.0,66.67,
10875,585081,Khawar Ali,PULL,2,3,1,2.0,66.67,Oman
10876,1369833,Amir Farooq,FLICK,2,5,1,2.0,40.0,
10877,585081,Khawar Ali,STEERED,2,5,1,2.0,40.0,Oman
10878,581160,Khary Pierre,PUSH,2,7,1,2.0,28.57,West Indies
10879,232292,Swapnil Singh,FLICK,2,6,2,1.0,33.33,India
10880,315035,Sybrand Engelbrecht,FLICK,2,3,1,2.0,66.67,Netherlands
10881,462727,Tom Abell,FORWARD_DEFENCE,2,17,1,2.0,11.76,England
10882,629084,Ramesh Mendis,CUT_SHOT,2,4,1,2.0,50.0,Sri Lanka
10883,422593,Daniel Bell-Drummond,NO_SHOT,2,22,1,2.0,9.09,England
10884,315586,Chadwick Walton,LEFT_ALONE,2,31,1,2.0,6.45,West Indies
10885,52917,Denesh Ramdin,HOOK,2,3,1,2.0,66.67,West Indies
10886,227760,Sarfaraz Ahmed,HOOK,2,3,1,2.0,66.67,Pakistan
10887,422016,Matt Dixon,VERTICAL_FORWARD_ATTACK,2,3,1,2.0,66.67,Australia
10888,50205,Malinda Pushpakumara,CUT_SHOT,2,7,1,2.0,28.57,Sri Lanka
10889,24598,Eoin Morgan,LEFT_ALONE,2,32,1,2.0,6.25,England
10890,669365,Phil Salt,FORWARD_DEFENCE,2,29,2,1.0,6.9,England
10891,670045,Gudakesh Motie,PUSH,2,5,1,2.0,40.0,West Indies
10892,387046,Amir Ali,COVER_DRIVE,2,4,1,2.0,50.0,Oman
10893,1161038,Alishan Sharafu,DAB,2,6,1,2.0,33.33,United Arab Emirates
10894,698319,Beyers Swanepoel,PULL,2,3,1,2.0,66.67,South Africa
10895,52912,Ravi Rampaul,SLOG_SHOT,2,4,2,1.0,50.0,West Indies
10896,482478,Jan Frylinck,SLOG_SWEEP,2,3,1,2.0,66.67,Namibia
10897,932635,Nayeem Hasan,SLOG_SHOT,2,6,3,0.67,33.33,Bangladesh
10898,381743,Daryl Mitchell,DEFENDED,2,71,6,0.33,2.82,New Zealand
10899,1259996,James Sales,LEG_GLANCE,2,5,1,2.0,40.0,England
10900,659081,Mark Watt,SLOG_SHOT,2,8,6,0.33,25.0,Scotland
10901,1075863,Kamil Mishara,SLOG_SHOT,2,3,1,2.0,66.67,Sri Lanka
10902,1058987,Karthik Meiyappan,ON_DRIVE,2,3,1,2.0,66.67,United Arab Emirates
10903,227760,Sarfaraz Ahmed,REVERSE_SWEEP,2,2,1,2.0,100.0,Pakistan
10904,653033,Priyamal Perera,ON_DRIVE,2,3,1,2.0,66.67,Sri Lanka
10905,660889,Mason Crane,PUSH,2,3,1,2.0,66.67,England
10906,414970,Safyaan Sharif,PUSH,2,7,1,2.0,28.57,Scotland
10907,49700,Jeevan Mendis,SWEEP_SHOT,2,3,1,2.0,66.67,Sri Lanka
10908,303437,James Shannon,SWEEP_SHOT,2,4,1,2.0,50.0,Ireland
10909,862065,Felix Organ,SWEEP,2,2,1,2.0,100.0,England
10910,49638,Farveez Maharoof,ON_DRIVE,2,6,1,2.0,33.33,Sri Lanka
10911,662973,Sam Curran,FORWARD_DEFENCE,2,30,1,2.0,6.67,England
10912,308294,Stuart Poynter,PULL,2,4,2,1.0,50.0,Ireland
10913,308294,Stuart Poynter,FORWARD_DEFENCE,2,13,1,2.0,15.38,Ireland
10914,693975,Sahan Arachchige,PUSH,2,12,1,2.0,16.67,Sri Lanka
10915,308294,Stuart Poynter,DEFENDED,2,6,1,2.0,33.33,Ireland
10916,51782,Fidel Edwards,PUSH_SHOT,2,6,1,2.0,33.33,West Indies
10917,698189,Wiaan Mulder,SWEEP,2,7,1,2.0,28.57,South Africa
10918,486672,Theunis de Bruyn,DEFENDED,2,25,1,2.0,8.0,South Africa
10919,1070183,Abhishek Sharma,DEFENDED,2,65,2,1.0,3.08,India
10920,698199,Mitchell Van Buuren,SLOG_SHOT,2,8,4,0.5,25.0,South Africa
10921,8917,Moeen Ali,LEFT_ALONE,2,34,1,2.0,5.88,England
10922,459508,Andrew Tye,DEFENDED,2,10,2,1.0,20.0,Australia
10923,698143,Lutho Sipamla,FLICK,2,5,1,2.0,40.0,South Africa
10924,697059,Zakir Hasan,SQUARE_DRIVE,2,6,1,2.0,33.33,Bangladesh
10925,1263691,Rehan Ahmed,DROP_AND_RUN,2,2,1,2.0,100.0,England
10926,308251,David Willey,LEFT_ALONE,2,12,1,2.0,16.67,England
10927,422342,Siddhesh Lad,COVER_DRIVE,2,5,1,2.0,40.0,India
10928,9042,Gareth Batty,CUT_SHOT_ON_BACK_FOOT,2,6,1,2.0,33.33,England
10929,461632,Reece Topley,PUSH,2,4,1,2.0,50.0,England
10930,681801,Shakeel Ahmed,PULL,2,3,2,1.0,66.67,Oman
10931,1161043,Mohammed Faraazuddin,COVER_DRIVE,2,3,1,2.0,66.67,United Arab Emirates
10932,1161489,Rasikh Salam,PULL,2,4,2,1.0,50.0,India
10933,1070754,Andile Simelane,FLICK,2,3,1,2.0,66.67,South Africa
10934,51433,Samuel Badree,DEFENDED,2,15,1,2.0,13.33,West Indies
10935,671901,Mohammad Enamul,ON_DRIVE,2,3,1,2.0,66.67,Bangladesh
10936,1178065,Divan la Cock,FLICK,2,3,1,2.0,66.67,Namibia
10937,698315,Donovan Ferreira,LEG_GLANCE,2,4,1,2.0,50.0,South Africa
10938,51433,Samuel Badree,PULL,2,4,1,2.0,50.0,West Indies
10939,308408,Josh Cobb,SLOG_SHOT,2,4,1,2.0,50.0,England
10940,1273854,Bharat Sharma,PULL,2,3,1,2.0,66.67,India
10941,308408,Josh Cobb,PULL,2,3,1,2.0,66.67,England
10942,388678,Ben Dunk,REVERSE_SWEEP,2,14,2,1.0,14.29,Australia
10943,681305,Hasan Ali,CUT_SHOT,2,7,1,2.0,28.57,Pakistan
10944,308408,Josh Cobb,STRAIGHT_DRIVE,2,3,1,2.0,66.67,England
10945,681117,Faheem Ashraf,LEFT_ALONE,2,14,2,1.0,14.29,Pakistan
10946,388794,Michael Pollard,FLICK,2,4,1,2.0,50.0,New Zealand
10947,853265,Mahipal Lomror,DEFENDED,2,33,1,2.0,6.06,India
10948,637163,Aron Nijjar,SWEEP,2,4,1,2.0,50.0,England
10949,499660,Gurinder Sandhu,CUT_SHOT,2,5,1,2.0,40.0,Australia
10950,302208,Chidhambaram Gautam,ON_DRIVE,2,2,1,2.0,100.0,India
10951,326462,Jason Floros,COVER_DRIVE,2,5,1,2.0,40.0,Australia
10952,463668,Jake Lintott,COVER_DRIVE,2,4,1,2.0,50.0,England
10953,1081730,Matthew Gilkes,PADDLE_SWEEP,2,5,1,2.0,40.0,Australia
10954,1163490,Sumon Khan,FLICK,2,5,1,2.0,40.0,Bangladesh
10955,324358,Nuwan Pradeep,COVER_DRIVE,2,7,1,2.0,28.57,Sri Lanka
10956,641387,Max Holden,SWEEP_SHOT,2,4,1,2.0,50.0,England
10957,1254269,Aman Hakim Khan,PUSH,2,9,1,2.0,22.22,India
10958,53116,Lendl Simmons,RAMP,2,4,1,2.0,50.0,West Indies
10959,1287036,Jay Gohil,SLOG_SHOT,2,3,2,1.0,66.67,India
10960,1287369,Saurav Chauhan,CUT_SHOT,2,3,1,2.0,66.67,India
10961,931603,Brendan Doggett,CUT_SHOT,2,5,1,2.0,40.0,Australia
10962,641387,Max Holden,BACK_DEFENCE,2,19,1,2.0,10.53,England
10963,429981,Mohammad Irfan,DEFENDED,2,6,1,2.0,33.33,Pakistan
10964,535393,Senuran Muthusamy,SLOG_SWEEP,2,2,1,2.0,100.0,South Africa
10965,446763,Rahul Tripathi,LEFT_ALONE,2,26,1,2.0,7.69,India
10966,439288,Joe Mennie,PULL,2,2,1,2.0,100.0,Australia
10967,439288,Joe Mennie,ON_DRIVE,2,3,1,2.0,66.67,Australia
10968,6903,Clint McKay,PULL_HOOK_ON_BACK_FOOT,2,4,1,2.0,50.0,Australia
10969,326968,Michael Bracewell,REVERSE_SWEEP,2,4,1,2.0,50.0,New Zealand
10970,526441,Mark Adair,SLOG_SWEEP,2,5,2,1.0,40.0,Ireland
10971,424377,Krishnappa Gowtham,DEFENDED,2,9,2,1.0,22.22,India
10972,1046871,Lyndon James,SWEEP,2,3,1,2.0,66.67,England
10973,1159711,Shahbaz Ahmed,DEFENDED,2,19,2,1.0,10.53,India
10974,326625,Cameron Boyce,LEFT_ALONE,2,4,1,2.0,50.0,Australia
10975,1159591,Tom O'Connell,COVER_DRIVE,2,6,1,2.0,33.33,Australia
10976,221140,David Wiese,BACK_DEFENCE,2,8,1,2.0,25.0,Namibia
10977,1252585,Shubham Dubey,STEERED,2,3,1,2.0,66.67,India
10978,1292502,Raj Bawa,PUSH,2,5,1,2.0,40.0,India
10979,508442,Abdul Mazid,SLOG_SHOT,2,4,2,1.0,50.0,Bangladesh
10980,1083851,Suyash Prabhudessai,PADDLE_SWEEP,2,2,1,2.0,100.0,India
10981,887207,Ollie Pope,BACK_DEFENCE,2,4,1,2.0,50.0,England
10982,1048891,Aryaman Sunil,ON_DRIVE,2,5,1,2.0,40.0,Singapore
10983,1159808,Imliwati Lemtur,CUT_SHOT,2,3,1,2.0,66.67,India
10984,53115,Daren Sammy,BACK_DEFENCE,2,3,1,2.0,66.67,West Indies
10985,646003,Jack Burnham,BACK_DEFENCE,2,7,1,2.0,28.57,England
10986,1078697,Jeavor Royal,FLICK,2,3,1,2.0,66.67,West Indies
10987,302850,Willie Gavera,ON_DRIVE,2,3,1,2.0,66.67,Papua New Guinea
10988,431901,Evin Lewis,DAB,2,9,1,2.0,22.22,West Indies
10989,481803,Glenton Stuurman,PUSH,2,3,1,2.0,66.67,South Africa
10990,1058924,Nasrulla Rana,SLOG_SHOT,2,3,1,2.0,66.67,Hong Kong
10991,1076722,Will Sutherland,DEFENDED,2,14,1,2.0,14.29,Australia
10992,647785,Sahibzada Farhan,DEFENDED,2,30,1,2.0,6.67,Pakistan
10993,7898,Peter Siddle,LEG_GLANCE,2,4,2,1.0,50.0,Australia
10994,1058953,Jassim Khan,SLOG_SHOT,2,3,1,2.0,66.67,Qatar
10995,49289,Mahela Jayawardene,CUT_SHOT,2,2,1,2.0,100.0,Sri Lanka
10996,1159843,Kumar Kartikeya,FLICK,2,3,1,2.0,66.67,India
10997,837611,Henry Thornton,PULL,2,3,1,2.0,66.67,Australia
10998,533870,Nick Larkin,DEFENDED,2,42,1,2.0,4.76,Australia
10999,642531,Ricky Bhui,SLOG_SHOT,2,4,2,1.0,50.0,India
11000,1159742,Marimuthu Vikneshwaran,PULL,2,2,1,2.0,100.0,India
11001,420427,Sese Bau,SLOG_SWEEP,2,3,1,2.0,66.67,Papua New Guinea
11002,526492,Tom Sole,LEG_GLANCE,2,6,1,2.0,33.33,Scotland
11003,642519,Shreyas Iyer,LEFT_ALONE,2,56,1,2.0,3.57,India
11004,642523,Mohammad Saif,FLICK,2,6,2,1.0,33.33,India
11005,319758,Karim Sadiq,SLOG_SHOT,2,3,2,1.0,66.67,Afghanistan
11006,707113,Tom Bruce,HOOK,2,2,1,2.0,100.0,New Zealand
11007,381030,Gihahn Cloete,STRAIGHT_DRIVE,2,4,1,2.0,50.0,South Africa
11008,1181708,Nick Greenwood,SLOG_SHOT,2,2,1,2.0,100.0,Jersey
11009,53116,Lendl Simmons,LEFT_ALONE,2,90,1,2.0,2.22,West Indies
11010,1193533,Jock McKenzie,COVER_DRIVE,1,3,1,1.0,33.33,
11011,922941,Abdullah Shafique,SLOG_SWEEP,1,2,1,1.0,50.0,Pakistan
11012,949205,Salman Khan,SLOG_SHOT,1,2,1,1.0,50.0,India
11013,501345,Darshan Misal,CUT_SHOT,1,2,1,1.0,50.0,India
11014,1175488,Dhruv Jurel,SWEEP_SHOT,1,3,1,1.0,33.33,India
11015,946367,Michael Copeland,FLICK,1,3,1,1.0,33.33,South Africa
11016,24289,Niall O'Brien,BACK_DEFENCE,1,6,1,1.0,16.67,Ireland
11017,1190568,Max Harris,VERTICAL_FORWARD_ATTACK,1,2,1,1.0,50.0,England
11018,1175478,Yashasvi Rishav,STEERED,1,3,1,1.0,33.33,India
11019,414973,Ollie Hairs,STRAIGHT_DRIVE,1,2,1,1.0,50.0,Scotland
11020,931603,Brendan Doggett,SLOG_SHOT,1,2,1,1.0,50.0,Australia
11021,24237,John Mooney,CUT_SHOT,1,2,1,1.0,50.0,Ireland
11022,930189,Lalit Yadav,DEFENDED,1,17,1,1.0,5.88,India
11023,216184,Neil Dexter,FORWARD_DEFENCE,1,18,1,1.0,5.56,England
11024,228622,John Hastings,FORWARD_DEFENCE,1,5,1,1.0,20.0,Australia
11025,432960,Simon Harmer,COVER_DRIVE,1,3,1,1.0,33.33,South Africa
11026,23523,Michael Yardy,LEG_GLANCE,1,3,1,1.0,33.33,England
11027,928059,Ben White,FLICK,1,2,1,1.0,50.0,Ireland
11028,1185538,Mohammad Wasim,DEFENDED,1,12,1,1.0,8.33,Pakistan
11029,228210,Mehedi Maruf,CUT_SHOT,1,4,1,1.0,25.0,Bangladesh
11030,228210,Mehedi Maruf,DEFENDED,1,18,1,1.0,5.56,Bangladesh
11031,499594,Kasun Rajitha,SLOG_SHOT,1,12,2,0.5,8.33,Sri Lanka
11032,932569,Imranuzzaman,COVER_DRIVE,1,4,1,1.0,25.0,Bangladesh
11033,938959,Wessley Madhevere,REVERSE_SWEEP,1,4,2,0.5,25.0,Zimbabwe
11034,414247,Naseer Jamali,ON_DRIVE,1,2,1,1.0,50.0,United States of America
11035,23513,Graeme White,BACK_DEFENCE,1,3,1,1.0,33.33,England
11036,938959,Wessley Madhevere,DEFENDED,1,25,1,1.0,4.0,Zimbabwe
11037,230554,Javon Searles,SQUARE_DRIVE,1,2,1,1.0,50.0,West Indies
11038,942645,Khaleel Ahmed,PUSH,1,4,2,0.5,25.0,India
11039,223642,Rusty Theron,SLOG_SHOT,1,2,1,1.0,50.0,United States of America
11040,501012,Joel Paris,DEFENDED,1,5,1,1.0,20.0,Australia
11041,937953,Bilal Khan,STRAIGHT_DRIVE,1,1,1,1.0,100.0,Oman
11042,937953,Bilal Khan,ON_DRIVE,1,2,1,1.0,50.0,Oman
11043,1191384,Peter Hatzoglou,CUT_SHOT,1,6,1,1.0,16.67,Australia
11044,1190573,William Naish,VERTICAL_FORWARD_ATTACK,1,4,1,1.0,25.0,England
11045,948435,Khanya Cotani,SWEEP_SHOT,1,4,1,1.0,25.0,South Africa
11046,459257,Tymal Mills,CUT_SHOT,1,6,2,0.5,16.67,England
11047,1178586,Vriitya Aravind,DEFENDED,1,40,4,0.25,2.5,United Arab Emirates
11048,227760,Sarfaraz Ahmed,CUT_SHOT_ON_BACK_FOOT,1,6,1,1.0,16.67,Pakistan
11049,926629,Hasan Mahmud,ON_DRIVE,1,4,2,0.5,25.0,Bangladesh
11050,31820,Ashish Nehra,FLICK,1,2,1,1.0,50.0,India
11051,31820,Ashish Nehra,DEFENDED,1,11,1,1.0,9.09,India
11052,1156690,Suraj Kumar,PULL,1,2,1,1.0,50.0,Oman
11053,1096123,Luke Hollman,FORWARD_DEFENCE,1,21,1,1.0,4.76,England
11054,44752,Henry Davids,SWEEP_SHOT,1,2,1,1.0,50.0,South Africa
11055,473191,Richard Gleeson,DEFENDED,1,3,1,1.0,33.33,England
11056,1093091,Michael Jones,SQUARE_DRIVE,1,2,1,1.0,50.0,Scotland
11057,31107,Amit Mishra,SLOG_SHOT,1,4,1,1.0,25.0,India
11058,1158099,Mohammad Umar,CUT_SHOT,1,2,1,1.0,50.0,Pakistan
11059,1094350,George Lavelle,PULL_HOOK_ON_BACK_FOOT,1,2,1,1.0,50.0,England
11060,1158099,Mohammad Umar,PULL,1,5,2,0.5,20.0,Pakistan
11061,463668,Jake Lintott,SLOG_SHOT,1,5,1,1.0,20.0,England
11062,1158596,William Smale,CUT_SHOT_ON_BACK_FOOT,1,4,1,1.0,25.0,Ireland
11063,471342,Krunal Pandya,SLOG_SWEEP,1,4,1,1.0,25.0,India
11064,1104894,Thomas Bevan,LEG_GLANCE,1,2,1,1.0,50.0,England
11065,428366,Lahiru Madushanka,CUT_SHOT,1,4,2,0.5,25.0,Sri Lanka
11066,1110475,Jack Haynes,BACK_DEFENCE,1,17,1,1.0,5.88,England
11067,427485,Arjit Gupta,COVER_DRIVE,1,2,1,1.0,50.0,India
11068,1152716,Javelle Glen,DEFENDED,1,14,1,1.0,7.14,West Indies
11069,1108490,Waqar Salamkheil,FLICK,1,3,1,1.0,33.33,Afghanistan
11070,1104703,Fred Klaassen,DEFENDED,1,7,1,1.0,14.29,England
11071,473004,Usman Arshad,REVERSE_SWEEP,1,4,1,1.0,25.0,England
11072,1104697,Scott Currie,PUSH_SHOT,1,2,1,1.0,50.0,Scotland
11073,1098405,Ben Allison,PUSH_SHOT,1,2,1,1.0,50.0,England
11074,1098182,Jack Campbell,VERTICAL_FORWARD_ATTACK,1,4,1,1.0,25.0,England
11075,44149,Johan Botha,DEFENDED,1,14,2,0.5,7.14,South Africa
11076,31872,Shahbaz Nadeem,SLOG_SHOT,1,5,2,0.5,20.0,India
11077,1099379,Gareth Delany,FORWARD_DEFENCE,1,7,1,1.0,14.29,Ireland
11078,31107,Amit Mishra,DEFENDED,1,21,1,1.0,4.76,India
11079,47711,Morne van Wyk,STEERED,1,4,1,1.0,25.0,South Africa
11080,1159748,Lalhmangaiha,PULL,1,6,1,1.0,16.67,India
11081,1159748,Lalhmangaiha,SLOG_SWEEP,1,2,1,1.0,50.0,India
11082,1078697,Jeavor Royal,COVER_DRIVE,1,4,2,0.5,25.0,West Indies
11083,1079377,Ravi Teja,FLICK,1,4,2,0.5,25.0,India
11084,1159753,G Lalbiakvela,LEFT_ALONE,1,6,1,1.0,16.67,India
11085,1159734,Sumit Kumar,CUT_SHOT,1,7,1,1.0,14.29,India
11086,1159734,Sumit Kumar,ON_DRIVE,1,2,1,1.0,50.0,India
11087,1079434,Riyan Parag,SWEEP_SHOT,1,3,1,1.0,33.33,India
11088,1077310,Naseem Khushi,FLICK,1,7,1,1.0,14.29,Oman
11089,1159843,Kumar Kartikeya,ON_DRIVE,1,2,1,1.0,50.0,India
11090,1078693,Joshua Bishop,STEERED,1,3,1,1.0,33.33,West Indies
11091,49289,Mahela Jayawardene,ON_DRIVE,1,3,1,1.0,33.33,Sri Lanka
11092,49178,Rangana Herath,DEFENDED,1,3,1,1.0,33.33,Sri Lanka
11093,481803,Glenton Stuurman,ON_DRIVE,1,2,1,1.0,50.0,South Africa
11094,1159495,Khurram Shahzad,DEFENDED,1,8,1,1.0,12.5,Pakistan
11095,1083851,Suyash Prabhudessai,DEFENDED,1,11,1,1.0,9.09,India
11096,46538,Morne Morkel,PULL_HOOK_ON_BACK_FOOT,1,4,1,1.0,25.0,South Africa
11097,1088618,Jonathan Merlo,CUT_SHOT,1,2,1,1.0,50.0,Australia
11098,46248,Albie Morkel,STRAIGHT_DRIVE,1,2,1,1.0,50.0,South Africa
11099,1091078,Tion Webster,DEFENDED,1,61,1,1.0,1.64,West Indies
11100,46538,Morne Morkel,DEFENDED,1,6,1,1.0,16.67,South Africa
11101,1159712,Prayas Ray Barman,PUSH,1,2,1,1.0,50.0,India
11102,463668,Jake Lintott,FORWARD_DEFENCE,1,10,1,1.0,10.0,England
11103,463668,Jake Lintott,BACK_DEFENCE,1,3,1,1.0,33.33,England
11104,1159711,Shahbaz Ahmed,REVERSE_SWEEP,1,7,2,0.5,14.29,India
11105,1081730,Matthew Gilkes,DEFENDED,1,35,2,0.5,2.86,Australia
11106,1112224,James Dickinson,PULL,1,2,1,1.0,50.0,
11107,471210,Tom Fell,SWEEP,1,2,1,1.0,50.0,England
11108,1129633,Max Chu,SLOG_SWEEP,1,3,1,1.0,33.33,New Zealand
11109,1147983,Alex Horton,VERTICAL_FORWARD_ATTACK,1,6,1,1.0,16.67,England
11110,38710,Daniel Vettori,ON_DRIVE,1,3,2,0.5,33.33,New Zealand
11111,35731,Vinay Kumar,CUT_SHOT,1,3,1,1.0,33.33,India
11112,1126045,Nishan Madushka,DEFENDED,1,4,1,1.0,25.0,Sri Lanka
11113,1125976,Arshdeep Singh,PUSH,1,6,1,1.0,16.67,India
11114,1126693,Baxter Holt,SLOG_SWEEP,1,3,1,1.0,33.33,Australia
11115,1148776,Arjun Tendulkar,COVER_DRIVE,1,6,1,1.0,16.67,India
11116,37749,Nathan McCullum,SQUARE_DRIVE,1,3,1,1.0,33.33,New Zealand
11117,1132005,Mohsin Khan,PUSH,1,3,1,1.0,33.33,India
11118,465783,Vishwa Fernando,SLOG_SHOT,1,2,1,1.0,50.0,Sri Lanka
11119,1139511,Parvez Hossain Emon,PUSH,1,14,1,1.0,7.14,Bangladesh
11120,37095,Daniel Flynn,SLOG_SWEEP,1,2,1,1.0,50.0,New Zealand
11121,1139518,Pritom Kumar,ON_DRIVE,1,2,1,1.0,50.0,Bangladesh
11122,37696,Hamish Marshall,FORWARD_DEFENCE,1,6,1,1.0,16.67,New Zealand
11123,1143528,Fiaz Ahmed,ON_DRIVE,1,5,1,1.0,20.0,Bahrain
11124,1131181,Llew Johnson,SLOG_SWEEP,1,2,1,1.0,50.0,New Zealand
11125,1130463,Arshad Iqbal,SLOG_SHOT,1,6,2,0.5,16.67,Pakistan
11126,1131570,Urvil Patel,SLOG_SHOT,1,5,3,0.33,20.0,India
11127,1131646,Kimani Melius,PULL,1,2,1,1.0,50.0,West Indies
11128,470909,Antonius Staal,PUSH,1,3,1,1.0,33.33,Netherlands
11129,1122557,Damien Ravu,ON_DRIVE,1,2,1,1.0,50.0,Papua New Guinea
11130,42439,Rafatullah Mohmand,ON_DRIVE,1,4,1,1.0,25.0,Pakistan
11131,1122918,Kartik Tyagi,PULL,1,2,1,1.0,50.0,India
11132,33870,Rajagopal Sathish,PULL,1,2,1,1.0,50.0,India
11133,428366,Lahiru Madushanka,PULL,1,6,2,0.5,16.67,Sri Lanka
11134,471202,Brett D'Oliveira,ON_DRIVE,1,2,1,1.0,50.0,England
11135,1115860,Aristides Karvelas,VERTICAL_FORWARD_ATTACK,1,5,1,1.0,20.0,Greece
11136,464626,Craig Overton,FORWARD_DEFENCE,1,7,1,1.0,14.29,England
11137,1149723,Ben Wells,LEG_GLANCE,1,4,1,1.0,25.0,England
11138,40618,Imran Tahir,PULL,1,2,1,1.0,50.0,South Africa
11139,1124470,Blake Coburn,PULL,1,2,1,1.0,50.0,New Zealand
11140,1125715,Justin Avendano,DEFENDED,1,23,1,1.0,4.35,Australia
11141,1150772,Tom Hartley,DEFENDED,1,2,1,1.0,50.0,England
11142,40082,Ehsan Khan,DEFENDED,1,7,1,1.0,14.29,Hong Kong
11143,429122,Umaid Asif,DEFENDED,1,7,1,1.0,14.29,Pakistan
11144,1123718,Spencer Johnson,SLOG_SHOT,1,2,1,1.0,50.0,Australia
11145,41378,Misbah-ul-Haq,DEFENDED,1,24,1,1.0,4.17,Pakistan
11146,41324,Mohammad Sami,DEFENDED,1,10,1,1.0,10.0,Pakistan
11147,1124283,Aaron Hardie,SWEEP,1,2,1,1.0,50.0,Australia
11148,35263,Virender Sehwag,DEFENDED,1,10,1,1.0,10.0,India
11149,1159940,Rex Rajkumar,PULL,1,2,1,1.0,50.0,India
11150,431909,Jermaine Blackwood,STEERED,1,3,1,1.0,33.33,West Indies
11151,990023,Tanzid Hasan,DEFENDED,1,48,1,1.0,2.08,Bangladesh
11152,1168667,Joshua Da Silva,DEFENDED,1,25,1,1.0,4.0,West Indies
11153,990165,Mukidul Islam,COVER_DRIVE,1,3,1,1.0,33.33,Bangladesh
11154,25446,Kyle Coetzer,PUSH,1,6,1,1.0,16.67,Scotland
11155,56029,Mushfiqur Rahim,HOOK,1,4,1,1.0,25.0,Bangladesh
11156,990165,Mukidul Islam,PULL,1,5,1,1.0,20.0,Bangladesh
11157,974109,Mujeeb Ur Rahman,DEFENDED,1,16,2,0.5,6.25,Afghanistan
11158,417386,Cornelis Bodenstein,DEFENDED,1,5,1,1.0,20.0,England
11159,977451,Jack Prestwidge,DEFENDED,1,5,1,1.0,20.0,Australia
11160,1169066,Blake Nikitaras,ON_DRIVE,1,3,1,1.0,33.33,Australia
11161,495964,Ryan Burl,LEFT_ALONE,1,25,1,1.0,4.0,Zimbabwe
11162,985497,Muditha Lakshan,PULL,1,2,1,1.0,50.0,Sri Lanka
11163,56053,Nadif Chowdhury,SLOG_SHOT,1,2,1,1.0,50.0,Bangladesh
11164,1026317,Adam Finch,FORWARD_DEFENCE,1,2,1,1.0,50.0,England
11165,1167779,Ayush Shukla,ON_DRIVE,1,5,2,0.5,20.0,Hong Kong
11166,55414,Sean Ervine,REVERSE_SWEEP,1,2,1,1.0,50.0,Zimbabwe
11167,1166195,Harsh Singh,PUSH,1,3,1,1.0,33.33,India
11168,1029993,Scott Steel,FORWARD_DEFENCE,1,8,1,1.0,12.5,England
11169,1005257,Simi Singh,SLOG_SHOT,1,3,2,0.5,33.33,Ireland
11170,1012131,Rakibul Hasan,CUT_SHOT,1,2,1,1.0,50.0,Bangladesh
11171,1168641,Harpreet Brar,DEFENDED,1,9,2,0.5,11.11,India
11172,55787,Vusi Sibanda,SWEEP_SHOT,1,3,2,0.5,33.33,Zimbabwe
11173,1012137,Mrittunjoy Chowdhury,DEFENDED,1,6,1,1.0,16.67,Bangladesh
11174,1174024,Sandeep Goud,FLICK,1,2,1,1.0,50.0,Oman
11175,211855,Liam Dawson,STRAIGHT_DRIVE,1,3,1,1.0,33.33,England
11176,1174143,Rafiullah,SLOG_SWEEP,1,4,1,1.0,25.0,Oman
11177,1173272,Bayley Wiggins,PULL,1,3,2,0.5,33.33,New Zealand
11178,210296,Ollie Rayner,FORWARD_DEFENCE,1,2,1,1.0,50.0,Germany
11179,211748,Benny Howell,BACK_DEFENCE,1,7,1,1.0,14.29,England
11180,958691,Ashen Bandara,DEFENDED,1,8,1,1.0,12.5,Sri Lanka
11181,951781,Milton Shumba,SWEEP_SHOT,1,2,1,1.0,50.0,Zimbabwe
11182,213674,Todd Astle,FLICK,1,2,1,1.0,50.0,New Zealand
11183,949561,Dan Moriarty,PUSH_SHOT,1,3,1,1.0,33.33,England
11184,1175441,Ravi Bishnoi,CUT_SHOT,1,1,1,1.0,100.0,India
11185,949473,Brandon McMullen,ON_DRIVE,1,3,2,0.5,33.33,Scotland
11186,210283,Steven Finn,PULL_HOOK_ON_BACK_FOOT,1,2,1,1.0,50.0,England
11187,417268,Matthew Cross,PADDLE_SWEEP,1,3,1,1.0,33.33,Scotland
11188,960361,Sandeep Lamichhane,PULL,1,5,2,0.5,20.0,Nepal
11189,961401,Stephen Doheny,ON_DRIVE,1,3,1,1.0,33.33,Ireland
11190,971349,Nandre Burger,FLICK,1,6,1,1.0,16.67,South Africa
11191,973799,Janak Prakash,SLOG_SHOT,1,2,1,1.0,50.0,Singapore
11192,959787,Salman Fayyaz,COVER_DRIVE,1,2,1,1.0,50.0,
11193,959825,Brooke Guest,BACK_DEFENCE,1,4,1,1.0,25.0,England
11194,208253,Irfan Ahmed,PULL,1,3,1,1.0,33.33,Hong Kong
11195,959833,Wes Agar,PUSH,1,2,1,1.0,50.0,Australia
11196,959833,Wes Agar,FLICK,1,2,1,1.0,50.0,Australia
11197,56251,Alok Kapali,SLOG_SHOT,1,3,2,0.5,33.33,Bangladesh
11198,56251,Alok Kapali,STEERED,1,3,1,1.0,33.33,Bangladesh
11199,1030753,Sol Budinger,SWEEP,1,2,1,1.0,50.0,England
11200,1070997,Connor Esterhuizen,SQUARE_DRIVE,1,3,1,1.0,33.33,
11201,422592,Fabian Cowdrey,REVERSE_SWEEP,1,2,1,1.0,50.0,England
11202,485379,Andries Gous,PUSH,1,7,1,1.0,14.29,United States of America
11203,422592,Fabian Cowdrey,SWEEP,1,4,2,0.5,25.0,England
11204,422593,Daniel Bell-Drummond,DEFENDED,1,14,2,0.5,7.14,England
11205,51439,Dwayne Bravo,FORWARD_DEFENCE,1,10,1,1.0,10.0,West Indies
11206,1161050,Sediqullah Atal,DEFENDED,1,17,2,0.5,5.88,Afghanistan
11207,461632,Reece Topley,PULL,1,2,1,1.0,50.0,England
11208,916727,Mohammad Imran,ON_DRIVE,1,2,1,1.0,50.0,Pakistan
11209,461632,Reece Topley,LEG_GLANCE,1,2,1,1.0,50.0,England
11210,1070188,Kamlesh Nagarkoti,COVER_DRIVE,1,3,1,1.0,33.33,India
11211,485379,Andries Gous,SWEEP_SHOT,1,2,1,1.0,50.0,United States of America
11212,26487,Avinash Yadav,PULL,1,2,1,1.0,50.0,India
11213,49700,Jeevan Mendis,DEFENDED,1,5,1,1.0,20.0,Sri Lanka
11214,481896,Mohammed Shami,CUT_SHOT,1,4,1,1.0,25.0,India
11215,1076473,Izharulhaq Naveed,PULL,1,2,1,1.0,50.0,Afghanistan
11216,49619,Suranga Lakmal,COVER_DRIVE,1,3,1,1.0,33.33,Sri Lanka
11217,1076376,Liam Scott,SLOG_SWEEP,1,3,1,1.0,33.33,Australia
11218,1161034,Raunaq Kapur,PUSH,1,2,1,1.0,50.0,
11219,1072470,Shaheen Shah Afridi,DEFENDED,1,11,1,1.0,9.09,Pakistan
11220,49920,Dilruwan Perera,COVER_DRIVE,1,3,1,1.0,33.33,Sri Lanka
11221,49764,Angelo Mathews,DAB,1,3,1,1.0,33.33,Sri Lanka
11222,422593,Daniel Bell-Drummond,STRAIGHT_DRIVE,1,2,1,1.0,50.0,England
11223,1046777,Roman Walker,PUSH_SHOT,1,3,1,1.0,33.33,England
11224,1163488,Rejaur Rahman Raja,SLOG_SHOT,1,3,1,1.0,33.33,Bangladesh
11225,1048891,Aryaman Sunil,PUSH,1,4,1,1.0,25.0,Singapore
11226,1048897,Avi Dixit,PUSH,1,3,1,1.0,33.33,Singapore
11227,1046777,Roman Walker,CUT_SHOT_ON_BACK_FOOT,1,3,1,1.0,33.33,England
11228,55329,Charles Coventry,FLICK,1,3,2,0.5,33.33,Zimbabwe
11229,25967,Paras Khadka,SQUARE_DRIVE,1,2,1,1.0,50.0,Nepal
11230,1039481,Gus Atkinson,SWEEP,1,2,1,1.0,50.0,England
11231,1045883,Clive Madande,SLOG_SWEEP,1,4,3,0.33,25.0,Zimbabwe
11232,1045883,Clive Madande,DEFENDED,1,26,1,1.0,3.85,Zimbabwe
11233,1041211,Sam Conners,PULL_HOOK_ON_BACK_FOOT,1,2,1,1.0,50.0,England
11234,430246,Yuzvendra Chahal,SWEEP_SHOT,1,2,1,1.0,50.0,India
11235,422092,Vikum Sanjaya,PULL,1,1,1,1.0,100.0,Sri Lanka
11236,1065115,Benjamin Manenti,PUSH,1,4,1,1.0,25.0,Italy
11237,1058924,Nasrulla Rana,PUSH,1,4,1,1.0,25.0,Hong Kong
11238,1161486,Leonardo Julien,SLOG_SHOT,1,2,1,1.0,50.0,West Indies
11239,1065115,Ben Manenti,COVER_DRIVE,1,3,1,1.0,33.33,Italy
11240,1070154,Nimesh Vimukthi,FLICK,1,5,1,1.0,20.0,Sri Lanka
11241,1161606,Haris Rauf,DEFENDED,1,15,2,0.5,6.67,Pakistan
11242,1058989,Aryan Lakra,SLOG_SHOT,1,2,1,1.0,50.0,United Arab Emirates
11243,52997,Shane Shillingford,COVER_DRIVE,1,2,1,1.0,50.0,West Indies
11244,52912,Ravi Rampaul,CUT_SHOT,1,2,1,1.0,50.0,West Indies
11245,52917,Denesh Ramdin,LEFT_ALONE,1,19,1,1.0,5.26,West Indies
11246,432960,Simon Harmer,SLOG_SHOT,1,2,1,1.0,50.0,South Africa
11247,381743,Daryl Mitchell,FORWARD_DEFENCE,1,13,1,1.0,7.69,New Zealand
11248,8076,Shaun Tait,FORWARD_DEFENCE,1,4,1,1.0,25.0,Australia
11249,663613,Saif Zaib,SWEEP_SHOT,1,3,2,0.5,33.33,England
11250,384518,Hammad Azam,PULL,1,3,2,0.5,33.33,United States of America
11251,663613,Saif Zaib,SLOG_SWEEP,1,3,1,1.0,33.33,England
11252,316397,Asad Shafiq,DEFENDED,1,12,1,1.0,8.33,Pakistan
11253,663613,Saif Zaib,BACK_DEFENCE,1,14,1,1.0,7.14,England
11254,316730,Jono Dean,PULL,1,5,2,0.5,20.0,Australia
11255,318615,Zeeshan Siddiqui,LEG_GLANCE,1,2,1,1.0,50.0,Oman
11256,648439,Aadil Ali,BACK_DEFENCE,1,2,1,1.0,50.0,England
11257,318842,Khaya Zondo,SLOG_SWEEP,1,2,1,1.0,50.0,South Africa
11258,654797,Callum Taylor,FORWARD_DEFENCE,1,2,1,1.0,50.0,England
11259,7898,Peter Siddle,PUSH,1,3,1,1.0,33.33,Australia
11260,532853,Smit Patel,DEFENDED,1,8,1,1.0,12.5,United States of America
11261,652687,Saud Shakeel,DEFENDED,1,17,2,0.5,5.88,Pakistan
11262,315623,Ben Laughlin,DEFENDED,1,12,3,0.33,8.33,Australia
11263,1276922,Ijaz Ahmad Ahmadzai,SLOG_SHOT,1,2,1,1.0,50.0,Afghanistan
11264,310525,Chris Wood,FLICK,1,1,1,1.0,100.0,England
11265,1275056,Ackeem Auguste,ON_DRIVE,1,2,1,1.0,50.0,West Indies
11266,671805,George Munsey,PUSH_SHOT,1,6,1,1.0,16.67,Scotland
11267,1275056,Ackeem Auguste,PULL,1,4,1,1.0,25.0,West Indies
11268,679567,Ben Dwarshuis,PUSH,1,7,1,1.0,14.29,Australia
11269,679567,Ben Dwarshuis,LEG_GLANCE,1,2,1,1.0,50.0,Australia
11270,670037,Ramaal Lewis,STEERED,1,4,1,1.0,25.0,West Indies
11271,315594,Ashley Nurse,REVERSE_SWEEP,1,2,1,1.0,50.0,West Indies
11272,670037,Ramaal Lewis,SLOG_SWEEP,1,2,1,1.0,50.0,West Indies
11273,8491,Jimmy Adams,REVERSE_SWEEP,1,2,1,1.0,50.0,England
11274,1276700,Shoaib Khan,PULL,1,2,1,1.0,50.0,Oman
11275,7252,Tim Paine,DEFENDED,1,4,1,1.0,25.0,Australia
11276,641385,Martin Andersson,SWEEP,1,2,1,1.0,50.0,England
11277,641385,Martin Andersson,REVERSE_SWEEP,1,4,1,1.0,25.0,England
11278,1287067,Abdul Basith,COVER_DRIVE,1,2,1,1.0,50.0,India
11279,639140,Matt Milnes,SWEEP,1,2,1,1.0,50.0,England
11280,326016,Bhuvneshwar Kumar,STRAIGHT_DRIVE,1,5,2,0.5,20.0,India
11281,633561,Mirza Mohammed Baig,SLOG_SHOT,1,3,1,1.0,33.33,Qatar
11282,1287044,Remruatdika Ralte,ON_DRIVE,1,2,1,1.0,50.0,India
11283,380974,Sunzamul Islam,ON_DRIVE,1,2,1,1.0,50.0,Bangladesh
11284,632173,Rob Jones,FORWARD_DEFENCE,1,4,1,1.0,25.0,England
11285,633445,Hisham Shaikh,DAB,1,4,1,1.0,25.0,Saudi Arabia
11286,1292502,Raj Bawa,FLICK,1,2,1,1.0,50.0,India
11287,319746,Shapoor Zadran,ON_DRIVE,1,2,1,1.0,50.0,Afghanistan
11288,533862,Mohammad Naveed,PULL,1,4,1,1.0,25.0,United Arab Emirates
11289,7547,Ben Rohrer,REVERSE_SWEEP,1,3,1,1.0,33.33,Australia
11290,319439,Mitchell McClenaghan,REVERSE_SWEEP,1,5,2,0.5,20.0,New Zealand
11291,321757,Rudi Second,ON_DRIVE,1,3,1,1.0,33.33,South Africa
11292,1287032,Naman Dhir,SLOG_SHOT,1,2,1,1.0,50.0,India
11293,323389,Mohammad Rizwan,HOOK,1,6,1,1.0,16.67,Pakistan
11294,641801,Will Davis,FORWARD_DEFENCE,1,3,1,1.0,33.33,England
11295,446810,Nazmul Islam,SLOG_SHOT,1,3,1,1.0,33.33,Bangladesh
11296,322535,Karanveer Singh,ON_DRIVE,1,3,1,1.0,33.33,India
11297,300617,Rony Talukdar,REVERSE_SWEEP,1,4,1,1.0,25.0,Bangladesh
11298,390484,Jaydev Unadkat,SLOG_SWEEP,1,2,1,1.0,50.0,India
11299,300619,Rubel Hossain,SLOG_SHOT,1,8,2,0.5,12.5,Bangladesh
11300,300624,Srimantha Wijeyeratne,FLICK,1,3,1,1.0,33.33,Canada
11301,526441,Mark Adair,LEG_GLANCE,1,2,1,1.0,50.0,Ireland
11302,437448,Jake Lehmann,STRAIGHT_DRIVE,1,2,1,1.0,50.0,Australia
11303,717373,Amad Butt,DEFENDED,1,7,1,1.0,14.29,Pakistan
11304,1252163,Cole Briggs,SLOG_SHOT,1,2,1,1.0,50.0,New Zealand
11305,1252163,Cole Briggs,SLOG_SWEEP,1,2,1,1.0,50.0,New Zealand
11306,298241,Nathan Buck,SWEEP,1,2,1,1.0,50.0,England
11307,712219,Zahir Khan,ON_DRIVE,1,2,1,1.0,50.0,Afghanistan
11308,1253822,Gulsan Jha,DEFENDED,1,2,1,1.0,50.0,Nepal
11309,712219,Zahir Khan,DEFENDED,1,5,1,1.0,20.0,Afghanistan
11310,302579,Shreevats Goswami,PULL,1,6,2,0.5,16.67,India
11311,707111,Henry Cooper,COVER_DRIVE,1,8,1,1.0,12.5,New Zealand
11312,707109,Sean Solia,PUSH,1,3,1,1.0,33.33,New Zealand
11313,301236,Lahiru Thirimanne,COVER_DRIVE,1,4,1,1.0,25.0,Sri Lanka
11314,301236,Lahiru Thirimanne,ON_DRIVE,1,4,1,1.0,25.0,Sri Lanka
11315,301648,Jordan Clark,SWEEP,1,5,1,1.0,20.0,England
11316,709675,James Bazley,LEFT_ALONE,1,4,1,1.0,25.0,Australia
11317,707173,Jamie Gibson,SLOG_SHOT,1,1,1,1.0,100.0,New Zealand
11318,709675,James Bazley,DEFENDED,1,15,2,0.5,6.67,Australia
11319,707173,Jamie Gibson,STRAIGHT_DRIVE,1,2,1,1.0,50.0,New Zealand
11320,1246455,Mohit Raut,STRAIGHT_DRIVE,1,2,1,1.0,50.0,India
11321,738445,Mohammad Shahzad,DEFENDED,1,13,1,1.0,7.69,United Arab Emirates
11322,392945,Donald Tiripano,DEFENDED,1,12,1,1.0,8.33,Zimbabwe
11323,748793,Joe Weatherley,BACK_DEFENCE,1,12,1,1.0,8.33,England
11324,747067,Josh Bohannon,FORWARD_DEFENCE,1,11,1,1.0,9.09,England
11325,297581,Max Waller,SWEEP,1,3,1,1.0,33.33,England
11326,390891,Ikramullah Khan,SLOG_SHOT,1,2,1,1.0,50.0,Qatar
11327,297617,Adam Wheater,FORWARD_DEFENCE,1,30,1,1.0,3.33,England
11328,721867,Jitesh Sharma,DEFENDED,1,39,2,0.5,2.56,India
11329,721041,Dushan Hemantha,PULL,1,2,1,1.0,50.0,Sri Lanka
11330,297488,Matt Machan,SQUARE_DRIVE,1,2,1,1.0,50.0,England
11331,734459,Abrar Ahmed,ON_DRIVE,1,4,2,0.5,25.0,Pakistan
11332,1265083,Josh Baker,FORWARD_DEFENCE,1,2,1,1.0,50.0,England
11333,696401,Marco Jansen,DEFENDED,1,22,1,1.0,4.55,South Africa
11334,696337,Tetelo Maphaka,SLOG_SHOT,1,2,1,1.0,50.0,South Africa
11335,696241,Ricardo Vasconcelos,FORWARD_DEFENCE,1,24,1,1.0,4.17,South Africa
11336,1263698,William Luxton,LEG_GLANCE,1,2,1,1.0,50.0,England
11337,696143,Shane Snater,SWEEP,1,1,1,1.0,100.0,Netherlands
11338,697279,Usman Shinwari,DEFENDED,1,13,1,1.0,7.69,Pakistan
11339,448074,Martin Coetzee,SLOG_SWEEP,1,2,1,1.0,50.0,Hong Kong
11340,681801,Shakeel Ahmed,SLOG_SHOT,1,3,2,0.5,33.33,Oman
11341,681305,Hasan Ali,LEG_GLANCE,1,3,1,1.0,33.33,Pakistan
11342,388794,Michael Pollard,PULL,1,2,1,1.0,50.0,New Zealand
11343,388802,Tom Latham,HOOK,1,2,1,1.0,50.0,New Zealand
11344,308405,Raymond van Schoor,DEFENDED,1,10,1,1.0,10.0,Namibia
11345,701215,Sompal Kami,COVER_DRIVE,1,2,1,1.0,50.0,Nepal
11346,700167,Navdeep Saini,DEFENDED,1,5,1,1.0,20.0,India
11347,303508,Shane Getkate,REVERSE_SWEEP,1,2,1,1.0,50.0,Ireland
11348,698343,Eathan Bosch,SLOG_SWEEP,1,5,1,1.0,20.0,South Africa
11349,450075,Kesrick Williams,PULL,1,3,1,1.0,33.33,West Indies
11350,701227,Ainool Hafizs,COVER_DRIVE,1,3,1,1.0,33.33,Malaysia
11351,450075,Kesrick Williams,HOOK,1,1,1,1.0,100.0,West Indies
11352,698199,Mitchell Van Buuren,DEFENDED,1,21,2,0.5,4.76,South Africa
11353,307639,Ahmad Faiz,DEFENDED,1,6,1,1.0,16.67,Malaysia
11354,528067,Murugan Ashwin,ON_DRIVE,1,5,3,0.33,20.0,India
11355,1260072,Archie Lenham,PULL_HOOK_ON_BACK_FOOT,1,2,1,1.0,50.0,England
11356,527663,Jagadeesha Suchith,PUSH,1,5,1,1.0,20.0,India
11357,303669,Joe Root,LEFT_ALONE,1,7,1,1.0,14.29,England
11358,527663,Jagadeesha Suchith,SLOG_SHOT,1,4,1,1.0,25.0,India
11359,1260075,Nathan Fernandes,SWEEP,1,3,1,1.0,33.33,England
11360,1260075,Nathan Fernandes,VERTICAL_FORWARD_ATTACK,1,6,2,0.5,16.67,England
11361,392945,Donald Tiripano,REVERSE_SWEEP,1,4,3,0.33,25.0,Zimbabwe
11362,351588,Mark Wood,PULL,1,3,1,1.0,33.33,England
11363,581160,Khary Pierre,SLOG_SHOT,1,8,3,0.33,12.5,West Indies
11364,549288,Ferisco Adams,COVER_DRIVE,1,2,1,1.0,50.0,South Africa
11365,1360563,Muhammad Abbas,SLOG_SWEEP,1,2,1,1.0,50.0,New Zealand
11366,588471,Hokaito Zhimomi,PUSH,1,4,1,1.0,25.0,India
11367,547764,Cam Fletcher,SQUARE_DRIVE,1,2,1,1.0,50.0,New Zealand
11368,1369680,Clinto Anto,CUT_SHOT,1,2,1,1.0,50.0,Kuwait
11369,580400,Khizar Hayat,FLICK,1,2,1,1.0,50.0,Malaysia
11370,573170,Luke Wood,FORWARD_DEFENCE,1,3,1,1.0,33.33,England
11371,354165,Richard Oliver,SWEEP,1,7,1,1.0,14.29,England
11372,572199,Ryan Higgins,BACK_DEFENCE,1,13,1,1.0,7.69,England
11373,354259,Azeem Rafiq,LEG_GLANCE,1,2,1,1.0,50.0,England
11374,573170,Luke Wood,SQUARE_DRIVE,1,5,1,1.0,20.0,England
11375,574287,Chad Soper,LEFT_ALONE,1,2,1,1.0,50.0,Papua New Guinea
11376,574178,Akila Dananjaya,DEFENDED,1,12,1,1.0,8.33,Sri Lanka
11377,590326,Mitchell Swepson,DEFENDED,1,6,1,1.0,16.67,Australia
11378,1344844,Usman Najeeb,SLOG_SHOT,1,3,1,1.0,33.33,Saudi Arabia
11379,595406,Shane Dadswell,SLOG_SHOT,1,5,1,1.0,20.0,South Africa
11380,379145,Tabraiz Shamsi,SLOG_SHOT,1,7,4,0.25,14.29,South Africa
11381,595380,Raynard van Tonder,SLOG_SWEEP,1,3,1,1.0,33.33,South Africa
11382,595267,Matthew Breetzke,DEFENDED,1,31,1,1.0,3.23,South Africa
11383,547756,Brett Hampton,DEFENDED,1,9,1,1.0,11.11,New Zealand
11384,595783,Ajaz Patel,DEFENDED,1,5,2,0.5,20.0,New Zealand
11385,348154,Zafar Gohar,BACK_DEFENCE,1,4,1,1.0,25.0,Pakistan
11386,590327,Dhruv Shorey,CUT_SHOT,1,3,1,1.0,33.33,India
11387,595004,Kyle Verreynne,LEFT_ALONE,1,5,1,1.0,20.0,South Africa
11388,594329,Jacques Snyman,SLOG_SWEEP,1,2,1,1.0,50.0,South Africa
11389,350126,Luke Wells,DEFENDED,1,4,1,1.0,25.0,England
11390,370040,Jeffrey Vandersay,FLICK,1,2,1,1.0,50.0,Sri Lanka
11391,556684,Mir Hamza,FLICK,1,3,1,1.0,33.33,Pakistan
11392,555855,Harry Conway,ON_DRIVE,1,2,1,1.0,50.0,Australia
11393,550209,Wesley Marshall,SLOG_SWEEP,1,3,1,1.0,33.33,South Africa
11394,364343,Craig Young,PULL,1,7,3,0.33,14.29,Ireland
11395,364788,Ben Foakes,BACK_DEFENCE,1,5,1,1.0,20.0,England
11396,364343,Craig Young,SLOG_SHOT,1,8,1,1.0,12.5,Ireland
11397,376116,Umesh Yadav,SLOG_SWEEP,1,3,2,0.5,33.33,India
11398,553821,JJ Smit,LEFT_ALONE,1,3,1,1.0,33.33,Namibia
11399,1428999,Vimukthi Viraj,PULL,1,2,1,1.0,50.0,
11400,373539,Robiul Islam Robi,STEERED,1,3,1,1.0,33.33,Bangladesh
11401,552152,Dushmantha Chameera,LEFT_ALONE,1,3,1,1.0,33.33,Sri Lanka
11402,552152,Dushmantha Chameera,DEFENDED,1,21,3,0.33,4.76,Sri Lanka
11403,4451,George Bailey,FORWARD_DEFENCE,1,15,2,0.5,6.67,Australia
11404,554700,Nikhil Naik,SLOG_SHOT,1,3,1,1.0,33.33,India
11405,440523,Ben Wheeler,SLOG_SHOT,1,2,1,1.0,50.0,New Zealand
11406,4823,Steven Crook,BACK_DEFENCE,1,4,1,1.0,25.0,Australia
11407,570421,Will Rhodes,FORWARD_DEFENCE,1,13,1,1.0,7.69,England
11408,1397996,Kashif Abbas,SLOG_SHOT,1,3,1,1.0,33.33,Saudi Arabia
11409,4818,Mark Cosgrove,BACK_DEFENCE,1,24,1,1.0,4.17,Australia
11410,377534,Shashank Singh,DEFENDED,1,22,1,1.0,4.55,India
11411,549947,Al-Amin,SLOG_SWEEP,1,2,1,1.0,50.0,Bangladesh
11412,571788,Nicholas Bertus,SLOG_SHOT,1,2,1,1.0,50.0,Australia
11413,1397990,Mohammed Irshad,SLOG_SWEEP,1,2,1,1.0,50.0,Qatar
11414,377534,Shashank Singh,SLOG_SHOT,1,3,2,0.5,33.33,India
11415,562281,Aneurin Donald,BACK_DEFENCE,1,4,1,1.0,25.0,England
11416,559235,Kuldeep Yadav,STRAIGHT_DRIVE,1,4,1,1.0,25.0,India
11417,566805,Tom Wood,REVERSE_SWEEP,1,7,2,0.5,14.29,England
11418,568164,Uzair Amir,PULL,1,2,1,1.0,50.0,Qatar
11419,333001,Tinotenda Mutombodzi,DEFENDED,1,7,1,1.0,14.29,Zimbabwe
11420,1307709,Gareth Severin,DAB,1,4,1,1.0,25.0,
11421,379890,Chad Bowes,LEG_GLANCE,1,6,1,1.0,16.67,New Zealand
11422,1323727,Junior Sinclair,SLOG_SHOT,1,3,1,1.0,33.33,West Indies
11423,334388,Liam O'Connor,COVER_DRIVE,1,3,1,1.0,33.33,Australia
11424,1327710,Rohan Patil,PUSH,1,3,1,1.0,33.33,India
11425,334394,Sam Whiteman,DEFENDED,1,11,1,1.0,9.09,Australia
11426,1328735,Yasin Patel,CUT_SHOT,1,3,1,1.0,33.33,Kuwait
11427,1309252,Arif Ahmed,PULL,1,2,1,1.0,50.0,
11428,6033,Mitchell Johnson,SWEEP_SHOT,1,4,1,1.0,25.0,Australia
11429,539304,Babar Hayat,SLOG_SWEEP,1,2,1,1.0,50.0,Hong Kong
11430,380355,Habibur Rahman,PULL,1,2,1,1.0,50.0,Bangladesh
11431,629074,Kusal Mendis,PADDLE_SWEEP,1,2,1,1.0,50.0,Sri Lanka
11432,537119,Mohit Sharma,PULL,1,6,2,0.5,16.67,India
11433,629076,Sadeera Samarawickrama,SLOG_SWEEP,1,2,1,1.0,50.0,Sri Lanka
11434,380956,Michael Rippon,STEERED,1,3,1,1.0,33.33,New Zealand
11435,629084,Ramesh Mendis,STEERED,1,2,1,1.0,50.0,Sri Lanka
11436,379890,Chad Bowes,SLOG_SWEEP,1,2,1,1.0,50.0,New Zealand
11437,1299794,Tarang Gohel,COVER_DRIVE,1,5,1,1.0,20.0,India
11438,1299794,Tarang Gohel,FLICK,1,5,1,1.0,20.0,India
11439,332398,Anil Mandal,VERTICAL_FORWARD_ATTACK,1,6,1,1.0,16.67,Nepal
11440,332937,Jahmar Hamilton,DEFENDED,1,11,2,0.5,9.09,West Indies
11441,537124,Gurkeerat Singh Mann,HOOK,1,2,1,1.0,50.0,India
11442,330408,Chris Barnwell,DEFENDED,1,20,2,0.5,5.0,West Indies
11443,629059,Yasir Ali,LEFT_ALONE,1,9,1,1.0,11.11,Bangladesh
11444,629059,Yasir Ali,DEFENDED,1,43,2,0.5,2.33,Bangladesh
11445,331375,Hamish Rutherford,DEFENDED,1,9,2,0.5,11.11,New Zealand
11446,348026,John Campbell,STRAIGHT_DRIVE,1,2,1,1.0,50.0,West Indies
11447,596417,Brydon Carse,SWEEP_SHOT,1,3,1,1.0,33.33,England
11448,347661,Luis Reece,STRAIGHT_DRIVE,1,2,1,1.0,50.0,England
11449,5939,Michael Hussey,STEERED,1,2,1,1.0,50.0,Australia
11450,1339049,Harsh Desai,PUSH,1,3,1,1.0,33.33,India
11451,597655,Tom Barber,VERTICAL_FORWARD_ATTACK,1,3,3,0.33,33.33,England
11452,597655,Tom Barber,PUSH_SHOT,1,2,1,1.0,50.0,England
11453,596664,Zane Green,LEFT_ALONE,1,5,1,1.0,20.0,Namibia
11454,379147,Dominic Hendricks,SWEEP_SHOT,1,3,1,1.0,33.33,South Africa
11455,596456,Ainsley Ndlovu,SLOG_SHOT,1,2,1,1.0,50.0,Zimbabwe
11456,1343344,Curtis Heaphy,COVER_DRIVE,1,3,1,1.0,33.33,New Zealand
11457,379147,Dominic Hendricks,DAB,1,2,1,1.0,50.0,South Africa
11458,1343701,Uday Hathinjar,CUT_SHOT,1,8,1,1.0,12.5,Cambodia
11459,596137,Clyde Fortuin,SLOG_SHOT,1,6,3,0.33,16.67,South Africa
11460,1339104,Saad Masood,SLOG_SHOT,1,3,1,1.0,33.33,Pakistan
11461,440520,Bevan Small,ON_DRIVE,1,3,1,1.0,33.33,New Zealand
11462,541224,Luke Jongwe,DAB,1,3,1,1.0,33.33,Zimbabwe
11463,440517,Dane Cleaver,LEG_GLANCE,1,1,1,1.0,100.0,New Zealand
11464,604534,Ankush Bains,SQUARE_DRIVE,1,4,1,1.0,25.0,India
11465,604302,Nicholas Pooran,RAMP,1,3,1,1.0,33.33,West Indies
11466,1328735,Yasin Patel,PUSH,1,6,2,0.5,16.67,Kuwait
11467,605570,Jake Doran,COVER_DRIVE,1,9,1,1.0,11.11,Australia
11468,599385,Ian McPeake,ON_DRIVE,1,2,1,1.0,50.0,New Zealand
11469,446499,Unmukt Chand,DEFENDED,1,19,2,0.5,5.26,United States of America
11470,1333415,Usman Tariq,ON_DRIVE,1,2,1,1.0,50.0,
11471,342616,Kithuruwan Vithanage,ON_DRIVE,1,2,1,1.0,50.0,Sri Lanka
11472,539548,Scott Kuggeleijn,SLOG_SWEEP,1,2,1,1.0,50.0,New Zealand
11473,1331347,Hunain Shah,ON_DRIVE,1,3,1,1.0,33.33,Pakistan
11474,540316,Andile Phehlukwayo,DEFENDED,1,15,2,0.5,6.67,South Africa
11475,5961,Moises Henriques,FORWARD_DEFENCE,1,13,2,0.5,7.69,Australia
11476,262456,Dane Vilas,DAB,1,3,1,1.0,33.33,South Africa
11477,516039,Alex Davies,RAMP,1,2,1,1.0,50.0,England
11478,401537,Kinchit Shah,SLOG_SHOT,1,3,1,1.0,33.33,Hong Kong
11479,1209110,Basil Hameed,PADDLE_SWEEP,1,2,1,1.0,50.0,United Arab Emirates
11480,259551,Junaid Khan,FLICK,1,7,2,0.5,14.29,Pakistan
11481,259551,Junaid Khan,ON_DRIVE,1,2,1,1.0,50.0,Pakistan
11482,817069,Navneet Dhaliwal,CUT_SHOT,1,2,1,1.0,50.0,Canada
11483,816599,Himanshu Rana,CUT_SHOT,1,2,1,1.0,50.0,India
11484,814241,Deepraj Gaonkar,SWEEP_SHOT,1,2,1,1.0,50.0,India
11485,455463,Aamir Kaleem,DEFENDED,1,2,1,1.0,50.0,Oman
11486,267479,Stiaan van Zyl,DEFENDED,1,10,1,1.0,10.0,South Africa
11487,819441,Darwish Rasooli,SLOG_SWEEP,1,4,1,1.0,25.0,Afghanistan
11488,457249,Carlos Brathwaite,BACK_DEFENCE,1,6,1,1.0,16.67,West Indies
11489,245490,Ahmed Raza,DEFENDED,1,9,1,1.0,11.11,United Arab Emirates
11490,1205559,Mohammad Haris,LEFT_ALONE,1,4,1,1.0,25.0,Pakistan
11491,402992,Shuvagata Hom,DEFENDED,1,21,1,1.0,4.76,Bangladesh
11492,833087,Mahedi Hasan,RAMP,1,3,1,1.0,33.33,Bangladesh
11493,833087,Mahedi Hasan,DEFENDED,1,95,8,0.12,1.05,Bangladesh
11494,19274,Steven Patterson,PULL_HOOK_ON_BACK_FOOT,1,4,1,1.0,25.0,England
11495,823703,Rajat Patidar,DEFENDED,1,23,1,1.0,4.35,India
11496,512907,Tom Helm,SLOG_SWEEP,1,3,1,1.0,33.33,England
11497,252932,Kieran Powell,CUT_SHOT,1,5,1,1.0,20.0,West Indies
11498,1206110,Kevin Sinclair,STRAIGHT_DRIVE,1,2,1,1.0,50.0,West Indies
11499,249866,Alex Hales,BACK_DEFENCE,1,17,1,1.0,5.88,England
11500,1206033,Parth Chauhan,SLOG_SHOT,1,2,1,1.0,50.0,India
11501,1209196,Kirk McKenzie,SLOG_SWEEP,1,2,1,1.0,50.0,West Indies
11502,272477,Jason Behrendorff,DROP_AND_RUN,1,2,1,1.0,50.0,Australia
11503,793447,Naveen-ul-Haq,SWEEP_SHOT,1,2,1,1.0,50.0,Afghanistan
11504,1212781,Mohammad Huraira,ON_DRIVE,1,3,1,1.0,33.33,Pakistan
11505,272279,Nathan Lyon,COVER_DRIVE,1,2,1,1.0,50.0,Australia
11506,794713,Kushal Bhurtel,DEFENDED,1,13,1,1.0,7.69,Nepal
11507,520183,Zeeshan Ashraf,STRAIGHT_DRIVE,1,4,2,0.5,25.0,Pakistan
11508,276843,Aubrey Swanepoel,SQUARE_DRIVE,1,2,1,1.0,50.0,South Africa
11509,787073,Chris Green,SLOG_SWEEP,1,7,3,0.33,14.29,Australia
11510,793007,Dilshan Madushanka,SLOG_SHOT,1,4,3,0.33,25.0,Sri Lanka
11511,792725,Tanmay Agarwal,PULL,1,2,1,1.0,50.0,India
11512,452543,Ali Zaheer,FLICK,1,2,1,1.0,50.0,Kuwait
11513,806239,Brandon Mavuta,CUT_SHOT,1,2,1,1.0,50.0,Zimbabwe
11514,806241,Richard Ngarava,PUSH,1,2,1,1.0,50.0,Zimbabwe
11515,1209270,Himanshu Rathod,DEFENDED,1,7,1,1.0,14.29,Qatar
11516,800675,Karan KC,FLICK,1,3,1,1.0,33.33,Nepal
11517,800395,Anas Khan,SLOG_SWEEP,1,2,1,1.0,50.0,Hong Kong
11518,1196500,Zawar Farid,SLOG_SHOT,1,4,2,0.5,25.0,United Arab Emirates
11519,232435,Calum MacLeod,SQUARE_DRIVE,1,4,1,1.0,25.0,Scotland
11520,906783,Obed McCoy,LEG_GLANCE,1,2,1,1.0,50.0,West Indies
11521,906745,Leniko Boucher,PUSH,1,4,1,1.0,25.0,West Indies
11522,906749,Dominic Drakes,DEFENDED,1,13,1,1.0,7.69,West Indies
11523,232435,Calum MacLeod,DEFENDED,1,29,3,0.33,3.45,Scotland
11524,21585,Marcus Trescothick,CUT_SHOT_ON_BACK_FOOT,1,6,1,1.0,16.67,England
11525,233238,Akeem Dodson,DEFENDED,1,8,1,1.0,12.5,United States of America
11526,901155,Liam Hatcher,PULL,1,3,2,0.5,33.33,Australia
11527,1199426,Irfan Khan,SLOG_SWEEP,1,2,1,1.0,50.0,Pakistan
11528,408413,Rob Keogh,BACK_DEFENCE,1,8,1,1.0,12.5,England
11529,901657,Harrison Ward,BACK_DEFENCE,1,4,1,1.0,25.0,England
11530,232489,Rameez Raja,DEFENDED,1,4,1,1.0,25.0,Pakistan
11531,901157,Arjun Nair,SLOG_SWEEP,1,2,1,1.0,50.0,Australia
11532,433614,Zahid Mahmood,DEFENDED,1,5,1,1.0,20.0,Pakistan
11533,914455,Jyd Goolie,SLOG_SHOT,1,3,1,1.0,33.33,West Indies
11534,22396,Chris Wright,CUT_SHOT_ON_BACK_FOOT,1,2,1,1.0,50.0,England
11535,914625,Jack Boyle,PUSH,1,6,1,1.0,16.67,New Zealand
11536,1195245,Vinoth Baskaran,PUSH,1,2,1,1.0,50.0,Singapore
11537,410768,Alauddin Babu,SQUARE_DRIVE,1,1,1,1.0,100.0,Bangladesh
11538,1194959,Jacob Bethell,FORWARD_DEFENCE,1,11,2,0.5,9.09,England
11539,1194795,Matheesha Pathirana,FLICK,1,3,1,1.0,33.33,Sri Lanka
11540,1194795,Matheesha Pathirana,SLOG_SWEEP,1,3,1,1.0,33.33,Sri Lanka
11541,1194959,Jacob Bethell,DEFENDED,1,2,1,1.0,50.0,England
11542,236489,Dawid Malan,UPPER_CUT,1,2,1,1.0,50.0,England
11543,236779,Ishant Sharma,DEFENDED,1,5,1,1.0,20.0,India
11544,852317,KV Sasikanth,ON_DRIVE,1,2,1,1.0,50.0,India
11545,240609,Fawad Ahmed,PULL,1,2,1,1.0,50.0,Australia
11546,457249,Carlos Brathwaite,LEFT_ALONE,1,19,1,1.0,5.26,West Indies
11547,243944,Alex Blake,FORWARD_DEFENCE,1,32,1,1.0,3.12,England
11548,848109,Lasith Embuldeniya,ON_DRIVE,1,2,1,1.0,50.0,Sri Lanka
11549,851409,Parth Sahani,PULL,1,2,1,1.0,50.0,India
11550,240609,Fawad Ahmed,COVER_DRIVE,1,5,2,0.5,20.0,Australia
11551,237502,Monir Hossain,STEERED,1,2,1,1.0,50.0,Bangladesh
11552,888565,Mehran Khan,VERTICAL_FORWARD_ATTACK,1,3,1,1.0,33.33,Oman
11553,457279,Olly Stone,PUSH,1,3,1,1.0,33.33,England
11554,233712,Stephan Myburgh,DEFENDED,1,14,1,1.0,7.14,Netherlands
11555,885181,Dan Douthwaite,FORWARD_DEFENCE,1,20,1,1.0,5.0,England
11556,407875,Craig Miles,FORWARD_DEFENCE,1,6,1,1.0,16.67,England
11557,235519,Tendai Chisoro,DEFENDED,1,9,1,1.0,11.11,Zimbabwe
11558,873769,Sultan Ahmed,FLICK,1,2,1,1.0,50.0,United Arab Emirates
11559,873199,Chris Greaves,STRAIGHT_DRIVE,1,3,1,1.0,33.33,Scotland
11560,873199,Chris Greaves,DEFENDED,1,19,1,1.0,5.26,Scotland
11561,235516,Richmond Mutumbami,PUSH,1,2,1,1.0,50.0,Zimbabwe
11562,235516,Richmond Mutumbami,REVERSE_SWEEP,1,3,1,1.0,33.33,Zimbabwe
11563,233901,Shan Masood,BACK_DEFENCE,1,5,1,1.0,20.0,Pakistan
11564,21440,John Simpson,ON_DRIVE,1,3,1,1.0,33.33,England
11565,781705,Salman Irshad,COVER_DRIVE,1,3,1,1.0,33.33,Pakistan
11566,1241265,Aayan Afzal Khan,STRAIGHT_DRIVE,1,1,1,1.0,100.0,United Arab Emirates
11567,764311,Nick Selman,SWEEP,1,3,2,0.5,33.33,England
11568,1231047,Vikai Kelley,PULL_HOOK_ON_BACK_FOOT,1,3,1,1.0,33.33,England
11569,290630,Manish Pandey,SLOG_SWEEP,1,3,2,0.5,33.33,India
11570,16843,Tim Linley,SWEEP,1,2,1,1.0,50.0,England
11571,288305,Shafiul Islam,CUT_SHOT,1,2,1,1.0,50.0,Bangladesh
11572,288285,Clive Rose,PUSH,1,2,1,1.0,50.0,Australia
11573,771649,Roland Cato,FLICK,1,2,1,1.0,50.0,West Indies
11574,393279,Marchant de Lange,COVER_DRIVE,1,2,1,1.0,50.0,South Africa
11575,784373,Kamindu Mendis,DEFENDED,1,33,1,1.0,3.03,Sri Lanka
11576,290947,James Burke,PULL_HOOK_ON_BACK_FOOT,1,2,1,1.0,50.0,England
11577,764311,Nick Selman,FORWARD_DEFENCE,1,10,1,1.0,10.0,England
11578,767223,Ollie Sale,FORWARD_DEFENCE,1,4,1,1.0,25.0,England
11579,1241269,Hazrat Luqman,FLICK,1,1,1,1.0,100.0,
11580,1219972,Brody Couch,FLICK,1,2,1,1.0,50.0,United States of America
11581,290632,Sreenath Aravind,ON_DRIVE,1,5,2,0.5,20.0,India
11582,784615,Henry Hunt,SLOG_SHOT,1,2,1,1.0,50.0,Australia
11583,1216350,Wil Parker,FLICK,1,2,1,1.0,50.0,Australia
11584,288617,Ross Whiteley,SLOG_SWEEP,1,4,2,0.5,25.0,England
11585,12461,Jade Dernbach,PULL_HOOK_ON_BACK_FOOT,1,2,1,1.0,50.0,England
11586,277906,Kane Williamson,BACK_DEFENCE,1,5,1,1.0,20.0,New Zealand
11587,760015,Ed Pollock,BACK_DEFENCE,1,8,1,1.0,12.5,England
11588,524253,Norman Vanua,DEFENDED,1,12,2,0.5,8.33,Papua New Guinea
11589,1217487,Mubasir Khan,DEFENDED,1,4,2,0.5,25.0,Pakistan
11590,280735,Sharifullah,PULL,1,2,1,1.0,50.0,Bangladesh
11591,277914,Jeet Raval,SQUARE_DRIVE,1,3,1,1.0,33.33,New Zealand
11592,784379,Wanindu Hasaranga,SWEEP_SHOT,1,2,1,1.0,50.0,Sri Lanka
11593,1218226,Muhammad Faizan,SLOG_SHOT,1,2,1,1.0,50.0,Pakistan
11594,778963,Abhinav Manohar,DEFENDED,1,25,4,0.25,4.0,India
11595,772293,Michael Pepper,BACK_DEFENCE,1,11,1,1.0,9.09,England
11596,290638,Amit Yadav,ON_DRIVE,1,3,1,1.0,33.33,India
11597,775015,Rohan Rangarajan,COVER_DRIVE,1,1,1,1.0,100.0,Singapore
11598,784379,Wanindu Hasaranga de Silva,LEFT_ALONE,1,17,2,0.5,5.88,Sri Lanka
11599,279545,Pradeep Sangwan,FLICK,1,2,1,1.0,50.0,India
11600,451782,James Fuller,FORWARD_DEFENCE,1,17,1,1.0,5.88,England
11601,1241265,Aayan Afzal Khan,SLOG_SHOT,1,5,3,0.33,20.0,United Arab Emirates
11602,429903,Lesiba Ngoepe,SLOG_SHOT,0,1,1,0.0,0.0,South Africa
11603,1181708,Nick Greenwood,PULL,0,1,1,0.0,0.0,Jersey
11604,464702,Diego Rosier,DEFENDED,0,4,1,0.0,0.0,South Africa
11605,1234111,Mohammad Imran,PUSH,0,1,1,0.0,0.0,Pakistan
11606,21431,Ajmal Shahzad,PULL_HOOK_ON_BACK_FOOT,0,1,1,0.0,0.0,England
11607,440520,Bevan Small,SLOG_SHOT,0,1,1,0.0,0.0,New Zealand
11608,1181702,Jacques Banton,VERTICAL_FORWARD_ATTACK,0,1,1,0.0,0.0,England
11609,1201539,Johnson Singh,PULL,0,1,1,0.0,0.0,India
11610,1181700,Tom Prest,FORWARD_DEFENCE,0,12,1,0.0,0.0,England
11611,5939,Michael Hussey,HOOK,0,1,1,0.0,0.0,Australia
11612,1343701,Uday Hathinjar,SLOG_SWEEP,0,1,1,0.0,0.0,Cambodia
11613,1249881,Zeeshan Zameer,DEFENDED,0,1,1,0.0,0.0,Pakistan
11614,24237,John Mooney,LEG_GLANCE,0,1,1,0.0,0.0,Ireland
11615,1348021,Rizwan Haider,STRAIGHT_DRIVE,0,1,1,0.0,0.0,Malaysia
11616,440522,Logan van Beek,HOOK,0,2,2,0.0,0.0,Netherlands
11617,1185233,Bibek Yadav,SWEEP_SHOT,0,1,1,0.0,0.0,Nepal
11618,429903,Lesiba Ngoepe,REVERSE_SWEEP,0,1,1,0.0,0.0,South Africa
11619,1344846,Saad Khan,SLOG_SHOT,0,1,1,0.0,0.0,Saudi Arabia
11620,1352980,Habibur Rahman Sohan,DEFENDED,0,14,1,0.0,0.0,Bangladesh
11621,1353033,Muhammad Jawadullah,SLOG_SWEEP,0,1,1,0.0,0.0,United Arab Emirates
11622,1199892,Ateeq Iqbal,SLOG_SHOT,0,1,1,0.0,0.0,Hong Kong
11623,1200126,Ben Kellaway,LEG_GLANCE,0,1,1,0.0,0.0,England
11624,1241265,Aayan Afzal Khan,DEFENDED,0,16,1,0.0,0.0,United Arab Emirates
11625,25601,Mohammad Tauqir,DEFENDED,0,1,1,0.0,0.0,United Arab Emirates
11626,1182529,Noor Ahmad,SLOG_SWEEP,0,1,1,0.0,0.0,Afghanistan
11627,1201514,Mickil Jaiswal,DEFENDED,0,3,1,0.0,0.0,India
11628,1252163,Cole Briggs,STRAIGHT_DRIVE,0,2,1,0.0,0.0,New Zealand
11629,1182529,Noor Ahmad,DEFENDED,0,9,1,0.0,0.0,Afghanistan
11630,1344838,Atif-Ur-Rehman,COVER_DRIVE,0,1,1,0.0,0.0,Saudi Arabia
11631,1252341,Vikash Kumar,DEFENDED,0,2,1,0.0,0.0,India
11632,25977,Sharad Vesawkar,BACK_DEFENCE,0,2,1,0.0,0.0,Nepal
11633,1252341,Vikash Kumar,FLICK,0,2,1,0.0,0.0,India
11634,25446,Kyle Coetzer,SWEEP,0,1,1,0.0,0.0,Scotland
11635,457279,Olly Stone,COVER_DRIVE,0,2,1,0.0,0.0,England
11636,1181708,Nick Greenwood,SQUARE_DRIVE,0,3,2,0.0,0.0,Jersey
11637,457279,Olly Stone,DEFENDED,0,1,1,0.0,0.0,England
11638,21440,John Simpson,STEERED,0,1,1,0.0,0.0,England
11639,21440,John Simpson,SLOG_SWEEP,0,1,1,0.0,0.0,England
11640,1344844,Usman Najeeb,ON_DRIVE,0,1,1,0.0,0.0,Saudi Arabia
11641,1182529,Noor Ahmad,REVERSE_SWEEP,0,1,1,0.0,0.0,Afghanistan
11642,450860,Adam Milne,DEFENDED,0,5,1,0.0,0.0,New Zealand
11643,1202236,Jack Clayton,FLICK,0,1,1,0.0,0.0,Australia
11644,1176738,Shafiqullah Ghafari,LEG_GLANCE,0,1,1,0.0,0.0,Afghanistan
11645,1202236,Jack Clayton,SWEEP_SHOT,0,1,1,0.0,0.0,Australia
11646,32540,Cheteshwar Pujara,HOOK,0,1,1,0.0,0.0,India
11647,24599,Boyd Rankin,SLOG_SHOT,0,1,1,0.0,0.0,Ireland
11648,13981,David Griffiths,SWEEP,0,1,1,0.0,0.0,England
11649,1339013,Nihar Narah,COVER_DRIVE,0,2,1,0.0,0.0,India
11650,1337527,Hamish McKenzie,ON_DRIVE,0,1,1,0.0,0.0,Australia
11651,1337353,Abdullah Bayoumy,ON_DRIVE,0,3,1,0.0,0.0,South Africa
11652,459508,Andrew Tye,CUT_SHOT_ON_BACK_FOOT,0,2,1,0.0,0.0,Australia
11653,1337353,Abdullah Bayoumy,DEFENDED,0,2,1,0.0,0.0,South Africa
11654,1332783,Arafat Minhas,STEERED,0,1,1,0.0,0.0,Pakistan
11655,1176959,Akash Deep,PUSH,0,1,1,0.0,0.0,India
11656,1253822,Gulsan Jha,UPPER_CUT,0,1,1,0.0,0.0,Nepal
11657,1152432,Kalana Perera,DEFENDED,0,1,1,0.0,0.0,Sri Lanka
11658,459508,Andrew Tye,LEFT_ALONE,0,1,1,0.0,0.0,Australia
11659,446499,Unmukt Chand,SLOG_SHOT,0,1,1,0.0,0.0,United States of America
11660,446499,Unmukt Chand,SLOG_SWEEP,0,2,1,0.0,0.0,United States of America
11661,32242,Parthiv Patel,RAMP,0,1,1,0.0,0.0,India
11662,1175489,Sameer Rizvi,UPPER_CUT,0,2,1,0.0,0.0,India
11663,1175489,Sameer Rizvi,STRAIGHT_DRIVE,0,2,1,0.0,0.0,India
11664,1163488,Rejaur Rahman Raja,HOOK,0,2,1,0.0,0.0,Bangladesh
11665,1329697,Sufiyan Muqeem,SLOG_SHOT,0,2,1,0.0,0.0,Pakistan
11666,1329941,Adwitya Bhargava,LEFT_ALONE,0,0,1,0.0,,Singapore
11667,20286,Vikram Solanki,NO_SHOT,0,1,1,0.0,0.0,England
11668,1331347,Hunain Shah,SLOG_SHOT,0,2,2,0.0,0.0,Pakistan
11669,1152714,Terrance Hinds,FLICK,0,1,1,0.0,0.0,West Indies
11670,1152714,Terrance Hinds,ON_DRIVE,0,1,1,0.0,0.0,West Indies
11671,1254269,Aman Hakim Khan,DEFENDED,0,16,1,0.0,0.0,India
11672,32965,Munaf Patel,ON_DRIVE,0,3,2,0.0,0.0,India
11673,1339111,Saad Baig,DEFENDED,0,1,1,0.0,0.0,
11674,1201541,Langlonyamba Meitan Keishangbam,SLOG_SHOT,0,1,1,0.0,0.0,India
11675,25446,Kyle Coetzer,CUT_SHOT_ON_BACK_FOOT,0,3,1,0.0,0.0,Scotland
11676,1354638,Anish Prasad,SLOG_SHOT,0,1,1,0.0,0.0,Cambodia
11677,13956,Alex Gidman,CUT_SHOT_ON_BACK_FOOT,0,1,1,0.0,0.0,England
11678,1339088,Shawaiz Irfan,COVER_DRIVE,0,1,1,0.0,0.0,Pakistan
11679,1151288,Sai Sudharsan,DEFENDED,0,26,2,0.0,0.0,India
11680,1252585,Shubham Dubey,SLOG_SWEEP,0,2,1,0.0,0.0,India
11681,1339770,Neeraj Rathour,DEFENDED,0,1,1,0.0,0.0,India
11682,437438,Prenelan Subrayen,FLICK,0,1,1,0.0,0.0,South Africa
11683,32966,Piyush Chawla,REVERSE_SWEEP,0,1,1,0.0,0.0,India
11684,1340427,Bikash Singh,DAB,0,1,1,0.0,0.0,India
11685,5941,Ben Hilfenhaus,ON_DRIVE,0,3,1,0.0,0.0,Australia
11686,1152410,Navod Paranavithana,FLICK,0,1,1,0.0,0.0,Sri Lanka
11687,1178065,Divan la Cock,ON_DRIVE,0,1,1,0.0,0.0,Namibia
11688,1201572,Karnajit Yumnam,SQUARE_DRIVE,0,4,1,0.0,0.0,India
11689,1201603,Nagaho Chishi,CUT_SHOT,0,1,1,0.0,0.0,India
11690,1152410,Navod Paranavithana,SLOG_SHOT,0,2,2,0.0,0.0,Sri Lanka
11691,434813,Marcus Harris,UPPER_CUT,0,1,1,0.0,0.0,Australia
11692,13981,David Griffiths,LEG_GLANCE,0,1,1,0.0,0.0,England
11693,11718,Nick Compton,BACK_DEFENCE,0,2,1,0.0,0.0,England
11694,1201552,Sachin Kumar,SLOG_SWEEP,0,2,1,0.0,0.0,India
11695,1167779,Ayush Shukla,SLOG_SHOT,0,1,1,0.0,0.0,Hong Kong
11696,23512,David Wainwright,PULL_HOOK_ON_BACK_FOOT,0,1,1,0.0,0.0,England
11697,465783,Vishwa Fernando,DEFENDED,0,1,1,0.0,0.0,Sri Lanka
11698,1404712,Ubaid Shah,SLOG_SHOT,0,2,1,0.0,0.0,
11699,12461,Jade Dernbach,CUT_SHOT_ON_BACK_FOOT,0,1,1,0.0,0.0,England
11700,1246435,Pragnay Reddy,DEFENDED,0,1,1,0.0,0.0,India
11701,1143528,Fiaz Ahmed,PUSH,0,1,1,0.0,0.0,Bahrain
11702,1246435,Pragnay Reddy,ON_DRIVE,0,1,1,0.0,0.0,India
11703,1192940,Shiraz Khan,SQUARE_DRIVE,0,2,1,0.0,0.0,Kuwait
11704,1141545,Khalid Shah,PUSH,0,2,1,0.0,0.0,United Arab Emirates
11705,1246422,Denish Das,COVER_DRIVE,0,4,2,0.0,0.0,India
11706,1193529,Ollie White,PUSH,0,3,1,0.0,0.0,New Zealand
11707,1241280,Nilansh Keswani,STRAIGHT_DRIVE,0,2,1,0.0,0.0,United Arab Emirates
11708,1411891,Tanish Suri,RAMP,0,1,1,0.0,0.0,United Arab Emirates
11709,1167838,Ahmed Baladraf,FLICK,0,1,1,0.0,0.0,Saudi Arabia
11710,440963,Aftab Alam,CUT_SHOT,0,3,1,0.0,0.0,Afghanistan
11711,1246439,Muthyala Charan,LEFT_ALONE,0,2,1,0.0,0.0,India
11712,1143809,Henry Crocombe,BACK_DEFENCE,0,3,1,0.0,0.0,England
11713,1400702,Nimish Lathief,DEFENDED,0,2,1,0.0,0.0,Kuwait
11714,1145103,Oliver Carter,CUT_SHOT_ON_BACK_FOOT,0,2,1,0.0,0.0,England
11715,1398840,Sajjad Ali,CUT_SHOT,0,1,1,0.0,0.0,Pakistan
11716,1195245,Vinoth Baskaran,SLOG_SHOT,0,1,1,0.0,0.0,Singapore
11717,440970,Hashmatullah Shahidi,REVERSE_SWEEP,0,4,1,0.0,0.0,Afghanistan
11718,1246455,Mohit Raut,SLOG_SWEEP,0,1,1,0.0,0.0,India
11719,1194959,Jacob Bethell,STEERED,0,1,1,0.0,0.0,England
11720,1194967,Dominic Goodman,BACK_DEFENCE,0,1,1,0.0,0.0,
11721,1411895,Omid Shafi Rahman,FLICK,0,2,1,0.0,0.0,
11722,459257,Tymal Mills,RAMP,0,1,1,0.0,0.0,England
11723,1428999,Vimukthi Viraj,ON_DRIVE,0,2,1,0.0,0.0,
11724,1193549,Kristian Clarke,UPPER_CUT,0,1,1,0.0,0.0,New Zealand
11725,1428733,Nazmus Sakib,CUT_SHOT,0,4,2,0.0,0.0,
11726,1139518,Pritom Kumar,PULL,0,1,1,0.0,0.0,Bangladesh
11727,1422847,Rifayi Theruvath,SWEEP_SHOT,0,1,1,0.0,0.0,
11728,1193539,Jesse Tashkoff,SLOG_SWEEP,0,1,1,0.0,0.0,New Zealand
11729,1429000,Asanka Gunarathne,SLOG_SHOT,0,4,2,0.0,0.0,
11730,1193541,William Clark,SLOG_SWEEP,0,1,1,0.0,0.0,New Zealand
11731,1193544,Joey Field,DEFENDED,0,1,1,0.0,0.0,New Zealand
11732,1139511,Parvez Hossain Emon,DEFENDED,0,23,1,0.0,0.0,Bangladesh
11733,1139511,Parvez Hossain Emon,HOOK,0,1,1,0.0,0.0,Bangladesh
11734,1193548,Tim Pringle,SQUARE_DRIVE,0,1,1,0.0,0.0,Netherlands
11735,451782,James Fuller,DEFENDED,0,2,1,0.0,0.0,England
11736,1193549,Kristian Clarke,LEFT_ALONE,0,1,1,0.0,0.0,New Zealand
11737,1244751,Arshad Khan,SLOG_SWEEP,0,1,1,0.0,0.0,India
11738,440828,Rishav Das,SLOG_SWEEP,0,1,1,0.0,0.0,India
11739,4493,Dean Brownlie,CUT_SHOT,0,4,1,0.0,0.0,New Zealand
11740,1243738,Mitchell Hay,DEFENDED,0,3,1,0.0,0.0,New Zealand
11741,1414159,Sagar Kalyan,SWEEP_SHOT,0,1,1,0.0,0.0,
11742,458897,Ruaidhri Smith,BACK_DEFENCE,0,2,1,0.0,0.0,Scotland
11743,1414159,Sagar Kalyan,CUT_SHOT,0,3,1,0.0,0.0,
11744,1139523,Rishad Hossain,DEFENDED,0,6,1,0.0,0.0,Bangladesh
11745,23460,Luke Wright,NO_SHOT,0,14,1,0.0,0.0,England
11746,429897,Mathew Pillans,NO_SHOT,0,2,1,0.0,0.0,South Africa
11747,1168049,Jake Fraser-McGurk,RAMP,0,1,1,0.0,0.0,Australia
11748,4451,George Bailey,SLOG_SWEEP,0,1,1,0.0,0.0,Australia
11749,1146769,Dominic Leech,VERTICAL_FORWARD_ATTACK,0,1,1,0.0,0.0,England
11750,1147613,James Wharton,BACK_DEFENCE,0,2,1,0.0,0.0,England
11751,21585,Marcus Trescothick,FORWARD_DEFENCE,0,7,1,0.0,0.0,England
11752,1185538,Mohammad Wasim,REVERSE_SCOOP,0,1,1,0.0,0.0,Pakistan
11753,1149723,Ben Wells,FORWARD_DEFENCE,0,6,1,0.0,0.0,England
11754,465093,Robbie White,LEG_GLANCE,0,1,1,0.0,0.0,England
11755,4527,Ryan Campbell,SWEEP_SHOT,0,1,1,0.0,0.0,Hong Kong
11756,443263,Hayden Walsh,PADDLE_SWEEP,0,1,1,0.0,0.0,West Indies
11757,35582,Robin Uthappa,RAMP,0,2,1,0.0,0.0,India
11758,434429,Aamer Yamin,DEFENDED,0,4,1,0.0,0.0,Pakistan
11759,1373205,Salvin Stanly,SLOG_SWEEP,0,1,1,0.0,0.0,
11760,1185538,Mohammad Wasim,SWEEP_SHOT,0,2,1,0.0,0.0,Pakistan
11761,1166910,Piyush Joshi,DEFENDED,0,3,1,0.0,0.0,India
11762,1149211,Robin Das,PULL,0,1,1,0.0,0.0,England
11763,1199393,Abdul Bangalzai,DEFENDED,0,1,1,0.0,0.0,Pakistan
11764,1149211,Robin Das,SLOG_SHOT,0,1,1,0.0,0.0,England
11765,1362934,Michael Charlie,FLICK,0,1,1,0.0,0.0,Papua New Guinea
11766,1361962,Ahsan ul Haq,CUT_SHOT,0,1,1,0.0,0.0,Kuwait
11767,1199669,Ashwanth Valthapa,FLICK,0,1,1,0.0,0.0,
11768,1164186,Shivank Vashisht,PULL,0,3,1,0.0,0.0,India
11769,1185475,Qasim Akram,UPPER_CUT,0,1,1,0.0,0.0,Pakistan
11770,1365333,Parveen Kumar,LEFT_ALONE,0,1,1,0.0,0.0,
11771,1164213,Lalhruaizela,CUT_SHOT,0,1,1,0.0,0.0,India
11772,457279,Olly Stone,SLOG_SWEEP,0,1,1,0.0,0.0,England
11773,1248374,Aamer Azmat,PUSH,0,1,1,0.0,0.0,Pakistan
11774,1150572,Luke Doneathy,SWEEP,0,1,1,0.0,0.0,England
11775,457279,Olly Stone,SLOG_SHOT,0,1,1,0.0,0.0,England
11776,1199434,Nangeyalia Kharote,PUSH,0,1,1,0.0,0.0,Afghanistan
11777,1195776,Priyesh Patel,PULL,0,1,1,0.0,0.0,India
11778,36084,Yuvraj Singh,LEFT_ALONE,0,25,1,0.0,0.0,India
11779,36084,Yuvraj Singh,HOOK,0,3,1,0.0,0.0,India
11780,1397991,Muhammad Jabir,PUSH,0,1,1,0.0,0.0,Qatar
11781,1397991,Muhammad Jabir,ON_DRIVE,0,1,1,0.0,0.0,Qatar
11782,1191192,Sonny Baker,FLICK,0,2,1,0.0,0.0,England
11783,1246507,L Kishan Singha,DEFENDED,0,3,1,0.0,0.0,India
11784,1147613,James Wharton,LEG_GLANCE,0,1,1,0.0,0.0,England
11785,431905,Shane Dowrich,FLICK,0,1,1,0.0,0.0,West Indies
11786,1246494,Nzanthung Mozhui,SQUARE_DRIVE,0,2,1,0.0,0.0,India
11787,25964,Shakti Gauchan,LEG_GLANCE,0,2,2,0.0,0.0,Nepal
11788,1388460,Rahul Chopra,SLOG_SHOT,0,1,1,0.0,0.0,
11789,1246528,Umran Malik,DEFENDED,0,4,1,0.0,0.0,India
11790,1186658,Chamindu Wickramasinghe,ON_DRIVE,0,1,1,0.0,0.0,Sri Lanka
11791,1388460,Rahul Chopra,ON_DRIVE,0,2,1,0.0,0.0,
11792,12461,Jade Dernbach,UPPER_CUT,0,1,1,0.0,0.0,England
11793,1387900,Uday Bhagwan,SLOG_SHOT,0,1,1,0.0,0.0,
11794,1149157,Chris Benjamin,SQUARE_DRIVE,0,3,1,0.0,0.0,England
11795,1149157,Chris Benjamin,DEFENDED,0,6,1,0.0,0.0,England
11796,1397990,Mohammed Irshad,SLOG_SHOT,0,1,1,0.0,0.0,Qatar
11797,450860,Adam Milne,REVERSE_SWEEP,0,1,1,0.0,0.0,New Zealand
11798,35928,Bipul Sharma,SLOG_SHOT,0,3,1,0.0,0.0,India
11799,1397990,Mohammed Irshad,DEFENDED,0,4,1,0.0,0.0,Qatar
11800,1148776,Arjun Tendulkar,SLOG_SWEEP,0,1,1,0.0,0.0,India
11801,1328438,Sabir Ali,FLICK,0,1,1,0.0,0.0,United Arab Emirates
11802,438362,Sandeep Sharma,REVERSE_SWEEP,0,1,1,0.0,0.0,India
11803,437005,Binod Bhandari,SLOG_SHOT,0,1,1,0.0,0.0,Nepal
11804,1159940,Rex Rajkumar,DEFENDED,0,5,1,0.0,0.0,India
11805,26038,Adnan Ilyas,STEERED,0,1,1,0.0,0.0,Oman
11806,7547,Ben Rohrer,HOOK,0,1,1,0.0,0.0,Australia
11807,7547,Ben Rohrer,DEFENDED,0,3,1,0.0,0.0,Australia
11808,1173272,Bayley Wiggins,SQUARE_DRIVE,0,1,1,0.0,0.0,New Zealand
11809,447142,Sudip Chatterjee,SLOG_SHOT,0,1,1,0.0,0.0,India
11810,1284540,Ishtiaq Ahmad,ON_DRIVE,0,1,1,0.0,0.0,Saudi Arabia
11811,1173272,Bayley Wiggins,SLOG_SHOT,0,1,1,0.0,0.0,New Zealand
11812,1209292,Vaibhav Arora,CUT_SHOT,0,1,1,0.0,0.0,India
11813,1159808,Imliwati Lemtur,PULL,0,1,1,0.0,0.0,India
11814,429981,Mohammad Irfan,SLOG_SWEEP,0,1,1,0.0,0.0,Pakistan
11815,1159812,Sedezhalie Rupero,DEFENDED,0,6,1,0.0,0.0,India
11816,1159812,Sedezhalie Rupero,FLICK,0,1,1,0.0,0.0,India
11817,459752,Scott McKechnie,SLOG_SHOT,0,1,1,0.0,0.0,Hong Kong
11818,1278263,Jack Jarvis,DEFENDED,0,6,1,0.0,0.0,
11819,1161381,Mahmudul Hasan Joy,DEFENDED,0,31,1,0.0,0.0,Bangladesh
11820,1263698,William Luxton,PULL_HOOK_ON_BACK_FOOT,0,2,2,0.0,0.0,England
11821,1264431,Kadeem Alleyne,PULL,0,1,1,0.0,0.0,West Indies
11822,429981,Mohammad Irfan,STRAIGHT_DRIVE,0,1,1,0.0,0.0,Pakistan
11823,1264431,Kadeem Alleyne,PUSH,0,1,1,0.0,0.0,West Indies
11824,459752,Scott McKechnie,SLOG_SWEEP,0,1,1,0.0,0.0,Hong Kong
11825,1172968,Dan Mousley,SLOG_SWEEP,0,1,1,0.0,0.0,England
11826,429981,Mohammad Irfan,STEERED,0,1,1,0.0,0.0,Pakistan
11827,447261,Deepak Chahar,SLOG_SWEEP,0,1,1,0.0,0.0,India
11828,1172968,Dan Mousley,SLOG_SHOT,0,1,1,0.0,0.0,England
11829,447587,Jayant Yadav,UPPER_CUT,0,1,1,0.0,0.0,India
11830,1263691,Rehan Ahmed,STRAIGHT_DRIVE,0,2,1,0.0,0.0,England
11831,1159951,Kangabam Singh,SWEEP_SHOT,0,1,1,0.0,0.0,India
11832,24853,Nicolaas Scholtz,SLOG_SHOT,0,1,1,0.0,0.0,Namibia
11833,1159805,Tahmeed Rahman,ON_DRIVE,0,2,1,0.0,0.0,India
11834,1260386,Tawanda Muyeye,FLICK,0,1,1,0.0,0.0,England
11835,437005,Binod Bhandari,VERTICAL_FORWARD_ATTACK,0,1,1,0.0,0.0,Nepal
11836,1159734,Sumit Kumar,SLOG_SWEEP,0,2,1,0.0,0.0,India
11837,431910,Nicholson Gordon,DEFENDED,0,1,1,0.0,0.0,West Indies
11838,26038,Adnan Ilyas,CUT_SHOT,0,2,1,0.0,0.0,Oman
11839,1260386,Tawanda Muyeye,FORWARD_DEFENCE,0,14,1,0.0,0.0,England
11840,1217288,Usman Patel,RAMP,0,1,1,0.0,0.0,Kuwait
11841,430246,Yuzvendra Chahal,STEERED,0,3,2,0.0,0.0,India
11842,1209196,Kirk McKenzie,SWEEP_SHOT,0,2,1,0.0,0.0,West Indies
11843,1169695,Troy Johnson,ON_DRIVE,0,0,1,0.0,,New Zealand
11844,1287040,Joseph Lalthankhuma,PULL,0,1,1,0.0,0.0,India
11845,446808,Pradeep Airee,SQUARE_DRIVE,0,2,1,0.0,0.0,Nepal
11846,1217359,Sayed Monib,DAB,0,1,1,0.0,0.0,Kuwait
11847,1159720,Yash Dayal,PUSH,0,1,1,0.0,0.0,India
11848,1159722,Simarjeet Singh,DEFENDED,0,2,1,0.0,0.0,India
11849,24827,Gerrie Snyman,SWEEP_SHOT,0,1,1,0.0,0.0,Namibia
11850,1175296,Sachindu Colombage,RAMP,0,1,1,0.0,0.0,Sri Lanka
11851,1159725,Vishamber Kahlon,ON_DRIVE,0,1,1,0.0,0.0,India
11852,1161486,Leonardo Julien,DEFENDED,0,2,1,0.0,0.0,West Indies
11853,1209272,Adnan Mirza,SLOG_SHOT,0,1,1,0.0,0.0,Qatar
11854,448074,Martin Coetzee,STEERED,0,1,1,0.0,0.0,Hong Kong
11855,1159753,G Lalbiakvela,FLICK,0,1,1,0.0,0.0,India
11856,1161486,Leonardo Julien,COVER_DRIVE,0,2,1,0.0,0.0,West Indies
11857,1159774,Mayank Mishra,FLICK,0,1,1,0.0,0.0,India
11858,1170229,Ahmed Shah,FLICK,0,1,1,0.0,0.0,India
11859,1209272,Adnan Mirza,SWEEP_SHOT,0,1,1,0.0,0.0,Qatar
11860,1174024,Sandeep Goud,COVER_DRIVE,0,2,1,0.0,0.0,Oman
11861,1284669,Usman Khalid,SWEEP_SHOT,0,1,1,0.0,0.0,Saudi Arabia
11862,1169695,Troy Johnson,SLOG_SHOT,0,1,1,0.0,0.0,New Zealand
11863,1287017,Kuldeep Gehi,SLOG_SWEEP,0,1,1,0.0,0.0,India
11864,1159748,Lalhmangaiha,ON_DRIVE,0,1,1,0.0,0.0,India
11865,16938,David Masters,CUT_SHOT_ON_BACK_FOOT,0,1,1,0.0,0.0,England
11866,16851,Chris Liddle,VERTICAL_FORWARD_ATTACK,0,1,1,0.0,0.0,England
11867,1213979,Mitchell Owen,SLOG_SWEEP,0,1,1,0.0,0.0,Australia
11868,436757,Heinrich Klaasen,RAMP,0,4,3,0.0,0.0,South Africa
11869,1266706,Tahjibul Islam,PULL,0,2,1,0.0,0.0,Bangladesh
11870,1214273,Ryan Harrison,SLOG_SWEEP,0,1,1,0.0,0.0,New Zealand
11871,1275937,McKenny Clarke,SWEEP_SHOT,0,1,1,0.0,0.0,West Indies
11872,1216350,Wil Parker,SLOG_SHOT,0,2,2,0.0,0.0,Australia
11873,1212829,Ali Naseer,REVERSE_SWEEP,0,1,1,0.0,0.0,United Arab Emirates
11874,1266476,Charlie Tear,SLOG_SWEEP,0,2,1,0.0,0.0,
11875,1275943,Johann Layne,PULL,0,1,1,0.0,0.0,West Indies
11876,27280,Manvinder  Bisla,CUT_SHOT,0,1,1,0.0,0.0,India
11877,1171647,Avneesh Sudha,DEFENDED,0,14,1,0.0,0.0,India
11878,1273885,Avinash Jadhav,SLOG_SHOT,0,1,1,0.0,0.0,India
11879,8845,Tim Ambrose,FORWARD_DEFENCE,0,11,1,0.0,0.0,England
11880,1216158,Aman Mokhade,PULL,0,1,1,0.0,0.0,India
11881,1171127,Haseebullah Khan,DEFENDED,0,10,3,0.0,0.0,Pakistan
11882,1273869,Parameeswaran Sivaraman,PUSH,0,2,1,0.0,0.0,India
11883,1273869,Parameeswaran Sivaraman,DEFENDED,0,2,1,0.0,0.0,India
11884,1273854,Bharat Sharma,SLOG_SHOT,0,1,1,0.0,0.0,India
11885,1272475,Zaman Khan,VERTICAL_FORWARD_ATTACK,0,1,1,0.0,0.0,Pakistan
11886,1216133,Prateek Reddy,PULL,0,1,1,0.0,0.0,India
11887,1273948,Akash Kargave,REVERSE_SWEEP,0,2,1,0.0,0.0,India
11888,1214676,Rishav Raj,CUT_SHOT,0,1,1,0.0,0.0,India
11889,1161043,Mohammed Faraazuddin,SLOG_SHOT,0,2,1,0.0,0.0,United Arab Emirates
11890,1214967,Sohan de Livera,REVERSE_SWEEP,0,1,1,0.0,0.0,Sri Lanka
11891,1272475,Zaman Khan,PULL,0,3,1,0.0,0.0,Pakistan
11892,1216133,Prateek Reddy,ON_DRIVE,0,3,1,0.0,0.0,India
11893,29264,Harbhajan Singh,UPPER_CUT,0,1,1,0.0,0.0,India
11894,1212583,Hardik Tamore,SWEEP_SHOT,0,1,1,0.0,0.0,India
11895,1276983,Ashiqur Zaman,SLOG_SHOT,0,1,1,0.0,0.0,Bangladesh
11896,29264,Harbhajan Singh,LEFT_ALONE,0,7,1,0.0,0.0,India
11897,1276980,Ripon Mondol,ON_DRIVE,0,1,1,0.0,0.0,Bangladesh
11898,1264775,Tom Lawes,PULL_HOOK_ON_BACK_FOOT,0,2,1,0.0,0.0,England
11899,1210733,Jack Wood,PUSH,0,1,1,0.0,0.0,Australia
11900,1210511,Nahid Rana,PUSH,0,2,1,0.0,0.0,Bangladesh
11901,1277545,Abishek Porel,SLOG_SWEEP,0,1,1,0.0,0.0,India
11902,8076,Shaun Tait,PULL_HOOK_ON_BACK_FOOT,0,1,1,0.0,0.0,Australia
11903,1210511,Nahid Rana,SWEEP_SHOT,0,1,1,0.0,0.0,Bangladesh
11904,1210733,Jack Wood,CUT_SHOT,0,2,1,0.0,0.0,Australia
11905,1217156,Ravindu Fernando,UPPER_CUT,0,1,1,0.0,0.0,Sri Lanka
11906,452044,Hanuma Vihari,SLOG_SHOT,0,2,2,0.0,0.0,India
11907,1276980,Ripon Mondol,DEFENDED,0,4,1,0.0,0.0,Bangladesh
11908,1265083,Josh Baker,SWEEP,0,1,1,0.0,0.0,England
11909,25056,Assad Vala,PUSH_SHOT,0,2,1,0.0,0.0,Papua New Guinea
11910,437005,Binod Bhandari,ON_DRIVE,0,2,1,0.0,0.0,Nepal
11911,17171,Gordon Muchall,FORWARD_DEFENCE,0,12,1,0.0,0.0,England
11912,1161032,Dhananjay Rao,FLICK,0,1,1,0.0,0.0,
11913,1161032,Dhananjay Rao,STRAIGHT_DRIVE,0,1,1,0.0,0.0,
11914,25051,Mahuru Dai,FORWARD_DEFENCE,0,7,1,0.0,0.0,Papua New Guinea
11915,1161050,Sediqullah Atal,SLOG_SHOT,0,1,1,0.0,0.0,Afghanistan
11916,8291,Cameron White,SLOG_SWEEP,0,1,1,0.0,0.0,Australia
11917,1216919,Abdul Nasir,FLICK,0,1,1,0.0,0.0,Pakistan
11918,17134,Tim Murtagh,VERTICAL_FORWARD_ATTACK,0,1,1,0.0,0.0,Ireland
11919,452044,Hanuma Vihari,UPPER_CUT,0,1,1,0.0,0.0,India
11920,447458,Swapnil Patil,DEFENDED,0,19,1,0.0,0.0,United Arab Emirates
11921,1172124,Sarfaraz Ali,ON_DRIVE,0,4,3,0.0,0.0,Bahrain
11922,28160,Paras Dogra,PULL,0,1,1,0.0,0.0,India
11923,1276922,Ijaz Ahmad Ahmadzai,FLICK,0,1,1,0.0,0.0,Afghanistan
11924,25056,Assad Vala,SLOG_SHOT,0,5,1,0.0,0.0,Papua New Guinea
11925,1205981,Corey Rocchiccioli,SLOG_SHOT,0,1,1,0.0,0.0,Australia
11926,1158088,Naseem Shah,DEFENDED,0,5,3,0.0,0.0,Pakistan
11927,1158088,Naseem Shah,HOOK,0,1,1,0.0,0.0,Pakistan
11928,1206033,Parth Chauhan,CUT_SHOT,0,1,1,0.0,0.0,India
11929,1158088,Naseem Shah,LEFT_ALONE,0,2,1,0.0,0.0,Pakistan
11930,1300581,Anirudh Singh,SQUARE_DRIVE,0,1,1,0.0,0.0,India
11931,1175477,Piyush Singh,SLOG_SHOT,0,1,1,0.0,0.0,India
11932,1300576,Vishal Jayswal,SLOG_SWEEP,0,1,1,0.0,0.0,India
11933,1300576,Vishal Jayswal,LEFT_ALONE,0,1,1,0.0,0.0,India
11934,19264,Liam Plunkett,STEERED,0,2,1,0.0,0.0,United States of America
11935,1219972,Brody Couch,STEERED,0,1,1,0.0,0.0,United States of America
11936,1299843,Pukhraj Mann,SQUARE_DRIVE,0,1,1,0.0,0.0,India
11937,1301600,Umer Toor,SWEEP_SHOT,0,1,1,0.0,0.0,Bahrain
11938,1301600,Umer Toor,SLOG_SHOT,0,1,1,0.0,0.0,Bahrain
11939,19296,Kevin Pietersen,BACK_DEFENCE,0,2,1,0.0,0.0,England
11940,1301600,Umer Toor,DEFENDED,0,10,2,0.0,0.0,Bahrain
11941,439952,Chris Morris,SLOG_SWEEP,0,1,1,0.0,0.0,South Africa
11942,1301551,Yuvraj Singh,SQUARE_DRIVE,0,1,1,0.0,0.0,India
11943,1158088,Naseem Shah,STRAIGHT_DRIVE,0,1,1,0.0,0.0,Pakistan
11944,1175477,Piyush Singh,ON_DRIVE,0,1,1,0.0,0.0,India
11945,1175469,Nitin Sharma,SLOG_SHOT,0,2,1,0.0,0.0,India
11946,1295903,Kevin Wickham,COVER_DRIVE,0,1,1,0.0,0.0,West Indies
11947,1295879,John Kariko,PUSH,0,3,1,0.0,0.0,Papua New Guinea
11948,1168743,Sagar Udeshi,STRAIGHT_DRIVE,0,1,1,0.0,0.0,India
11949,1295851,Joel Davies,SWEEP_SHOT,0,1,1,0.0,0.0,Australia
11950,1206110,Kevin Sinclair,SLOG_SWEEP,0,1,1,0.0,0.0,West Indies
11951,1206110,Kevin Sinclair,STEERED,0,1,1,0.0,0.0,West Indies
11952,1295851,Joel Davies,CUT_SHOT,0,1,1,0.0,0.0,Australia
11953,25977,Sharad Vesawkar,PULL,0,1,1,0.0,0.0,Nepal
11954,1206052,Yudhvir Singh,ON_DRIVE,0,4,2,0.0,0.0,India
11955,1256315,Lwando Tywaku,LEFT_ALONE,0,2,1,0.0,0.0,South Africa
11956,1206053,Nitesh Sedai,DEFENDED,0,2,2,0.0,0.0,India
11957,1205559,Mohammad Haris,HOOK,0,1,1,0.0,0.0,Pakistan
11958,1159715,Manish Golamaru,CUT_SHOT,0,2,1,0.0,0.0,India
11959,1255248,Jordan Hermann,LATE_CUT,0,1,1,0.0,0.0,South Africa
11960,1153257,Gus Miller,PULL_HOOK_ON_BACK_FOOT,0,2,1,0.0,0.0,England
11961,1168687,Sam Fanning,PULL,0,2,1,0.0,0.0,
11962,14014,Andy Hodd,FORWARD_DEFENCE,0,6,1,0.0,0.0,England
11963,31872,Shahbaz Nadeem,UPPER_CUT,0,1,1,0.0,0.0,India
11964,464110,Josh Poysden,CUT_SHOT_ON_BACK_FOOT,0,1,1,0.0,0.0,England
11965,1328736,Mohamed Shafeeq,SLOG_SWEEP,0,1,1,0.0,0.0,Kuwait
11966,1202927,Dhrushant Soni,ON_DRIVE,0,1,1,0.0,0.0,India
11967,1323726,Shaaron Lewis,SLOG_SHOT,0,1,1,0.0,0.0,West Indies
11968,24611,William Porterfield,FORWARD_DEFENCE,0,25,1,0.0,0.0,Ireland
11969,1205559,Mohammad Haris,DEFENDED,0,24,2,0.0,0.0,Pakistan
11970,1304794,Flynn McGregor-Sumpter,PULL,0,3,1,0.0,0.0,
11971,1323683,Aaron Johnson,SWEEP_SHOT,0,1,1,0.0,0.0,Canada
11972,1323683,Aaron Johnson,SLOG_SHOT,0,3,1,0.0,0.0,Canada
11973,1175485,Abdul Samad,UPPER_CUT,0,2,1,0.0,0.0,India
11974,1321991,Akshay Puri,DEFENDED,0,1,1,0.0,0.0,Singapore
11975,1312645,Harshit Rana,PUSH,0,1,1,0.0,0.0,India
11976,18632,Samit Patel,REVERSE_SWEEP,0,1,1,0.0,0.0,England
11977,438563,Mark Chapman,REVERSE_SCOOP,0,1,1,0.0,0.0,New Zealand
11978,1161489,Rasikh Salam,SLOG_SHOT,0,1,1,0.0,0.0,India
11979,1175426,Manav Suthar,SLOG_SHOT,0,1,1,0.0,0.0,India
11980,1292495,Angkrish Raghuvanshi,UPPER_CUT,0,1,1,0.0,0.0,India
11981,446807,Subash Khakurel,BACK_DEFENCE,0,1,1,0.0,0.0,Nepal
11982,1175426,Manav Suthar,CUT_SHOT,0,1,1,0.0,0.0,India
11983,446808,Pradeep Airee,BACK_DEFENCE,0,1,1,0.0,0.0,Nepal
11984,6973,Peter Nevill,SLOG_SHOT,0,2,1,0.0,0.0,Australia
11985,1217487,Mubasir Khan,SLOG_SHOT,0,2,1,0.0,0.0,Pakistan
11986,1209110,Basil Hameed,DEFENDED,0,23,3,0.0,0.0,United Arab Emirates
11987,1209110,Basil Hameed,LATE_CUT,0,1,1,0.0,0.0,United Arab Emirates
11988,1159591,Tom O'Connell,SLOG_SHOT,0,1,1,0.0,0.0,Australia
11989,1292500,Dinesh Bana,SLOG_SHOT,0,1,1,0.0,0.0,India
11990,1161489,Rasikh Salam,STRAIGHT_DRIVE,0,1,1,0.0,0.0,India
11991,455463,Aamir Kaleem,PULL_HOOK_ON_BACK_FOOT,0,1,1,0.0,0.0,Oman
11992,1161489,Rasikh Salam,PUSH,0,3,1,0.0,0.0,India
11993,1287369,Saurav Chauhan,SLOG_SWEEP,0,2,1,0.0,0.0,India
11994,1175423,Hrithik Shokeen,SLOG_SHOT,0,2,2,0.0,0.0,India
11995,7502,Luke Ronchi,BACK_DEFENCE,0,3,1,0.0,0.0,New Zealand
11996,451947,Milind Kumar,SLOG_SWEEP,0,1,1,0.0,0.0,United States of America
11997,446808,Pradeep Airee,SLOG_SHOT,0,1,1,0.0,0.0,Nepal
11998,1287058,P Nitesh Reddy,FLICK,0,1,1,0.0,0.0,India
11999,1260111,Ahmed Syed,VERTICAL_FORWARD_ATTACK,0,2,1,0.0,0.0,
12000,1292495,Angkrish Raghuvanshi,DAB,0,1,1,0.0,0.0,India
12001,1169586,Mangal Mahrour,RAMP,0,2,1,0.0,0.0,India
12002,1209190,Matthew Forde,DEFENDED,0,4,1,0.0,0.0,West Indies
12003,7252,Tim Paine,REVERSE_SWEEP,0,1,1,0.0,0.0,Australia
12004,448243,Rumman Raees,SLOG_SHOT,0,1,1,0.0,0.0,Pakistan
12005,446808,Pradeep Airee,LEG_GLANCE,0,1,1,0.0,0.0,Nepal
12006,1209190,Matthew Forde,STRAIGHT_DRIVE,0,1,1,0.0,0.0,West Indies
12007,1207296,Divyansh Joshi,SQUARE_DRIVE,0,1,1,0.0,0.0,India
12008,31107,Amit Mishra,LEFT_ALONE,0,3,1,0.0,0.0,India
12009,10617,Stuart Broad,PULL_HOOK_ON_BACK_FOOT,0,1,1,0.0,0.0,England
12010,1175458,Akash Singh,DEFENDED,0,4,1,0.0,0.0,India
12011,1294144,Dhruv Parashar,ON_DRIVE,0,1,1,0.0,0.0,United Arab Emirates
12012,1206406,Jake Gibson,PADDLE_SWEEP,0,1,1,0.0,0.0,New Zealand
12013,1158596,William Smale,FORWARD_DEFENCE,0,4,1,0.0,0.0,Ireland
12014,1294144,Dhruv Parashar,COVER_DRIVE,0,1,1,0.0,0.0,United Arab Emirates
12015,1260069,Ali Orr,REVERSE_SWEEP,0,1,1,0.0,0.0,England
12016,1158538,Abbas Afridi,RAMP,0,2,1,0.0,0.0,Pakistan
12017,1206190,Shreyas Movva,FLICK,0,1,1,0.0,0.0,Canada
12018,1294520,Mohammad Zeeshan,ON_DRIVE,0,2,2,0.0,0.0,
12019,1294456,Ronan Herrmann,SLOG_SHOT,0,2,1,0.0,0.0,
12020,1294456,Ronan Herrmann,REVERSE_SWEEP,0,1,1,0.0,0.0,
12021,436749,Fayyaz Butt,SQUARE_DRIVE,0,1,1,0.0,0.0,Oman
12022,1218226,Muhammad Faizan,COVER_DRIVE,0,1,1,0.0,0.0,Pakistan
12023,1207295,Kumar Kushagra,DEFENDED,0,1,1,0.0,0.0,India
12024,1175441,Ravi Bishnoi,DEFENDED,0,7,2,0.0,0.0,India
12025,1207295,Kumar Kushagra,LEFT_ALONE,0,1,1,0.0,0.0,India
12026,1207295,Kumar Kushagra,SLOG_SHOT,0,1,1,0.0,0.0,India
12027,1206406,Jake Gibson,SLOG_SWEEP,0,1,1,0.0,0.0,New Zealand
12028,25977,Sharad Vesawkar,REVERSE_SWEEP,0,1,1,0.0,0.0,Nepal
12029,1159371,Mohammad Ilyas,DEFENDED,0,6,1,0.0,0.0,Pakistan
12030,698315,Donovan Ferreira,DEFENDED,0,30,2,0.0,0.0,South Africa
12031,304735,Dilshan Munaweera,LEFT_ALONE,0,10,1,0.0,0.0,Sri Lanka
12032,528067,Murugan Ashwin,RAMP,0,1,1,0.0,0.0,India
12033,698189,Wiaan Mulder,DEFENDED,0,11,2,0.0,0.0,South Africa
12034,698199,Mitchell Van Buuren,SLOG_SWEEP,0,3,1,0.0,0.0,South Africa
12035,307756,Jatinder Singh,BACK_DEFENCE,0,2,1,0.0,0.0,Oman
12036,527663,Jagadeesha Suchith,SLOG_SWEEP,0,1,1,0.0,0.0,India
12037,698319,Beyers Swanepoel,PUSH,0,2,1,0.0,0.0,South Africa
12038,698319,Beyers Swanepoel,SLOG_SWEEP,0,1,1,0.0,0.0,South Africa
12039,303427,Paul Stirling,REVERSE_PULL,0,1,1,0.0,0.0,Ireland
12040,701215,Sompal Kami,PULL,0,1,1,0.0,0.0,Nepal
12041,699723,Grant Roelofsen,BACK_DEFENCE,0,8,1,0.0,0.0,South Africa
12042,303508,Shane Getkate,SLOG_SWEEP,0,1,1,0.0,0.0,Ireland
12043,303508,Shane Getkate,SWEEP_SHOT,0,1,1,0.0,0.0,Ireland
12044,698143,Lutho Sipamla,PUSH,0,2,1,0.0,0.0,South Africa
12045,697279,Usman Shinwari,FLICK,0,3,1,0.0,0.0,Pakistan
12046,695283,Musawenkosi Twala,REVERSE_SWEEP,0,1,1,0.0,0.0,South Africa
12047,528985,Domnic Muthuswami,DEFENDED,0,1,1,0.0,0.0,India
12048,696145,Nick Welch,BACK_DEFENCE,0,5,1,0.0,0.0,Zimbabwe
12049,308235,Javed Ahmadi,SWEEP_SHOT,0,1,1,0.0,0.0,Afghanistan
12050,308251,David Willey,SLOG_SWEEP,0,2,1,0.0,0.0,England
12051,696241,Ricardo Vasconcelos,BACK_DEFENCE,0,10,2,0.0,0.0,South Africa
12052,697183,Tony de Zorzi,SLOG_SWEEP,0,2,1,0.0,0.0,South Africa
12053,696439,Tiaan van Vuuren,DEFENDED,0,1,1,0.0,0.0,South Africa
12054,528332,Nikhil Gangta,DEFENDED,0,4,1,0.0,0.0,India
12055,697183,Tony de Zorzi,REVERSE_SWEEP,0,1,1,0.0,0.0,South Africa
12056,697183,Tony de Zorzi,SLOG_SHOT,0,1,1,0.0,0.0,South Africa
12057,307817,Adnan Idrees,CUT_SHOT,0,4,2,0.0,0.0,Kuwait
12058,307817,Adnan Idrees,DEFENDED,0,8,2,0.0,0.0,Kuwait
12059,696297,Ziyaad Abrahams,SLOG_SHOT,0,1,1,0.0,0.0,South Africa
12060,696297,Ziyaad Abrahams,DEFENDED,0,2,1,0.0,0.0,South Africa
12061,307817,Adnan Idrees,ON_DRIVE,0,3,1,0.0,0.0,Kuwait
12062,299572,Sikandar Raza,LEFT_ALONE,0,41,1,0.0,0.0,Zimbabwe
12063,719715,Washington Sundar,SLOG_SWEEP,0,5,3,0.0,0.0,India
12064,300624,Srimantha Wijeyeratne,SLOG_SHOT,0,1,1,0.0,0.0,Canada
12065,714451,Shivam Dube,SWEEP_SHOT,0,1,1,0.0,0.0,India
12066,526441,Mark Adair,DEFENDED,0,8,1,0.0,0.0,Ireland
12067,298241,Nathan Buck,FORWARD_DEFENCE,0,6,1,0.0,0.0,England
12068,297626,Will Beer,FORWARD_DEFENCE,0,1,1,0.0,0.0,England
12069,721867,Jitesh Sharma,REVERSE_SWEEP,0,3,1,0.0,0.0,India
12070,297595,Andy Carter,VERTICAL_FORWARD_ATTACK,0,1,1,0.0,0.0,England
12071,721867,Jitesh Sharma,LATE_CUT,0,1,1,0.0,0.0,India
12072,525992,Adam Hose,UPPER_CUT,0,1,1,0.0,0.0,England
12073,720471,Ishan Kishan,RAMP,0,3,2,0.0,0.0,India
12074,720471,Ishan Kishan,PULL_HOOK_ON_BACK_FOOT,0,1,1,0.0,0.0,India
12075,297634,Stuart Meaker,SWEEP,0,1,1,0.0,0.0,England
12076,297635,James Taylor,REVERSE_SWEEP,0,1,1,0.0,0.0,England
12077,720465,Virat Singh,SLOG_SHOT,0,1,1,0.0,0.0,India
12078,712219,Zahir Khan,SWEEP_SHOT,0,1,1,0.0,0.0,Afghanistan
12079,712219,Zahir Khan,STEERED,0,4,1,0.0,0.0,Afghanistan
12080,707111,Henry Cooper,DEFENDED,0,10,1,0.0,0.0,New Zealand
12081,707113,Tom Bruce,PADDLE_SWEEP,0,2,1,0.0,0.0,New Zealand
12082,707111,Henry Cooper,STRAIGHT_DRIVE,0,2,1,0.0,0.0,New Zealand
12083,390481,Harshal Patel,PULL_HOOK_ON_BACK_FOOT,0,1,1,0.0,0.0,India
12084,302875,Jason Kila,REVERSE_SWEEP,0,1,1,0.0,0.0,Papua New Guinea
12085,390481,Harshal Patel,PADDLE_SWEEP,0,1,1,0.0,0.0,India
12086,390481,Harshal Patel,DEFENDED,0,18,2,0.0,0.0,India
12087,704693,Lahiru Udara,DEFENDED,0,11,1,0.0,0.0,Sri Lanka
12088,703323,Ihsanullah,SLOG_SHOT,0,1,1,0.0,0.0,Afghanistan
12089,302845,Tony Ura,FORWARD_DEFENCE,0,1,1,0.0,0.0,Papua New Guinea
12090,707193,Brett Randell,LEFT_ALONE,0,1,1,0.0,0.0,New Zealand
12091,710767,Abdul Majid,ON_DRIVE,0,1,1,0.0,0.0,Bahrain
12092,301236,Lahiru Thirimanne,CUT_SHOT,0,3,1,0.0,0.0,Sri Lanka
12093,712219,Zahir Khan,FLICK,0,5,1,0.0,0.0,Afghanistan
12094,707183,Peter Younghusband,SWEEP_SHOT,0,1,1,0.0,0.0,New Zealand
12095,707183,Peter Younghusband,SLOG_SWEEP,0,1,1,0.0,0.0,New Zealand
12096,302579,Shreevats Goswami,HOOK,0,1,1,0.0,0.0,India
12097,531953,Max Sorensen,SLOG_SHOT,0,1,1,0.0,0.0,Ireland
12098,317248,Saad Nasim,SLOG_SHOT,0,2,2,0.0,0.0,Pakistan
12099,659081,Mark Watt,STRAIGHT_DRIVE,0,2,2,0.0,0.0,Scotland
12100,660889,Mason Crane,FORWARD_DEFENCE,0,2,1,0.0,0.0,England
12101,317252,Sohail Khan,LEG_GLANCE,0,1,1,0.0,0.0,Pakistan
12102,314991,Aviwe Mgijima,ON_DRIVE,0,1,1,0.0,0.0,South Africa
12103,385065,Asif Afridi,DEFENDED,0,2,1,0.0,0.0,Pakistan
12104,314743,Shykat Ali,DEFENDED,0,26,1,0.0,0.0,Bangladesh
12105,530812,Akeal Hosein,LEFT_ALONE,0,9,1,0.0,0.0,West Indies
12106,316102,Craig Williams,REVERSE_PULL,0,1,1,0.0,0.0,Namibia
12107,318334,Nawroz Mangal,SWEEP_SHOT,0,2,1,0.0,0.0,Afghanistan
12108,647785,Sahibzada Farhan,SWEEP_SHOT,0,1,1,0.0,0.0,Pakistan
12109,646193,Riley Hekure,ON_DRIVE,0,3,1,0.0,0.0,Papua New Guinea
12110,646175,Hiri Hiri,SLOG_SHOT,0,4,2,0.0,0.0,Papua New Guinea
12111,653695,Matt Parkinson,FORWARD_DEFENCE,0,5,1,0.0,0.0,England
12112,381743,Daryl Mitchell,BACK_DEFENCE,0,1,1,0.0,0.0,New Zealand
12113,653695,Matt Parkinson,SLOG_SHOT,0,4,2,0.0,0.0,England
12114,654797,Callum Taylor,SWEEP,0,1,1,0.0,0.0,England
12115,318339,Samiullah Shinwari,PUSH,0,2,1,0.0,0.0,Afghanistan
12116,653695,Matt Parkinson,DEFENDED,0,2,1,0.0,0.0,England
12117,653695,Matt Parkinson,COVER_DRIVE,0,1,1,0.0,0.0,England
12118,653033,Priyamal Perera,UPPER_CUT,0,1,1,0.0,0.0,Sri Lanka
12119,652361,Atit Sheth,PULL,0,1,1,0.0,0.0,India
12120,670025,Shimron Hetmyer,LEFT_ALONE,0,47,3,0.0,0.0,West Indies
12121,681067,Akif Raja,SLOG_SWEEP,0,1,1,0.0,0.0,United Arab Emirates
12122,681067,Akif Raja,SQUARE_DRIVE,0,1,1,0.0,0.0,United Arab Emirates
12123,388794,Michael Pollard,DEFENDED,0,3,1,0.0,0.0,New Zealand
12124,308410,Pikky Ya France,SLOG_SWEEP,0,2,1,0.0,0.0,Namibia
12125,308410,Pikky Ya France,DEFENDED,0,2,1,0.0,0.0,Namibia
12126,681305,Hasan Ali,LEFT_ALONE,0,7,1,0.0,0.0,Pakistan
12127,530011,Travis Head,REVERSE_SWEEP,0,1,1,0.0,0.0,Australia
12128,387435,Vani Morea,SWEEP_SHOT,0,1,1,0.0,0.0,Papua New Guinea
12129,308794,Michael Swart,STRAIGHT_DRIVE,0,1,1,0.0,0.0,Australia
12130,308405,Raymond van Schoor,PULL,0,1,1,0.0,0.0,Namibia
12131,308408,Josh Cobb,DEFENDED,0,4,2,0.0,0.0,England
12132,681681,Janith Liyanage,PULL,0,1,1,0.0,0.0,Sri Lanka
12133,681351,Khurram Shahzad,CUT_SHOT,0,1,1,0.0,0.0,Pakistan
12134,310107,Danny Briggs,DROP_AND_RUN,0,1,1,0.0,0.0,England
12135,670039,Leroy Lugg,DEFENDED,0,6,1,0.0,0.0,West Indies
12136,530773,Pawan Negi,LEFT_ALONE,0,4,1,0.0,0.0,India
12137,311592,Mitchell Starc,RAMP,0,1,1,0.0,0.0,Australia
12138,670035,Brandon King,RAMP,0,1,1,0.0,0.0,West Indies
12139,530773,Pawan Negi,RAMP,0,1,1,0.0,0.0,India
12140,314615,Jonathan Carter,LEFT_ALONE,0,9,1,0.0,0.0,West Indies
12141,670031,Alzarri Joseph,STRAIGHT_DRIVE,0,5,2,0.0,0.0,West Indies
12142,314647,Horace Miller,LEFT_ALONE,0,1,1,0.0,0.0,West Indies
12143,314647,Horace Miller,SLOG_SHOT,0,1,1,0.0,0.0,West Indies
12144,670045,Gudakesh Motie,SWEEP_SHOT,0,1,1,0.0,0.0,West Indies
12145,310107,Danny Briggs,PULL,0,3,1,0.0,0.0,England
12146,387420,Mirwais Ashraf,FLICK,0,1,1,0.0,0.0,Afghanistan
12147,387420,Mirwais Ashraf,SLOG_SHOT,0,1,1,0.0,0.0,Afghanistan
12148,310519,Scott Borthwick,REVERSE_SWEEP,0,2,1,0.0,0.0,England
12149,675945,Nahidul Islam,DEFENDED,0,18,2,0.0,0.0,Bangladesh
12150,671805,George Munsey,FORWARD_DEFENCE,0,8,1,0.0,0.0,Scotland
12151,789729,Callum Parkinson,SWEEP_SHOT,0,1,1,0.0,0.0,England
12152,275658,Michael Hogan,STRAIGHT_DRIVE,0,1,1,0.0,0.0,Australia
12153,398666,Sean Abbott,BACK_DEFENCE,0,3,1,0.0,0.0,Australia
12154,788101,Tom Moores,DEFENDED,0,14,1,0.0,0.0,England
12155,276298,Andre Russell,PADDLE_SWEEP,0,3,1,0.0,0.0,West Indies
12156,793447,Naveen-ul-Haq,LEFT_ALONE,0,6,1,0.0,0.0,Afghanistan
12157,793441,Aamer Jamal,REVERSE_PULL,0,1,1,0.0,0.0,Pakistan
12158,274921,Veerasammy Permaul,SLOG_SWEEP,0,2,1,0.0,0.0,West Indies
12159,793007,Dilshan Madushanka,DEFENDED,0,9,1,0.0,0.0,Sri Lanka
12160,277390,Pieter Malan,BACK_DEFENCE,0,7,1,0.0,0.0,South Africa
12161,784379,Wanindu Hasaranga de Silva,LEG_GLANCE,0,2,1,0.0,0.0,Sri Lanka
12162,277914,Jeet Raval,DEFENDED,0,17,1,0.0,0.0,New Zealand
12163,785323,Nathan McAndrew,BACK_DEFENCE,0,2,1,0.0,0.0,Australia
12164,521207,Japen Patel,PULL,0,1,1,0.0,0.0,United States of America
12165,784379,Wanindu Hasaranga,UPPER_CUT,0,2,1,0.0,0.0,Sri Lanka
12166,277914,Jeet Raval,SWEEP_SHOT,0,2,2,0.0,0.0,New Zealand
12167,784375,Lahiru Kumara,SLOG_SHOT,0,5,3,0.0,0.0,Sri Lanka
12168,785323,Nathan McAndrew,DEFENDED,0,6,1,0.0,0.0,Australia
12169,787987,Marnus Labuschagne,FORWARD_DEFENCE,0,10,1,0.0,0.0,Australia
12170,787987,Marnus Labuschagne,HOOK,0,1,1,0.0,0.0,Australia
12171,787073,Chris Green,BACK_DEFENCE,0,2,1,0.0,0.0,Australia
12172,786645,Sammu Ashan,ON_DRIVE,0,1,1,0.0,0.0,Sri Lanka
12173,785323,Nathan McAndrew,SLOG_SWEEP,0,1,1,0.0,0.0,Australia
12174,272477,Jason Behrendorff,FORWARD_DEFENCE,0,1,1,0.0,0.0,Australia
12175,784373,Kamindu Mendis,REVERSE_PULL,0,1,1,0.0,0.0,Sri Lanka
12176,807535,Brad Wheal,CUT_SHOT_ON_BACK_FOOT,0,1,1,0.0,0.0,Scotland
12177,807535,Brad Wheal,PUSH,0,1,1,0.0,0.0,Scotland
12178,807657,Sanjay Raghunath,SLOG_SWEEP,0,1,1,0.0,0.0,India
12179,807469,Thikshila de Silva,SLOG_SHOT,0,2,2,0.0,0.0,Sri Lanka
12180,807657,Sanjay Raghunath,SQUARE_DRIVE,0,1,1,0.0,0.0,India
12181,814241,Deepraj Gaonkar,DEFENDED,0,1,1,0.0,0.0,India
12182,269332,Muktar Ali,LEFT_ALONE,0,4,1,0.0,0.0,Bangladesh
12183,400587,Irfan Sukkur,UPPER_CUT,0,2,1,0.0,0.0,Bangladesh
12184,793463,Rashid Khan,PADDLE_SWEEP,0,1,1,0.0,0.0,Afghanistan
12185,806241,Richard Ngarava,CUT_SHOT,0,2,1,0.0,0.0,Zimbabwe
12186,806241,Richard Ngarava,DEFENDED,0,4,2,0.0,0.0,Zimbabwe
12187,806241,Richard Ngarava,SLOG_SWEEP,0,1,1,0.0,0.0,Zimbabwe
12188,806241,Richard Ngarava,STRAIGHT_DRIVE,0,1,1,0.0,0.0,Zimbabwe
12189,807469,Thikshila de Silva,CUT_SHOT,0,2,1,0.0,0.0,Sri Lanka
12190,269332,Muktar Ali,DEFENDED,0,7,1,0.0,0.0,Bangladesh
12191,401057,Taijul Islam,UPPER_CUT,0,2,1,0.0,0.0,Bangladesh
12192,269237,Mohammad Mithun,PADDLE_SWEEP,0,1,1,0.0,0.0,Bangladesh
12193,401057,Taijul Islam,SLOG_SWEEP,0,1,1,0.0,0.0,Bangladesh
12194,401057,Taijul Islam,SLOG_SHOT,0,1,1,0.0,0.0,Bangladesh
12195,399259,Alasdair Evans,PUSH,0,1,1,0.0,0.0,Scotland
12196,399259,Alasdair Evans,REVERSE_SWEEP,0,1,1,0.0,0.0,Scotland
12197,794713,Kushal Bhurtel,DAB,0,2,2,0.0,0.0,Nepal
12198,399259,Alasdair Evans,SLOG_SHOT,0,1,1,0.0,0.0,Scotland
12199,794749,Faisal Khan,ON_DRIVE,0,2,2,0.0,0.0,Saudi Arabia
12200,270493,Andrew Fekete,SLOG_SHOT,0,2,1,0.0,0.0,Australia
12201,399259,Alasdair Evans,PULL,0,2,2,0.0,0.0,Scotland
12202,794311,Louis Delport,DEFENDED,0,1,1,0.0,0.0,New Zealand
12203,794311,Louis Delport,COVER_DRIVE,0,1,1,0.0,0.0,New Zealand
12204,272385,Josh Lalor,SLOG_SWEEP,0,3,2,0.0,0.0,Australia
12205,805235,Himmat Singh,LEG_GLANCE,0,1,1,0.0,0.0,India
12206,800675,Karan KC,SLOG_SHOT,0,2,2,0.0,0.0,Nepal
12207,800395,Anas Khan,SLOG_SHOT,0,2,1,0.0,0.0,Hong Kong
12208,751151,Hamza Tahir,ON_DRIVE,0,1,1,0.0,0.0,Scotland
12209,290948,Mohammad Amir,SWEEP_SHOT,0,1,1,0.0,0.0,Pakistan
12210,746417,George Hankins,REVERSE_SWEEP,0,2,1,0.0,0.0,England
12211,296597,James Vince,LEFT_ALONE,0,36,2,0.0,0.0,England
12212,755459,Ben Green,SLOG_SWEEP,0,1,1,0.0,0.0,England
12213,755459,Ben Green,SQUARE_DRIVE,0,1,1,0.0,0.0,England
12214,290948,Mohammad Amir,REVERSE_SWEEP,0,2,1,0.0,0.0,Pakistan
12215,772061,Sam Cook,PUSH,0,1,1,0.0,0.0,England
12216,772061,Sam Cook,SWEEP,0,3,1,0.0,0.0,England
12217,765879,Matthew Waite,BACK_DEFENCE,0,2,1,0.0,0.0,England
12218,764321,Dylan Budge,PUSH,0,1,1,0.0,0.0,Scotland
12219,764321,Dylan Budge,FLICK,0,1,1,0.0,0.0,Scotland
12220,290947,James Burke,CUT_SHOT_ON_BACK_FOOT,0,1,1,0.0,0.0,England
12221,290947,James Burke,FORWARD_DEFENCE,0,2,1,0.0,0.0,England
12222,764311,Nick Selman,BACK_DEFENCE,0,13,1,0.0,0.0,England
12223,290948,Mohammad Amir,DEFENDED,0,15,2,0.0,0.0,Pakistan
12224,746417,George Hankins,CUT_SHOT_ON_BACK_FOOT,0,3,1,0.0,0.0,England
12225,732291,Basil Thampi,CUT_SHOT,0,1,1,0.0,0.0,India
12226,732269,Upendra Yadav,SLOG_SWEEP,0,3,2,0.0,0.0,India
12227,726101,Damion Jacobs,COVER_DRIVE,0,1,1,0.0,0.0,West Indies
12228,297498,Ian Cockbain,DEFENDED,0,10,1,0.0,0.0,England
12229,723105,Rinku Singh,HOOK,0,3,1,0.0,0.0,India
12230,734459,Abrar Ahmed,PUSH,0,1,1,0.0,0.0,Pakistan
12231,737833,Kiran Carlson,FORWARD_DEFENCE,0,17,2,0.0,0.0,England
12232,772293,Michael Pepper,LEFT_ALONE,0,6,1,0.0,0.0,England
12233,779973,Saqlain Haider,COVER_DRIVE,0,1,1,0.0,0.0,United Arab Emirates
12234,779973,Saqlain Haider,SWEEP_SHOT,0,1,1,0.0,0.0,United Arab Emirates
12235,393279,Marchant de Lange,STEERED,0,3,2,0.0,0.0,South Africa
12236,781285,Jake Weatherald,REVERSE_PULL,0,2,1,0.0,0.0,Australia
12237,779937,David Moody,SLOG_SHOT,0,2,1,0.0,0.0,Australia
12238,288211,Umar Amin,SLOG_SHOT,0,1,1,0.0,0.0,Pakistan
12239,281188,Nazmul Hossain Milon,STRAIGHT_DRIVE,0,1,1,0.0,0.0,Bangladesh
12240,524049,Najibullah Zadran,RAMP,0,1,1,0.0,0.0,Afghanistan
12241,282607,Delwar Hossain,SLOG_SHOT,0,3,1,0.0,0.0,Bangladesh
12242,784369,Avishka Fernando,PADDLE_SWEEP,0,2,1,0.0,0.0,Sri Lanka
12243,279545,Pradeep Sangwan,ON_DRIVE,0,1,1,0.0,0.0,India
12244,279545,Pradeep Sangwan,DEFENDED,0,7,2,0.0,0.0,India
12245,395057,Seth Rance,SLOG_SHOT,0,2,2,0.0,0.0,New Zealand
12246,279862,Shrikant Mundhe,SQUARE_DRIVE,0,3,1,0.0,0.0,India
12247,395057,Seth Rance,FLICK,0,3,1,0.0,0.0,New Zealand
12248,783423,Imran Khan,ON_DRIVE,0,1,1,0.0,0.0,Pakistan
12249,394871,Ramith Rambukwella,STEERED,0,1,1,0.0,0.0,Sri Lanka
12250,781705,Salman Irshad,DEFENDED,0,7,1,0.0,0.0,Pakistan
12251,777743,Abhishek Reddy,SWEEP_SHOT,0,1,1,0.0,0.0,India
12252,772471,Jessy Singh,FLICK,0,2,1,0.0,0.0,United States of America
12253,772407,Alex Amsterdam,SLOG_SHOT,0,1,1,0.0,0.0,United States of America
12254,524095,Sagar Pun,BACK_DEFENCE,0,3,1,0.0,0.0,Nepal
12255,774219,Matthew Kuhnemann,SLOG_SHOT,0,3,2,0.0,0.0,Australia
12256,774223,Jhye Richardson,HOOK,0,2,1,0.0,0.0,Australia
12257,524094,Rajesh Pulami,DEFENDED,0,4,1,0.0,0.0,Nepal
12258,288305,Shafiul Islam,SLOG_SHOT,0,2,1,0.0,0.0,Bangladesh
12259,777533,Dikshanshu Negi,STRAIGHT_DRIVE,0,1,1,0.0,0.0,India
12260,288284,Josh Hazlewood,DEFENDED,0,5,1,0.0,0.0,Australia
12261,776695,Matt Critchley,DEFENDED,0,8,1,0.0,0.0,England
12262,288285,Clive Rose,STRAIGHT_DRIVE,0,2,1,0.0,0.0,Australia
12263,775015,Rohan Rangarajan,SLOG_SHOT,0,1,1,0.0,0.0,Singapore
12264,594996,Ryan Klein,SLOG_SHOT,0,1,1,0.0,0.0,Netherlands
12265,595004,Kyle Verreynne,REVERSE_SWEEP,0,3,1,0.0,0.0,South Africa
12266,348152,Usman Qadir,SWEEP_SHOT,0,2,1,0.0,0.0,Pakistan
12267,595036,Bamanye Xenxe,SLOG_SWEEP,0,1,1,0.0,0.0,South Africa
12268,379145,Tabraiz Shamsi,DEFENDED,0,11,3,0.0,0.0,South Africa
12269,595921,Curtis Campher,DEFENDED,0,23,1,0.0,0.0,Ireland
12270,350126,Luke Wells,DROP_AND_RUN,0,1,1,0.0,0.0,England
12271,547756,Brett Hampton,REVERSE_SWEEP,0,1,1,0.0,0.0,New Zealand
12272,348154,Zafar Gohar,SLOG_SHOT,0,2,1,0.0,0.0,Pakistan
12273,348154,Zafar Gohar,REVERSE_SWEEP,0,2,1,0.0,0.0,Pakistan
12274,547749,Will Young,VERTICAL_FORWARD_ATTACK,0,3,1,0.0,0.0,New Zealand
12275,348133,Steven Taylor,DEFENDED,0,14,1,0.0,0.0,United States of America
12276,595783,Ajaz Patel,ON_DRIVE,0,1,1,0.0,0.0,New Zealand
12277,348133,Steven Taylor,STRAIGHT_DRIVE,0,2,1,0.0,0.0,United States of America
12278,595419,Brandon Glover,SLOG_SHOT,0,1,1,0.0,0.0,Netherlands
12279,595419,Brandon Glover,DEFENDED,0,1,1,0.0,0.0,Netherlands
12280,595406,Shane Dadswell,SLOG_SWEEP,0,2,2,0.0,0.0,South Africa
12281,595406,Shane Dadswell,DEFENDED,0,7,1,0.0,0.0,South Africa
12282,594274,Isaac Dikgale,RAMP,0,1,1,0.0,0.0,South Africa
12283,588471,Hokaito Zhimomi,DAB,0,2,1,0.0,0.0,India
12284,351074,Niaz Ali,FLICK,0,2,1,0.0,0.0,Hong Kong
12285,351074,Niaz Ali,SLOG_SHOT,0,2,1,0.0,0.0,Hong Kong
12286,585083,Zeeshan Maqsood,NO_SHOT,0,1,1,0.0,0.0,Oman
12287,594235,Tshepo Moreki,CUT_SHOT,0,2,1,0.0,0.0,South Africa
12288,593296,Ali Dawood,PULL,0,1,1,0.0,0.0,Bahrain
12289,594233,Sibonelo Makhanya,HOOK,0,1,1,0.0,0.0,South Africa
12290,594235,Tshepo Moreki,FLICK,0,3,1,0.0,0.0,South Africa
12291,590327,Dhruv Shorey,SLOG_SHOT,0,1,1,0.0,0.0,India
12292,541991,JP Kotze,CUT_SHOT,0,1,1,0.0,0.0,Namibia
12293,347661,Luis Reece,COVER_DRIVE,0,1,1,0.0,0.0,England
12294,596437,Glen Adams,SLOG_SHOT,0,1,1,0.0,0.0,South Africa
12295,541777,Kelvin Smith,COVER_DRIVE,0,1,1,0.0,0.0,Australia
12296,596442,Delano Potgieter,UPPER_CUT,0,2,1,0.0,0.0,South Africa
12297,596376,Joylord Gumbie,ON_DRIVE,0,4,1,0.0,0.0,Zimbabwe
12298,541991,JP Kotze,REVERSE_SWEEP,0,1,1,0.0,0.0,Namibia
12299,598935,Dharmendrasinh Jadeja,COVER_DRIVE,0,3,1,0.0,0.0,India
12300,598935,Dharmendrasinh Jadeja,SLOG_SHOT,0,1,1,0.0,0.0,India
12301,541224,Luke Jongwe,RAMP,0,1,1,0.0,0.0,Zimbabwe
12302,596664,Zane Green,DEFENDED,0,14,2,0.0,0.0,Namibia
12303,348059,Barry McCarthy,PULL_HOOK_ON_BACK_FOOT,0,1,1,0.0,0.0,Ireland
12304,348059,Barry McCarthy,FORWARD_DEFENCE,0,3,1,0.0,0.0,Ireland
12305,596010,Gerald Coetzee,DEFENDED,0,5,1,0.0,0.0,South Africa
12306,348056,Kyle Mayers,HOOK,0,2,1,0.0,0.0,West Indies
12307,545467,Junior Dala,SLOG_SHOT,0,3,2,0.0,0.0,South Africa
12308,348109,Paul van Meekeren,FORWARD_DEFENCE,0,1,1,0.0,0.0,Netherlands
12309,596099,Dean Foxcroft,VERTICAL_FORWARD_ATTACK,0,1,1,0.0,0.0,New Zealand
12310,348044,Lakshit Gupta,SLOG_SHOT,0,2,2,0.0,0.0,Cambodia
12311,596137,Clyde Fortuin,REVERSE_SWEEP,0,1,1,0.0,0.0,South Africa
12312,348026,John Campbell,SLOG_SWEEP,0,1,1,0.0,0.0,West Indies
12313,348044,Lakshit Gupta,STRAIGHT_DRIVE,0,1,1,0.0,0.0,Cambodia
12314,348049,Nasum Ahmed,HOOK,0,1,1,0.0,0.0,Bangladesh
12315,348049,Nasum Ahmed,LEFT_ALONE,0,2,1,0.0,0.0,Bangladesh
12316,547766,Jacob Duffy,FLICK,0,1,1,0.0,0.0,New Zealand
12317,379504,Adam Zampa,PUSH_SHOT,0,1,1,0.0,0.0,Australia
12318,364343,Craig Young,UPPER_CUT,0,2,1,0.0,0.0,Ireland
12319,557298,Daniel Worrall,SLOG_SWEEP,0,1,1,0.0,0.0,Australia
12320,364343,Craig Young,STRAIGHT_DRIVE,0,1,1,0.0,0.0,Ireland
12321,559059,Joe Carter,DEFENDED,0,14,1,0.0,0.0,New Zealand
12322,559059,Joe Carter,REVERSE_SWEEP,0,1,1,0.0,0.0,New Zealand
12323,550215,Kagiso Rabada,PUSH_SHOT,0,1,1,0.0,0.0,South Africa
12324,362710,David Payne,SLOG_SWEEP,0,1,1,0.0,0.0,England
12325,560767,Adam Hickey,VERTICAL_FORWARD_ATTACK,0,6,2,0.0,0.0,England
12326,362710,David Payne,RAMP,0,1,1,0.0,0.0,England
12327,362201,Lewis Gregory,SWEEP_SHOT,0,3,1,0.0,0.0,England
12328,559066,Ish Sodhi,SWEEP_SHOT,0,1,1,0.0,0.0,New Zealand
12329,362603,Shafiqullah,SQUARE_DRIVE,0,2,1,0.0,0.0,Afghanistan
12330,559066,Ish Sodhi,HOOK,0,1,1,0.0,0.0,New Zealand
12331,376169,Michael Neser,PADDLE_AWAY,0,1,1,0.0,0.0,Australia
12332,559065,Matt Quinn,PULL_HOOK_ON_BACK_FOOT,0,2,1,0.0,0.0,New Zealand
12333,559065,Matt Quinn,BACK_DEFENCE,0,1,1,0.0,0.0,New Zealand
12334,376169,Michael Neser,DEFENDED,0,19,2,0.0,0.0,Australia
12335,556916,Mukhtar Ahmed,HOOK,0,1,1,0.0,0.0,United States of America
12336,554068,Amjad Mahboob,COVER_DRIVE,0,2,1,0.0,0.0,Singapore
12337,553821,JJ Smit,RAMP,0,1,1,0.0,0.0,Namibia
12338,375126,Hardus Viljoen,SWEEP_SHOT,0,1,1,0.0,0.0,South Africa
12339,554174,Wasiqur Rahman,SLOG_SHOT,0,1,1,0.0,0.0,India
12340,375126,Hardus Viljoen,HOOK,0,2,1,0.0,0.0,South Africa
12341,553800,Chris Tremain,DEFENDED,0,1,1,0.0,0.0,Australia
12342,373539,Robiul Islam Robi,DEFENDED,0,6,1,0.0,0.0,Bangladesh
12343,553249,Bjorn Fortuin,REVERSE_SWEEP,0,1,1,0.0,0.0,South Africa
12344,552880,Adil Bhatti,ON_DRIVE,0,1,1,0.0,0.0,United States of America
12345,550251,Kyle Simmonds,DEFENDED,0,2,1,0.0,0.0,South Africa
12346,554174,Wasiqur Rahman,SLOG_SWEEP,0,1,1,0.0,0.0,India
12347,373439,Abul Hasan,DEFENDED,0,1,1,0.0,0.0,Bangladesh
12348,555853,Mark Steketee,DEFENDED,0,9,1,0.0,0.0,Australia
12349,550215,Kagiso Rabada,UPPER_CUT,0,1,1,0.0,0.0,South Africa
12350,555855,Harry Conway,PULL,0,1,1,0.0,0.0,Australia
12351,555850,Sam Hain,NO_SHOT,0,8,1,0.0,0.0,England
12352,554700,Nikhil Naik,PULL,0,3,1,0.0,0.0,India
12353,554700,Nikhil Naik,LEFT_ALONE,0,2,1,0.0,0.0,India
12354,375724,Kamrul Islam,DEFENDED,0,6,1,0.0,0.0,Bangladesh
12355,572199,Ryan Higgins,PULL,0,1,1,0.0,0.0,England
12356,549947,Al-Amin,DEFENDED,0,12,1,0.0,0.0,Bangladesh
12357,573170,Luke Wood,DEFENDED,0,9,2,0.0,0.0,England
12358,573170,Luke Wood,HOOK,0,2,1,0.0,0.0,England
12359,353431,Rob Taylor,LEG_GLANCE,0,1,1,0.0,0.0,Scotland
12360,378496,Parvez Rasool,SLOG_SHOT,0,1,1,0.0,0.0,India
12361,549947,Al-Amin,LEFT_ALONE,0,3,1,0.0,0.0,Bangladesh
12362,571911,Joe Clarke,DEFENDED,0,67,2,0.0,0.0,England
12363,572198,Nick Gubbins,BACK_DEFENCE,0,7,1,0.0,0.0,England
12364,354259,Azeem Rafiq,SWEEP,0,1,1,0.0,0.0,England
12365,573170,Luke Wood,SLOG_SWEEP,0,1,1,0.0,0.0,England
12366,573170,Luke Wood,SWEEP_SHOT,0,1,1,0.0,0.0,England
12367,549288,Ferisco Adams,DEFENDED,0,3,1,0.0,0.0,South Africa
12368,580400,Khizar Hayat,SLOG_SHOT,0,1,1,0.0,0.0,Malaysia
12369,549288,Ferisco Adams,SQUARE_DRIVE,0,1,1,0.0,0.0,South Africa
12370,547766,Jacob Duffy,STRAIGHT_DRIVE,0,1,1,0.0,0.0,New Zealand
12371,581379,Shai Hope,REVERSE_SWEEP,0,4,2,0.0,0.0,West Indies
12372,574287,Chad Soper,UPPER_CUT,0,1,1,0.0,0.0,Papua New Guinea
12373,360911,Varun Aaron,UPPER_CUT,0,1,1,0.0,0.0,India
12374,360911,Varun Aaron,SLOG_SHOT,0,1,1,0.0,0.0,India
12375,570241,Mattie McKiernan,BACK_DEFENCE,0,3,1,0.0,0.0,England
12376,550133,Mosaddek Hossain,SWEEP_SHOT,0,1,1,0.0,0.0,Bangladesh
12377,360911,Varun Aaron,CUT_SHOT,0,4,1,0.0,0.0,India
12378,568276,Imam-ul-Haq,HOOK,0,2,2,0.0,0.0,Pakistan
12379,567645,Josh Shaw,PUSH_SHOT,0,1,1,0.0,0.0,England
12380,571703,Wellington Masakadza,DEFENDED,0,16,1,0.0,0.0,Zimbabwe
12381,359184,Tom Lewis,NO_SHOT,0,5,1,0.0,0.0,England
12382,359184,Tom Lewis,CUT_SHOT_ON_BACK_FOOT,0,3,1,0.0,0.0,England
12383,571707,Tyrone Kane,PULL_HOOK_ON_BACK_FOOT,0,2,1,0.0,0.0,Ireland
12384,571707,Tyrone Kane,SLOG_SWEEP,0,1,1,0.0,0.0,Ireland
12385,359649,Mohammed Aslam,DEFENDED,0,12,1,0.0,0.0,Kuwait
12386,570421,Will Rhodes,REVERSE_SWEEP,0,1,1,0.0,0.0,England
12387,570421,Will Rhodes,BACK_DEFENCE,0,9,1,0.0,0.0,England
12388,343548,Raza Hasan,PULL,0,1,1,0.0,0.0,Pakistan
12389,326462,Jason Floros,PULL,0,1,1,0.0,0.0,Australia
12390,326625,Cameron Boyce,SWEEP_SHOT,0,3,1,0.0,0.0,Australia
12391,633428,Mohammad Ghazanfar,CUT_SHOT,0,3,1,0.0,0.0,Hong Kong
12392,633445,Hisham Shaikh,REVERSE_SWEEP,0,2,1,0.0,0.0,Saudi Arabia
12393,633445,Hisham Shaikh,SLOG_SHOT,0,2,2,0.0,0.0,Saudi Arabia
12394,380974,Sunzamul Islam,SLOG_SHOT,0,1,1,0.0,0.0,Bangladesh
12395,533956,Rahmat Shah,CUT_SHOT,0,1,1,0.0,0.0,Afghanistan
12396,638300,Brad Taylor,CUT_SHOT_ON_BACK_FOOT,0,2,1,0.0,0.0,England
12397,326017,Siddarth Kaul,SQUARE_DRIVE,0,2,1,0.0,0.0,India
12398,326017,Siddarth Kaul,STEERED,0,4,1,0.0,0.0,India
12399,633697,Shahrukh Quddus,ON_DRIVE,0,1,1,0.0,0.0,Kuwait
12400,631542,Rob Sayer,PULL_HOOK_ON_BACK_FOOT,0,1,1,0.0,0.0,England
12401,326973,Anurag Verma,LEG_GLANCE,0,1,1,0.0,0.0,New Zealand
12402,631545,Matthew Carter,COVER_DRIVE,0,1,1,0.0,0.0,England
12403,631545,Matthew Carter,ON_DRIVE,0,1,1,0.0,0.0,England
12404,629080,Binura Fernando,SLOG_SHOT,0,2,2,0.0,0.0,Sri Lanka
12405,326968,Michael Bracewell,REVERSE_SCOOP,0,1,1,0.0,0.0,New Zealand
12406,633362,Sharafuddin Ashraf,FLICK,0,3,1,0.0,0.0,Afghanistan
12407,326632,Joe Burns,SLOG_SWEEP,0,1,1,0.0,0.0,Italy
12408,535353,Ottniel Baartman,LEFT_ALONE,0,0,1,0.0,,South Africa
12409,633362,Sharafuddin Ashraf,CUT_SHOT,0,4,1,0.0,0.0,Afghanistan
12410,633362,Sharafuddin Ashraf,DEFENDED,0,5,1,0.0,0.0,Afghanistan
12411,326632,Joe Burns,PULL_HOOK_ON_BACK_FOOT,0,2,1,0.0,0.0,Italy
12412,326635,Cameron Gannon,SLOG_SHOT,0,1,1,0.0,0.0,United States of America
12413,380974,Sunzamul Islam,DEFENDED,0,1,1,0.0,0.0,Bangladesh
12414,326968,Michael Bracewell,HOOK,0,2,1,0.0,0.0,New Zealand
12415,643197,Max O'Dowd,UPPER_CUT,0,1,1,0.0,0.0,Netherlands
12416,533561,Waqas Maqsood,SLOG_SHOT,0,2,2,0.0,0.0,Pakistan
12417,643433,George Garton,SLOG_SWEEP,0,1,1,0.0,0.0,England
12418,321757,Rudi Second,LEFT_ALONE,0,4,1,0.0,0.0,South Africa
12419,642531,Ricky Bhui,DEFENDED,0,9,1,0.0,0.0,India
12420,642531,Ricky Bhui,PADDLE_SWEEP,0,1,1,0.0,0.0,India
12421,320652,Asghar Afghan,REVERSE_SWEEP,0,1,1,0.0,0.0,Afghanistan
12422,320652,Asghar Afghan,RAMP,0,1,1,0.0,0.0,Afghanistan
12423,319439,Mitchell McClenaghan,LEG_GLANCE,0,1,1,0.0,0.0,New Zealand
12424,319439,Mitchell McClenaghan,DEFENDED,0,4,1,0.0,0.0,New Zealand
12425,319439,Mitchell McClenaghan,CUT_SHOT_ON_BACK_FOOT,0,1,1,0.0,0.0,New Zealand
12426,643885,Saqib Mahmood,CUT_SHOT_ON_BACK_FOOT,0,3,1,0.0,0.0,England
12427,646173,Kiplin Doriga,SLOG_SWEEP,0,1,1,0.0,0.0,Papua New Guinea
12428,644045,Anuj Dal,FORWARD_DEFENCE,0,3,1,0.0,0.0,England
12429,641387,Max Holden,PADDLE_SWEEP,0,1,1,0.0,0.0,England
12430,325012,Marcus Stoinis,FORWARD_DEFENCE,0,5,1,0.0,0.0,Australia
12431,641387,Max Holden,DEFENDED,0,7,1,0.0,0.0,England
12432,533949,Fazal Niazai,SLOG_SHOT,0,1,1,0.0,0.0,Afghanistan
12433,324260,Sarel Erwee,SWEEP_SHOT,0,3,1,0.0,0.0,South Africa
12434,325012,Marcus Stoinis,HOOK,0,2,1,0.0,0.0,Australia
12435,641385,Martin Andersson,BACK_DEFENCE,0,3,2,0.0,0.0,England
12436,533953,Najeeb Tarakai,CUT_SHOT,0,3,1,0.0,0.0,Afghanistan
12437,639148,Karl Carver,VERTICAL_FORWARD_ATTACK,0,2,1,0.0,0.0,England
12438,639140,Matt Milnes,PULL,0,1,1,0.0,0.0,England
12439,639140,Matt Milnes,ON_DRIVE,0,1,1,0.0,0.0,England
12440,322818,Ayabulela Gqamane,PULL,0,1,1,0.0,0.0,South Africa
12441,324260,Sarel Erwee,SLOG_SHOT,0,1,1,0.0,0.0,South Africa
12442,642523,Mohammad Saif,DEFENDED,0,3,1,0.0,0.0,India
12443,322818,Ayabulela Gqamane,STRAIGHT_DRIVE,0,1,1,0.0,0.0,South Africa
12444,323244,Rahat Ali,CUT_SHOT,0,1,1,0.0,0.0,Pakistan
12445,323244,Rahat Ali,FLICK,0,1,1,0.0,0.0,Pakistan
12446,324260,Sarel Erwee,DEFENDED,0,9,1,0.0,0.0,South Africa
12447,540316,Andile Phehlukwayo,SLOG_SWEEP,0,3,2,0.0,0.0,South Africa
12448,605640,Junaid Dawood,SLOG_SHOT,0,1,1,0.0,0.0,South Africa
12449,334388,Liam O'Connor,CUT_SHOT,0,1,1,0.0,0.0,Australia
12450,334358,Travis Dean,DEFENDED,0,1,1,0.0,0.0,Australia
12451,605661,Ryan Rickelton,PUSH_SHOT,0,1,1,0.0,0.0,South Africa
12452,334337,Peter Handscomb,REVERSE_SWEEP,0,3,1,0.0,0.0,Australia
12453,334394,Sam Whiteman,RAMP,0,2,2,0.0,0.0,Australia
12454,334388,Liam O'Connor,FLICK,0,2,1,0.0,0.0,Australia
12455,334394,Sam Whiteman,PUSH,0,5,1,0.0,0.0,Australia
12456,605573,Jaron Morgan,DEFENDED,0,2,1,0.0,0.0,Australia
12457,379887,Lizaad Williams,PULL,0,4,3,0.0,0.0,South Africa
12458,623636,Kamran Ghulam,DEFENDED,0,24,1,0.0,0.0,Pakistan
12459,333782,Timm van der Gugten,PUSH,0,1,1,0.0,0.0,Netherlands
12460,333782,Timm van der Gugten,PULL,0,1,1,0.0,0.0,Netherlands
12461,623636,Kamran Ghulam,SWEEP_SHOT,0,1,1,0.0,0.0,Pakistan
12462,605687,Willem Ludick,HOOK,0,2,1,0.0,0.0,South Africa
12463,605683,Migael Pretorius,DEFENDED,0,4,1,0.0,0.0,South Africa
12464,605681,Evan Jones,HOOK,0,1,1,0.0,0.0,South Africa
12465,605360,Akshay Wadkar,PADDLE_SWEEP,0,2,1,0.0,0.0,India
12466,379504,Adam Zampa,UPPER_CUT,0,3,1,0.0,0.0,Australia
12467,603411,Jay Lenton,SLOG_SWEEP,0,1,1,0.0,0.0,Australia
12468,379774,Colin Ackermann,DEFENDED,0,16,2,0.0,0.0,Netherlands
12469,340841,Eklavya Dwivedi,CUT_SHOT,0,1,1,0.0,0.0,India
12470,341593,Devendra Bishoo,PULL,0,2,1,0.0,0.0,West Indies
12471,342616,Kithuruwan Vithanage,COVER_DRIVE,0,1,1,0.0,0.0,Sri Lanka
12472,602569,Ryan Sidebottom,CUT_SHOT_ON_BACK_FOOT,0,1,1,0.0,0.0,Australia
12473,334621,Shadley van Schalkwyk,REVERSE_PULL,0,1,1,0.0,0.0,United States of America
12474,539511,Henry Nicholls,RAMP,0,2,1,0.0,0.0,New Zealand
12475,604593,Vishnu Solanki,PADDLE_SWEEP,0,2,2,0.0,0.0,India
12476,604616,Chama Milind,PULL,0,1,1,0.0,0.0,India
12477,604616,Chama Milind,SQUARE_DRIVE,0,1,1,0.0,0.0,India
12478,604534,Ankush Bains,SLOG_SWEEP,0,2,2,0.0,0.0,India
12479,339095,Dieter Klein,CUT_SHOT_ON_BACK_FOOT,0,2,1,0.0,0.0,Germany
12480,539548,Scott Kuggeleijn,DEFENDED,0,5,1,0.0,0.0,New Zealand
12481,623695,Chamika Karunaratne,LEFT_ALONE,0,13,1,0.0,0.0,Sri Lanka
12482,332366,Sharwan Godara,CUT_SHOT,0,1,1,0.0,0.0,
12483,379927,Beuran Hendricks,DEFENDED,0,2,1,0.0,0.0,South Africa
12484,628217,Chaitanya Bishnoi,PULL,0,1,1,0.0,0.0,United States of America
12485,332937,Jahmar Hamilton,CUT_SHOT,0,2,1,0.0,0.0,West Indies
12486,625967,Ryan Watson,SLOG_SHOT,0,2,1,0.0,0.0,New Zealand
12487,379890,Chad Bowes,RAMP,0,1,1,0.0,0.0,New Zealand
12488,627623,Charlie Wakim,STRAIGHT_DRIVE,0,4,1,0.0,0.0,Australia
12489,627627,Tom Rogers,RAMP,0,1,1,0.0,0.0,Australia
12490,332366,Sharwan Godara,SQUARE_DRIVE,0,2,1,0.0,0.0,
12491,330902,Mustafizur Rahman,LEFT_ALONE,0,9,1,0.0,0.0,Bangladesh
12492,329845,Mizanur Rahman,DEFENDED,0,16,1,0.0,0.0,Bangladesh
12493,537119,Mohit Sharma,LEFT_ALONE,0,2,1,0.0,0.0,India
12494,537119,Mohit Sharma,UPPER_CUT,0,1,1,0.0,0.0,India
12495,629065,Nihaduzzaman,SQUARE_DRIVE,0,1,1,0.0,0.0,Bangladesh
12496,629065,Nihaduzzaman,SLOG_SHOT,0,2,1,0.0,0.0,Bangladesh
12497,330223,Bernard Scholtz,DEFENDED,0,3,1,0.0,0.0,Namibia
12498,332978,John Reva,DEFENDED,0,3,1,0.0,0.0,Papua New Guinea
12499,537613,Salman Hossain,PUSH,0,2,1,0.0,0.0,Bangladesh
12500,333071,Keddy Lesporis,SLOG_SHOT,0,1,1,0.0,0.0,West Indies
12501,333780,Nic Maddinson,PADDLE_SWEEP,0,1,1,0.0,0.0,Australia
12502,379887,Lizaad Williams,SLOG_SWEEP,0,1,1,0.0,0.0,South Africa
12503,625862,Yasser Nazir,REVERSE_SWEEP,0,1,1,0.0,0.0,Bahrain
12504,332980,Charles Amini,PULL_HOOK_ON_BACK_FOOT,0,1,1,0.0,0.0,Papua New Guinea
12505,332996,Kyle Jarvis,FLICK,0,1,1,0.0,0.0,Zimbabwe
12506,36993,Andrew Ellis,SLOG_SHOT,0,1,1,0.0,0.0,New Zealand
12507,1074333,Nuwanidu Fernando,DEFENDED,0,31,1,0.0,0.0,Sri Lanka
12508,422593,Daniel Bell-Drummond,UPPER_CUT,0,2,1,0.0,0.0,England
12509,481979,Anrich Nortje,REVERSE_SWEEP,0,2,1,0.0,0.0,South Africa
12510,481979,Anrich Nortje,SLOG_SWEEP,0,1,1,0.0,0.0,South Africa
12511,1076579,Mohammad Ishaq,SWEEP_SHOT,0,1,1,0.0,0.0,Afghanistan
12512,1076713,Cameron Green,LEFT_ALONE,0,6,1,0.0,0.0,Australia
12513,1076473,Izharulhaq Naveed,COVER_DRIVE,0,1,1,0.0,0.0,Afghanistan
12514,1076394,Mohammad Taha,SWEEP_SHOT,0,1,1,0.0,0.0,Pakistan
12515,1076394,Mohammad Taha,SLOG_SHOT,0,1,1,0.0,0.0,Pakistan
12516,1076392,Mehran Mumtaz,CUT_SHOT,0,1,1,0.0,0.0,Pakistan
12517,1076387,Arish Ali Khan,STRAIGHT_DRIVE,0,1,1,0.0,0.0,Pakistan
12518,49700,Jeevan Mendis,COVER_DRIVE,0,3,1,0.0,0.0,Sri Lanka
12519,481896,Mohammed Shami,LEFT_ALONE,0,1,1,0.0,0.0,India
12520,1070199,Het Patel,SLOG_SHOT,0,1,1,0.0,0.0,India
12521,50802,Mahela Udawatte,PULL,0,2,1,0.0,0.0,Sri Lanka
12522,422342,Siddhesh Lad,PUSH,0,2,1,0.0,0.0,India
12523,51436,Tino Best,CUT_SHOT_ON_BACK_FOOT,0,1,1,0.0,0.0,West Indies
12524,51436,Tino Best,LEG_GLANCE,0,1,1,0.0,0.0,West Indies
12525,1070183,Abhishek Sharma,RAMP,0,1,1,0.0,0.0,India
12526,51439,Dwayne Bravo,PADDLE_SWEEP,0,1,1,0.0,0.0,West Indies
12527,422342,Siddhesh Lad,LEG_GLANCE,0,1,1,0.0,0.0,India
12528,51469,Shivnarine Chanderpaul,DEFENDED,0,7,1,0.0,0.0,West Indies
12529,50802,Mahela Udawatte,COVER_DRIVE,0,2,1,0.0,0.0,Sri Lanka
12530,50205,Malinda Pushpakumara,SLOG_SHOT,0,1,1,0.0,0.0,Sri Lanka
12531,485379,Andries Gous,DEFENDED,0,10,1,0.0,0.0,United States of America
12532,1071499,Ethan-John Cunningham,PUSH,0,2,1,0.0,0.0,South Africa
12533,1071499,Ethan-John Cunningham,STEERED,0,1,1,0.0,0.0,South Africa
12534,1072463,Nasir Nawaz,SLOG_SWEEP,0,1,1,0.0,0.0,Pakistan
12535,50163,Dhammika Prasad,SLOG_SHOT,0,1,1,0.0,0.0,Sri Lanka
12536,1072470,Shaheen Shah Afridi,REVERSE_SWEEP,0,4,2,0.0,0.0,Pakistan
12537,50710,Kumar Sangakkara,BACK_DEFENCE,0,2,1,0.0,0.0,Sri Lanka
12538,1071473,Jan Nicol Loftie-Eaton,SLOG_SHOT,0,3,2,0.0,0.0,Namibia
12539,1071473,Jan Nicol Loftie-Eaton,REVERSE_SWEEP,0,3,2,0.0,0.0,Namibia
12540,1071473,Jan Nicol Loftie-Eaton,CUT_SHOT,0,2,2,0.0,0.0,Namibia
12541,1071000,Bryce Parsons,DEFENDED,0,3,1,0.0,0.0,South Africa
12542,1070997,Connor Esterhuizen,REVERSE_SWEEP,0,2,1,0.0,0.0,
12543,50747,Upul Tharanga,REVERSE_SWEEP,0,1,1,0.0,0.0,Sri Lanka
12544,1079848,Shivam Mavi,SLOG_SWEEP,0,2,1,0.0,0.0,India
12545,1079839,Anukul Roy,PULL,0,1,1,0.0,0.0,India
12546,47492,Dale Steyn,SLOG_SHOT,0,3,1,0.0,0.0,South Africa
12547,1079848,Shivam Mavi,RAMP,0,1,1,0.0,0.0,India
12548,1079839,Anukul Roy,DEFENDED,0,4,2,0.0,0.0,India
12549,1081183,Abhijeet Tomar,SLOG_SHOT,0,1,1,0.0,0.0,India
12550,49289,Mahela Jayawardene,SWEEP_SHOT,0,1,1,0.0,0.0,Sri Lanka
12551,480603,Iftikhar Ahmed,RAMP,0,4,1,0.0,0.0,Pakistan
12552,1079470,Ramandeep Singh,RAMP,0,1,1,0.0,0.0,India
12553,47492,Dale Steyn,STRAIGHT_DRIVE,0,1,1,0.0,0.0,South Africa
12554,1079560,Sairaj Patil,SLOG_SHOT,0,1,1,0.0,0.0,India
12555,1083128,Ankit Soni,SQUARE_DRIVE,0,1,1,0.0,0.0,India
12556,1083030,KM Asif,SLOG_SHOT,0,1,1,0.0,0.0,India
12557,1083128,Ankit Soni,SLOG_SHOT,0,2,1,0.0,0.0,India
12558,1083464,Pratham Singh,DEFENDED,0,2,1,0.0,0.0,India
12559,1083464,Pratham Singh,ON_DRIVE,0,1,1,0.0,0.0,India
12560,1083464,Pratham Singh,SLOG_SHOT,0,1,1,0.0,0.0,India
12561,1081730,Matthew Gilkes,HOOK,0,1,1,0.0,0.0,Australia
12562,477069,Baba Indrajith,PULL,0,2,2,0.0,0.0,India
12563,477069,Baba Indrajith,SLOG_SHOT,0,1,1,0.0,0.0,India
12564,1081525,Yash Kothari,DEFENDED,0,15,1,0.0,0.0,India
12565,1081442,Mayank Markande,FLICK,0,5,1,0.0,0.0,India
12566,480693,Anthony Bramble,COVER_DRIVE,0,1,1,0.0,0.0,West Indies
12567,49178,Rangana Herath,ON_DRIVE,0,1,1,0.0,0.0,Sri Lanka
12568,1077662,Frederick Walker,DEFENDED,0,1,1,0.0,0.0,New Zealand
12569,49178,Rangana Herath,COVER_DRIVE,0,1,1,0.0,0.0,Sri Lanka
12570,49013,Manjula Guruge,SQUARE_DRIVE,0,1,1,0.0,0.0,United Arab Emirates
12571,1077307,Kaleemullah,SLOG_SHOT,0,2,1,0.0,0.0,Oman
12572,1076852,Liam Bowe,ON_DRIVE,0,1,1,0.0,0.0,Australia
12573,1076852,Liam Bowe,DEFENDED,0,1,1,0.0,0.0,Australia
12574,1076721,Lloyd Pope,SLOG_SWEEP,0,1,1,0.0,0.0,Australia
12575,1076721,Lloyd Pope,ON_DRIVE,0,2,1,0.0,0.0,Australia
12576,47850,Roelof van der Merwe,SLOG_SWEEP,0,2,2,0.0,0.0,Netherlands
12577,1079380,Nikhil Chaudhary,STEERED,0,5,1,0.0,0.0,Australia
12578,1079382,Rohan  Kunnummal,SLOG_SHOT,0,1,1,0.0,0.0,India
12579,1079377,Ravi Teja,PULL,0,1,1,0.0,0.0,India
12580,481803,Glenton Stuurman,SLOG_SWEEP,0,1,1,0.0,0.0,South Africa
12581,48472,Tillakaratne Dilshan,STRAIGHT_DRIVE,0,5,1,0.0,0.0,Sri Lanka
12582,48835,Dilhara Fernando,ON_DRIVE,0,2,1,0.0,0.0,Sri Lanka
12583,1026379,Henry Brookes,SLOG_SHOT,0,1,1,0.0,0.0,England
12584,420419,Tobias Visee,DEFENDED,0,5,1,0.0,0.0,Netherlands
12585,1012835,George Drissell,VERTICAL_FORWARD_ATTACK,0,1,1,0.0,0.0,England
12586,1015437,Zubaid Akbari,SLOG_SHOT,0,1,1,0.0,0.0,Afghanistan
12587,55705,Tinashe Panyangara,FLICK,0,1,1,0.0,0.0,Zimbabwe
12588,1030549,Andrew Hazeldine,REVERSE_SWEEP,0,2,1,0.0,0.0,New Zealand
12589,1030549,Andrew Hazeldine,SLOG_SHOT,0,1,1,0.0,0.0,New Zealand
12590,1030753,Sol Budinger,SLOG_SHOT,0,1,1,0.0,0.0,England
12591,55354,Chamu Chibhabha,STRAIGHT_DRIVE,0,2,1,0.0,0.0,Zimbabwe
12592,55414,Sean Ervine,BACK_DEFENCE,0,4,1,0.0,0.0,Zimbabwe
12593,1027867,Lasith Croospulle,REVERSE_SWEEP,0,1,1,0.0,0.0,Sri Lanka
12594,55608,Hamilton Masakadza,LEFT_ALONE,0,22,1,0.0,0.0,Zimbabwe
12595,1027867,Lasith Croospulle,LEFT_ALONE,0,4,1,0.0,0.0,Sri Lanka
12596,1012349,Ruyel Miah,DEFENDED,0,2,1,0.0,0.0,Bangladesh
12597,55870,Sean Williams,UPPER_CUT,0,1,1,0.0,0.0,Zimbabwe
12598,990081,Mohammad Naim,REVERSE_PULL,0,1,1,0.0,0.0,Bangladesh
12599,55894,Farhad Reza,LEG_GLANCE,0,1,1,0.0,0.0,Bangladesh
12600,55944,Jahurul Islam,DEFENDED,0,17,2,0.0,0.0,Bangladesh
12601,990039,Shoriful Islam,SLOG_SWEEP,0,1,1,0.0,0.0,Bangladesh
12602,1012131,Rakibul Hasan,LEG_GLANCE,0,1,1,0.0,0.0,Bangladesh
12603,420402,Afsar Zazai,DEFENDED,0,11,2,0.0,0.0,Afghanistan
12604,420402,Afsar Zazai,SLOG_SWEEP,0,1,1,0.0,0.0,Afghanistan
12605,55814,Brendan Taylor,UPPER_CUT,0,2,1,0.0,0.0,Zimbabwe
12606,1005257,Simi Singh,DEFENDED,0,8,1,0.0,0.0,Ireland
12607,494581,Rahkeem Cornwall,DAB,0,1,1,0.0,0.0,West Indies
12608,998369,Ben Charlesworth,FORWARD_DEFENCE,0,6,1,0.0,0.0,England
12609,419873,Mohammad Shahzad,PULL_HOOK_ON_BACK_FOOT,0,1,1,0.0,0.0,Afghanistan
12610,1036191,Bas de Leede,DEFENDED,0,28,1,0.0,0.0,Netherlands
12611,1061467,Dillon Heyliger,SLOG_SWEEP,0,1,1,0.0,0.0,Canada
12612,1062338,Xavier A Crone,PULL,0,1,1,0.0,0.0,Australia
12613,1064812,Rahul Chahar,LEFT_ALONE,0,2,1,0.0,0.0,India
12614,486679,Duanne Olivier,SWEEP,0,1,1,0.0,0.0,South Africa
12615,488998,Tshepang Dithole,SLOG_SWEEP,0,1,1,0.0,0.0,South Africa
12616,1058987,Karthik Meiyappan,STRAIGHT_DRIVE,0,1,1,0.0,0.0,United Arab Emirates
12617,1058990,Ansh Tandon,SLOG_SHOT,0,1,1,0.0,0.0,United Arab Emirates
12618,488998,Tshepang Dithole,LEG_GLANCE,0,1,1,0.0,0.0,South Africa
12619,1058990,Ansh Tandon,DEFENDED,0,1,1,0.0,0.0,United Arab Emirates
12620,1064812,Rahul Chahar,SLOG_SWEEP,0,3,1,0.0,0.0,India
12621,1064812,Rahul Chahar,SWEEP_SHOT,0,2,2,0.0,0.0,India
12622,51866,Assad Fudadin,LEFT_ALONE,0,2,1,0.0,0.0,West Indies
12623,1069549,Siddhesh Wath,LEFT_ALONE,0,3,1,0.0,0.0,India
12624,1070154,Nimesh Vimukthi,COVER_DRIVE,0,1,1,0.0,0.0,Sri Lanka
12625,51862,Andre Fletcher,REVERSE_SWEEP,0,2,1,0.0,0.0,West Indies
12626,51784,Rayad Emrit,SWEEP_SHOT,0,1,1,0.0,0.0,West Indies
12627,1068983,Haroon Arshad,PADDLE_SWEEP,0,1,1,0.0,0.0,Hong Kong
12628,1068980,Adit Gorawara,FLICK,0,1,1,0.0,0.0,Hong Kong
12629,51880,Chris Gayle,REVERSE_SWEEP,0,1,1,0.0,0.0,West Indies
12630,52997,Shane Shillingford,SLOG_SHOT,0,3,2,0.0,0.0,West Indies
12631,1046777,Roman Walker,BACK_DEFENCE,0,2,1,0.0,0.0,England
12632,53191,Jerome Taylor,LEFT_ALONE,0,3,1,0.0,0.0,West Indies
12633,489889,Pat Cummins,UPPER_CUT,0,1,1,0.0,0.0,Australia
12634,53119,Liam Sebastien,SQUARE_DRIVE,0,1,1,0.0,0.0,West Indies
12635,1041211,Sam Conners,PUSH_SHOT,0,1,1,0.0,0.0,England
12636,1039481,Gus Atkinson,CUT_SHOT_ON_BACK_FOOT,0,1,1,0.0,0.0,England
12637,1037535,Aslam Khan,ON_DRIVE,0,3,2,0.0,0.0,Malaysia
12638,55329,Charles Coventry,DEFENDED,0,6,1,0.0,0.0,Zimbabwe
12639,493773,Lockie Ferguson,DEFENDED,0,2,1,0.0,0.0,New Zealand
12640,55343,Elton Chigumbura,LEFT_ALONE,0,6,1,0.0,0.0,Zimbabwe
12641,1036191,Bas de Leede,HOOK,0,2,1,0.0,0.0,Netherlands
12642,1058795,Hassan Khan Mohammad,FLICK,0,1,1,0.0,0.0,Hong Kong
12643,1057399,Manoj Bhandage,SLOG_SHOT,0,1,1,0.0,0.0,India
12644,1048897,Avi Dixit,SQUARE_DRIVE,0,1,1,0.0,0.0,Singapore
12645,420427,Sese Bau,REVERSE_PULL,0,1,1,0.0,0.0,Papua New Guinea
12646,1048863,Shoaib Md Khan,DEFENDED,0,2,1,0.0,0.0,India
12647,1048841,Sanjay Yadav,CUT_SHOT,0,1,1,0.0,0.0,India
12648,1083851,Suyash Prabhudessai,REVERSE_PULL,0,1,1,0.0,0.0,India
12649,1083851,Suyash Prabhudessai,STRAIGHT_DRIVE,0,3,1,0.0,0.0,India
12650,1126045,Nishan Madushka,SLOG_SWEEP,0,2,1,0.0,0.0,Sri Lanka
12651,1125979,Ashir Qureshi,FLICK,0,1,1,0.0,0.0,Pakistan
12652,1126179,Dhruv Patel,SLOG_SHOT,0,2,1,0.0,0.0,India
12653,1126082,Nipun Dhananjaya,PADDLE_SWEEP,0,1,1,0.0,0.0,Sri Lanka
12654,429748,Amila Aponso,FLICK,0,1,1,0.0,0.0,United States of America
12655,1123787,Robiul Haque,CUT_SHOT,0,2,1,0.0,0.0,Bangladesh
12656,470699,Ben Cooper,LEFT_ALONE,0,4,1,0.0,0.0,Netherlands
12657,470699,Ben Cooper,DEFENDED,0,9,1,0.0,0.0,Netherlands
12658,429668,Imal Liyanage,DEFENDED,0,5,1,0.0,0.0,Qatar
12659,1123428,Usman Khan,DEFENDED,0,54,2,0.0,0.0,Pakistan
12660,470777,Gavin Main,FLICK,0,1,1,0.0,0.0,Scotland
12661,1123073,Anuj Rawat,DEFENDED,0,36,2,0.0,0.0,India
12662,40170,Fayyaz Ahmed,SWEEP_SHOT,0,3,1,0.0,0.0,United Arab Emirates
12663,1125568,Kartik Kakade,SLOG_SHOT,0,1,1,0.0,0.0,India
12664,1125536,Ben Lister,DEFENDED,0,3,2,0.0,0.0,New Zealand
12665,1124737,Renaldo Meyer,REVERSE_SWEEP,0,1,1,0.0,0.0,South Africa
12666,1124290,Nathan McSweeney,SLOG_SWEEP,0,1,1,0.0,0.0,Australia
12667,40618,Imran Tahir,SLOG_SWEEP,0,1,1,0.0,0.0,South Africa
12668,41028,Kamran Akmal,UPPER_CUT,0,1,1,0.0,0.0,Pakistan
12669,467420,Sean Terry,PUSH_SHOT,0,1,1,0.0,0.0,Ireland
12670,467420,Sean Terry,REVERSE_SWEEP,0,1,1,0.0,0.0,Ireland
12671,1131754,Chetan Sakariya,PULL,0,3,2,0.0,0.0,India
12672,1131933,Nipan Deka,PADDLE_SWEEP,0,1,1,0.0,0.0,India
12673,1132219,Sanvir Singh,PUSH,0,2,1,0.0,0.0,India
12674,1139053,Ram Sharan,DEFENDED,0,13,1,0.0,0.0,Cambodia
12675,1137283,Thomas Rogers,REVERSE_SWEEP,0,6,2,0.0,0.0,Australia
12676,465793,Dhananjaya de Silva,UPPER_CUT,0,1,1,0.0,0.0,Sri Lanka
12677,465797,Tharindu Kaushal,PULL,0,1,1,0.0,0.0,Sri Lanka
12678,37696,Hamish Marshall,NO_SHOT,0,8,1,0.0,0.0,New Zealand
12679,1129637,Luke Georgeson,STRAIGHT_DRIVE,0,1,1,0.0,0.0,New Zealand
12680,429754,Niroshan Dickwella,RAMP,0,2,1,0.0,0.0,Sri Lanka
12681,1129639,Callum McLachlan,PADDLE_SWEEP,0,1,1,0.0,0.0,New Zealand
12682,429809,Ravija Sandaruwan,DEFENDED,0,9,2,0.0,0.0,Kuwait
12683,1131181,Llew Johnson,SLOG_SHOT,0,1,1,0.0,0.0,New Zealand
12684,38373,Jesse Ryder,PULL,0,1,1,0.0,0.0,New Zealand
12685,1131607,Shams Mulani,ON_DRIVE,0,1,1,0.0,0.0,India
12686,1131607,Shams Mulani,SLOG_SWEEP,0,1,1,0.0,0.0,India
12687,38373,Jesse Ryder,SWEEP_SHOT,0,3,1,0.0,0.0,New Zealand
12688,1130758,Patrick Rowe,FLICK,0,1,1,0.0,0.0,Australia
12689,1130300,Aryan Juyal,SLOG_SWEEP,0,1,1,0.0,0.0,India
12690,1130300,Aryan Juyal,PULL,0,1,1,0.0,0.0,India
12691,1129664,Angus McKenzie,ON_DRIVE,0,1,1,0.0,0.0,New Zealand
12692,1129639,Callum McLachlan,SLOG_SHOT,0,2,2,0.0,0.0,New Zealand
12693,429809,Ravija Sandaruwan,LATE_CUT,0,3,1,0.0,0.0,Kuwait
12694,1122918,Kartik Tyagi,STRAIGHT_DRIVE,0,1,1,0.0,0.0,India
12695,44936,AB de Villiers,UPPER_CUT,0,4,1,0.0,0.0,South Africa
12696,44851,Con de Lange,ON_DRIVE,0,1,1,0.0,0.0,Scotland
12697,473191,Richard Gleeson,SLOG_SHOT,0,1,1,0.0,0.0,England
12698,1093638,Imran Ali,SWEEP_SHOT,0,3,1,0.0,0.0,Bahrain
12699,474760,Chundangapoyil Rizwan,DEFENDED,0,10,1,0.0,0.0,United Arab Emirates
12700,1094350,George Lavelle,SWEEP,0,1,1,0.0,0.0,England
12701,1094569,Dillon Pennington,FORWARD_DEFENCE,0,1,1,0.0,0.0,England
12702,44828,Faf du Plessis,CUT_SHOT_ON_BACK_FOOT,0,1,1,0.0,0.0,South Africa
12703,44394,Gareth Berg,BACK_DEFENCE,0,2,1,0.0,0.0,Italy
12704,1098405,Ben Allison,LEG_GLANCE,0,1,1,0.0,0.0,England
12705,1098903,Surendran Chandramohan,CUT_SHOT,0,4,2,0.0,0.0,Singapore
12706,1098903,Surendran Chandramohan,SLOG_SHOT,0,3,1,0.0,0.0,Singapore
12707,1097408,Rob Yates,FORWARD_DEFENCE,0,23,1,0.0,0.0,England
12708,1096822,Callum Taylor,SWEEP,0,5,5,0.0,0.0,England
12709,1096129,Gulam Murtaza,FLICK,0,1,1,0.0,0.0,Cambodia
12710,1096092,Jamie Smith,SLOG_SWEEP,0,1,1,0.0,0.0,England
12711,45705,Colin Ingram,RAMP,0,2,1,0.0,0.0,South Africa
12712,1088612,Zak Evans,ON_DRIVE,0,1,1,0.0,0.0,Australia
12713,475281,Shardul Thakur,UPPER_CUT,0,1,1,0.0,0.0,India
12714,1088618,Jonathan Merlo,REVERSE_SCOOP,0,1,1,0.0,0.0,Australia
12715,1088612,Zak Evans,CUT_SHOT,0,2,1,0.0,0.0,Australia
12716,46543,Wayne Madsen,PADDLE_SWEEP,0,1,1,0.0,0.0,Italy
12717,424206,Liam Norwell,PULL_HOOK_ON_BACK_FOOT,0,1,1,0.0,0.0,England
12718,46681,Justin Ontong,PULL,0,1,1,0.0,0.0,South Africa
12719,46750,Robin Peterson,PULL,0,1,1,0.0,0.0,South Africa
12720,45949,Rory Kleinveldt,FORWARD_DEFENCE,0,2,1,0.0,0.0,South Africa
12721,45955,Heino Kuhn,BACK_DEFENCE,0,4,1,0.0,0.0,South Africa
12722,45955,Heino Kuhn,SLOG_SWEEP,0,1,1,0.0,0.0,South Africa
12723,1092313,Rohail Nazir,SLOG_SHOT,0,2,2,0.0,0.0,Pakistan
12724,475281,Shardul Thakur,HOOK,0,1,1,0.0,0.0,India
12725,1115033,Simon Atai,SLOG_SWEEP,0,1,1,0.0,0.0,Papua New Guinea
12726,1115033,Simon Atai,SQUARE_DRIVE,0,1,1,0.0,0.0,Papua New Guinea
12727,42876,Sultan Ahmed,CUT_SHOT_ON_BACK_FOOT,0,3,1,0.0,0.0,Oman
12728,1112535,Neil Rock,SLOG_SWEEP,0,1,1,0.0,0.0,Ireland
12729,471210,Tom Fell,FORWARD_DEFENCE,0,2,1,0.0,0.0,England
12730,471202,Brett D'Oliveira,SLOG_SWEEP,0,2,1,0.0,0.0,England
12731,42876,Sultan Ahmed,SLOG_SHOT,0,1,1,0.0,0.0,Oman
12732,1119026,Devdutt Padikkal,RAMP,0,4,3,0.0,0.0,India
12733,42639,Shahid Afridi,SLOG_SWEEP,0,2,1,0.0,0.0,Pakistan
12734,41984,Mohammad Nadeem,STRAIGHT_DRIVE,0,3,1,0.0,0.0,Oman
12735,1122557,Damien Ravu,CUT_SHOT,0,2,1,0.0,0.0,Papua New Guinea
12736,1122851,Faraz Akram,SLOG_SWEEP,0,1,1,0.0,0.0,Zimbabwe
12737,470885,Ben Kynman,SLOG_SHOT,0,1,1,0.0,0.0,Jersey
12738,1122853,Tony Munyonga,DEFENDED,0,5,1,0.0,0.0,Zimbabwe
12739,470909,Antonius Staal,SQUARE_DRIVE,0,2,1,0.0,0.0,Netherlands
12740,1121574,Kunal Chandela,PADDLE_SWEEP,0,1,1,0.0,0.0,India
12741,1119026,Devdutt Padikkal,UPPER_CUT,0,5,1,0.0,0.0,India
12742,1112535,Neil Rock,DEFENDED,0,3,1,0.0,0.0,Ireland
12743,1104697,Scott Currie,PULL_HOOK_ON_BACK_FOOT,0,1,1,0.0,0.0,Scotland
12744,43685,Yasir Shah,CUT_SHOT,0,2,1,0.0,0.0,Pakistan
12745,1099379,Gareth Delany,SWEEP_SHOT,0,2,1,0.0,0.0,Ireland
12746,43590,Wahab Riaz,SWEEP,0,3,1,0.0,0.0,Pakistan
12747,1104893,Nico Reifer,DROP_AND_RUN,0,1,1,0.0,0.0,England
12748,1104703,Fred Klaassen,PUSH,0,1,1,0.0,0.0,England
12749,1104703,Fred Klaassen,STRAIGHT_DRIVE,0,1,1,0.0,0.0,England
12750,43685,Yasir Shah,DEFENDED,0,6,1,0.0,0.0,Pakistan
12751,43685,Yasir Shah,PULL,0,3,2,0.0,0.0,Pakistan
12752,1099225,Fionn Hand,SWEEP_SHOT,0,1,1,0.0,0.0,Ireland
12753,1099225,Fionn Hand,REVERSE_SWEEP,0,1,1,0.0,0.0,Ireland
12754,1099225,Fionn Hand,PULL,0,4,1,0.0,0.0,Ireland
12755,1099225,Fionn Hand,FLICK,0,1,1,0.0,0.0,Ireland
12756,43685,Yasir Shah,SQUARE_DRIVE,0,1,1,0.0,0.0,Pakistan
12757,425913,Abhimanyu Rana,PULL,0,1,1,0.0,0.0,India
12758,1104893,Nico Reifer,CUT_SHOT_ON_BACK_FOOT,0,1,1,0.0,0.0,England
12759,43515,Usman Mushtaq,SWEEP_SHOT,0,1,1,0.0,0.0,United Arab Emirates
12760,1110475,Jack Haynes,ON_DRIVE,0,1,1,0.0,0.0,England
12761,1111473,Rishiv Joshi,SLOG_SWEEP,0,1,1,0.0,0.0,Canada
12762,43524,Umar Gul,SLOG_SHOT,0,1,1,0.0,0.0,Pakistan
12763,425943,Sanju Samson,PULL_HOOK_ON_BACK_FOOT,0,1,1,0.0,0.0,India
12764,1104894,Thomas Bevan,REVERSE_SWEEP,0,1,1,0.0,0.0,England
12765,43590,Wahab Riaz,RAMP,0,1,1,0.0,0.0,Pakistan
12766,820351,Rovman Powell,REVERSE_SWEEP,0,1,1,0.0,0.0,West Indies
12767,233400,Gyanendra Malla,BACK_DEFENCE,0,1,1,0.0,0.0,Nepal
12768,892749,Tim David,LEFT_ALONE,0,18,1,0.0,0.0,Australia
12769,233482,Tim Ludeman,STEERED,0,1,1,0.0,0.0,Australia
12770,233482,Tim Ludeman,REVERSE_SWEEP,0,1,1,0.0,0.0,Australia
12771,233400,Gyanendra Malla,SWEEP_SHOT,0,1,1,0.0,0.0,Nepal
12772,893955,Ollie Robinson,BACK_DEFENCE,0,5,1,0.0,0.0,England
12773,233400,Gyanendra Malla,PULL_HOOK_ON_BACK_FOOT,0,1,1,0.0,0.0,Nepal
12774,506612,Matt Henry,COVER_DRIVE,0,1,1,0.0,0.0,New Zealand
12775,505120,Ashton Agar,SWEEP_SHOT,0,3,1,0.0,0.0,Australia
12776,906053,Tom Scriven,BACK_DEFENCE,0,2,1,0.0,0.0,England
12777,906053,Tom Scriven,SWEEP,0,1,1,0.0,0.0,England
12778,407889,Moin Ashraf,VERTICAL_FORWARD_ATTACK,0,2,1,0.0,0.0,England
12779,232489,Rameez Raja,SLOG_SHOT,0,3,2,0.0,0.0,Pakistan
12780,407878,Tom Milnes,VERTICAL_FORWARD_ATTACK,0,1,1,0.0,0.0,England
12781,891517,Pat Brown,FORWARD_DEFENCE,0,2,2,0.0,0.0,England
12782,233901,Shan Masood,PADDLE_SWEEP,0,2,1,0.0,0.0,Pakistan
12783,873769,Sultan Ahmed,ON_DRIVE,0,1,1,0.0,0.0,United Arab Emirates
12784,873769,Sultan Ahmed,SLOG_SHOT,0,1,1,0.0,0.0,United Arab Emirates
12785,233802,Ashan Priyanjan,STRAIGHT_DRIVE,0,1,1,0.0,0.0,Sri Lanka
12786,407265,Josh Davey,FORWARD_DEFENCE,0,1,1,0.0,0.0,Scotland
12787,234675,Ravindra Jadeja,RAMP,0,1,1,0.0,0.0,India
12788,868003,Syed Aziz,SQUARE_DRIVE,0,1,1,0.0,0.0,Malaysia
12789,868003,Syed Aziz,SLOG_SWEEP,0,3,3,0.0,0.0,Malaysia
12790,407265,Josh Davey,SLOG_SHOT,0,1,1,0.0,0.0,Scotland
12791,888565,Mehran Khan,SWEEP_SHOT,0,1,1,0.0,0.0,Oman
12792,887207,Ollie Pope,SWEEP_SHOT,0,1,1,0.0,0.0,England
12793,233712,Stephan Myburgh,SLOG_SWEEP,0,1,1,0.0,0.0,Netherlands
12794,233713,Neil Wagner,BACK_DEFENCE,0,1,1,0.0,0.0,New Zealand
12795,233713,Neil Wagner,CUT_SHOT,0,2,1,0.0,0.0,New Zealand
12796,878465,Mehedi Hasan Rana,PUSH,0,1,1,0.0,0.0,Bangladesh
12797,508964,Pulina Tharanga,SLOG_SHOT,0,2,1,0.0,0.0,Sri Lanka
12798,865833,Zak Chappell,ON_DRIVE,0,1,1,0.0,0.0,England
12799,914567,Oshane Thomas,DEFENDED,0,8,2,0.0,0.0,West Indies
12800,230856,Grant Mokoena,FLICK,0,3,1,0.0,0.0,South Africa
12801,230852,Dean Elgar,PULL,0,1,1,0.0,0.0,South Africa
12802,230856,Grant Mokoena,SLOG_SWEEP,0,1,1,0.0,0.0,South Africa
12803,501907,Daryn Dupavillon,UPPER_CUT,0,1,1,0.0,0.0,South Africa
12804,914577,Colin Archibald,CUT_SHOT,0,1,1,0.0,0.0,West Indies
12805,914577,Colin Archibald,DEFENDED,0,2,1,0.0,0.0,West Indies
12806,917231,BR Sharath,SLOG_SWEEP,0,1,1,0.0,0.0,India
12807,917159,Prasidh Krishna,FLICK,0,3,1,0.0,0.0,India
12808,917159,Prasidh Krishna,SLOG_SHOT,0,2,1,0.0,0.0,India
12809,917213,Shivil Kaushik,FLICK,0,1,1,0.0,0.0,India
12810,914581,Kofi James,SLOG_SHOT,0,1,1,0.0,0.0,West Indies
12811,919525,Akbar Khan,PULL,0,1,1,0.0,0.0,Hong Kong
12812,919525,Akbar Khan,SLOG_SWEEP,0,1,1,0.0,0.0,Hong Kong
12813,916727,Mohammad Imran,SLOG_SHOT,0,1,1,0.0,0.0,Pakistan
12814,501498,Nick Winter,ON_DRIVE,0,2,2,0.0,0.0,Australia
12815,914625,Jack Boyle,SLOG_SHOT,0,3,1,0.0,0.0,New Zealand
12816,230558,Sunil Narine,REVERSE_PULL,0,1,1,0.0,0.0,West Indies
12817,501848,Gareth Harte,SWEEP,0,3,2,0.0,0.0,South Africa
12818,230559,Kieron Pollard,REVERSE_SCOOP,0,1,1,0.0,0.0,West Indies
12819,914171,Qais Ahmad,SLOG_SWEEP,0,1,1,0.0,0.0,Afghanistan
12820,410765,Nurul Hasan,LEFT_ALONE,0,9,1,0.0,0.0,Bangladesh
12821,410765,Nurul Hasan,UPPER_CUT,0,3,1,0.0,0.0,Bangladesh
12822,410763,Abu Jayed,SLOG_SHOT,0,1,1,0.0,0.0,Bangladesh
12823,505113,Nat Watkins,SLOG_SHOT,0,1,1,0.0,0.0,Jersey
12824,911707,Harry Brook,LEFT_ALONE,0,12,1,0.0,0.0,England
12825,410768,Alauddin Babu,SWEEP_SHOT,0,1,1,0.0,0.0,Bangladesh
12826,410768,Alauddin Babu,DEFENDED,0,4,1,0.0,0.0,Bangladesh
12827,232361,Kieran Noema-Barnett,DEFENDED,0,5,1,0.0,0.0,New Zealand
12828,230557,William Perkins,SQUARE_DRIVE,0,1,1,0.0,0.0,West Indies
12829,401540,Aizaz Khan,SWEEP_SHOT,0,2,2,0.0,0.0,Hong Kong
12830,512907,Tom Helm,STRAIGHT_DRIVE,0,2,1,0.0,0.0,England
12831,252932,Kieran Powell,DEFENDED,0,1,1,0.0,0.0,West Indies
12832,402106,Abdul Waheed,DEFENDED,0,12,1,0.0,0.0,Saudi Arabia
12833,823509,Glenn Phillips,RAMP,0,1,1,0.0,0.0,New Zealand
12834,514612,Gavin Griffiths,DROP_AND_RUN,0,1,1,0.0,0.0,England
12835,402140,Syazrul Idrus,STRAIGHT_DRIVE,0,1,1,0.0,0.0,Malaysia
12836,512907,Tom Helm,BACK_DEFENCE,0,1,1,0.0,0.0,England
12837,825211,Ryan Gibson,SWEEP_SHOT,0,3,1,0.0,0.0,Australia
12838,247235,Chris Woakes,LEFT_ALONE,0,3,1,0.0,0.0,England
12839,826901,Daniel Sams,LEFT_ALONE,0,9,1,0.0,0.0,Australia
12840,826679,Sam Heazlett,HOOK,0,3,1,0.0,0.0,Australia
12841,826497,Snehal Kauthankar,SWEEP_SHOT,0,1,1,0.0,0.0,India
12842,262456,Dane Vilas,UPPER_CUT,0,1,1,0.0,0.0,South Africa
12843,820691,Odean Smith,DEFENDED,0,29,1,0.0,0.0,West Indies
12844,820691,Odean Smith,LEFT_ALONE,0,18,1,0.0,0.0,West Indies
12845,265564,Wayne Parnell,SWEEP_SHOT,0,2,1,0.0,0.0,South Africa
12846,820681,Amir Jangoo,DEFENDED,0,32,1,0.0,0.0,West Indies
12847,820677,Keacy Carty,STRAIGHT_DRIVE,0,4,1,0.0,0.0,West Indies
12848,820351,Rovman Powell,UPPER_CUT,0,1,1,0.0,0.0,West Indies
12849,516561,Dawlat Zadran,SQUARE_DRIVE,0,1,1,0.0,0.0,Afghanistan
12850,821749,Saif Hassan,DEFENDED,0,20,1,0.0,0.0,Bangladesh
12851,823339,Ahmer Bin Nisar,DEFENDED,0,4,1,0.0,0.0,Bahrain
12852,823339,Ahmer Bin Nisar,STEERED,0,2,1,0.0,0.0,Bahrain
12853,822503,Mohsin Shabbir,PULL,0,2,1,0.0,0.0,Saudi Arabia
12854,822503,Mohsin Shabbir,ON_DRIVE,0,3,1,0.0,0.0,Saudi Arabia
12855,821755,Sanjit Saha,PUSH,0,1,1,0.0,0.0,Bangladesh
12856,826901,Daniel Sams,UPPER_CUT,0,1,1,0.0,0.0,Australia
12857,404461,Freddie van den Bergh,BACK_DEFENCE,0,1,1,0.0,0.0,England
12858,235657,Steven Jacobs,STRAIGHT_DRIVE,0,1,1,0.0,0.0,West Indies
12859,236779,Ishant Sharma,SLOG_SHOT,0,2,1,0.0,0.0,India
12860,851403,Venkatesh Iyer,REVERSE_SCOOP,0,1,1,0.0,0.0,India
12861,857979,George Scrimshaw,FORWARD_DEFENCE,0,2,1,0.0,0.0,England
12862,858435,Liam Guthrie,CUT_SHOT,0,1,1,0.0,0.0,Australia
12863,859899,Calvin Harrison,STRAIGHT_DRIVE,0,1,1,0.0,0.0,England
12864,235532,Cephas Zhuwao,SLOG_SHOT,0,5,1,0.0,0.0,Zimbabwe
12865,510823,Justin Greaves,DEFENDED,0,20,1,0.0,0.0,West Indies
12866,827051,Blessing Muzarabani,DEFENDED,0,14,2,0.0,0.0,Zimbabwe
12867,827051,Blessing Muzarabani,PUSH,0,5,1,0.0,0.0,Zimbabwe
12868,827051,Blessing Muzarabani,REVERSE_SWEEP,0,1,1,0.0,0.0,Zimbabwe
12869,244639,Harry Gurney,DEFENDED,0,5,1,0.0,0.0,England
12870,512191,Fakhar Zaman,LATE_CUT,0,2,1,0.0,0.0,Pakistan
12871,827051,Blessing Muzarabani,CUT_SHOT_ON_BACK_FOOT,0,2,1,0.0,0.0,Zimbabwe
12872,245166,Mudassar Bukhari,STEERED,0,1,1,0.0,0.0,Netherlands
12873,245372,Orlando Peters,CUT_SHOT,0,4,2,0.0,0.0,West Indies
12874,826915,Nathan Ellis,SWEEP,0,1,1,0.0,0.0,Australia
12875,826915,Nathan Ellis,SLOG_SWEEP,0,2,1,0.0,0.0,Australia
12876,826915,Nathan Ellis,REVERSE_SWEEP,0,2,1,0.0,0.0,Australia
12877,826915,Nathan Ellis,DEFENDED,0,11,1,0.0,0.0,Australia
12878,244639,Harry Gurney,LEFT_ALONE,0,1,1,0.0,0.0,England
12879,243944,Alex Blake,SLOG_SWEEP,0,1,1,0.0,0.0,England
12880,837609,Jake Carder,PULL,0,1,1,0.0,0.0,Australia
12881,244497,Adil Rashid,SWEEP_SHOT,0,3,1,0.0,0.0,England
12882,511532,Al-Amin Hossain,DEFENDED,0,8,1,0.0,0.0,Bangladesh
12883,512191,Fakhar Zaman,BACK_DEFENCE,0,2,1,0.0,0.0,Pakistan
12884,244497,Adil Rashid,SWEEP,0,1,1,0.0,0.0,England
12885,230558,Sunil Narine,BACK_DEFENCE,0,4,1,0.0,0.0,West Indies
12886,956319,Ayaan Khan,DEFENDED,0,11,1,0.0,0.0,Oman
12887,498591,Travis Muller,DEFENDED,0,6,1,0.0,0.0,South Africa
12888,956871,Prerak Mankad,STEERED,0,1,1,0.0,0.0,India
12889,955235,Nuwan Thushara,DEFENDED,0,7,2,0.0,0.0,Sri Lanka
12890,498591,Travis Muller,ON_DRIVE,0,3,2,0.0,0.0,South Africa
12891,498585,David Bedingham,REVERSE_SWEEP,0,1,1,0.0,0.0,South Africa
12892,210283,Steven Finn,DEFENDED,0,1,1,0.0,0.0,England
12893,211748,Benny Howell,DEFENDED,0,29,2,0.0,0.0,England
12894,210296,Ollie Rayner,SWEEP,0,1,1,0.0,0.0,Germany
12895,210296,Ollie Rayner,REVERSE_SWEEP,0,1,1,0.0,0.0,Germany
12896,210279,Andrew Poynter,SLOG_SHOT,0,1,1,0.0,0.0,Ireland
12897,959759,Finn Allen,BACK_DEFENCE,0,4,1,0.0,0.0,New Zealand
12898,211748,Benny Howell,UPPER_CUT,0,1,1,0.0,0.0,England
12899,958691,Ashen Bandara,RAMP,0,2,1,0.0,0.0,Sri Lanka
12900,958691,Ashen Bandara,PADDLE_SWEEP,0,1,1,0.0,0.0,Sri Lanka
12901,958691,Ashen Bandara,LATE_CUT,0,1,1,0.0,0.0,Sri Lanka
12902,414990,Jake Ball,DEFENDED,0,2,1,0.0,0.0,England
12903,213674,Todd Astle,PADDLE_SWEEP,0,1,1,0.0,0.0,New Zealand
12904,948593,Mihlali Mpongwana,DEFENDED,0,6,2,0.0,0.0,South Africa
12905,948513,Kgaudisa Molefe,ON_DRIVE,0,1,1,0.0,0.0,South Africa
12906,948513,Kgaudisa Molefe,PUSH,0,1,1,0.0,0.0,South Africa
12907,948545,Orapeleng Motlhoaring,SLOG_SWEEP,0,1,1,0.0,0.0,South Africa
12908,215152,Jackson Bird,SLOG_SWEEP,0,1,1,0.0,0.0,Australia
12909,946517,Dion Myers,UPPER_CUT,0,1,1,0.0,0.0,Zimbabwe
12910,414990,Jake Ball,BACK_DEFENCE,0,1,1,0.0,0.0,England
12911,951781,Milton Shumba,DEFENDED,0,24,1,0.0,0.0,Zimbabwe
12912,952207,Sinethemba Qeshile,SLOG_SHOT,0,1,1,0.0,0.0,South Africa
12913,949561,Dan Moriarty,REVERSE_SWEEP,0,1,1,0.0,0.0,England
12914,949473,Brandon McMullen,SLOG_SHOT,0,1,1,0.0,0.0,Scotland
12915,974109,Mujeeb Ur Rahman,PULL_HOOK_ON_BACK_FOOT,0,1,1,0.0,0.0,Afghanistan
12916,56054,Naeem Islam,STRAIGHT_DRIVE,0,3,1,0.0,0.0,Bangladesh
12917,974109,Mujeeb Ur Rahman,STRAIGHT_DRIVE,0,1,1,0.0,0.0,Afghanistan
12918,974175,Fazalhaq Farooqi,COVER_DRIVE,0,1,1,0.0,0.0,Afghanistan
12919,974175,Fazalhaq Farooqi,DEFENDED,0,11,1,0.0,0.0,Afghanistan
12920,974087,Rahmanullah Gurbaz,REVERSE_PULL,0,1,1,0.0,0.0,Afghanistan
12921,959771,Nathan Smith,RAMP,0,2,1,0.0,0.0,New Zealand
12922,56154,Shamsur Rahman,HOOK,0,1,1,0.0,0.0,Bangladesh
12923,56154,Shamsur Rahman,SLOG_SWEEP,0,2,1,0.0,0.0,Bangladesh
12924,56125,Shohidul Islam,RAMP,0,3,1,0.0,0.0,Bangladesh
12925,56125,Shohidul Islam,STRAIGHT_DRIVE,0,4,1,0.0,0.0,Bangladesh
12926,974175,Fazalhaq Farooqi,SLOG_SHOT,0,3,1,0.0,0.0,Afghanistan
12927,974175,Fazalhaq Farooqi,SQUARE_DRIVE,0,1,1,0.0,0.0,Afghanistan
12928,989935,Shahadat Hossain,DEFENDED,0,29,1,0.0,0.0,Bangladesh
12929,56054,Naeem Islam,SLOG_SWEEP,0,1,1,0.0,0.0,Bangladesh
12930,56054,Naeem Islam,DEFENDED,0,3,1,0.0,0.0,Bangladesh
12931,974719,Muhammad Usman,STRAIGHT_DRIVE,0,1,1,0.0,0.0,United Arab Emirates
12932,417385,Corey Bisson,ON_DRIVE,0,2,1,0.0,0.0,Jersey
12933,971349,Nandre Burger,LEFT_ALONE,0,4,1,0.0,0.0,South Africa
12934,971349,Nandre Burger,DEFENDED,0,14,1,0.0,0.0,South Africa
12935,498440,Ronsford Beaton,PULL,0,1,1,0.0,0.0,West Indies
12936,56268,Arafat Sunny,UPPER_CUT,0,2,1,0.0,0.0,Bangladesh
12937,959827,Jason Sangha,LEFT_ALONE,0,3,1,0.0,0.0,Australia
12938,959833,Wes Agar,RAMP,0,2,1,0.0,0.0,Australia
12939,959833,Wes Agar,SLOG_SWEEP,0,1,1,0.0,0.0,Australia
12940,208253,Irfan Ahmed,FLICK,0,1,1,0.0,0.0,Hong Kong
12941,959789,Hassan Khan,STRAIGHT_DRIVE,0,1,1,0.0,0.0,United States of America
12942,208657,Pieter Seelaar,DEFENDED,0,10,1,0.0,0.0,Netherlands
12943,208657,Pieter Seelaar,LEFT_ALONE,0,4,1,0.0,0.0,Netherlands
12944,960361,Sandeep Lamichhane,DEFENDED,0,2,1,0.0,0.0,Nepal
12945,962107,Rizwan Hussain,LEFT_ALONE,0,4,1,0.0,0.0,Pakistan
12946,962107,Rizwan Hussain,SLOG_SHOT,0,1,1,0.0,0.0,Pakistan
12947,417268,Matthew Cross,LEFT_ALONE,0,5,1,0.0,0.0,Scotland
12948,960361,Sandeep Lamichhane,PUSH,0,1,1,0.0,0.0,Nepal
12949,969379,Hiten Dalal,PUSH,0,1,1,0.0,0.0,India
12950,961713,Riley Meredith,DEFENDED,0,2,2,0.0,0.0,Australia
12951,961407,Harry Tector,UPPER_CUT,0,2,1,0.0,0.0,Ireland
12952,961401,Stephen Doheny,SLOG_SHOT,0,1,1,0.0,0.0,Ireland
12953,56251,Alok Kapali,DEFENDED,0,13,1,0.0,0.0,Bangladesh
12954,961401,Stephen Doheny,COVER_DRIVE,0,1,1,0.0,0.0,Ireland
12955,928067,Josh Little,DAB,0,2,1,0.0,0.0,Ireland
12956,928067,Josh Little,LEFT_ALONE,0,6,1,0.0,0.0,Ireland
12957,228943,Sunny Sohal,SWEEP_SHOT,0,1,1,0.0,0.0,United States of America
12958,928067,Josh Little,SWEEP_SHOT,0,1,1,0.0,0.0,Ireland
12959,927619,Khaled Ahmed,CUT_SHOT,0,3,1,0.0,0.0,Bangladesh
12960,928009,Lauchie Johns,ON_DRIVE,0,1,1,0.0,0.0,New Zealand
12961,230193,Matthew Wade,UPPER_CUT,0,1,1,0.0,0.0,Australia
12962,230193,Matthew Wade,BACK_DEFENCE,0,2,1,0.0,0.0,Australia
12963,228622,John Hastings,CUT_SHOT,0,3,1,0.0,0.0,Australia
12964,228430,Abu Nechim,DEFENDED,0,1,1,0.0,0.0,India
12965,930187,Lakshay Thareja,SLOG_SHOT,0,1,1,0.0,0.0,India
12966,927119,Ali Khan,SWEEP_SHOT,0,1,1,0.0,0.0,United States of America
12967,230551,Gajanand Singh,DEFENDED,0,15,1,0.0,0.0,United States of America
12968,230553,Kemar Roach,FLICK,0,1,1,0.0,0.0,West Indies
12969,414108,Matt Dunn,PUSH_SHOT,0,1,1,0.0,0.0,England
12970,230551,Gajanand Singh,LEFT_ALONE,0,0,1,0.0,,United States of America
12971,922967,Saif Badar,CUT_SHOT,0,1,1,0.0,0.0,United States of America
12972,230554,Javon Searles,SLOG_SWEEP,0,2,2,0.0,0.0,West Indies
12973,230555,Shamarh Brooks,RAMP,0,1,1,0.0,0.0,West Indies
12974,922941,Abdullah Shafique,LEFT_ALONE,0,6,1,0.0,0.0,Pakistan
12975,921509,Ibrahim Zadran,UPPER_CUT,0,2,1,0.0,0.0,Afghanistan
12976,230556,Andre McCarthy,PADDLE_SWEEP,0,1,1,0.0,0.0,West Indies
12977,921509,Ibrahim Zadran,SLOG_SWEEP,0,4,3,0.0,0.0,Afghanistan
12978,922967,Saif Badar,FLICK,0,4,2,0.0,0.0,United States of America
12979,927119,Ali Khan,DEFENDED,0,2,1,0.0,0.0,United States of America
12980,926651,Joshua Ozukum,DEFENDED,0,6,2,0.0,0.0,India
12981,926651,Joshua Ozukum,FLICK,0,1,1,0.0,0.0,India
12982,230368,Jon Holland,SLOG_SHOT,0,1,1,0.0,0.0,Australia
12983,926717,Christian Leopard,STRAIGHT_DRIVE,0,1,1,0.0,0.0,New Zealand
12984,926629,Hasan Mahmud,PULL,0,1,1,0.0,0.0,Bangladesh
12985,926629,Hasan Mahmud,DAB,0,1,1,0.0,0.0,Bangladesh
12986,926597,Aminul Islam,DEFENDED,0,2,1,0.0,0.0,Bangladesh
12987,230371,Ben Cutting,PADDLE_AWAY,0,1,1,0.0,0.0,Australia
12988,924551,Lahiru Samarakoon,DEFENDED,0,10,2,0.0,0.0,Sri Lanka
12989,923369,Hamed Khan,SLOG_SHOT,0,1,1,0.0,0.0,Hong Kong
12990,932355,Ebadot Hossain,DEFENDED,0,1,1,0.0,0.0,Bangladesh
12991,946453,Daniel Smith,PADDLE_SWEEP,0,1,1,0.0,0.0,South Africa
12992,940973,Mohammed Siraj,RAMP,0,2,2,0.0,0.0,India
12993,941039,Akshat Pandey,SLOG_SHOT,0,1,1,0.0,0.0,India
12994,940733,Mohammed Azharuddeen,CUT_SHOT,0,1,1,0.0,0.0,India
12995,942645,Khaleel Ahmed,DEFENDED,0,1,1,0.0,0.0,India
12996,942645,Khaleel Ahmed,ON_DRIVE,0,1,1,0.0,0.0,India
12997,942645,Khaleel Ahmed,STEERED,0,1,1,0.0,0.0,India
12998,222320,Christiaan Jonker,PUSH,0,2,1,0.0,0.0,South Africa
12999,414973,Ollie Hairs,DEFENDED,0,7,1,0.0,0.0,Scotland
13000,222320,Christiaan Jonker,DEFENDED,0,4,1,0.0,0.0,South Africa
13001,221140,David Wiese,LEFT_ALONE,0,12,1,0.0,0.0,Namibia
13002,943279,Fahad Tariq,ON_DRIVE,0,3,2,0.0,0.0,United Arab Emirates
13003,499607,Fahad Babar,COVER_DRIVE,0,1,1,0.0,0.0,United States of America
13004,946365,Caleb Seleka,STRAIGHT_DRIVE,0,1,1,0.0,0.0,South Africa
13005,946367,Michael Copeland,PUSH,0,3,2,0.0,0.0,South Africa
13006,946367,Michael Copeland,STEERED,0,1,1,0.0,0.0,South Africa
13007,946351,Valentine Kitime,CUT_SHOT,0,4,1,0.0,0.0,South Africa
13008,946255,Muhammad Manack,PUSH,0,1,1,0.0,0.0,South Africa
13009,946255,Muhammad Manack,PULL,0,2,1,0.0,0.0,South Africa
13010,943295,Muhammad Kaleem,SLOG_SHOT,0,2,1,0.0,0.0,United Arab Emirates
13011,943295,Muhammad Kaleem,PULL,0,1,1,0.0,0.0,United Arab Emirates
13012,943295,Muhammad Kaleem,ON_DRIVE,0,6,1,0.0,0.0,United Arab Emirates
13013,943295,Muhammad Kaleem,DEFENDED,0,12,1,0.0,0.0,United Arab Emirates
13014,938959,Wessly Madhevere,DEFENDED,0,17,1,0.0,0.0,Zimbabwe
13015,938959,Wessley Madhevere,UPPER_CUT,0,1,1,0.0,0.0,Zimbabwe
13016,932569,Imran Uzzaman,SLOG_SWEEP,0,1,1,0.0,0.0,Bangladesh
13017,932569,Imranuzzaman,SLOG_SWEEP,0,2,1,0.0,0.0,Bangladesh
13018,932665,Tanvir Islam,SLOG_SHOT,0,6,2,0.0,0.0,Bangladesh
13019,932635,Nayeem Hasan,STRAIGHT_DRIVE,0,2,1,0.0,0.0,Bangladesh
13020,932569,Imran Uzzaman,RAMP,0,1,1,0.0,0.0,Bangladesh
13021,932433,Fardeen Hasan,PULL,0,1,1,0.0,0.0,Bangladesh
13022,932433,Fardeen Hasan,DEFENDED,0,2,1,0.0,0.0,Bangladesh
13023,932405,Sabbir Hossain,SLOG_SWEEP,0,2,2,0.0,0.0,Bangladesh
13024,932405,Sabbir Hossain,SLOG_SHOT,0,1,1,0.0,0.0,Bangladesh
13025,937953,Bilal Khan,SLOG_SHOT,0,1,1,0.0,0.0,Oman
13026,937953,Bilal Khan,FLICK,0,1,1,0.0,0.0,Oman
13027,223642,Rusty Theron,ON_DRIVE,0,4,1,0.0,0.0,United States of America
13028,414971,Craig Wallace,REVERSE_SWEEP,0,1,1,0.0,0.0,Scotland
13029,938959,Wessley Madhevere,SLOG_SWEEP,0,2,2,0.0,0.0,Zimbabwe
13030,227712,Ashok Dinda,COVER_DRIVE,0,1,1,0.0,0.0,India
13031,227758,Imad Wasim,FORWARD_DEFENCE,0,4,1,0.0,0.0,Pakistan
13032,227758,Imad Wasim,HOOK,0,2,1,0.0,0.0,Pakistan
13033,500267,Seb Gotch,LEFT_ALONE,0,1,1,0.0,0.0,Australia
13034,414971,Craig Wallace,DEFENDED,0,10,1,0.0,0.0,Scotland
13035,227758,Imad Wasim,SWEEP,0,1,1,0.0,0.0,Pakistan
13036,935881,Mohammad Mohsin,ON_DRIVE,0,1,1,0.0,0.0,United States of America
13037,933173,Tawfique Khan,SLOG_SWEEP,0,2,1,0.0,0.0,Bangladesh
13038,951781,Milton Shumba,STRAIGHT_DRIVE,0,1,1,0.0,0.0,Zimbabwe
