player_id,bowler,bowl_kind,bowling_style,line,length,runs_conceded,ball_bowled,dismissals,economy,bowling_strike_rate,bowling_average,Country
793463,Rashid Khan,spin bowler,Right Wrist Spin,OUTSIDE_OFFSTUMP,GOOD_LENGTH,1776,2088,121,5.1,17.26,14.68,Afghanistan
793463,Rashid Khan,spin bowler,Right Wrist Spin,ON_THE_STUMPS,GOOD_LENGTH,1871,1937,146,5.8,13.27,12.82,Afghanistan
230558,Sunil Narine,spin bowler,Right Off Spin,OUTSIDE_OFFSTUMP,GOOD_LENGTH,1757,1886,89,5.59,21.19,19.74,West Indies
430246,Yuzvendra Chahal,spin bowler,Right Wrist Spin,ON_THE_STUMPS,GOOD_LENGTH,1591,1383,66,6.9,20.95,24.11,India
230558,Sunil Narine,spin bowler,Right Off Spin,ON_THE_STUMPS,GOOD_LENGTH,1245,1364,48,5.48,28.42,25.94,West Indies
227758,Imad Wasim,spin bowler,Left Off Spin,OUTSIDE_OFFSTUMP,GOOD_LENGTH,1244,1309,67,5.7,19.54,18.57,Pakistan
974109,Mujeeb Ur Rahman,spin bowler,Right Off Spin,OUTSIDE_OFFSTUMP,GOOD_LENGTH,1156,1282,75,5.41,17.09,15.41,Afghanistan
227758,Imad Wasim,spin bowler,Left Off Spin,ON_THE_STUMPS,GOOD_LENGTH,1164,1260,71,5.54,17.75,16.39,Pakistan
554691,Axar Patel,spin bowler,Left Off Spin,OUTSIDE_OFFSTUMP,GOOD_LENGTH,1357,1229,61,6.62,20.15,22.25,India
56143,Shakib Al Hasan,spin bowler,Left Off Spin,OUTSIDE_OFFSTUMP,GOOD_LENGTH,1173,1222,75,5.76,16.29,15.64,Bangladesh
326016,Bhuvneshwar Kumar,pace bowler,Right Medium,OUTSIDE_OFFSTUMP,GOOD_LENGTH,1192,1179,51,6.07,23.12,23.37,India
25913,Mohammad Nabi,spin bowler,Right Off Spin,OUTSIDE_OFFSTUMP,GOOD_LENGTH,1096,1137,57,5.78,19.95,19.23,Afghanistan
922943,Shadab Khan,spin bowler,Right Wrist Spin,OUTSIDE_OFFSTUMP,GOOD_LENGTH,1143,1100,59,6.23,18.64,19.37,Pakistan
56143,Shakib Al Hasan,spin bowler,Left Off Spin,ON_THE_STUMPS,GOOD_LENGTH,1176,1099,57,6.42,19.28,20.63,Bangladesh
379504,Adam Zampa,spin bowler,Right Wrist Spin,ON_THE_STUMPS,GOOD_LENGTH,1188,1098,75,6.49,14.64,15.84,Australia
26421,Ravichandran Ashwin,spin bowler,Right Off Spin,OUTSIDE_OFFSTUMP,GOOD_LENGTH,1098,1061,57,6.21,18.61,19.26,India
430246,Yuzvendra Chahal,spin bowler,Right Wrist Spin,OUTSIDE_OFFSTUMP,GOOD_LENGTH,1194,1052,60,6.81,17.53,19.9,India
40618,Imran Tahir,spin bowler,Right Wrist Spin,OUTSIDE_OFFSTUMP,GOOD_LENGTH,1049,1047,75,6.01,13.96,13.99,South Africa
234675,Ravindra Jadeja,spin bowler,Left Off Spin,OUTSIDE_OFFSTUMP,GOOD_LENGTH,1201,1038,47,6.94,22.09,25.55,India
40618,Imran Tahir,spin bowler,Right Wrist Spin,ON_THE_STUMPS,GOOD_LENGTH,984,1015,61,5.82,16.64,16.13,South Africa
234675,Ravindra Jadeja,spin bowler,Left Off Spin,ON_THE_STUMPS,GOOD_LENGTH,1035,989,47,6.28,21.04,22.02,India
922943,Shadab Khan,spin bowler,Right Wrist Spin,ON_THE_STUMPS,GOOD_LENGTH,1039,970,70,6.43,13.86,14.84,Pakistan
26421,Ravichandran Ashwin,spin bowler,Right Off Spin,ON_THE_STUMPS,GOOD_LENGTH,1043,964,48,6.49,20.08,21.73,India
379504,Adam Zampa,spin bowler,Right Wrist Spin,OUTSIDE_OFFSTUMP,GOOD_LENGTH,935,882,47,6.36,18.77,19.89,Australia
471342,Krunal Pandya,spin bowler,Left Off Spin,ON_THE_STUMPS,GOOD_LENGTH,923,846,36,6.55,23.5,25.64,India
244497,Adil Rashid,spin bowler,Right Wrist Spin,ON_THE_STUMPS,GOOD_LENGTH,944,827,41,6.85,20.17,23.02,England
554691,Axar Patel,spin bowler,Left Off Spin,ON_THE_STUMPS,GOOD_LENGTH,938,827,39,6.81,21.21,24.05,India
974109,Mujeeb Ur Rahman,spin bowler,Right Off Spin,ON_THE_STUMPS,GOOD_LENGTH,815,803,48,6.09,16.73,16.98,Afghanistan
625383,Jasprit Bumrah,pace bowler,Right Fast,OUTSIDE_OFFSTUMP,GOOD_LENGTH,696,801,45,5.21,17.8,15.47,India
793463,Rashid Khan,spin bowler,Right Wrist Spin,OUTSIDE_OFFSTUMP,FULL,1071,800,58,8.03,13.79,18.47,Afghanistan
379145,Tabraiz Shamsi,spin bowler,Left Wrist Spin,ON_THE_STUMPS,GOOD_LENGTH,841,797,41,6.33,19.44,20.51,South Africa
244497,Adil Rashid,spin bowler,Right Wrist Spin,OUTSIDE_OFFSTUMP,GOOD_LENGTH,759,779,47,5.85,16.57,16.15,England
240609,Fawad Ahmed,spin bowler,Right Wrist Spin,OUTSIDE_OFFSTUMP,GOOD_LENGTH,758,779,38,5.84,20.5,19.95,Australia
51439,Dwayne Bravo,pace bowler,Right Medium,OUTSIDE_OFFSTUMP,GOOD_LENGTH,1004,765,51,7.87,15.0,19.69,West Indies
25913,Mohammad Nabi,spin bowler,Right Off Spin,ON_THE_STUMPS,GOOD_LENGTH,825,762,39,6.5,19.54,21.15,Afghanistan
502714,Mitchell Santner,spin bowler,Left Off Spin,OUTSIDE_OFFSTUMP,GOOD_LENGTH,717,756,43,5.69,17.58,16.67,New Zealand
8917,Moeen Ali,spin bowler,Right Off Spin,OUTSIDE_OFFSTUMP,GOOD_LENGTH,808,726,47,6.68,15.45,17.19,England
559235,Kuldeep Yadav,spin bowler,Left Wrist Spin,ON_THE_STUMPS,GOOD_LENGTH,818,721,45,6.81,16.02,18.18,India
330902,Mustafizur Rahman,pace bowler,Left Fast,OUTSIDE_OFFSTUMP,GOOD_LENGTH,744,699,42,6.39,16.64,17.71,Bangladesh
40618,Imran Tahir,spin bowler,Right Wrist Spin,OUTSIDE_OFFSTUMP,FULL,914,696,61,7.88,11.41,14.98,South Africa
787073,Chris Green,spin bowler,Right Off Spin,OUTSIDE_OFFSTUMP,GOOD_LENGTH,678,691,35,5.89,19.74,19.37,Australia
559066,Ish Sodhi,spin bowler,Right Wrist Spin,OUTSIDE_OFFSTUMP,GOOD_LENGTH,806,689,41,7.02,16.8,19.66,New Zealand
348148,Mohammad Nawaz,spin bowler,Left Off Spin,ON_THE_STUMPS,GOOD_LENGTH,719,686,38,6.29,18.05,18.92,Pakistan
240609,Fawad Ahmed,spin bowler,Right Wrist Spin,ON_THE_STUMPS,GOOD_LENGTH,719,684,45,6.31,15.2,15.98,Australia
625383,Jasprit Bumrah,pace bowler,Right Fast,OUTSIDE_OFFSTUMP,SHORT_OF_A_GOOD_LENGTH,653,683,33,5.74,20.7,19.79,India
391485,Jason Holder,pace bowler,Right Fast,OUTSIDE_OFFSTUMP,SHORT_OF_A_GOOD_LENGTH,721,677,34,6.39,19.91,21.21,West Indies
530812,Akeal Hosein,spin bowler,Left Off Spin,OUTSIDE_OFFSTUMP,GOOD_LENGTH,645,670,35,5.78,19.14,18.43,West Indies
793463,Rashid Khan,spin bowler,Right Wrist Spin,ON_THE_STUMPS,FULL,841,669,40,7.54,16.73,21.02,Afghanistan
288992,Chris Jordan,pace bowler,Right Fast,OUTSIDE_OFFSTUMP,GOOD_LENGTH,795,668,28,7.14,23.86,28.39,England
530812,Akeal Hosein,spin bowler,Left Off Spin,ON_THE_STUMPS,GOOD_LENGTH,610,656,42,5.58,15.62,14.52,West Indies
326016,Bhuvneshwar Kumar,pace bowler,Right Medium,OUTSIDE_OFFSTUMP,SHORT_OF_A_GOOD_LENGTH,714,653,35,6.56,18.66,20.4,India
784379,Wanindu Hasaranga de Silva,spin bowler,Right Wrist Spin,OUTSIDE_OFFSTUMP,GOOD_LENGTH,617,649,59,5.7,11.0,10.46,Sri Lanka
550215,Kagiso Rabada,pace bowler,Right Fast,OUTSIDE_OFFSTUMP,SHORT_OF_A_GOOD_LENGTH,748,648,26,6.93,24.92,28.77,South Africa
276298,Andre Russell,pace bowler,Right Fast,OUTSIDE_OFFSTUMP,SHORT_OF_A_GOOD_LENGTH,788,647,38,7.31,17.03,20.74,West Indies
288992,Chris Jordan,pace bowler,Right Fast,OUTSIDE_OFFSTUMP,SHORT_OF_A_GOOD_LENGTH,770,638,32,7.24,19.94,24.06,England
51439,Dwayne Bravo,pace bowler,Right Medium,OUTSIDE_OFFSTUMP,FULL,972,629,35,9.27,17.97,27.77,West Indies
325026,Glenn Maxwell,spin bowler,Right Off Spin,ON_THE_STUMPS,GOOD_LENGTH,749,628,31,7.16,20.26,24.16,Australia
379145,Tabraiz Shamsi,spin bowler,Left Wrist Spin,OUTSIDE_OFFSTUMP,GOOD_LENGTH,717,623,36,6.91,17.31,19.92,South Africa
290948,Mohammad Amir,pace bowler,Left Fast,OUTSIDE_OFFSTUMP,GOOD_LENGTH,574,623,52,5.53,11.98,11.04,Pakistan
1138316,Maheesh Theekshana,spin bowler,Right Off Spin,OUTSIDE_OFFSTUMP,GOOD_LENGTH,622,617,26,6.05,23.73,23.92,Sri Lanka
559066,Ish Sodhi,spin bowler,Right Wrist Spin,ON_THE_STUMPS,GOOD_LENGTH,729,613,40,7.14,15.32,18.23,New Zealand
8917,Moeen Ali,spin bowler,Right Off Spin,ON_THE_STUMPS,GOOD_LENGTH,759,610,32,7.47,19.06,23.72,England
787073,Chris Green,spin bowler,Right Off Spin,ON_THE_STUMPS,GOOD_LENGTH,583,609,29,5.74,21.0,20.1,Australia
330902,Mustafizur Rahman,pace bowler,Left Fast,ON_THE_STUMPS,GOOD_LENGTH,635,608,40,6.27,15.2,15.88,Bangladesh
1138316,Maheesh Theekshana,spin bowler,Right Off Spin,ON_THE_STUMPS,GOOD_LENGTH,575,605,35,5.7,17.29,16.43,Sri Lanka
232364,Tim Southee,pace bowler,Right Fast,OUTSIDE_OFFSTUMP,GOOD_LENGTH,649,604,40,6.45,15.1,16.23,New Zealand
681305,Hasan Ali,pace bowler,Right Fast,OUTSIDE_OFFSTUMP,GOOD_LENGTH,679,603,32,6.76,18.84,21.22,Pakistan
277912,Trent Boult,pace bowler,Left Fast,OUTSIDE_OFFSTUMP,GOOD_LENGTH,682,600,18,6.82,33.33,37.89,New Zealand
40618,Imran Tahir,spin bowler,Right Wrist Spin,ON_THE_STUMPS,FULL,719,599,36,7.2,16.64,19.97,South Africa
438362,Sandeep Sharma,pace bowler,Right Medium,OUTSIDE_OFFSTUMP,GOOD_LENGTH,559,597,26,5.62,22.96,21.5,India
325026,Glenn Maxwell,spin bowler,Right Off Spin,OUTSIDE_OFFSTUMP,GOOD_LENGTH,662,590,21,6.73,28.1,31.52,Australia
784379,Wanindu Hasaranga de Silva,spin bowler,Right Wrist Spin,ON_THE_STUMPS,GOOD_LENGTH,571,590,44,5.81,13.41,12.98,Sri Lanka
502714,Mitchell Santner,spin bowler,Left Off Spin,ON_THE_STUMPS,GOOD_LENGTH,649,590,27,6.6,21.85,24.04,New Zealand
1161606,Haris Rauf,pace bowler,Right Fast,OUTSIDE_OFFSTUMP,SHORT_OF_A_GOOD_LENGTH,701,585,31,7.19,18.87,22.61,Pakistan
1175441,Ravi Bishnoi,spin bowler,Right Wrist Spin,OUTSIDE_OFFSTUMP,GOOD_LENGTH,575,579,35,5.96,16.54,16.43,India
230558,Sunil Narine,spin bowler,Right Off Spin,OUTSIDE_OFFSTUMP,SHORT_OF_A_GOOD_LENGTH,668,576,20,6.96,28.8,33.4,West Indies
625371,Hardik Pandya,pace bowler,Right Fast,OUTSIDE_OFFSTUMP,GOOD_LENGTH,695,573,26,7.28,22.04,26.73,India
290948,Mohammad Amir,pace bowler,Left Fast,ON_THE_STUMPS,GOOD_LENGTH,518,572,27,5.43,21.19,19.19,Pakistan
457249,Carlos Brathwaite,pace bowler,Right Fast,OUTSIDE_OFFSTUMP,GOOD_LENGTH,627,572,32,6.58,17.88,19.59,West Indies
550215,Kagiso Rabada,pace bowler,Right Fast,OUTSIDE_OFFSTUMP,GOOD_LENGTH,654,571,32,6.87,17.84,20.44,South Africa
348148,Mohammad Nawaz,spin bowler,Left Off Spin,OUTSIDE_OFFSTUMP,GOOD_LENGTH,664,570,18,6.99,31.67,36.89,Pakistan
471342,Krunal Pandya,spin bowler,Left Off Spin,OUTSIDE_OFFSTUMP,GOOD_LENGTH,622,570,18,6.55,31.67,34.56,India
430246,Yuzvendra Chahal,spin bowler,Right Wrist Spin,ON_THE_STUMPS,FULL,767,569,50,8.09,11.38,15.34,India
1161606,Haris Rauf,pace bowler,Right Fast,OUTSIDE_OFFSTUMP,GOOD_LENGTH,680,562,33,7.26,17.03,20.61,Pakistan
276298,Andre Russell,pace bowler,Right Fast,OUTSIDE_OFFSTUMP,GOOD_LENGTH,665,561,35,7.11,16.03,19.0,West Indies
277912,Trent Boult,pace bowler,Left Fast,ON_THE_STUMPS,GOOD_LENGTH,559,560,30,5.99,18.67,18.63,New Zealand
505120,Ashton Agar,spin bowler,Left Off Spin,OUTSIDE_OFFSTUMP,GOOD_LENGTH,599,560,33,6.42,16.97,18.15,Australia
326016,Bhuvneshwar Kumar,pace bowler,Right Medium,ON_THE_STUMPS,GOOD_LENGTH,586,559,28,6.29,19.96,20.93,India
625371,Hardik Pandya,pace bowler,Right Fast,OUTSIDE_OFFSTUMP,SHORT_OF_A_GOOD_LENGTH,666,559,27,7.15,20.7,24.67,India
272262,Kane Richardson,pace bowler,Right Fast,OUTSIDE_OFFSTUMP,GOOD_LENGTH,546,557,42,5.88,13.26,13.0,Australia
391485,Jason Holder,pace bowler,Right Fast,OUTSIDE_OFFSTUMP,GOOD_LENGTH,615,556,23,6.64,24.17,26.74,West Indies
793463,Rashid Khan,spin bowler,Right Wrist Spin,OUTSIDE_OFFSTUMP,SHORT_OF_A_GOOD_LENGTH,626,556,20,6.76,27.8,31.3,Afghanistan
833087,Mahedi Hasan,spin bowler,Right Off Spin,OUTSIDE_OFFSTUMP,GOOD_LENGTH,552,555,32,5.97,17.34,17.25,Bangladesh
379504,Adam Zampa,spin bowler,Right Wrist Spin,ON_THE_STUMPS,FULL,800,555,35,8.65,15.86,22.86,Australia
505120,Ashton Agar,spin bowler,Left Off Spin,ON_THE_STUMPS,GOOD_LENGTH,595,553,25,6.46,22.12,23.8,Australia
457249,Carlos Brathwaite,pace bowler,Right Fast,OUTSIDE_OFFSTUMP,SHORT_OF_A_GOOD_LENGTH,636,552,21,6.91,26.29,30.29,West Indies
230558,Sunil Narine,spin bowler,Right Off Spin,OUTSIDE_OFFSTUMP,FULL,685,548,27,7.5,20.3,25.37,West Indies
719715,Washington Sundar,spin bowler,Right Off Spin,OUTSIDE_OFFSTUMP,GOOD_LENGTH,613,542,13,6.79,41.69,47.15,India
1108375,Varun Chakravarthy,spin bowler,Right Wrist Spin,OUTSIDE_OFFSTUMP,GOOD_LENGTH,494,536,29,5.53,18.48,17.03,India
221140,David Wiese,pace bowler,Right Fast,OUTSIDE_OFFSTUMP,GOOD_LENGTH,594,534,23,6.67,23.22,25.83,Namibia
793463,Rashid Khan,spin bowler,Right Wrist Spin,ON_THE_STUMPS,SHORT_OF_A_GOOD_LENGTH,630,533,24,7.09,22.21,26.25,Afghanistan
29264,Harbhajan Singh,spin bowler,Right Off Spin,OUTSIDE_OFFSTUMP,GOOD_LENGTH,652,531,20,7.37,26.55,32.6,India
459508,Andrew Tye,pace bowler,Right Fast,OUTSIDE_OFFSTUMP,GOOD_LENGTH,635,531,27,7.18,19.67,23.52,Australia
32966,Piyush Chawla,spin bowler,Right Wrist Spin,OUTSIDE_OFFSTUMP,GOOD_LENGTH,569,526,29,6.49,18.14,19.62,India
481896,Mohammed Shami,pace bowler,Right Fast,OUTSIDE_OFFSTUMP,SHORT_OF_A_GOOD_LENGTH,607,523,17,6.96,30.76,35.71,India
230558,Sunil Narine,spin bowler,Right Off Spin,ON_THE_STUMPS,FULL,585,521,37,6.74,14.08,15.81,West Indies
272262,Kane Richardson,pace bowler,Right Fast,OUTSIDE_OFFSTUMP,SHORT_OF_A_GOOD_LENGTH,620,518,36,7.18,14.39,17.22,Australia
1064812,Rahul Chahar,spin bowler,Right Wrist Spin,ON_THE_STUMPS,GOOD_LENGTH,550,510,24,6.47,21.25,22.92,India
1072470,Shaheen Shah Afridi,pace bowler,Left Fast,OUTSIDE_OFFSTUMP,GOOD_LENGTH,548,505,24,6.51,21.04,22.83,Pakistan
960361,Sandeep Lamichhane,spin bowler,Right Wrist Spin,OUTSIDE_OFFSTUMP,GOOD_LENGTH,475,502,32,5.68,15.69,14.84,Nepal
51439,Dwayne Bravo,pace bowler,Right Medium,ON_THE_STUMPS,GOOD_LENGTH,623,499,31,7.49,16.1,20.1,West Indies
559235,Kuldeep Yadav,spin bowler,Left Wrist Spin,OUTSIDE_OFFSTUMP,GOOD_LENGTH,575,497,35,6.94,14.2,16.43,India
232364,Tim Southee,pace bowler,Right Fast,OUTSIDE_OFFSTUMP,SHORT_OF_A_GOOD_LENGTH,586,496,22,7.09,22.55,26.64,New Zealand
288992,Chris Jordan,pace bowler,Right Fast,OUTSIDE_OFFSTUMP,FULL,797,493,28,9.7,17.61,28.46,England
681117,Faheem Ashraf,pace bowler,Right Medium,OUTSIDE_OFFSTUMP,GOOD_LENGTH,504,486,20,6.22,24.3,25.2,Pakistan
447261,Deepak Chahar,pace bowler,Right Medium,OUTSIDE_OFFSTUMP,GOOD_LENGTH,463,479,26,5.8,18.42,17.81,India
430246,Yuzvendra Chahal,spin bowler,Right Wrist Spin,OUTSIDE_OFFSTUMP,FULL,832,475,25,10.51,19.0,33.28,India
261354,Nathan Coulter-Nile,pace bowler,Right Fast,OUTSIDE_OFFSTUMP,SHORT_OF_A_GOOD_LENGTH,524,473,18,6.65,26.28,29.11,Australia
922943,Shadab Khan,spin bowler,Right Wrist Spin,OUTSIDE_OFFSTUMP,FULL,704,472,33,8.95,14.3,21.33,Pakistan
227758,Imad Wasim,spin bowler,Left Off Spin,ON_THE_STUMPS,FULL,538,468,25,6.9,18.72,21.52,Pakistan
330902,Mustafizur Rahman,pace bowler,Left Fast,OUTSIDE_OFFSTUMP,FULL,741,467,26,9.52,17.96,28.5,Bangladesh
379504,Adam Zampa,spin bowler,Right Wrist Spin,OUTSIDE_OFFSTUMP,FULL,676,464,25,8.74,18.56,27.04,Australia
230559,Kieron Pollard,pace bowler,Right Medium,OUTSIDE_OFFSTUMP,GOOD_LENGTH,527,460,27,6.87,17.04,19.52,West Indies
43590,Wahab Riaz,pace bowler,Left Fast,OUTSIDE_OFFSTUMP,GOOD_LENGTH,504,458,26,6.6,17.62,19.38,Pakistan
299572,Sikandar Raza,spin bowler,Right Off Spin,OUTSIDE_OFFSTUMP,GOOD_LENGTH,471,457,23,6.18,19.87,20.48,Zimbabwe
277912,Trent Boult,pace bowler,Left Fast,OUTSIDE_OFFSTUMP,SHORT_OF_A_GOOD_LENGTH,540,457,16,7.09,28.56,33.75,New Zealand
308251,David Willey,pace bowler,Left Fast,ON_THE_STUMPS,GOOD_LENGTH,444,455,31,5.85,14.68,14.32,England
489889,Pat Cummins,pace bowler,Right Fast,OUTSIDE_OFFSTUMP,SHORT_OF_A_GOOD_LENGTH,536,453,16,7.1,28.31,33.5,Australia
974109,Mujeeb Ur Rahman,spin bowler,Right Off Spin,OUTSIDE_OFFSTUMP,SHORT_OF_A_GOOD_LENGTH,486,451,17,6.47,26.53,28.59,Afghanistan
475281,Shardul Thakur,pace bowler,Right Medium,OUTSIDE_OFFSTUMP,GOOD_LENGTH,556,449,25,7.43,17.96,22.24,India
43590,Wahab Riaz,pace bowler,Left Fast,ON_THE_STUMPS,GOOD_LENGTH,506,446,28,6.81,15.93,18.07,Pakistan
793447,Naveen-ul-Haq,pace bowler,Right Fast,OUTSIDE_OFFSTUMP,GOOD_LENGTH,516,444,28,6.97,15.86,18.43,Afghanistan
481896,Mohammed Shami,pace bowler,Right Fast,OUTSIDE_OFFSTUMP,GOOD_LENGTH,519,443,18,7.03,24.61,28.83,India
43590,Wahab Riaz,pace bowler,Left Fast,ON_THE_STUMPS,SHORT_OF_A_GOOD_LENGTH,483,437,24,6.63,18.21,20.12,Pakistan
288992,Chris Jordan,pace bowler,Right Fast,ON_THE_STUMPS,GOOD_LENGTH,550,435,24,7.59,18.12,22.92,England
662973,Sam Curran,pace bowler,Left Fast,OUTSIDE_OFFSTUMP,GOOD_LENGTH,563,435,7,7.77,62.14,80.43,England
56143,Shakib Al Hasan,spin bowler,Left Off Spin,ON_THE_STUMPS,FULL,507,435,16,6.99,27.19,31.69,Bangladesh
447261,Deepak Chahar,pace bowler,Right Medium,OUTSIDE_OFFSTUMP,SHORT_OF_A_GOOD_LENGTH,518,434,17,7.16,25.53,30.47,India
7069,Steve O'Keefe,spin bowler,Left Off Spin,OUTSIDE_OFFSTUMP,GOOD_LENGTH,471,433,26,6.53,16.65,18.12,Australia
681305,Hasan Ali,pace bowler,Right Fast,OUTSIDE_OFFSTUMP,SHORT_OF_A_GOOD_LENGTH,546,431,22,7.6,19.59,24.82,Pakistan
330902,Mustafizur Rahman,pace bowler,Left Fast,OUTSIDE_OFFSTUMP,SHORT_OF_A_GOOD_LENGTH,492,427,31,6.91,13.77,15.87,Bangladesh
390484,Jaydev Unadkat,pace bowler,Left Medium,OUTSIDE_OFFSTUMP,GOOD_LENGTH,557,426,21,7.85,20.29,26.52,India
261354,Nathan Coulter-Nile,pace bowler,Right Fast,OUTSIDE_OFFSTUMP,GOOD_LENGTH,472,425,23,6.66,18.48,20.52,Australia
1064812,Rahul Chahar,spin bowler,Right Wrist Spin,OUTSIDE_OFFSTUMP,GOOD_LENGTH,386,423,24,5.48,17.62,16.08,India
459508,Andrew Tye,pace bowler,Right Fast,OUTSIDE_OFFSTUMP,SHORT_OF_A_GOOD_LENGTH,483,420,18,6.9,23.33,26.83,Australia
51439,Dwayne Bravo,pace bowler,Right Medium,ON_THE_STUMPS,FULL,620,419,27,8.88,15.52,22.96,West Indies
32966,Piyush Chawla,spin bowler,Right Wrist Spin,ON_THE_STUMPS,GOOD_LENGTH,462,418,25,6.63,16.72,18.48,India
669855,Jofra Archer,pace bowler,Right Fast,OUTSIDE_OFFSTUMP,SHORT_OF_A_GOOD_LENGTH,426,416,18,6.14,23.11,23.67,England
719715,Washington Sundar,spin bowler,Right Off Spin,ON_THE_STUMPS,GOOD_LENGTH,435,416,19,6.27,21.89,22.89,India
1175441,Ravi Bishnoi,spin bowler,Right Wrist Spin,ON_THE_STUMPS,GOOD_LENGTH,392,414,22,5.68,18.82,17.82,India
590326,Mitchell Swepson,spin bowler,Right Wrist Spin,ON_THE_STUMPS,GOOD_LENGTH,403,413,24,5.85,17.21,16.79,Australia
475281,Shardul Thakur,pace bowler,Right Medium,OUTSIDE_OFFSTUMP,SHORT_OF_A_GOOD_LENGTH,562,408,13,8.26,31.38,43.23,India
348049,Nasum Ahmed,spin bowler,Left Off Spin,OUTSIDE_OFFSTUMP,GOOD_LENGTH,395,407,20,5.82,20.35,19.75,Bangladesh
826901,Daniel Sams,pace bowler,Left Fast,OUTSIDE_OFFSTUMP,GOOD_LENGTH,471,406,20,6.96,20.3,23.55,Australia
554691,Axar Patel,spin bowler,Left Off Spin,OUTSIDE_OFFSTUMP,SHORT_OF_A_GOOD_LENGTH,522,404,11,7.75,36.73,47.45,India
348049,Nasum Ahmed,spin bowler,Left Off Spin,ON_THE_STUMPS,GOOD_LENGTH,431,403,18,6.42,22.39,23.94,Bangladesh
538506,Taskin Ahmed,pace bowler,Right Fast,OUTSIDE_OFFSTUMP,GOOD_LENGTH,385,401,24,5.76,16.71,16.04,Bangladesh
31107,Amit Mishra,spin bowler,Right Wrist Spin,OUTSIDE_OFFSTUMP,GOOD_LENGTH,422,401,24,6.31,16.71,17.58,India
270484,James Faulkner,pace bowler,Left Fast,OUTSIDE_OFFSTUMP,GOOD_LENGTH,492,400,18,7.38,22.22,27.33,Australia
308251,David Willey,pace bowler,Left Fast,OUTSIDE_OFFSTUMP,GOOD_LENGTH,453,400,15,6.8,26.67,30.2,England
940973,Mohammed Siraj,pace bowler,Right Fast,OUTSIDE_OFFSTUMP,GOOD_LENGTH,459,397,20,6.94,19.85,22.95,India
42639,Shahid Afridi,spin bowler,Right Wrist Spin,OUTSIDE_OFFSTUMP,GOOD_LENGTH,433,396,13,6.56,30.46,33.31,Pakistan
922943,Shadab Khan,spin bowler,Right Wrist Spin,ON_THE_STUMPS,FULL,516,395,22,7.84,17.95,23.45,Pakistan
390481,Harshal Patel,pace bowler,Right Medium,OUTSIDE_OFFSTUMP,GOOD_LENGTH,450,393,30,6.87,13.1,15.0,India
489889,Pat Cummins,pace bowler,Right Fast,OUTSIDE_OFFSTUMP,GOOD_LENGTH,466,392,18,7.13,21.78,25.89,Australia
670031,Alzarri Joseph,pace bowler,Right Fast,OUTSIDE_OFFSTUMP,SHORT_OF_A_GOOD_LENGTH,403,390,23,6.2,16.96,17.52,West Indies
1125976,Arshdeep Singh,pace bowler,Left Fast,OUTSIDE_OFFSTUMP,GOOD_LENGTH,466,389,20,7.19,19.45,23.3,India
232364,Tim Southee,pace bowler,Right Fast,ON_THE_STUMPS,GOOD_LENGTH,510,387,16,7.91,24.19,31.88,New Zealand
227758,Imad Wasim,spin bowler,Left Off Spin,OUTSIDE_OFFSTUMP,FULL,487,386,13,7.57,29.69,37.46,Pakistan
56143,Shakib Al Hasan,spin bowler,Left Off Spin,OUTSIDE_OFFSTUMP,FULL,510,386,16,7.93,24.12,31.88,Bangladesh
833087,Mahedi Hasan,spin bowler,Right Off Spin,ON_THE_STUMPS,GOOD_LENGTH,373,385,15,5.81,25.67,24.87,Bangladesh
326625,Cameron Boyce,spin bowler,Right Wrist Spin,OUTSIDE_OFFSTUMP,GOOD_LENGTH,440,385,16,6.86,24.06,27.5,Australia
974109,Mujeeb Ur Rahman,spin bowler,Right Off Spin,OUTSIDE_OFFSTUMP,FULL,481,385,11,7.5,35.0,43.73,Afghanistan
276298,Andre Russell,pace bowler,Right Fast,ON_THE_STUMPS,SHORT_OF_A_GOOD_LENGTH,547,384,23,8.55,16.7,23.78,West Indies
221140,David Wiese,pace bowler,Right Fast,OUTSIDE_OFFSTUMP,SHORT_OF_A_GOOD_LENGTH,480,384,24,7.5,16.0,20.0,Namibia
438362,Sandeep Sharma,pace bowler,Right Medium,ON_THE_STUMPS,GOOD_LENGTH,343,383,18,5.37,21.28,19.06,India
276298,Andre Russell,pace bowler,Right Fast,OUTSIDE_OFFSTUMP,FULL,678,383,27,10.62,14.19,25.11,West Indies
493773,Lockie Ferguson,pace bowler,Right Fast,OUTSIDE_OFFSTUMP,SHORT_OF_A_GOOD_LENGTH,405,382,12,6.36,31.83,33.75,New Zealand
43590,Wahab Riaz,pace bowler,Left Fast,OUTSIDE_OFFSTUMP,SHORT_OF_A_GOOD_LENGTH,414,380,20,6.54,19.0,20.7,Pakistan
552152,Dushmantha Chameera,pace bowler,Right Fast,OUTSIDE_OFFSTUMP,GOOD_LENGTH,390,380,18,6.16,21.11,21.67,Sri Lanka
277912,Trent Boult,pace bowler,Left Fast,OUTSIDE_OFFSTUMP,FULL,589,380,22,9.3,17.27,26.77,New Zealand
826915,Nathan Ellis,pace bowler,Right Fast,ON_THE_STUMPS,GOOD_LENGTH,455,379,24,7.2,15.79,18.96,Australia
276298,Andre Russell,pace bowler,Right Fast,ON_THE_STUMPS,GOOD_LENGTH,492,379,22,7.79,17.23,22.36,West Indies
379145,Tabraiz Shamsi,spin bowler,Left Wrist Spin,OUTSIDE_OFFSTUMP,FULL,547,378,24,8.68,15.75,22.79,South Africa
326625,Cameron Boyce,spin bowler,Right Wrist Spin,ON_THE_STUMPS,GOOD_LENGTH,393,378,19,6.24,19.89,20.68,Australia
694211,Avesh Khan,pace bowler,Right Fast,OUTSIDE_OFFSTUMP,SHORT_OF_A_GOOD_LENGTH,461,378,15,7.32,25.2,30.73,India
550215,Kagiso Rabada,pace bowler,Right Fast,ON_THE_STUMPS,GOOD_LENGTH,452,377,23,7.19,16.39,19.65,South Africa
31107,Amit Mishra,spin bowler,Right Wrist Spin,ON_THE_STUMPS,GOOD_LENGTH,415,377,16,6.6,23.56,25.94,India
376116,Umesh Yadav,pace bowler,Right Fast,OUTSIDE_OFFSTUMP,GOOD_LENGTH,409,377,15,6.51,25.13,27.27,India
681117,Faheem Ashraf,pace bowler,Right Medium,OUTSIDE_OFFSTUMP,SHORT_OF_A_GOOD_LENGTH,398,375,23,6.37,16.3,17.3,Pakistan
439952,Chris Morris,pace bowler,Right Fast,OUTSIDE_OFFSTUMP,GOOD_LENGTH,396,374,25,6.35,14.96,15.84,South Africa
288284,Josh Hazlewood,pace bowler,Right Fast,OUTSIDE_OFFSTUMP,SHORT_OF_A_GOOD_LENGTH,403,374,19,6.47,19.68,21.21,Australia
793447,Naveen-ul-Haq,pace bowler,Right Fast,OUTSIDE_OFFSTUMP,SHORT_OF_A_GOOD_LENGTH,479,373,13,7.71,28.69,36.85,Afghanistan
530812,Akeal Hosein,spin bowler,Left Off Spin,OUTSIDE_OFFSTUMP,SHORT_OF_A_GOOD_LENGTH,448,373,11,7.21,33.91,40.73,West Indies
459508,Andrew Tye,pace bowler,Right Fast,ON_THE_STUMPS,GOOD_LENGTH,505,372,18,8.15,20.67,28.06,Australia
391485,Jason Holder,pace bowler,Right Fast,OUTSIDE_OFFSTUMP,FULL,636,371,23,10.29,16.13,27.65,West Indies
662973,Sam Curran,pace bowler,Left Fast,ON_THE_STUMPS,GOOD_LENGTH,455,371,23,7.36,16.13,19.78,England
940973,Mohammed Siraj,pace bowler,Right Fast,OUTSIDE_OFFSTUMP,SHORT_OF_A_GOOD_LENGTH,461,371,13,7.46,28.54,35.46,India
1072470,Shaheen Shah Afridi,pace bowler,Left Fast,ON_THE_STUMPS,FULL,552,370,40,8.95,9.25,13.8,Pakistan
376116,Umesh Yadav,pace bowler,Right Fast,OUTSIDE_OFFSTUMP,SHORT_OF_A_GOOD_LENGTH,416,367,14,6.8,26.21,29.71,India
670013,Fabian Allen,spin bowler,Left Off Spin,OUTSIDE_OFFSTUMP,GOOD_LENGTH,386,367,16,6.31,22.94,24.12,West Indies
319439,Mitchell McClenaghan,pace bowler,Left Fast,OUTSIDE_OFFSTUMP,GOOD_LENGTH,368,367,11,6.02,33.36,33.45,New Zealand
277912,Trent Boult,pace bowler,Left Fast,ON_THE_STUMPS,SHORT_OF_A_GOOD_LENGTH,480,367,20,7.85,18.35,24.0,New Zealand
1161606,Haris Rauf,pace bowler,Right Fast,ON_THE_STUMPS,GOOD_LENGTH,422,366,31,6.92,11.81,13.61,Pakistan
398666,Sean Abbott,pace bowler,Right Fast,OUTSIDE_OFFSTUMP,GOOD_LENGTH,359,365,24,5.9,15.21,14.96,Australia
227758,Imad Wasim,spin bowler,Left Off Spin,OUTSIDE_OFFSTUMP,SHORT_OF_A_GOOD_LENGTH,436,364,16,7.19,22.75,27.25,Pakistan
272477,Jason Behrendorff,pace bowler,Left Fast,ON_THE_STUMPS,GOOD_LENGTH,348,364,26,5.74,14.0,13.38,Australia
233514,Thisara Perera,pace bowler,Right Fast,OUTSIDE_OFFSTUMP,GOOD_LENGTH,418,363,18,6.91,20.17,23.22,Sri Lanka
820691,Odean Smith,pace bowler,Right Fast,OUTSIDE_OFFSTUMP,SHORT_OF_A_GOOD_LENGTH,457,363,24,7.55,15.12,19.04,West Indies
1072470,Shaheen Shah Afridi,pace bowler,Left Fast,ON_THE_STUMPS,GOOD_LENGTH,362,362,28,6.0,12.93,12.93,Pakistan
25913,Mohammad Nabi,spin bowler,Right Off Spin,OUTSIDE_OFFSTUMP,SHORT_OF_A_GOOD_LENGTH,465,362,14,7.71,25.86,33.21,Afghanistan
774223,Jhye Richardson,pace bowler,Right Fast,OUTSIDE_OFFSTUMP,GOOD_LENGTH,408,362,15,6.76,24.13,27.2,Australia
325012,Marcus Stoinis,pace bowler,Right Medium,OUTSIDE_OFFSTUMP,GOOD_LENGTH,435,360,21,7.25,17.14,20.71,Australia
18632,Samit Patel,spin bowler,Left Off Spin,ON_THE_STUMPS,GOOD_LENGTH,358,359,14,5.98,25.64,25.57,England
330902,Mustafizur Rahman,pace bowler,Left Fast,ON_THE_STUMPS,SHORT_OF_A_GOOD_LENGTH,318,358,17,5.33,21.06,18.71,Bangladesh
42657,Shoaib Malik,spin bowler,Right Off Spin,ON_THE_STUMPS,GOOD_LENGTH,360,356,22,6.07,16.18,16.36,Pakistan
1108375,Varun Chakravarthy,spin bowler,Right Wrist Spin,ON_THE_STUMPS,GOOD_LENGTH,350,353,13,5.95,27.15,26.92,India
914171,Qais Ahmad,spin bowler,Right Wrist Spin,OUTSIDE_OFFSTUMP,GOOD_LENGTH,382,353,20,6.49,17.65,19.1,Afghanistan
669855,Jofra Archer,pace bowler,Right Fast,OUTSIDE_OFFSTUMP,GOOD_LENGTH,354,352,16,6.03,22.0,22.12,England
1072470,Shaheen Shah Afridi,pace bowler,Left Fast,OUTSIDE_OFFSTUMP,FULL,541,351,13,9.25,27.0,41.62,Pakistan
537119,Mohit Sharma,pace bowler,Right Medium,OUTSIDE_OFFSTUMP,GOOD_LENGTH,454,349,16,7.81,21.81,28.38,India
272477,Jason Behrendorff,pace bowler,Left Fast,OUTSIDE_OFFSTUMP,GOOD_LENGTH,408,349,24,7.01,14.54,17.0,Australia
43265,Sohail Tanvir,pace bowler,Left Fast,OUTSIDE_OFFSTUMP,GOOD_LENGTH,384,348,23,6.62,15.13,16.7,Pakistan
430246,Yuzvendra Chahal,spin bowler,Right Wrist Spin,ON_THE_STUMPS,SHORT_OF_A_GOOD_LENGTH,449,348,24,7.74,14.5,18.71,India
391485,Jason Holder,pace bowler,Right Fast,ON_THE_STUMPS,SHORT_OF_A_GOOD_LENGTH,439,346,16,7.61,21.62,27.44,West Indies
677077,Romario Shepherd,pace bowler,Right Fast,OUTSIDE_OFFSTUMP,SHORT_OF_A_GOOD_LENGTH,406,343,17,7.1,20.18,23.88,West Indies
25913,Mohammad Nabi,spin bowler,Right Off Spin,OUTSIDE_OFFSTUMP,FULL,453,343,14,7.92,24.5,32.36,Afghanistan
450075,Kesrick Williams,pace bowler,Right Fast,OUTSIDE_OFFSTUMP,GOOD_LENGTH,392,343,23,6.86,14.91,17.04,West Indies
325012,Marcus Stoinis,pace bowler,Right Medium,OUTSIDE_OFFSTUMP,SHORT_OF_A_GOOD_LENGTH,446,343,18,7.8,19.06,24.78,Australia
398666,Sean Abbott,pace bowler,Right Fast,OUTSIDE_OFFSTUMP,SHORT_OF_A_GOOD_LENGTH,438,342,25,7.68,13.68,17.52,Australia
326016,Bhuvneshwar Kumar,pace bowler,Right Medium,OUTSIDE_OFFSTUMP,FULL,540,342,16,9.47,21.38,33.75,India
787073,Chris Green,spin bowler,Right Off Spin,ON_THE_STUMPS,FULL,389,342,13,6.82,26.31,29.92,Australia
481979,Anrich Nortje,pace bowler,Right Fast,OUTSIDE_OFFSTUMP,SHORT_OF_A_GOOD_LENGTH,350,341,16,6.16,21.31,21.88,South Africa
379145,Tabraiz Shamsi,spin bowler,Left Wrist Spin,ON_THE_STUMPS,FULL,460,340,26,8.12,13.08,17.69,South Africa
679567,Ben Dwarshuis,pace bowler,Left Fast,OUTSIDE_OFFSTUMP,GOOD_LENGTH,375,340,20,6.62,17.0,18.75,Australia
276298,Andre Russell,pace bowler,Right Fast,OUTSIDE_OFFSTUMP,SHORT,649,340,27,11.45,12.59,24.04,West Indies
270484,James Faulkner,pace bowler,Left Fast,ON_THE_STUMPS,GOOD_LENGTH,357,339,25,6.32,13.56,14.28,Australia
681305,Hasan Ali,pace bowler,Right Fast,ON_THE_STUMPS,GOOD_LENGTH,373,338,18,6.62,18.78,20.72,Pakistan
914171,Qais Ahmad,spin bowler,Right Wrist Spin,ON_THE_STUMPS,GOOD_LENGTH,363,337,23,6.46,14.65,15.78,Afghanistan
826901,Daniel Sams,pace bowler,Left Fast,OUTSIDE_OFFSTUMP,SHORT_OF_A_GOOD_LENGTH,411,336,20,7.34,16.8,20.55,Australia
826915,Nathan Ellis,pace bowler,Right Fast,OUTSIDE_OFFSTUMP,GOOD_LENGTH,395,336,24,7.05,14.0,16.46,Australia
481979,Anrich Nortje,pace bowler,Right Fast,OUTSIDE_OFFSTUMP,GOOD_LENGTH,391,335,18,7.0,18.61,21.72,South Africa
625383,Jasprit Bumrah,pace bowler,Right Fast,ON_THE_STUMPS,GOOD_LENGTH,354,334,19,6.36,17.58,18.63,India
533042,Billy Stanlake,pace bowler,Right Fast,OUTSIDE_OFFSTUMP,GOOD_LENGTH,292,333,21,5.26,15.86,13.9,Australia
42639,Shahid Afridi,spin bowler,Right Wrist Spin,ON_THE_STUMPS,GOOD_LENGTH,353,332,20,6.38,16.6,17.65,Pakistan
625383,Jasprit Bumrah,pace bowler,Right Fast,OUTSIDE_OFFSTUMP,FULL,464,332,22,8.39,15.09,21.09,India
960361,Sandeep Lamichhane,spin bowler,Right Wrist Spin,ON_THE_STUMPS,GOOD_LENGTH,392,332,21,7.08,15.81,18.67,Nepal
26421,Ravichandran Ashwin,spin bowler,Right Off Spin,ON_THE_STUMPS,FULL,401,332,17,7.25,19.53,23.59,India
1182529,Noor Ahmad,spin bowler,Left Wrist Spin,OUTSIDE_OFFSTUMP,GOOD_LENGTH,373,332,22,6.74,15.09,16.95,Afghanistan
290948,Mohammad Amir,pace bowler,Left Fast,OUTSIDE_OFFSTUMP,SHORT_OF_A_GOOD_LENGTH,379,332,16,6.85,20.75,23.69,Pakistan
787073,Chris Green,spin bowler,Right Off Spin,OUTSIDE_OFFSTUMP,SHORT_OF_A_GOOD_LENGTH,360,331,13,6.53,25.46,27.69,Australia
56007,Mashrafe Mortaza,pace bowler,Right Fast,OUTSIDE_OFFSTUMP,GOOD_LENGTH,313,330,18,5.69,18.33,17.39,Bangladesh
391485,Jason Holder,pace bowler,Right Fast,ON_THE_STUMPS,GOOD_LENGTH,368,330,14,6.69,23.57,26.29,West Indies
43265,Sohail Tanvir,pace bowler,Left Fast,ON_THE_STUMPS,GOOD_LENGTH,282,329,18,5.14,18.28,15.67,Pakistan
538506,Taskin Ahmed,pace bowler,Right Fast,OUTSIDE_OFFSTUMP,SHORT_OF_A_GOOD_LENGTH,311,328,19,5.69,17.26,16.37,Bangladesh
559235,Kuldeep Yadav,spin bowler,Left Wrist Spin,ON_THE_STUMPS,FULL,479,327,14,8.79,23.36,34.21,India
677077,Romario Shepherd,pace bowler,Right Fast,OUTSIDE_OFFSTUMP,GOOD_LENGTH,368,327,30,6.75,10.9,12.27,West Indies
1158088,Naseem Shah,pace bowler,Right Fast,OUTSIDE_OFFSTUMP,SHORT_OF_A_GOOD_LENGTH,298,326,11,5.48,29.64,27.09,Pakistan
922943,Shadab Khan,spin bowler,Right Wrist Spin,OUTSIDE_OFFSTUMP,SHORT_OF_A_GOOD_LENGTH,410,326,8,7.55,40.75,51.25,Pakistan
390481,Harshal Patel,pace bowler,Right Medium,OUTSIDE_OFFSTUMP,SHORT_OF_A_GOOD_LENGTH,394,326,20,7.25,16.3,19.7,India
559066,Ish Sodhi,spin bowler,Right Wrist Spin,OUTSIDE_OFFSTUMP,FULL,489,326,21,9.0,15.52,23.29,New Zealand
4864,Dan Christian,pace bowler,Right Fast,OUTSIDE_OFFSTUMP,GOOD_LENGTH,372,325,12,6.87,27.08,31.0,Australia
625371,Hardik Pandya,pace bowler,Right Fast,ON_THE_STUMPS,SHORT_OF_A_GOOD_LENGTH,447,324,17,8.28,19.06,26.29,India
629063,Mehidy Hasan Miraz,spin bowler,Right Off Spin,OUTSIDE_OFFSTUMP,GOOD_LENGTH,402,323,11,7.47,29.36,36.55,Bangladesh
234675,Ravindra Jadeja,spin bowler,Left Off Spin,OUTSIDE_OFFSTUMP,SHORT_OF_A_GOOD_LENGTH,357,322,10,6.65,32.2,35.7,India
495551,Sheldon Cottrell,pace bowler,Left Fast,OUTSIDE_OFFSTUMP,GOOD_LENGTH,411,320,18,7.71,17.78,22.83,West Indies
30288,Karn Sharma,spin bowler,Right Wrist Spin,ON_THE_STUMPS,GOOD_LENGTH,366,319,20,6.88,15.95,18.3,India
550235,Tom Curran,pace bowler,Right Fast,OUTSIDE_OFFSTUMP,GOOD_LENGTH,344,319,15,6.47,21.27,22.93,England
277912,Trent Boult,pace bowler,Left Fast,ON_THE_STUMPS,FULL,520,318,29,9.81,10.97,17.93,New Zealand
1182529,Noor Ahmad,spin bowler,Left Wrist Spin,ON_THE_STUMPS,GOOD_LENGTH,343,317,17,6.49,18.65,20.18,Afghanistan
450075,Kesrick Williams,pace bowler,Right Fast,OUTSIDE_OFFSTUMP,SHORT_OF_A_GOOD_LENGTH,405,316,15,7.69,21.07,27.0,West Indies
41434,Mohammad Hafeez,spin bowler,Right Off Spin,ON_THE_STUMPS,GOOD_LENGTH,268,316,14,5.09,22.57,19.14,Pakistan
719715,Washington Sundar,spin bowler,Right Off Spin,OUTSIDE_OFFSTUMP,SHORT_OF_A_GOOD_LENGTH,338,316,8,6.42,39.5,42.25,India
1158088,Naseem Shah,pace bowler,Right Fast,OUTSIDE_OFFSTUMP,GOOD_LENGTH,351,315,16,6.69,19.69,21.94,Pakistan
230371,Ben Cutting,pace bowler,Right Fast,OUTSIDE_OFFSTUMP,GOOD_LENGTH,422,315,17,8.04,18.53,24.82,Australia
559235,Kuldeep Yadav,spin bowler,Left Wrist Spin,OUTSIDE_OFFSTUMP,FULL,462,314,23,8.83,13.65,20.09,India
26421,Ravichandran Ashwin,spin bowler,Right Off Spin,OUTSIDE_OFFSTUMP,FULL,452,314,12,8.64,26.17,37.67,India
554691,Axar Patel,spin bowler,Left Off Spin,OUTSIDE_OFFSTUMP,FULL,421,313,9,8.07,34.78,46.78,India
662973,Sam Curran,pace bowler,Left Fast,OUTSIDE_OFFSTUMP,SHORT_OF_A_GOOD_LENGTH,441,313,13,8.45,24.08,33.92,England
559066,Ish Sodhi,spin bowler,Right Wrist Spin,OUTSIDE_OFFSTUMP,SHORT_OF_A_GOOD_LENGTH,420,311,13,8.1,23.92,32.31,New Zealand
211855,Liam Dawson,spin bowler,Left Off Spin,ON_THE_STUMPS,GOOD_LENGTH,358,311,14,6.91,22.21,25.57,England
240609,Fawad Ahmed,spin bowler,Right Wrist Spin,OUTSIDE_OFFSTUMP,FULL,415,310,21,8.03,14.76,19.76,Australia
267724,Keshav Maharaj,spin bowler,Left Off Spin,ON_THE_STUMPS,GOOD_LENGTH,273,309,14,5.3,22.07,19.5,South Africa
348152,Usman Qadir,spin bowler,Right Wrist Spin,OUTSIDE_OFFSTUMP,GOOD_LENGTH,320,308,16,6.23,19.25,20.0,Pakistan
18632,Samit Patel,spin bowler,Left Off Spin,OUTSIDE_OFFSTUMP,GOOD_LENGTH,381,308,19,7.42,16.21,20.05,England
694211,Avesh Khan,pace bowler,Right Fast,OUTSIDE_OFFSTUMP,GOOD_LENGTH,376,306,11,7.37,27.82,34.18,India
391485,Jason Holder,pace bowler,Right Fast,ON_THE_STUMPS,FULL,514,306,19,10.08,16.11,27.05,West Indies
326016,Bhuvneshwar Kumar,pace bowler,Right Medium,ON_THE_STUMPS,SHORT_OF_A_GOOD_LENGTH,299,306,9,5.86,34.0,33.22,India
493773,Lockie Ferguson,pace bowler,Right Fast,OUTSIDE_OFFSTUMP,GOOD_LENGTH,388,305,21,7.63,14.52,18.48,New Zealand
670013,Fabian Allen,spin bowler,Left Off Spin,ON_THE_STUMPS,GOOD_LENGTH,297,305,21,5.84,14.52,14.14,West Indies
670031,Alzarri Joseph,pace bowler,Right Fast,OUTSIDE_OFFSTUMP,GOOD_LENGTH,416,305,13,8.18,23.46,32.0,West Indies
51784,Rayad Emrit,pace bowler,Right Fast,OUTSIDE_OFFSTUMP,GOOD_LENGTH,332,305,21,6.53,14.52,15.81,West Indies
552152,Dushmantha Chameera,pace bowler,Right Fast,OUTSIDE_OFFSTUMP,SHORT_OF_A_GOOD_LENGTH,305,304,10,6.02,30.4,30.5,Sri Lanka
581160,Khary Pierre,spin bowler,Left Off Spin,OUTSIDE_OFFSTUMP,GOOD_LENGTH,285,304,18,5.62,16.89,15.83,West Indies
348148,Mohammad Nawaz,spin bowler,Left Off Spin,ON_THE_STUMPS,FULL,385,303,17,7.62,17.82,22.65,Pakistan
550235,Tom Curran,pace bowler,Right Fast,OUTSIDE_OFFSTUMP,SHORT_OF_A_GOOD_LENGTH,398,302,10,7.91,30.2,39.8,England
430246,Yuzvendra Chahal,spin bowler,Right Wrist Spin,OUTSIDE_OFFSTUMP,SHORT_OF_A_GOOD_LENGTH,442,301,13,8.81,23.15,34.0,India
542023,Lungi Ngidi,pace bowler,Right Fast,OUTSIDE_OFFSTUMP,SHORT_OF_A_GOOD_LENGTH,355,299,23,7.12,13.0,15.43,South Africa
542023,Lungi Ngidi,pace bowler,Right Fast,OUTSIDE_OFFSTUMP,GOOD_LENGTH,311,298,20,6.26,14.9,15.55,South Africa
211855,Liam Dawson,spin bowler,Left Off Spin,OUTSIDE_OFFSTUMP,GOOD_LENGTH,327,298,12,6.58,24.83,27.25,England
906783,Obed McCoy,pace bowler,Left Fast,OUTSIDE_OFFSTUMP,GOOD_LENGTH,354,298,23,7.13,12.96,15.39,West Indies
376169,Michael Neser,pace bowler,Right Fast,OUTSIDE_OFFSTUMP,GOOD_LENGTH,334,297,17,6.75,17.47,19.65,Australia
647667,Usama Mir,spin bowler,Right Wrist Spin,ON_THE_STUMPS,GOOD_LENGTH,346,296,21,7.01,14.1,16.48,Pakistan
974109,Mujeeb Ur Rahman,spin bowler,Right Off Spin,ON_THE_STUMPS,FULL,341,296,11,6.91,26.91,31.0,Afghanistan
677081,Keemo Paul,pace bowler,Right Fast,OUTSIDE_OFFSTUMP,GOOD_LENGTH,345,295,18,7.02,16.39,19.17,West Indies
662973,Sam Curran,pace bowler,Left Fast,OUTSIDE_OFFSTUMP,FULL,491,295,12,9.99,24.58,40.92,England
244497,Adil Rashid,spin bowler,Right Wrist Spin,OUTSIDE_OFFSTUMP,FULL,459,295,15,9.34,19.67,30.6,England
550215,Kagiso Rabada,pace bowler,Right Fast,ON_THE_STUMPS,SHORT_OF_A_GOOD_LENGTH,370,294,14,7.55,21.0,26.43,South Africa
662973,Sam Curran,pace bowler,Left Fast,ON_THE_STUMPS,SHORT_OF_A_GOOD_LENGTH,419,294,10,8.55,29.4,41.9,England
450860,Adam Milne,pace bowler,Right Fast,OUTSIDE_OFFSTUMP,SHORT_OF_A_GOOD_LENGTH,323,294,13,6.59,22.62,24.85,New Zealand
327830,Dwaine Pretorius,pace bowler,Right Fast,OUTSIDE_OFFSTUMP,GOOD_LENGTH,312,294,15,6.37,19.6,20.8,South Africa
230559,Kieron Pollard,pace bowler,Right Medium,OUTSIDE_OFFSTUMP,SHORT_OF_A_GOOD_LENGTH,369,292,9,7.58,32.44,41.0,West Indies
51433,Samuel Badree,spin bowler,Right Wrist Spin,ON_THE_STUMPS,GOOD_LENGTH,277,292,11,5.69,26.55,25.18,West Indies
447261,Deepak Chahar,pace bowler,Right Medium,ON_THE_STUMPS,GOOD_LENGTH,311,292,13,6.39,22.46,23.92,India
961713,Riley Meredith,pace bowler,Right Fast,OUTSIDE_OFFSTUMP,SHORT_OF_A_GOOD_LENGTH,344,292,17,7.07,17.18,20.24,Australia
459508,Andrew Tye,pace bowler,Right Fast,OUTSIDE_OFFSTUMP,FULL,449,291,29,9.26,10.03,15.48,Australia
232364,Tim Southee,pace bowler,Right Fast,ON_THE_STUMPS,SHORT_OF_A_GOOD_LENGTH,331,290,17,6.85,17.06,19.47,New Zealand
390481,Harshal Patel,pace bowler,Right Medium,OUTSIDE_OFFSTUMP,FULL,466,290,18,9.64,16.11,25.89,India
625371,Hardik Pandya,pace bowler,Right Fast,ON_THE_STUMPS,GOOD_LENGTH,377,289,13,7.83,22.23,29.0,India
290948,Mohammad Amir,pace bowler,Left Fast,ON_THE_STUMPS,SHORT_OF_A_GOOD_LENGTH,310,289,10,6.44,28.9,31.0,Pakistan
221140,David Wiese,pace bowler,Right Fast,ON_THE_STUMPS,GOOD_LENGTH,356,289,19,7.39,15.21,18.74,Namibia
7898,Peter Siddle,pace bowler,Right Fast,OUTSIDE_OFFSTUMP,GOOD_LENGTH,284,288,10,5.92,28.8,28.4,Australia
7069,Steve O'Keefe,spin bowler,Left Off Spin,ON_THE_STUMPS,GOOD_LENGTH,289,288,18,6.02,16.0,16.06,Australia
679567,Ben Dwarshuis,pace bowler,Left Fast,ON_THE_STUMPS,GOOD_LENGTH,336,288,19,7.0,15.16,17.68,Australia
1161606,Haris Rauf,pace bowler,Right Fast,ON_THE_STUMPS,FULL,501,288,15,10.44,19.2,33.4,Pakistan
288284,Josh Hazlewood,pace bowler,Right Fast,OUTSIDE_OFFSTUMP,GOOD_LENGTH,314,287,12,6.56,23.92,26.17,Australia
590326,Mitchell Swepson,spin bowler,Right Wrist Spin,OUTSIDE_OFFSTUMP,GOOD_LENGTH,291,287,10,6.08,28.7,29.1,Australia
1158100,Mohammad Hasnain,pace bowler,Right Fast,OUTSIDE_OFFSTUMP,SHORT_OF_A_GOOD_LENGTH,330,286,20,6.92,14.3,16.5,Pakistan
533042,Billy Stanlake,pace bowler,Right Fast,OUTSIDE_OFFSTUMP,SHORT_OF_A_GOOD_LENGTH,333,286,8,6.99,35.75,41.62,Australia
299572,Sikandar Raza,spin bowler,Right Off Spin,ON_THE_STUMPS,GOOD_LENGTH,308,286,15,6.46,19.07,20.53,Zimbabwe
230558,Sunil Narine,spin bowler,Right Off Spin,ON_THE_STUMPS,SHORT_OF_A_GOOD_LENGTH,317,286,10,6.65,28.6,31.7,West Indies
502714,Mitchell Santner,spin bowler,Left Off Spin,OUTSIDE_OFFSTUMP,SHORT_OF_A_GOOD_LENGTH,314,286,16,6.59,17.88,19.62,New Zealand
8180,Shane Watson,pace bowler,Right Fast,OUTSIDE_OFFSTUMP,GOOD_LENGTH,327,285,12,6.88,23.75,27.25,Australia
277955,Dhawal Kulkarni,pace bowler,Right Medium,OUTSIDE_OFFSTUMP,GOOD_LENGTH,284,285,11,5.98,25.91,25.82,India
51439,Dwayne Bravo,pace bowler,Right Medium,OUTSIDE_OFFSTUMP,SHORT_OF_A_GOOD_LENGTH,342,285,21,7.2,13.57,16.29,West Indies
288992,Chris Jordan,pace bowler,Right Fast,ON_THE_STUMPS,FULL,480,284,25,10.14,11.36,19.2,England
29264,Harbhajan Singh,spin bowler,Right Off Spin,ON_THE_STUMPS,GOOD_LENGTH,273,284,12,5.77,23.67,22.75,India
330902,Mustafizur Rahman,pace bowler,Left Fast,ON_THE_STUMPS,FULL,448,284,19,9.46,14.95,23.58,Bangladesh
56143,Shakib Al Hasan,spin bowler,Left Off Spin,OUTSIDE_OFFSTUMP,SHORT_OF_A_GOOD_LENGTH,346,282,12,7.36,23.5,28.83,Bangladesh
1158100,Mohammad Hasnain,pace bowler,Right Fast,OUTSIDE_OFFSTUMP,GOOD_LENGTH,349,282,14,7.43,20.14,24.93,Pakistan
234675,Ravindra Jadeja,spin bowler,Left Off Spin,ON_THE_STUMPS,FULL,351,282,12,7.47,23.5,29.25,India
240609,Fawad Ahmed,spin bowler,Right Wrist Spin,ON_THE_STUMPS,FULL,320,281,16,6.83,17.56,20.0,Australia
914567,Oshane Thomas,pace bowler,Right Fast,OUTSIDE_OFFSTUMP,SHORT_OF_A_GOOD_LENGTH,320,280,19,6.86,14.74,16.84,West Indies
495551,Sheldon Cottrell,pace bowler,Left Fast,ON_THE_STUMPS,GOOD_LENGTH,273,280,17,5.85,16.47,16.06,West Indies
26421,Ravichandran Ashwin,spin bowler,Right Off Spin,OUTSIDE_OFFSTUMP,SHORT_OF_A_GOOD_LENGTH,337,278,4,7.27,69.5,84.25,India
457249,Carlos Brathwaite,pace bowler,Right Fast,ON_THE_STUMPS,GOOD_LENGTH,343,277,19,7.43,14.58,18.05,West Indies
232364,Tim Southee,pace bowler,Right Fast,OUTSIDE_OFFSTUMP,FULL,431,277,13,9.34,21.31,33.15,New Zealand
774223,Jhye Richardson,pace bowler,Right Fast,OUTSIDE_OFFSTUMP,SHORT_OF_A_GOOD_LENGTH,270,276,12,5.87,23.0,22.5,Australia
787073,Chris Green,spin bowler,Right Off Spin,OUTSIDE_OFFSTUMP,FULL,356,276,10,7.74,27.6,35.6,Australia
355269,James Neesham,pace bowler,Right Fast,OUTSIDE_OFFSTUMP,GOOD_LENGTH,353,276,20,7.67,13.8,17.65,New Zealand
25913,Mohammad Nabi,spin bowler,Right Off Spin,ON_THE_STUMPS,FULL,331,276,14,7.2,19.71,23.64,Afghanistan
1138316,Maheesh Theekshana,spin bowler,Right Off Spin,ON_THE_STUMPS,FULL,343,276,18,7.46,15.33,19.06,Sri Lanka
439952,Chris Morris,pace bowler,Right Fast,OUTSIDE_OFFSTUMP,SHORT_OF_A_GOOD_LENGTH,316,275,7,6.89,39.29,45.14,South Africa
315623,Ben Laughlin,pace bowler,Right Fast,OUTSIDE_OFFSTUMP,GOOD_LENGTH,298,275,7,6.5,39.29,42.57,Australia
439952,Chris Morris,pace bowler,Right Fast,ON_THE_STUMPS,GOOD_LENGTH,361,274,18,7.91,15.22,20.06,South Africa
793447,Naveen-ul-Haq,pace bowler,Right Fast,OUTSIDE_OFFSTUMP,FULL,485,273,14,10.66,19.5,34.64,Afghanistan
290948,Mohammad Amir,pace bowler,Left Fast,OUTSIDE_OFFSTUMP,FULL,399,273,12,8.77,22.75,33.25,Pakistan
1125976,Arshdeep Singh,pace bowler,Left Fast,OUTSIDE_OFFSTUMP,SHORT_OF_A_GOOD_LENGTH,311,273,13,6.84,21.0,23.92,India
244497,Adil Rashid,spin bowler,Right Wrist Spin,ON_THE_STUMPS,FULL,352,273,19,7.74,14.37,18.53,England
550215,Kagiso Rabada,pace bowler,Right Fast,OUTSIDE_OFFSTUMP,FULL,499,273,17,10.97,16.06,29.35,South Africa
928067,Josh Little,pace bowler,Left Fast,OUTSIDE_OFFSTUMP,SHORT_OF_A_GOOD_LENGTH,294,273,18,6.46,15.17,16.33,Ireland
450860,Adam Milne,pace bowler,Right Fast,OUTSIDE_OFFSTUMP,GOOD_LENGTH,328,272,14,7.24,19.43,23.43,New Zealand
42657,Shoaib Malik,spin bowler,Right Off Spin,OUTSIDE_OFFSTUMP,GOOD_LENGTH,282,270,11,6.27,24.55,25.64,Pakistan
917159,Prasidh Krishna,pace bowler,Right Fast,OUTSIDE_OFFSTUMP,SHORT_OF_A_GOOD_LENGTH,350,270,6,7.78,45.0,58.33,India
376169,Michael Neser,pace bowler,Right Fast,ON_THE_STUMPS,GOOD_LENGTH,336,269,13,7.49,20.69,25.85,Australia
559066,Ish Sodhi,spin bowler,Right Wrist Spin,ON_THE_STUMPS,SHORT_OF_A_GOOD_LENGTH,308,269,9,6.87,29.89,34.22,New Zealand
961713,Riley Meredith,pace bowler,Right Fast,OUTSIDE_OFFSTUMP,GOOD_LENGTH,315,269,7,7.03,38.43,45.0,Australia
581160,Khary Pierre,spin bowler,Left Off Spin,ON_THE_STUMPS,GOOD_LENGTH,326,269,11,7.27,24.45,29.64,West Indies
390484,Jaydev Unadkat,pace bowler,Left Medium,OUTSIDE_OFFSTUMP,SHORT_OF_A_GOOD_LENGTH,365,268,10,8.17,26.8,36.5,India
557298,Daniel Worrall,pace bowler,Right Fast,OUTSIDE_OFFSTUMP,GOOD_LENGTH,263,268,10,5.89,26.8,26.3,Australia
679567,Ben Dwarshuis,pace bowler,Left Fast,OUTSIDE_OFFSTUMP,SHORT_OF_A_GOOD_LENGTH,301,268,9,6.74,29.78,33.44,Australia
348152,Usman Qadir,spin bowler,Right Wrist Spin,ON_THE_STUMPS,GOOD_LENGTH,297,268,17,6.65,15.76,17.47,Pakistan
1175441,Ravi Bishnoi,spin bowler,Right Wrist Spin,OUTSIDE_OFFSTUMP,FULL,524,267,10,11.78,26.7,52.4,India
391832,Roston Chase,spin bowler,Right Off Spin,OUTSIDE_OFFSTUMP,GOOD_LENGTH,215,266,14,4.85,19.0,15.36,West Indies
1072470,Shaheen Shah Afridi,pace bowler,Left Fast,OUTSIDE_OFFSTUMP,SHORT_OF_A_GOOD_LENGTH,331,265,10,7.49,26.5,33.1,Pakistan
429981,Mohammad Irfan,pace bowler,Left Fast,OUTSIDE_OFFSTUMP,GOOD_LENGTH,219,265,12,4.96,22.08,18.25,Pakistan
344580,Shreyas Gopal,spin bowler,Right Wrist Spin,OUTSIDE_OFFSTUMP,GOOD_LENGTH,281,265,14,6.36,18.93,20.07,India
570854,Jack Wildermuth,pace bowler,Right Fast,OUTSIDE_OFFSTUMP,GOOD_LENGTH,290,263,12,6.62,21.92,24.17,Australia
272262,Kane Richardson,pace bowler,Right Fast,ON_THE_STUMPS,GOOD_LENGTH,324,263,14,7.39,18.79,23.14,Australia
928067,Josh Little,pace bowler,Left Fast,ON_THE_STUMPS,SHORT_OF_A_GOOD_LENGTH,363,263,12,8.28,21.92,30.25,Ireland
211748,Benny Howell,pace bowler,Right Medium,OUTSIDE_OFFSTUMP,GOOD_LENGTH,293,263,10,6.68,26.3,29.3,England
826901,Daniel Sams,pace bowler,Left Fast,OUTSIDE_OFFSTUMP,FULL,401,262,21,9.18,12.48,19.1,Australia
233514,Thisara Perera,pace bowler,Right Fast,OUTSIDE_OFFSTUMP,SHORT_OF_A_GOOD_LENGTH,329,262,8,7.53,32.75,41.12,Sri Lanka
234675,Ravindra Jadeja,spin bowler,Left Off Spin,OUTSIDE_OFFSTUMP,FULL,505,262,9,11.56,29.11,56.11,India
574178,Akila Dananjaya,spin bowler,Mixed,OUTSIDE_OFFSTUMP,GOOD_LENGTH,327,260,6,7.55,43.33,54.5,Sri Lanka
1138316,Maheesh Theekshana,spin bowler,Right Off Spin,OUTSIDE_OFFSTUMP,FULL,382,260,9,8.82,28.89,42.44,Sri Lanka
319439,Mitchell McClenaghan,pace bowler,Left Fast,ON_THE_STUMPS,GOOD_LENGTH,322,259,6,7.46,43.17,53.67,New Zealand
826915,Nathan Ellis,pace bowler,Right Fast,OUTSIDE_OFFSTUMP,SHORT_OF_A_GOOD_LENGTH,336,258,8,7.81,32.25,42.0,Australia
826901,Daniel Sams,pace bowler,Left Fast,ON_THE_STUMPS,GOOD_LENGTH,311,258,17,7.23,15.18,18.29,Australia
459257,Tymal Mills,pace bowler,Left Fast,OUTSIDE_OFFSTUMP,GOOD_LENGTH,313,258,15,7.28,17.2,20.87,England
1241265,Aayan Afzal Khan,spin bowler,Left Off Spin,OUTSIDE_OFFSTUMP,GOOD_LENGTH,263,258,12,6.12,21.5,21.92,United Arab Emirates
326017,Siddarth Kaul,pace bowler,Right Medium,OUTSIDE_OFFSTUMP,GOOD_LENGTH,317,258,9,7.37,28.67,35.22,India
4864,Dan Christian,pace bowler,Right Fast,OUTSIDE_OFFSTUMP,SHORT_OF_A_GOOD_LENGTH,311,256,9,7.29,28.44,34.56,Australia
1161606,Haris Rauf,pace bowler,Right Fast,OUTSIDE_OFFSTUMP,FULL,430,255,14,10.12,18.21,30.71,Pakistan
276298,Andre Russell,pace bowler,Right Fast,ON_THE_STUMPS,FULL,408,255,26,9.6,9.81,15.69,West Indies
438362,Sandeep Sharma,pace bowler,Right Medium,OUTSIDE_OFFSTUMP,SHORT_OF_A_GOOD_LENGTH,342,254,7,8.08,36.29,48.86,India
49764,Angelo Mathews,pace bowler,Right Medium,OUTSIDE_OFFSTUMP,GOOD_LENGTH,260,253,8,6.17,31.62,32.5,Sri Lanka
554691,Axar Patel,spin bowler,Left Off Spin,ON_THE_STUMPS,FULL,370,252,11,8.81,22.91,33.64,India
376116,Umesh Yadav,pace bowler,Right Fast,ON_THE_STUMPS,GOOD_LENGTH,311,251,13,7.43,19.31,23.92,India
51439,Dwayne Bravo,pace bowler,Right Medium,OUTSIDE_OFFSTUMP,FULL_TOSS,390,251,12,9.32,20.92,32.5,West Indies
236779,Ishant Sharma,pace bowler,Right Fast,OUTSIDE_OFFSTUMP,GOOD_LENGTH,280,250,11,6.72,22.73,25.45,India
475281,Shardul Thakur,pace bowler,Right Medium,ON_THE_STUMPS,GOOD_LENGTH,361,250,11,8.66,22.73,32.82,India
288992,Chris Jordan,pace bowler,Right Fast,ON_THE_STUMPS,SHORT_OF_A_GOOD_LENGTH,418,250,12,10.03,20.83,34.83,England
443263,Hayden Walsh,spin bowler,Right Wrist Spin,OUTSIDE_OFFSTUMP,GOOD_LENGTH,258,249,10,6.22,24.9,25.8,West Indies
471342,Krunal Pandya,spin bowler,Left Off Spin,ON_THE_STUMPS,FULL,319,249,7,7.69,35.57,45.57,India
247235,Chris Woakes,pace bowler,Right Fast,OUTSIDE_OFFSTUMP,GOOD_LENGTH,264,248,18,6.39,13.78,14.67,England
51784,Rayad Emrit,pace bowler,Right Fast,OUTSIDE_OFFSTUMP,SHORT_OF_A_GOOD_LENGTH,282,248,12,6.82,20.67,23.5,West Indies
272477,Jason Behrendorff,pace bowler,Left Fast,OUTSIDE_OFFSTUMP,SHORT_OF_A_GOOD_LENGTH,282,248,10,6.82,24.8,28.2,Australia
932665,Tanvir Islam,spin bowler,Left Off Spin,OUTSIDE_OFFSTUMP,GOOD_LENGTH,313,247,18,7.6,13.72,17.39,Bangladesh
681117,Faheem Ashraf,pace bowler,Right Medium,ON_THE_STUMPS,GOOD_LENGTH,307,247,13,7.46,19.0,23.62,Pakistan
833087,Mahedi Hasan,spin bowler,Right Off Spin,OUTSIDE_OFFSTUMP,FULL,340,247,13,8.26,19.0,26.15,Bangladesh
41434,Mohammad Hafeez,spin bowler,Right Off Spin,OUTSIDE_OFFSTUMP,GOOD_LENGTH,219,246,13,5.34,18.92,16.85,Pakistan
681305,Hasan Ali,pace bowler,Right Fast,OUTSIDE_OFFSTUMP,FULL,405,246,16,9.88,15.38,25.31,Pakistan
230558,Sunil Narine,spin bowler,Right Off Spin,DOWN_LEG,GOOD_LENGTH,280,246,12,6.83,20.5,23.33,West Indies
311592,Mitchell Starc,pace bowler,Left Fast,OUTSIDE_OFFSTUMP,GOOD_LENGTH,296,245,6,7.25,40.83,49.33,Australia
928067,Josh Little,pace bowler,Left Fast,OUTSIDE_OFFSTUMP,GOOD_LENGTH,226,245,11,5.53,22.27,20.55,Ireland
481875,George Linde,spin bowler,Left Off Spin,OUTSIDE_OFFSTUMP,GOOD_LENGTH,279,245,9,6.83,27.22,31.0,South Africa
272477,Jason Behrendorff,pace bowler,Left Fast,ON_THE_STUMPS,SHORT_OF_A_GOOD_LENGTH,259,244,12,6.37,20.33,21.58,Australia
308251,David Willey,pace bowler,Left Fast,ON_THE_STUMPS,SHORT_OF_A_GOOD_LENGTH,318,244,16,7.82,15.25,19.88,England
574178,Akila Dananjaya,spin bowler,Mixed,ON_THE_STUMPS,GOOD_LENGTH,314,244,13,7.72,18.77,24.15,Sri Lanka
540316,Andile Phehlukwayo,pace bowler,Right Fast,OUTSIDE_OFFSTUMP,GOOD_LENGTH,342,244,10,8.41,24.4,34.2,South Africa
820691,Odean Smith,pace bowler,Right Fast,OUTSIDE_OFFSTUMP,GOOD_LENGTH,323,244,21,7.94,11.62,15.38,West Indies
1161606,Haris Rauf,pace bowler,Right Fast,ON_THE_STUMPS,SHORT_OF_A_GOOD_LENGTH,343,244,12,8.43,20.33,28.58,Pakistan
32966,Piyush Chawla,spin bowler,Right Wrist Spin,OUTSIDE_OFFSTUMP,FULL,448,244,12,11.02,20.33,37.33,India
495551,Sheldon Cottrell,pace bowler,Left Fast,OUTSIDE_OFFSTUMP,SHORT_OF_A_GOOD_LENGTH,285,243,22,7.04,11.05,12.95,West Indies
391485,Jason Holder,pace bowler,Right Fast,OUTSIDE_OFFSTUMP,SHORT,477,243,10,11.78,24.3,47.7,West Indies
481875,George Linde,spin bowler,Left Off Spin,ON_THE_STUMPS,GOOD_LENGTH,248,243,11,6.12,22.09,22.55,South Africa
942645,Khaleel Ahmed,pace bowler,Left Medium,OUTSIDE_OFFSTUMP,SHORT_OF_A_GOOD_LENGTH,319,243,13,7.88,18.69,24.54,India
447261,Deepak Chahar,pace bowler,Right Medium,ON_THE_STUMPS,SHORT_OF_A_GOOD_LENGTH,300,243,14,7.41,17.36,21.43,India
481896,Mohammed Shami,pace bowler,Right Fast,ON_THE_STUMPS,GOOD_LENGTH,287,242,19,7.12,12.74,15.11,India
677081,Keemo Paul,pace bowler,Right Fast,OUTSIDE_OFFSTUMP,SHORT_OF_A_GOOD_LENGTH,274,242,16,6.79,15.12,17.12,West Indies
942645,Khaleel Ahmed,pace bowler,Left Medium,OUTSIDE_OFFSTUMP,GOOD_LENGTH,300,242,11,7.44,22.0,27.27,India
480603,Iftikhar Ahmed,spin bowler,Right Off Spin,OUTSIDE_OFFSTUMP,GOOD_LENGTH,291,242,12,7.21,20.17,24.25,Pakistan
819429,Azmatullah Omarzai,pace bowler,Right Fast,OUTSIDE_OFFSTUMP,GOOD_LENGTH,249,241,10,6.2,24.1,24.9,Afghanistan
457249,Carlos Brathwaite,pace bowler,Right Fast,OUTSIDE_OFFSTUMP,FULL,416,241,11,10.36,21.91,37.82,West Indies
502714,Mitchell Santner,spin bowler,Left Off Spin,OUTSIDE_OFFSTUMP,FULL,325,241,16,8.09,15.06,20.31,New Zealand
495551,Sheldon Cottrell,pace bowler,Left Fast,ON_THE_STUMPS,SHORT_OF_A_GOOD_LENGTH,262,241,16,6.52,15.06,16.38,West Indies
511532,Al-Amin Hossain,pace bowler,Right Fast,OUTSIDE_OFFSTUMP,GOOD_LENGTH,238,240,15,5.95,16.0,15.87,Bangladesh
56268,Arafat Sunny,spin bowler,Left Off Spin,ON_THE_STUMPS,GOOD_LENGTH,287,240,13,7.18,18.46,22.08,Bangladesh
49758,Lasith Malinga,pace bowler,Right Fast,OUTSIDE_OFFSTUMP,GOOD_LENGTH,251,240,13,6.28,18.46,19.31,Sri Lanka
481896,Mohammed Shami,pace bowler,Right Fast,OUTSIDE_OFFSTUMP,FULL,412,240,16,10.3,15.0,25.75,India
539548,Scott Kuggeleijn,pace bowler,Right Fast,OUTSIDE_OFFSTUMP,GOOD_LENGTH,285,239,11,7.15,21.73,25.91,New Zealand
961713,Riley Meredith,pace bowler,Right Fast,ON_THE_STUMPS,SHORT_OF_A_GOOD_LENGTH,303,239,10,7.61,23.9,30.3,Australia
537119,Mohit Sharma,pace bowler,Right Medium,OUTSIDE_OFFSTUMP,SHORT_OF_A_GOOD_LENGTH,333,239,12,8.36,19.92,27.75,India
267724,Keshav Maharaj,spin bowler,Left Off Spin,OUTSIDE_OFFSTUMP,GOOD_LENGTH,292,239,11,7.33,21.73,26.55,South Africa
784379,Wanindu Hasaranga de Silva,spin bowler,Right Wrist Spin,OUTSIDE_OFFSTUMP,FULL,315,239,13,7.91,18.38,24.23,Sri Lanka
230559,Kieron Pollard,pace bowler,Right Medium,ON_THE_STUMPS,GOOD_LENGTH,287,239,16,7.21,14.94,17.94,West Indies
265564,Wayne Parnell,pace bowler,Left Fast,OUTSIDE_OFFSTUMP,GOOD_LENGTH,275,239,11,6.9,21.73,25.0,South Africa
906783,Obed McCoy,pace bowler,Left Fast,ON_THE_STUMPS,GOOD_LENGTH,251,238,19,6.33,12.53,13.21,West Indies
438362,Sandeep Sharma,pace bowler,Right Medium,OUTSIDE_OFFSTUMP,FULL,398,238,10,10.03,23.8,39.8,India
774219,Matthew Kuhnemann,spin bowler,Left Off Spin,ON_THE_STUMPS,GOOD_LENGTH,271,237,7,6.86,33.86,38.71,Australia
990039,Shoriful Islam,pace bowler,Left Fast,ON_THE_STUMPS,GOOD_LENGTH,265,236,16,6.74,14.75,16.56,Bangladesh
328026,Isuru Udana,pace bowler,Left Fast,OUTSIDE_OFFSTUMP,GOOD_LENGTH,307,236,15,7.81,15.73,20.47,Sri Lanka
311158,Ben Stokes,pace bowler,Right Fast,OUTSIDE_OFFSTUMP,GOOD_LENGTH,254,236,11,6.46,21.45,23.09,England
505120,Ashton Agar,spin bowler,Left Off Spin,ON_THE_STUMPS,FULL,269,235,7,6.87,33.57,38.43,Australia
276298,Andre Russell,pace bowler,Right Fast,ON_THE_STUMPS,SHORT,433,234,15,11.1,15.6,28.87,West Indies
390484,Jaydev Unadkat,pace bowler,Left Medium,ON_THE_STUMPS,GOOD_LENGTH,271,233,12,6.98,19.42,22.58,India
697279,Usman Shinwari,pace bowler,Left Fast,OUTSIDE_OFFSTUMP,GOOD_LENGTH,236,233,11,6.08,21.18,21.45,Pakistan
961713,Riley Meredith,pace bowler,Right Fast,ON_THE_STUMPS,GOOD_LENGTH,263,233,16,6.77,14.56,16.44,Australia
550215,Kagiso Rabada,pace bowler,Right Fast,ON_THE_STUMPS,FULL,435,232,27,11.25,8.59,16.11,South Africa
827051,Blessing Muzarabani,pace bowler,Right Fast,OUTSIDE_OFFSTUMP,SHORT_OF_A_GOOD_LENGTH,239,232,10,6.18,23.2,23.9,Zimbabwe
398666,Sean Abbott,pace bowler,Right Fast,ON_THE_STUMPS,GOOD_LENGTH,343,232,15,8.87,15.47,22.87,Australia
459257,Tymal Mills,pace bowler,Left Fast,OUTSIDE_OFFSTUMP,SHORT_OF_A_GOOD_LENGTH,285,232,7,7.37,33.14,40.71,England
355269,James Neesham,pace bowler,Right Fast,OUTSIDE_OFFSTUMP,SHORT_OF_A_GOOD_LENGTH,314,231,4,8.16,57.75,78.5,New Zealand
51433,Samuel Badree,spin bowler,Right Wrist Spin,OUTSIDE_OFFSTUMP,GOOD_LENGTH,251,231,13,6.52,17.77,19.31,West Indies
716733,Khushdil Shah,spin bowler,Left Off Spin,OUTSIDE_OFFSTUMP,GOOD_LENGTH,279,231,13,7.25,17.77,21.46,Pakistan
1175441,Ravi Bishnoi,spin bowler,Right Wrist Spin,OUTSIDE_OFFSTUMP,SHORT_OF_A_GOOD_LENGTH,296,231,6,7.69,38.5,49.33,India
403902,Liam Livingstone,spin bowler,Mixed,ON_THE_STUMPS,GOOD_LENGTH,288,231,12,7.48,19.25,24.0,England
906783,Obed McCoy,pace bowler,Left Fast,OUTSIDE_OFFSTUMP,SHORT_OF_A_GOOD_LENGTH,254,231,14,6.6,16.5,18.14,West Indies
1125976,Arshdeep Singh,pace bowler,Left Fast,OUTSIDE_OFFSTUMP,FULL,419,230,19,10.93,12.11,22.05,India
625383,Jasprit Bumrah,pace bowler,Right Fast,ON_THE_STUMPS,FULL,339,230,15,8.84,15.33,22.6,India
1168641,Harpreet Brar,spin bowler,Left Off Spin,ON_THE_STUMPS,GOOD_LENGTH,243,230,14,6.34,16.43,17.36,India
475281,Shardul Thakur,pace bowler,Right Medium,OUTSIDE_OFFSTUMP,FULL,411,230,19,10.72,12.11,21.63,India
261354,Nathan Coulter-Nile,pace bowler,Right Fast,ON_THE_STUMPS,GOOD_LENGTH,249,230,14,6.5,16.43,17.79,Australia
662973,Sam Curran,pace bowler,Left Fast,ON_THE_STUMPS,FULL,366,229,16,9.59,14.31,22.88,England
550235,Tom Curran,pace bowler,Right Fast,ON_THE_STUMPS,GOOD_LENGTH,274,229,10,7.18,22.9,27.4,England
403902,Liam Livingstone,spin bowler,Mixed,OUTSIDE_OFFSTUMP,GOOD_LENGTH,285,229,8,7.47,28.62,35.62,England
553249,Bjorn Fortuin,spin bowler,Left Off Spin,ON_THE_STUMPS,GOOD_LENGTH,274,229,14,7.18,16.36,19.57,South Africa
429981,Mohammad Irfan,pace bowler,Left Fast,OUTSIDE_OFFSTUMP,SHORT_OF_A_GOOD_LENGTH,246,228,6,6.47,38.0,41.0,Pakistan
379504,Adam Zampa,spin bowler,Right Wrist Spin,ON_THE_STUMPS,SHORT_OF_A_GOOD_LENGTH,303,228,14,7.97,16.29,21.64,Australia
429738,Lakshan Sandakan,spin bowler,Left Wrist Spin,ON_THE_STUMPS,GOOD_LENGTH,285,227,6,7.53,37.83,47.5,Sri Lanka
826901,Daniel Sams,pace bowler,Left Fast,ON_THE_STUMPS,FULL,368,227,18,9.73,12.61,20.44,Australia
325012,Marcus Stoinis,pace bowler,Right Medium,ON_THE_STUMPS,GOOD_LENGTH,294,226,8,7.81,28.25,36.75,Australia
784379,Wanindu Hasaranga de Silva,spin bowler,Right Wrist Spin,ON_THE_STUMPS,FULL,348,226,16,9.24,14.12,21.75,Sri Lanka
288285,Clive Rose,spin bowler,Left Off Spin,ON_THE_STUMPS,GOOD_LENGTH,302,225,11,8.05,20.45,27.45,Australia
8917,Moeen Ali,spin bowler,Right Off Spin,OUTSIDE_OFFSTUMP,SHORT_OF_A_GOOD_LENGTH,290,225,9,7.73,25.0,32.22,England
55870,Sean Williams,spin bowler,Left Off Spin,ON_THE_STUMPS,GOOD_LENGTH,284,224,9,7.61,24.89,31.56,Zimbabwe
459508,Andrew Tye,pace bowler,Right Fast,ON_THE_STUMPS,SHORT_OF_A_GOOD_LENGTH,297,224,15,7.96,14.93,19.8,Australia
230371,Ben Cutting,pace bowler,Right Fast,OUTSIDE_OFFSTUMP,SHORT_OF_A_GOOD_LENGTH,320,224,8,8.57,28.0,40.0,Australia
712219,Zahir Khan,spin bowler,Left Wrist Spin,ON_THE_STUMPS,GOOD_LENGTH,224,224,16,6.0,14.0,14.0,Afghanistan
629070,Mohammad Saifuddin,pace bowler,Right Fast,OUTSIDE_OFFSTUMP,GOOD_LENGTH,249,224,8,6.67,28.0,31.12,Bangladesh
670031,Alzarri Joseph,pace bowler,Right Fast,ON_THE_STUMPS,GOOD_LENGTH,269,223,17,7.24,13.12,15.82,West Indies
51439,Dwayne Bravo,pace bowler,Right Medium,WIDE_OUTSIDE_OFFSTUMP,FULL,390,222,21,10.54,10.57,18.57,West Indies
446548,Scott Boland,pace bowler,Right Fast,OUTSIDE_OFFSTUMP,GOOD_LENGTH,288,222,11,7.78,20.18,26.18,Australia
459508,Andrew Tye,pace bowler,Right Fast,ON_THE_STUMPS,FULL,346,221,26,9.39,8.5,13.31,Australia
330902,Mustafizur Rahman,pace bowler,Left Fast,DOWN_LEG,SHORT_OF_A_GOOD_LENGTH,269,221,14,7.3,15.79,19.21,Bangladesh
272262,Kane Richardson,pace bowler,Right Fast,ON_THE_STUMPS,SHORT_OF_A_GOOD_LENGTH,295,221,19,8.01,11.63,15.53,Australia
319439,Mitchell McClenaghan,pace bowler,Left Fast,OUTSIDE_OFFSTUMP,SHORT_OF_A_GOOD_LENGTH,262,221,13,7.11,17.0,20.15,New Zealand
539548,Scott Kuggeleijn,pace bowler,Right Fast,OUTSIDE_OFFSTUMP,SHORT_OF_A_GOOD_LENGTH,262,220,15,7.15,14.67,17.47,New Zealand
679567,Ben Dwarshuis,pace bowler,Left Fast,ON_THE_STUMPS,SHORT_OF_A_GOOD_LENGTH,291,220,12,7.94,18.33,24.25,Australia
230371,Ben Cutting,pace bowler,Right Fast,ON_THE_STUMPS,GOOD_LENGTH,297,220,11,8.1,20.0,27.0,Australia
439952,Chris Morris,pace bowler,Right Fast,OUTSIDE_OFFSTUMP,FULL,286,220,13,7.8,16.92,22.0,South Africa
31820,Ashish Nehra,pace bowler,Left Fast,ON_THE_STUMPS,GOOD_LENGTH,195,220,15,5.32,14.67,13.0,India
31820,Ashish Nehra,pace bowler,Left Fast,OUTSIDE_OFFSTUMP,GOOD_LENGTH,244,220,10,6.65,22.0,24.4,India
40618,Imran Tahir,spin bowler,Right Wrist Spin,ON_THE_STUMPS,SHORT_OF_A_GOOD_LENGTH,244,220,14,6.65,15.71,17.43,South Africa
1125976,Arshdeep Singh,pace bowler,Left Fast,ON_THE_STUMPS,GOOD_LENGTH,248,219,15,6.79,14.6,16.53,India
308251,David Willey,pace bowler,Left Fast,OUTSIDE_OFFSTUMP,SHORT_OF_A_GOOD_LENGTH,269,219,19,7.37,11.53,14.16,England
940973,Mohammed Siraj,pace bowler,Right Fast,ON_THE_STUMPS,GOOD_LENGTH,263,218,17,7.24,12.82,15.47,India
629063,Mehidy Hasan Miraz,spin bowler,Right Off Spin,ON_THE_STUMPS,GOOD_LENGTH,254,218,11,6.99,19.82,23.09,Bangladesh
326016,Bhuvneshwar Kumar,pace bowler,Right Medium,ON_THE_STUMPS,FULL,363,218,14,9.99,15.57,25.93,India
906783,Obed McCoy,pace bowler,Left Fast,OUTSIDE_OFFSTUMP,FULL,352,218,13,9.69,16.77,27.08,West Indies
550133,Mosaddek Hossain,spin bowler,Right Off Spin,OUTSIDE_OFFSTUMP,GOOD_LENGTH,242,217,13,6.69,16.69,18.62,Bangladesh
240609,Fawad Ahmed,spin bowler,Right Wrist Spin,OUTSIDE_OFFSTUMP,SHORT_OF_A_GOOD_LENGTH,255,217,8,7.05,27.12,31.88,Australia
530812,Akeal Hosein,spin bowler,Left Off Spin,ON_THE_STUMPS,FULL,254,216,14,7.06,15.43,18.14,West Indies
1108375,Varun Chakravarthy,spin bowler,Right Wrist Spin,OUTSIDE_OFFSTUMP,FULL,355,216,15,9.86,14.4,23.67,India
1081442,Mayank Markande,spin bowler,Right Wrist Spin,OUTSIDE_OFFSTUMP,GOOD_LENGTH,249,216,17,6.92,12.71,14.65,India
233514,Thisara Perera,pace bowler,Right Fast,ON_THE_STUMPS,GOOD_LENGTH,279,216,7,7.75,30.86,39.86,Sri Lanka
308798,D'Arcy Short,spin bowler,Left Wrist Spin,ON_THE_STUMPS,GOOD_LENGTH,272,216,15,7.56,14.4,18.13,Australia
917159,Prasidh Krishna,pace bowler,Right Fast,OUTSIDE_OFFSTUMP,GOOD_LENGTH,265,215,15,7.4,14.33,17.67,India
906783,Obed McCoy,pace bowler,Left Fast,ON_THE_STUMPS,SHORT_OF_A_GOOD_LENGTH,238,215,13,6.64,16.54,18.31,West Indies
348049,Nasum Ahmed,spin bowler,Left Off Spin,ON_THE_STUMPS,FULL,280,214,8,7.85,26.75,35.0,Bangladesh
5961,Moises Henriques,pace bowler,Right Fast,OUTSIDE_OFFSTUMP,GOOD_LENGTH,243,214,9,6.81,23.78,27.0,Australia
552152,Dushmantha Chameera,pace bowler,Right Fast,ON_THE_STUMPS,GOOD_LENGTH,235,214,12,6.59,17.83,19.58,Sri Lanka
489889,Pat Cummins,pace bowler,Right Fast,ON_THE_STUMPS,GOOD_LENGTH,290,214,14,8.13,15.29,20.71,Australia
827051,Blessing Muzarabani,pace bowler,Right Fast,OUTSIDE_OFFSTUMP,GOOD_LENGTH,189,214,8,5.3,26.75,23.62,Zimbabwe
669855,Jofra Archer,pace bowler,Right Fast,ON_THE_STUMPS,GOOD_LENGTH,247,213,12,6.96,17.75,20.58,England
1138316,Maheesh Theekshana,spin bowler,Right Off Spin,OUTSIDE_OFFSTUMP,SHORT_OF_A_GOOD_LENGTH,257,213,8,7.24,26.62,32.12,Sri Lanka
669855,Jofra Archer,pace bowler,Right Fast,OUTSIDE_OFFSTUMP,SHORT,314,213,17,8.85,12.53,18.47,England
475281,Shardul Thakur,pace bowler,Right Medium,ON_THE_STUMPS,SHORT_OF_A_GOOD_LENGTH,268,213,9,7.55,23.67,29.78,India
379504,Adam Zampa,spin bowler,Right Wrist Spin,OUTSIDE_OFFSTUMP,SHORT_OF_A_GOOD_LENGTH,253,213,7,7.13,30.43,36.14,Australia
526441,Mark Adair,pace bowler,Right Fast,OUTSIDE_OFFSTUMP,GOOD_LENGTH,204,213,13,5.75,16.38,15.69,Ireland
550133,Mosaddek Hossain,spin bowler,Right Off Spin,ON_THE_STUMPS,GOOD_LENGTH,252,213,8,7.1,26.62,31.5,Bangladesh
272262,Kane Richardson,pace bowler,Right Fast,OUTSIDE_OFFSTUMP,FULL,359,212,10,10.16,21.2,35.9,Australia
429981,Mohammad Irfan,pace bowler,Left Fast,ON_THE_STUMPS,GOOD_LENGTH,198,212,10,5.6,21.2,19.8,Pakistan
1108375,Varun Chakravarthy,spin bowler,Right Wrist Spin,OUTSIDE_OFFSTUMP,SHORT_OF_A_GOOD_LENGTH,289,212,4,8.18,53.0,72.25,India
922943,Shadab Khan,spin bowler,Right Wrist Spin,ON_THE_STUMPS,SHORT_OF_A_GOOD_LENGTH,312,212,13,8.83,16.31,24.0,Pakistan
8917,Moeen Ali,spin bowler,Right Off Spin,OUTSIDE_OFFSTUMP,FULL,308,212,11,8.72,19.27,28.0,England
675945,Nahidul Islam,spin bowler,Right Off Spin,OUTSIDE_OFFSTUMP,GOOD_LENGTH,219,212,14,6.2,15.14,15.64,Bangladesh
774223,Jhye Richardson,pace bowler,Right Fast,ON_THE_STUMPS,GOOD_LENGTH,231,212,14,6.54,15.14,16.5,Australia
55870,Sean Williams,spin bowler,Left Off Spin,OUTSIDE_OFFSTUMP,GOOD_LENGTH,232,211,6,6.6,35.17,38.67,Zimbabwe
325012,Marcus Stoinis,pace bowler,Right Medium,ON_THE_STUMPS,SHORT_OF_A_GOOD_LENGTH,291,211,17,8.27,12.41,17.12,Australia
502714,Mitchell Santner,spin bowler,Left Off Spin,ON_THE_STUMPS,FULL,270,211,5,7.68,42.2,54.0,New Zealand
826915,Nathan Ellis,pace bowler,Right Fast,OUTSIDE_OFFSTUMP,FULL,329,211,11,9.36,19.18,29.91,Australia
533042,Billy Stanlake,pace bowler,Right Fast,ON_THE_STUMPS,GOOD_LENGTH,282,211,7,8.02,30.14,40.29,Australia
1064812,Rahul Chahar,spin bowler,Right Wrist Spin,ON_THE_STUMPS,SHORT_OF_A_GOOD_LENGTH,307,211,3,8.73,70.33,102.33,India
625383,Jasprit Bumrah,pace bowler,Right Fast,ON_THE_STUMPS,SHORT_OF_A_GOOD_LENGTH,207,211,11,5.89,19.18,18.82,India
288284,Josh Hazlewood,pace bowler,Right Fast,ON_THE_STUMPS,SHORT_OF_A_GOOD_LENGTH,213,210,13,6.09,16.15,16.38,Australia
774219,Matthew Kuhnemann,spin bowler,Left Off Spin,OUTSIDE_OFFSTUMP,GOOD_LENGTH,206,210,13,5.89,16.15,15.85,Australia
530812,Akeal Hosein,spin bowler,Left Off Spin,ON_THE_STUMPS,SHORT_OF_A_GOOD_LENGTH,272,210,10,7.77,21.0,27.2,West Indies
1185538,Mohammad Wasim,pace bowler,Right Fast,OUTSIDE_OFFSTUMP,SHORT_OF_A_GOOD_LENGTH,253,209,9,7.26,23.22,28.11,Pakistan
495551,Sheldon Cottrell,pace bowler,Left Fast,OUTSIDE_OFFSTUMP,FULL,306,209,10,8.78,20.9,30.6,West Indies
43590,Wahab Riaz,pace bowler,Left Fast,OUTSIDE_OFFSTUMP,FULL,349,209,9,10.02,23.22,38.78,Pakistan
290948,Mohammad Amir,pace bowler,Left Fast,ON_THE_STUMPS,FULL,279,209,21,8.01,9.95,13.29,Pakistan
1191384,Peter Hatzoglou,spin bowler,Right Wrist Spin,OUTSIDE_OFFSTUMP,GOOD_LENGTH,248,209,10,7.12,20.9,24.8,Australia
625383,Jasprit Bumrah,pace bowler,Right Fast,OUTSIDE_OFFSTUMP,SHORT,332,208,16,9.58,13.0,20.75,India
376116,Umesh Yadav,pace bowler,Right Fast,ON_THE_STUMPS,SHORT_OF_A_GOOD_LENGTH,265,208,10,7.64,20.8,26.5,India
974175,Fazalhaq Farooqi,pace bowler,Left Fast,OUTSIDE_OFFSTUMP,GOOD_LENGTH,197,208,17,5.68,12.24,11.59,Afghanistan
247235,Chris Woakes,pace bowler,Right Fast,OUTSIDE_OFFSTUMP,SHORT_OF_A_GOOD_LENGTH,252,208,10,7.27,20.8,25.2,England
288284,Josh Hazlewood,pace bowler,Right Fast,ON_THE_STUMPS,GOOD_LENGTH,242,207,15,7.01,13.8,16.13,Australia
47850,Roelof van der Merwe,spin bowler,Left Off Spin,OUTSIDE_OFFSTUMP,GOOD_LENGTH,251,207,13,7.28,15.92,19.31,Netherlands
605575,Matthew Short,spin bowler,Right Off Spin,OUTSIDE_OFFSTUMP,GOOD_LENGTH,244,207,10,7.07,20.7,24.4,Australia
670031,Alzarri Joseph,pace bowler,Right Fast,ON_THE_STUMPS,SHORT_OF_A_GOOD_LENGTH,262,207,14,7.59,14.79,18.71,West Indies
308798,D'Arcy Short,spin bowler,Left Wrist Spin,OUTSIDE_OFFSTUMP,GOOD_LENGTH,248,207,7,7.19,29.57,35.43,Australia
319439,Mitchell McClenaghan,pace bowler,Left Fast,OUTSIDE_OFFSTUMP,FULL,349,206,13,10.17,15.85,26.85,New Zealand
940973,Mohammed Siraj,pace bowler,Right Fast,OUTSIDE_OFFSTUMP,FULL,305,206,6,8.88,34.33,50.83,India
1191384,Peter Hatzoglou,spin bowler,Right Wrist Spin,ON_THE_STUMPS,GOOD_LENGTH,230,206,13,6.7,15.85,17.69,Australia
319439,Mitchell McClenaghan,pace bowler,Left Fast,ON_THE_STUMPS,SHORT_OF_A_GOOD_LENGTH,211,205,6,6.18,34.17,35.17,New Zealand
481896,Mohammed Shami,pace bowler,Right Fast,ON_THE_STUMPS,SHORT_OF_A_GOOD_LENGTH,255,205,8,7.46,25.62,31.88,India
499594,Kasun Rajitha,pace bowler,Right Fast,OUTSIDE_OFFSTUMP,GOOD_LENGTH,197,205,12,5.77,17.08,16.42,Sri Lanka
56007,Mashrafe Mortaza,pace bowler,Right Fast,OUTSIDE_OFFSTUMP,SHORT_OF_A_GOOD_LENGTH,235,205,9,6.88,22.78,26.11,Bangladesh
538506,Taskin Ahmed,pace bowler,Right Fast,ON_THE_STUMPS,GOOD_LENGTH,275,205,8,8.05,25.62,34.38,Bangladesh
1170471,Tanveer Sangha,spin bowler,Right Wrist Spin,ON_THE_STUMPS,GOOD_LENGTH,203,205,12,5.94,17.08,16.92,Australia
793467,Karim Janat,pace bowler,Right Medium,OUTSIDE_OFFSTUMP,GOOD_LENGTH,236,205,14,6.91,14.64,16.86,Afghanistan
227758,Imad Wasim,spin bowler,Left Off Spin,ON_THE_STUMPS,SHORT_OF_A_GOOD_LENGTH,245,205,9,7.17,22.78,27.22,Pakistan
215152,Jackson Bird,pace bowler,Right Fast,OUTSIDE_OFFSTUMP,GOOD_LENGTH,229,204,9,6.74,22.67,25.44,Australia
49758,Lasith Malinga,pace bowler,Right Fast,ON_THE_STUMPS,GOOD_LENGTH,189,204,19,5.56,10.74,9.95,Sri Lanka
623695,Chamika Karunaratne,pace bowler,Right Fast,OUTSIDE_OFFSTUMP,GOOD_LENGTH,256,204,9,7.53,22.67,28.44,Sri Lanka
325026,Glenn Maxwell,spin bowler,Right Off Spin,OUTSIDE_OFFSTUMP,FULL,309,203,6,9.13,33.83,51.5,Australia
330902,Mustafizur Rahman,pace bowler,Left Fast,DOWN_LEG,GOOD_LENGTH,254,202,13,7.54,15.54,19.54,Bangladesh
30288,Karn Sharma,spin bowler,Right Wrist Spin,ON_THE_STUMPS,FULL,310,202,8,9.21,25.25,38.75,India
826901,Daniel Sams,pace bowler,Left Fast,ON_THE_STUMPS,SHORT_OF_A_GOOD_LENGTH,259,202,16,7.69,12.62,16.19,Australia
559066,Ish Sodhi,spin bowler,Right Wrist Spin,ON_THE_STUMPS,FULL,299,202,12,8.88,16.83,24.92,New Zealand
489889,Pat Cummins,pace bowler,Right Fast,ON_THE_STUMPS,SHORT_OF_A_GOOD_LENGTH,241,202,12,7.16,16.83,20.08,Australia
537119,Mohit Sharma,pace bowler,Right Medium,ON_THE_STUMPS,GOOD_LENGTH,199,201,15,5.94,13.4,13.27,India
424377,Krishnappa Gowtham,spin bowler,Right Off Spin,OUTSIDE_OFFSTUMP,GOOD_LENGTH,271,201,9,8.09,22.33,30.11,India
990039,Shoriful Islam,pace bowler,Left Fast,OUTSIDE_OFFSTUMP,GOOD_LENGTH,255,201,10,7.61,20.1,25.5,Bangladesh
471342,Krunal Pandya,spin bowler,Left Off Spin,OUTSIDE_OFFSTUMP,SHORT_OF_A_GOOD_LENGTH,243,201,6,7.25,33.5,40.5,India
51439,Dwayne Bravo,pace bowler,Right Medium,ON_THE_STUMPS,FULL_TOSS,348,201,15,10.39,13.4,23.2,West Indies
56025,Mahmudullah,spin bowler,Right Off Spin,OUTSIDE_OFFSTUMP,GOOD_LENGTH,241,201,8,7.19,25.12,30.12,Bangladesh
826915,Nathan Ellis,pace bowler,Right Fast,ON_THE_STUMPS,SHORT_OF_A_GOOD_LENGTH,256,200,8,7.68,25.0,32.0,Australia
528067,Murugan Ashwin,spin bowler,Right Wrist Spin,OUTSIDE_OFFSTUMP,GOOD_LENGTH,204,200,8,6.12,25.0,25.5,India
1072470,Shaheen Shah Afridi,pace bowler,Left Fast,ON_THE_STUMPS,SHORT_OF_A_GOOD_LENGTH,221,200,7,6.63,28.57,31.57,Pakistan
348049,Nasum Ahmed,spin bowler,Left Off Spin,OUTSIDE_OFFSTUMP,FULL,280,199,10,8.44,19.9,28.0,Bangladesh
819429,Azmatullah Omarzai,pace bowler,Right Fast,OUTSIDE_OFFSTUMP,SHORT_OF_A_GOOD_LENGTH,251,199,11,7.57,18.09,22.82,Afghanistan
327830,Dwaine Pretorius,pace bowler,Right Fast,ON_THE_STUMPS,GOOD_LENGTH,227,199,9,6.84,22.11,25.22,South Africa
327830,Dwaine Pretorius,pace bowler,Right Fast,OUTSIDE_OFFSTUMP,SHORT_OF_A_GOOD_LENGTH,282,199,9,8.5,22.11,31.33,South Africa
1158088,Naseem Shah,pace bowler,Right Fast,ON_THE_STUMPS,GOOD_LENGTH,218,199,11,6.57,18.09,19.82,Pakistan
211748,Benny Howell,pace bowler,Right Medium,ON_THE_STUMPS,GOOD_LENGTH,233,199,8,7.03,24.88,29.12,England
315623,Ben Laughlin,pace bowler,Right Fast,ON_THE_STUMPS,GOOD_LENGTH,277,199,13,8.35,15.31,21.31,Australia
265564,Wayne Parnell,pace bowler,Left Fast,ON_THE_STUMPS,GOOD_LENGTH,232,199,14,6.99,14.21,16.57,South Africa
348148,Mohammad Nawaz,spin bowler,Left Off Spin,OUTSIDE_OFFSTUMP,SHORT_OF_A_GOOD_LENGTH,246,198,6,7.45,33.0,41.0,Pakistan
344580,Shreyas Gopal,spin bowler,Right Wrist Spin,ON_THE_STUMPS,GOOD_LENGTH,233,198,12,7.06,16.5,19.42,India
605575,Matthew Short,spin bowler,Right Off Spin,ON_THE_STUMPS,GOOD_LENGTH,235,197,5,7.16,39.4,47.0,Australia
8180,Shane Watson,pace bowler,Right Fast,ON_THE_STUMPS,GOOD_LENGTH,222,197,9,6.76,21.89,24.67,Australia
308251,David Willey,pace bowler,Left Fast,OUTSIDE_OFFSTUMP,FULL,338,197,8,10.29,24.62,42.25,England
669855,Jofra Archer,pace bowler,Right Fast,ON_THE_STUMPS,SHORT_OF_A_GOOD_LENGTH,241,197,10,7.34,19.7,24.1,England
550215,Kagiso Rabada,pace bowler,Right Fast,OUTSIDE_OFFSTUMP,SHORT,339,196,14,10.38,14.0,24.21,South Africa
625383,Jasprit Bumrah,pace bowler,Right Fast,ON_THE_STUMPS,YORKER,143,196,29,4.38,6.76,4.93,India
299572,Sikandar Raza,spin bowler,Right Off Spin,OUTSIDE_OFFSTUMP,SHORT_OF_A_GOOD_LENGTH,249,196,8,7.62,24.5,31.12,Zimbabwe
505120,Ashton Agar,spin bowler,Left Off Spin,OUTSIDE_OFFSTUMP,FULL,252,196,11,7.71,17.82,22.91,Australia
326968,Michael Bracewell,spin bowler,Right Off Spin,OUTSIDE_OFFSTUMP,GOOD_LENGTH,201,196,13,6.15,15.08,15.46,New Zealand
625371,Hardik Pandya,pace bowler,Right Fast,OUTSIDE_OFFSTUMP,SHORT,379,195,18,11.66,10.83,21.06,India
1203995,Shahnawaz Dahani,pace bowler,Right Fast,OUTSIDE_OFFSTUMP,SHORT_OF_A_GOOD_LENGTH,239,195,11,7.35,17.73,21.73,Pakistan
376116,Umesh Yadav,pace bowler,Right Fast,OUTSIDE_OFFSTUMP,FULL,304,195,12,9.35,16.25,25.33,India
299572,Sikandar Raza,spin bowler,Right Off Spin,ON_THE_STUMPS,FULL,219,195,11,6.74,17.73,19.91,Zimbabwe
234675,Ravindra Jadeja,spin bowler,Left Off Spin,ON_THE_STUMPS,SHORT_OF_A_GOOD_LENGTH,263,195,8,8.09,24.38,32.88,India
499660,Gurinder Sandhu,pace bowler,Right Fast,OUTSIDE_OFFSTUMP,GOOD_LENGTH,198,195,8,6.09,24.38,24.75,Australia
261354,Nathan Coulter-Nile,pace bowler,Right Fast,ON_THE_STUMPS,SHORT_OF_A_GOOD_LENGTH,223,194,12,6.9,16.17,18.58,Australia
481896,Mohammed Shami,pace bowler,Right Fast,ON_THE_STUMPS,FULL,363,194,18,11.23,10.78,20.17,India
712219,Zahir Khan,spin bowler,Left Wrist Spin,OUTSIDE_OFFSTUMP,GOOD_LENGTH,209,194,8,6.46,24.25,26.12,Afghanistan
244497,Adil Rashid,spin bowler,Right Wrist Spin,ON_THE_STUMPS,SHORT_OF_A_GOOD_LENGTH,266,193,8,8.27,24.12,33.25,England
30288,Karn Sharma,spin bowler,Right Wrist Spin,OUTSIDE_OFFSTUMP,GOOD_LENGTH,261,193,9,8.11,21.44,29.0,India
40618,Imran Tahir,spin bowler,Right Wrist Spin,OUTSIDE_OFFSTUMP,SHORT_OF_A_GOOD_LENGTH,193,192,7,6.03,27.43,27.57,South Africa
311592,Mitchell Starc,pace bowler,Left Fast,ON_THE_STUMPS,GOOD_LENGTH,230,192,15,7.19,12.8,15.33,Australia
221140,David Wiese,pace bowler,Right Fast,OUTSIDE_OFFSTUMP,FULL,325,192,11,10.16,17.45,29.55,Namibia
265564,Wayne Parnell,pace bowler,Left Fast,OUTSIDE_OFFSTUMP,SHORT_OF_A_GOOD_LENGTH,246,192,16,7.69,12.0,15.38,South Africa
471342,Krunal Pandya,spin bowler,Left Off Spin,ON_THE_STUMPS,SHORT_OF_A_GOOD_LENGTH,231,192,7,7.22,27.43,33.0,India
450075,Kesrick Williams,pace bowler,Right Fast,OUTSIDE_OFFSTUMP,FULL,356,192,14,11.12,13.71,25.43,West Indies
493773,Lockie Ferguson,pace bowler,Right Fast,OUTSIDE_OFFSTUMP,FULL,306,191,7,9.61,27.29,43.71,New Zealand
300619,Rubel Hossain,pace bowler,Right Fast,OUTSIDE_OFFSTUMP,SHORT_OF_A_GOOD_LENGTH,220,191,11,6.91,17.36,20.0,Bangladesh
681305,Hasan Ali,pace bowler,Right Fast,ON_THE_STUMPS,FULL,308,191,15,9.68,12.73,20.53,Pakistan
450075,Kesrick Williams,pace bowler,Right Fast,ON_THE_STUMPS,GOOD_LENGTH,219,190,16,6.92,11.88,13.69,West Indies
833087,Mahedi Hasan,spin bowler,Right Off Spin,ON_THE_STUMPS,FULL,183,190,13,5.78,14.62,14.08,Bangladesh
300619,Rubel Hossain,pace bowler,Right Fast,OUTSIDE_OFFSTUMP,GOOD_LENGTH,230,190,14,7.26,13.57,16.43,Bangladesh
677077,Romario Shepherd,pace bowler,Right Fast,ON_THE_STUMPS,GOOD_LENGTH,214,189,15,6.79,12.6,14.27,West Indies
629070,Mohammad Saifuddin,pace bowler,Right Fast,ON_THE_STUMPS,GOOD_LENGTH,217,189,13,6.89,14.54,16.69,Bangladesh
480603,Iftikhar Ahmed,spin bowler,Right Off Spin,ON_THE_STUMPS,GOOD_LENGTH,221,188,11,7.05,17.09,20.09,Pakistan
1185538,Mohammad Wasim,pace bowler,Right Fast,OUTSIDE_OFFSTUMP,GOOD_LENGTH,196,188,12,6.26,15.67,16.33,Pakistan
559235,Kuldeep Yadav,spin bowler,Left Wrist Spin,ON_THE_STUMPS,SHORT_OF_A_GOOD_LENGTH,276,188,8,8.81,23.5,34.5,India
311592,Mitchell Starc,pace bowler,Left Fast,OUTSIDE_OFFSTUMP,FULL,315,188,12,10.05,15.67,26.25,Australia
647667,Usama Mir,spin bowler,Right Wrist Spin,OUTSIDE_OFFSTUMP,GOOD_LENGTH,226,188,9,7.21,20.89,25.11,Pakistan
7898,Peter Siddle,pace bowler,Right Fast,ON_THE_STUMPS,GOOD_LENGTH,220,188,8,7.02,23.5,27.5,Australia
623695,Chamika Karunaratne,pace bowler,Right Fast,OUTSIDE_OFFSTUMP,SHORT_OF_A_GOOD_LENGTH,234,188,6,7.47,31.33,39.0,Sri Lanka
555853,Mark Steketee,pace bowler,Right Fast,OUTSIDE_OFFSTUMP,GOOD_LENGTH,234,188,13,7.47,14.46,18.0,Australia
1125976,Arshdeep Singh,pace bowler,Left Fast,ON_THE_STUMPS,FULL,340,187,10,10.91,18.7,34.0,India
430246,Yuzvendra Chahal,spin bowler,Right Wrist Spin,DOWN_LEG,GOOD_LENGTH,233,187,11,7.48,17.0,21.18,India
299572,Sikandar Raza,spin bowler,Right Off Spin,OUTSIDE_OFFSTUMP,FULL,282,187,7,9.05,26.71,40.29,Zimbabwe
328026,Isuru Udana,pace bowler,Left Fast,OUTSIDE_OFFSTUMP,FULL,314,186,9,10.13,20.67,34.89,Sri Lanka
8917,Moeen Ali,spin bowler,Right Off Spin,ON_THE_STUMPS,FULL,248,186,10,8.0,18.6,24.8,England
429738,Lakshan Sandakan,spin bowler,Left Wrist Spin,OUTSIDE_OFFSTUMP,GOOD_LENGTH,205,186,18,6.61,10.33,11.39,Sri Lanka
18632,Samit Patel,spin bowler,Left Off Spin,ON_THE_STUMPS,FULL,254,186,15,8.19,12.4,16.93,England
327830,Dwaine Pretorius,pace bowler,Right Fast,OUTSIDE_OFFSTUMP,FULL,336,186,13,10.84,14.31,25.85,South Africa
670013,Fabian Allen,spin bowler,Left Off Spin,ON_THE_STUMPS,FULL,229,186,9,7.39,20.67,25.44,West Indies
348148,Mohammad Nawaz,spin bowler,Left Off Spin,OUTSIDE_OFFSTUMP,FULL,259,186,5,8.35,37.2,51.8,Pakistan
328026,Isuru Udana,pace bowler,Left Fast,ON_THE_STUMPS,GOOD_LENGTH,227,186,11,7.32,16.91,20.64,Sri Lanka
914567,Oshane Thomas,pace bowler,Right Fast,OUTSIDE_OFFSTUMP,GOOD_LENGTH,226,185,7,7.33,26.43,32.29,West Indies
429981,Mohammad Irfan,pace bowler,Left Fast,ON_THE_STUMPS,SHORT_OF_A_GOOD_LENGTH,189,185,13,6.13,14.23,14.54,Pakistan
670031,Alzarri Joseph,pace bowler,Right Fast,OUTSIDE_OFFSTUMP,FULL,335,185,10,10.86,18.5,33.5,West Indies
928067,Josh Little,pace bowler,Left Fast,ON_THE_STUMPS,GOOD_LENGTH,185,184,20,6.03,9.2,9.25,Ireland
4864,Dan Christian,pace bowler,Right Fast,ON_THE_STUMPS,GOOD_LENGTH,220,184,9,7.17,20.44,24.44,Australia
51439,Dwayne Bravo,pace bowler,Right Medium,ON_THE_STUMPS,SHORT_OF_A_GOOD_LENGTH,249,184,10,8.12,18.4,24.9,West Indies
1064812,Rahul Chahar,spin bowler,Right Wrist Spin,ON_THE_STUMPS,FULL,321,184,10,10.47,18.4,32.1,India
784379,Wanindu Hasaranga de Silva,spin bowler,Right Wrist Spin,OUTSIDE_OFFSTUMP,SHORT_OF_A_GOOD_LENGTH,210,183,11,6.89,16.64,19.09,Sri Lanka
46942,Aaron Phangiso,spin bowler,Left Off Spin,ON_THE_STUMPS,GOOD_LENGTH,206,183,7,6.75,26.14,29.43,South Africa
481979,Anrich Nortje,pace bowler,Right Fast,ON_THE_STUMPS,GOOD_LENGTH,169,183,13,5.54,14.08,13.0,South Africa
19264,Liam Plunkett,pace bowler,Right Fast,OUTSIDE_OFFSTUMP,GOOD_LENGTH,218,183,8,7.15,22.88,27.25,United States of America
670013,Fabian Allen,spin bowler,Left Off Spin,OUTSIDE_OFFSTUMP,SHORT_OF_A_GOOD_LENGTH,253,182,6,8.34,30.33,42.17,West Indies
423838,Rahul Tewatia,spin bowler,Right Wrist Spin,OUTSIDE_OFFSTUMP,GOOD_LENGTH,197,181,7,6.53,25.86,28.14,India
32966,Piyush Chawla,spin bowler,Right Wrist Spin,ON_THE_STUMPS,FULL,300,181,10,9.94,18.1,30.0,India
627627,Tom Rogers,pace bowler,Right Fast,OUTSIDE_OFFSTUMP,GOOD_LENGTH,232,181,6,7.69,30.17,38.67,Australia
438362,Sandeep Sharma,pace bowler,Right Medium,ON_THE_STUMPS,FULL,252,181,12,8.35,15.08,21.0,India
681117,Faheem Ashraf,pace bowler,Right Medium,OUTSIDE_OFFSTUMP,FULL,292,181,10,9.68,18.1,29.2,Pakistan
932665,Tanvir Islam,spin bowler,Left Off Spin,ON_THE_STUMPS,GOOD_LENGTH,196,180,12,6.53,15.0,16.33,Bangladesh
505120,Ashton Agar,spin bowler,Left Off Spin,OUTSIDE_OFFSTUMP,SHORT_OF_A_GOOD_LENGTH,182,180,7,6.07,25.71,26.0,Australia
1170471,Tanveer Sangha,spin bowler,Right Wrist Spin,OUTSIDE_OFFSTUMP,GOOD_LENGTH,195,180,13,6.5,13.85,15.0,Australia
974175,Fazalhaq Farooqi,pace bowler,Left Fast,OUTSIDE_OFFSTUMP,SHORT_OF_A_GOOD_LENGTH,181,180,11,6.03,16.36,16.45,Afghanistan
550235,Tom Curran,pace bowler,Right Fast,OUTSIDE_OFFSTUMP,FULL,313,179,12,10.49,14.92,26.08,England
459508,Andrew Tye,pace bowler,Right Fast,OUTSIDE_OFFSTUMP,SHORT,301,178,17,10.15,10.47,17.71,Australia
528067,Murugan Ashwin,spin bowler,Right Wrist Spin,ON_THE_STUMPS,GOOD_LENGTH,173,178,8,5.83,22.25,21.62,India
625371,Hardik Pandya,pace bowler,Right Fast,OUTSIDE_OFFSTUMP,FULL,318,178,7,10.72,25.43,45.43,India
1161606,Haris Rauf,pace bowler,Right Fast,OUTSIDE_OFFSTUMP,SHORT,355,178,17,11.97,10.47,20.88,Pakistan
351588,Mark Wood,pace bowler,Right Fast,OUTSIDE_OFFSTUMP,SHORT_OF_A_GOOD_LENGTH,173,178,8,5.83,22.25,21.62,England
481979,Anrich Nortje,pace bowler,Right Fast,ON_THE_STUMPS,SHORT_OF_A_GOOD_LENGTH,191,178,12,6.44,14.83,15.92,South Africa
1168641,Harpreet Brar,spin bowler,Left Off Spin,OUTSIDE_OFFSTUMP,GOOD_LENGTH,241,177,2,8.17,88.5,120.5,India
429122,Umaid Asif,pace bowler,Right Fast,OUTSIDE_OFFSTUMP,GOOD_LENGTH,186,177,9,6.31,19.67,20.67,Pakistan
785323,Nathan McAndrew,pace bowler,Right Fast,OUTSIDE_OFFSTUMP,GOOD_LENGTH,231,177,12,7.83,14.75,19.25,Australia
573170,Luke Wood,pace bowler,Left Fast,OUTSIDE_OFFSTUMP,GOOD_LENGTH,235,177,7,7.97,25.29,33.57,England
1064812,Rahul Chahar,spin bowler,Right Wrist Spin,OUTSIDE_OFFSTUMP,SHORT_OF_A_GOOD_LENGTH,227,177,4,7.69,44.25,56.75,India
625383,Jasprit Bumrah,pace bowler,Right Fast,ON_THE_STUMPS,FULL_TOSS,295,177,12,10.0,14.75,24.58,India
457249,Carlos Brathwaite,pace bowler,Right Fast,OUTSIDE_OFFSTUMP,SHORT,336,176,10,11.45,17.6,33.6,West Indies
56268,Arafat Sunny,spin bowler,Left Off Spin,OUTSIDE_OFFSTUMP,GOOD_LENGTH,199,176,10,6.78,17.6,19.9,Bangladesh
461632,Reece Topley,pace bowler,Left Fast,OUTSIDE_OFFSTUMP,GOOD_LENGTH,199,176,12,6.78,14.67,16.58,England
959833,Wes Agar,pace bowler,Right Fast,OUTSIDE_OFFSTUMP,GOOD_LENGTH,190,176,16,6.48,11.0,11.88,Australia
325026,Glenn Maxwell,spin bowler,Right Off Spin,OUTSIDE_OFFSTUMP,SHORT_OF_A_GOOD_LENGTH,266,176,8,9.07,22.0,33.25,Australia
1241265,Aayan Afzal Khan,spin bowler,Left Off Spin,ON_THE_STUMPS,GOOD_LENGTH,159,176,13,5.42,13.54,12.23,United Arab Emirates
1125976,Arshdeep Singh,pace bowler,Left Fast,ON_THE_STUMPS,SHORT_OF_A_GOOD_LENGTH,180,176,7,6.14,25.14,25.71,India
268740,Seekkuge Prasanna,spin bowler,Right Wrist Spin,ON_THE_STUMPS,GOOD_LENGTH,196,176,7,6.68,25.14,28.0,Sri Lanka
55395,Colin de Grandhomme,pace bowler,Right Fast,OUTSIDE_OFFSTUMP,GOOD_LENGTH,206,175,6,7.06,29.17,34.33,New Zealand
362201,Lewis Gregory,pace bowler,Right Fast,OUTSIDE_OFFSTUMP,GOOD_LENGTH,219,175,8,7.51,21.88,27.38,England
446548,Scott Boland,pace bowler,Right Fast,OUTSIDE_OFFSTUMP,SHORT_OF_A_GOOD_LENGTH,183,175,6,6.27,29.17,30.5,Australia
942645,Khaleel Ahmed,pace bowler,Left Medium,ON_THE_STUMPS,SHORT_OF_A_GOOD_LENGTH,176,175,6,6.03,29.17,29.33,India
308251,David Willey,pace bowler,Left Fast,ON_THE_STUMPS,FULL,284,175,10,9.74,17.5,28.4,England
1153149,Vijayakanth Viyaskanth,spin bowler,Right Wrist Spin,ON_THE_STUMPS,GOOD_LENGTH,173,175,12,5.93,14.58,14.42,Sri Lanka
272385,Josh Lalor,pace bowler,Left Fast,OUTSIDE_OFFSTUMP,GOOD_LENGTH,173,175,11,5.93,15.91,15.73,Australia
423838,Rahul Tewatia,spin bowler,Right Wrist Spin,ON_THE_STUMPS,GOOD_LENGTH,237,175,5,8.13,35.0,47.4,India
429122,Umaid Asif,pace bowler,Right Fast,OUTSIDE_OFFSTUMP,SHORT_OF_A_GOOD_LENGTH,203,175,6,6.96,29.17,33.83,Pakistan
457249,Carlos Brathwaite,pace bowler,Right Fast,ON_THE_STUMPS,SHORT_OF_A_GOOD_LENGTH,233,174,11,8.03,15.82,21.18,West Indies
659081,Mark Watt,spin bowler,Left Off Spin,OUTSIDE_OFFSTUMP,GOOD_LENGTH,181,174,12,6.24,14.5,15.08,Scotland
960361,Sandeep Lamichhane,spin bowler,Right Wrist Spin,OUTSIDE_OFFSTUMP,FULL,210,174,11,7.24,15.82,19.09,Nepal
7898,Peter Siddle,pace bowler,Right Fast,ON_THE_STUMPS,FULL,223,174,11,7.69,15.82,20.27,Australia
489889,Pat Cummins,pace bowler,Right Fast,OUTSIDE_OFFSTUMP,SHORT,348,174,12,12.0,14.5,29.0,Australia
47850,Roelof van der Merwe,spin bowler,Left Off Spin,ON_THE_STUMPS,GOOD_LENGTH,202,174,16,6.97,10.88,12.62,Netherlands
362201,Lewis Gregory,pace bowler,Right Fast,OUTSIDE_OFFSTUMP,SHORT_OF_A_GOOD_LENGTH,219,173,8,7.6,21.62,27.38,England
41324,Mohammad Sami,pace bowler,Right Fast,OUTSIDE_OFFSTUMP,GOOD_LENGTH,165,173,6,5.72,28.83,27.5,Pakistan
538506,Taskin Ahmed,pace bowler,Right Fast,OUTSIDE_OFFSTUMP,FULL,277,173,6,9.61,28.83,46.17,Bangladesh
774223,Jhye Richardson,pace bowler,Right Fast,OUTSIDE_OFFSTUMP,FULL,304,173,6,10.54,28.83,50.67,Australia
669855,Jofra Archer,pace bowler,Right Fast,OUTSIDE_OFFSTUMP,FULL,269,173,6,9.33,28.83,44.83,England
379145,Tabraiz Shamsi,spin bowler,Left Wrist Spin,ON_THE_STUMPS,SHORT_OF_A_GOOD_LENGTH,216,173,7,7.49,24.71,30.86,South Africa
46942,Aaron Phangiso,spin bowler,Left Off Spin,OUTSIDE_OFFSTUMP,GOOD_LENGTH,181,173,14,6.28,12.36,12.93,South Africa
355269,James Neesham,pace bowler,Right Fast,ON_THE_STUMPS,GOOD_LENGTH,219,172,14,7.64,12.29,15.64,New Zealand
43590,Wahab Riaz,pace bowler,Left Fast,ON_THE_STUMPS,FULL,275,172,13,9.59,13.23,21.15,Pakistan
571703,Wellington Masakadza,spin bowler,Left Off Spin,OUTSIDE_OFFSTUMP,GOOD_LENGTH,176,172,9,6.14,19.11,19.56,Zimbabwe
31107,Amit Mishra,spin bowler,Right Wrist Spin,OUTSIDE_OFFSTUMP,FULL,228,172,9,7.95,19.11,25.33,India
43265,Sohail Tanvir,pace bowler,Left Fast,OUTSIDE_OFFSTUMP,SHORT_OF_A_GOOD_LENGTH,214,172,11,7.47,15.64,19.45,Pakistan
43265,Sohail Tanvir,pace bowler,Left Fast,ON_THE_STUMPS,SHORT_OF_A_GOOD_LENGTH,230,172,4,8.02,43.0,57.5,Pakistan
914171,Qais Ahmad,spin bowler,Right Wrist Spin,OUTSIDE_OFFSTUMP,FULL,232,171,9,8.14,19.0,25.78,Afghanistan
784379,Wanindu Hasaranga,spin bowler,Right Wrist Spin,OUTSIDE_OFFSTUMP,GOOD_LENGTH,135,171,14,4.74,12.21,9.64,Sri Lanka
376169,Michael Neser,pace bowler,Right Fast,OUTSIDE_OFFSTUMP,SHORT_OF_A_GOOD_LENGTH,201,171,9,7.05,19.0,22.33,Australia
526441,Mark Adair,pace bowler,Right Fast,OUTSIDE_OFFSTUMP,SHORT_OF_A_GOOD_LENGTH,201,170,7,7.09,24.29,28.71,Ireland
573170,Luke Wood,pace bowler,Left Fast,ON_THE_STUMPS,GOOD_LENGTH,183,170,12,6.46,14.17,15.25,England
1079848,Shivam Mavi,pace bowler,Right Fast,OUTSIDE_OFFSTUMP,GOOD_LENGTH,199,170,5,7.02,34.0,39.8,India
277955,Dhawal Kulkarni,pace bowler,Right Medium,ON_THE_STUMPS,GOOD_LENGTH,216,169,8,7.67,21.12,27.0,India
942645,Khaleel Ahmed,pace bowler,Left Medium,ON_THE_STUMPS,GOOD_LENGTH,205,169,13,7.28,13.0,15.77,India
244497,Adil Rashid,spin bowler,Right Wrist Spin,OUTSIDE_OFFSTUMP,SHORT_OF_A_GOOD_LENGTH,238,169,9,8.45,18.78,26.44,England
391832,Roston Chase,spin bowler,Right Off Spin,ON_THE_STUMPS,GOOD_LENGTH,141,169,6,5.01,28.17,23.5,West Indies
1246528,Umran Malik,pace bowler,Right Fast,OUTSIDE_OFFSTUMP,SHORT_OF_A_GOOD_LENGTH,175,169,10,6.21,16.9,17.5,India
49758,Lasith Malinga,pace bowler,Right Fast,ON_THE_STUMPS,FULL,248,169,17,8.8,9.94,14.59,Sri Lanka
677077,Romario Shepherd,pace bowler,Right Fast,OUTSIDE_OFFSTUMP,FULL,346,169,10,12.28,16.9,34.6,West Indies
557298,Daniel Worrall,pace bowler,Right Fast,ON_THE_STUMPS,GOOD_LENGTH,200,169,7,7.1,24.14,28.57,Australia
694211,Avesh Khan,pace bowler,Right Fast,OUTSIDE_OFFSTUMP,FULL,290,169,16,10.3,10.56,18.12,India
481979,Anrich Nortje,pace bowler,Right Fast,OUTSIDE_OFFSTUMP,FULL,275,169,13,9.76,13.0,21.15,South Africa
700167,Navdeep Saini,pace bowler,Right Fast,OUTSIDE_OFFSTUMP,GOOD_LENGTH,188,168,8,6.71,21.0,23.5,India
961713,Riley Meredith,pace bowler,Right Fast,OUTSIDE_OFFSTUMP,FULL,245,168,7,8.75,24.0,35.0,Australia
670013,Fabian Allen,spin bowler,Left Off Spin,OUTSIDE_OFFSTUMP,FULL,294,168,7,10.5,24.0,42.0,West Indies
785323,Nathan McAndrew,pace bowler,Right Fast,OUTSIDE_OFFSTUMP,SHORT_OF_A_GOOD_LENGTH,180,168,3,6.43,56.0,60.0,Australia
555853,Mark Steketee,pace bowler,Right Fast,OUTSIDE_OFFSTUMP,SHORT_OF_A_GOOD_LENGTH,239,168,7,8.54,24.0,34.14,Australia
439952,Chris Morris,pace bowler,Right Fast,ON_THE_STUMPS,FULL,271,168,17,9.68,9.88,15.94,South Africa
854909,Blair Tickner,pace bowler,Right Fast,OUTSIDE_OFFSTUMP,GOOD_LENGTH,234,168,9,8.36,18.67,26.0,New Zealand
230559,Kieron Pollard,pace bowler,Right Medium,OUTSIDE_OFFSTUMP,FULL,281,167,13,10.1,12.85,21.62,West Indies
311158,Ben Stokes,pace bowler,Right Fast,OUTSIDE_OFFSTUMP,SHORT_OF_A_GOOD_LENGTH,208,167,10,7.47,16.7,20.8,England
4864,Dan Christian,pace bowler,Right Fast,OUTSIDE_OFFSTUMP,FULL,251,167,10,9.02,16.7,25.1,Australia
56007,Mashrafe Mortaza,pace bowler,Right Fast,ON_THE_STUMPS,GOOD_LENGTH,201,166,8,7.27,20.75,25.12,Bangladesh
288285,Clive Rose,spin bowler,Left Off Spin,OUTSIDE_OFFSTUMP,GOOD_LENGTH,221,166,6,7.99,27.67,36.83,Australia
315623,Ben Laughlin,pace bowler,Right Fast,OUTSIDE_OFFSTUMP,FULL,257,166,6,9.29,27.67,42.83,Australia
961713,Riley Meredith,pace bowler,Right Fast,ON_THE_STUMPS,FULL,262,166,16,9.47,10.38,16.38,Australia
1159711,Shahbaz Ahmed,spin bowler,Left Off Spin,ON_THE_STUMPS,GOOD_LENGTH,240,165,4,8.73,41.25,60.0,India
502714,Mitchell Santner,spin bowler,Left Off Spin,ON_THE_STUMPS,SHORT_OF_A_GOOD_LENGTH,186,165,3,6.76,55.0,62.0,New Zealand
787073,Chris Green,spin bowler,Right Off Spin,ON_THE_STUMPS,SHORT_OF_A_GOOD_LENGTH,196,165,6,7.13,27.5,32.67,Australia
540316,Andile Phehlukwayo,pace bowler,Right Fast,OUTSIDE_OFFSTUMP,SHORT_OF_A_GOOD_LENGTH,225,165,4,8.18,41.25,56.25,South Africa
696401,Marco Jansen,pace bowler,Left Fast,ON_THE_STUMPS,GOOD_LENGTH,196,165,13,7.13,12.69,15.08,South Africa
326017,Siddarth Kaul,pace bowler,Right Medium,OUTSIDE_OFFSTUMP,SHORT_OF_A_GOOD_LENGTH,200,164,7,7.32,23.43,28.57,India
398666,Sean Abbott,pace bowler,Right Fast,ON_THE_STUMPS,SHORT_OF_A_GOOD_LENGTH,205,164,14,7.5,11.71,14.64,Australia
677081,Keemo Paul,pace bowler,Right Fast,OUTSIDE_OFFSTUMP,FULL,267,164,9,9.77,18.22,29.67,West Indies
557298,Daniel Worrall,pace bowler,Right Fast,OUTSIDE_OFFSTUMP,SHORT_OF_A_GOOD_LENGTH,189,164,6,6.91,27.33,31.5,Australia
530812,Akeal Hosein,spin bowler,Left Off Spin,OUTSIDE_OFFSTUMP,FULL,230,164,9,8.41,18.22,25.56,West Indies
600498,Aiden Markram,spin bowler,Right Off Spin,ON_THE_STUMPS,GOOD_LENGTH,165,164,10,6.04,16.4,16.5,South Africa
261354,Nathan Coulter-Nile,pace bowler,Right Fast,OUTSIDE_OFFSTUMP,SHORT,296,164,13,10.83,12.62,22.77,Australia
390481,Harshal Patel,pace bowler,Right Medium,ON_THE_STUMPS,GOOD_LENGTH,183,163,10,6.74,16.3,18.3,India
573170,Luke Wood,pace bowler,Left Fast,ON_THE_STUMPS,SHORT_OF_A_GOOD_LENGTH,220,163,12,8.1,13.58,18.33,England
268740,Seekkuge Prasanna,spin bowler,Right Wrist Spin,OUTSIDE_OFFSTUMP,GOOD_LENGTH,179,163,4,6.59,40.75,44.75,Sri Lanka
270484,James Faulkner,pace bowler,Left Fast,OUTSIDE_OFFSTUMP,SHORT_OF_A_GOOD_LENGTH,209,163,10,7.69,16.3,20.9,Australia
232491,Anwar Ali,pace bowler,Right Fast,OUTSIDE_OFFSTUMP,GOOD_LENGTH,197,163,5,7.25,32.6,39.4,Pakistan
30102,Zaheer Khan,pace bowler,Left Fast,ON_THE_STUMPS,GOOD_LENGTH,141,163,9,5.19,18.11,15.67,India
1158100,Mohammad Hasnain,pace bowler,Right Fast,ON_THE_STUMPS,GOOD_LENGTH,192,163,15,7.07,10.87,12.8,Pakistan
940973,Mohammed Siraj,pace bowler,Right Fast,ON_THE_STUMPS,SHORT_OF_A_GOOD_LENGTH,208,163,9,7.66,18.11,23.11,India
1081442,Mayank Markande,spin bowler,Right Wrist Spin,ON_THE_STUMPS,GOOD_LENGTH,217,163,5,7.99,32.6,43.4,India
681305,Hasan Ali,pace bowler,Right Fast,OUTSIDE_OFFSTUMP,SHORT,300,163,11,11.04,14.82,27.27,Pakistan
974175,Fazalhaq Farooqi,pace bowler,Left Fast,OUTSIDE_OFFSTUMP,FULL,221,163,8,8.13,20.38,27.62,Afghanistan
31872,Shahbaz Nadeem,spin bowler,Left Off Spin,ON_THE_STUMPS,GOOD_LENGTH,170,163,8,6.26,20.38,21.25,India
495551,Sheldon Cottrell,pace bowler,Left Fast,ON_THE_STUMPS,FULL,172,163,17,6.33,9.59,10.12,West Indies
326625,Cameron Boyce,spin bowler,Right Wrist Spin,ON_THE_STUMPS,FULL,194,163,13,7.14,12.54,14.92,Australia
375126,Hardus Viljoen,pace bowler,Right Fast,OUTSIDE_OFFSTUMP,GOOD_LENGTH,167,163,7,6.15,23.29,23.86,South Africa
390484,Jaydev Unadkat,pace bowler,Left Medium,ON_THE_STUMPS,SHORT_OF_A_GOOD_LENGTH,240,162,8,8.89,20.25,30.0,India
437316,Dasun Shanaka,pace bowler,Right Medium,OUTSIDE_OFFSTUMP,GOOD_LENGTH,158,162,4,5.85,40.5,39.5,Sri Lanka
319439,Mitchell McClenaghan,pace bowler,Left Fast,OUTSIDE_OFFSTUMP,SHORT,314,162,11,11.63,14.73,28.55,New Zealand
56143,Shakib Al Hasan,spin bowler,Left Off Spin,ON_THE_STUMPS,SHORT_OF_A_GOOD_LENGTH,209,162,10,7.74,16.2,20.9,Bangladesh
390481,Harshal Patel,pace bowler,Right Medium,ON_THE_STUMPS,FULL,259,162,12,9.59,13.5,21.58,India
461632,Reece Topley,pace bowler,Left Fast,ON_THE_STUMPS,GOOD_LENGTH,177,161,6,6.6,26.83,29.5,England
1182529,Noor Ahmad,spin bowler,Left Wrist Spin,ON_THE_STUMPS,FULL,199,161,10,7.42,16.1,19.9,Afghanistan
1137279,Jonathan Cook,spin bowler,Right Wrist Spin,ON_THE_STUMPS,GOOD_LENGTH,210,161,12,7.83,13.42,17.5,Australia
232364,Tim Southee,pace bowler,Right Fast,ON_THE_STUMPS,FULL,215,161,13,8.01,12.38,16.54,New Zealand
272450,Mitchell Marsh,pace bowler,Right Medium,OUTSIDE_OFFSTUMP,GOOD_LENGTH,145,161,9,5.4,17.89,16.11,Australia
822553,Tushar Deshpande,pace bowler,Right Medium,OUTSIDE_OFFSTUMP,GOOD_LENGTH,157,161,7,5.85,23.0,22.43,India
1272475,Zaman Khan,pace bowler,Right Fast,ON_THE_STUMPS,GOOD_LENGTH,179,161,12,6.67,13.42,14.92,Pakistan
793447,Naveen-ul-Haq,pace bowler,Right Fast,ON_THE_STUMPS,GOOD_LENGTH,169,161,9,6.3,17.89,18.78,Afghanistan
1064812,Rahul Chahar,spin bowler,Right Wrist Spin,OUTSIDE_OFFSTUMP,FULL,277,161,8,10.32,20.12,34.62,India
959833,Wes Agar,pace bowler,Right Fast,OUTSIDE_OFFSTUMP,SHORT_OF_A_GOOD_LENGTH,189,161,8,7.04,20.12,23.62,Australia
774223,Jhye Richardson,pace bowler,Right Fast,ON_THE_STUMPS,SHORT_OF_A_GOOD_LENGTH,180,161,5,6.71,32.2,36.0,Australia
436677,Soumya Sarkar,pace bowler,Right Fast,OUTSIDE_OFFSTUMP,GOOD_LENGTH,181,161,7,6.75,23.0,25.86,Bangladesh
784375,Lahiru Kumara,pace bowler,Right Fast,OUTSIDE_OFFSTUMP,SHORT_OF_A_GOOD_LENGTH,129,160,8,4.84,20.0,16.12,Sri Lanka
990039,Shoriful Islam,pace bowler,Left Fast,ON_THE_STUMPS,SHORT_OF_A_GOOD_LENGTH,179,159,14,6.75,11.36,12.79,Bangladesh
447261,Deepak Chahar,pace bowler,Right Medium,OUTSIDE_OFFSTUMP,FULL,259,159,5,9.77,31.8,51.8,India
820691,Odean Smith,pace bowler,Right Fast,ON_THE_STUMPS,SHORT_OF_A_GOOD_LENGTH,223,159,13,8.42,12.23,17.15,West Indies
833087,Mahedi Hasan,spin bowler,Right Off Spin,OUTSIDE_OFFSTUMP,SHORT_OF_A_GOOD_LENGTH,195,159,6,7.36,26.5,32.5,Bangladesh
270484,James Faulkner,pace bowler,Left Fast,OUTSIDE_OFFSTUMP,FULL,269,159,12,10.15,13.25,22.42,Australia
288992,Chris Jordan,pace bowler,Right Fast,OUTSIDE_OFFSTUMP,SHORT,335,158,16,12.72,9.88,20.94,England
677077,Romario Shepherd,pace bowler,Right Fast,ON_THE_STUMPS,SHORT_OF_A_GOOD_LENGTH,200,158,11,7.59,14.36,18.18,West Indies
700167,Navdeep Saini,pace bowler,Right Fast,OUTSIDE_OFFSTUMP,SHORT_OF_A_GOOD_LENGTH,154,157,5,5.89,31.4,30.8,India
806241,Richard Ngarava,pace bowler,Left Fast,ON_THE_STUMPS,GOOD_LENGTH,145,157,10,5.54,15.7,14.5,Zimbabwe
681117,Faheem Ashraf,pace bowler,Right Medium,ON_THE_STUMPS,SHORT_OF_A_GOOD_LENGTH,242,157,5,9.25,31.4,48.4,Pakistan
940973,Mohammed Siraj,pace bowler,Right Fast,ON_THE_STUMPS,FULL,303,157,10,11.58,15.7,30.3,India
802575,T Natarajan,pace bowler,Left Medium,ON_THE_STUMPS,GOOD_LENGTH,200,157,4,7.64,39.25,50.0,India
931603,Brendan Doggett,pace bowler,Right Fast,OUTSIDE_OFFSTUMP,GOOD_LENGTH,151,157,8,5.77,19.62,18.88,Australia
974109,Mujeeb Ur Rahman,spin bowler,Right Off Spin,ON_THE_STUMPS,SHORT_OF_A_GOOD_LENGTH,219,157,4,8.37,39.25,54.75,Afghanistan
391832,Roston Chase,spin bowler,Right Off Spin,OUTSIDE_OFFSTUMP,SHORT_OF_A_GOOD_LENGTH,149,156,9,5.73,17.33,16.56,West Indies
670045,Gudakesh Motie,spin bowler,Left Off Spin,OUTSIDE_OFFSTUMP,GOOD_LENGTH,144,156,8,5.54,19.5,18.0,West Indies
554691,Axar Patel,spin bowler,Left Off Spin,ON_THE_STUMPS,SHORT_OF_A_GOOD_LENGTH,184,156,10,7.08,15.6,18.4,India
493773,Lockie Ferguson,pace bowler,Right Fast,ON_THE_STUMPS,GOOD_LENGTH,178,156,13,6.85,12.0,13.69,New Zealand
793467,Karim Janat,pace bowler,Right Medium,OUTSIDE_OFFSTUMP,SHORT_OF_A_GOOD_LENGTH,190,156,6,7.31,26.0,31.67,Afghanistan
44149,Johan Botha,spin bowler,Right Off Spin,OUTSIDE_OFFSTUMP,GOOD_LENGTH,177,156,2,6.81,78.0,88.5,South Africa
390481,Harshal Patel,pace bowler,Right Medium,OUTSIDE_OFFSTUMP,SHORT,265,156,11,10.19,14.18,24.09,India
457249,Carlos Brathwaite,pace bowler,Right Fast,ON_THE_STUMPS,FULL,242,156,10,9.31,15.6,24.2,West Indies
819429,Azmatullah Omarzai,pace bowler,Right Fast,ON_THE_STUMPS,GOOD_LENGTH,141,156,10,5.42,15.6,14.1,Afghanistan
511532,Al-Amin Hossain,pace bowler,Right Fast,ON_THE_STUMPS,GOOD_LENGTH,198,155,9,7.66,17.22,22.0,Bangladesh
236779,Ishant Sharma,pace bowler,Right Fast,OUTSIDE_OFFSTUMP,SHORT_OF_A_GOOD_LENGTH,182,155,6,7.05,25.83,30.33,India
43685,Yasir Shah,spin bowler,Right Wrist Spin,ON_THE_STUMPS,GOOD_LENGTH,158,154,11,6.16,14.0,14.36,Pakistan
571703,Wellington Masakadza,spin bowler,Left Off Spin,ON_THE_STUMPS,GOOD_LENGTH,173,154,6,6.74,25.67,28.83,Zimbabwe
459257,Tymal Mills,pace bowler,Left Fast,ON_THE_STUMPS,GOOD_LENGTH,199,154,12,7.75,12.83,16.58,England
459257,Tymal Mills,pace bowler,Left Fast,ON_THE_STUMPS,SHORT_OF_A_GOOD_LENGTH,174,154,7,6.78,22.0,24.86,England
51433,Samuel Badree,spin bowler,Right Wrist Spin,ON_THE_STUMPS,FULL,143,154,9,5.57,17.11,15.89,West Indies
537119,Mohit Sharma,pace bowler,Right Medium,OUTSIDE_OFFSTUMP,FULL,237,154,16,9.23,9.62,14.81,India
555853,Mark Steketee,pace bowler,Right Fast,ON_THE_STUMPS,GOOD_LENGTH,244,153,6,9.57,25.5,40.67,Australia
581160,Khary Pierre,spin bowler,Left Off Spin,OUTSIDE_OFFSTUMP,SHORT_OF_A_GOOD_LENGTH,197,153,4,7.73,38.25,49.25,West Indies
438362,Sandeep Sharma,pace bowler,Right Medium,ON_THE_STUMPS,SHORT_OF_A_GOOD_LENGTH,186,153,7,7.29,21.86,26.57,India
629070,Mohammad Saifuddin,pace bowler,Right Fast,OUTSIDE_OFFSTUMP,SHORT_OF_A_GOOD_LENGTH,172,153,9,6.75,17.0,19.11,Bangladesh
826915,Nathan Ellis,pace bowler,Right Fast,ON_THE_STUMPS,FULL,221,153,17,8.67,9.0,13.0,Australia
32966,Piyush Chawla,spin bowler,Right Wrist Spin,OUTSIDE_OFFSTUMP,SHORT_OF_A_GOOD_LENGTH,193,153,7,7.57,21.86,27.57,India
233514,Thisara Perera,pace bowler,Right Fast,OUTSIDE_OFFSTUMP,FULL,264,153,6,10.35,25.5,44.0,Sri Lanka
8180,Shane Watson,pace bowler,Right Fast,OUTSIDE_OFFSTUMP,SHORT_OF_A_GOOD_LENGTH,212,153,7,8.31,21.86,30.29,Australia
215152,Jackson Bird,pace bowler,Right Fast,ON_THE_STUMPS,GOOD_LENGTH,172,152,9,6.79,16.89,19.11,Australia
1185538,Mohammad Wasim,pace bowler,Right Fast,ON_THE_STUMPS,GOOD_LENGTH,188,152,12,7.42,12.67,15.67,Pakistan
497121,Deepak Hooda,spin bowler,Right Off Spin,OUTSIDE_OFFSTUMP,GOOD_LENGTH,127,152,6,5.01,25.33,21.17,India
670045,Gudakesh Motie,spin bowler,Left Off Spin,ON_THE_STUMPS,GOOD_LENGTH,144,152,10,5.68,15.2,14.4,West Indies
31107,Amit Mishra,spin bowler,Right Wrist Spin,ON_THE_STUMPS,FULL,173,151,6,6.87,25.17,28.83,India
1175441,Ravi Bishnoi,spin bowler,Right Wrist Spin,ON_THE_STUMPS,SHORT_OF_A_GOOD_LENGTH,203,151,5,8.07,30.2,40.6,India
495964,Ryan Burl,spin bowler,Right Wrist Spin,OUTSIDE_OFFSTUMP,GOOD_LENGTH,178,151,8,7.07,18.88,22.25,Zimbabwe
670031,Alzarri Joseph,pace bowler,Right Fast,OUTSIDE_OFFSTUMP,SHORT,327,151,4,12.99,37.75,81.75,West Indies
670031,Alzarri Joseph,pace bowler,Right Fast,ON_THE_STUMPS,FULL,244,151,8,9.7,18.88,30.5,West Indies
348059,Barry McCarthy,pace bowler,Right Fast,OUTSIDE_OFFSTUMP,SHORT_OF_A_GOOD_LENGTH,219,151,1,8.7,151.0,219.0,Ireland
348049,Nasum Ahmed,spin bowler,Left Off Spin,OUTSIDE_OFFSTUMP,SHORT_OF_A_GOOD_LENGTH,170,151,3,6.75,50.33,56.67,Bangladesh
240609,Fawad Ahmed,spin bowler,Right Wrist Spin,ON_THE_STUMPS,SHORT_OF_A_GOOD_LENGTH,176,151,7,6.99,21.57,25.14,Australia
471342,Krunal Pandya,spin bowler,Left Off Spin,OUTSIDE_OFFSTUMP,FULL,241,151,9,9.58,16.78,26.78,India
274921,Veerasammy Permaul,spin bowler,Left Off Spin,ON_THE_STUMPS,GOOD_LENGTH,161,150,1,6.44,150.0,161.0,West Indies
326625,Cameron Boyce,spin bowler,Right Wrist Spin,OUTSIDE_OFFSTUMP,FULL,178,150,12,7.12,12.5,14.83,Australia
7898,Peter Siddle,pace bowler,Right Fast,OUTSIDE_OFFSTUMP,SHORT_OF_A_GOOD_LENGTH,182,150,10,7.28,15.0,18.2,Australia
230558,Sunil Narine,spin bowler,Right Off Spin,WIDE_OUTSIDE_OFFSTUMP,GOOD_LENGTH,170,150,6,6.8,25.0,28.33,West Indies
675945,Nahidul Islam,spin bowler,Right Off Spin,ON_THE_STUMPS,GOOD_LENGTH,162,150,4,6.48,37.5,40.5,Bangladesh
230371,Ben Cutting,pace bowler,Right Fast,ON_THE_STUMPS,SHORT_OF_A_GOOD_LENGTH,199,150,9,7.96,16.67,22.11,Australia
696401,Marco Jansen,pace bowler,Left Fast,OUTSIDE_OFFSTUMP,SHORT_OF_A_GOOD_LENGTH,176,150,10,7.04,15.0,17.6,South Africa
990039,Shoriful Islam,pace bowler,Left Fast,OUTSIDE_OFFSTUMP,SHORT_OF_A_GOOD_LENGTH,174,150,9,6.96,16.67,19.33,Bangladesh
553249,Bjorn Fortuin,spin bowler,Left Off Spin,OUTSIDE_OFFSTUMP,GOOD_LENGTH,181,150,8,7.24,18.75,22.62,South Africa
719715,Washington Sundar,spin bowler,Right Off Spin,OUTSIDE_OFFSTUMP,FULL,223,149,11,8.98,13.55,20.27,India
820691,Odean Smith,pace bowler,Right Fast,ON_THE_STUMPS,GOOD_LENGTH,208,149,12,8.38,12.42,17.33,West Indies
681117,Faheem Ashraf,pace bowler,Right Medium,ON_THE_STUMPS,FULL,226,149,18,9.1,8.28,12.56,Pakistan
793447,Naveen-ul-Haq,pace bowler,Right Fast,OUTSIDE_OFFSTUMP,SHORT,270,149,11,10.87,13.55,24.55,Afghanistan
348152,Usman Qadir,spin bowler,Right Wrist Spin,OUTSIDE_OFFSTUMP,FULL,262,149,11,10.55,13.55,23.82,Pakistan
1175441,Ravi Bishnoi,spin bowler,Right Wrist Spin,ON_THE_STUMPS,FULL,220,149,14,8.86,10.64,15.71,India
590326,Mitchell Swepson,spin bowler,Right Wrist Spin,ON_THE_STUMPS,SHORT_OF_A_GOOD_LENGTH,155,149,6,6.24,24.83,25.83,Australia
325026,Glenn Maxwell,spin bowler,Right Off Spin,ON_THE_STUMPS,FULL,235,149,8,9.46,18.62,29.38,Australia
49758,Lasith Malinga,pace bowler,Right Fast,OUTSIDE_OFFSTUMP,FULL,245,149,4,9.87,37.25,61.25,Sri Lanka
30732,Praveen Kumar,pace bowler,Right Medium,OUTSIDE_OFFSTUMP,GOOD_LENGTH,138,149,3,5.56,49.67,46.0,India
679567,Ben Dwarshuis,pace bowler,Left Fast,OUTSIDE_OFFSTUMP,FULL,183,148,14,7.42,10.57,13.07,Australia
424377,Krishnappa Gowtham,spin bowler,Right Off Spin,ON_THE_STUMPS,GOOD_LENGTH,159,148,3,6.45,49.33,53.0,India
277912,Trent Boult,pace bowler,Left Fast,OUTSIDE_OFFSTUMP,SHORT,277,148,14,11.23,10.57,19.79,New Zealand
1272475,Zaman Khan,pace bowler,Right Fast,ON_THE_STUMPS,FULL,216,148,13,8.76,11.38,16.62,Pakistan
443263,Hayden Walsh,spin bowler,Right Wrist Spin,ON_THE_STUMPS,GOOD_LENGTH,104,148,18,4.22,8.22,5.78,West Indies
272450,Mitchell Marsh,pace bowler,Right Medium,OUTSIDE_OFFSTUMP,SHORT_OF_A_GOOD_LENGTH,216,148,11,8.76,13.45,19.64,Australia
822553,Tushar Deshpande,pace bowler,Right Medium,OUTSIDE_OFFSTUMP,SHORT_OF_A_GOOD_LENGTH,192,148,8,7.78,18.5,24.0,India
541224,Luke Jongwe,pace bowler,Right Fast,OUTSIDE_OFFSTUMP,GOOD_LENGTH,175,147,10,7.14,14.7,17.5,Zimbabwe
439952,Chris Morris,pace bowler,Right Fast,ON_THE_STUMPS,SHORT_OF_A_GOOD_LENGTH,187,147,8,7.63,18.38,23.38,South Africa
806241,Richard Ngarava,pace bowler,Left Fast,ON_THE_STUMPS,SHORT_OF_A_GOOD_LENGTH,180,147,13,7.35,11.31,13.85,Zimbabwe
914171,Qais Ahmad,spin bowler,Right Wrist Spin,ON_THE_STUMPS,FULL,239,147,12,9.76,12.25,19.92,Afghanistan
1130463,Arshad Iqbal,pace bowler,Right Fast,OUTSIDE_OFFSTUMP,SHORT_OF_A_GOOD_LENGTH,179,147,5,7.31,29.4,35.8,Pakistan
40082,Ehsan Khan,spin bowler,Right Off Spin,OUTSIDE_OFFSTUMP,GOOD_LENGTH,139,147,13,5.67,11.31,10.69,Hong Kong
552152,Dushmantha Chameera,pace bowler,Right Fast,OUTSIDE_OFFSTUMP,FULL,268,147,9,10.94,16.33,29.78,Sri Lanka
570854,Jack Wildermuth,pace bowler,Right Fast,OUTSIDE_OFFSTUMP,SHORT_OF_A_GOOD_LENGTH,148,146,4,6.08,36.5,37.0,Australia
527663,Jagadeesha Suchith,spin bowler,Left Off Spin,ON_THE_STUMPS,GOOD_LENGTH,208,146,9,8.55,16.22,23.11,India
605683,Migael Pretorius,pace bowler,Right Fast,OUTSIDE_OFFSTUMP,GOOD_LENGTH,207,146,5,8.51,29.2,41.4,South Africa
489889,Pat Cummins,pace bowler,Right Fast,OUTSIDE_OFFSTUMP,FULL,262,146,7,10.77,20.86,37.43,Australia
493773,Lockie Ferguson,pace bowler,Right Fast,ON_THE_STUMPS,SHORT_OF_A_GOOD_LENGTH,178,146,7,7.32,20.86,25.43,New Zealand
974175,Fazalhaq Farooqi,pace bowler,Left Fast,ON_THE_STUMPS,GOOD_LENGTH,122,146,11,5.01,13.27,11.09,Afghanistan
10582,Ravi Bopara,pace bowler,Right Medium,OUTSIDE_OFFSTUMP,GOOD_LENGTH,138,146,12,5.67,12.17,11.5,England
802575,T Natarajan,pace bowler,Left Medium,OUTSIDE_OFFSTUMP,GOOD_LENGTH,166,146,12,6.82,12.17,13.83,India
7069,Steve O'Keefe,spin bowler,Left Off Spin,OUTSIDE_OFFSTUMP,FULL,174,146,11,7.15,13.27,15.82,Australia
906783,Obed McCoy,pace bowler,Left Fast,ON_THE_STUMPS,FULL,285,146,16,11.71,9.12,17.81,West Indies
600498,Aiden Markram,spin bowler,Right Off Spin,OUTSIDE_OFFSTUMP,GOOD_LENGTH,133,145,7,5.5,20.71,19.0,South Africa
280490,JJ Smuts,spin bowler,Left Off Spin,ON_THE_STUMPS,GOOD_LENGTH,177,145,8,7.32,18.12,22.12,South Africa
51439,Dwayne Bravo,pace bowler,Right Medium,ON_THE_STUMPS,YORKER,114,145,13,4.72,11.15,8.77,West Indies
277955,Dhawal Kulkarni,pace bowler,Right Medium,OUTSIDE_OFFSTUMP,SHORT_OF_A_GOOD_LENGTH,171,145,7,7.08,20.71,24.43,India
348056,Kyle Mayers,pace bowler,Right Medium,OUTSIDE_OFFSTUMP,GOOD_LENGTH,130,145,6,5.38,24.17,21.67,West Indies
1076722,Will Sutherland,pace bowler,Right Fast,OUTSIDE_OFFSTUMP,GOOD_LENGTH,156,145,4,6.46,36.25,39.0,Australia
511532,Al-Amin Hossain,pace bowler,Right Fast,OUTSIDE_OFFSTUMP,SHORT_OF_A_GOOD_LENGTH,155,145,10,6.41,14.5,15.5,Bangladesh
465793,Dhananjaya de Silva,spin bowler,Right Off Spin,ON_THE_STUMPS,GOOD_LENGTH,181,145,7,7.49,20.71,25.86,Sri Lanka
443263,Hayden Walsh,spin bowler,Right Wrist Spin,OUTSIDE_OFFSTUMP,SHORT_OF_A_GOOD_LENGTH,162,144,3,6.75,48.0,54.0,West Indies
450860,Adam Milne,pace bowler,Right Fast,ON_THE_STUMPS,GOOD_LENGTH,175,144,19,7.29,7.58,9.21,New Zealand
290948,Mohammad Amir,pace bowler,Left Fast,DOWN_LEG,SHORT_OF_A_GOOD_LENGTH,184,144,4,7.67,36.0,46.0,Pakistan
793463,Rashid Khan,spin bowler,Right Wrist Spin,DOWN_LEG,GOOD_LENGTH,161,144,5,6.71,28.8,32.2,Afghanistan
590326,Mitchell Swepson,spin bowler,Right Wrist Spin,ON_THE_STUMPS,FULL,217,144,6,9.04,24.0,36.17,Australia
681305,Hasan Ali,pace bowler,Right Fast,ON_THE_STUMPS,SHORT_OF_A_GOOD_LENGTH,209,144,9,8.71,16.0,23.22,Pakistan
215152,Jackson Bird,pace bowler,Right Fast,OUTSIDE_OFFSTUMP,SHORT_OF_A_GOOD_LENGTH,123,143,6,5.16,23.83,20.5,Australia
56025,Mahmudullah,spin bowler,Right Off Spin,ON_THE_STUMPS,GOOD_LENGTH,131,143,10,5.5,14.3,13.1,Bangladesh
697279,Usman Shinwari,pace bowler,Left Fast,OUTSIDE_OFFSTUMP,SHORT_OF_A_GOOD_LENGTH,191,143,10,8.01,14.3,19.1,Pakistan
43265,Sohail Tanvir,pace bowler,Left Fast,OUTSIDE_OFFSTUMP,FULL,226,143,5,9.48,28.6,45.2,Pakistan
348109,Paul van Meekeren,pace bowler,Right Fast,OUTSIDE_OFFSTUMP,GOOD_LENGTH,161,143,10,6.76,14.3,16.1,Netherlands
677081,Keemo Paul,pace bowler,Right Fast,ON_THE_STUMPS,GOOD_LENGTH,185,143,4,7.76,35.75,46.25,West Indies
47492,Dale Steyn,pace bowler,Right Fast,OUTSIDE_OFFSTUMP,GOOD_LENGTH,182,143,5,7.64,28.6,36.4,South Africa
55346,Graeme Cremer,spin bowler,Right Wrist Spin,ON_THE_STUMPS,GOOD_LENGTH,137,143,11,5.75,13.0,12.45,Zimbabwe
481896,Mohammed Shami,pace bowler,Right Fast,OUTSIDE_OFFSTUMP,SHORT,258,143,15,10.83,9.53,17.2,India
326017,Siddarth Kaul,pace bowler,Right Medium,OUTSIDE_OFFSTUMP,FULL,225,143,12,9.44,11.92,18.75,India
51784,Rayad Emrit,pace bowler,Right Fast,OUTSIDE_OFFSTUMP,FULL,231,143,5,9.69,28.6,46.2,West Indies
1185538,Mohammad Wasim,pace bowler,Right Fast,ON_THE_STUMPS,SHORT_OF_A_GOOD_LENGTH,197,143,5,8.27,28.6,39.4,Pakistan
311592,Mitchell Starc,pace bowler,Left Fast,ON_THE_STUMPS,FULL,218,143,15,9.15,9.53,14.53,Australia
629063,Mehidy Hasan Miraz,spin bowler,Right Off Spin,ON_THE_STUMPS,FULL,183,142,8,7.73,17.75,22.88,Bangladesh
221140,David Wiese,pace bowler,Right Fast,ON_THE_STUMPS,FULL,227,142,11,9.59,12.91,20.64,Namibia
1203754,Junaid Siddique,pace bowler,Right Fast,OUTSIDE_OFFSTUMP,SHORT_OF_A_GOOD_LENGTH,174,142,5,7.35,28.4,34.8,United Arab Emirates
7069,Steve O'Keefe,spin bowler,Left Off Spin,ON_THE_STUMPS,FULL,162,142,6,6.85,23.67,27.0,Australia
1072470,Shaheen Shah Afridi,pace bowler,Left Fast,ON_THE_STUMPS,YORKER,75,142,35,3.17,4.06,2.14,Pakistan
402245,Amir Hamza,spin bowler,Left Off Spin,OUTSIDE_OFFSTUMP,GOOD_LENGTH,155,141,5,6.6,28.2,31.0,Afghanistan
901157,Arjun Nair,spin bowler,Right Off Spin,OUTSIDE_OFFSTUMP,GOOD_LENGTH,146,141,10,6.21,14.1,14.6,Australia
355269,James Neesham,pace bowler,Right Fast,OUTSIDE_OFFSTUMP,FULL,216,141,5,9.19,28.2,43.2,New Zealand
927119,Ali Khan,pace bowler,Right Fast,OUTSIDE_OFFSTUMP,FULL,208,141,4,8.85,35.25,52.0,United States of America
712219,Zahir Khan,spin bowler,Left Wrist Spin,OUTSIDE_OFFSTUMP,FULL,158,141,6,6.72,23.5,26.33,Afghanistan
370040,Jeffrey Vandersay,spin bowler,Right Wrist Spin,ON_THE_STUMPS,GOOD_LENGTH,119,141,6,5.06,23.5,19.83,Sri Lanka
328026,Isuru Udana,pace bowler,Left Fast,OUTSIDE_OFFSTUMP,SHORT_OF_A_GOOD_LENGTH,177,141,10,7.53,14.1,17.7,Sri Lanka
1182529,Noor Ahmad,spin bowler,Left Wrist Spin,OUTSIDE_OFFSTUMP,FULL,181,141,6,7.7,23.5,30.17,Afghanistan
481979,Anrich Nortje,pace bowler,Right Fast,ON_THE_STUMPS,FULL,260,141,7,11.06,20.14,37.14,South Africa
1203995,Shahnawaz Dahani,pace bowler,Right Fast,OUTSIDE_OFFSTUMP,GOOD_LENGTH,188,141,7,8.0,20.14,26.86,Pakistan
265564,Wayne Parnell,pace bowler,Left Fast,ON_THE_STUMPS,SHORT_OF_A_GOOD_LENGTH,143,140,6,6.13,23.33,23.83,South Africa
247235,Chris Woakes,pace bowler,Right Fast,ON_THE_STUMPS,GOOD_LENGTH,140,140,5,6.0,28.0,28.0,England
1185538,Mohammad Wasim,pace bowler,Right Fast,ON_THE_STUMPS,FULL,230,140,6,9.86,23.33,38.33,Pakistan
719715,Washington Sundar,spin bowler,Right Off Spin,ON_THE_STUMPS,SHORT_OF_A_GOOD_LENGTH,165,140,9,7.07,15.56,18.33,India
1158100,Mohammad Hasnain,pace bowler,Right Fast,ON_THE_STUMPS,SHORT_OF_A_GOOD_LENGTH,191,140,10,8.19,14.0,19.1,Pakistan
697279,Usman Shinwari,pace bowler,Left Fast,ON_THE_STUMPS,GOOD_LENGTH,185,140,3,7.93,46.67,61.67,Pakistan
914567,Oshane Thomas,pace bowler,Right Fast,OUTSIDE_OFFSTUMP,FULL,245,140,7,10.5,20.0,35.0,West Indies
325012,Marcus Stoinis,pace bowler,Right Medium,OUTSIDE_OFFSTUMP,FULL,261,139,7,11.27,19.86,37.29,Australia
450860,Adam Milne,pace bowler,Right Fast,OUTSIDE_OFFSTUMP,FULL,230,139,5,9.93,27.8,46.0,New Zealand
42657,Shoaib Malik,spin bowler,Right Off Spin,ON_THE_STUMPS,FULL,146,139,6,6.3,23.17,24.33,Pakistan
311158,Ben Stokes,pace bowler,Right Fast,ON_THE_STUMPS,GOOD_LENGTH,187,139,6,8.07,23.17,31.17,England
537119,Mohit Sharma,pace bowler,Right Medium,ON_THE_STUMPS,SHORT_OF_A_GOOD_LENGTH,213,139,7,9.19,19.86,30.43,India
244639,Harry Gurney,pace bowler,Left Fast,OUTSIDE_OFFSTUMP,GOOD_LENGTH,128,139,4,5.53,34.75,32.0,England
542023,Lungi Ngidi,pace bowler,Right Fast,OUTSIDE_OFFSTUMP,FULL,237,139,12,10.23,11.58,19.75,South Africa
18632,Samit Patel,spin bowler,Left Off Spin,OUTSIDE_OFFSTUMP,FULL,141,139,6,6.09,23.17,23.5,England
481979,Anrich Nortje,pace bowler,Right Fast,OUTSIDE_OFFSTUMP,SHORT,259,139,10,11.18,13.9,25.9,South Africa
443263,Hayden Walsh,spin bowler,Right Wrist Spin,OUTSIDE_OFFSTUMP,FULL,235,139,11,10.14,12.64,21.36,West Indies
734459,Abrar Ahmed,spin bowler,Right Wrist Spin,ON_THE_STUMPS,GOOD_LENGTH,159,139,7,6.86,19.86,22.71,Pakistan
473191,Richard Gleeson,pace bowler,Right Fast,OUTSIDE_OFFSTUMP,GOOD_LENGTH,156,138,4,6.78,34.5,39.0,England
499594,Kasun Rajitha,pace bowler,Right Fast,ON_THE_STUMPS,GOOD_LENGTH,144,138,10,6.26,13.8,14.4,Sri Lanka
538506,Taskin Ahmed,pace bowler,Right Fast,ON_THE_STUMPS,FULL,201,138,11,8.74,12.55,18.27,Bangladesh
499660,Gurinder Sandhu,pace bowler,Right Fast,OUTSIDE_OFFSTUMP,SHORT_OF_A_GOOD_LENGTH,153,138,8,6.65,17.25,19.12,Australia
315623,Ben Laughlin,pace bowler,Right Fast,OUTSIDE_OFFSTUMP,SHORT_OF_A_GOOD_LENGTH,166,138,4,7.22,34.5,41.5,Australia
552152,Dushmantha Chameera,pace bowler,Right Fast,ON_THE_STUMPS,SHORT_OF_A_GOOD_LENGTH,135,138,6,5.87,23.0,22.5,Sri Lanka
56125,Shohidul Islam,pace bowler,Right Medium,OUTSIDE_OFFSTUMP,GOOD_LENGTH,191,138,8,8.3,17.25,23.88,Bangladesh
348109,Paul van Meekeren,pace bowler,Right Fast,OUTSIDE_OFFSTUMP,SHORT_OF_A_GOOD_LENGTH,128,138,5,5.57,27.6,25.6,Netherlands
927119,Ali Khan,pace bowler,Right Fast,OUTSIDE_OFFSTUMP,GOOD_LENGTH,149,137,9,6.53,15.22,16.56,United States of America
1124283,Aaron Hardie,pace bowler,Right Fast,OUTSIDE_OFFSTUMP,GOOD_LENGTH,148,137,9,6.48,15.22,16.44,Australia
1158538,Abbas Afridi,pace bowler,Right Fast,OUTSIDE_OFFSTUMP,SHORT_OF_A_GOOD_LENGTH,210,137,5,9.2,27.4,42.0,Pakistan
1005257,Simi Singh,spin bowler,Right Off Spin,OUTSIDE_OFFSTUMP,GOOD_LENGTH,132,137,7,5.78,19.57,18.86,Ireland
29264,Harbhajan Singh,spin bowler,Right Off Spin,OUTSIDE_OFFSTUMP,FULL,203,137,4,8.89,34.25,50.75,India
827051,Blessing Muzarabani,pace bowler,Right Fast,ON_THE_STUMPS,GOOD_LENGTH,131,136,7,5.78,19.43,18.71,Zimbabwe
398666,Sean Abbott,pace bowler,Right Fast,ON_THE_STUMPS,FULL,230,136,8,10.15,17.0,28.75,Australia
530773,Pawan Negi,spin bowler,Left Off Spin,ON_THE_STUMPS,GOOD_LENGTH,155,136,6,6.84,22.67,25.83,India
465793,Dhananjaya de Silva,spin bowler,Right Off Spin,OUTSIDE_OFFSTUMP,GOOD_LENGTH,113,136,12,4.99,11.33,9.42,Sri Lanka
49764,Angelo Mathews,pace bowler,Right Medium,ON_THE_STUMPS,GOOD_LENGTH,127,136,8,5.6,17.0,15.88,Sri Lanka
1272475,Zaman Khan,pace bowler,Right Fast,OUTSIDE_OFFSTUMP,GOOD_LENGTH,185,136,4,8.16,34.0,46.25,Pakistan
461632,Reece Topley,pace bowler,Left Fast,OUTSIDE_OFFSTUMP,SHORT_OF_A_GOOD_LENGTH,148,136,11,6.53,12.36,13.45,England
1079848,Shivam Mavi,pace bowler,Right Fast,OUTSIDE_OFFSTUMP,SHORT_OF_A_GOOD_LENGTH,164,136,6,7.24,22.67,27.33,India
1123718,Spencer Johnson,pace bowler,Left Fast,ON_THE_STUMPS,SHORT_OF_A_GOOD_LENGTH,164,136,10,7.24,13.6,16.4,Australia
935995,Afif Hossain,spin bowler,Right Off Spin,OUTSIDE_OFFSTUMP,GOOD_LENGTH,170,135,6,7.56,22.5,28.33,Bangladesh
625383,Jasprit Bumrah,pace bowler,Right Fast,OUTSIDE_OFFSTUMP,FULL_TOSS,199,135,6,8.84,22.5,33.17,India
1158088,Naseem Shah,pace bowler,Right Fast,ON_THE_STUMPS,SHORT_OF_A_GOOD_LENGTH,161,135,7,7.16,19.29,23.0,Pakistan
784379,Wanindu Hasaranga,spin bowler,Right Wrist Spin,ON_THE_STUMPS,GOOD_LENGTH,128,135,10,5.69,13.5,12.8,Sri Lanka
802575,T Natarajan,pace bowler,Left Medium,OUTSIDE_OFFSTUMP,SHORT_OF_A_GOOD_LENGTH,164,135,6,7.29,22.5,27.33,India
461632,Reece Topley,pace bowler,Left Fast,OUTSIDE_OFFSTUMP,FULL,252,135,4,11.2,33.75,63.0,England
261354,Nathan Coulter-Nile,pace bowler,Right Fast,OUTSIDE_OFFSTUMP,FULL,208,135,8,9.24,16.88,26.0,Australia
272477,Jason Behrendorff,pace bowler,Left Fast,OUTSIDE_OFFSTUMP,FULL,223,135,11,9.91,12.27,20.27,Australia
326017,Siddarth Kaul,pace bowler,Right Medium,ON_THE_STUMPS,GOOD_LENGTH,149,135,8,6.62,16.88,18.62,India
1185538,Mohammad Wasim,pace bowler,Right Fast,OUTSIDE_OFFSTUMP,FULL,252,135,8,11.2,16.88,31.5,Pakistan
272262,Kane Richardson,pace bowler,Right Fast,ON_THE_STUMPS,FULL,214,135,7,9.51,19.29,30.57,Australia
573170,Luke Wood,pace bowler,Left Fast,OUTSIDE_OFFSTUMP,SHORT_OF_A_GOOD_LENGTH,193,134,6,8.64,22.33,32.17,England
926629,Hasan Mahmud,pace bowler,Right Medium,OUTSIDE_OFFSTUMP,SHORT_OF_A_GOOD_LENGTH,173,134,7,7.75,19.14,24.71,Bangladesh
19264,Liam Plunkett,pace bowler,Right Fast,ON_THE_STUMPS,GOOD_LENGTH,206,134,7,9.22,19.14,29.43,United States of America
311158,Ben Stokes,pace bowler,Right Fast,OUTSIDE_OFFSTUMP,FULL,200,134,2,8.96,67.0,100.0,England
781705,Salman Irshad,pace bowler,Right Fast,OUTSIDE_OFFSTUMP,GOOD_LENGTH,192,134,6,8.6,22.33,32.0,Pakistan
401057,Taijul Islam,spin bowler,Left Off Spin,ON_THE_STUMPS,GOOD_LENGTH,136,134,2,6.09,67.0,68.0,Bangladesh
56125,Shohidul Islam,pace bowler,Right Medium,OUTSIDE_OFFSTUMP,SHORT_OF_A_GOOD_LENGTH,136,134,9,6.09,14.89,15.11,Bangladesh
1158088,Naseem Shah,pace bowler,Right Fast,OUTSIDE_OFFSTUMP,FULL,195,134,5,8.73,26.8,39.0,Pakistan
5681,Brad Hogg,spin bowler,Left Wrist Spin,ON_THE_STUMPS,GOOD_LENGTH,129,133,10,5.82,13.3,12.9,Australia
31872,Shahbaz Nadeem,spin bowler,Left Off Spin,OUTSIDE_OFFSTUMP,GOOD_LENGTH,171,133,7,7.71,19.0,24.43,India
325026,Glenn Maxwell,spin bowler,Right Off Spin,ON_THE_STUMPS,SHORT_OF_A_GOOD_LENGTH,182,133,6,8.21,22.17,30.33,Australia
290948,Mohammad Amir,pace bowler,Left Fast,DOWN_LEG,GOOD_LENGTH,161,133,6,7.26,22.17,26.83,Pakistan
1089962,Patrick Dooley,spin bowler,Left Wrist Spin,OUTSIDE_OFFSTUMP,GOOD_LENGTH,109,133,7,4.92,19.0,15.57,Australia
211855,Liam Dawson,spin bowler,Left Off Spin,ON_THE_STUMPS,FULL,179,133,6,8.08,22.17,29.83,England
494581,Rahkeem Cornwall,spin bowler,Right Off Spin,OUTSIDE_OFFSTUMP,GOOD_LENGTH,134,133,5,6.05,26.6,26.8,West Indies
270484,James Faulkner,pace bowler,Left Fast,ON_THE_STUMPS,FULL,205,133,17,9.25,7.82,12.06,Australia
440522,Logan van Beek,pace bowler,Right Fast,OUTSIDE_OFFSTUMP,GOOD_LENGTH,156,133,5,7.04,26.6,31.2,Netherlands
52912,Ravi Rampaul,pace bowler,Right Fast,OUTSIDE_OFFSTUMP,SHORT_OF_A_GOOD_LENGTH,138,133,8,6.23,16.62,17.25,West Indies
272450,Mitchell Marsh,pace bowler,Right Medium,ON_THE_STUMPS,GOOD_LENGTH,166,133,3,7.49,44.33,55.33,Australia
1209190,Matthew Forde,pace bowler,Right Medium,OUTSIDE_OFFSTUMP,GOOD_LENGTH,100,133,10,4.51,13.3,10.0,West Indies
46538,Morne Morkel,pace bowler,Right Fast,OUTSIDE_OFFSTUMP,GOOD_LENGTH,148,133,6,6.68,22.17,24.67,South Africa
51439,Dwayne Bravo,pace bowler,Right Medium,OUTSIDE_OFFSTUMP,YORKER,110,133,4,4.96,33.25,27.5,West Indies
481875,George Linde,spin bowler,Left Off Spin,ON_THE_STUMPS,FULL,169,132,4,7.68,33.0,42.25,South Africa
1158538,Abbas Afridi,pace bowler,Right Fast,OUTSIDE_OFFSTUMP,GOOD_LENGTH,149,132,11,6.77,12.0,13.55,Pakistan
8180,Shane Watson,pace bowler,Right Fast,OUTSIDE_OFFSTUMP,FULL,204,132,5,9.27,26.4,40.8,Australia
288284,Josh Hazlewood,pace bowler,Right Fast,OUTSIDE_OFFSTUMP,FULL,214,132,7,9.73,18.86,30.57,Australia
1163855,Hayden Kerr,pace bowler,Left Fast,ON_THE_STUMPS,GOOD_LENGTH,160,132,5,7.27,26.4,32.0,Australia
955235,Nuwan Thushara,pace bowler,Right Fast,OUTSIDE_OFFSTUMP,GOOD_LENGTH,178,132,6,8.09,22.0,29.67,Sri Lanka
550235,Tom Curran,pace bowler,Right Fast,ON_THE_STUMPS,SHORT_OF_A_GOOD_LENGTH,197,132,6,8.95,22.0,32.83,England
348059,Barry McCarthy,pace bowler,Right Fast,OUTSIDE_OFFSTUMP,GOOD_LENGTH,143,132,6,6.5,22.0,23.83,Ireland
43685,Yasir Shah,spin bowler,Right Wrist Spin,OUTSIDE_OFFSTUMP,GOOD_LENGTH,153,132,6,6.95,22.0,25.5,Pakistan
784375,Lahiru Kumara,pace bowler,Right Fast,OUTSIDE_OFFSTUMP,GOOD_LENGTH,134,132,15,6.09,8.8,8.93,Sri Lanka
390484,Jaydev Unadkat,pace bowler,Left Medium,OUTSIDE_OFFSTUMP,FULL,237,132,9,10.77,14.67,26.33,India
447587,Jayant Yadav,spin bowler,Right Off Spin,OUTSIDE_OFFSTUMP,GOOD_LENGTH,118,132,2,5.36,66.0,59.0,India
1050545,Xavier Bartlett,pace bowler,Right Fast,OUTSIDE_OFFSTUMP,GOOD_LENGTH,148,132,5,6.73,26.4,29.6,Australia
595921,Curtis Campher,pace bowler,Right Fast,OUTSIDE_OFFSTUMP,GOOD_LENGTH,148,131,10,6.78,13.1,14.8,Ireland
1209292,Vaibhav Arora,pace bowler,Right Fast,OUTSIDE_OFFSTUMP,GOOD_LENGTH,166,131,4,7.6,32.75,41.5,India
447261,Deepak Chahar,pace bowler,Right Medium,OUTSIDE_OFFSTUMP,SHORT,245,131,6,11.22,21.83,40.83,India
1158088,Naseem Shah,pace bowler,Right Fast,ON_THE_STUMPS,FULL,185,131,10,8.47,13.1,18.5,Pakistan
348034,George Dockrell,spin bowler,Left Off Spin,OUTSIDE_OFFSTUMP,GOOD_LENGTH,144,130,4,6.65,32.5,36.0,Ireland
629063,Mehidy Hasan Miraz,spin bowler,Right Off Spin,OUTSIDE_OFFSTUMP,FULL,201,130,6,9.28,21.67,33.5,Bangladesh
274921,Veerasammy Permaul,spin bowler,Left Off Spin,OUTSIDE_OFFSTUMP,GOOD_LENGTH,144,130,3,6.65,43.33,48.0,West Indies
272477,Jason Behrendorff,pace bowler,Left Fast,ON_THE_STUMPS,FULL,187,130,9,8.63,14.44,20.78,Australia
272385,Josh Lalor,pace bowler,Left Fast,ON_THE_STUMPS,GOOD_LENGTH,138,130,12,6.37,10.83,11.5,Australia
489889,Pat Cummins,pace bowler,Right Fast,ON_THE_STUMPS,FULL,187,130,10,8.63,13.0,18.7,Australia
51439,Dwayne Bravo,pace bowler,Right Medium,OUTSIDE_OFFSTUMP,SHORT,212,130,8,9.78,16.25,26.5,West Indies
906749,Dominic Drakes,pace bowler,Left Fast,OUTSIDE_OFFSTUMP,GOOD_LENGTH,161,130,7,7.43,18.57,23.0,West Indies
40618,Imran Tahir,spin bowler,Right Wrist Spin,WIDE_OUTSIDE_OFFSTUMP,FULL,294,130,12,13.57,10.83,24.5,South Africa
573170,Luke Wood,pace bowler,Left Fast,OUTSIDE_OFFSTUMP,FULL,238,130,5,10.98,26.0,47.6,England
5961,Moises Henriques,pace bowler,Right Fast,OUTSIDE_OFFSTUMP,SHORT_OF_A_GOOD_LENGTH,166,130,6,7.66,21.67,27.67,Australia
955235,Nuwan Thushara,pace bowler,Right Fast,ON_THE_STUMPS,FULL,193,129,11,8.98,11.73,17.55,Sri Lanka
550215,Kagiso Rabada,pace bowler,Right Fast,ON_THE_STUMPS,SHORT,238,129,14,11.07,9.21,17.0,South Africa
1065115,Benjamin Manenti,spin bowler,Right Off Spin,ON_THE_STUMPS,GOOD_LENGTH,180,129,7,8.37,18.43,25.71,Italy
590326,Mitchell Swepson,spin bowler,Right Wrist Spin,OUTSIDE_OFFSTUMP,FULL,202,129,8,9.4,16.12,25.25,Australia
51439,Dwayne Bravo,pace bowler,Right Medium,WIDE_OUTSIDE_OFFSTUMP,GOOD_LENGTH,195,129,12,9.07,10.75,16.25,West Indies
506612,Matt Henry,pace bowler,Right Fast,OUTSIDE_OFFSTUMP,GOOD_LENGTH,105,128,8,4.92,16.0,13.12,New Zealand
530773,Pawan Negi,spin bowler,Left Off Spin,OUTSIDE_OFFSTUMP,GOOD_LENGTH,130,128,9,6.09,14.22,14.44,India
379145,Tabraiz Shamsi,spin bowler,Left Wrist Spin,OUTSIDE_OFFSTUMP,SHORT_OF_A_GOOD_LENGTH,151,128,2,7.08,64.0,75.5,South Africa
647667,Usama Mir,spin bowler,Right Wrist Spin,OUTSIDE_OFFSTUMP,FULL,202,128,4,9.47,32.0,50.5,Pakistan
716733,Khushdil Shah,spin bowler,Left Off Spin,ON_THE_STUMPS,GOOD_LENGTH,132,128,8,6.19,16.0,16.5,Pakistan
345825,Chaturanga de Silva,spin bowler,Left Off Spin,OUTSIDE_OFFSTUMP,GOOD_LENGTH,104,128,4,4.88,32.0,26.0,Sri Lanka
1050545,Xavier Bartlett,pace bowler,Right Fast,ON_THE_STUMPS,GOOD_LENGTH,167,128,8,7.83,16.0,20.88,Australia
696401,Marco Jansen,pace bowler,Left Fast,OUTSIDE_OFFSTUMP,GOOD_LENGTH,160,128,6,7.5,21.33,26.67,South Africa
475281,Shardul Thakur,pace bowler,Right Medium,ON_THE_STUMPS,FULL,233,128,11,10.92,11.64,21.18,India
236779,Ishant Sharma,pace bowler,Right Fast,ON_THE_STUMPS,GOOD_LENGTH,191,128,7,8.95,18.29,27.29,India
379145,Tabraiz Shamsi,spin bowler,Left Wrist Spin,DOWN_LEG,GOOD_LENGTH,183,128,10,8.58,12.8,18.3,South Africa
638912,Matthew Kelly,pace bowler,Right Fast,OUTSIDE_OFFSTUMP,GOOD_LENGTH,144,128,7,6.75,18.29,20.57,Australia
364343,Craig Young,pace bowler,Right Fast,OUTSIDE_OFFSTUMP,GOOD_LENGTH,122,128,8,5.72,16.0,15.25,Ireland
384525,Zahoor Khan,pace bowler,Right Fast,OUTSIDE_OFFSTUMP,GOOD_LENGTH,127,128,4,5.95,32.0,31.75,United Arab Emirates
669855,Jofra Archer,pace bowler,Right Fast,ON_THE_STUMPS,FULL,195,128,13,9.14,9.85,15.0,England
542023,Lungi Ngidi,pace bowler,Right Fast,ON_THE_STUMPS,GOOD_LENGTH,187,128,6,8.77,21.33,31.17,South Africa
272279,Nathan Lyon,spin bowler,Right Off Spin,OUTSIDE_OFFSTUMP,GOOD_LENGTH,180,128,5,8.44,25.6,36.0,Australia
581160,Khary Pierre,spin bowler,Left Off Spin,ON_THE_STUMPS,FULL,149,128,10,6.98,12.8,14.9,West Indies
41324,Mohammad Sami,pace bowler,Right Fast,OUTSIDE_OFFSTUMP,SHORT_OF_A_GOOD_LENGTH,177,128,3,8.3,42.67,59.0,Pakistan
19264,Liam Plunkett,pace bowler,Right Fast,OUTSIDE_OFFSTUMP,SHORT_OF_A_GOOD_LENGTH,112,127,7,5.29,18.14,16.0,United States of America
937953,Bilal Khan,pace bowler,Left Fast,OUTSIDE_OFFSTUMP,GOOD_LENGTH,113,127,3,5.34,42.33,37.67,Oman
1163855,Hayden Kerr,pace bowler,Left Fast,OUTSIDE_OFFSTUMP,GOOD_LENGTH,126,127,10,5.95,12.7,12.6,Australia
211748,Benny Howell,pace bowler,Right Medium,OUTSIDE_OFFSTUMP,SHORT_OF_A_GOOD_LENGTH,192,127,4,9.07,31.75,48.0,England
325012,Marcus Stoinis,pace bowler,Right Medium,OUTSIDE_OFFSTUMP,SHORT,257,127,8,12.14,15.88,32.12,Australia
493773,Lockie Ferguson,pace bowler,Right Fast,OUTSIDE_OFFSTUMP,SHORT,221,127,11,10.44,11.55,20.09,New Zealand
300618,Nasir Hossain,spin bowler,Right Off Spin,OUTSIDE_OFFSTUMP,GOOD_LENGTH,135,127,8,6.38,15.88,16.88,Bangladesh
961713,Riley Meredith,pace bowler,Right Fast,OUTSIDE_OFFSTUMP,SHORT,215,127,10,10.16,12.7,21.5,Australia
1076713,Cameron Green,pace bowler,Right Fast,OUTSIDE_OFFSTUMP,SHORT_OF_A_GOOD_LENGTH,145,127,6,6.85,21.17,24.17,Australia
1138316,Maheesh Theekshana,spin bowler,Right Off Spin,ON_THE_STUMPS,SHORT_OF_A_GOOD_LENGTH,147,127,2,6.94,63.5,73.5,Sri Lanka
1137279,Jonathan Cook,spin bowler,Right Wrist Spin,OUTSIDE_OFFSTUMP,GOOD_LENGTH,155,127,7,7.32,18.14,22.14,Australia
1328735,Yasin Patel,spin bowler,Left Off Spin,OUTSIDE_OFFSTUMP,GOOD_LENGTH,129,127,1,6.09,127.0,129.0,Kuwait
914567,Oshane Thomas,pace bowler,Right Fast,ON_THE_STUMPS,SHORT_OF_A_GOOD_LENGTH,146,127,8,6.9,15.88,18.25,West Indies
288992,Chris Jordan,pace bowler,Right Fast,ON_THE_STUMPS,YORKER,95,126,21,4.52,6.0,4.52,England
232491,Anwar Ali,pace bowler,Right Fast,OUTSIDE_OFFSTUMP,SHORT_OF_A_GOOD_LENGTH,157,126,7,7.48,18.0,22.43,Pakistan
439952,Chris Morris,pace bowler,Right Fast,OUTSIDE_OFFSTUMP,SHORT,241,126,5,11.48,25.2,48.2,South Africa
802575,T Natarajan,pace bowler,Left Medium,OUTSIDE_OFFSTUMP,FULL,251,126,10,11.95,12.6,25.1,India
352048,Gulbadin Naib,pace bowler,Right Fast,OUTSIDE_OFFSTUMP,GOOD_LENGTH,145,126,6,6.9,21.0,24.17,Afghanistan
230371,Ben Cutting,pace bowler,Right Fast,OUTSIDE_OFFSTUMP,FULL,201,126,7,9.57,18.0,28.71,Australia
629070,Mohammad Saifuddin,pace bowler,Right Fast,OUTSIDE_OFFSTUMP,FULL,207,126,3,9.86,42.0,69.0,Bangladesh
694211,Avesh Khan,pace bowler,Right Fast,ON_THE_STUMPS,GOOD_LENGTH,126,126,7,6.0,18.0,18.0,India
734459,Abrar Ahmed,spin bowler,Right Wrist Spin,OUTSIDE_OFFSTUMP,GOOD_LENGTH,105,126,8,5.0,15.75,13.12,Pakistan
906749,Dominic Drakes,pace bowler,Left Fast,OUTSIDE_OFFSTUMP,SHORT_OF_A_GOOD_LENGTH,141,126,4,6.71,31.5,35.25,West Indies
550137,Abu Hider,pace bowler,Left Fast,OUTSIDE_OFFSTUMP,GOOD_LENGTH,163,125,2,7.82,62.5,81.5,Bangladesh
26421,Ravichandran Ashwin,spin bowler,Right Off Spin,ON_THE_STUMPS,SHORT_OF_A_GOOD_LENGTH,186,125,2,8.93,62.5,93.0,India
450075,Kesrick Williams,pace bowler,Right Fast,ON_THE_STUMPS,FULL,221,125,11,10.61,11.36,20.09,West Indies
538506,Taskin Ahmed,pace bowler,Right Fast,ON_THE_STUMPS,SHORT_OF_A_GOOD_LENGTH,130,125,9,6.24,13.89,14.44,Bangladesh
49758,Lasith Malinga,pace bowler,Right Fast,OUTSIDE_OFFSTUMP,SHORT_OF_A_GOOD_LENGTH,168,125,7,8.06,17.86,24.0,Sri Lanka
595783,Ajaz Patel,spin bowler,Left Off Spin,ON_THE_STUMPS,GOOD_LENGTH,128,125,8,6.14,15.62,16.0,New Zealand
328026,Isuru Udana,pace bowler,Left Fast,ON_THE_STUMPS,SHORT_OF_A_GOOD_LENGTH,159,125,4,7.63,31.25,39.75,Sri Lanka
820691,Odean Smith,pace bowler,Right Fast,OUTSIDE_OFFSTUMP,SHORT,276,124,7,13.35,17.71,39.43,West Indies
461632,Reece Topley,pace bowler,Left Fast,ON_THE_STUMPS,SHORT_OF_A_GOOD_LENGTH,186,124,6,9.0,20.67,31.0,England
315594,Ashley Nurse,spin bowler,Right Off Spin,OUTSIDE_OFFSTUMP,GOOD_LENGTH,127,124,3,6.15,41.33,42.33,West Indies
1203754,Junaid Siddique,pace bowler,Right Fast,OUTSIDE_OFFSTUMP,GOOD_LENGTH,118,124,9,5.71,13.78,13.11,United Arab Emirates
1108375,Varun Chakravarthy,spin bowler,Right Wrist Spin,ON_THE_STUMPS,FULL,180,124,11,8.71,11.27,16.36,India
719715,Washington Sundar,spin bowler,Right Off Spin,ON_THE_STUMPS,FULL,172,124,5,8.32,24.8,34.4,India
41434,Mohammad Hafeez,spin bowler,Right Off Spin,ON_THE_STUMPS,FULL,166,124,7,8.03,17.71,23.71,Pakistan
398666,Sean Abbott,pace bowler,Right Fast,OUTSIDE_OFFSTUMP,FULL,199,124,5,9.63,24.8,39.8,Australia
974175,Fazalhaq Farooqi,pace bowler,Left Fast,ON_THE_STUMPS,SHORT_OF_A_GOOD_LENGTH,155,124,4,7.5,31.0,38.75,Afghanistan
926851,Mukesh Kumar,pace bowler,Right Medium,OUTSIDE_OFFSTUMP,SHORT_OF_A_GOOD_LENGTH,167,124,8,8.08,15.5,20.88,India
330902,Mustafizur Rahman,pace bowler,Left Fast,OUTSIDE_OFFSTUMP,FULL_TOSS,173,124,2,8.37,62.0,86.5,Bangladesh
430246,Yuzvendra Chahal,spin bowler,Right Wrist Spin,WIDE_OUTSIDE_OFFSTUMP,FULL,248,124,18,12.0,6.89,13.78,India
559235,Kuldeep Yadav,spin bowler,Left Wrist Spin,OUTSIDE_OFFSTUMP,SHORT_OF_A_GOOD_LENGTH,132,124,6,6.39,20.67,22.0,India
1076721,Lloyd Pope,spin bowler,Right Wrist Spin,OUTSIDE_OFFSTUMP,GOOD_LENGTH,169,124,8,8.18,15.5,21.12,Australia
265564,Wayne Parnell,pace bowler,Left Fast,OUTSIDE_OFFSTUMP,FULL,244,124,10,11.81,12.4,24.4,South Africa
324358,Nuwan Pradeep,pace bowler,Right Fast,OUTSIDE_OFFSTUMP,GOOD_LENGTH,116,124,13,5.61,9.54,8.92,Sri Lanka
550235,Tom Curran,pace bowler,Right Fast,ON_THE_STUMPS,FULL,201,124,14,9.73,8.86,14.36,England
505120,Ashton Agar,spin bowler,Left Off Spin,ON_THE_STUMPS,SHORT_OF_A_GOOD_LENGTH,165,124,5,7.98,24.8,33.0,Australia
1152427,Dunith Wellalage,spin bowler,Left Off Spin,OUTSIDE_OFFSTUMP,GOOD_LENGTH,115,123,10,5.61,12.3,11.5,Sri Lanka
698343,Eathan Bosch,pace bowler,Right Fast,OUTSIDE_OFFSTUMP,GOOD_LENGTH,119,123,5,5.8,24.6,23.8,South Africa
806241,Richard Ngarava,pace bowler,Left Fast,OUTSIDE_OFFSTUMP,GOOD_LENGTH,121,123,5,5.9,24.6,24.2,Zimbabwe
4864,Dan Christian,pace bowler,Right Fast,ON_THE_STUMPS,FULL,173,123,8,8.44,15.38,21.62,Australia
47492,Dale Steyn,pace bowler,Right Fast,OUTSIDE_OFFSTUMP,SHORT_OF_A_GOOD_LENGTH,169,123,5,8.24,24.6,33.8,South Africa
595921,Curtis Campher,pace bowler,Right Fast,OUTSIDE_OFFSTUMP,SHORT_OF_A_GOOD_LENGTH,156,123,1,7.61,123.0,156.0,Ireland
959833,Wes Agar,pace bowler,Right Fast,ON_THE_STUMPS,GOOD_LENGTH,210,123,7,10.24,17.57,30.0,Australia
955235,Nuwan Thushara,pace bowler,Right Fast,ON_THE_STUMPS,GOOD_LENGTH,112,123,12,5.46,10.25,9.33,Sri Lanka
376116,Umesh Yadav,pace bowler,Right Fast,ON_THE_STUMPS,FULL,263,123,6,12.83,20.5,43.83,India
926629,Hasan Mahmud,pace bowler,Right Medium,OUTSIDE_OFFSTUMP,GOOD_LENGTH,135,123,4,6.59,30.75,33.75,Bangladesh
1099379,Gareth Delany,spin bowler,Right Wrist Spin,ON_THE_STUMPS,GOOD_LENGTH,115,123,3,5.61,41.0,38.33,Ireland
942645,Khaleel Ahmed,pace bowler,Left Medium,OUTSIDE_OFFSTUMP,FULL,192,123,11,9.37,11.18,17.45,India
446548,Scott Boland,pace bowler,Right Fast,ON_THE_STUMPS,GOOD_LENGTH,166,122,9,8.16,13.56,18.44,Australia
1158100,Mohammad Hasnain,pace bowler,Right Fast,OUTSIDE_OFFSTUMP,FULL,218,122,4,10.72,30.5,54.5,Pakistan
391832,Roston Chase,spin bowler,Right Off Spin,OUTSIDE_OFFSTUMP,FULL,198,122,8,9.74,15.25,24.75,West Indies
547766,Jacob Duffy,pace bowler,Right Fast,OUTSIDE_OFFSTUMP,GOOD_LENGTH,111,122,9,5.46,13.56,12.33,New Zealand
288992,Chris Jordan,pace bowler,Right Fast,OUTSIDE_OFFSTUMP,FULL_TOSS,204,122,5,10.03,24.4,40.8,England
364343,Craig Young,pace bowler,Right Fast,OUTSIDE_OFFSTUMP,SHORT_OF_A_GOOD_LENGTH,147,122,4,7.23,30.5,36.75,Ireland
51433,Samuel Badree,spin bowler,Right Wrist Spin,OUTSIDE_OFFSTUMP,FULL,211,122,3,10.38,40.67,70.33,West Indies
5961,Moises Henriques,pace bowler,Right Fast,ON_THE_STUMPS,GOOD_LENGTH,151,121,3,7.49,40.33,50.33,Australia
1124283,Aaron Hardie,pace bowler,Right Fast,OUTSIDE_OFFSTUMP,SHORT_OF_A_GOOD_LENGTH,165,121,3,8.18,40.33,55.0,Australia
679567,Ben Dwarshuis,pace bowler,Left Fast,ON_THE_STUMPS,FULL,213,121,6,10.56,20.17,35.5,Australia
32966,Piyush Chawla,spin bowler,Right Wrist Spin,ON_THE_STUMPS,SHORT_OF_A_GOOD_LENGTH,161,121,4,7.98,30.25,40.25,India
290948,Mohammad Amir,pace bowler,Left Fast,DOWN_LEG,SHORT,207,121,10,10.26,12.1,20.7,Pakistan
232491,Anwar Ali,pace bowler,Right Fast,ON_THE_STUMPS,GOOD_LENGTH,161,121,8,7.98,15.12,20.12,Pakistan
345825,Chaturanga de Silva,spin bowler,Left Off Spin,ON_THE_STUMPS,GOOD_LENGTH,138,121,7,6.84,17.29,19.71,Sri Lanka
1108490,Waqar Salamkheil,spin bowler,Left Wrist Spin,ON_THE_STUMPS,GOOD_LENGTH,105,121,14,5.21,8.64,7.5,Afghanistan
430246,Yuzvendra Chahal,spin bowler,Right Wrist Spin,DOWN_LEG,FULL,203,121,4,10.07,30.25,50.75,India
380956,Michael Rippon,spin bowler,Left Wrist Spin,ON_THE_STUMPS,GOOD_LENGTH,162,121,4,8.03,30.25,40.5,New Zealand
932665,Tanvir Islam,spin bowler,Left Off Spin,OUTSIDE_OFFSTUMP,SHORT_OF_A_GOOD_LENGTH,119,121,5,5.9,24.2,23.8,Bangladesh
326016,Bhuvneshwar Kumar,pace bowler,Right Medium,WIDE_OUTSIDE_OFFSTUMP,GOOD_LENGTH,179,121,8,8.88,15.12,22.38,India
802575,T Natarajan,pace bowler,Left Medium,ON_THE_STUMPS,FULL,198,120,5,9.9,24.0,39.6,India
581160,Khary Pierre,spin bowler,Left Off Spin,OUTSIDE_OFFSTUMP,FULL,139,120,8,6.95,15.0,17.38,West Indies
459257,Tymal Mills,pace bowler,Left Fast,OUTSIDE_OFFSTUMP,FULL,249,120,7,12.45,17.14,35.57,England
450101,Raymon Reifer,pace bowler,Left Fast,OUTSIDE_OFFSTUMP,GOOD_LENGTH,129,120,5,6.45,24.0,25.8,West Indies
7898,Peter Siddle,pace bowler,Right Fast,OUTSIDE_OFFSTUMP,FULL,155,120,11,7.75,10.91,14.09,Australia
221140,David Wiese,pace bowler,Right Fast,ON_THE_STUMPS,SHORT_OF_A_GOOD_LENGTH,156,120,6,7.8,20.0,26.0,Namibia
1209110,Basil Hameed,spin bowler,Right Off Spin,OUTSIDE_OFFSTUMP,GOOD_LENGTH,133,120,8,6.65,15.0,16.62,United Arab Emirates
375126,Hardus Viljoen,pace bowler,Right Fast,OUTSIDE_OFFSTUMP,SHORT_OF_A_GOOD_LENGTH,166,120,5,8.3,24.0,33.2,South Africa
974175,Fazalhaq Farooqi,pace bowler,Left Fast,ON_THE_STUMPS,FULL,143,120,4,7.15,30.0,35.75,Afghanistan
827051,Blessing Muzarabani,pace bowler,Right Fast,OUTSIDE_OFFSTUMP,FULL,186,120,10,9.3,12.0,18.6,Zimbabwe
230559,Kieron Pollard,pace bowler,Right Medium,ON_THE_STUMPS,SHORT_OF_A_GOOD_LENGTH,169,120,5,8.45,24.0,33.8,West Indies
627627,Tom Rogers,pace bowler,Right Fast,OUTSIDE_OFFSTUMP,SHORT_OF_A_GOOD_LENGTH,124,120,6,6.2,20.0,20.67,Australia
33335,Suresh Raina,spin bowler,Right Off Spin,OUTSIDE_OFFSTUMP,GOOD_LENGTH,152,120,1,7.6,120.0,152.0,India
51784,Rayad Emrit,pace bowler,Right Fast,ON_THE_STUMPS,GOOD_LENGTH,133,119,8,6.71,14.88,16.62,West Indies
43590,Wahab Riaz,pace bowler,Left Fast,DOWN_LEG,SHORT_OF_A_GOOD_LENGTH,193,119,2,9.73,59.5,96.5,Pakistan
540316,Andile Phehlukwayo,pace bowler,Right Fast,ON_THE_STUMPS,GOOD_LENGTH,124,119,20,6.25,5.95,6.2,South Africa
44149,Johan Botha,spin bowler,Right Off Spin,ON_THE_STUMPS,GOOD_LENGTH,119,119,5,6.0,23.8,23.8,South Africa
43265,Sohail Tanvir,pace bowler,Left Fast,ON_THE_STUMPS,FULL,188,119,5,9.48,23.8,37.6,Pakistan
629065,Nihaduzzaman,spin bowler,Left Off Spin,OUTSIDE_OFFSTUMP,GOOD_LENGTH,108,119,6,5.45,19.83,18.0,Bangladesh
1158100,Mohammad Hasnain,pace bowler,Right Fast,OUTSIDE_OFFSTUMP,SHORT,229,119,7,11.55,17.0,32.71,Pakistan
940593,Aqib Ilyas,spin bowler,Mixed,OUTSIDE_OFFSTUMP,GOOD_LENGTH,111,119,6,5.6,19.83,18.5,Oman
1168641,Harpreet Brar,spin bowler,Left Off Spin,ON_THE_STUMPS,FULL,157,119,2,7.92,59.5,78.5,India
917159,Prasidh Krishna,pace bowler,Right Fast,OUTSIDE_OFFSTUMP,FULL,229,118,3,11.64,39.33,76.33,India
647667,Usama Mir,spin bowler,Right Wrist Spin,ON_THE_STUMPS,FULL,192,118,6,9.76,19.67,32.0,Pakistan
906783,Obed McCoy,pace bowler,Left Fast,DOWN_LEG,SHORT_OF_A_GOOD_LENGTH,158,118,5,8.03,23.6,31.6,West Indies
473191,Richard Gleeson,pace bowler,Right Fast,OUTSIDE_OFFSTUMP,SHORT_OF_A_GOOD_LENGTH,128,118,3,6.51,39.33,42.67,England
927619,Khaled Ahmed,pace bowler,Right Medium,OUTSIDE_OFFSTUMP,SHORT_OF_A_GOOD_LENGTH,156,118,10,7.93,11.8,15.6,Bangladesh
627627,Tom Rogers,pace bowler,Right Fast,ON_THE_STUMPS,GOOD_LENGTH,149,118,6,7.58,19.67,24.83,Australia
26421,Ravichandran Ashwin,spin bowler,Right Off Spin,DOWN_LEG,GOOD_LENGTH,168,118,4,8.54,29.5,42.0,India
475281,Shardul Thakur,pace bowler,Right Medium,OUTSIDE_OFFSTUMP,SHORT,212,118,5,10.78,23.6,42.4,India
370040,Jeffrey Vandersay,spin bowler,Right Wrist Spin,OUTSIDE_OFFSTUMP,GOOD_LENGTH,136,118,5,6.92,23.6,27.2,Sri Lanka
1182529,Noor Ahmad,spin bowler,Left Wrist Spin,OUTSIDE_OFFSTUMP,SHORT_OF_A_GOOD_LENGTH,139,118,2,7.07,59.0,69.5,Afghanistan
1194795,Matheesha Pathirana,pace bowler,Right Fast,OUTSIDE_OFFSTUMP,FULL,179,118,12,9.1,9.83,14.92,Sri Lanka
437316,Dasun Shanaka,pace bowler,Right Medium,ON_THE_STUMPS,GOOD_LENGTH,155,118,7,7.88,16.86,22.14,Sri Lanka
319439,Mitchell McClenaghan,pace bowler,Left Fast,ON_THE_STUMPS,FULL,225,118,9,11.44,13.11,25.0,New Zealand
376169,Michael Neser,pace bowler,Right Fast,ON_THE_STUMPS,FULL,178,117,6,9.13,19.5,29.67,Australia
314622,Krishmar Santokie,pace bowler,Left Medium,ON_THE_STUMPS,GOOD_LENGTH,116,117,6,5.95,19.5,19.33,West Indies
1193548,Tim Pringle,spin bowler,Left Off Spin,OUTSIDE_OFFSTUMP,GOOD_LENGTH,140,117,7,7.18,16.71,20.0,Netherlands
55395,Colin de Grandhomme,pace bowler,Right Fast,ON_THE_STUMPS,GOOD_LENGTH,181,117,5,9.28,23.4,36.2,New Zealand
446810,Nazmul Islam,spin bowler,Left Off Spin,ON_THE_STUMPS,GOOD_LENGTH,143,117,10,7.33,11.7,14.3,Bangladesh
44932,Jean-Paul Duminy,spin bowler,Right Off Spin,OUTSIDE_OFFSTUMP,GOOD_LENGTH,151,117,8,7.74,14.62,18.88,South Africa
694211,Avesh Khan,pace bowler,Right Fast,OUTSIDE_OFFSTUMP,SHORT,234,117,8,12.0,14.62,29.25,India
211748,Benny Howell,pace bowler,Right Medium,OUTSIDE_OFFSTUMP,FULL,122,117,7,6.26,16.71,17.43,England
430246,Yuzvendra Chahal,spin bowler,Right Wrist Spin,WIDE_OUTSIDE_OFFSTUMP,GOOD_LENGTH,198,117,16,10.15,7.31,12.38,India
403902,Liam Livingstone,spin bowler,Mixed,ON_THE_STUMPS,FULL,194,117,8,9.95,14.62,24.25,England
355269,James Neesham,pace bowler,Right Fast,ON_THE_STUMPS,SHORT_OF_A_GOOD_LENGTH,159,117,7,8.15,16.71,22.71,New Zealand
677077,Romario Shepherd,pace bowler,Right Fast,ON_THE_STUMPS,FULL,209,116,11,10.81,10.55,19.0,West Indies
450860,Adam Milne,pace bowler,Right Fast,OUTSIDE_OFFSTUMP,SHORT,211,116,8,10.91,14.5,26.38,New Zealand
553249,Bjorn Fortuin,spin bowler,Left Off Spin,ON_THE_STUMPS,FULL,124,116,5,6.41,23.2,24.8,South Africa
270484,James Faulkner,pace bowler,Left Fast,ON_THE_STUMPS,SHORT_OF_A_GOOD_LENGTH,143,116,4,7.4,29.0,35.75,Australia
425639,Tendai Chatara,pace bowler,Right Fast,OUTSIDE_OFFSTUMP,GOOD_LENGTH,116,116,5,6.0,23.2,23.2,Zimbabwe
1012131,Rakibul Hasan,spin bowler,Left Off Spin,OUTSIDE_OFFSTUMP,GOOD_LENGTH,123,116,3,6.36,38.67,41.0,Bangladesh
1123718,Spencer Johnson,pace bowler,Left Fast,ON_THE_STUMPS,GOOD_LENGTH,110,116,7,5.69,16.57,15.71,Australia
931603,Brendan Doggett,pace bowler,Right Fast,OUTSIDE_OFFSTUMP,SHORT_OF_A_GOOD_LENGTH,151,116,3,7.81,38.67,50.33,Australia
280490,JJ Smuts,spin bowler,Left Off Spin,OUTSIDE_OFFSTUMP,GOOD_LENGTH,113,116,5,5.84,23.2,22.6,South Africa
211748,Benny Howell,pace bowler,Right Medium,ON_THE_STUMPS,FULL,153,115,10,7.98,11.5,15.3,England
1125976,Arshdeep Singh,pace bowler,Left Fast,OUTSIDE_OFFSTUMP,SHORT,207,115,13,10.8,8.85,15.92,India
802575,T Natarajan,pace bowler,Left Medium,ON_THE_STUMPS,SHORT_OF_A_GOOD_LENGTH,130,115,7,6.78,16.43,18.57,India
533042,Billy Stanlake,pace bowler,Right Fast,OUTSIDE_OFFSTUMP,FULL,202,115,5,10.54,23.0,40.4,Australia
459257,Tymal Mills,pace bowler,Left Fast,OUTSIDE_OFFSTUMP,SHORT,199,115,13,10.38,8.85,15.31,England
931603,Brendan Doggett,pace bowler,Right Fast,ON_THE_STUMPS,GOOD_LENGTH,130,115,9,6.78,12.78,14.44,Australia
267724,Keshav Maharaj,spin bowler,Left Off Spin,OUTSIDE_OFFSTUMP,SHORT_OF_A_GOOD_LENGTH,164,115,4,8.56,28.75,41.0,South Africa
854909,Blair Tickner,pace bowler,Right Fast,OUTSIDE_OFFSTUMP,SHORT_OF_A_GOOD_LENGTH,160,115,6,8.35,19.17,26.67,New Zealand
539548,Scott Kuggeleijn,pace bowler,Right Fast,ON_THE_STUMPS,GOOD_LENGTH,126,115,9,6.57,12.78,14.0,New Zealand
793447,Naveen-ul-Haq,pace bowler,Right Fast,ON_THE_STUMPS,FULL,188,115,4,9.81,28.75,47.0,Afghanistan
360911,Varun Aaron,pace bowler,Right Fast,OUTSIDE_OFFSTUMP,GOOD_LENGTH,122,114,4,6.42,28.5,30.5,India
1272475,Zaman Khan,pace bowler,Right Fast,OUTSIDE_OFFSTUMP,FULL,184,114,7,9.68,16.29,26.29,Pakistan
448243,Rumman Raees,pace bowler,Left Fast,OUTSIDE_OFFSTUMP,GOOD_LENGTH,123,114,1,6.47,114.0,123.0,Pakistan
590326,Mitchell Swepson,spin bowler,Right Wrist Spin,OUTSIDE_OFFSTUMP,SHORT_OF_A_GOOD_LENGTH,196,114,4,10.32,28.5,49.0,Australia
52912,Ravi Rampaul,pace bowler,Right Fast,OUTSIDE_OFFSTUMP,GOOD_LENGTH,140,114,8,7.37,14.25,17.5,West Indies
288992,Chris Jordan,pace bowler,Right Fast,WIDE_OUTSIDE_OFFSTUMP,FULL,244,114,7,12.84,16.29,34.86,England
928067,Josh Little,pace bowler,Left Fast,OUTSIDE_OFFSTUMP,FULL,169,114,4,8.89,28.5,42.25,Ireland
447261,Deepak Chahar,pace bowler,Right Medium,ON_THE_STUMPS,FULL,191,114,6,10.05,19.0,31.83,India
527663,Jagadeesha Suchith,spin bowler,Left Off Spin,OUTSIDE_OFFSTUMP,GOOD_LENGTH,142,114,5,7.47,22.8,28.4,India
526441,Mark Adair,pace bowler,Right Fast,OUTSIDE_OFFSTUMP,FULL,175,114,7,9.21,16.29,25.0,Ireland
33335,Suresh Raina,spin bowler,Right Off Spin,ON_THE_STUMPS,GOOD_LENGTH,122,114,5,6.42,22.8,24.4,India
227758,Imad Wasim,spin bowler,Left Off Spin,DOWN_LEG,GOOD_LENGTH,163,114,4,8.58,28.5,40.75,Pakistan
233514,Thisara Perera,pace bowler,Right Fast,ON_THE_STUMPS,SHORT_OF_A_GOOD_LENGTH,146,114,3,7.68,38.0,48.67,Sri Lanka
826901,Daniel Sams,pace bowler,Left Fast,DOWN_LEG,SHORT_OF_A_GOOD_LENGTH,138,114,6,7.26,19.0,23.0,Australia
448243,Rumman Raees,pace bowler,Left Fast,ON_THE_STUMPS,GOOD_LENGTH,140,114,9,7.37,12.67,15.56,Pakistan
570854,Jack Wildermuth,pace bowler,Right Fast,ON_THE_STUMPS,GOOD_LENGTH,163,114,7,8.58,16.29,23.29,Australia
493773,Lockie Ferguson,pace bowler,Right Fast,ON_THE_STUMPS,FULL,166,114,8,8.74,14.25,20.75,New Zealand
662973,Sam Curran,pace bowler,Left Fast,OUTSIDE_OFFSTUMP,SHORT,188,113,13,9.98,8.69,14.46,England
30732,Praveen Kumar,pace bowler,Right Medium,ON_THE_STUMPS,GOOD_LENGTH,127,113,4,6.74,28.25,31.75,India
926629,Hasan Mahmud,pace bowler,Right Fast,OUTSIDE_OFFSTUMP,GOOD_LENGTH,135,113,4,7.17,28.25,33.75,Bangladesh
47850,Roelof van der Merwe,spin bowler,Left Off Spin,ON_THE_STUMPS,FULL,128,113,5,6.8,22.6,25.6,Netherlands
781705,Salman Irshad,pace bowler,Right Fast,ON_THE_STUMPS,GOOD_LENGTH,144,113,4,7.65,28.25,36.0,Pakistan
317252,Sohail Khan,pace bowler,Right Fast,OUTSIDE_OFFSTUMP,GOOD_LENGTH,130,113,2,6.9,56.5,65.0,Pakistan
56025,Mahmudullah,spin bowler,Right Off Spin,OUTSIDE_OFFSTUMP,FULL,136,113,6,7.22,18.83,22.67,Bangladesh
450860,Adam Milne,pace bowler,Right Fast,ON_THE_STUMPS,SHORT_OF_A_GOOD_LENGTH,124,113,3,6.58,37.67,41.33,New Zealand
351588,Mark Wood,pace bowler,Right Fast,OUTSIDE_OFFSTUMP,GOOD_LENGTH,120,113,7,6.37,16.14,17.14,England
276298,Andre Russell,pace bowler,Right Fast,DOWN_LEG,SHORT,277,113,5,14.71,22.6,55.4,West Indies
215152,Jackson Bird,pace bowler,Right Fast,ON_THE_STUMPS,SHORT_OF_A_GOOD_LENGTH,117,113,10,6.21,11.3,11.7,Australia
659081,Mark Watt,spin bowler,Left Off Spin,ON_THE_STUMPS,GOOD_LENGTH,106,113,5,5.63,22.6,21.2,Scotland
230558,Sunil Narine,spin bowler,Right Off Spin,DOWN_LEG,FULL,144,113,2,7.65,56.5,72.0,West Indies
310107,Danny Briggs,spin bowler,Left Off Spin,ON_THE_STUMPS,GOOD_LENGTH,150,113,4,7.96,28.25,37.5,England
774223,Jhye Richardson,pace bowler,Right Fast,ON_THE_STUMPS,FULL,187,113,10,9.93,11.3,18.7,Australia
228622,John Hastings,pace bowler,Right Fast,OUTSIDE_OFFSTUMP,GOOD_LENGTH,118,113,3,6.27,37.67,39.33,Australia
826901,Daniel Sams,pace bowler,Left Fast,OUTSIDE_OFFSTUMP,SHORT,224,112,5,12.0,22.4,44.8,Australia
43590,Wahab Riaz,pace bowler,Left Fast,ON_THE_STUMPS,SHORT,171,112,7,9.16,16.0,24.43,Pakistan
696401,Marco Jansen,pace bowler,Left Fast,ON_THE_STUMPS,SHORT_OF_A_GOOD_LENGTH,142,112,5,7.61,22.4,28.4,South Africa
1159711,Shahbaz Ahmed,spin bowler,Left Off Spin,OUTSIDE_OFFSTUMP,GOOD_LENGTH,153,112,6,8.2,18.67,25.5,India
555855,Harry Conway,pace bowler,Right Fast,OUTSIDE_OFFSTUMP,GOOD_LENGTH,127,112,5,6.8,22.4,25.4,Australia
541224,Luke Jongwe,pace bowler,Right Fast,OUTSIDE_OFFSTUMP,FULL,159,112,6,8.52,18.67,26.5,Zimbabwe
1272475,Zaman Khan,pace bowler,Right Fast,OUTSIDE_OFFSTUMP,SHORT_OF_A_GOOD_LENGTH,128,112,2,6.86,56.0,64.0,Pakistan
43590,Wahab Riaz,pace bowler,Left Fast,OUTSIDE_OFFSTUMP,SHORT,191,112,5,10.23,22.4,38.2,Pakistan
326016,Bhuvneshwar Kumar,pace bowler,Right Medium,ON_THE_STUMPS,YORKER,88,112,11,4.71,10.18,8.0,India
625960,Kyle Jamieson,pace bowler,Right Fast,OUTSIDE_OFFSTUMP,SHORT_OF_A_GOOD_LENGTH,122,112,4,6.54,28.0,30.5,New Zealand
390481,Harshal Patel,pace bowler,Right Medium,ON_THE_STUMPS,FULL_TOSS,204,112,14,10.93,8.0,14.57,India
6033,Mitchell Johnson,pace bowler,Left Fast,OUTSIDE_OFFSTUMP,GOOD_LENGTH,128,112,3,6.86,37.33,42.67,Australia
269332,Muktar Ali,pace bowler,Right Fast,OUTSIDE_OFFSTUMP,GOOD_LENGTH,160,112,6,8.57,18.67,26.67,Bangladesh
1131754,Chetan Sakariya,pace bowler,Left Fast,OUTSIDE_OFFSTUMP,GOOD_LENGTH,105,111,3,5.68,37.0,35.0,India
1246528,Umran Malik,pace bowler,Right Fast,OUTSIDE_OFFSTUMP,GOOD_LENGTH,168,111,7,9.08,15.86,24.0,India
26907,Rajat Bhatia,pace bowler,Right Fast,ON_THE_STUMPS,GOOD_LENGTH,107,111,4,5.78,27.75,26.75,India
499660,Gurinder Sandhu,pace bowler,Right Fast,ON_THE_STUMPS,GOOD_LENGTH,122,111,5,6.59,22.2,24.4,Australia
402992,Shuvagata Hom,spin bowler,Right Off Spin,OUTSIDE_OFFSTUMP,GOOD_LENGTH,108,111,8,5.84,13.88,13.5,Bangladesh
376169,Michael Neser,pace bowler,Right Fast,OUTSIDE_OFFSTUMP,FULL,175,111,6,9.46,18.5,29.17,Australia
290632,Sreenath Aravind,pace bowler,Left Fast,OUTSIDE_OFFSTUMP,GOOD_LENGTH,115,111,10,6.22,11.1,11.5,India
495964,Ryan Burl,spin bowler,Right Wrist Spin,ON_THE_STUMPS,GOOD_LENGTH,91,111,10,4.92,11.1,9.1,Zimbabwe
906749,Dominic Drakes,pace bowler,Left Fast,ON_THE_STUMPS,GOOD_LENGTH,139,111,4,7.51,27.75,34.75,West Indies
901157,Arjun Nair,spin bowler,Right Off Spin,ON_THE_STUMPS,GOOD_LENGTH,143,111,4,7.73,27.75,35.75,Australia
625371,Hardik Pandya,pace bowler,Right Fast,ON_THE_STUMPS,FULL,178,111,4,9.62,27.75,44.5,India
49764,Angelo Mathews,pace bowler,Right Medium,OUTSIDE_OFFSTUMP,SHORT_OF_A_GOOD_LENGTH,113,111,9,6.11,12.33,12.56,Sri Lanka
227758,Imad Wasim,spin bowler,Left Off Spin,WIDE_OUTSIDE_OFFSTUMP,GOOD_LENGTH,106,111,5,5.73,22.2,21.2,Pakistan
1072470,Shaheen Shah Afridi,pace bowler,Left Fast,ON_THE_STUMPS,FULL_TOSS,163,111,10,8.81,11.1,16.3,Pakistan
391485,Jason Holder,pace bowler,Right Fast,OUTSIDE_OFFSTUMP,FULL_TOSS,207,110,2,11.29,55.0,103.5,West Indies
694211,Avesh Khan,pace bowler,Right Fast,ON_THE_STUMPS,SHORT_OF_A_GOOD_LENGTH,163,110,6,8.89,18.33,27.17,India
314622,Krishmar Santokie,pace bowler,Left Medium,OUTSIDE_OFFSTUMP,FULL,169,110,6,9.22,18.33,28.17,West Indies
591650,Ankit Rajpoot,pace bowler,Right Medium,OUTSIDE_OFFSTUMP,SHORT_OF_A_GOOD_LENGTH,168,110,2,9.16,55.0,84.0,India
232364,Tim Southee,pace bowler,Right Fast,OUTSIDE_OFFSTUMP,SHORT,227,110,7,12.38,15.71,32.43,New Zealand
232364,Tim Southee,pace bowler,Right Fast,ON_THE_STUMPS,SHORT,234,110,11,12.76,10.0,21.27,New Zealand
297583,Kyle Abbott,pace bowler,Right Fast,OUTSIDE_OFFSTUMP,GOOD_LENGTH,129,110,3,7.04,36.67,43.0,South Africa
43590,Wahab Riaz,pace bowler,Left Fast,DOWN_LEG,SHORT,215,110,8,11.73,13.75,26.88,Pakistan
375724,Kamrul Islam,pace bowler,Right Fast,OUTSIDE_OFFSTUMP,SHORT_OF_A_GOOD_LENGTH,146,110,9,7.96,12.22,16.22,Bangladesh
327830,Dwaine Pretorius,pace bowler,Right Fast,ON_THE_STUMPS,FULL,184,110,8,10.04,13.75,23.0,South Africa
267724,Keshav Maharaj,spin bowler,Left Off Spin,ON_THE_STUMPS,FULL,112,110,14,6.11,7.86,8.0,South Africa
29264,Harbhajan Singh,spin bowler,Right Off Spin,OUTSIDE_OFFSTUMP,SHORT_OF_A_GOOD_LENGTH,140,109,4,7.71,27.25,35.0,India
625960,Kyle Jamieson,pace bowler,Right Fast,OUTSIDE_OFFSTUMP,GOOD_LENGTH,131,109,5,7.21,21.8,26.2,New Zealand
552152,Dushmantha Chameera,pace bowler,Right Fast,ON_THE_STUMPS,FULL,213,109,3,11.72,36.33,71.0,Sri Lanka
820691,Odean Smith,pace bowler,Right Fast,OUTSIDE_OFFSTUMP,FULL,174,109,4,9.58,27.25,43.5,West Indies
300618,Nasir Hossain,spin bowler,Right Off Spin,ON_THE_STUMPS,GOOD_LENGTH,122,109,7,6.72,15.57,17.43,Bangladesh
326016,Bhuvneshwar Kumar,pace bowler,Right Medium,OUTSIDE_OFFSTUMP,SHORT,225,109,12,12.39,9.08,18.75,India
364343,Craig Young,pace bowler,Right Fast,ON_THE_STUMPS,GOOD_LENGTH,111,109,6,6.11,18.17,18.5,Ireland
819429,Azmatullah Omarzai,pace bowler,Right Fast,OUTSIDE_OFFSTUMP,FULL,169,109,6,9.3,18.17,28.17,Afghanistan
700167,Navdeep Saini,pace bowler,Right Fast,OUTSIDE_OFFSTUMP,FULL,195,109,2,10.73,54.5,97.5,India
51439,Dwayne Bravo,pace bowler,Right Medium,DOWN_LEG,FULL,157,109,3,8.64,36.33,52.33,West Indies
25913,Mohammad Nabi,spin bowler,Right Off Spin,ON_THE_STUMPS,SHORT_OF_A_GOOD_LENGTH,146,108,6,8.11,18.0,24.33,Afghanistan
1209190,Matthew Forde,pace bowler,Right Medium,OUTSIDE_OFFSTUMP,SHORT_OF_A_GOOD_LENGTH,109,108,7,6.06,15.43,15.57,West Indies
326016,Bhuvneshwar Kumar,pace bowler,Right Medium,DOWN_LEG,SHORT_OF_A_GOOD_LENGTH,133,108,2,7.39,54.0,66.5,India
971349,Nandre Burger,pace bowler,Left Fast,OUTSIDE_OFFSTUMP,GOOD_LENGTH,123,108,3,6.83,36.0,41.0,South Africa
42639,Shahid Afridi,spin bowler,Right Wrist Spin,ON_THE_STUMPS,FULL,162,108,6,9.0,18.0,27.0,Pakistan
914171,Qais Ahmad,spin bowler,Right Wrist Spin,OUTSIDE_OFFSTUMP,SHORT_OF_A_GOOD_LENGTH,164,108,4,9.11,27.0,41.0,Afghanistan
265564,Wayne Parnell,pace bowler,Left Fast,ON_THE_STUMPS,FULL,201,108,8,11.17,13.5,25.12,South Africa
1081442,Mayank Markande,spin bowler,Right Wrist Spin,OUTSIDE_OFFSTUMP,FULL,214,108,2,11.89,54.0,107.0,India
545467,Junior Dala,pace bowler,Right Medium,OUTSIDE_OFFSTUMP,GOOD_LENGTH,135,108,9,7.5,12.0,15.0,South Africa
290727,Rishi Dhawan,pace bowler,Right Fast,OUTSIDE_OFFSTUMP,GOOD_LENGTH,122,108,4,6.78,27.0,30.5,India
555853,Mark Steketee,pace bowler,Right Fast,ON_THE_STUMPS,SHORT_OF_A_GOOD_LENGTH,162,108,4,9.0,27.0,40.5,Australia
272262,Kane Richardson,pace bowler,Right Fast,OUTSIDE_OFFSTUMP,SHORT,224,108,10,12.44,10.8,22.4,Australia
533042,Billy Stanlake,pace bowler,Right Fast,ON_THE_STUMPS,SHORT_OF_A_GOOD_LENGTH,165,108,9,9.17,12.0,18.33,Australia
499594,Kasun Rajitha,pace bowler,Right Fast,OUTSIDE_OFFSTUMP,SHORT_OF_A_GOOD_LENGTH,116,108,6,6.44,18.0,19.33,Sri Lanka
450075,Kesrick Williams,pace bowler,Right Fast,OUTSIDE_OFFSTUMP,SHORT,206,107,10,11.55,10.7,20.6,West Indies
677081,Keemo Paul,pace bowler,Right Fast,ON_THE_STUMPS,FULL,144,107,4,8.07,26.75,36.0,West Indies
277912,Trent Boult,pace bowler,Left Fast,ON_THE_STUMPS,SHORT,222,107,8,12.45,13.38,27.75,New Zealand
1170471,Tanveer Sangha,spin bowler,Right Wrist Spin,OUTSIDE_OFFSTUMP,SHORT_OF_A_GOOD_LENGTH,143,107,6,8.02,17.83,23.83,Australia
317252,Sohail Khan,pace bowler,Right Fast,OUTSIDE_OFFSTUMP,SHORT_OF_A_GOOD_LENGTH,162,107,2,9.08,53.5,81.0,Pakistan
325012,Marcus Stoinis,pace bowler,Right Medium,ON_THE_STUMPS,FULL,200,107,4,11.21,26.75,50.0,Australia
1194795,Matheesha Pathirana,pace bowler,Right Fast,OUTSIDE_OFFSTUMP,GOOD_LENGTH,132,107,4,7.4,26.75,33.0,Sri Lanka
402245,Amir Hamza,spin bowler,Left Off Spin,ON_THE_STUMPS,GOOD_LENGTH,89,107,6,4.99,17.83,14.83,Afghanistan
917159,Prasidh Krishna,pace bowler,Right Fast,ON_THE_STUMPS,SHORT_OF_A_GOOD_LENGTH,167,107,2,9.36,53.5,83.5,India
897549,Will Jacks,spin bowler,Right Off Spin,OUTSIDE_OFFSTUMP,GOOD_LENGTH,103,107,8,5.78,13.38,12.88,England
43265,Sohail Tanvir,pace bowler,Left Fast,DOWN_LEG,GOOD_LENGTH,153,107,4,8.58,26.75,38.25,Pakistan
330902,Mustafizur Rahman,pace bowler,Left Fast,OUTSIDE_OFFSTUMP,SHORT,184,107,7,10.32,15.29,26.29,Bangladesh
696401,Marco Jansen,pace bowler,Left Fast,OUTSIDE_OFFSTUMP,FULL,157,107,7,8.8,15.29,22.43,South Africa
574178,Akila Dananjaya,spin bowler,Mixed,OUTSIDE_OFFSTUMP,FULL,188,106,3,10.64,35.33,62.67,Sri Lanka
319439,Mitchell McClenaghan,pace bowler,Left Fast,DOWN_LEG,SHORT,225,106,12,12.74,8.83,18.75,New Zealand
437316,Dasun Shanaka,pace bowler,Right Medium,OUTSIDE_OFFSTUMP,SHORT_OF_A_GOOD_LENGTH,141,106,2,7.98,53.0,70.5,Sri Lanka
42657,Shoaib Malik,spin bowler,Right Off Spin,OUTSIDE_OFFSTUMP,FULL,194,106,4,10.98,26.5,48.5,Pakistan
914567,Oshane Thomas,pace bowler,Right Fast,ON_THE_STUMPS,GOOD_LENGTH,143,106,9,8.09,11.78,15.89,West Indies
443263,Hayden Walsh,spin bowler,Right Wrist Spin,ON_THE_STUMPS,FULL,129,106,8,7.3,13.25,16.12,West Indies
698343,Eathan Bosch,pace bowler,Right Fast,OUTSIDE_OFFSTUMP,SHORT_OF_A_GOOD_LENGTH,129,106,4,7.3,26.5,32.25,South Africa
272385,Josh Lalor,pace bowler,Left Fast,ON_THE_STUMPS,SHORT_OF_A_GOOD_LENGTH,159,106,6,9.0,17.67,26.5,Australia
550235,Tom Curran,pace bowler,Right Fast,OUTSIDE_OFFSTUMP,SHORT,170,106,11,9.62,9.64,15.45,England
362710,David Payne,pace bowler,Left Fast,OUTSIDE_OFFSTUMP,GOOD_LENGTH,120,106,6,6.79,17.67,20.0,England
917159,Prasidh Krishna,pace bowler,Right Fast,ON_THE_STUMPS,GOOD_LENGTH,132,106,1,7.47,106.0,132.0,India
937953,Bilal Khan,pace bowler,Left Fast,ON_THE_STUMPS,GOOD_LENGTH,111,106,4,6.28,26.5,27.75,Oman
629070,Mohammad Saifuddin,pace bowler,Right Fast,ON_THE_STUMPS,FULL,143,105,9,8.17,11.67,15.89,Bangladesh
623695,Chamika Karunaratne,pace bowler,Right Fast,ON_THE_STUMPS,GOOD_LENGTH,107,105,5,6.11,21.0,21.4,Sri Lanka
7069,Steve O'Keefe,spin bowler,Left Off Spin,OUTSIDE_OFFSTUMP,SHORT_OF_A_GOOD_LENGTH,111,105,3,6.34,35.0,37.0,Australia
323244,Rahat Ali,pace bowler,Left Fast,OUTSIDE_OFFSTUMP,GOOD_LENGTH,116,105,7,6.63,15.0,16.57,Pakistan
436677,Soumya Sarkar,pace bowler,Right Fast,ON_THE_STUMPS,GOOD_LENGTH,156,105,7,8.91,15.0,22.29,Bangladesh
348056,Kyle Mayers,pace bowler,Right Medium,OUTSIDE_OFFSTUMP,FULL,175,105,6,10.0,17.5,29.17,West Indies
537126,Barinder Sran,pace bowler,Left Medium,OUTSIDE_OFFSTUMP,GOOD_LENGTH,138,105,5,7.89,21.0,27.6,India
450075,Kesrick Williams,pace bowler,Right Fast,ON_THE_STUMPS,SHORT_OF_A_GOOD_LENGTH,124,105,2,7.09,52.5,62.0,West Indies
51439,Dwayne Bravo,pace bowler,Right Medium,DOWN_LEG,GOOD_LENGTH,148,105,10,8.46,10.5,14.8,West Indies
380956,Michael Rippon,spin bowler,Left Wrist Spin,OUTSIDE_OFFSTUMP,GOOD_LENGTH,122,105,5,6.97,21.0,24.4,New Zealand
311592,Mitchell Starc,pace bowler,Left Fast,OUTSIDE_OFFSTUMP,SHORT_OF_A_GOOD_LENGTH,116,105,5,6.63,21.0,23.2,Australia
629070,Mohammad Saifuddin,pace bowler,Right Fast,ON_THE_STUMPS,SHORT_OF_A_GOOD_LENGTH,151,104,8,8.71,13.0,18.88,Bangladesh
914567,Oshane Thomas,pace bowler,Right Fast,OUTSIDE_OFFSTUMP,SHORT,195,104,8,11.25,13.0,24.38,West Indies
451782,James Fuller,pace bowler,Right Fast,OUTSIDE_OFFSTUMP,SHORT_OF_A_GOOD_LENGTH,122,104,5,7.04,20.8,24.4,England
1099379,Gareth Delany,spin bowler,Right Wrist Spin,OUTSIDE_OFFSTUMP,GOOD_LENGTH,130,104,4,7.5,26.0,32.5,Ireland
288305,Shafiul Islam,pace bowler,Right Fast,OUTSIDE_OFFSTUMP,GOOD_LENGTH,120,104,4,6.92,26.0,30.0,Bangladesh
44932,Jean-Paul Duminy,spin bowler,Right Off Spin,ON_THE_STUMPS,GOOD_LENGTH,120,104,4,6.92,26.0,30.0,South Africa
1153149,Vijayakanth Viyaskanth,spin bowler,Right Wrist Spin,OUTSIDE_OFFSTUMP,GOOD_LENGTH,96,104,4,5.54,26.0,24.0,Sri Lanka
822553,Tushar Deshpande,pace bowler,Right Medium,ON_THE_STUMPS,GOOD_LENGTH,138,104,9,7.96,11.56,15.33,India
625383,Jasprit Bumrah,pace bowler,Right Fast,DOWN_LEG,SHORT_OF_A_GOOD_LENGTH,107,104,5,6.17,20.8,21.4,India
528067,Murugan Ashwin,spin bowler,Right Wrist Spin,OUTSIDE_OFFSTUMP,FULL,177,104,4,10.21,26.0,44.25,India
6033,Mitchell Johnson,pace bowler,Left Fast,OUTSIDE_OFFSTUMP,FULL,136,104,4,7.85,26.0,34.0,Australia
324358,Nuwan Pradeep,pace bowler,Right Fast,OUTSIDE_OFFSTUMP,SHORT_OF_A_GOOD_LENGTH,152,104,6,8.77,17.33,25.33,Sri Lanka
221140,David Wiese,pace bowler,Right Fast,OUTSIDE_OFFSTUMP,SHORT,231,104,6,13.33,17.33,38.5,Namibia
1272475,Zaman Khan,pace bowler,Right Fast,ON_THE_STUMPS,SHORT_OF_A_GOOD_LENGTH,128,104,5,7.38,20.8,25.6,Pakistan
30102,Zaheer Khan,pace bowler,Left Fast,OUTSIDE_OFFSTUMP,GOOD_LENGTH,91,104,4,5.25,26.0,22.75,India
625383,Jasprit Bumrah,pace bowler,Right Fast,WIDE_OUTSIDE_OFFSTUMP,GOOD_LENGTH,133,103,4,7.75,25.75,33.25,India
1090866,Vijay Unni,spin bowler,Right Off Spin,OUTSIDE_OFFSTUMP,GOOD_LENGTH,87,103,6,5.07,17.17,14.5,Malaysia
391485,Jason Holder,pace bowler,Right Fast,ON_THE_STUMPS,SHORT,195,103,13,11.36,7.92,15.0,West Indies
932665,Tanvir Islam,spin bowler,Left Off Spin,OUTSIDE_OFFSTUMP,FULL,123,103,4,7.17,25.75,30.75,Bangladesh
45204,Robbie Frylinck,pace bowler,Right Medium,OUTSIDE_OFFSTUMP,GOOD_LENGTH,93,103,9,5.42,11.44,10.33,South Africa
272385,Josh Lalor,pace bowler,Left Fast,OUTSIDE_OFFSTUMP,SHORT_OF_A_GOOD_LENGTH,127,103,1,7.4,103.0,127.0,Australia
677081,Keemo Paul,pace bowler,Right Fast,ON_THE_STUMPS,SHORT_OF_A_GOOD_LENGTH,157,103,5,9.15,20.6,31.4,West Indies
785323,Nathan McAndrew,pace bowler,Right Fast,ON_THE_STUMPS,GOOD_LENGTH,140,103,10,8.16,10.3,14.0,Australia
30288,Karn Sharma,spin bowler,Right Wrist Spin,OUTSIDE_OFFSTUMP,FULL,175,103,5,10.19,20.6,35.0,India
909225,Paul Walter,pace bowler,Left Medium,OUTSIDE_OFFSTUMP,SHORT_OF_A_GOOD_LENGTH,157,103,6,9.15,17.17,26.17,England
41324,Mohammad Sami,pace bowler,Right Fast,ON_THE_STUMPS,GOOD_LENGTH,114,103,4,6.64,25.75,28.5,Pakistan
334388,Liam O'Connor,spin bowler,Right Wrist Spin,OUTSIDE_OFFSTUMP,GOOD_LENGTH,111,103,4,6.47,25.75,27.75,Australia
446810,Nazmul Islam,spin bowler,Left Off Spin,OUTSIDE_OFFSTUMP,GOOD_LENGTH,136,103,7,7.92,14.71,19.43,Bangladesh
629080,Binura Fernando,pace bowler,Left Fast,OUTSIDE_OFFSTUMP,GOOD_LENGTH,100,102,8,5.88,12.75,12.5,Sri Lanka
56167,Ziaur Rahman,pace bowler,Right Fast,OUTSIDE_OFFSTUMP,GOOD_LENGTH,108,102,5,6.35,20.4,21.6,Bangladesh
49535,Nuwan Kulasekara,pace bowler,Right Fast,OUTSIDE_OFFSTUMP,GOOD_LENGTH,125,102,6,7.35,17.0,20.83,Sri Lanka
1158100,Mohammad Hasnain,pace bowler,Right Fast,ON_THE_STUMPS,FULL,162,102,5,9.53,20.4,32.4,Pakistan
359649,Mohammed Aslam,mixture/unknown,Left Off Spin,OUTSIDE_OFFSTUMP,GOOD_LENGTH,94,102,5,5.53,20.4,18.8,Kuwait
330902,Mustafizur Rahman,pace bowler,Left Fast,DOWN_LEG,SHORT,189,101,6,11.23,16.83,31.5,Bangladesh
940973,Mohammed Siraj,pace bowler,Right Fast,OUTSIDE_OFFSTUMP,SHORT,185,101,6,10.99,16.83,30.83,India
391485,Jason Holder,pace bowler,Right Fast,DOWN_LEG,SHORT_OF_A_GOOD_LENGTH,113,101,5,6.71,20.2,22.6,West Indies
793447,Naveen-ul-Haq,pace bowler,Right Fast,WIDE_OUTSIDE_OFFSTUMP,GOOD_LENGTH,144,101,9,8.55,11.22,16.0,Afghanistan
784379,Wanindu Hasaranga de Silva,spin bowler,Right Wrist Spin,ON_THE_STUMPS,SHORT_OF_A_GOOD_LENGTH,146,101,3,8.67,33.67,48.67,Sri Lanka
528067,Murugan Ashwin,spin bowler,Right Wrist Spin,OUTSIDE_OFFSTUMP,SHORT_OF_A_GOOD_LENGTH,109,101,4,6.48,25.25,27.25,India
391485,Jason Holder,pace bowler,Right Fast,WIDE_OUTSIDE_OFFSTUMP,FULL,175,101,11,10.4,9.18,15.91,West Indies
314622,Krishmar Santokie,pace bowler,Left Medium,OUTSIDE_OFFSTUMP,GOOD_LENGTH,107,101,11,6.36,9.18,9.73,West Indies
1193685,Todd Murphy,spin bowler,Right Off Spin,OUTSIDE_OFFSTUMP,GOOD_LENGTH,77,101,4,4.57,25.25,19.25,Australia
315594,Ashley Nurse,spin bowler,Right Off Spin,OUTSIDE_OFFSTUMP,FULL,148,101,3,8.79,33.67,49.33,West Indies
276298,Andre Russell,pace bowler,Right Fast,OUTSIDE_OFFSTUMP,YORKER,76,101,6,4.51,16.83,12.67,West Indies
1158088,Naseem Shah,pace bowler,Right Fast,OUTSIDE_OFFSTUMP,SHORT,179,101,2,10.63,50.5,89.5,Pakistan
379887,Lizaad Williams,pace bowler,Right Fast,OUTSIDE_OFFSTUMP,GOOD_LENGTH,135,100,6,8.1,16.67,22.5,South Africa
276298,Andre Russell,pace bowler,Right Fast,OUTSIDE_OFFSTUMP,FULL_TOSS,189,100,9,11.34,11.11,21.0,West Indies
1076721,Lloyd Pope,spin bowler,Right Wrist Spin,ON_THE_STUMPS,GOOD_LENGTH,109,100,12,6.54,8.33,9.08,Australia
276298,Andre Russell,pace bowler,Right Fast,ON_THE_STUMPS,FULL_TOSS,222,100,11,13.32,9.09,20.18,West Indies
927119,Ali Khan,pace bowler,Right Fast,OUTSIDE_OFFSTUMP,SHORT_OF_A_GOOD_LENGTH,111,100,11,6.66,9.09,10.09,United States of America
732291,Basil Thampi,pace bowler,Right Fast,OUTSIDE_OFFSTUMP,SHORT_OF_A_GOOD_LENGTH,149,100,2,8.94,50.0,74.5,India
550133,Mosaddek Hossain,spin bowler,Right Off Spin,ON_THE_STUMPS,FULL,109,100,1,6.54,100.0,109.0,Bangladesh
344580,Shreyas Gopal,spin bowler,Right Wrist Spin,OUTSIDE_OFFSTUMP,FULL,192,100,9,11.52,11.11,21.33,India
906749,Dominic Drakes,pace bowler,Left Fast,ON_THE_STUMPS,SHORT_OF_A_GOOD_LENGTH,120,100,5,7.2,20.0,24.0,West Indies
922943,Shadab Khan,spin bowler,Right Wrist Spin,DOWN_LEG,GOOD_LENGTH,108,100,4,6.48,25.0,27.0,Pakistan
495964,Ryan Burl,spin bowler,Right Wrist Spin,OUTSIDE_OFFSTUMP,FULL,123,100,4,7.38,25.0,30.75,Zimbabwe
629080,Binura Fernando,pace bowler,Left Fast,ON_THE_STUMPS,GOOD_LENGTH,116,100,4,6.96,25.0,29.0,Sri Lanka
314622,Krishmar Santokie,pace bowler,Left Medium,ON_THE_STUMPS,FULL,113,100,6,6.78,16.67,18.83,West Indies
233904,Yasim Murtaza,spin bowler,Left Off Spin,OUTSIDE_OFFSTUMP,GOOD_LENGTH,105,99,3,6.36,33.0,35.0,Hong Kong
403902,Liam Livingstone,spin bowler,Mixed,OUTSIDE_OFFSTUMP,FULL,143,99,8,8.67,12.38,17.88,England
27223,Stuart Binny,pace bowler,Right Medium,OUTSIDE_OFFSTUMP,GOOD_LENGTH,105,99,7,6.36,14.14,15.0,India
40618,Imran Tahir,spin bowler,Right Wrist Spin,ON_THE_STUMPS,FULL_TOSS,136,99,1,8.24,99.0,136.0,South Africa
570854,Jack Wildermuth,pace bowler,Right Fast,OUTSIDE_OFFSTUMP,FULL,157,99,3,9.52,33.0,52.33,Australia
677081,Keemo Paul,pace bowler,Right Fast,OUTSIDE_OFFSTUMP,SHORT,189,99,7,11.45,14.14,27.0,West Indies
819429,Azmatullah Omarzai,pace bowler,Right Fast,ON_THE_STUMPS,SHORT_OF_A_GOOD_LENGTH,100,99,10,6.06,9.9,10.0,Afghanistan
781705,Salman Irshad,pace bowler,Right Fast,OUTSIDE_OFFSTUMP,SHORT_OF_A_GOOD_LENGTH,149,99,5,9.03,19.8,29.8,Pakistan
1130463,Arshad Iqbal,pace bowler,Right Fast,OUTSIDE_OFFSTUMP,GOOD_LENGTH,109,99,5,6.61,19.8,21.8,Pakistan
272279,Nathan Lyon,spin bowler,Right Off Spin,ON_THE_STUMPS,GOOD_LENGTH,96,99,5,5.82,19.8,19.2,Australia
53191,Jerome Taylor,pace bowler,Right Fast,OUTSIDE_OFFSTUMP,FULL,154,99,5,9.33,19.8,30.8,West Indies
539548,Scott Kuggeleijn,pace bowler,Right Fast,OUTSIDE_OFFSTUMP,FULL,181,99,5,10.97,19.8,36.2,New Zealand
1065115,Benjamin Manenti,spin bowler,Right Off Spin,OUTSIDE_OFFSTUMP,GOOD_LENGTH,89,99,4,5.39,24.75,22.25,Italy
308798,D'Arcy Short,spin bowler,Left Wrist Spin,ON_THE_STUMPS,SHORT_OF_A_GOOD_LENGTH,139,98,3,8.51,32.67,46.33,Australia
774217,Clint Hinchliffe,spin bowler,Left Wrist Spin,OUTSIDE_OFFSTUMP,GOOD_LENGTH,79,98,5,4.84,19.6,15.8,Australia
793447,Naveen-ul-Haq,pace bowler,Right Fast,WIDE_OUTSIDE_OFFSTUMP,FULL,176,98,14,10.78,7.0,12.57,Afghanistan
40618,Imran Tahir,spin bowler,Right Wrist Spin,DOWN_LEG,FULL,126,98,2,7.71,49.0,63.0,South Africa
398666,Sean Abbott,pace bowler,Right Fast,OUTSIDE_OFFSTUMP,SHORT,215,98,12,13.16,8.17,17.92,Australia
288305,Shafiul Islam,pace bowler,Right Fast,OUTSIDE_OFFSTUMP,SHORT_OF_A_GOOD_LENGTH,137,98,6,8.39,16.33,22.83,Bangladesh
625383,Jasprit Bumrah,pace bowler,Right Fast,OUTSIDE_OFFSTUMP,YORKER,73,98,2,4.47,49.0,36.5,India
330902,Mustafizur Rahman,pace bowler,Left Fast,WIDE_OUTSIDE_OFFSTUMP,FULL,161,98,9,9.86,10.89,17.89,Bangladesh
932635,Nayeem Hasan,spin bowler,Right Off Spin,OUTSIDE_OFFSTUMP,GOOD_LENGTH,132,98,5,8.08,19.6,26.4,Bangladesh
311158,Ben Stokes,pace bowler,Right Fast,ON_THE_STUMPS,SHORT_OF_A_GOOD_LENGTH,142,98,3,8.69,32.67,47.33,England
429981,Mohammad Irfan,pace bowler,Left Fast,OUTSIDE_OFFSTUMP,FULL,130,98,2,7.96,49.0,65.0,Pakistan
376116,Umesh Yadav,pace bowler,Right Fast,OUTSIDE_OFFSTUMP,SHORT,210,98,8,12.86,12.25,26.25,India
605575,Matthew Short,spin bowler,Right Off Spin,ON_THE_STUMPS,FULL,100,98,3,6.12,32.67,33.33,Australia
1081442,Mayank Markande,spin bowler,Right Wrist Spin,ON_THE_STUMPS,FULL,155,98,5,9.49,19.6,31.0,India
633660,Virandeep Singh,spin bowler,Left Off Spin,OUTSIDE_OFFSTUMP,GOOD_LENGTH,66,98,8,4.04,12.25,8.25,Malaysia
355269,James Neesham,pace bowler,Right Fast,ON_THE_STUMPS,FULL,213,98,4,13.04,24.5,53.25,New Zealand
820351,Rovman Powell,pace bowler,Right Fast,OUTSIDE_OFFSTUMP,GOOD_LENGTH,148,98,6,9.06,16.33,24.67,West Indies
324358,Nuwan Pradeep,pace bowler,Right Fast,ON_THE_STUMPS,GOOD_LENGTH,156,98,5,9.55,19.6,31.2,Sri Lanka
1168641,Harpreet Brar,spin bowler,Left Off Spin,OUTSIDE_OFFSTUMP,FULL,126,98,5,7.71,19.6,25.2,India
914171,Qais Ahmad,spin bowler,Right Wrist Spin,ON_THE_STUMPS,SHORT_OF_A_GOOD_LENGTH,130,97,4,8.04,24.25,32.5,Afghanistan
211855,Liam Dawson,spin bowler,Left Off Spin,OUTSIDE_OFFSTUMP,FULL,156,97,6,9.65,16.17,26.0,England
461632,Reece Topley,pace bowler,Left Fast,ON_THE_STUMPS,FULL,136,97,12,8.41,8.08,11.33,England
31820,Ashish Nehra,pace bowler,Left Fast,ON_THE_STUMPS,SHORT_OF_A_GOOD_LENGTH,100,97,4,6.19,24.25,25.0,India
375724,Kamrul Islam,pace bowler,Right Fast,OUTSIDE_OFFSTUMP,GOOD_LENGTH,165,97,4,10.21,24.25,41.25,Bangladesh
1191384,Peter Hatzoglou,spin bowler,Right Wrist Spin,OUTSIDE_OFFSTUMP,FULL,165,97,2,10.21,48.5,82.5,Australia
542023,Lungi Ngidi,pace bowler,Right Fast,OUTSIDE_OFFSTUMP,SHORT,165,97,5,10.21,19.4,33.0,South Africa
554691,Axar Patel,spin bowler,Left Off Spin,DOWN_LEG,GOOD_LENGTH,160,97,1,9.9,97.0,160.0,India
49619,Suranga Lakmal,pace bowler,Right Fast,OUTSIDE_OFFSTUMP,GOOD_LENGTH,80,97,7,4.95,13.86,11.43,Sri Lanka
793467,Karim Janat,pace bowler,Right Medium,ON_THE_STUMPS,GOOD_LENGTH,111,97,6,6.87,16.17,18.5,Afghanistan
6033,Mitchell Johnson,pace bowler,Left Fast,ON_THE_STUMPS,GOOD_LENGTH,89,97,5,5.51,19.4,17.8,Australia
330223,Bernard Scholtz,spin bowler,Left Off Spin,ON_THE_STUMPS,GOOD_LENGTH,92,97,4,5.69,24.25,23.0,Namibia
446548,Scott Boland,pace bowler,Right Fast,ON_THE_STUMPS,SHORT_OF_A_GOOD_LENGTH,149,97,7,9.22,13.86,21.29,Australia
288992,Chris Jordan,pace bowler,Right Fast,OUTSIDE_OFFSTUMP,YORKER,69,97,5,4.27,19.4,13.8,England
444135,Sohag Gazi,spin bowler,Right Off Spin,OUTSIDE_OFFSTUMP,GOOD_LENGTH,127,97,3,7.86,32.33,42.33,Bangladesh
379504,Adam Zampa,spin bowler,Right Wrist Spin,DOWN_LEG,GOOD_LENGTH,113,97,3,6.99,32.33,37.67,Australia
425639,Tendai Chatara,pace bowler,Right Fast,OUTSIDE_OFFSTUMP,SHORT_OF_A_GOOD_LENGTH,101,97,2,6.25,48.5,50.5,Zimbabwe
625371,Hardik Pandya,pace bowler,Right Fast,DOWN_LEG,SHORT_OF_A_GOOD_LENGTH,116,97,3,7.18,32.33,38.67,India
537119,Mohit Sharma,pace bowler,Right Medium,OUTSIDE_OFFSTUMP,SHORT,167,97,7,10.33,13.86,23.86,India
554691,Axar Patel,spin bowler,Left Off Spin,WIDE_OUTSIDE_OFFSTUMP,GOOD_LENGTH,118,96,5,7.38,19.2,23.6,India
960361,Sandeep Lamichhane,spin bowler,Right Wrist Spin,ON_THE_STUMPS,FULL,160,96,3,10.0,32.0,53.33,Nepal
1108375,Varun Chakravarthy,spin bowler,Right Wrist Spin,ON_THE_STUMPS,SHORT_OF_A_GOOD_LENGTH,156,96,4,9.75,24.0,39.0,India
401057,Taijul Islam,spin bowler,Left Off Spin,OUTSIDE_OFFSTUMP,GOOD_LENGTH,134,96,3,8.38,32.0,44.67,Bangladesh
247235,Chris Woakes,pace bowler,Right Fast,OUTSIDE_OFFSTUMP,FULL,149,96,7,9.31,13.71,21.29,England
793447,Naveen-ul-Haq,pace bowler,Right Fast,ON_THE_STUMPS,SHORT_OF_A_GOOD_LENGTH,125,96,5,7.81,19.2,25.0,Afghanistan
1159720,Yash Dayal,pace bowler,Left Fast,OUTSIDE_OFFSTUMP,GOOD_LENGTH,110,96,8,6.88,12.0,13.75,India
494581,Rahkeem Cornwall,spin bowler,Right Off Spin,ON_THE_STUMPS,GOOD_LENGTH,101,96,4,6.31,24.0,25.25,West Indies
391485,Jason Holder,pace bowler,Right Fast,ON_THE_STUMPS,FULL_TOSS,173,96,13,10.81,7.38,13.31,West Indies
344580,Shreyas Gopal,spin bowler,Right Wrist Spin,ON_THE_STUMPS,SHORT_OF_A_GOOD_LENGTH,141,96,6,8.81,16.0,23.5,India
344580,Shreyas Gopal,spin bowler,Right Wrist Spin,OUTSIDE_OFFSTUMP,SHORT_OF_A_GOOD_LENGTH,126,96,2,7.88,48.0,63.0,India
326016,Bhuvneshwar Kumar,pace bowler,Right Medium,DOWN_LEG,GOOD_LENGTH,117,96,2,7.31,48.0,58.5,India
42639,Shahid Afridi,spin bowler,Right Wrist Spin,OUTSIDE_OFFSTUMP,FULL,150,96,4,9.38,24.0,37.5,Pakistan
362201,Lewis Gregory,pace bowler,Right Fast,ON_THE_STUMPS,GOOD_LENGTH,153,96,3,9.56,32.0,51.0,England
1076722,Will Sutherland,pace bowler,Right Fast,OUTSIDE_OFFSTUMP,SHORT_OF_A_GOOD_LENGTH,137,96,4,8.56,24.0,34.25,Australia
315623,Ben Laughlin,pace bowler,Right Fast,ON_THE_STUMPS,FULL,159,96,6,9.94,16.0,26.5,Australia
542023,Lungi Ngidi,pace bowler,Right Fast,ON_THE_STUMPS,SHORT_OF_A_GOOD_LENGTH,117,96,7,7.31,13.71,16.71,South Africa
315594,Ashley Nurse,spin bowler,Right Off Spin,ON_THE_STUMPS,FULL,121,96,4,7.56,24.0,30.25,West Indies
990039,Shoriful Islam,pace bowler,Left Fast,ON_THE_STUMPS,FULL,139,95,12,8.78,7.92,11.58,Bangladesh
8917,Moeen Ali,spin bowler,Right Off Spin,ON_THE_STUMPS,SHORT_OF_A_GOOD_LENGTH,144,95,6,9.09,15.83,24.0,England
348152,Usman Qadir,spin bowler,Right Wrist Spin,OUTSIDE_OFFSTUMP,SHORT_OF_A_GOOD_LENGTH,127,95,2,8.02,47.5,63.5,Pakistan
360911,Varun Aaron,pace bowler,Right Fast,OUTSIDE_OFFSTUMP,SHORT_OF_A_GOOD_LENGTH,126,95,5,7.96,19.0,25.2,India
545467,Junior Dala,pace bowler,Right Medium,OUTSIDE_OFFSTUMP,SHORT_OF_A_GOOD_LENGTH,114,95,8,7.2,11.88,14.25,South Africa
541224,Luke Jongwe,pace bowler,Right Fast,OUTSIDE_OFFSTUMP,SHORT_OF_A_GOOD_LENGTH,118,95,6,7.45,15.83,19.67,Zimbabwe
1158538,Abbas Afridi,pace bowler,Right Fast,ON_THE_STUMPS,GOOD_LENGTH,108,95,3,6.82,31.67,36.0,Pakistan
827051,Blessing Muzarabani,pace bowler,Right Fast,ON_THE_STUMPS,SHORT_OF_A_GOOD_LENGTH,126,95,4,7.96,23.75,31.5,Zimbabwe
328026,Isuru Udana,pace bowler,Left Fast,ON_THE_STUMPS,FULL,117,95,8,7.39,11.88,14.62,Sri Lanka
35928,Bipul Sharma,spin bowler,Left Off Spin,ON_THE_STUMPS,GOOD_LENGTH,120,95,5,7.58,19.0,24.0,India
927119,Ali Khan,pace bowler,Right Fast,ON_THE_STUMPS,FULL,152,95,8,9.6,11.88,19.0,United States of America
1125976,Arshdeep Singh,pace bowler,Left Fast,OUTSIDE_OFFSTUMP,FULL_TOSS,184,95,2,11.62,47.5,92.0,India
747315,Nathan Sowter,spin bowler,Right Wrist Spin,ON_THE_STUMPS,GOOD_LENGTH,119,95,4,7.52,23.75,29.75,England
732291,Basil Thampi,pace bowler,Right Fast,OUTSIDE_OFFSTUMP,GOOD_LENGTH,146,95,1,9.22,95.0,146.0,India
211855,Liam Dawson,spin bowler,Left Off Spin,OUTSIDE_OFFSTUMP,SHORT_OF_A_GOOD_LENGTH,133,95,5,8.4,19.0,26.6,England
319439,Mitchell McClenaghan,pace bowler,Left Fast,ON_THE_STUMPS,SHORT,167,95,7,10.55,13.57,23.86,New Zealand
595783,Ajaz Patel,spin bowler,Left Off Spin,OUTSIDE_OFFSTUMP,GOOD_LENGTH,73,94,6,4.66,15.67,12.17,New Zealand
1081442,Mayank Markande,spin bowler,Right Wrist Spin,OUTSIDE_OFFSTUMP,SHORT_OF_A_GOOD_LENGTH,141,94,2,9.0,47.0,70.5,India
447587,Jayant Yadav,spin bowler,Right Off Spin,ON_THE_STUMPS,GOOD_LENGTH,93,94,4,5.94,23.5,23.25,India
56143,Shakib Al Hasan,spin bowler,Left Off Spin,WIDE_OUTSIDE_OFFSTUMP,GOOD_LENGTH,121,94,8,7.72,11.75,15.12,Bangladesh
446810,Nazmul Islam,spin bowler,Left Off Spin,ON_THE_STUMPS,FULL,92,94,3,5.87,31.33,30.67,Bangladesh
1125976,Arshdeep Singh,pace bowler,Left Fast,ON_THE_STUMPS,YORKER,67,94,17,4.28,5.53,3.94,India
990165,Mukidul Islam,pace bowler,Right Fast,OUTSIDE_OFFSTUMP,GOOD_LENGTH,131,94,4,8.36,23.5,32.75,Bangladesh
300619,Rubel Hossain,pace bowler,Right Fast,ON_THE_STUMPS,GOOD_LENGTH,126,94,4,8.04,23.5,31.5,Bangladesh
390481,Harshal Patel,pace bowler,Right Medium,ON_THE_STUMPS,SHORT_OF_A_GOOD_LENGTH,155,94,6,9.89,15.67,25.83,India
932665,Tanvir Islam,spin bowler,Left Off Spin,ON_THE_STUMPS,FULL,113,94,5,7.21,18.8,22.6,Bangladesh
423838,Rahul Tewatia,spin bowler,Right Wrist Spin,ON_THE_STUMPS,SHORT_OF_A_GOOD_LENGTH,112,94,2,7.15,47.0,56.0,India
380974,Sunzamul Islam,spin bowler,Left Off Spin,ON_THE_STUMPS,GOOD_LENGTH,119,94,4,7.6,23.5,29.75,Bangladesh
247235,Chris Woakes,pace bowler,Right Fast,ON_THE_STUMPS,SHORT_OF_A_GOOD_LENGTH,158,94,4,10.09,23.5,39.5,England
501012,Joel Paris,pace bowler,Left Fast,OUTSIDE_OFFSTUMP,GOOD_LENGTH,125,94,6,7.98,15.67,20.83,Australia
380974,Sunzamul Islam,spin bowler,Left Off Spin,OUTSIDE_OFFSTUMP,GOOD_LENGTH,111,94,4,7.09,23.5,27.75,Bangladesh
327830,Dwaine Pretorius,pace bowler,Right Fast,ON_THE_STUMPS,SHORT_OF_A_GOOD_LENGTH,138,93,7,8.9,13.29,19.71,South Africa
52912,Ravi Rampaul,pace bowler,Right Fast,ON_THE_STUMPS,GOOD_LENGTH,90,93,8,5.81,11.62,11.25,West Indies
439952,Chris Morris,pace bowler,Right Fast,ON_THE_STUMPS,FULL_TOSS,163,93,12,10.52,7.75,13.58,South Africa
40618,Imran Tahir,spin bowler,Right Wrist Spin,OUTSIDE_OFFSTUMP,FULL_TOSS,159,93,2,10.26,46.5,79.5,South Africa
261354,Nathan Coulter-Nile,pace bowler,Right Fast,ON_THE_STUMPS,FULL,149,93,13,9.61,7.15,11.46,Australia
537119,Mohit Sharma,pace bowler,Right Medium,ON_THE_STUMPS,FULL,194,93,5,12.52,18.6,38.8,India
959767,Rachin Ravindra,spin bowler,Left Off Spin,OUTSIDE_OFFSTUMP,GOOD_LENGTH,104,93,5,6.71,18.6,20.8,New Zealand
42657,Shoaib Malik,spin bowler,Right Off Spin,DOWN_LEG,GOOD_LENGTH,104,93,2,6.71,46.5,52.0,Pakistan
477021,Vijay Shankar,pace bowler,Right Medium,OUTSIDE_OFFSTUMP,GOOD_LENGTH,122,93,5,7.87,18.6,24.4,India
348152,Usman Qadir,spin bowler,Right Wrist Spin,ON_THE_STUMPS,FULL,124,93,6,8.0,15.5,20.67,Pakistan
1072470,Shaheen Shah Afridi,pace bowler,Left Fast,OUTSIDE_OFFSTUMP,FULL_TOSS,151,93,6,9.74,15.5,25.17,Pakistan
712219,Zahir Khan,spin bowler,Left Wrist Spin,ON_THE_STUMPS,FULL,143,93,6,9.23,15.5,23.83,Afghanistan
533561,Waqas Maqsood,pace bowler,Left Fast,OUTSIDE_OFFSTUMP,GOOD_LENGTH,86,93,8,5.55,11.62,10.75,Pakistan
348059,Barry McCarthy,pace bowler,Right Fast,ON_THE_STUMPS,GOOD_LENGTH,104,93,6,6.71,15.5,17.33,Ireland
643885,Saqib Mahmood,pace bowler,Right Fast,OUTSIDE_OFFSTUMP,SHORT_OF_A_GOOD_LENGTH,121,93,4,7.81,23.25,30.25,England
46538,Morne Morkel,pace bowler,Right Fast,OUTSIDE_OFFSTUMP,SHORT_OF_A_GOOD_LENGTH,95,93,7,6.13,13.29,13.57,South Africa
499660,Gurinder Sandhu,pace bowler,Right Fast,ON_THE_STUMPS,SHORT_OF_A_GOOD_LENGTH,131,93,6,8.45,15.5,21.83,Australia
670013,Fabian Allen,spin bowler,Left Off Spin,ON_THE_STUMPS,SHORT_OF_A_GOOD_LENGTH,137,93,3,8.84,31.0,45.67,West Indies
826901,Daniel Sams,pace bowler,Left Fast,WIDE_OUTSIDE_OFFSTUMP,FULL,164,93,10,10.58,9.3,16.4,Australia
526441,Mark Adair,pace bowler,Right Fast,ON_THE_STUMPS,GOOD_LENGTH,111,93,5,7.16,18.6,22.2,Ireland
317252,Sohail Khan,pace bowler,Right Fast,ON_THE_STUMPS,GOOD_LENGTH,121,93,3,7.81,31.0,40.33,Pakistan
990039,Shoriful Islam,pace bowler,Left Fast,OUTSIDE_OFFSTUMP,FULL,173,93,3,11.16,31.0,57.67,Bangladesh
8180,Shane Watson,pace bowler,Right Fast,OUTSIDE_OFFSTUMP,SHORT,142,93,9,9.16,10.33,15.78,Australia
403902,Liam Livingstone,spin bowler,Mixed,OUTSIDE_OFFSTUMP,SHORT_OF_A_GOOD_LENGTH,151,93,5,9.74,18.6,30.2,England
822553,Tushar Deshpande,pace bowler,Right Medium,OUTSIDE_OFFSTUMP,FULL,194,93,4,12.52,23.25,48.5,India
553800,Chris Tremain,pace bowler,Right Fast,OUTSIDE_OFFSTUMP,GOOD_LENGTH,94,93,7,6.06,13.29,13.43,Australia
221140,David Wiese,pace bowler,Right Fast,WIDE_OUTSIDE_OFFSTUMP,GOOD_LENGTH,97,92,6,6.33,15.33,16.17,Namibia
276298,Andre Russell,pace bowler,Right Fast,ON_THE_STUMPS,YORKER,68,92,9,4.43,10.22,7.56,West Indies
774217,Clint Hinchliffe,spin bowler,Left Wrist Spin,ON_THE_STUMPS,GOOD_LENGTH,131,92,5,8.54,18.4,26.2,Australia
47492,Dale Steyn,pace bowler,Right Fast,ON_THE_STUMPS,GOOD_LENGTH,131,92,5,8.54,18.4,26.2,South Africa
928059,Ben White,spin bowler,Right Wrist Spin,OUTSIDE_OFFSTUMP,GOOD_LENGTH,102,92,4,6.65,23.0,25.5,Ireland
384525,Zahoor Khan,pace bowler,Right Fast,OUTSIDE_OFFSTUMP,SHORT_OF_A_GOOD_LENGTH,107,92,3,6.98,30.67,35.67,United Arab Emirates
481875,George Linde,spin bowler,Left Off Spin,OUTSIDE_OFFSTUMP,SHORT_OF_A_GOOD_LENGTH,127,92,3,8.28,30.67,42.33,South Africa
1209292,Vaibhav Arora,pace bowler,Right Fast,OUTSIDE_OFFSTUMP,SHORT_OF_A_GOOD_LENGTH,108,92,5,7.04,18.4,21.6,India
326968,Michael Bracewell,spin bowler,Right Off Spin,ON_THE_STUMPS,GOOD_LENGTH,88,92,6,5.74,15.33,14.67,New Zealand
49758,Lasith Malinga,pace bowler,Right Fast,ON_THE_STUMPS,SHORT_OF_A_GOOD_LENGTH,113,92,3,7.37,30.67,37.67,Sri Lanka
429122,Umaid Asif,pace bowler,Right Fast,ON_THE_STUMPS,GOOD_LENGTH,104,92,6,6.78,15.33,17.33,Pakistan
436677,Soumya Sarkar,pace bowler,Right Fast,OUTSIDE_OFFSTUMP,SHORT_OF_A_GOOD_LENGTH,134,92,5,8.74,18.4,26.8,Bangladesh
1212829,Ali Naseer,pace bowler,Right Medium,OUTSIDE_OFFSTUMP,GOOD_LENGTH,105,92,8,6.85,11.5,13.12,United Arab Emirates
40618,Imran Tahir,spin bowler,Right Wrist Spin,WIDE_OUTSIDE_OFFSTUMP,GOOD_LENGTH,105,92,9,6.85,10.22,11.67,South Africa
326017,Siddarth Kaul,pace bowler,Right Medium,ON_THE_STUMPS,FULL,152,92,11,9.91,8.36,13.82,India
662973,Sam Curran,pace bowler,Left Fast,ON_THE_STUMPS,SHORT,188,92,11,12.26,8.36,17.09,England
712219,Zahir Khan,spin bowler,Left Wrist Spin,OUTSIDE_OFFSTUMP,SHORT_OF_A_GOOD_LENGTH,95,92,4,6.2,23.0,23.75,Afghanistan
1089962,Patrick Dooley,spin bowler,Left Wrist Spin,ON_THE_STUMPS,GOOD_LENGTH,102,92,5,6.65,18.4,20.4,Australia
433614,Zahid Mahmood,spin bowler,Right Wrist Spin,OUTSIDE_OFFSTUMP,GOOD_LENGTH,117,92,5,7.63,18.4,23.4,Pakistan
35731,Vinay Kumar,pace bowler,Right Medium,OUTSIDE_OFFSTUMP,GOOD_LENGTH,82,92,5,5.35,18.4,16.4,India
990165,Mukidul Islam,pace bowler,Right Fast,OUTSIDE_OFFSTUMP,SHORT_OF_A_GOOD_LENGTH,110,92,9,7.17,10.22,12.22,Bangladesh
806241,Richard Ngarava,pace bowler,Left Fast,OUTSIDE_OFFSTUMP,SHORT_OF_A_GOOD_LENGTH,84,92,2,5.48,46.0,42.0,Zimbabwe
31107,Amit Mishra,spin bowler,Right Wrist Spin,OUTSIDE_OFFSTUMP,SHORT_OF_A_GOOD_LENGTH,126,92,4,8.22,23.0,31.5,India
955235,Nuwan Thushara,pace bowler,Right Fast,OUTSIDE_OFFSTUMP,FULL,158,91,4,10.42,22.75,39.5,Sri Lanka
539548,Scott Kuggeleijn,pace bowler,Right Fast,ON_THE_STUMPS,SHORT_OF_A_GOOD_LENGTH,110,91,5,7.25,18.2,22.0,New Zealand
323244,Rahat Ali,pace bowler,Left Fast,ON_THE_STUMPS,GOOD_LENGTH,90,91,6,5.93,15.17,15.0,Pakistan
376169,Michael Neser,pace bowler,Right Fast,ON_THE_STUMPS,SHORT_OF_A_GOOD_LENGTH,136,91,9,8.97,10.11,15.11,Australia
55870,Sean Williams,spin bowler,Left Off Spin,ON_THE_STUMPS,FULL,99,91,5,6.53,18.2,19.8,Zimbabwe
826915,Nathan Ellis,pace bowler,Right Fast,WIDE_OUTSIDE_OFFSTUMP,FULL,168,91,8,11.08,11.38,21.0,Australia
276298,Andre Russell,pace bowler,Right Fast,WIDE_OUTSIDE_OFFSTUMP,FULL,177,91,8,11.67,11.38,22.12,West Indies
423838,Rahul Tewatia,spin bowler,Right Wrist Spin,OUTSIDE_OFFSTUMP,FULL,143,91,5,9.43,18.2,28.6,India
596010,Gerald Coetzee,pace bowler,Right Fast,OUTSIDE_OFFSTUMP,SHORT_OF_A_GOOD_LENGTH,97,91,6,6.4,15.17,16.17,South Africa
793467,Karim Janat,pace bowler,Right Medium,OUTSIDE_OFFSTUMP,FULL,123,91,3,8.11,30.33,41.0,Afghanistan
596010,Gerald Coetzee,pace bowler,Right Fast,OUTSIDE_OFFSTUMP,GOOD_LENGTH,142,91,8,9.36,11.38,17.75,South Africa
533042,Billy Stanlake,pace bowler,Right Fast,ON_THE_STUMPS,FULL,144,91,5,9.49,18.2,28.8,Australia
959833,Wes Agar,pace bowler,Right Fast,ON_THE_STUMPS,SHORT_OF_A_GOOD_LENGTH,129,91,3,8.51,30.33,43.0,Australia
56025,Mahmudullah,spin bowler,Right Off Spin,ON_THE_STUMPS,FULL,80,91,5,5.27,18.2,16.0,Bangladesh
959767,Rachin Ravindra,spin bowler,Left Off Spin,ON_THE_STUMPS,GOOD_LENGTH,89,91,3,5.87,30.33,29.67,New Zealand
277955,Dhawal Kulkarni,pace bowler,Right Medium,ON_THE_STUMPS,SHORT_OF_A_GOOD_LENGTH,129,91,6,8.51,15.17,21.5,India
8180,Shane Watson,pace bowler,Right Fast,ON_THE_STUMPS,SHORT_OF_A_GOOD_LENGTH,136,91,4,8.97,22.75,34.0,Australia
326016,Bhuvneshwar Kumar,pace bowler,Right Medium,ON_THE_STUMPS,FULL_TOSS,164,90,7,10.93,12.86,23.43,India
937953,Bilal Khan,pace bowler,Left Fast,OUTSIDE_OFFSTUMP,FULL,103,90,5,6.87,18.0,20.6,Oman
326016,Bhuvneshwar Kumar,pace bowler,Right Medium,OUTSIDE_OFFSTUMP,FULL_TOSS,146,90,8,9.73,11.25,18.25,India
958007,Jon-Russ Jaggesar,spin bowler,Right Off Spin,OUTSIDE_OFFSTUMP,GOOD_LENGTH,76,90,2,5.07,45.0,38.0,West Indies
559066,Ish Sodhi,spin bowler,Right Wrist Spin,DOWN_LEG,GOOD_LENGTH,100,90,4,6.67,22.5,25.0,New Zealand
625371,Hardik Pandya,pace bowler,Right Fast,ON_THE_STUMPS,SHORT,139,90,5,9.27,18.0,27.8,India
781705,Salman Irshad,pace bowler,Right Fast,ON_THE_STUMPS,FULL,157,90,5,10.47,18.0,31.4,Pakistan
1194795,Matheesha Pathirana,pace bowler,Right Fast,OUTSIDE_OFFSTUMP,SHORT_OF_A_GOOD_LENGTH,100,90,5,6.67,18.0,20.0,Sri Lanka
4864,Dan Christian,pace bowler,Right Fast,ON_THE_STUMPS,SHORT_OF_A_GOOD_LENGTH,134,90,5,8.93,18.0,26.8,Australia
605575,Matthew Short,spin bowler,Right Off Spin,OUTSIDE_OFFSTUMP,FULL,133,90,5,8.87,18.0,26.6,Australia
878465,Mehedi Hasan Rana,pace bowler,Left Fast,OUTSIDE_OFFSTUMP,GOOD_LENGTH,115,90,5,7.67,18.0,23.0,Bangladesh
277912,Trent Boult,pace bowler,Left Fast,WIDE_OUTSIDE_OFFSTUMP,FULL,178,90,4,11.87,22.5,44.5,New Zealand
277912,Trent Boult,pace bowler,Left Fast,ON_THE_STUMPS,YORKER,63,90,15,4.2,6.0,4.2,New Zealand
826901,Daniel Sams,pace bowler,Left Fast,DOWN_LEG,SHORT,228,90,4,15.2,22.5,57.0,Australia
348109,Paul van Meekeren,pace bowler,Right Fast,ON_THE_STUMPS,SHORT_OF_A_GOOD_LENGTH,86,90,6,5.73,15.0,14.33,Netherlands
443263,Hayden Walsh,spin bowler,Right Wrist Spin,ON_THE_STUMPS,SHORT_OF_A_GOOD_LENGTH,154,90,5,10.27,18.0,30.8,West Indies
537126,Barinder Sran,pace bowler,Left Medium,ON_THE_STUMPS,GOOD_LENGTH,129,90,7,8.6,12.86,18.43,India
381329,Beau Webster,mixture/unknown,Mixed,ON_THE_STUMPS,GOOD_LENGTH,112,90,2,7.47,45.0,56.0,Australia
917159,Prasidh Krishna,pace bowler,Right Fast,OUTSIDE_OFFSTUMP,SHORT,127,89,11,8.56,8.09,11.55,India
533042,Billy Stanlake,pace bowler,Right Fast,OUTSIDE_OFFSTUMP,SHORT,192,89,6,12.94,14.83,32.0,Australia
535353,Ottniel Baartman,pace bowler,Right Fast,OUTSIDE_OFFSTUMP,GOOD_LENGTH,108,89,6,7.28,14.83,18.0,South Africa
971349,Nandre Burger,pace bowler,Left Fast,OUTSIDE_OFFSTUMP,SHORT_OF_A_GOOD_LENGTH,100,89,5,6.74,17.8,20.0,South Africa
451782,James Fuller,pace bowler,Right Fast,OUTSIDE_OFFSTUMP,GOOD_LENGTH,123,89,2,8.29,44.5,61.5,England
381329,Beau Webster,mixture/unknown,Mixed,OUTSIDE_OFFSTUMP,GOOD_LENGTH,89,89,2,6.0,44.5,44.5,Australia
272450,Mitchell Marsh,pace bowler,Right Medium,OUTSIDE_OFFSTUMP,FULL,132,89,5,8.9,17.8,26.4,Australia
1132005,Mohsin Khan,pace bowler,Left Fast,ON_THE_STUMPS,SHORT_OF_A_GOOD_LENGTH,96,89,2,6.47,44.5,48.0,India
315623,Ben Laughlin,pace bowler,Right Fast,ON_THE_STUMPS,SHORT_OF_A_GOOD_LENGTH,140,89,8,9.44,11.12,17.5,Australia
623695,Chamika Karunaratne,pace bowler,Right Fast,ON_THE_STUMPS,SHORT_OF_A_GOOD_LENGTH,106,89,4,7.15,22.25,26.5,Sri Lanka
714451,Shivam Dube,pace bowler,Right Medium,OUTSIDE_OFFSTUMP,GOOD_LENGTH,120,89,4,8.09,22.25,30.0,India
327830,Dwaine Pretorius,pace bowler,Right Fast,WIDE_OUTSIDE_OFFSTUMP,FULL,128,89,12,8.63,7.42,10.67,South Africa
627627,Tom Rogers,pace bowler,Right Fast,OUTSIDE_OFFSTUMP,FULL,151,89,6,10.18,14.83,25.17,Australia
277237,Iqbal Abdulla,spin bowler,Left Off Spin,ON_THE_STUMPS,GOOD_LENGTH,101,89,5,6.81,17.8,20.2,India
1076722,Will Sutherland,pace bowler,Right Fast,ON_THE_STUMPS,GOOD_LENGTH,104,89,3,7.01,29.67,34.67,Australia
552152,Dushmantha Chameera,pace bowler,Right Fast,OUTSIDE_OFFSTUMP,SHORT,133,89,5,8.97,17.8,26.6,Sri Lanka
272465,James Pattinson,pace bowler,Right Fast,OUTSIDE_OFFSTUMP,SHORT_OF_A_GOOD_LENGTH,117,89,3,7.89,29.67,39.0,Australia
429981,Mohammad Irfan,pace bowler,Left Fast,OUTSIDE_OFFSTUMP,SHORT,148,88,5,10.09,17.6,29.6,Pakistan
1139523,Rishad Hossain,spin bowler,Right Wrist Spin,OUTSIDE_OFFSTUMP,GOOD_LENGTH,66,88,2,4.5,44.0,33.0,Bangladesh
497121,Deepak Hooda,spin bowler,Right Off Spin,ON_THE_STUMPS,GOOD_LENGTH,118,88,2,8.05,44.0,59.0,India
959833,Wes Agar,pace bowler,Right Fast,OUTSIDE_OFFSTUMP,FULL,125,88,5,8.52,17.6,25.0,Australia
437316,Dasun Shanaka,pace bowler,Right Medium,OUTSIDE_OFFSTUMP,FULL,127,88,9,8.66,9.78,14.11,Sri Lanka
550215,Kagiso Rabada,pace bowler,Right Fast,ON_THE_STUMPS,YORKER,62,88,9,4.23,9.78,6.89,South Africa
959769,Ben Sears,pace bowler,Right Fast,OUTSIDE_OFFSTUMP,GOOD_LENGTH,104,88,5,7.09,17.6,20.8,New Zealand
574178,Akila Dananjaya,spin bowler,Mixed,ON_THE_STUMPS,FULL,121,88,3,8.25,29.33,40.33,Sri Lanka
325026,Glenn Maxwell,spin bowler,Right Off Spin,DOWN_LEG,GOOD_LENGTH,126,88,3,8.59,29.33,42.0,Australia
793447,Naveen-ul-Haq,pace bowler,Right Fast,WIDE_OUTSIDE_OFFSTUMP,SHORT_OF_A_GOOD_LENGTH,103,88,3,7.02,29.33,34.33,Afghanistan
573170,Luke Wood,pace bowler,Left Fast,ON_THE_STUMPS,FULL,153,88,9,10.43,9.78,17.0,England
1158538,Abbas Afridi,pace bowler,Right Fast,OUTSIDE_OFFSTUMP,FULL,131,88,7,8.93,12.57,18.71,Pakistan
587152,Pravin Tambe,spin bowler,Right Wrist Spin,ON_THE_STUMPS,GOOD_LENGTH,93,88,3,6.34,29.33,31.0,India
362201,Lewis Gregory,pace bowler,Right Fast,OUTSIDE_OFFSTUMP,FULL,131,88,2,8.93,44.0,65.5,England
677077,Romario Shepherd,pace bowler,Right Fast,OUTSIDE_OFFSTUMP,SHORT,171,88,4,11.66,22.0,42.75,West Indies
501012,Joel Paris,pace bowler,Left Fast,ON_THE_STUMPS,GOOD_LENGTH,119,88,2,8.11,44.0,59.5,Australia
935995,Afif Hossain,spin bowler,Right Off Spin,ON_THE_STUMPS,GOOD_LENGTH,132,88,6,9.0,14.67,22.0,Bangladesh
638912,Matthew Kelly,pace bowler,Right Fast,ON_THE_STUMPS,GOOD_LENGTH,109,87,6,7.52,14.5,18.17,Australia
627627,Tom Rogers,pace bowler,Right Fast,ON_THE_STUMPS,SHORT_OF_A_GOOD_LENGTH,107,87,5,7.38,17.4,21.4,Australia
288992,Chris Jordan,pace bowler,Right Fast,ON_THE_STUMPS,FULL_TOSS,152,87,8,10.48,10.88,19.0,England
670045,Gudakesh Motie,spin bowler,Left Off Spin,ON_THE_STUMPS,FULL,126,87,4,8.69,21.75,31.5,West Indies
56025,Mahmudullah,spin bowler,Right Off Spin,OUTSIDE_OFFSTUMP,SHORT_OF_A_GOOD_LENGTH,140,87,2,9.66,43.5,70.0,Bangladesh
679567,Ben Dwarshuis,pace bowler,Left Fast,DOWN_LEG,SHORT_OF_A_GOOD_LENGTH,73,87,5,5.03,17.4,14.6,Australia
510530,Jamie Overton,pace bowler,Right Fast,OUTSIDE_OFFSTUMP,GOOD_LENGTH,92,87,3,6.34,29.0,30.67,England
326017,Siddarth Kaul,pace bowler,Right Medium,ON_THE_STUMPS,SHORT_OF_A_GOOD_LENGTH,122,87,2,8.41,43.5,61.0,India
5681,Brad Hogg,spin bowler,Left Wrist Spin,OUTSIDE_OFFSTUMP,GOOD_LENGTH,82,87,5,5.66,17.4,16.4,Australia
659081,Mark Watt,spin bowler,Left Off Spin,ON_THE_STUMPS,FULL,116,87,3,8.0,29.0,38.67,Scotland
300619,Rubel Hossain,pace bowler,Right Fast,ON_THE_STUMPS,FULL,127,87,7,8.76,12.43,18.14,Bangladesh
390481,Harshal Patel,pace bowler,Right Medium,OUTSIDE_OFFSTUMP,FULL_TOSS,148,87,3,10.21,29.0,49.33,India
236779,Ishant Sharma,pace bowler,Right Fast,OUTSIDE_OFFSTUMP,FULL,125,87,5,8.62,17.4,25.0,India
47850,Roelof van der Merwe,spin bowler,Left Off Spin,OUTSIDE_OFFSTUMP,FULL,129,87,5,8.9,17.4,25.8,Netherlands
807535,Brad Wheal,pace bowler,Right Fast,OUTSIDE_OFFSTUMP,SHORT_OF_A_GOOD_LENGTH,113,87,3,7.79,29.0,37.67,Scotland
922947,Sameen Gul,pace bowler,Right Medium,OUTSIDE_OFFSTUMP,GOOD_LENGTH,106,87,3,7.31,29.0,35.33,Pakistan
700167,Navdeep Saini,pace bowler,Right Fast,ON_THE_STUMPS,SHORT_OF_A_GOOD_LENGTH,97,87,3,6.69,29.0,32.33,India
559235,Kuldeep Yadav,spin bowler,Left Wrist Spin,DOWN_LEG,GOOD_LENGTH,112,86,4,7.81,21.5,28.0,India
781705,Salman Irshad,pace bowler,Right Fast,OUTSIDE_OFFSTUMP,FULL,174,86,5,12.14,17.2,34.8,Pakistan
1206110,Kevin Sinclair,spin bowler,Right Off Spin,OUTSIDE_OFFSTUMP,GOOD_LENGTH,54,86,4,3.77,21.5,13.5,West Indies
793463,Rashid Khan,spin bowler,Right Wrist Spin,WIDE_OUTSIDE_OFFSTUMP,GOOD_LENGTH,73,86,3,5.09,28.67,24.33,Afghanistan
1182529,Noor Ahmad,spin bowler,Left Wrist Spin,DOWN_LEG,GOOD_LENGTH,125,86,3,8.72,28.67,41.67,Afghanistan
235657,Steven Jacobs,spin bowler,Right Off Spin,OUTSIDE_OFFSTUMP,GOOD_LENGTH,82,86,5,5.72,17.2,16.4,West Indies
244639,Harry Gurney,pace bowler,Left Fast,OUTSIDE_OFFSTUMP,SHORT_OF_A_GOOD_LENGTH,86,86,3,6.0,28.67,28.67,England
391485,Jason Holder,pace bowler,Right Fast,ON_THE_STUMPS,YORKER,65,86,11,4.53,7.82,5.91,West Indies
960361,Sandeep Lamichhane,spin bowler,Right Wrist Spin,OUTSIDE_OFFSTUMP,SHORT_OF_A_GOOD_LENGTH,93,86,6,6.49,14.33,15.5,Nepal
348152,Usman Qadir,spin bowler,Right Wrist Spin,ON_THE_STUMPS,SHORT_OF_A_GOOD_LENGTH,125,86,2,8.72,43.0,62.5,Pakistan
1191384,Peter Hatzoglou,spin bowler,Right Wrist Spin,OUTSIDE_OFFSTUMP,SHORT_OF_A_GOOD_LENGTH,87,86,3,6.07,28.67,29.0,Australia
290632,Sreenath Aravind,pace bowler,Left Fast,ON_THE_STUMPS,GOOD_LENGTH,79,86,3,5.51,28.67,26.33,India
274921,Veerasammy Permaul,spin bowler,Left Off Spin,OUTSIDE_OFFSTUMP,SHORT_OF_A_GOOD_LENGTH,83,86,7,5.79,12.29,11.86,West Indies
528067,Murugan Ashwin,spin bowler,Right Wrist Spin,ON_THE_STUMPS,FULL,153,86,4,10.67,21.5,38.25,India
914567,Oshane Thomas,pace bowler,Right Fast,ON_THE_STUMPS,FULL,128,86,7,8.93,12.29,18.29,West Indies
244639,Harry Gurney,pace bowler,Left Fast,ON_THE_STUMPS,GOOD_LENGTH,115,86,8,8.02,10.75,14.38,England
638912,Matthew Kelly,pace bowler,Right Fast,OUTSIDE_OFFSTUMP,SHORT_OF_A_GOOD_LENGTH,89,86,5,6.21,17.2,17.8,Australia
974109,Mujeeb Ur Rahman,spin bowler,Right Off Spin,WIDE_OUTSIDE_OFFSTUMP,GOOD_LENGTH,85,86,5,5.93,17.2,17.0,Afghanistan
41434,Mohammad Hafeez,spin bowler,Right Off Spin,OUTSIDE_OFFSTUMP,FULL,130,86,3,9.07,28.67,43.33,Pakistan
675945,Nahidul Islam,spin bowler,Right Off Spin,OUTSIDE_OFFSTUMP,FULL,99,86,4,6.91,21.5,24.75,Bangladesh
4864,Dan Christian,pace bowler,Right Fast,OUTSIDE_OFFSTUMP,SHORT,170,86,9,11.86,9.56,18.89,Australia
55395,Colin de Grandhomme,pace bowler,Right Fast,OUTSIDE_OFFSTUMP,FULL,123,86,4,8.58,21.5,30.75,New Zealand
29264,Harbhajan Singh,spin bowler,Right Off Spin,ON_THE_STUMPS,FULL,102,86,6,7.12,14.33,17.0,India
1159843,Kumar Kartikeya,spin bowler,Mixed,ON_THE_STUMPS,GOOD_LENGTH,68,86,2,4.74,43.0,34.0,India
802575,T Natarajan,pace bowler,Left Medium,ON_THE_STUMPS,YORKER,62,85,12,4.38,7.08,5.17,India
1123718,Spencer Johnson,pace bowler,Left Fast,OUTSIDE_OFFSTUMP,SHORT_OF_A_GOOD_LENGTH,79,85,7,5.58,12.14,11.29,Australia
1246528,Umran Malik,pace bowler,Right Fast,OUTSIDE_OFFSTUMP,SHORT,236,85,7,16.66,12.14,33.71,India
233904,Yasim Murtaza,spin bowler,Left Off Spin,ON_THE_STUMPS,GOOD_LENGTH,91,85,2,6.42,42.5,45.5,Hong Kong
928067,Josh Little,pace bowler,Left Fast,ON_THE_STUMPS,FULL,112,85,6,7.91,14.17,18.67,Ireland
897549,Will Jacks,spin bowler,Right Off Spin,ON_THE_STUMPS,GOOD_LENGTH,84,85,3,5.93,28.33,28.0,England
819429,Azmatullah Omarzai,pace bowler,Right Fast,ON_THE_STUMPS,FULL,134,85,5,9.46,17.0,26.8,Afghanistan
848623,Mark Deyal,spin bowler,Right Off Spin,OUTSIDE_OFFSTUMP,GOOD_LENGTH,89,85,4,6.28,21.25,22.25,West Indies
940973,Mohammed Siraj,pace bowler,Right Fast,ON_THE_STUMPS,SHORT,157,85,3,11.08,28.33,52.33,India
457249,Carlos Brathwaite,pace bowler,Right Fast,WIDE_OUTSIDE_OFFSTUMP,GOOD_LENGTH,103,85,4,7.27,21.25,25.75,West Indies
591650,Ankit Rajpoot,pace bowler,Right Medium,OUTSIDE_OFFSTUMP,GOOD_LENGTH,99,85,3,6.99,28.33,33.0,India
326968,Michael Bracewell,spin bowler,Right Off Spin,OUTSIDE_OFFSTUMP,SHORT_OF_A_GOOD_LENGTH,79,85,7,5.58,12.14,11.29,New Zealand
459508,Andrew Tye,pace bowler,Right Fast,ON_THE_STUMPS,SHORT,148,85,10,10.45,8.5,14.8,Australia
1072470,Shaheen Shah Afridi,pace bowler,Left Fast,OUTSIDE_OFFSTUMP,YORKER,58,85,1,4.09,85.0,58.0,Pakistan
440522,Logan van Beek,pace bowler,Right Fast,ON_THE_STUMPS,GOOD_LENGTH,75,85,6,5.29,14.17,12.5,Netherlands
1076713,Cameron Green,pace bowler,Right Fast,OUTSIDE_OFFSTUMP,GOOD_LENGTH,82,85,3,5.79,28.33,27.33,Australia
627627,Tom Rogers,pace bowler,Right Fast,ON_THE_STUMPS,FULL,126,85,5,8.89,17.0,25.2,Australia
465793,Dhananjaya de Silva,spin bowler,Right Off Spin,ON_THE_STUMPS,FULL,102,85,2,7.2,42.5,51.0,Sri Lanka
414966,Michael Leask,spin bowler,Right Off Spin,ON_THE_STUMPS,GOOD_LENGTH,92,84,4,6.57,21.0,23.0,Scotland
277912,Trent Boult,pace bowler,Left Fast,DOWN_LEG,SHORT,143,84,7,10.21,12.0,20.43,New Zealand
1263691,Rehan Ahmed,spin bowler,Right Wrist Spin,ON_THE_STUMPS,GOOD_LENGTH,104,84,4,7.43,21.0,26.0,England
906749,Dominic Drakes,pace bowler,Left Fast,OUTSIDE_OFFSTUMP,FULL,180,84,4,12.86,21.0,45.0,West Indies
629065,Nihaduzzaman,spin bowler,Left Off Spin,ON_THE_STUMPS,GOOD_LENGTH,98,84,2,7.0,42.0,49.0,Bangladesh
277912,Trent Boult,pace bowler,Left Fast,DOWN_LEG,SHORT_OF_A_GOOD_LENGTH,107,84,4,7.64,21.0,26.75,New Zealand
1139520,Tanzim Hasan Sakib,pace bowler,Right Medium,OUTSIDE_OFFSTUMP,GOOD_LENGTH,109,84,4,7.79,21.0,27.25,Bangladesh
1312645,Harshit Rana,pace bowler,Right Fast,OUTSIDE_OFFSTUMP,GOOD_LENGTH,80,84,13,5.71,6.46,6.15,India
681117,Faheem Ashraf,pace bowler,Right Medium,WIDE_OUTSIDE_OFFSTUMP,SHORT_OF_A_GOOD_LENGTH,94,84,1,6.71,84.0,94.0,Pakistan
450860,Adam Milne,pace bowler,Right Fast,ON_THE_STUMPS,FULL,134,84,4,9.57,21.0,33.5,New Zealand
625383,Jasprit Bumrah,pace bowler,Right Fast,WIDE_OUTSIDE_OFFSTUMP,SHORT_OF_A_GOOD_LENGTH,94,84,7,6.71,12.0,13.43,India
19264,Liam Plunkett,pace bowler,Right Fast,ON_THE_STUMPS,SHORT_OF_A_GOOD_LENGTH,111,84,7,7.93,12.0,15.86,United States of America
475281,Shardul Thakur,pace bowler,Right Medium,ON_THE_STUMPS,SHORT,155,84,7,11.07,12.0,22.14,India
698343,Eathan Bosch,pace bowler,Right Fast,ON_THE_STUMPS,GOOD_LENGTH,69,84,6,4.93,14.0,11.5,South Africa
272465,James Pattinson,pace bowler,Right Fast,OUTSIDE_OFFSTUMP,GOOD_LENGTH,83,83,4,6.0,20.75,20.75,Australia
1263691,Rehan Ahmed,spin bowler,Right Wrist Spin,OUTSIDE_OFFSTUMP,GOOD_LENGTH,91,83,4,6.58,20.75,22.75,England
315594,Ashley Nurse,spin bowler,Right Off Spin,ON_THE_STUMPS,GOOD_LENGTH,89,83,6,6.43,13.83,14.83,West Indies
41434,Mohammad Hafeez,spin bowler,Right Off Spin,OUTSIDE_OFFSTUMP,SHORT_OF_A_GOOD_LENGTH,116,83,3,8.39,27.67,38.67,Pakistan
272465,James Pattinson,pace bowler,Right Fast,ON_THE_STUMPS,GOOD_LENGTH,112,83,2,8.1,41.5,56.0,Australia
1163488,Rejaur Rahman Raja,pace bowler,Right Medium,OUTSIDE_OFFSTUMP,SHORT_OF_A_GOOD_LENGTH,85,83,3,6.14,27.67,28.33,Bangladesh
46538,Morne Morkel,pace bowler,Right Fast,ON_THE_STUMPS,GOOD_LENGTH,107,83,1,7.73,83.0,107.0,South Africa
423838,Rahul Tewatia,spin bowler,Right Wrist Spin,ON_THE_STUMPS,FULL,125,83,4,9.04,20.75,31.25,India
326016,Bhuvneshwar Kumar,pace bowler,Right Medium,WIDE_OUTSIDE_OFFSTUMP,FULL,174,83,6,12.58,13.83,29.0,India
51439,Dwayne Bravo,pace bowler,Right Medium,DOWN_LEG,FULL_TOSS,159,83,3,11.49,27.67,53.0,West Indies
854909,Blair Tickner,pace bowler,Right Fast,ON_THE_STUMPS,GOOD_LENGTH,128,83,6,9.25,13.83,21.33,New Zealand
697279,Usman Shinwari,pace bowler,Left Fast,OUTSIDE_OFFSTUMP,FULL,108,83,2,7.81,41.5,54.0,Pakistan
450101,Raymon Reifer,pace bowler,Left Fast,OUTSIDE_OFFSTUMP,FULL,132,83,13,9.54,6.38,10.15,West Indies
267724,Keshav Maharaj,spin bowler,Left Off Spin,OUTSIDE_OFFSTUMP,FULL,134,83,2,9.69,41.5,67.0,South Africa
1312645,Harshit Rana,pace bowler,Right Fast,OUTSIDE_OFFSTUMP,SHORT_OF_A_GOOD_LENGTH,83,83,3,6.0,27.67,27.67,India
390484,Jaydev Unadkat,pace bowler,Left Medium,OUTSIDE_OFFSTUMP,SHORT,187,83,6,13.52,13.83,31.17,India
10582,Ravi Bopara,pace bowler,Right Medium,ON_THE_STUMPS,GOOD_LENGTH,102,83,2,7.37,41.5,51.0,England
1079848,Shivam Mavi,pace bowler,Right Fast,OUTSIDE_OFFSTUMP,FULL,137,82,7,10.02,11.71,19.57,India
290948,Mohammad Amir,pace bowler,Left Fast,ON_THE_STUMPS,YORKER,58,82,12,4.24,6.83,4.83,Pakistan
653695,Matt Parkinson,spin bowler,Right Wrist Spin,OUTSIDE_OFFSTUMP,GOOD_LENGTH,125,82,5,9.15,16.4,25.0,England
547766,Jacob Duffy,pace bowler,Right Fast,OUTSIDE_OFFSTUMP,SHORT_OF_A_GOOD_LENGTH,78,82,5,5.71,16.4,15.6,New Zealand
1139523,Rishad Hossain,spin bowler,Right Wrist Spin,ON_THE_STUMPS,GOOD_LENGTH,99,82,8,7.24,10.25,12.38,Bangladesh
922943,Shadab Khan,spin bowler,Right Wrist Spin,WIDE_OUTSIDE_OFFSTUMP,FULL,152,82,9,11.12,9.11,16.89,Pakistan
300619,Rubel Hossain,pace bowler,Right Fast,ON_THE_STUMPS,SHORT_OF_A_GOOD_LENGTH,94,82,10,6.88,8.2,9.4,Bangladesh
481875,George Linde,spin bowler,Left Off Spin,OUTSIDE_OFFSTUMP,FULL,125,82,5,9.15,16.4,25.0,South Africa
1159711,Shahbaz Ahmed,spin bowler,Left Off Spin,ON_THE_STUMPS,FULL,115,82,2,8.41,41.0,57.5,India
926851,Mukesh Kumar,pace bowler,Right Medium,OUTSIDE_OFFSTUMP,GOOD_LENGTH,94,82,7,6.88,11.71,13.43,India
438362,Sandeep Sharma,pace bowler,Right Medium,OUTSIDE_OFFSTUMP,SHORT,151,82,9,11.05,9.11,16.78,India
550215,Kagiso Rabada,pace bowler,Right Fast,ON_THE_STUMPS,FULL_TOSS,184,82,9,13.46,9.11,20.44,South Africa
700167,Navdeep Saini,pace bowler,Right Fast,ON_THE_STUMPS,GOOD_LENGTH,113,82,4,8.27,20.5,28.25,India
288284,Josh Hazlewood,pace bowler,Right Fast,ON_THE_STUMPS,FULL,178,82,4,13.02,20.5,44.5,Australia
557298,Daniel Worrall,pace bowler,Right Fast,ON_THE_STUMPS,SHORT_OF_A_GOOD_LENGTH,87,82,5,6.37,16.4,17.4,Australia
1153149,Vijayakanth Viyaskanth,spin bowler,Right Wrist Spin,OUTSIDE_OFFSTUMP,SHORT_OF_A_GOOD_LENGTH,108,81,3,8.0,27.0,36.0,Sri Lanka
482478,Jan Frylinck,pace bowler,Left Fast,OUTSIDE_OFFSTUMP,GOOD_LENGTH,82,81,1,6.07,81.0,82.0,Namibia
960361,Sandeep Lamichhane,spin bowler,Right Wrist Spin,ON_THE_STUMPS,SHORT_OF_A_GOOD_LENGTH,93,81,1,6.89,81.0,93.0,Nepal
437316,Dasun Shanaka,pace bowler,Right Medium,ON_THE_STUMPS,SHORT_OF_A_GOOD_LENGTH,123,81,4,9.11,20.25,30.75,Sri Lanka
878465,Mehedi Hasan Rana,pace bowler,Left Fast,ON_THE_STUMPS,GOOD_LENGTH,110,81,6,8.15,13.5,18.33,Bangladesh
1131754,Chetan Sakariya,pace bowler,Left Fast,OUTSIDE_OFFSTUMP,SHORT_OF_A_GOOD_LENGTH,107,81,4,7.93,20.25,26.75,India
290948,Mohammad Amir,pace bowler,Left Fast,OUTSIDE_OFFSTUMP,SHORT,120,81,4,8.89,20.25,30.0,Pakistan
1203995,Shahnawaz Dahani,pace bowler,Right Fast,ON_THE_STUMPS,SHORT_OF_A_GOOD_LENGTH,119,81,2,8.81,40.5,59.5,Pakistan
29264,Harbhajan Singh,spin bowler,Right Off Spin,WIDE_OUTSIDE_OFFSTUMP,GOOD_LENGTH,81,81,7,6.0,11.57,11.57,India
463668,Jake Lintott,spin bowler,Left Wrist Spin,ON_THE_STUMPS,GOOD_LENGTH,116,81,1,8.59,81.0,116.0,England
481979,Anrich Nortje,pace bowler,Right Fast,ON_THE_STUMPS,SHORT,103,81,13,7.63,6.23,7.92,South Africa
290948,Mohammad Amir,pace bowler,Left Fast,ON_THE_STUMPS,SHORT,146,81,7,10.81,11.57,20.86,Pakistan
709675,James Bazley,pace bowler,Right Fast,OUTSIDE_OFFSTUMP,GOOD_LENGTH,88,81,5,6.52,16.2,17.6,Australia
826901,Daniel Sams,pace bowler,Left Fast,DOWN_LEG,GOOD_LENGTH,103,81,6,7.63,13.5,17.17,Australia
625383,Jasprit Bumrah,pace bowler,Right Fast,DOWN_LEG,GOOD_LENGTH,81,81,5,6.0,16.2,16.2,India
272262,Kane Richardson,pace bowler,Right Fast,WIDE_OUTSIDE_OFFSTUMP,SHORT_OF_A_GOOD_LENGTH,87,81,2,6.44,40.5,43.5,Australia
669855,Jofra Archer,pace bowler,Right Fast,ON_THE_STUMPS,SHORT,134,81,5,9.93,16.2,26.8,England
1050545,Xavier Bartlett,pace bowler,Right Fast,OUTSIDE_OFFSTUMP,SHORT_OF_A_GOOD_LENGTH,86,81,5,6.37,16.2,17.2,Australia
633362,Sharafuddin Ashraf,spin bowler,Left Off Spin,OUTSIDE_OFFSTUMP,GOOD_LENGTH,105,81,3,7.78,27.0,35.0,Afghanistan
351588,Mark Wood,pace bowler,Right Fast,ON_THE_STUMPS,SHORT_OF_A_GOOD_LENGTH,108,81,10,8.0,8.1,10.8,England
390484,Jaydev Unadkat,pace bowler,Left Medium,ON_THE_STUMPS,FULL,160,81,6,11.85,13.5,26.67,India
52334,Imran Khan,spin bowler,Right Wrist Spin,OUTSIDE_OFFSTUMP,GOOD_LENGTH,66,80,3,4.95,26.67,22.0,West Indies
932355,Ebadot Hossain,pace bowler,Right Fast,OUTSIDE_OFFSTUMP,GOOD_LENGTH,119,80,2,8.93,40.0,59.5,Bangladesh
710767,Abdul Majid,spin bowler,Left Off Spin,OUTSIDE_OFFSTUMP,GOOD_LENGTH,68,80,2,5.1,40.0,34.0,Bahrain
55346,Graeme Cremer,spin bowler,Right Wrist Spin,OUTSIDE_OFFSTUMP,GOOD_LENGTH,117,80,3,8.78,26.67,39.0,Zimbabwe
236779,Ishant Sharma,pace bowler,Right Fast,ON_THE_STUMPS,SHORT_OF_A_GOOD_LENGTH,104,80,3,7.8,26.67,34.67,India
1209270,Himanshu Rathod,spin bowler,Right Off Spin,OUTSIDE_OFFSTUMP,GOOD_LENGTH,78,80,8,5.85,10.0,9.75,Qatar
10582,Ravi Bopara,pace bowler,Right Medium,OUTSIDE_OFFSTUMP,SHORT_OF_A_GOOD_LENGTH,143,80,5,10.72,16.0,28.6,England
928059,Ben White,spin bowler,Right Wrist Spin,ON_THE_STUMPS,GOOD_LENGTH,78,80,3,5.85,26.67,26.0,Ireland
516561,Dawlat Zadran,pace bowler,Right Fast,OUTSIDE_OFFSTUMP,GOOD_LENGTH,111,80,2,8.32,40.0,55.5,Afghanistan
362710,David Payne,pace bowler,Left Fast,ON_THE_STUMPS,GOOD_LENGTH,100,80,9,7.5,8.89,11.11,England
707183,Peter Younghusband,spin bowler,Right Wrist Spin,OUTSIDE_OFFSTUMP,GOOD_LENGTH,68,80,5,5.1,16.0,13.6,New Zealand
629080,Binura Fernando,pace bowler,Left Fast,OUTSIDE_OFFSTUMP,SHORT_OF_A_GOOD_LENGTH,86,80,1,6.45,80.0,86.0,Sri Lanka
311158,Ben Stokes,pace bowler,Right Fast,ON_THE_STUMPS,FULL,113,80,3,8.48,26.67,37.67,England
440522,Logan van Beek,pace bowler,Right Fast,OUTSIDE_OFFSTUMP,SHORT_OF_A_GOOD_LENGTH,85,80,5,6.38,16.0,17.0,Netherlands
511532,Al-Amin Hossain,pace bowler,Right Fast,OUTSIDE_OFFSTUMP,FULL,160,80,3,12.0,26.67,53.33,Bangladesh
348056,Kyle Mayers,pace bowler,Right Medium,OUTSIDE_OFFSTUMP,SHORT_OF_A_GOOD_LENGTH,101,80,1,7.58,80.0,101.0,West Indies
330902,Mustafizur Rahman,pace bowler,Left Fast,ON_THE_STUMPS,FULL_TOSS,116,80,6,8.7,13.33,19.33,Bangladesh
931603,Brendan Doggett,pace bowler,Right Fast,ON_THE_STUMPS,SHORT_OF_A_GOOD_LENGTH,147,79,3,11.16,26.33,49.0,Australia
311592,Mitchell Starc,pace bowler,Left Fast,ON_THE_STUMPS,SHORT_OF_A_GOOD_LENGTH,104,79,3,7.9,26.33,34.67,Australia
473191,Richard Gleeson,pace bowler,Right Fast,ON_THE_STUMPS,GOOD_LENGTH,95,79,6,7.22,13.17,15.83,England
423838,Rahul Tewatia,spin bowler,Right Wrist Spin,OUTSIDE_OFFSTUMP,SHORT_OF_A_GOOD_LENGTH,101,79,3,7.67,26.33,33.67,India
499660,Gurinder Sandhu,pace bowler,Right Fast,OUTSIDE_OFFSTUMP,FULL,112,79,6,8.51,13.17,18.67,Australia
932355,Ebadot Hossain,pace bowler,Right Fast,OUTSIDE_OFFSTUMP,SHORT_OF_A_GOOD_LENGTH,105,79,4,7.97,19.75,26.25,Bangladesh
1076852,Liam Bowe,spin bowler,Left Wrist Spin,ON_THE_STUMPS,GOOD_LENGTH,106,79,4,8.05,19.75,26.5,Australia
550137,Abu Hider,pace bowler,Left Fast,OUTSIDE_OFFSTUMP,SHORT_OF_A_GOOD_LENGTH,99,79,2,7.52,39.5,49.5,Bangladesh
1171289,Al Islam,spin bowler,Right Off Spin,OUTSIDE_OFFSTUMP,GOOD_LENGTH,80,79,3,6.08,26.33,26.67,Bangladesh
434429,Aamer Yamin,pace bowler,Right Medium,OUTSIDE_OFFSTUMP,GOOD_LENGTH,66,79,5,5.01,15.8,13.2,Pakistan
927119,Ali Khan,pace bowler,Right Fast,ON_THE_STUMPS,GOOD_LENGTH,105,79,5,7.97,15.8,21.0,United States of America
794311,Louis Delport,spin bowler,Left Off Spin,OUTSIDE_OFFSTUMP,GOOD_LENGTH,53,79,4,4.03,19.75,13.25,New Zealand
555855,Harry Conway,pace bowler,Right Fast,ON_THE_STUMPS,GOOD_LENGTH,106,79,1,8.05,79.0,106.0,Australia
1104703,Fred Klaassen,pace bowler,Left Fast,OUTSIDE_OFFSTUMP,GOOD_LENGTH,90,79,2,6.84,39.5,45.0,England
530011,Travis Head,spin bowler,Right Off Spin,ON_THE_STUMPS,GOOD_LENGTH,111,79,3,8.43,26.33,37.0,Australia
376116,Umesh Yadav,pace bowler,Right Fast,ON_THE_STUMPS,SHORT,112,79,8,8.51,9.88,14.0,India
351588,Mark Wood,pace bowler,Right Fast,OUTSIDE_OFFSTUMP,SHORT,132,79,12,10.03,6.58,11.0,England
784375,Lahiru Kumara,pace bowler,Right Fast,OUTSIDE_OFFSTUMP,FULL,160,79,5,12.15,15.8,32.0,Sri Lanka
629063,Mehidy Hasan Miraz,spin bowler,Right Off Spin,OUTSIDE_OFFSTUMP,SHORT_OF_A_GOOD_LENGTH,107,79,4,8.13,19.75,26.75,Bangladesh
1209110,Basil Hameed,spin bowler,Right Off Spin,ON_THE_STUMPS,GOOD_LENGTH,74,79,8,5.62,9.88,9.25,United Arab Emirates
5961,Moises Henriques,pace bowler,Right Fast,OUTSIDE_OFFSTUMP,FULL,82,79,7,6.23,11.29,11.71,Australia
459508,Andrew Tye,pace bowler,Right Fast,WIDE_OUTSIDE_OFFSTUMP,FULL,164,79,8,12.46,9.88,20.5,Australia
26907,Rajat Bhatia,pace bowler,Right Fast,OUTSIDE_OFFSTUMP,GOOD_LENGTH,91,79,1,6.91,79.0,91.0,India
707183,Peter Younghusband,spin bowler,Right Wrist Spin,ON_THE_STUMPS,GOOD_LENGTH,104,79,5,7.9,15.8,20.8,New Zealand
403902,Liam Livingstone,spin bowler,Mixed,ON_THE_STUMPS,SHORT_OF_A_GOOD_LENGTH,114,79,4,8.66,19.75,28.5,England
942367,Mayank Dagar,spin bowler,Left Off Spin,ON_THE_STUMPS,GOOD_LENGTH,70,79,6,5.32,13.17,11.67,India
670031,Alzarri Joseph,pace bowler,Right Fast,DOWN_LEG,SHORT_OF_A_GOOD_LENGTH,90,79,5,6.84,15.8,18.0,West Indies
550137,Abu Hider,pace bowler,Left Fast,ON_THE_STUMPS,GOOD_LENGTH,99,79,3,7.52,26.33,33.0,Bangladesh
906783,Obed McCoy,pace bowler,Left Fast,DOWN_LEG,SHORT,166,79,3,12.61,26.33,55.33,West Indies
1108490,Waqar Salamkheil,spin bowler,Left Wrist Spin,OUTSIDE_OFFSTUMP,GOOD_LENGTH,67,78,6,5.15,13.0,11.17,Afghanistan
481896,Mohammed Shami,pace bowler,Right Fast,ON_THE_STUMPS,YORKER,52,78,13,4.0,6.0,4.0,India
781705,Salman Irshad,pace bowler,Right Fast,ON_THE_STUMPS,SHORT_OF_A_GOOD_LENGTH,89,78,4,6.85,19.5,22.25,Pakistan
244639,Harry Gurney,pace bowler,Left Fast,OUTSIDE_OFFSTUMP,FULL,101,78,7,7.77,11.14,14.43,England
793467,Karim Janat,pace bowler,Right Medium,ON_THE_STUMPS,FULL,105,78,7,8.08,11.14,15.0,Afghanistan
550215,Kagiso Rabada,pace bowler,Right Fast,OUTSIDE_OFFSTUMP,FULL_TOSS,141,78,3,10.85,26.0,47.0,South Africa
348049,Nasum Ahmed,spin bowler,Left Off Spin,ON_THE_STUMPS,SHORT_OF_A_GOOD_LENGTH,112,78,1,8.62,78.0,112.0,Bangladesh
56007,Mashrafe Mortaza,pace bowler,Right Fast,OUTSIDE_OFFSTUMP,FULL,119,78,2,9.15,39.0,59.5,Bangladesh
56007,Mashrafe Mortaza,pace bowler,Right Fast,ON_THE_STUMPS,SHORT_OF_A_GOOD_LENGTH,85,78,2,6.54,39.0,42.5,Bangladesh
308798,D'Arcy Short,spin bowler,Left Wrist Spin,ON_THE_STUMPS,FULL,128,78,4,9.85,19.5,32.0,Australia
272450,Mitchell Marsh,pace bowler,Right Medium,ON_THE_STUMPS,SHORT_OF_A_GOOD_LENGTH,120,78,4,9.23,19.5,30.0,Australia
1078697,Jeavor Royal,spin bowler,Left Off Spin,ON_THE_STUMPS,GOOD_LENGTH,78,78,5,6.0,15.6,15.6,West Indies
402992,Shuvagata Hom,spin bowler,Right Off Spin,ON_THE_STUMPS,GOOD_LENGTH,72,78,3,5.54,26.0,24.0,Bangladesh
391832,Roston Chase,spin bowler,Right Off Spin,ON_THE_STUMPS,FULL,77,78,5,5.92,15.6,15.4,West Indies
716733,Khushdil Shah,spin bowler,Left Off Spin,OUTSIDE_OFFSTUMP,SHORT_OF_A_GOOD_LENGTH,89,78,4,6.85,19.5,22.25,Pakistan
230371,Ben Cutting,pace bowler,Right Fast,ON_THE_STUMPS,FULL,139,78,3,10.69,26.0,46.33,Australia
422992,Ankit Sharma,spin bowler,Left Off Spin,ON_THE_STUMPS,GOOD_LENGTH,106,78,3,8.15,26.0,35.33,India
1125976,Arshdeep Singh,pace bowler,Left Fast,ON_THE_STUMPS,SHORT,132,78,10,10.15,7.8,13.2,India
774223,Jhye Richardson,pace bowler,Right Fast,OUTSIDE_OFFSTUMP,SHORT,181,78,2,13.92,39.0,90.5,Australia
352048,Gulbadin Naib,pace bowler,Right Fast,OUTSIDE_OFFSTUMP,SHORT_OF_A_GOOD_LENGTH,94,77,2,7.32,38.5,47.0,Afghanistan
917159,Prasidh Krishna,pace bowler,Right Fast,ON_THE_STUMPS,FULL,142,77,2,11.06,38.5,71.0,India
785323,Nathan McAndrew,pace bowler,Right Fast,ON_THE_STUMPS,SHORT_OF_A_GOOD_LENGTH,103,77,1,8.03,77.0,103.0,Australia
550137,Abu Hider,pace bowler,Left Fast,OUTSIDE_OFFSTUMP,FULL,85,77,5,6.62,15.4,17.0,Bangladesh
1132005,Mohsin Khan,pace bowler,Left Fast,OUTSIDE_OFFSTUMP,SHORT_OF_A_GOOD_LENGTH,88,77,7,6.86,11.0,12.57,India
901155,Liam Hatcher,pace bowler,Right Fast,ON_THE_STUMPS,GOOD_LENGTH,86,77,7,6.7,11.0,12.29,Australia
51784,Rayad Emrit,pace bowler,Right Fast,OUTSIDE_OFFSTUMP,SHORT,156,77,3,12.16,25.67,52.0,West Indies
230559,Kieron Pollard,pace bowler,Right Medium,ON_THE_STUMPS,FULL,114,77,6,8.88,12.83,19.0,West Indies
681117,Faheem Ashraf,pace bowler,Right Medium,OUTSIDE_OFFSTUMP,SHORT,214,77,5,16.68,15.4,42.8,Pakistan
837611,Henry Thornton,pace bowler,Right Fast,OUTSIDE_OFFSTUMP,GOOD_LENGTH,83,77,3,6.47,25.67,27.67,Australia
326625,Cameron Boyce,spin bowler,Right Wrist Spin,OUTSIDE_OFFSTUMP,SHORT_OF_A_GOOD_LENGTH,108,77,2,8.42,38.5,54.0,Australia
233514,Thisara Perera,pace bowler,Right Fast,ON_THE_STUMPS,FULL,143,77,6,11.14,12.83,23.83,Sri Lanka
215152,Jackson Bird,pace bowler,Right Fast,OUTSIDE_OFFSTUMP,FULL,124,76,1,9.79,76.0,124.0,Australia
633428,Mohammad Ghazanfar,spin bowler,Right Wrist Spin,ON_THE_STUMPS,GOOD_LENGTH,93,76,3,7.34,25.33,31.0,Hong Kong
784379,Wanindu Hasaranga,spin bowler,Right Wrist Spin,ON_THE_STUMPS,FULL,99,76,6,7.82,12.67,16.5,Sri Lanka
429981,Mohammad Irfan,pace bowler,Left Fast,DOWN_LEG,SHORT_OF_A_GOOD_LENGTH,83,76,3,6.55,25.33,27.67,Pakistan
557298,Daniel Worrall,pace bowler,Right Fast,OUTSIDE_OFFSTUMP,FULL,116,76,4,9.16,19.0,29.0,Australia
8180,Shane Watson,pace bowler,Right Fast,ON_THE_STUMPS,FULL,94,76,5,7.42,15.2,18.8,Australia
459508,Andrew Tye,pace bowler,Right Fast,OUTSIDE_OFFSTUMP,FULL_TOSS,141,76,2,11.13,38.0,70.5,Australia
643885,Saqib Mahmood,pace bowler,Right Fast,OUTSIDE_OFFSTUMP,GOOD_LENGTH,100,76,3,7.89,25.33,33.33,England
694211,Avesh Khan,pace bowler,Right Fast,ON_THE_STUMPS,FULL,140,76,6,11.05,12.67,23.33,India
802575,T Natarajan,pace bowler,Left Medium,OUTSIDE_OFFSTUMP,FULL_TOSS,169,76,4,13.34,19.0,42.25,India
379504,Adam Zampa,spin bowler,Right Wrist Spin,DOWN_LEG,FULL,97,76,1,7.66,76.0,97.0,Australia
500268,Ashton Turner,spin bowler,Right Off Spin,OUTSIDE_OFFSTUMP,GOOD_LENGTH,81,76,4,6.39,19.0,20.25,Australia
268740,Seekkuge Prasanna,spin bowler,Right Wrist Spin,OUTSIDE_OFFSTUMP,FULL,111,76,4,8.76,19.0,27.75,Sri Lanka
53115,Daren Sammy,pace bowler,Right Medium,OUTSIDE_OFFSTUMP,GOOD_LENGTH,86,76,3,6.79,25.33,28.67,West Indies
538506,Taskin Ahmed,pace bowler,Right Fast,OUTSIDE_OFFSTUMP,SHORT,151,76,5,11.92,15.2,30.2,Bangladesh
10582,Ravi Bopara,pace bowler,Right Medium,OUTSIDE_OFFSTUMP,FULL,89,76,3,7.03,25.33,29.67,England
820351,Rovman Powell,pace bowler,Right Fast,OUTSIDE_OFFSTUMP,FULL,144,76,3,11.37,25.33,48.0,West Indies
793463,Rashid Khan,spin bowler,Right Wrist Spin,DOWN_LEG,FULL,96,76,2,7.58,38.0,48.0,Afghanistan
384525,Zahoor Khan,pace bowler,Right Fast,OUTSIDE_OFFSTUMP,FULL,91,76,8,7.18,9.5,11.38,United Arab Emirates
1211825,William O’Rourke,pace bowler,Right Fast,OUTSIDE_OFFSTUMP,GOOD_LENGTH,76,76,2,6.0,38.0,38.0,New Zealand
277237,Iqbal Abdulla,spin bowler,Left Off Spin,OUTSIDE_OFFSTUMP,GOOD_LENGTH,92,76,3,7.26,25.33,30.67,India
553249,Bjorn Fortuin,spin bowler,Left Off Spin,OUTSIDE_OFFSTUMP,SHORT_OF_A_GOOD_LENGTH,62,76,4,4.89,19.0,15.5,South Africa
360456,Asela Gunaratne,pace bowler,Right Fast,OUTSIDE_OFFSTUMP,GOOD_LENGTH,96,76,1,7.58,76.0,96.0,Sri Lanka
300619,Rubel Hossain,pace bowler,Right Fast,OUTSIDE_OFFSTUMP,FULL,102,76,3,8.05,25.33,34.0,Bangladesh
568136,Fareed Ahmad,pace bowler,Left Fast,OUTSIDE_OFFSTUMP,GOOD_LENGTH,93,76,4,7.34,19.0,23.25,Afghanistan
450101,Raymon Reifer,pace bowler,Left Fast,ON_THE_STUMPS,GOOD_LENGTH,77,76,5,6.08,15.2,15.4,West Indies
330223,Bernard Scholtz,spin bowler,Left Off Spin,OUTSIDE_OFFSTUMP,GOOD_LENGTH,60,76,11,4.74,6.91,5.45,Namibia
31820,Ashish Nehra,pace bowler,Left Fast,OUTSIDE_OFFSTUMP,FULL,90,76,4,7.11,19.0,22.5,India
961713,Riley Meredith,pace bowler,Right Fast,ON_THE_STUMPS,SHORT,128,75,8,10.24,9.38,16.0,Australia
793007,Dilshan Madushanka,pace bowler,Left Fast,OUTSIDE_OFFSTUMP,GOOD_LENGTH,85,75,4,6.8,18.75,21.25,Sri Lanka
376324,Anureet Singh,pace bowler,Right Medium,OUTSIDE_OFFSTUMP,GOOD_LENGTH,86,75,1,6.88,75.0,86.0,India
375724,Kamrul Islam,pace bowler,Right Fast,ON_THE_STUMPS,GOOD_LENGTH,108,75,5,8.64,15.0,21.6,Bangladesh
288285,Clive Rose,spin bowler,Left Off Spin,ON_THE_STUMPS,FULL,103,75,1,8.24,75.0,103.0,Australia
333872,Sam Rainbird,pace bowler,Left Fast,OUTSIDE_OFFSTUMP,GOOD_LENGTH,100,75,2,8.0,37.5,50.0,Australia
234675,Ravindra Jadeja,spin bowler,Left Off Spin,WIDE_OUTSIDE_OFFSTUMP,GOOD_LENGTH,107,75,2,8.56,37.5,53.5,India
530811,Chandrapaul Hemraj,spin bowler,Left Off Spin,OUTSIDE_OFFSTUMP,GOOD_LENGTH,69,75,2,5.52,37.5,34.5,West Indies
230371,Ben Cutting,pace bowler,Right Fast,OUTSIDE_OFFSTUMP,SHORT,168,75,3,13.44,25.0,56.0,Australia
540316,Andile Phehlukwayo,pace bowler,Right Fast,OUTSIDE_OFFSTUMP,FULL,120,75,4,9.6,18.75,30.0,South Africa
766809,Jordan Thompson,pace bowler,Right Fast,OUTSIDE_OFFSTUMP,GOOD_LENGTH,100,75,5,8.0,15.0,20.0,England
1170471,Tanveer Sangha,spin bowler,Right Wrist Spin,ON_THE_STUMPS,SHORT_OF_A_GOOD_LENGTH,90,75,5,7.2,15.0,18.0,Australia
230559,Kieron Pollard,pace bowler,Right Medium,OUTSIDE_OFFSTUMP,SHORT,129,75,6,10.32,12.5,21.5,West Indies
379927,Beuran Hendricks,pace bowler,Left Fast,OUTSIDE_OFFSTUMP,GOOD_LENGTH,93,75,6,7.44,12.5,15.5,South Africa
362710,David Payne,pace bowler,Left Fast,OUTSIDE_OFFSTUMP,SHORT_OF_A_GOOD_LENGTH,75,75,4,6.0,18.75,18.75,England
1070196,Yash Thakur,pace bowler,Right Fast,OUTSIDE_OFFSTUMP,SHORT_OF_A_GOOD_LENGTH,118,75,2,9.44,37.5,59.0,India
1212829,Ali Naseer,pace bowler,Right Medium,OUTSIDE_OFFSTUMP,SHORT_OF_A_GOOD_LENGTH,76,75,5,6.08,15.0,15.2,United Arab Emirates
822553,Tushar Deshpande,pace bowler,Right Medium,ON_THE_STUMPS,SHORT_OF_A_GOOD_LENGTH,109,75,3,8.72,25.0,36.33,India
1163855,Hayden Kerr,pace bowler,Left Fast,ON_THE_STUMPS,FULL,112,75,4,8.96,18.75,28.0,Australia
432960,Simon Harmer,spin bowler,Right Off Spin,ON_THE_STUMPS,GOOD_LENGTH,91,75,3,7.28,25.0,30.33,South Africa
308798,D'Arcy Short,spin bowler,Left Wrist Spin,OUTSIDE_OFFSTUMP,FULL,114,75,3,9.12,25.0,38.0,Australia
1125317,Lance Morris,pace bowler,Right Fast,OUTSIDE_OFFSTUMP,SHORT_OF_A_GOOD_LENGTH,92,75,4,7.36,18.75,23.0,Australia
510530,Jamie Overton,pace bowler,Right Fast,OUTSIDE_OFFSTUMP,SHORT_OF_A_GOOD_LENGTH,87,75,6,6.96,12.5,14.5,England
459257,Tymal Mills,pace bowler,Left Fast,ON_THE_STUMPS,FULL,143,75,9,11.44,8.33,15.89,England
784379,Wanindu Hasaranga,spin bowler,Right Wrist Spin,OUTSIDE_OFFSTUMP,FULL,83,75,8,6.64,9.38,10.38,Sri Lanka
550235,Tom Curran,pace bowler,Right Fast,OUTSIDE_OFFSTUMP,FULL_TOSS,169,75,4,13.52,18.75,42.25,England
1167779,Ayush Shukla,pace bowler,Right Medium,OUTSIDE_OFFSTUMP,GOOD_LENGTH,91,75,5,7.28,15.0,18.2,Hong Kong
425639,Tendai Chatara,pace bowler,Right Fast,ON_THE_STUMPS,GOOD_LENGTH,72,75,4,5.76,18.75,18.0,Zimbabwe
605683,Migael Pretorius,pace bowler,Right Fast,ON_THE_STUMPS,GOOD_LENGTH,109,74,4,8.84,18.5,27.25,South Africa
555853,Mark Steketee,pace bowler,Right Fast,OUTSIDE_OFFSTUMP,FULL,137,74,4,11.11,18.5,34.25,Australia
457249,Carlos Brathwaite,pace bowler,Right Fast,WIDE_OUTSIDE_OFFSTUMP,SHORT_OF_A_GOOD_LENGTH,110,74,1,8.92,74.0,110.0,West Indies
1163855,Hayden Kerr,pace bowler,Left Fast,OUTSIDE_OFFSTUMP,FULL,113,74,5,9.16,14.8,22.6,Australia
49758,Lasith Malinga,pace bowler,Right Fast,ON_THE_STUMPS,FULL_TOSS,99,74,9,8.03,8.22,11.0,Sri Lanka
625371,Hardik Pandya,pace bowler,Right Fast,DOWN_LEG,SHORT,140,74,5,11.35,14.8,28.0,India
1072470,Shaheen Shah Afridi,pace bowler,Left Fast,DOWN_LEG,GOOD_LENGTH,103,74,3,8.35,24.67,34.33,Pakistan
1050545,Xavier Bartlett,pace bowler,Right Fast,ON_THE_STUMPS,FULL,111,74,7,9.0,10.57,15.86,Australia
1123718,Spencer Johnson,pace bowler,Left Fast,OUTSIDE_OFFSTUMP,GOOD_LENGTH,77,74,3,6.24,24.67,25.67,Australia
277912,Trent Boult,pace bowler,Left Fast,OUTSIDE_OFFSTUMP,FULL_TOSS,137,74,4,11.11,18.5,34.25,New Zealand
1079434,Riyan Parag,spin bowler,Right Wrist Spin,OUTSIDE_OFFSTUMP,GOOD_LENGTH,85,74,4,6.89,18.5,21.25,India
56268,Arafat Sunny,spin bowler,Left Off Spin,OUTSIDE_OFFSTUMP,FULL,71,74,4,5.76,18.5,17.75,Bangladesh
348148,Mohammad Nawaz,spin bowler,Left Off Spin,ON_THE_STUMPS,SHORT_OF_A_GOOD_LENGTH,116,74,2,9.41,37.0,58.0,Pakistan
244497,Adil Rashid,spin bowler,Right Wrist Spin,DOWN_LEG,GOOD_LENGTH,82,74,1,6.65,74.0,82.0,England
348034,George Dockrell,spin bowler,Left Off Spin,ON_THE_STUMPS,GOOD_LENGTH,88,74,3,7.14,24.67,29.33,Ireland
444135,Sohag Gazi,spin bowler,Right Off Spin,ON_THE_STUMPS,GOOD_LENGTH,91,74,2,7.38,37.0,45.5,Bangladesh
1153149,Vijayakanth Viyaskanth,spin bowler,Right Wrist Spin,ON_THE_STUMPS,FULL,84,74,5,6.81,14.8,16.8,Sri Lanka
638912,Matthew Kelly,pace bowler,Right Fast,OUTSIDE_OFFSTUMP,FULL,147,74,5,11.92,14.8,29.4,Australia
53191,Jerome Taylor,pace bowler,Right Fast,OUTSIDE_OFFSTUMP,GOOD_LENGTH,73,74,1,5.92,74.0,73.0,West Indies
247235,Chris Woakes,pace bowler,Right Fast,ON_THE_STUMPS,FULL,139,74,8,11.27,9.25,17.38,England
1203754,Junaid Siddique,pace bowler,Right Fast,ON_THE_STUMPS,GOOD_LENGTH,88,74,6,7.14,12.33,14.67,United Arab Emirates
422992,Ankit Sharma,spin bowler,Left Off Spin,OUTSIDE_OFFSTUMP,GOOD_LENGTH,79,74,2,6.41,37.0,39.5,India
697279,Usman Shinwari,pace bowler,Left Fast,ON_THE_STUMPS,SHORT_OF_A_GOOD_LENGTH,72,74,4,5.84,18.5,18.0,Pakistan
574178,Akila Dananjaya,spin bowler,Mixed,OUTSIDE_OFFSTUMP,SHORT_OF_A_GOOD_LENGTH,116,74,1,9.41,74.0,116.0,Sri Lanka
379927,Beuran Hendricks,pace bowler,Left Fast,ON_THE_STUMPS,GOOD_LENGTH,108,74,4,8.76,18.5,27.0,South Africa
310107,Danny Briggs,spin bowler,Left Off Spin,OUTSIDE_OFFSTUMP,GOOD_LENGTH,81,73,3,6.66,24.33,27.0,England
1203995,Shahnawaz Dahani,pace bowler,Right Fast,OUTSIDE_OFFSTUMP,SHORT,131,73,8,10.77,9.12,16.38,Pakistan
52912,Ravi Rampaul,pace bowler,Right Fast,ON_THE_STUMPS,SHORT_OF_A_GOOD_LENGTH,118,73,6,9.7,12.17,19.67,West Indies
959771,Nathan Smith,pace bowler,Right Fast,OUTSIDE_OFFSTUMP,GOOD_LENGTH,46,73,7,3.78,10.43,6.57,New Zealand
1012137,Mrittunjoy Chowdhury,pace bowler,Left Fast,OUTSIDE_OFFSTUMP,GOOD_LENGTH,64,73,7,5.26,10.43,9.14,Bangladesh
802575,T Natarajan,pace bowler,Left Medium,ON_THE_STUMPS,FULL_TOSS,144,73,6,11.84,12.17,24.0,India
447261,Deepak Chahar,pace bowler,Right Medium,ON_THE_STUMPS,SHORT,146,73,8,12.0,9.12,18.25,India
5961,Moises Henriques,pace bowler,Right Fast,ON_THE_STUMPS,SHORT_OF_A_GOOD_LENGTH,101,73,6,8.3,12.17,16.83,Australia
659081,Mark Watt,spin bowler,Left Off Spin,OUTSIDE_OFFSTUMP,FULL,88,73,7,7.23,10.43,12.57,Scotland
481896,Mohammed Shami,pace bowler,Right Fast,ON_THE_STUMPS,FULL_TOSS,165,73,6,13.56,12.17,27.5,India
677077,Romario Shepherd,pace bowler,Right Fast,WIDE_OUTSIDE_OFFSTUMP,FULL,166,73,7,13.64,10.43,23.71,West Indies
267724,Keshav Maharaj,spin bowler,Left Off Spin,ON_THE_STUMPS,SHORT_OF_A_GOOD_LENGTH,117,73,2,9.62,36.5,58.5,South Africa
595921,Curtis Campher,pace bowler,Right Fast,ON_THE_STUMPS,GOOD_LENGTH,73,73,4,6.0,18.25,18.25,Ireland
550235,Tom Curran,pace bowler,Right Fast,ON_THE_STUMPS,FULL_TOSS,134,73,7,11.01,10.43,19.14,England
1070183,Abhishek Sharma,spin bowler,Left Off Spin,OUTSIDE_OFFSTUMP,GOOD_LENGTH,93,73,3,7.64,24.33,31.0,India
1159720,Yash Dayal,pace bowler,Left Fast,OUTSIDE_OFFSTUMP,FULL,116,73,1,9.53,73.0,116.0,India
932635,Nayeem Hasan,spin bowler,Right Off Spin,ON_THE_STUMPS,GOOD_LENGTH,83,73,5,6.82,14.6,16.6,Bangladesh
1206623,Dilbar Hussain,pace bowler,Right Fast,OUTSIDE_OFFSTUMP,GOOD_LENGTH,82,73,6,6.74,12.17,13.67,Pakistan
901155,Liam Hatcher,pace bowler,Right Fast,OUTSIDE_OFFSTUMP,GOOD_LENGTH,102,73,3,8.38,24.33,34.0,Australia
277662,Corey Anderson,pace bowler,Left Fast,OUTSIDE_OFFSTUMP,GOOD_LENGTH,106,73,3,8.71,24.33,35.33,United States of America
629080,Binura Fernando,pace bowler,Left Fast,ON_THE_STUMPS,SHORT_OF_A_GOOD_LENGTH,70,73,6,5.75,12.17,11.67,Sri Lanka
211855,Liam Dawson,spin bowler,Left Off Spin,ON_THE_STUMPS,SHORT_OF_A_GOOD_LENGTH,104,73,2,8.55,36.5,52.0,England
1272475,Zaman Khan,pace bowler,Right Fast,ON_THE_STUMPS,SHORT,101,73,2,8.3,36.5,50.5,Pakistan
392945,Donald Tiripano,pace bowler,Right Fast,OUTSIDE_OFFSTUMP,GOOD_LENGTH,94,73,4,7.73,18.25,23.5,Zimbabwe
53191,Jerome Taylor,pace bowler,Right Fast,ON_THE_STUMPS,FULL,128,72,7,10.67,10.29,18.29,West Indies
49758,Lasith Malinga,pace bowler,Right Fast,ON_THE_STUMPS,YORKER,57,72,8,4.75,9.0,7.12,Sri Lanka
971349,Nandre Burger,pace bowler,Left Fast,ON_THE_STUMPS,GOOD_LENGTH,82,72,7,6.83,10.29,11.71,South Africa
31107,Amit Mishra,spin bowler,Right Wrist Spin,ON_THE_STUMPS,SHORT_OF_A_GOOD_LENGTH,90,72,6,7.5,12.0,15.0,India
675945,Nahidul Islam,spin bowler,Right Off Spin,ON_THE_STUMPS,FULL,62,72,3,5.17,24.0,20.67,Bangladesh
571703,Wellington Masakadza,spin bowler,Left Off Spin,ON_THE_STUMPS,FULL,92,72,2,7.67,36.0,46.0,Zimbabwe
234675,Ravindra Jadeja,spin bowler,Left Off Spin,DOWN_LEG,GOOD_LENGTH,117,72,4,9.75,18.0,29.25,India
1076713,Cameron Green,pace bowler,Right Fast,OUTSIDE_OFFSTUMP,FULL,169,72,3,14.08,24.0,56.33,Australia
1202098,Zakary Foulkes,pace bowler,Right Medium,OUTSIDE_OFFSTUMP,GOOD_LENGTH,53,72,5,4.42,14.4,10.6,New Zealand
7898,Peter Siddle,pace bowler,Right Fast,ON_THE_STUMPS,SHORT_OF_A_GOOD_LENGTH,100,72,3,8.33,24.0,33.33,Australia
475281,Shardul Thakur,pace bowler,Right Medium,WIDE_OUTSIDE_OFFSTUMP,FULL,158,72,8,13.17,9.0,19.75,India
355269,James Neesham,pace bowler,Right Fast,OUTSIDE_OFFSTUMP,SHORT,138,72,8,11.5,9.0,17.25,New Zealand
714451,Shivam Dube,pace bowler,Right Medium,OUTSIDE_OFFSTUMP,SHORT_OF_A_GOOD_LENGTH,77,72,4,6.42,18.0,19.25,India
909225,Paul Walter,pace bowler,Left Medium,OUTSIDE_OFFSTUMP,GOOD_LENGTH,91,72,5,7.58,14.4,18.2,England
662973,Sam Curran,pace bowler,Left Fast,DOWN_LEG,GOOD_LENGTH,125,72,2,10.42,36.0,62.5,England
1159371,Mohammad Ilyas,pace bowler,Right Fast,OUTSIDE_OFFSTUMP,GOOD_LENGTH,78,72,8,6.5,9.0,9.75,Pakistan
46538,Morne Morkel,pace bowler,Right Fast,OUTSIDE_OFFSTUMP,SHORT,115,72,4,9.58,18.0,28.75,South Africa
55870,Sean Williams,spin bowler,Left Off Spin,OUTSIDE_OFFSTUMP,FULL,102,72,4,8.5,18.0,25.5,Zimbabwe
448243,Rumman Raees,pace bowler,Left Fast,ON_THE_STUMPS,FULL,112,72,6,9.33,12.0,18.67,Pakistan
1284541,Zain Ul Abidin,spin bowler,Left Off Spin,OUTSIDE_OFFSTUMP,GOOD_LENGTH,71,72,5,5.92,14.4,14.2,Saudi Arabia
277912,Trent Boult,pace bowler,Left Fast,ON_THE_STUMPS,FULL_TOSS,145,72,3,12.08,24.0,48.33,New Zealand
1070183,Abhishek Sharma,spin bowler,Left Off Spin,ON_THE_STUMPS,GOOD_LENGTH,74,72,6,6.17,12.0,12.33,India
25913,Mohammad Nabi,spin bowler,Right Off Spin,DOWN_LEG,GOOD_LENGTH,96,72,3,8.0,24.0,32.0,Afghanistan
49619,Suranga Lakmal,pace bowler,Right Fast,OUTSIDE_OFFSTUMP,SHORT_OF_A_GOOD_LENGTH,92,71,4,7.77,17.75,23.0,Sri Lanka
436677,Soumya Sarkar,pace bowler,Right Fast,OUTSIDE_OFFSTUMP,FULL,139,71,2,11.75,35.5,69.5,Bangladesh
1163855,Hayden Kerr,pace bowler,Left Fast,OUTSIDE_OFFSTUMP,SHORT_OF_A_GOOD_LENGTH,95,71,4,8.03,17.75,23.75,Australia
495551,Sheldon Cottrell,pace bowler,Left Fast,OUTSIDE_OFFSTUMP,SHORT,144,71,4,12.17,17.75,36.0,West Indies
647667,Usama Mir,spin bowler,Right Wrist Spin,ON_THE_STUMPS,SHORT_OF_A_GOOD_LENGTH,102,71,7,8.62,10.14,14.57,Pakistan
55633,Chris Mpofu,pace bowler,Right Fast,OUTSIDE_OFFSTUMP,GOOD_LENGTH,64,71,5,5.41,14.2,12.8,Zimbabwe
681067,Akif Raja,pace bowler,Right Fast,OUTSIDE_OFFSTUMP,SHORT_OF_A_GOOD_LENGTH,119,71,1,10.06,71.0,119.0,United Arab Emirates
1158538,Abbas Afridi,pace bowler,Right Fast,ON_THE_STUMPS,FULL,119,71,8,10.06,8.88,14.88,Pakistan
47492,Dale Steyn,pace bowler,Right Fast,ON_THE_STUMPS,SHORT_OF_A_GOOD_LENGTH,80,71,2,6.76,35.5,40.0,South Africa
670031,Alzarri Joseph,pace bowler,Right Fast,ON_THE_STUMPS,SHORT,119,71,5,10.06,14.2,23.8,West Indies
784375,Lahiru Kumara,pace bowler,Right Fast,ON_THE_STUMPS,GOOD_LENGTH,105,71,5,8.87,14.2,21.0,Sri Lanka
18632,Samit Patel,spin bowler,Left Off Spin,OUTSIDE_OFFSTUMP,SHORT_OF_A_GOOD_LENGTH,98,71,2,8.28,35.5,49.0,England
381329,Beau Webster,mixture/unknown,Mixed,OUTSIDE_OFFSTUMP,SHORT_OF_A_GOOD_LENGTH,74,71,3,6.25,23.67,24.67,Australia
1131754,Chetan Sakariya,pace bowler,Left Fast,ON_THE_STUMPS,GOOD_LENGTH,68,71,5,5.75,14.2,13.6,India
12454,Joe Denly,spin bowler,Right Wrist Spin,ON_THE_STUMPS,GOOD_LENGTH,79,71,4,6.68,17.75,19.75,England
272385,Josh Lalor,pace bowler,Left Fast,OUTSIDE_OFFSTUMP,FULL,108,71,5,9.13,14.2,21.6,Australia
1163488,Rejaur Rahman Raja,pace bowler,Right Medium,OUTSIDE_OFFSTUMP,GOOD_LENGTH,100,71,3,8.45,23.67,33.33,Bangladesh
232359,Colin Munro,pace bowler,Right Fast,OUTSIDE_OFFSTUMP,GOOD_LENGTH,95,71,2,8.03,35.5,47.5,New Zealand
429122,Umaid Asif,pace bowler,Right Fast,ON_THE_STUMPS,SHORT_OF_A_GOOD_LENGTH,135,70,2,11.57,35.0,67.5,Pakistan
1159720,Yash Dayal,pace bowler,Left Fast,OUTSIDE_OFFSTUMP,SHORT_OF_A_GOOD_LENGTH,103,70,5,8.83,14.0,20.6,India
926851,Mukesh Kumar,pace bowler,Right Medium,OUTSIDE_OFFSTUMP,FULL,155,70,2,13.29,35.0,77.5,India
937953,Bilal Khan,pace bowler,Left Fast,ON_THE_STUMPS,FULL,77,70,8,6.6,8.75,9.62,Oman
1191384,Peter Hatzoglou,spin bowler,Right Wrist Spin,ON_THE_STUMPS,SHORT_OF_A_GOOD_LENGTH,90,70,4,7.71,17.5,22.5,Australia
52997,Shane Shillingford,spin bowler,Right Off Spin,OUTSIDE_OFFSTUMP,GOOD_LENGTH,70,70,4,6.0,17.5,17.5,West Indies
348056,Kyle Mayers,pace bowler,Right Medium,ON_THE_STUMPS,GOOD_LENGTH,86,70,2,7.37,35.0,43.0,West Indies
909225,Paul Walter,pace bowler,Left Medium,ON_THE_STUMPS,GOOD_LENGTH,75,70,6,6.43,11.67,12.5,England
837611,Henry Thornton,pace bowler,Right Fast,OUTSIDE_OFFSTUMP,SHORT_OF_A_GOOD_LENGTH,93,70,5,7.97,14.0,18.6,Australia
1241265,Aayan Afzal Khan,spin bowler,Left Off Spin,OUTSIDE_OFFSTUMP,SHORT_OF_A_GOOD_LENGTH,69,70,3,5.91,23.33,23.0,United Arab Emirates
390484,Jaydev Unadkat,pace bowler,Left Medium,DOWN_LEG,SHORT_OF_A_GOOD_LENGTH,95,70,2,8.14,35.0,47.5,India
414966,Michael Leask,spin bowler,Right Off Spin,OUTSIDE_OFFSTUMP,GOOD_LENGTH,96,70,5,8.23,14.0,19.2,Scotland
806241,Richard Ngarava,pace bowler,Left Fast,ON_THE_STUMPS,FULL,90,70,4,7.71,17.5,22.5,Zimbabwe
233514,Thisara Perera,pace bowler,Right Fast,WIDE_OUTSIDE_OFFSTUMP,FULL,176,70,2,15.09,35.0,88.0,Sri Lanka
379927,Beuran Hendricks,pace bowler,Left Fast,OUTSIDE_OFFSTUMP,SHORT_OF_A_GOOD_LENGTH,86,70,6,7.37,11.67,14.33,South Africa
450101,Raymon Reifer,pace bowler,Left Fast,OUTSIDE_OFFSTUMP,SHORT_OF_A_GOOD_LENGTH,99,70,4,8.49,17.5,24.75,West Indies
51439,Dwayne Bravo,pace bowler,Right Medium,ON_THE_STUMPS,SHORT,123,70,4,10.54,17.5,30.75,West Indies
465793,Dhananjaya de Silva,spin bowler,Right Off Spin,OUTSIDE_OFFSTUMP,FULL,86,70,3,7.37,23.33,28.67,Sri Lanka
495551,Sheldon Cottrell,pace bowler,Left Fast,ON_THE_STUMPS,SHORT,163,70,4,13.97,17.5,40.75,West Indies
332980,Charles Amini,spin bowler,Right Wrist Spin,OUTSIDE_OFFSTUMP,GOOD_LENGTH,55,70,8,4.71,8.75,6.88,Papua New Guinea
942645,Khaleel Ahmed,pace bowler,Left Medium,ON_THE_STUMPS,FULL,112,70,5,9.6,14.0,22.4,India
826915,Nathan Ellis,pace bowler,Right Fast,OUTSIDE_OFFSTUMP,SHORT,146,70,3,12.51,23.33,48.67,Australia
221140,David Wiese,pace bowler,Right Fast,WIDE_OUTSIDE_OFFSTUMP,SHORT_OF_A_GOOD_LENGTH,103,70,3,8.83,23.33,34.33,Namibia
784379,Wanindu Hasaranga de Silva,spin bowler,Right Wrist Spin,DOWN_LEG,GOOD_LENGTH,73,70,2,6.26,35.0,36.5,Sri Lanka
717373,Amad Butt,pace bowler,Right Fast,OUTSIDE_OFFSTUMP,GOOD_LENGTH,74,70,3,6.34,23.33,24.67,Pakistan
623695,Chamika Karunaratne,pace bowler,Right Fast,OUTSIDE_OFFSTUMP,FULL,146,70,3,12.51,23.33,48.67,Sri Lanka
391832,Roston Chase,spin bowler,Right Off Spin,ON_THE_STUMPS,SHORT_OF_A_GOOD_LENGTH,101,70,1,8.66,70.0,101.0,West Indies
1209292,Vaibhav Arora,pace bowler,Right Fast,OUTSIDE_OFFSTUMP,FULL,93,69,5,8.09,13.8,18.6,India
1079848,Shivam Mavi,pace bowler,Right Fast,ON_THE_STUMPS,GOOD_LENGTH,62,69,3,5.39,23.0,20.67,India
1193548,Tim Pringle,spin bowler,Left Off Spin,ON_THE_STUMPS,GOOD_LENGTH,88,69,4,7.65,17.25,22.0,Netherlands
605683,Migael Pretorius,pace bowler,Right Fast,ON_THE_STUMPS,SHORT_OF_A_GOOD_LENGTH,82,69,1,7.13,69.0,82.0,South Africa
26421,Ravichandran Ashwin,spin bowler,Right Off Spin,WIDE_OUTSIDE_OFFSTUMP,GOOD_LENGTH,127,69,5,11.04,13.8,25.4,India
506612,Matt Henry,pace bowler,Right Fast,OUTSIDE_OFFSTUMP,SHORT_OF_A_GOOD_LENGTH,95,69,1,8.26,69.0,95.0,New Zealand
429122,Umaid Asif,pace bowler,Right Fast,OUTSIDE_OFFSTUMP,SHORT,111,69,8,9.65,8.62,13.88,Pakistan
793007,Dilshan Madushanka,pace bowler,Left Fast,ON_THE_STUMPS,GOOD_LENGTH,75,69,6,6.52,11.5,12.5,Sri Lanka
1124283,Aaron Hardie,pace bowler,Right Fast,ON_THE_STUMPS,GOOD_LENGTH,88,69,3,7.65,23.0,29.33,Australia
1125688,Mukesh Choudhary,pace bowler,Left Medium,OUTSIDE_OFFSTUMP,GOOD_LENGTH,71,69,2,6.17,34.5,35.5,India
414990,Jake Ball,pace bowler,Right Fast,OUTSIDE_OFFSTUMP,GOOD_LENGTH,83,69,7,7.22,9.86,11.86,England
1153149,Vijayakanth Viyaskanth,spin bowler,Right Wrist Spin,ON_THE_STUMPS,SHORT_OF_A_GOOD_LENGTH,99,69,3,8.61,23.0,33.0,Sri Lanka
670045,Gudakesh Motie,spin bowler,Left Off Spin,OUTSIDE_OFFSTUMP,SHORT_OF_A_GOOD_LENGTH,72,69,4,6.26,17.25,18.0,West Indies
1005257,Simi Singh,spin bowler,Right Off Spin,ON_THE_STUMPS,FULL,87,69,1,7.57,69.0,87.0,Ireland
410763,Abu Jayed,pace bowler,Right Fast,OUTSIDE_OFFSTUMP,GOOD_LENGTH,102,69,2,8.87,34.5,51.0,Bangladesh
272477,Jason Behrendorff,pace bowler,Left Fast,DOWN_LEG,SHORT_OF_A_GOOD_LENGTH,92,69,1,8.0,69.0,92.0,Australia
315594,Ashley Nurse,spin bowler,Right Off Spin,OUTSIDE_OFFSTUMP,SHORT_OF_A_GOOD_LENGTH,104,69,2,9.04,34.5,52.0,West Indies
653695,Matt Parkinson,spin bowler,Right Wrist Spin,ON_THE_STUMPS,GOOD_LENGTH,96,69,6,8.35,11.5,16.0,England
272477,Jason Behrendorff,pace bowler,Left Fast,DOWN_LEG,GOOD_LENGTH,61,69,3,5.3,23.0,20.33,Australia
1163855,Hayden Kerr,pace bowler,Left Fast,ON_THE_STUMPS,SHORT_OF_A_GOOD_LENGTH,95,69,3,8.26,23.0,31.67,Australia
553249,Bjorn Fortuin,spin bowler,Left Off Spin,OUTSIDE_OFFSTUMP,FULL,96,69,4,8.35,17.25,24.0,South Africa
1194795,Matheesha Pathirana,pace bowler,Right Fast,ON_THE_STUMPS,FULL,94,69,14,8.17,4.93,6.71,Sri Lanka
19264,Liam Plunkett,pace bowler,Right Fast,OUTSIDE_OFFSTUMP,FULL,118,69,3,10.26,23.0,39.33,United States of America
43685,Yasir Shah,spin bowler,Right Wrist Spin,ON_THE_STUMPS,FULL,81,68,2,7.15,34.0,40.5,Pakistan
587152,Pravin Tambe,spin bowler,Right Wrist Spin,OUTSIDE_OFFSTUMP,GOOD_LENGTH,98,68,1,8.65,68.0,98.0,India
489889,Pat Cummins,pace bowler,Right Fast,ON_THE_STUMPS,SHORT,102,68,5,9.0,13.6,20.4,Australia
1170471,Tanveer Sangha,spin bowler,Right Wrist Spin,ON_THE_STUMPS,FULL,104,68,4,9.18,17.0,26.0,Australia
537119,Mohit Sharma,pace bowler,Right Medium,WIDE_OUTSIDE_OFFSTUMP,GOOD_LENGTH,79,68,5,6.97,13.6,15.8,India
268740,Seekkuge Prasanna,spin bowler,Right Wrist Spin,ON_THE_STUMPS,FULL,73,68,2,6.44,34.0,36.5,Sri Lanka
438362,Sandeep Sharma,pace bowler,Right Medium,WIDE_OUTSIDE_OFFSTUMP,GOOD_LENGTH,67,68,3,5.91,22.67,22.33,India
550133,Mosaddek Hossain,spin bowler,Right Off Spin,OUTSIDE_OFFSTUMP,FULL,115,68,3,10.15,22.67,38.33,Bangladesh
506612,Matt Henry,pace bowler,Right Fast,ON_THE_STUMPS,GOOD_LENGTH,69,68,4,6.09,17.0,17.25,New Zealand
931603,Brendan Doggett,pace bowler,Right Fast,OUTSIDE_OFFSTUMP,FULL,106,68,1,9.35,68.0,106.0,Australia
362541,Doug Bracewell,pace bowler,Right Fast,OUTSIDE_OFFSTUMP,GOOD_LENGTH,89,68,2,7.85,34.0,44.5,New Zealand
793463,Rashid Khan,spin bowler,Right Wrist Spin,WIDE_OUTSIDE_OFFSTUMP,FULL,111,68,1,9.79,68.0,111.0,Afghanistan
510530,Jamie Overton,pace bowler,Right Fast,OUTSIDE_OFFSTUMP,FULL,114,68,3,10.06,22.67,38.0,England
625383,Jasprit Bumrah,pace bowler,Right Fast,WIDE_OUTSIDE_OFFSTUMP,FULL,134,68,3,11.82,22.67,44.67,India
330902,Mustafizur Rahman,pace bowler,Left Fast,ON_THE_STUMPS,SHORT,109,68,5,9.62,13.6,21.8,Bangladesh
1012137,Mrittunjoy Chowdhury,pace bowler,Left Fast,ON_THE_STUMPS,GOOD_LENGTH,77,68,4,6.79,17.0,19.25,Bangladesh
1078697,Jeavor Royal,spin bowler,Left Off Spin,OUTSIDE_OFFSTUMP,GOOD_LENGTH,88,68,3,7.76,22.67,29.33,West Indies
277955,Dhawal Kulkarni,pace bowler,Right Medium,OUTSIDE_OFFSTUMP,FULL,101,68,6,8.91,11.33,16.83,India
429738,Lakshan Sandakan,spin bowler,Left Wrist Spin,OUTSIDE_OFFSTUMP,FULL,124,68,3,10.94,22.67,41.33,Sri Lanka
511532,Al-Amin Hossain,pace bowler,Right Fast,ON_THE_STUMPS,SHORT_OF_A_GOOD_LENGTH,83,68,6,7.32,11.33,13.83,Bangladesh
424377,Krishnappa Gowtham,spin bowler,Right Off Spin,OUTSIDE_OFFSTUMP,FULL,124,68,4,10.94,17.0,31.0,India
325012,Marcus Stoinis,pace bowler,Right Medium,ON_THE_STUMPS,SHORT,132,68,7,11.65,9.71,18.86,Australia
927619,Khaled Ahmed,pace bowler,Right Medium,ON_THE_STUMPS,GOOD_LENGTH,90,68,3,7.94,22.67,30.0,Bangladesh
494581,Rahkeem Cornwall,spin bowler,Right Off Spin,OUTSIDE_OFFSTUMP,FULL,110,68,2,9.71,34.0,55.0,West Indies
261354,Nathan Coulter-Nile,pace bowler,Right Fast,ON_THE_STUMPS,SHORT,92,68,5,8.12,13.6,18.4,Australia
827051,Blessing Muzarabani,pace bowler,Right Fast,ON_THE_STUMPS,FULL,113,68,2,9.97,34.0,56.5,Zimbabwe
935995,Afif Hossain,spin bowler,Right Off Spin,OUTSIDE_OFFSTUMP,FULL,98,67,5,8.78,13.4,19.6,Bangladesh
51433,Samuel Badree,spin bowler,Right Wrist Spin,ON_THE_STUMPS,SHORT_OF_A_GOOD_LENGTH,54,67,5,4.84,13.4,10.8,West Indies
1122918,Kartik Tyagi,pace bowler,Right Fast,OUTSIDE_OFFSTUMP,SHORT_OF_A_GOOD_LENGTH,77,67,1,6.9,67.0,77.0,India
581160,Khary Pierre,spin bowler,Left Off Spin,ON_THE_STUMPS,SHORT_OF_A_GOOD_LENGTH,74,67,4,6.63,16.75,18.5,West Indies
526021,Cole McConchie,spin bowler,Right Off Spin,OUTSIDE_OFFSTUMP,GOOD_LENGTH,88,67,2,7.88,33.5,44.0,New Zealand
542023,Lungi Ngidi,pace bowler,Right Fast,WIDE_OUTSIDE_OFFSTUMP,FULL,137,67,10,12.27,6.7,13.7,South Africa
330902,Mustafizur Rahman,pace bowler,Left Fast,DOWN_LEG,FULL,135,67,4,12.09,16.75,33.75,Bangladesh
46942,Aaron Phangiso,spin bowler,Left Off Spin,ON_THE_STUMPS,FULL,76,67,6,6.81,11.17,12.67,South Africa
542023,Lungi Ngidi,pace bowler,Right Fast,ON_THE_STUMPS,FULL,173,67,6,15.49,11.17,28.83,South Africa
550133,Mosaddek Hossain,spin bowler,Right Off Spin,OUTSIDE_OFFSTUMP,SHORT_OF_A_GOOD_LENGTH,85,67,5,7.61,13.4,17.0,Bangladesh
1072470,Shaheen Shah Afridi,pace bowler,Left Fast,DOWN_LEG,FULL,130,67,1,11.64,67.0,130.0,Pakistan
311158,Ben Stokes,pace bowler,Right Fast,OUTSIDE_OFFSTUMP,SHORT,127,67,7,11.37,9.57,18.14,England
326625,Cameron Boyce,spin bowler,Right Wrist Spin,ON_THE_STUMPS,SHORT_OF_A_GOOD_LENGTH,81,67,5,7.25,13.4,16.2,Australia
1064812,Rahul Chahar,spin bowler,Right Wrist Spin,DOWN_LEG,GOOD_LENGTH,85,67,5,7.61,13.4,17.0,India
288992,Chris Jordan,pace bowler,Right Fast,WIDE_OUTSIDE_OFFSTUMP,SHORT_OF_A_GOOD_LENGTH,103,67,4,9.22,16.75,25.75,England
1104703,Fred Klaassen,pace bowler,Left Fast,ON_THE_STUMPS,GOOD_LENGTH,55,67,1,4.93,67.0,55.0,England
955235,Nuwan Thushara,pace bowler,Right Fast,OUTSIDE_OFFSTUMP,SHORT_OF_A_GOOD_LENGTH,91,67,5,8.15,13.4,18.2,Sri Lanka
530812,Akeal Hosein,spin bowler,Left Off Spin,WIDE_OUTSIDE_OFFSTUMP,GOOD_LENGTH,64,67,5,5.73,13.4,12.8,West Indies
429738,Lakshan Sandakan,spin bowler,Left Wrist Spin,OUTSIDE_OFFSTUMP,SHORT_OF_A_GOOD_LENGTH,80,67,1,7.16,67.0,80.0,Sri Lanka
1078693,Joshua Bishop,spin bowler,Left Off Spin,OUTSIDE_OFFSTUMP,GOOD_LENGTH,59,67,3,5.28,22.33,19.67,West Indies
215152,Jackson Bird,pace bowler,Right Fast,ON_THE_STUMPS,FULL,93,67,3,8.33,22.33,31.0,Australia
647667,Usama Mir,spin bowler,Right Wrist Spin,OUTSIDE_OFFSTUMP,SHORT_OF_A_GOOD_LENGTH,97,67,5,8.69,13.4,19.4,Pakistan
1272475,Zaman Khan,pace bowler,Right Fast,OUTSIDE_OFFSTUMP,SHORT,116,67,3,10.39,22.33,38.67,Pakistan
288992,Chris Jordan,pace bowler,Right Fast,ON_THE_STUMPS,SHORT,141,67,5,12.63,13.4,28.2,England
323244,Rahat Ali,pace bowler,Left Fast,OUTSIDE_OFFSTUMP,SHORT_OF_A_GOOD_LENGTH,71,67,4,6.36,16.75,17.75,Pakistan
716733,Khushdil Shah,spin bowler,Left Off Spin,ON_THE_STUMPS,FULL,86,67,3,7.7,22.33,28.67,Pakistan
457279,Olly Stone,pace bowler,Right Fast,OUTSIDE_OFFSTUMP,GOOD_LENGTH,88,67,5,7.88,13.4,17.6,England
274921,Veerasammy Permaul,spin bowler,Left Off Spin,ON_THE_STUMPS,FULL,52,67,6,4.66,11.17,8.67,West Indies
31107,Amit Mishra,spin bowler,Right Wrist Spin,WIDE_OUTSIDE_OFFSTUMP,GOOD_LENGTH,86,67,5,7.7,13.4,17.2,India
230558,Sunil Narine,spin bowler,Right Off Spin,DOWN_LEG,SHORT_OF_A_GOOD_LENGTH,87,66,5,7.91,13.2,17.4,West Indies
625383,Jasprit Bumrah,pace bowler,Right Fast,ON_THE_STUMPS,SHORT,117,66,9,10.64,7.33,13.0,India
497121,Deepak Hooda,spin bowler,Right Off Spin,OUTSIDE_OFFSTUMP,SHORT_OF_A_GOOD_LENGTH,77,66,1,7.0,66.0,77.0,India
892749,Tim David,spin bowler,Right Off Spin,ON_THE_STUMPS,GOOD_LENGTH,69,66,2,6.27,33.0,34.5,Australia
1203669,Akif Javed,pace bowler,Left Fast,OUTSIDE_OFFSTUMP,GOOD_LENGTH,75,66,5,6.82,13.2,15.0,Pakistan
276298,Andre Russell,pace bowler,Right Fast,DOWN_LEG,SHORT_OF_A_GOOD_LENGTH,92,66,2,8.36,33.0,46.0,West Indies
362201,Lewis Gregory,pace bowler,Right Fast,ON_THE_STUMPS,SHORT_OF_A_GOOD_LENGTH,80,66,6,7.27,11.0,13.33,England
700167,Navdeep Saini,pace bowler,Right Fast,ON_THE_STUMPS,FULL,89,66,2,8.09,33.0,44.5,India
1065662,Roshon Primus,pace bowler,Right Medium,OUTSIDE_OFFSTUMP,SHORT_OF_A_GOOD_LENGTH,93,66,5,8.45,13.2,18.6,West Indies
914567,Oshane Thomas,pace bowler,Right Fast,ON_THE_STUMPS,SHORT,144,66,6,13.09,11.0,24.0,West Indies
942367,Mayank Dagar,spin bowler,Left Off Spin,OUTSIDE_OFFSTUMP,GOOD_LENGTH,67,66,5,6.09,13.2,13.4,India
774219,Matthew Kuhnemann,spin bowler,Left Off Spin,OUTSIDE_OFFSTUMP,SHORT_OF_A_GOOD_LENGTH,80,66,2,7.27,33.0,40.0,Australia
235657,Steven Jacobs,spin bowler,Right Off Spin,ON_THE_STUMPS,GOOD_LENGTH,82,66,2,7.45,33.0,41.0,West Indies
56268,Arafat Sunny,spin bowler,Left Off Spin,OUTSIDE_OFFSTUMP,SHORT_OF_A_GOOD_LENGTH,99,66,3,9.0,22.0,33.0,Bangladesh
471342,Krunal Pandya,spin bowler,Left Off Spin,DOWN_LEG,GOOD_LENGTH,85,66,4,7.73,16.5,21.25,India
784375,Lahiru Kumara,pace bowler,Right Fast,ON_THE_STUMPS,SHORT_OF_A_GOOD_LENGTH,71,66,1,6.45,66.0,71.0,Sri Lanka
1072470,Shaheen Shah Afridi,pace bowler,Left Fast,DOWN_LEG,SHORT_OF_A_GOOD_LENGTH,70,66,4,6.36,16.5,17.5,Pakistan
1081442,Mayank Markande,spin bowler,Right Wrist Spin,ON_THE_STUMPS,SHORT_OF_A_GOOD_LENGTH,80,66,4,7.27,16.5,20.0,India
930189,Lalit Yadav,spin bowler,Right Off Spin,ON_THE_STUMPS,GOOD_LENGTH,68,66,2,6.18,33.0,34.0,India
990039,Shoriful Islam,pace bowler,Left Fast,DOWN_LEG,SHORT_OF_A_GOOD_LENGTH,76,66,6,6.91,11.0,12.67,Bangladesh
526441,Mark Adair,pace bowler,Right Fast,OUTSIDE_OFFSTUMP,SHORT,151,66,8,13.73,8.25,18.88,Ireland
553800,Chris Tremain,pace bowler,Right Fast,ON_THE_STUMPS,GOOD_LENGTH,81,66,2,7.36,33.0,40.5,Australia
324358,Nuwan Pradeep,pace bowler,Right Fast,OUTSIDE_OFFSTUMP,FULL,108,66,4,9.82,16.5,27.0,Sri Lanka
324358,Nuwan Pradeep,pace bowler,Right Fast,ON_THE_STUMPS,SHORT_OF_A_GOOD_LENGTH,98,66,3,8.91,22.0,32.67,Sri Lanka
439952,Chris Morris,pace bowler,Right Fast,ON_THE_STUMPS,YORKER,41,66,12,3.73,5.5,3.42,South Africa
56125,Shohidul Islam,pace bowler,Right Medium,OUTSIDE_OFFSTUMP,FULL,110,66,6,10.0,11.0,18.33,Bangladesh
806241,Richard Ngarava,pace bowler,Left Fast,OUTSIDE_OFFSTUMP,FULL,115,66,3,10.45,22.0,38.33,Zimbabwe
837611,Henry Thornton,pace bowler,Right Fast,ON_THE_STUMPS,FULL,120,66,5,10.91,13.2,24.0,Australia
633362,Sharafuddin Ashraf,spin bowler,Left Off Spin,ON_THE_STUMPS,GOOD_LENGTH,85,66,2,7.73,33.0,42.5,Afghanistan
326016,Bhuvneshwar Kumar,pace bowler,Right Medium,ON_THE_STUMPS,SHORT,153,66,4,13.91,16.5,38.25,India
927619,Khaled Ahmed,pace bowler,Right Medium,OUTSIDE_OFFSTUMP,GOOD_LENGTH,56,66,3,5.09,22.0,18.67,Bangladesh
290727,Rishi Dhawan,pace bowler,Right Fast,ON_THE_STUMPS,GOOD_LENGTH,57,66,3,5.18,22.0,19.0,India
501907,Daryn Dupavillon,pace bowler,Right Fast,OUTSIDE_OFFSTUMP,GOOD_LENGTH,71,66,5,6.45,13.2,14.2,South Africa
625371,Hardik Pandya,pace bowler,Right Fast,DOWN_LEG,GOOD_LENGTH,96,66,2,8.73,33.0,48.0,India
51439,Dwayne Bravo,pace bowler,Right Medium,DOWN_LEG,SHORT_OF_A_GOOD_LENGTH,123,66,10,11.18,6.6,12.3,West Indies
330902,Mustafizur Rahman,pace bowler,Left Fast,OUTSIDE_OFFSTUMP,YORKER,34,66,3,3.09,22.0,11.33,Bangladesh
308251,David Willey,pace bowler,Left Fast,DOWN_LEG,GOOD_LENGTH,102,65,2,9.42,32.5,51.0,England
697279,Usman Shinwari,pace bowler,Left Fast,ON_THE_STUMPS,FULL,106,65,6,9.78,10.83,17.67,Pakistan
1050545,Xavier Bartlett,pace bowler,Right Fast,ON_THE_STUMPS,SHORT_OF_A_GOOD_LENGTH,81,65,7,7.48,9.29,11.57,Australia
1161606,Haris Rauf,pace bowler,Right Fast,ON_THE_STUMPS,YORKER,46,65,15,4.25,4.33,3.07,Pakistan
926851,Mukesh Kumar,pace bowler,Right Medium,ON_THE_STUMPS,FULL,124,65,2,11.45,32.5,62.0,India
424377,Krishnappa Gowtham,spin bowler,Right Off Spin,OUTSIDE_OFFSTUMP,SHORT_OF_A_GOOD_LENGTH,74,65,2,6.83,32.5,37.0,India
848623,Mark Deyal,spin bowler,Right Off Spin,ON_THE_STUMPS,GOOD_LENGTH,79,65,3,7.29,21.67,26.33,West Indies
596010,Gerald Coetzee,pace bowler,Right Fast,ON_THE_STUMPS,GOOD_LENGTH,56,65,7,5.17,9.29,8.0,South Africa
232491,Anwar Ali,pace bowler,Right Fast,OUTSIDE_OFFSTUMP,FULL,139,65,4,12.83,16.25,34.75,Pakistan
1170471,Tanveer Sangha,spin bowler,Right Wrist Spin,OUTSIDE_OFFSTUMP,FULL,93,65,8,8.58,8.12,11.62,Australia
784375,Lahiru Kumara,pace bowler,Right Fast,ON_THE_STUMPS,FULL,106,65,4,9.78,16.25,26.5,Sri Lanka
473191,Richard Gleeson,pace bowler,Right Fast,OUTSIDE_OFFSTUMP,FULL,138,65,1,12.74,65.0,138.0,England
1139520,Tanzim Hasan Sakib,pace bowler,Right Medium,OUTSIDE_OFFSTUMP,SHORT_OF_A_GOOD_LENGTH,114,65,5,10.52,13.0,22.8,Bangladesh
926597,Aminul Islam,spin bowler,Right Wrist Spin,OUTSIDE_OFFSTUMP,GOOD_LENGTH,79,65,6,7.29,10.83,13.17,Bangladesh
1350792,Suyash Sharma,spin bowler,Right Wrist Spin,OUTSIDE_OFFSTUMP,GOOD_LENGTH,89,65,4,8.22,16.25,22.25,India
820691,Odean Smith,pace bowler,Right Fast,ON_THE_STUMPS,FULL,125,65,4,11.54,16.25,31.25,West Indies
977451,Jack Prestwidge,pace bowler,Right Fast,OUTSIDE_OFFSTUMP,SHORT_OF_A_GOOD_LENGTH,95,65,1,8.77,65.0,95.0,Australia
379776,Sisanda Magala,pace bowler,Right Fast,OUTSIDE_OFFSTUMP,GOOD_LENGTH,96,65,6,8.86,10.83,16.0,South Africa
379887,Lizaad Williams,pace bowler,Right Fast,OUTSIDE_OFFSTUMP,SHORT_OF_A_GOOD_LENGTH,80,65,3,7.38,21.67,26.67,South Africa
495551,Sheldon Cottrell,pace bowler,Left Fast,WIDE_OUTSIDE_OFFSTUMP,FULL,104,65,4,9.6,16.25,26.0,West Indies
1058987,Karthik Meiyappan,spin bowler,Right Wrist Spin,OUTSIDE_OFFSTUMP,GOOD_LENGTH,55,65,6,5.08,10.83,9.17,United Arab Emirates
26421,Ravichandran Ashwin,spin bowler,Right Off Spin,DOWN_LEG,FULL,126,65,1,11.63,65.0,126.0,India
1125317,Lance Morris,pace bowler,Right Fast,ON_THE_STUMPS,GOOD_LENGTH,92,65,3,8.49,21.67,30.67,Australia
18632,Samit Patel,spin bowler,Left Off Spin,ON_THE_STUMPS,SHORT_OF_A_GOOD_LENGTH,68,65,3,6.28,21.67,22.67,England
1203754,Junaid Siddique,pace bowler,Right Fast,ON_THE_STUMPS,FULL,84,65,6,7.75,10.83,14.0,United Arab Emirates
272385,Josh Lalor,pace bowler,Left Fast,ON_THE_STUMPS,FULL,103,65,6,9.51,10.83,17.17,Australia
44149,Johan Botha,spin bowler,Right Off Spin,OUTSIDE_OFFSTUMP,FULL,73,64,3,6.84,21.33,24.33,South Africa
52334,Imran Khan,spin bowler,Right Wrist Spin,ON_THE_STUMPS,GOOD_LENGTH,62,64,3,5.81,21.33,20.67,West Indies
43590,Wahab Riaz,pace bowler,Left Fast,WIDE_OUTSIDE_OFFSTUMP,FULL,146,64,3,13.69,21.33,48.67,Pakistan
41324,Mohammad Sami,pace bowler,Right Fast,ON_THE_STUMPS,SHORT_OF_A_GOOD_LENGTH,65,64,7,6.09,9.14,9.29,Pakistan
227758,Imad Wasim,spin bowler,Left Off Spin,DOWN_LEG,FULL,105,64,3,9.84,21.33,35.0,Pakistan
901157,Arjun Nair,spin bowler,Right Off Spin,OUTSIDE_OFFSTUMP,FULL,64,64,7,6.0,9.14,9.14,Australia
1076722,Will Sutherland,pace bowler,Right Fast,OUTSIDE_OFFSTUMP,FULL,102,64,3,9.56,21.33,34.0,Australia
1191384,Peter Hatzoglou,spin bowler,Right Wrist Spin,ON_THE_STUMPS,FULL,80,64,3,7.5,21.33,26.67,Australia
942645,Khaleel Ahmed,pace bowler,Left Medium,OUTSIDE_OFFSTUMP,SHORT,144,64,4,13.5,16.0,36.0,India
30102,Zaheer Khan,pace bowler,Left Fast,ON_THE_STUMPS,SHORT_OF_A_GOOD_LENGTH,67,64,3,6.28,21.33,22.33,India
805925,Mohammad Irfan,pace bowler,Right Medium,OUTSIDE_OFFSTUMP,GOOD_LENGTH,71,64,2,6.66,32.0,35.5,Pakistan
232491,Anwar Ali,pace bowler,Right Fast,ON_THE_STUMPS,SHORT_OF_A_GOOD_LENGTH,70,64,2,6.56,32.0,35.0,Pakistan
1076721,Lloyd Pope,spin bowler,Right Wrist Spin,OUTSIDE_OFFSTUMP,FULL,92,64,4,8.62,16.0,23.0,Australia
270484,James Faulkner,pace bowler,Left Fast,DOWN_LEG,GOOD_LENGTH,117,64,1,10.97,64.0,117.0,Australia
499594,Kasun Rajitha,pace bowler,Right Fast,ON_THE_STUMPS,FULL,115,64,6,10.78,10.67,19.17,Sri Lanka
511532,Al-Amin Hossain,pace bowler,Right Fast,ON_THE_STUMPS,FULL,107,64,6,10.03,10.67,17.83,Bangladesh
1185538,Mohammad Wasim,pace bowler,Right Fast,OUTSIDE_OFFSTUMP,SHORT,105,64,4,9.84,16.0,26.25,Pakistan
429738,Lakshan Sandakan,spin bowler,Left Wrist Spin,ON_THE_STUMPS,FULL,86,64,5,8.06,12.8,17.2,Sri Lanka
288992,Chris Jordan,pace bowler,Right Fast,WIDE_OUTSIDE_OFFSTUMP,GOOD_LENGTH,114,64,3,10.69,21.33,38.0,England
506612,Matt Henry,pace bowler,Right Fast,OUTSIDE_OFFSTUMP,FULL,115,64,5,10.78,12.8,23.0,New Zealand
605683,Migael Pretorius,pace bowler,Right Fast,OUTSIDE_OFFSTUMP,FULL,168,64,2,15.75,32.0,84.0,South Africa
477021,Vijay Shankar,pace bowler,Right Medium,OUTSIDE_OFFSTUMP,SHORT_OF_A_GOOD_LENGTH,59,64,4,5.53,16.0,14.75,India
1072472,Muhammad Musa,pace bowler,Right Fast,OUTSIDE_OFFSTUMP,GOOD_LENGTH,82,64,2,7.69,32.0,41.0,Pakistan
53118,Dwayne Smith,pace bowler,Right Medium,OUTSIDE_OFFSTUMP,GOOD_LENGTH,108,64,1,10.12,64.0,108.0,West Indies
290727,Rishi Dhawan,pace bowler,Right Fast,OUTSIDE_OFFSTUMP,SHORT_OF_A_GOOD_LENGTH,100,64,1,9.38,64.0,100.0,India
585083,Zeeshan Maqsood,spin bowler,Left Off Spin,OUTSIDE_OFFSTUMP,GOOD_LENGTH,78,64,6,7.31,10.67,13.0,Oman
541224,Luke Jongwe,pace bowler,Right Fast,ON_THE_STUMPS,GOOD_LENGTH,89,64,7,8.34,9.14,12.71,Zimbabwe
235519,Tendai Chisoro,mixture/unknown,Mixed,ON_THE_STUMPS,GOOD_LENGTH,66,64,2,6.19,32.0,33.0,Zimbabwe
526441,Mark Adair,pace bowler,Right Fast,ON_THE_STUMPS,SHORT_OF_A_GOOD_LENGTH,85,64,5,7.97,12.8,17.0,Ireland
45204,Robbie Frylinck,pace bowler,Right Medium,OUTSIDE_OFFSTUMP,SHORT_OF_A_GOOD_LENGTH,62,64,2,5.81,32.0,31.0,South Africa
319439,Mitchell McClenaghan,pace bowler,Left Fast,DOWN_LEG,SHORT_OF_A_GOOD_LENGTH,58,64,4,5.44,16.0,14.5,New Zealand
51439,Dwayne Bravo,pace bowler,Right Medium,WIDE_OUTSIDE_OFFSTUMP,SHORT_OF_A_GOOD_LENGTH,118,64,3,11.06,21.33,39.33,West Indies
247235,Chris Woakes,pace bowler,Right Fast,OUTSIDE_OFFSTUMP,SHORT,104,64,6,9.75,10.67,17.33,England
1159720,Yash Dayal,pace bowler,Left Fast,ON_THE_STUMPS,SHORT_OF_A_GOOD_LENGTH,88,64,4,8.25,16.0,22.0,India
533561,Waqas Maqsood,pace bowler,Left Fast,ON_THE_STUMPS,GOOD_LENGTH,93,64,3,8.72,21.33,31.0,Pakistan
530773,Pawan Negi,spin bowler,Left Off Spin,ON_THE_STUMPS,FULL,98,64,3,9.19,21.33,32.67,India
49535,Nuwan Kulasekara,pace bowler,Right Fast,ON_THE_STUMPS,GOOD_LENGTH,74,64,7,6.94,9.14,10.57,Sri Lanka
319439,Mitchell McClenaghan,pace bowler,Left Fast,WIDE_OUTSIDE_OFFSTUMP,FULL,115,64,3,10.78,21.33,38.33,New Zealand
300619,Rubel Hossain,pace bowler,Right Fast,OUTSIDE_OFFSTUMP,SHORT,148,63,4,14.1,15.75,37.0,Bangladesh
806241,Richard Ngarava,pace bowler,Left Fast,DOWN_LEG,SHORT_OF_A_GOOD_LENGTH,82,63,1,7.81,63.0,82.0,Zimbabwe
1161031,Saim Ayub,mixture/unknown,Mixed,OUTSIDE_OFFSTUMP,GOOD_LENGTH,57,63,2,5.43,31.5,28.5,Pakistan
391485,Jason Holder,pace bowler,Right Fast,DOWN_LEG,SHORT,114,63,2,10.86,31.5,57.0,West Indies
1159843,Kumar Kartikeya,spin bowler,Mixed,OUTSIDE_OFFSTUMP,GOOD_LENGTH,54,63,1,5.14,63.0,54.0,India
429981,Mohammad Irfan,pace bowler,Left Fast,ON_THE_STUMPS,FULL,97,63,2,9.24,31.5,48.5,Pakistan
530011,Travis Head,spin bowler,Right Off Spin,OUTSIDE_OFFSTUMP,GOOD_LENGTH,75,63,3,7.14,21.0,25.0,Australia
837611,Henry Thornton,pace bowler,Right Fast,ON_THE_STUMPS,GOOD_LENGTH,56,63,6,5.33,10.5,9.33,Australia
928067,Josh Little,pace bowler,Left Fast,ON_THE_STUMPS,SHORT,154,63,6,14.67,10.5,25.67,Ireland
1139523,Rishad Hossain,spin bowler,Right Wrist Spin,OUTSIDE_OFFSTUMP,FULL,109,63,4,10.38,15.75,27.25,Bangladesh
436749,Fayyaz Butt,pace bowler,Right Fast,OUTSIDE_OFFSTUMP,GOOD_LENGTH,64,63,3,6.1,21.0,21.33,Oman
461632,Reece Topley,pace bowler,Left Fast,DOWN_LEG,SHORT_OF_A_GOOD_LENGTH,66,63,2,6.29,31.5,33.0,England
559066,Ish Sodhi,spin bowler,Right Wrist Spin,WIDE_OUTSIDE_OFFSTUMP,FULL,111,63,2,10.57,31.5,55.5,New Zealand
709675,James Bazley,pace bowler,Right Fast,OUTSIDE_OFFSTUMP,SHORT_OF_A_GOOD_LENGTH,54,63,3,5.14,21.0,18.0,Australia
1065662,Roshon Primus,pace bowler,Right Medium,OUTSIDE_OFFSTUMP,GOOD_LENGTH,65,63,3,6.19,21.0,21.67,West Indies
1206406,Jake Gibson,pace bowler,Right Medium,OUTSIDE_OFFSTUMP,GOOD_LENGTH,85,63,3,8.1,21.0,28.33,New Zealand
1132005,Mohsin Khan,pace bowler,Left Fast,OUTSIDE_OFFSTUMP,GOOD_LENGTH,94,63,3,8.95,21.0,31.33,India
500268,Ashton Turner,spin bowler,Right Off Spin,ON_THE_STUMPS,GOOD_LENGTH,69,63,3,6.57,21.0,23.0,Australia
681305,Hasan Ali,pace bowler,Right Fast,ON_THE_STUMPS,YORKER,49,63,7,4.67,9.0,7.0,Pakistan
1125976,Arshdeep Singh,pace bowler,Left Fast,WIDE_OUTSIDE_OFFSTUMP,FULL,153,63,7,14.57,9.0,21.86,India
595921,Curtis Campher,pace bowler,Right Fast,ON_THE_STUMPS,SHORT_OF_A_GOOD_LENGTH,100,63,2,9.52,31.5,50.0,Ireland
888565,Mehran Khan,pace bowler,Right Fast,OUTSIDE_OFFSTUMP,GOOD_LENGTH,73,63,4,6.95,15.75,18.25,Oman
370040,Jeffrey Vandersay,spin bowler,Right Wrist Spin,OUTSIDE_OFFSTUMP,FULL,123,63,2,11.71,31.5,61.5,Sri Lanka
299572,Sikandar Raza,spin bowler,Right Off Spin,ON_THE_STUMPS,SHORT_OF_A_GOOD_LENGTH,78,63,1,7.43,63.0,78.0,Zimbabwe
940973,Mohammed Siraj,pace bowler,Right Fast,DOWN_LEG,SHORT_OF_A_GOOD_LENGTH,93,63,1,8.86,63.0,93.0,India
32966,Piyush Chawla,spin bowler,Right Wrist Spin,DOWN_LEG,GOOD_LENGTH,90,63,3,8.57,21.0,30.0,India
438362,Sandeep Sharma,pace bowler,Right Medium,WIDE_OUTSIDE_OFFSTUMP,FULL,118,63,6,11.24,10.5,19.67,India
1138316,Maheesh Theekshana,spin bowler,Right Off Spin,DOWN_LEG,GOOD_LENGTH,75,63,3,7.14,21.0,25.0,Sri Lanka
51439,Dwayne Bravo,pace bowler,Right Medium,WIDE_OUTSIDE_OFFSTUMP,YORKER,45,63,1,4.29,63.0,45.0,West Indies
662973,Sam Curran,pace bowler,Left Fast,DOWN_LEG,SHORT,105,63,7,10.0,9.0,15.0,England
498591,Travis Muller,pace bowler,Right Fast,OUTSIDE_OFFSTUMP,GOOD_LENGTH,61,63,5,5.81,12.6,12.2,South Africa
629065,Nihaduzzaman,spin bowler,Left Off Spin,OUTSIDE_OFFSTUMP,FULL,80,62,3,7.74,20.67,26.67,Bangladesh
571703,Wellington Masakadza,spin bowler,Left Off Spin,OUTSIDE_OFFSTUMP,FULL,74,62,2,7.16,31.0,37.0,Zimbabwe
56125,Shohidul Islam,pace bowler,Right Medium,ON_THE_STUMPS,SHORT_OF_A_GOOD_LENGTH,73,62,4,7.06,15.5,18.25,Bangladesh
878465,Mehedi Hasan Rana,pace bowler,Left Fast,OUTSIDE_OFFSTUMP,SHORT_OF_A_GOOD_LENGTH,78,62,6,7.55,10.33,13.0,Bangladesh
542023,Lungi Ngidi,pace bowler,Right Fast,WIDE_OUTSIDE_OFFSTUMP,GOOD_LENGTH,73,62,4,7.06,15.5,18.25,South Africa
784375,Lahiru Kumara,pace bowler,Right Fast,OUTSIDE_OFFSTUMP,SHORT,101,62,5,9.77,12.4,20.2,Sri Lanka
662973,Sam Curran,pace bowler,Left Fast,ON_THE_STUMPS,YORKER,46,62,9,4.45,6.89,5.11,England
959833,Wes Agar,pace bowler,Right Fast,ON_THE_STUMPS,FULL,122,62,7,11.81,8.86,17.43,Australia
926629,Hasan Mahmud,pace bowler,Right Fast,OUTSIDE_OFFSTUMP,FULL,107,62,2,10.35,31.0,53.5,Bangladesh
327830,Dwaine Pretorius,pace bowler,Right Fast,WIDE_OUTSIDE_OFFSTUMP,GOOD_LENGTH,91,62,8,8.81,7.75,11.38,South Africa
974175,Fazalhaq Farooqi,pace bowler,Left Fast,OUTSIDE_OFFSTUMP,SHORT,93,62,4,9.0,15.5,23.25,Afghanistan
52983,Marlon Samuels,spin bowler,Right Off Spin,OUTSIDE_OFFSTUMP,GOOD_LENGTH,75,62,2,7.26,31.0,37.5,West Indies
480603,Iftikhar Ahmed,spin bowler,Right Off Spin,ON_THE_STUMPS,FULL,87,62,3,8.42,20.67,29.0,Pakistan
535353,Ottniel Baartman,pace bowler,Right Fast,OUTSIDE_OFFSTUMP,FULL,87,62,5,8.42,12.4,17.4,South Africa
40618,Imran Tahir,spin bowler,Right Wrist Spin,DOWN_LEG,GOOD_LENGTH,79,62,2,7.65,31.0,39.5,South Africa
595921,Curtis Campher,pace bowler,Right Fast,OUTSIDE_OFFSTUMP,FULL,111,62,3,10.74,20.67,37.0,Ireland
956319,Ayaan Khan,spin bowler,Left Off Spin,OUTSIDE_OFFSTUMP,GOOD_LENGTH,61,62,2,5.9,31.0,30.5,Oman
926629,Hasan Mahmud,pace bowler,Right Medium,OUTSIDE_OFFSTUMP,FULL,107,62,4,10.35,15.5,26.75,Bangladesh
906783,Obed McCoy,pace bowler,Left Fast,DOWN_LEG,GOOD_LENGTH,83,62,3,8.03,20.67,27.67,West Indies
717373,Amad Butt,pace bowler,Right Fast,ON_THE_STUMPS,GOOD_LENGTH,59,62,4,5.71,15.5,14.75,Pakistan
273439,Sachithra Senanayake,spin bowler,Right Off Spin,ON_THE_STUMPS,GOOD_LENGTH,93,62,5,9.0,12.4,18.6,Sri Lanka
1072470,Shaheen Shah Afridi,pace bowler,Left Fast,OUTSIDE_OFFSTUMP,SHORT,99,62,7,9.58,8.86,14.14,Pakistan
297583,Kyle Abbott,pace bowler,Right Fast,ON_THE_STUMPS,GOOD_LENGTH,97,62,3,9.39,20.67,32.33,South Africa
1159720,Yash Dayal,pace bowler,Left Fast,ON_THE_STUMPS,GOOD_LENGTH,76,62,3,7.35,20.67,25.33,India
288284,Josh Hazlewood,pace bowler,Right Fast,DOWN_LEG,SHORT_OF_A_GOOD_LENGTH,58,62,4,5.61,15.5,14.5,Australia
450101,Raymon Reifer,pace bowler,Left Fast,ON_THE_STUMPS,FULL,87,62,5,8.42,12.4,17.4,West Indies
547766,Jacob Duffy,pace bowler,Right Fast,ON_THE_STUMPS,GOOD_LENGTH,74,62,3,7.16,20.67,24.67,New Zealand
459257,Tymal Mills,pace bowler,Left Fast,DOWN_LEG,SHORT_OF_A_GOOD_LENGTH,97,62,3,9.39,20.67,32.33,England
288284,Josh Hazlewood,pace bowler,Right Fast,OUTSIDE_OFFSTUMP,SHORT,99,62,3,9.58,20.67,33.0,Australia
556684,Mir Hamza,pace bowler,Left Medium,OUTSIDE_OFFSTUMP,GOOD_LENGTH,42,62,3,4.06,20.67,14.0,Pakistan
625960,Kyle Jamieson,pace bowler,Right Fast,ON_THE_STUMPS,GOOD_LENGTH,79,62,2,7.65,31.0,39.5,New Zealand
1161031,Saim Ayub,mixture/unknown,Mixed,ON_THE_STUMPS,GOOD_LENGTH,65,62,5,6.29,12.4,13.0,Pakistan
793007,Dilshan Madushanka,pace bowler,Left Fast,ON_THE_STUMPS,SHORT_OF_A_GOOD_LENGTH,85,62,2,8.23,31.0,42.5,Sri Lanka
553821,JJ Smit,pace bowler,Left Fast,ON_THE_STUMPS,GOOD_LENGTH,70,61,2,6.89,30.5,35.0,Namibia
53191,Jerome Taylor,pace bowler,Right Fast,OUTSIDE_OFFSTUMP,SHORT_OF_A_GOOD_LENGTH,71,61,1,6.98,61.0,71.0,West Indies
1078693,Joshua Bishop,spin bowler,Left Off Spin,ON_THE_STUMPS,GOOD_LENGTH,57,61,6,5.61,10.17,9.5,West Indies
1099379,Gareth Delany,spin bowler,Right Wrist Spin,ON_THE_STUMPS,SHORT_OF_A_GOOD_LENGTH,86,61,3,8.46,20.33,28.67,Ireland
1099379,Gareth Delany,spin bowler,Right Wrist Spin,ON_THE_STUMPS,FULL,86,61,1,8.46,61.0,86.0,Ireland
43590,Wahab Riaz,pace bowler,Left Fast,OUTSIDE_OFFSTUMP,FULL_TOSS,90,61,4,8.85,15.25,22.5,Pakistan
228622,John Hastings,pace bowler,Right Fast,ON_THE_STUMPS,GOOD_LENGTH,73,61,3,7.18,20.33,24.33,Australia
326016,Bhuvneshwar Kumar,pace bowler,Right Medium,OUTSIDE_OFFSTUMP,YORKER,51,61,1,5.02,61.0,51.0,India
550215,Kagiso Rabada,pace bowler,Right Fast,DOWN_LEG,SHORT_OF_A_GOOD_LENGTH,92,61,2,9.05,30.5,46.0,South Africa
1005257,Simi Singh,spin bowler,Right Off Spin,ON_THE_STUMPS,GOOD_LENGTH,80,61,3,7.87,20.33,26.67,Ireland
49178,Rangana Herath,spin bowler,Left Off Spin,ON_THE_STUMPS,GOOD_LENGTH,67,61,1,6.59,61.0,67.0,Sri Lanka
379774,Colin Ackermann,spin bowler,Right Off Spin,OUTSIDE_OFFSTUMP,GOOD_LENGTH,65,61,1,6.39,61.0,65.0,Netherlands
533561,Waqas Maqsood,pace bowler,Left Fast,OUTSIDE_OFFSTUMP,SHORT_OF_A_GOOD_LENGTH,89,61,2,8.75,30.5,44.5,Pakistan
493773,Lockie Ferguson,pace bowler,Right Fast,ON_THE_STUMPS,SHORT,141,61,7,13.87,8.71,20.14,New Zealand
272262,Kane Richardson,pace bowler,Right Fast,DOWN_LEG,SHORT_OF_A_GOOD_LENGTH,75,61,3,7.38,20.33,25.0,Australia
499594,Kasun Rajitha,pace bowler,Right Fast,OUTSIDE_OFFSTUMP,FULL,114,61,2,11.21,30.5,57.0,Sri Lanka
332980,Charles Amini,spin bowler,Right Wrist Spin,ON_THE_STUMPS,GOOD_LENGTH,41,61,5,4.03,12.2,8.2,Papua New Guinea
550215,Kagiso Rabada,pace bowler,Right Fast,OUTSIDE_OFFSTUMP,YORKER,29,61,1,2.85,61.0,29.0,South Africa
906783,Obed McCoy,pace bowler,Left Fast,OUTSIDE_OFFSTUMP,SHORT,81,61,3,7.97,20.33,27.0,West Indies
362710,David Payne,pace bowler,Left Fast,ON_THE_STUMPS,SHORT_OF_A_GOOD_LENGTH,72,61,2,7.08,30.5,36.0,England
1353033,Muhammad Jawadullah,pace bowler,Left Fast,ON_THE_STUMPS,GOOD_LENGTH,81,61,9,7.97,6.78,9.0,United Arab Emirates
541224,Luke Jongwe,pace bowler,Right Fast,ON_THE_STUMPS,FULL,105,61,5,10.33,12.2,21.0,Zimbabwe
414970,Safyaan Sharif,pace bowler,Right Fast,OUTSIDE_OFFSTUMP,FULL,86,61,1,8.46,61.0,86.0,Scotland
230558,Sunil Narine,spin bowler,Right Off Spin,WIDE_OUTSIDE_OFFSTUMP,FULL,121,61,2,11.9,30.5,60.5,West Indies
662973,Sam Curran,pace bowler,Left Fast,DOWN_LEG,SHORT_OF_A_GOOD_LENGTH,103,61,3,10.13,20.33,34.33,England
391485,Jason Holder,pace bowler,Right Fast,WIDE_OUTSIDE_OFFSTUMP,SHORT_OF_A_GOOD_LENGTH,97,61,2,9.54,30.5,48.5,West Indies
820351,Rovman Powell,pace bowler,Right Fast,ON_THE_STUMPS,GOOD_LENGTH,90,61,3,8.85,20.33,30.0,West Indies
820351,Rovman Powell,pace bowler,Right Fast,ON_THE_STUMPS,FULL,104,61,2,10.23,30.5,52.0,West Indies
958007,Jon-Russ Jaggesar,spin bowler,Right Off Spin,ON_THE_STUMPS,GOOD_LENGTH,63,61,5,6.2,12.2,12.6,West Indies
233514,Thisara Perera,pace bowler,Right Fast,WIDE_OUTSIDE_OFFSTUMP,GOOD_LENGTH,90,61,7,8.85,8.71,12.86,Sri Lanka
526021,Cole McConchie,spin bowler,Right Off Spin,ON_THE_STUMPS,GOOD_LENGTH,85,61,4,8.36,15.25,21.25,New Zealand
433614,Zahid Mahmood,spin bowler,Right Wrist Spin,ON_THE_STUMPS,GOOD_LENGTH,67,61,4,6.59,15.25,16.75,Pakistan
334388,Liam O'Connor,spin bowler,Right Wrist Spin,ON_THE_STUMPS,GOOD_LENGTH,66,61,2,6.49,30.5,33.0,Australia
1099379,Gareth Delany,spin bowler,Right Wrist Spin,OUTSIDE_OFFSTUMP,FULL,89,61,4,8.75,15.25,22.25,Ireland
407265,Josh Davey,pace bowler,Right Fast,OUTSIDE_OFFSTUMP,GOOD_LENGTH,77,61,3,7.57,20.33,25.67,Scotland
230559,Kieron Pollard,pace bowler,Right Medium,WIDE_OUTSIDE_OFFSTUMP,SHORT_OF_A_GOOD_LENGTH,102,61,5,10.03,12.2,20.4,West Indies
959789,Hassan Khan,spin bowler,Left Off Spin,OUTSIDE_OFFSTUMP,GOOD_LENGTH,60,60,3,6.0,20.0,20.0,United States of America
1203995,Shahnawaz Dahani,pace bowler,Right Fast,OUTSIDE_OFFSTUMP,FULL,138,60,2,13.8,30.0,69.0,Pakistan
348059,Barry McCarthy,pace bowler,Right Fast,OUTSIDE_OFFSTUMP,FULL,92,60,4,9.2,15.0,23.0,Ireland
974175,Fazalhaq Farooqi,pace bowler,Left Fast,OUTSIDE_OFFSTUMP,YORKER,31,60,1,3.1,60.0,31.0,Afghanistan
429981,Mohammad Irfan,pace bowler,Left Fast,DOWN_LEG,SHORT,90,60,4,9.0,15.0,22.5,Pakistan
45204,Robbie Frylinck,pace bowler,Right Medium,ON_THE_STUMPS,GOOD_LENGTH,57,60,3,5.7,20.0,19.0,South Africa
51433,Samuel Badree,spin bowler,Right Wrist Spin,OUTSIDE_OFFSTUMP,SHORT_OF_A_GOOD_LENGTH,95,60,2,9.5,30.0,47.5,West Indies
716733,Khushdil Shah,spin bowler,Left Off Spin,OUTSIDE_OFFSTUMP,FULL,60,60,4,6.0,15.0,15.0,Pakistan
555855,Harry Conway,pace bowler,Right Fast,ON_THE_STUMPS,FULL,112,60,4,11.2,15.0,28.0,Australia
793007,Dilshan Madushanka,pace bowler,Left Fast,OUTSIDE_OFFSTUMP,FULL,120,60,3,12.0,20.0,40.0,Sri Lanka
751151,Hamza Tahir,spin bowler,Left Off Spin,OUTSIDE_OFFSTUMP,GOOD_LENGTH,76,60,3,7.6,20.0,25.33,Scotland
502714,Mitchell Santner,spin bowler,Left Off Spin,DOWN_LEG,GOOD_LENGTH,83,60,5,8.3,12.0,16.6,New Zealand
906783,Obed McCoy,pace bowler,Left Fast,WIDE_OUTSIDE_OFFSTUMP,FULL,155,60,2,15.5,30.0,77.5,West Indies
1125976,Arshdeep Singh,pace bowler,Left Fast,ON_THE_STUMPS,FULL_TOSS,116,60,2,11.6,30.0,58.0,India
660889,Mason Crane,spin bowler,Right Wrist Spin,OUTSIDE_OFFSTUMP,GOOD_LENGTH,67,60,4,6.7,15.0,16.75,England
272262,Kane Richardson,pace bowler,Right Fast,WIDE_OUTSIDE_OFFSTUMP,FULL,99,60,3,9.9,20.0,33.0,Australia
878465,Mehedi Hasan Rana,pace bowler,Left Fast,ON_THE_STUMPS,SHORT_OF_A_GOOD_LENGTH,64,60,6,6.4,10.0,10.67,Bangladesh
379504,Adam Zampa,spin bowler,Right Wrist Spin,OUTSIDE_OFFSTUMP,FULL_TOSS,81,60,1,8.1,60.0,81.0,Australia
1012131,Rakibul Hasan,spin bowler,Left Off Spin,ON_THE_STUMPS,GOOD_LENGTH,55,60,4,5.5,15.0,13.75,Bangladesh
360456,Asela Gunaratne,pace bowler,Right Fast,ON_THE_STUMPS,GOOD_LENGTH,78,60,2,7.8,30.0,39.0,Sri Lanka
540316,Andile Phehlukwayo,pace bowler,Right Fast,OUTSIDE_OFFSTUMP,SHORT,99,60,8,9.9,7.5,12.38,South Africa
379145,Tabraiz Shamsi,spin bowler,Left Wrist Spin,DOWN_LEG,SHORT_OF_A_GOOD_LENGTH,92,60,1,9.2,60.0,92.0,South Africa
348056,Kyle Mayers,pace bowler,Right Medium,ON_THE_STUMPS,FULL,48,60,2,4.8,30.0,24.0,West Indies
629080,Binura Fernando,pace bowler,Left Fast,DOWN_LEG,SHORT_OF_A_GOOD_LENGTH,81,60,3,8.1,20.0,27.0,Sri Lanka
233514,Thisara Perera,pace bowler,Right Fast,OUTSIDE_OFFSTUMP,SHORT,129,60,3,12.9,20.0,43.0,Sri Lanka
1125317,Lance Morris,pace bowler,Right Fast,ON_THE_STUMPS,FULL,92,60,4,9.2,15.0,23.0,Australia
1070196,Yash Thakur,pace bowler,Right Fast,OUTSIDE_OFFSTUMP,SHORT,106,60,6,10.6,10.0,17.67,India
391485,Jason Holder,pace bowler,Right Fast,DOWN_LEG,FULL,89,60,2,8.9,30.0,44.5,West Indies
555855,Harry Conway,pace bowler,Right Fast,OUTSIDE_OFFSTUMP,SHORT_OF_A_GOOD_LENGTH,66,60,2,6.6,30.0,33.0,Australia
958007,Jon-Russ Jaggesar,spin bowler,Right Off Spin,OUTSIDE_OFFSTUMP,SHORT_OF_A_GOOD_LENGTH,54,60,4,5.4,15.0,13.5,West Indies
401540,Aizaz Khan,pace bowler,Right Fast,OUTSIDE_OFFSTUMP,GOOD_LENGTH,84,60,3,8.4,20.0,28.0,Hong Kong
364343,Craig Young,pace bowler,Right Fast,OUTSIDE_OFFSTUMP,FULL,86,60,3,8.6,20.0,28.67,Ireland
259551,Junaid Khan,pace bowler,Left Fast,OUTSIDE_OFFSTUMP,GOOD_LENGTH,87,59,1,8.85,59.0,87.0,Pakistan
432960,Simon Harmer,spin bowler,Right Off Spin,OUTSIDE_OFFSTUMP,GOOD_LENGTH,52,59,5,5.29,11.8,10.4,South Africa
1150772,Tom Hartley,spin bowler,Left Off Spin,OUTSIDE_OFFSTUMP,GOOD_LENGTH,46,59,5,4.68,11.8,9.2,England
926629,Hasan Mahmud,pace bowler,Right Fast,OUTSIDE_OFFSTUMP,SHORT_OF_A_GOOD_LENGTH,66,59,4,6.71,14.75,16.5,Bangladesh
681067,Akif Raja,pace bowler,Right Fast,OUTSIDE_OFFSTUMP,GOOD_LENGTH,78,59,2,7.93,29.5,39.0,United Arab Emirates
974109,Mujeeb Ur Rahman,spin bowler,Right Off Spin,WIDE_OUTSIDE_OFFSTUMP,SHORT_OF_A_GOOD_LENGTH,57,59,3,5.8,19.67,19.0,Afghanistan
379504,Adam Zampa,spin bowler,Right Wrist Spin,ON_THE_STUMPS,FULL_TOSS,94,59,1,9.56,59.0,94.0,Australia
8180,Shane Watson,pace bowler,Right Fast,WIDE_OUTSIDE_OFFSTUMP,FULL,123,59,4,12.51,14.75,30.75,Australia
580400,Khizar Hayat,spin bowler,Right Off Spin,OUTSIDE_OFFSTUMP,GOOD_LENGTH,44,59,4,4.47,14.75,11.0,Malaysia
1199304,Jayden Seales,pace bowler,Right Fast,OUTSIDE_OFFSTUMP,SHORT_OF_A_GOOD_LENGTH,69,59,2,7.02,29.5,34.5,West Indies
56143,Shakib Al Hasan,spin bowler,Left Off Spin,WIDE_OUTSIDE_OFFSTUMP,FULL,106,59,4,10.78,14.75,26.5,Bangladesh
559235,Kuldeep Yadav,spin bowler,Left Wrist Spin,DOWN_LEG,FULL,106,59,3,10.78,19.67,35.33,India
402992,Shuvagata Hom,spin bowler,Right Off Spin,OUTSIDE_OFFSTUMP,FULL,80,59,2,8.14,29.5,40.0,Bangladesh
781705,Salman Irshad,pace bowler,Right Fast,ON_THE_STUMPS,SHORT,127,59,1,12.92,59.0,127.0,Pakistan
43685,Yasir Shah,spin bowler,Right Wrist Spin,OUTSIDE_OFFSTUMP,FULL,70,59,2,7.12,29.5,35.0,Pakistan
480603,Iftikhar Ahmed,spin bowler,Right Off Spin,OUTSIDE_OFFSTUMP,FULL,98,59,1,9.97,59.0,98.0,Pakistan
822553,Tushar Deshpande,pace bowler,Right Medium,ON_THE_STUMPS,FULL,94,59,5,9.56,11.8,18.8,India
535353,Ottniel Baartman,pace bowler,Right Fast,ON_THE_STUMPS,GOOD_LENGTH,52,59,9,5.29,6.56,5.78,South Africa
1203669,Akif Javed,pace bowler,Left Fast,ON_THE_STUMPS,GOOD_LENGTH,79,59,3,8.03,19.67,26.33,Pakistan
961407,Harry Tector,spin bowler,Right Off Spin,ON_THE_STUMPS,GOOD_LENGTH,47,59,4,4.78,14.75,11.75,Ireland
375126,Hardus Viljoen,pace bowler,Right Fast,ON_THE_STUMPS,SHORT_OF_A_GOOD_LENGTH,87,59,3,8.85,19.67,29.0,South Africa
591650,Ankit Rajpoot,pace bowler,Right Medium,ON_THE_STUMPS,GOOD_LENGTH,81,59,2,8.24,29.5,40.5,India
362710,David Payne,pace bowler,Left Fast,OUTSIDE_OFFSTUMP,FULL,118,59,2,12.0,29.5,59.0,England
270484,James Faulkner,pace bowler,Left Fast,WIDE_OUTSIDE_OFFSTUMP,FULL,124,59,4,12.61,14.75,31.0,Australia
25913,Mohammad Nabi,spin bowler,Right Off Spin,WIDE_OUTSIDE_OFFSTUMP,GOOD_LENGTH,66,59,2,6.71,29.5,33.0,Afghanistan
31872,Shahbaz Nadeem,spin bowler,Left Off Spin,ON_THE_STUMPS,FULL,79,59,2,8.03,29.5,39.5,India
326016,Bhuvneshwar Kumar,pace bowler,Right Medium,WIDE_OUTSIDE_OFFSTUMP,SHORT_OF_A_GOOD_LENGTH,101,59,3,10.27,19.67,33.67,India
272262,Kane Richardson,pace bowler,Right Fast,WIDE_OUTSIDE_OFFSTUMP,GOOD_LENGTH,95,59,5,9.66,11.8,19.0,Australia
556684,Mir Hamza,pace bowler,Left Medium,ON_THE_STUMPS,GOOD_LENGTH,82,59,8,8.34,7.38,10.25,Pakistan
553800,Chris Tremain,pace bowler,Right Fast,OUTSIDE_OFFSTUMP,SHORT_OF_A_GOOD_LENGTH,62,58,3,6.41,19.33,20.67,Australia
451782,James Fuller,pace bowler,Right Fast,ON_THE_STUMPS,GOOD_LENGTH,76,58,3,7.86,19.33,25.33,England
696401,Marco Jansen,pace bowler,Left Fast,ON_THE_STUMPS,FULL,110,58,3,11.38,19.33,36.67,South Africa
375724,Kamrul Islam,pace bowler,Right Fast,OUTSIDE_OFFSTUMP,FULL,104,58,3,10.76,19.33,34.67,Bangladesh
434429,Aamer Yamin,pace bowler,Right Medium,OUTSIDE_OFFSTUMP,SHORT_OF_A_GOOD_LENGTH,73,58,2,7.55,29.0,36.5,Pakistan
457279,Olly Stone,pace bowler,Right Fast,OUTSIDE_OFFSTUMP,SHORT_OF_A_GOOD_LENGTH,42,58,1,4.34,58.0,42.0,England
437438,Prenelan Subrayen,spin bowler,Right Off Spin,OUTSIDE_OFFSTUMP,GOOD_LENGTH,54,58,4,5.59,14.5,13.5,South Africa
901155,Liam Hatcher,pace bowler,Right Fast,ON_THE_STUMPS,FULL,99,58,2,10.24,29.0,49.5,Australia
802575,T Natarajan,pace bowler,Left Medium,OUTSIDE_OFFSTUMP,YORKER,51,58,1,5.28,58.0,51.0,India
549288,Ferisco Adams,pace bowler,Right Fast,OUTSIDE_OFFSTUMP,GOOD_LENGTH,57,58,2,5.9,29.0,28.5,South Africa
1161489,Rasikh Salam,pace bowler,Right Medium,OUTSIDE_OFFSTUMP,GOOD_LENGTH,78,58,3,8.07,19.33,26.0,India
375126,Hardus Viljoen,pace bowler,Right Fast,ON_THE_STUMPS,GOOD_LENGTH,81,58,5,8.38,11.6,16.2,South Africa
42657,Shoaib Malik,spin bowler,Right Off Spin,OUTSIDE_OFFSTUMP,SHORT_OF_A_GOOD_LENGTH,59,58,3,6.1,19.33,19.67,Pakistan
568136,Fareed Ahmad,pace bowler,Left Fast,OUTSIDE_OFFSTUMP,SHORT_OF_A_GOOD_LENGTH,71,58,5,7.34,11.6,14.2,Afghanistan
942645,Khaleel Ahmed,pace bowler,Left Fast,OUTSIDE_OFFSTUMP,GOOD_LENGTH,76,58,3,7.86,19.33,25.33,India
1209272,Adnan Mirza,spin bowler,Left Off Spin,OUTSIDE_OFFSTUMP,GOOD_LENGTH,70,58,4,7.24,14.5,17.5,Qatar
379145,Tabraiz Shamsi,spin bowler,Left Wrist Spin,DOWN_LEG,FULL,91,58,2,9.41,29.0,45.5,South Africa
1193685,Todd Murphy,spin bowler,Right Off Spin,ON_THE_STUMPS,GOOD_LENGTH,56,58,2,5.79,29.0,28.0,Australia
311592,Mitchell Starc,pace bowler,Left Fast,ON_THE_STUMPS,YORKER,32,58,14,3.31,4.14,2.29,Australia
56143,Shakib Al Hasan,spin bowler,Left Off Spin,DOWN_LEG,GOOD_LENGTH,86,58,2,8.9,29.0,43.0,Bangladesh
277912,Trent Boult,pace bowler,Left Fast,OUTSIDE_OFFSTUMP,YORKER,34,58,3,3.52,19.33,11.33,New Zealand
438362,Sandeep Sharma,pace bowler,Right Medium,ON_THE_STUMPS,FULL_TOSS,128,58,2,13.24,29.0,64.0,India
537126,Barinder Sran,pace bowler,Left Medium,OUTSIDE_OFFSTUMP,SHORT_OF_A_GOOD_LENGTH,80,58,2,8.28,29.0,40.0,India
233514,Thisara Perera,pace bowler,Right Fast,OUTSIDE_OFFSTUMP,FULL_TOSS,122,58,7,12.62,8.29,17.43,Sri Lanka
909225,Paul Walter,pace bowler,Left Medium,ON_THE_STUMPS,SHORT_OF_A_GOOD_LENGTH,93,58,5,9.62,11.6,18.6,England
260036,Tanwir Afzal,pace bowler,Right Fast,OUTSIDE_OFFSTUMP,GOOD_LENGTH,65,58,2,6.72,29.0,32.5,Hong Kong
1161606,Haris Rauf,pace bowler,Right Fast,DOWN_LEG,GOOD_LENGTH,64,58,3,6.62,19.33,21.33,Pakistan
230559,Kieron Pollard,pace bowler,Right Medium,WIDE_OUTSIDE_OFFSTUMP,GOOD_LENGTH,98,58,1,10.14,58.0,98.0,West Indies
481896,Mohammed Shami,pace bowler,Right Fast,ON_THE_STUMPS,SHORT,136,58,5,14.07,11.6,27.2,India
308251,David Willey,pace bowler,Left Fast,DOWN_LEG,SHORT_OF_A_GOOD_LENGTH,84,58,2,8.69,29.0,42.0,England
230371,Ben Cutting,pace bowler,Right Fast,ON_THE_STUMPS,SHORT,120,58,4,12.41,14.5,30.0,Australia
35928,Bipul Sharma,spin bowler,Left Off Spin,OUTSIDE_OFFSTUMP,GOOD_LENGTH,62,58,4,6.41,14.5,15.5,India
269332,Muktar Ali,pace bowler,Right Fast,ON_THE_STUMPS,GOOD_LENGTH,67,58,2,6.93,29.0,33.5,Bangladesh
360911,Varun Aaron,pace bowler,Right Fast,ON_THE_STUMPS,GOOD_LENGTH,59,58,1,6.1,58.0,59.0,India
333782,Timm van der Gugten,pace bowler,Right Fast,OUTSIDE_OFFSTUMP,GOOD_LENGTH,64,58,2,6.62,29.0,32.0,Netherlands
288305,Shafiul Islam,pace bowler,Right Fast,OUTSIDE_OFFSTUMP,FULL,88,58,2,9.1,29.0,44.0,Bangladesh
709675,James Bazley,pace bowler,Right Fast,ON_THE_STUMPS,GOOD_LENGTH,66,58,1,6.83,58.0,66.0,Australia
227758,Imad Wasim,spin bowler,Left Off Spin,WIDE_OUTSIDE_OFFSTUMP,SHORT_OF_A_GOOD_LENGTH,81,58,1,8.38,58.0,81.0,Pakistan
437506,Imran Manack,spin bowler,Right Off Spin,OUTSIDE_OFFSTUMP,GOOD_LENGTH,52,58,3,5.38,19.33,17.33,South Africa
1122918,Kartik Tyagi,pace bowler,Right Fast,OUTSIDE_OFFSTUMP,FULL,112,58,3,11.59,19.33,37.33,India
1323727,Junior Sinclair,spin bowler,Right Off Spin,OUTSIDE_OFFSTUMP,GOOD_LENGTH,40,58,4,4.14,14.5,10.0,West Indies
1122918,Kartik Tyagi,pace bowler,Right Fast,OUTSIDE_OFFSTUMP,GOOD_LENGTH,97,58,1,10.03,58.0,97.0,India
230558,Sunil Narine,spin bowler,Right Off Spin,OUTSIDE_OFFSTUMP,SHORT,125,58,1,12.93,58.0,125.0,West Indies
245490,Ahmed Raza,spin bowler,Left Off Spin,OUTSIDE_OFFSTUMP,GOOD_LENGTH,62,58,1,6.41,58.0,62.0,United Arab Emirates
600498,Aiden Markram,spin bowler,Right Off Spin,ON_THE_STUMPS,FULL,96,58,1,9.93,58.0,96.0,South Africa
56167,Ziaur Rahman,pace bowler,Right Fast,OUTSIDE_OFFSTUMP,SHORT_OF_A_GOOD_LENGTH,67,58,3,6.93,19.33,22.33,Bangladesh
660889,Mason Crane,spin bowler,Right Wrist Spin,ON_THE_STUMPS,GOOD_LENGTH,84,58,4,8.69,14.5,21.0,England
475281,Shardul Thakur,pace bowler,Right Medium,OUTSIDE_OFFSTUMP,FULL_TOSS,127,58,3,13.14,19.33,42.33,India
326017,Siddarth Kaul,pace bowler,Right Medium,OUTSIDE_OFFSTUMP,SHORT,97,58,4,10.03,14.5,24.25,India
1206039,Akash Madhwal,pace bowler,Right Fast,OUTSIDE_OFFSTUMP,SHORT_OF_A_GOOD_LENGTH,45,58,5,4.66,11.6,9.0,India
290948,Mohammad Amir,pace bowler,Left Fast,DOWN_LEG,FULL,114,58,3,11.79,19.33,38.0,Pakistan
345821,Danushka Gunathilaka,spin bowler,Right Off Spin,OUTSIDE_OFFSTUMP,GOOD_LENGTH,68,58,2,7.03,29.0,34.0,Sri Lanka
679567,Ben Dwarshuis,pace bowler,Left Fast,DOWN_LEG,GOOD_LENGTH,82,58,3,8.48,19.33,27.33,Australia
774223,Jhye Richardson,pace bowler,Right Fast,ON_THE_STUMPS,YORKER,22,57,18,2.32,3.17,1.22,Australia
1206769,Jayden Lennox,spin bowler,Left Off Spin,ON_THE_STUMPS,GOOD_LENGTH,56,57,2,5.89,28.5,28.0,New Zealand
307495,Michael Beer,spin bowler,Left Off Spin,OUTSIDE_OFFSTUMP,GOOD_LENGTH,82,57,2,8.63,28.5,41.0,Australia
30288,Karn Sharma,spin bowler,Right Wrist Spin,ON_THE_STUMPS,SHORT_OF_A_GOOD_LENGTH,83,57,2,8.74,28.5,41.5,India
1344829,Rizwan Butt,pace bowler,Right Medium,OUTSIDE_OFFSTUMP,GOOD_LENGTH,74,57,1,7.79,57.0,74.0,Bahrain
931603,Brendan Doggett,pace bowler,Right Fast,ON_THE_STUMPS,FULL,86,57,5,9.05,11.4,17.2,Australia
494581,Rahkeem Cornwall,spin bowler,Right Off Spin,OUTSIDE_OFFSTUMP,SHORT_OF_A_GOOD_LENGTH,48,57,4,5.05,14.25,12.0,West Indies
553821,JJ Smit,pace bowler,Left Fast,OUTSIDE_OFFSTUMP,SHORT_OF_A_GOOD_LENGTH,64,57,3,6.74,19.0,21.33,Namibia
526441,Mark Adair,pace bowler,Right Fast,ON_THE_STUMPS,FULL,71,57,9,7.47,6.33,7.89,Ireland
605681,Evan Jones,pace bowler,Right Fast,OUTSIDE_OFFSTUMP,SHORT_OF_A_GOOD_LENGTH,76,57,3,8.0,19.0,25.33,South Africa
429122,Umaid Asif,pace bowler,Right Fast,OUTSIDE_OFFSTUMP,FULL,108,57,5,11.37,11.4,21.6,Pakistan
897549,Will Jacks,spin bowler,Right Off Spin,OUTSIDE_OFFSTUMP,SHORT_OF_A_GOOD_LENGTH,77,57,3,8.11,19.0,25.67,England
56125,Shohidul Islam,pace bowler,Right Medium,ON_THE_STUMPS,GOOD_LENGTH,65,57,2,6.84,28.5,32.5,Bangladesh
272262,Kane Richardson,pace bowler,Right Fast,ON_THE_STUMPS,SHORT,110,57,6,11.58,9.5,18.33,Australia
51439,Dwayne Bravo,pace bowler,Right Medium,DOWN_LEG,SHORT,69,57,9,7.26,6.33,7.67,West Indies
747315,Nathan Sowter,spin bowler,Right Wrist Spin,OUTSIDE_OFFSTUMP,GOOD_LENGTH,65,57,3,6.84,19.0,21.67,England
501012,Joel Paris,pace bowler,Left Fast,ON_THE_STUMPS,FULL,128,57,1,13.47,57.0,128.0,Australia
232292,Swapnil Singh,spin bowler,Left Off Spin,OUTSIDE_OFFSTUMP,GOOD_LENGTH,62,57,4,6.53,14.25,15.5,India
928059,Ben White,spin bowler,Right Wrist Spin,OUTSIDE_OFFSTUMP,FULL,98,57,1,10.32,57.0,98.0,Ireland
1129638,Ben Lockrose,spin bowler,Left Off Spin,OUTSIDE_OFFSTUMP,GOOD_LENGTH,83,57,1,8.74,57.0,83.0,New Zealand
6033,Mitchell Johnson,pace bowler,Left Fast,ON_THE_STUMPS,SHORT_OF_A_GOOD_LENGTH,60,57,1,6.32,57.0,60.0,Australia
1065115,Benjamin Manenti,spin bowler,Right Off Spin,ON_THE_STUMPS,FULL,82,57,1,8.63,57.0,82.0,Italy
351588,Mark Wood,pace bowler,Right Fast,ON_THE_STUMPS,GOOD_LENGTH,85,57,3,8.95,19.0,28.33,England
625371,Hardik Pandya,pace bowler,Right Fast,WIDE_OUTSIDE_OFFSTUMP,GOOD_LENGTH,107,57,3,11.26,19.0,35.67,India
873199,Chris Greaves,spin bowler,Right Wrist Spin,OUTSIDE_OFFSTUMP,GOOD_LENGTH,69,57,2,7.26,28.5,34.5,Scotland
677081,Keemo Paul,pace bowler,Right Fast,OUTSIDE_OFFSTUMP,FULL_TOSS,117,57,1,12.32,57.0,117.0,West Indies
669855,Jofra Archer,pace bowler,Right Fast,ON_THE_STUMPS,FULL_TOSS,85,57,4,8.95,14.25,21.25,England
1123718,Spencer Johnson,pace bowler,Left Fast,ON_THE_STUMPS,FULL,85,57,5,8.95,11.4,17.0,Australia
628240,Hussain Talat,pace bowler,Right Fast,OUTSIDE_OFFSTUMP,GOOD_LENGTH,66,57,4,6.95,14.25,16.5,Pakistan
1123718,Spencer Johnson,pace bowler,Left Fast,OUTSIDE_OFFSTUMP,FULL,104,57,1,10.95,57.0,104.0,Australia
51784,Rayad Emrit,pace bowler,Right Fast,ON_THE_STUMPS,FULL,77,57,6,8.11,9.5,12.83,West Indies
55870,Sean Williams,spin bowler,Left Off Spin,OUTSIDE_OFFSTUMP,SHORT_OF_A_GOOD_LENGTH,60,57,4,6.32,14.25,15.0,Zimbabwe
784379,Wanindu Hasaranga,spin bowler,Right Wrist Spin,OUTSIDE_OFFSTUMP,SHORT_OF_A_GOOD_LENGTH,61,56,4,6.54,14.0,15.25,Sri Lanka
990039,Shoriful Islam,pace bowler,Left Fast,ON_THE_STUMPS,SHORT,85,56,3,9.11,18.67,28.33,Bangladesh
1076473,Izharulhaq Naveed,spin bowler,Right Wrist Spin,OUTSIDE_OFFSTUMP,GOOD_LENGTH,56,56,2,6.0,28.0,28.0,Afghanistan
6033,Mitchell Johnson,pace bowler,Left Fast,ON_THE_STUMPS,FULL,90,56,3,9.64,18.67,30.0,Australia
926629,Hasan Mahmud,pace bowler,Right Fast,ON_THE_STUMPS,FULL,74,56,3,7.93,18.67,24.67,Bangladesh
290948,Mohammad Amir,pace bowler,Left Fast,WIDE_OUTSIDE_OFFSTUMP,FULL,117,56,3,12.54,18.67,39.0,Pakistan
854909,Blair Tickner,pace bowler,Right Fast,OUTSIDE_OFFSTUMP,SHORT,129,56,1,13.82,56.0,129.0,New Zealand
494581,Rahkeem Cornwall,spin bowler,Right Off Spin,ON_THE_STUMPS,FULL,63,56,1,6.75,56.0,63.0,West Indies
990161,Hasan Murad,spin bowler,Left Off Spin,ON_THE_STUMPS,GOOD_LENGTH,67,56,2,7.18,28.0,33.5,Bangladesh
974109,Mujeeb Ur Rahman,spin bowler,Right Off Spin,WIDE_OUTSIDE_OFFSTUMP,FULL,85,56,4,9.11,14.0,21.25,Afghanistan
43590,Wahab Riaz,pace bowler,Left Fast,DOWN_LEG,GOOD_LENGTH,73,56,3,7.82,18.67,24.33,Pakistan
593296,Ali Dawood,pace bowler,Right Medium,OUTSIDE_OFFSTUMP,GOOD_LENGTH,57,56,7,6.11,8.0,8.14,Bahrain
552152,Dushmantha Chameera,pace bowler,Right Fast,ON_THE_STUMPS,SHORT,95,56,5,10.18,11.2,19.0,Sri Lanka
481979,Anrich Nortje,pace bowler,Right Fast,ON_THE_STUMPS,YORKER,33,56,8,3.54,7.0,4.12,South Africa
51439,Dwayne Bravo,pace bowler,Right Medium,WIDE_OUTSIDE_OFFSTUMP,FULL_TOSS,102,56,3,10.93,18.67,34.0,West Indies
1206039,Akash Madhwal,pace bowler,Right Fast,OUTSIDE_OFFSTUMP,GOOD_LENGTH,52,56,3,5.57,18.67,17.33,India
1078697,Jeavor Royal,spin bowler,Left Off Spin,OUTSIDE_OFFSTUMP,SHORT_OF_A_GOOD_LENGTH,63,56,4,6.75,14.0,15.75,West Indies
1161606,Haris Rauf,pace bowler,Right Fast,ON_THE_STUMPS,SHORT,129,56,4,13.82,14.0,32.25,Pakistan
662973,Sam Curran,pace bowler,Left Fast,WIDE_OUTSIDE_OFFSTUMP,FULL,111,56,6,11.89,9.33,18.5,England
927119,Ali Khan,pace bowler,Right Fast,ON_THE_STUMPS,SHORT_OF_A_GOOD_LENGTH,75,56,6,8.04,9.33,12.5,United States of America
261354,Nathan Coulter-Nile,pace bowler,Right Fast,WIDE_OUTSIDE_OFFSTUMP,GOOD_LENGTH,69,56,3,7.39,18.67,23.0,Australia
422965,Shehan Jayasuriya,spin bowler,Right Off Spin,ON_THE_STUMPS,GOOD_LENGTH,98,56,3,10.5,18.67,32.67,United States of America
371814,Kevon Cooper,pace bowler,Right Medium,OUTSIDE_OFFSTUMP,GOOD_LENGTH,52,56,3,5.57,18.67,17.33,West Indies
49619,Suranga Lakmal,pace bowler,Right Fast,ON_THE_STUMPS,GOOD_LENGTH,67,56,3,7.18,18.67,22.33,Sri Lanka
990165,Mukidul Islam,pace bowler,Right Fast,OUTSIDE_OFFSTUMP,FULL,91,56,3,9.75,18.67,30.33,Bangladesh
539548,Scott Kuggeleijn,pace bowler,Right Fast,ON_THE_STUMPS,FULL,101,56,5,10.82,11.2,20.2,New Zealand
41324,Mohammad Sami,pace bowler,Right Fast,OUTSIDE_OFFSTUMP,FULL,116,56,5,12.43,11.2,23.2,Pakistan
226493,Hamish Bennett,pace bowler,Right Fast,OUTSIDE_OFFSTUMP,GOOD_LENGTH,74,56,5,7.93,11.2,14.8,New Zealand
1209190,Matthew Forde,pace bowler,Right Medium,OUTSIDE_OFFSTUMP,FULL,87,56,6,9.32,9.33,14.5,West Indies
537119,Mohit Sharma,pace bowler,Right Medium,ON_THE_STUMPS,SHORT,117,56,1,12.54,56.0,117.0,India
402992,Shuvagata Hom,spin bowler,Right Off Spin,ON_THE_STUMPS,FULL,63,56,2,6.75,28.0,31.5,Bangladesh
244639,Harry Gurney,pace bowler,Left Fast,ON_THE_STUMPS,FULL,83,56,2,8.89,28.0,41.5,England
1206623,Dilbar Hussain,pace bowler,Right Fast,OUTSIDE_OFFSTUMP,SHORT_OF_A_GOOD_LENGTH,82,56,2,8.79,28.0,41.0,Pakistan
629084,Ramesh Mendis,spin bowler,Right Off Spin,OUTSIDE_OFFSTUMP,GOOD_LENGTH,59,56,4,6.32,14.0,14.75,Sri Lanka
438563,Mark Chapman,spin bowler,Left Off Spin,OUTSIDE_OFFSTUMP,GOOD_LENGTH,50,56,3,5.36,18.67,16.67,New Zealand
325012,Marcus Stoinis,pace bowler,Right Medium,DOWN_LEG,SHORT_OF_A_GOOD_LENGTH,86,56,2,9.21,28.0,43.0,Australia
31107,Amit Mishra,spin bowler,Right Wrist Spin,DOWN_LEG,GOOD_LENGTH,78,56,1,8.36,56.0,78.0,India
438362,Sandeep Sharma,pace bowler,Right Medium,OUTSIDE_OFFSTUMP,FULL_TOSS,114,56,6,12.21,9.33,19.0,India
1125976,Arshdeep Singh,pace bowler,Left Fast,OUTSIDE_OFFSTUMP,YORKER,54,55,2,5.89,27.5,27.0,India
1050545,Xavier Bartlett,pace bowler,Right Fast,OUTSIDE_OFFSTUMP,FULL,69,55,2,7.53,27.5,34.5,Australia
1353033,Muhammad Jawadullah,pace bowler,Left Fast,OUTSIDE_OFFSTUMP,GOOD_LENGTH,53,55,2,5.78,27.5,26.5,United Arab Emirates
333780,Nic Maddinson,spin bowler,Left Off Spin,OUTSIDE_OFFSTUMP,GOOD_LENGTH,64,55,5,6.98,11.0,12.8,Australia
390481,Harshal Patel,pace bowler,Right Medium,ON_THE_STUMPS,YORKER,27,55,13,2.95,4.23,2.08,India
1161606,Haris Rauf,pace bowler,Right Fast,DOWN_LEG,SHORT_OF_A_GOOD_LENGTH,80,55,2,8.73,27.5,40.0,Pakistan
1246528,Umran Malik,pace bowler,Right Fast,ON_THE_STUMPS,GOOD_LENGTH,71,55,7,7.75,7.86,10.14,India
379887,Lizaad Williams,pace bowler,Right Fast,OUTSIDE_OFFSTUMP,FULL,118,55,3,12.87,18.33,39.33,South Africa
319439,Mitchell McClenaghan,pace bowler,Left Fast,OUTSIDE_OFFSTUMP,FULL_TOSS,83,55,5,9.05,11.0,16.6,New Zealand
959771,Nathan Smith,pace bowler,Right Fast,ON_THE_STUMPS,GOOD_LENGTH,68,55,4,7.42,13.75,17.0,New Zealand
6033,Mitchell Johnson,pace bowler,Left Fast,OUTSIDE_OFFSTUMP,SHORT_OF_A_GOOD_LENGTH,52,55,1,5.67,55.0,52.0,Australia
571703,Wellington Masakadza,spin bowler,Left Off Spin,OUTSIDE_OFFSTUMP,SHORT_OF_A_GOOD_LENGTH,67,55,1,7.31,55.0,67.0,Zimbabwe
51782,Fidel Edwards,pace bowler,Right Fast,OUTSIDE_OFFSTUMP,SHORT_OF_A_GOOD_LENGTH,41,55,4,4.47,13.75,10.25,West Indies
826915,Nathan Ellis,pace bowler,Right Fast,ON_THE_STUMPS,SHORT,109,55,3,11.89,18.33,36.33,Australia
1153149,Vijayakanth Viyaskanth,spin bowler,Right Wrist Spin,OUTSIDE_OFFSTUMP,FULL,71,55,3,7.75,18.33,23.67,Sri Lanka
1194795,Matheesha Pathirana,pace bowler,Right Fast,ON_THE_STUMPS,SHORT_OF_A_GOOD_LENGTH,46,55,4,5.02,13.75,11.5,Sri Lanka
384525,Zahoor Khan,pace bowler,Right Fast,ON_THE_STUMPS,GOOD_LENGTH,65,55,3,7.09,18.33,21.67,United Arab Emirates
1234111,Mohammad Imran,pace bowler,Left Fast,ON_THE_STUMPS,GOOD_LENGTH,64,55,1,6.98,55.0,64.0,Pakistan
502714,Mitchell Santner,spin bowler,Left Off Spin,WIDE_OUTSIDE_OFFSTUMP,GOOD_LENGTH,56,55,6,6.11,9.17,9.33,New Zealand
1168641,Harpreet Brar,spin bowler,Left Off Spin,OUTSIDE_OFFSTUMP,SHORT_OF_A_GOOD_LENGTH,91,55,1,9.93,55.0,91.0,India
793447,Naveen-ul-Haq,pace bowler,Right Fast,DOWN_LEG,SHORT_OF_A_GOOD_LENGTH,58,55,4,6.33,13.75,14.5,Afghanistan
401057,Taijul Islam,spin bowler,Left Off Spin,ON_THE_STUMPS,FULL,65,55,2,7.09,27.5,32.5,Bangladesh
1150772,Tom Hartley,spin bowler,Left Off Spin,ON_THE_STUMPS,GOOD_LENGTH,83,55,6,9.05,9.17,13.83,England
379887,Lizaad Williams,pace bowler,Right Fast,ON_THE_STUMPS,GOOD_LENGTH,67,55,4,7.31,13.75,16.75,South Africa
446810,Nazmul Islam,spin bowler,Left Off Spin,OUTSIDE_OFFSTUMP,FULL,73,55,1,7.96,55.0,73.0,Bangladesh
473191,Richard Gleeson,pace bowler,Right Fast,ON_THE_STUMPS,FULL,89,55,3,9.71,18.33,29.67,England
414990,Jake Ball,pace bowler,Right Fast,OUTSIDE_OFFSTUMP,SHORT_OF_A_GOOD_LENGTH,89,55,1,9.71,55.0,89.0,England
1159371,Mohammad Ilyas,pace bowler,Right Fast,OUTSIDE_OFFSTUMP,SHORT_OF_A_GOOD_LENGTH,71,55,3,7.75,18.33,23.67,Pakistan
42639,Shahid Afridi,spin bowler,Right Wrist Spin,ON_THE_STUMPS,SHORT_OF_A_GOOD_LENGTH,78,55,1,8.51,55.0,78.0,Pakistan
600498,Aiden Markram,spin bowler,Right Off Spin,OUTSIDE_OFFSTUMP,FULL,69,55,3,7.53,18.33,23.0,South Africa
31820,Ashish Nehra,pace bowler,Left Fast,OUTSIDE_OFFSTUMP,SHORT_OF_A_GOOD_LENGTH,66,55,2,7.2,27.5,33.0,India
959769,Ben Sears,pace bowler,Right Fast,ON_THE_STUMPS,GOOD_LENGTH,80,55,2,8.73,27.5,40.0,New Zealand
40082,Ehsan Khan,spin bowler,Right Off Spin,ON_THE_STUMPS,FULL,50,55,7,5.45,7.86,7.14,Hong Kong
501907,Daryn Dupavillon,pace bowler,Right Fast,ON_THE_STUMPS,GOOD_LENGTH,49,54,1,5.44,54.0,49.0,South Africa
360911,Varun Aaron,pace bowler,Right Fast,OUTSIDE_OFFSTUMP,FULL,83,54,1,9.22,54.0,83.0,India
227758,Imad Wasim,spin bowler,Left Off Spin,WIDE_OUTSIDE_OFFSTUMP,FULL,97,54,4,10.78,13.5,24.25,Pakistan
330902,Mustafizur Rahman,pace bowler,Left Fast,ON_THE_STUMPS,YORKER,31,54,13,3.44,4.15,2.38,Bangladesh
1076713,Cameron Green,pace bowler,Right Fast,ON_THE_STUMPS,GOOD_LENGTH,63,54,1,7.0,54.0,63.0,Australia
837611,Henry Thornton,pace bowler,Right Fast,OUTSIDE_OFFSTUMP,FULL,89,54,4,9.89,13.5,22.25,Australia
40082,Ehsan Khan,spin bowler,Right Off Spin,ON_THE_STUMPS,GOOD_LENGTH,67,54,1,7.44,54.0,67.0,Hong Kong
628240,Hussain Talat,pace bowler,Right Fast,OUTSIDE_OFFSTUMP,SHORT_OF_A_GOOD_LENGTH,93,54,2,10.33,27.0,46.5,Pakistan
1079848,Shivam Mavi,pace bowler,Right Fast,ON_THE_STUMPS,SHORT_OF_A_GOOD_LENGTH,76,54,4,8.44,13.5,19.0,India
596010,Gerald Coetzee,pace bowler,Right Fast,OUTSIDE_OFFSTUMP,FULL,92,54,2,10.22,27.0,46.0,South Africa
499660,Gurinder Sandhu,pace bowler,Right Fast,ON_THE_STUMPS,FULL,84,54,6,9.33,9.0,14.0,Australia
932665,Tanvir Islam,spin bowler,Left Off Spin,ON_THE_STUMPS,SHORT_OF_A_GOOD_LENGTH,51,54,3,5.67,18.0,17.0,Bangladesh
1065662,Roshon Primus,pace bowler,Right Medium,OUTSIDE_OFFSTUMP,FULL,107,54,2,11.89,27.0,53.5,West Indies
501907,Daryn Dupavillon,pace bowler,Right Fast,OUTSIDE_OFFSTUMP,SHORT_OF_A_GOOD_LENGTH,48,54,3,5.33,18.0,16.0,South Africa
437316,Dasun Shanaka,pace bowler,Right Medium,ON_THE_STUMPS,FULL,103,54,2,11.44,27.0,51.5,Sri Lanka
540316,Andile Phehlukwayo,pace bowler,Right Fast,ON_THE_STUMPS,SHORT_OF_A_GOOD_LENGTH,63,54,3,7.0,18.0,21.0,South Africa
694211,Avesh Khan,pace bowler,Right Fast,OUTSIDE_OFFSTUMP,FULL_TOSS,144,54,2,16.0,27.0,72.0,India
457249,Carlos Brathwaite,pace bowler,Right Fast,WIDE_OUTSIDE_OFFSTUMP,FULL,105,54,5,11.67,10.8,21.0,West Indies
348148,Mohammad Nawaz,spin bowler,Left Off Spin,DOWN_LEG,GOOD_LENGTH,80,54,3,8.89,18.0,26.67,Pakistan
552152,Dushmantha Chameera,pace bowler,Right Fast,WIDE_OUTSIDE_OFFSTUMP,FULL,116,54,2,12.89,27.0,58.0,Sri Lanka
323244,Rahat Ali,pace bowler,Left Fast,ON_THE_STUMPS,SHORT_OF_A_GOOD_LENGTH,66,54,4,7.33,13.5,16.5,Pakistan
44149,Johan Botha,spin bowler,Right Off Spin,ON_THE_STUMPS,FULL,78,54,1,8.67,54.0,78.0,South Africa
700167,Navdeep Saini,pace bowler,Right Fast,OUTSIDE_OFFSTUMP,SHORT,105,54,3,11.67,18.0,35.0,India
530812,Akeal Hosein,spin bowler,Left Off Spin,DOWN_LEG,GOOD_LENGTH,76,54,2,8.44,27.0,38.0,West Indies
1167779,Ayush Shukla,pace bowler,Right Medium,OUTSIDE_OFFSTUMP,SHORT_OF_A_GOOD_LENGTH,57,54,4,6.33,13.5,14.25,Hong Kong
297583,Kyle Abbott,pace bowler,Right Fast,OUTSIDE_OFFSTUMP,SHORT_OF_A_GOOD_LENGTH,54,54,3,6.0,18.0,18.0,South Africa
448243,Rumman Raees,pace bowler,Left Fast,ON_THE_STUMPS,SHORT_OF_A_GOOD_LENGTH,74,54,4,8.22,13.5,18.5,Pakistan
236779,Ishant Sharma,pace bowler,Right Fast,ON_THE_STUMPS,FULL,77,54,4,8.56,13.5,19.25,India
643885,Saqib Mahmood,pace bowler,Right Fast,ON_THE_STUMPS,GOOD_LENGTH,69,54,3,7.67,18.0,23.0,England
232364,Tim Southee,pace bowler,Right Fast,WIDE_OUTSIDE_OFFSTUMP,GOOD_LENGTH,119,54,3,13.22,18.0,39.67,New Zealand
681305,Hasan Ali,pace bowler,Right Fast,OUTSIDE_OFFSTUMP,FULL_TOSS,115,54,1,12.78,54.0,115.0,Pakistan
1138316,Maheesh Theekshana,spin bowler,Right Off Spin,ON_THE_STUMPS,FULL_TOSS,84,53,2,9.51,26.5,42.0,Sri Lanka
315623,Ben Laughlin,pace bowler,Right Fast,OUTSIDE_OFFSTUMP,SHORT,113,53,5,12.79,10.6,22.6,Australia
288992,Chris Jordan,pace bowler,Right Fast,DOWN_LEG,SHORT_OF_A_GOOD_LENGTH,92,53,1,10.42,53.0,92.0,England
311592,Mitchell Starc,pace bowler,Left Fast,OUTSIDE_OFFSTUMP,FULL_TOSS,84,53,6,9.51,8.83,14.0,Australia
31820,Ashish Nehra,pace bowler,Left Fast,ON_THE_STUMPS,FULL,83,53,3,9.4,17.67,27.67,India
290727,Rishi Dhawan,pace bowler,Right Fast,OUTSIDE_OFFSTUMP,FULL,87,53,3,9.85,17.67,29.0,India
559066,Ish Sodhi,spin bowler,Right Wrist Spin,WIDE_OUTSIDE_OFFSTUMP,GOOD_LENGTH,108,53,4,12.23,13.25,27.0,New Zealand
370040,Jeffrey Vandersay,spin bowler,Right Wrist Spin,ON_THE_STUMPS,FULL,52,53,4,5.89,13.25,13.0,Sri Lanka
439952,Chris Morris,pace bowler,Right Fast,OUTSIDE_OFFSTUMP,FULL_TOSS,83,53,2,9.4,26.5,41.5,South Africa
823509,Glenn Phillips,spin bowler,Right Off Spin,OUTSIDE_OFFSTUMP,GOOD_LENGTH,39,53,2,4.42,26.5,19.5,New Zealand
288992,Chris Jordan,pace bowler,Right Fast,DOWN_LEG,GOOD_LENGTH,87,53,1,9.85,53.0,87.0,England
364343,Craig Young,pace bowler,Right Fast,ON_THE_STUMPS,SHORT_OF_A_GOOD_LENGTH,80,53,3,9.06,17.67,26.67,Ireland
675945,Nahidul Islam,spin bowler,Right Off Spin,OUTSIDE_OFFSTUMP,SHORT_OF_A_GOOD_LENGTH,67,53,1,7.58,53.0,67.0,Bangladesh
1175441,Ravi Bishnoi,spin bowler,Right Wrist Spin,DOWN_LEG,GOOD_LENGTH,71,53,5,8.04,10.6,14.2,India
425639,Tendai Chatara,pace bowler,Right Fast,OUTSIDE_OFFSTUMP,FULL,66,53,2,7.47,26.5,33.0,Zimbabwe
928067,Josh Little,pace bowler,Left Fast,OUTSIDE_OFFSTUMP,SHORT,113,53,5,12.79,10.6,22.6,Ireland
712219,Zahir Khan,spin bowler,Left Wrist Spin,ON_THE_STUMPS,SHORT_OF_A_GOOD_LENGTH,65,53,1,7.36,53.0,65.0,Afghanistan
1350792,Suyash Sharma,spin bowler,Right Wrist Spin,OUTSIDE_OFFSTUMP,FULL,75,53,2,8.49,26.5,37.5,India
542023,Lungi Ngidi,pace bowler,Right Fast,WIDE_OUTSIDE_OFFSTUMP,SHORT_OF_A_GOOD_LENGTH,65,53,4,7.36,13.25,16.25,South Africa
1021025,Muhammad Amir,spin bowler,Left Off Spin,OUTSIDE_OFFSTUMP,GOOD_LENGTH,54,53,3,6.11,17.67,18.0,Malaysia
774223,Jhye Richardson,pace bowler,Right Fast,ON_THE_STUMPS,SHORT,97,53,4,10.98,13.25,24.25,Australia
1070183,Abhishek Sharma,spin bowler,Left Off Spin,OUTSIDE_OFFSTUMP,FULL,59,53,3,6.68,17.67,19.67,India
901155,Liam Hatcher,pace bowler,Right Fast,OUTSIDE_OFFSTUMP,SHORT_OF_A_GOOD_LENGTH,55,53,2,6.23,26.5,27.5,Australia
430246,Yuzvendra Chahal,spin bowler,Right Wrist Spin,DOWN_LEG,SHORT_OF_A_GOOD_LENGTH,82,53,1,9.28,53.0,82.0,India
52912,Ravi Rampaul,pace bowler,Right Fast,OUTSIDE_OFFSTUMP,FULL,90,53,3,10.19,17.67,30.0,West Indies
1241265,Aayan Afzal Khan,spin bowler,Left Off Spin,OUTSIDE_OFFSTUMP,FULL,39,53,3,4.42,17.67,13.0,United Arab Emirates
1161606,Haris Rauf,pace bowler,Right Fast,ON_THE_STUMPS,FULL_TOSS,91,53,4,10.3,13.25,22.75,Pakistan
785323,Nathan McAndrew,pace bowler,Right Fast,ON_THE_STUMPS,FULL,86,53,2,9.74,26.5,43.0,Australia
717373,Amad Butt,pace bowler,Right Fast,OUTSIDE_OFFSTUMP,SHORT_OF_A_GOOD_LENGTH,73,53,3,8.26,17.67,24.33,Pakistan
906749,Dominic Drakes,pace bowler,Left Fast,ON_THE_STUMPS,FULL,103,53,6,11.66,8.83,17.17,West Indies
457249,Carlos Brathwaite,pace bowler,Right Fast,DOWN_LEG,FULL,89,53,3,10.08,17.67,29.67,West Indies
387420,Mirwais Ashraf,pace bowler,Right Fast,OUTSIDE_OFFSTUMP,GOOD_LENGTH,68,53,1,7.7,53.0,68.0,Afghanistan
244497,Adil Rashid,spin bowler,Right Wrist Spin,DOWN_LEG,FULL,71,53,1,8.04,53.0,71.0,England
392945,Donald Tiripano,pace bowler,Right Fast,ON_THE_STUMPS,GOOD_LENGTH,80,53,1,9.06,53.0,80.0,Zimbabwe
348109,Paul van Meekeren,pace bowler,Right Fast,OUTSIDE_OFFSTUMP,FULL,85,53,4,9.62,13.25,21.25,Netherlands
450075,Kesrick Williams,pace bowler,Right Fast,WIDE_OUTSIDE_OFFSTUMP,GOOD_LENGTH,60,53,10,6.79,5.3,6.0,West Indies
697279,Usman Shinwari,pace bowler,Left Fast,DOWN_LEG,SHORT_OF_A_GOOD_LENGTH,66,53,2,7.47,26.5,33.0,Pakistan
393279,Marchant de Lange,pace bowler,Right Fast,OUTSIDE_OFFSTUMP,SHORT_OF_A_GOOD_LENGTH,57,53,1,6.45,53.0,57.0,South Africa
51782,Fidel Edwards,pace bowler,Right Fast,ON_THE_STUMPS,GOOD_LENGTH,85,53,3,9.62,17.67,28.33,West Indies
819429,Azmatullah Omarzai,pace bowler,Right Fast,OUTSIDE_OFFSTUMP,SHORT,143,53,6,16.19,8.83,23.83,Afghanistan
959769,Ben Sears,pace bowler,Right Fast,OUTSIDE_OFFSTUMP,SHORT_OF_A_GOOD_LENGTH,59,53,4,6.68,13.25,14.75,New Zealand
714451,Shivam Dube,pace bowler,Right Medium,ON_THE_STUMPS,GOOD_LENGTH,76,53,3,8.6,17.67,25.33,India
1076473,Izharulhaq Naveed,spin bowler,Right Wrist Spin,ON_THE_STUMPS,GOOD_LENGTH,54,53,2,6.11,26.5,27.0,Afghanistan
422965,Shehan Jayasuriya,spin bowler,Right Off Spin,OUTSIDE_OFFSTUMP,GOOD_LENGTH,72,53,2,8.15,26.5,36.0,United States of America
226493,Hamish Bennett,pace bowler,Right Fast,OUTSIDE_OFFSTUMP,SHORT_OF_A_GOOD_LENGTH,74,53,1,8.38,53.0,74.0,New Zealand
1076721,Lloyd Pope,spin bowler,Right Wrist Spin,OUTSIDE_OFFSTUMP,SHORT_OF_A_GOOD_LENGTH,66,53,1,7.47,53.0,66.0,Australia
432960,Simon Harmer,spin bowler,Right Off Spin,ON_THE_STUMPS,FULL,64,53,3,7.25,17.67,21.33,South Africa
553821,JJ Smit,pace bowler,Left Fast,OUTSIDE_OFFSTUMP,GOOD_LENGTH,51,53,2,5.77,26.5,25.5,Namibia
55395,Colin de Grandhomme,pace bowler,Right Fast,ON_THE_STUMPS,FULL,56,53,1,6.34,53.0,56.0,New Zealand
51439,Dwayne Bravo,pace bowler,Right Medium,DOWN_LEG,YORKER,39,53,3,4.42,17.67,13.0,West Indies
450101,Raymon Reifer,pace bowler,Left Fast,ON_THE_STUMPS,SHORT_OF_A_GOOD_LENGTH,76,52,4,8.77,13.0,19.0,West Indies
917213,Shivil Kaushik,spin bowler,Left Wrist Spin,OUTSIDE_OFFSTUMP,GOOD_LENGTH,78,52,2,9.0,26.0,39.0,India
5961,Moises Henriques,pace bowler,Right Fast,ON_THE_STUMPS,FULL,54,52,2,6.23,26.0,27.0,Australia
873199,Chris Greaves,spin bowler,Right Wrist Spin,ON_THE_STUMPS,GOOD_LENGTH,49,52,2,5.65,26.0,24.5,Scotland
303508,Shane Getkate,pace bowler,Right Fast,ON_THE_STUMPS,GOOD_LENGTH,54,52,3,6.23,17.33,18.0,Ireland
56167,Ziaur Rahman,pace bowler,Right Fast,ON_THE_STUMPS,GOOD_LENGTH,51,52,3,5.88,17.33,17.0,Bangladesh
622772,Michael Rae,pace bowler,Right Fast,OUTSIDE_OFFSTUMP,GOOD_LENGTH,57,52,5,6.58,10.4,11.4,New Zealand
914541,Sherfane Rutherford,pace bowler,Right Fast,OUTSIDE_OFFSTUMP,GOOD_LENGTH,57,52,1,6.58,52.0,57.0,West Indies
774219,Matthew Kuhnemann,spin bowler,Left Off Spin,ON_THE_STUMPS,FULL,69,52,1,7.96,52.0,69.0,Australia
677081,Keemo Paul,pace bowler,Right Fast,ON_THE_STUMPS,FULL_TOSS,107,52,2,12.35,26.0,53.5,West Indies
1012131,Rakibul Hasan,spin bowler,Left Off Spin,OUTSIDE_OFFSTUMP,FULL,70,52,4,8.08,13.0,17.5,Bangladesh
56143,Shakib Al Hasan,spin bowler,Left Off Spin,DOWN_LEG,FULL,65,52,2,7.5,26.0,32.5,Bangladesh
807535,Brad Wheal,pace bowler,Right Fast,OUTSIDE_OFFSTUMP,GOOD_LENGTH,51,52,4,5.88,13.0,12.75,Scotland
44932,Jean-Paul Duminy,spin bowler,Right Off Spin,OUTSIDE_OFFSTUMP,FULL,67,52,3,7.73,17.33,22.33,South Africa
928067,Josh Little,pace bowler,Left Fast,WIDE_OUTSIDE_OFFSTUMP,FULL,100,52,4,11.54,13.0,25.0,Ireland
1131647,Ashmead Nedd,spin bowler,Left Off Spin,ON_THE_STUMPS,GOOD_LENGTH,55,52,2,6.35,26.0,27.5,West Indies
1076713,Cameron Green,pace bowler,Right Fast,ON_THE_STUMPS,SHORT_OF_A_GOOD_LENGTH,61,52,2,7.04,26.0,30.5,Australia
1079848,Shivam Mavi,pace bowler,Right Fast,ON_THE_STUMPS,FULL,76,52,7,8.77,7.43,10.86,India
793007,Dilshan Madushanka,pace bowler,Left Fast,OUTSIDE_OFFSTUMP,SHORT_OF_A_GOOD_LENGTH,60,52,3,6.92,17.33,20.0,Sri Lanka
391485,Jason Holder,pace bowler,Right Fast,DOWN_LEG,GOOD_LENGTH,65,52,1,7.5,52.0,65.0,West Indies
7069,Steve O'Keefe,spin bowler,Left Off Spin,ON_THE_STUMPS,SHORT_OF_A_GOOD_LENGTH,46,52,4,5.31,13.0,11.5,Australia
681801,Shakeel Ahmed,spin bowler,Left Off Spin,OUTSIDE_OFFSTUMP,GOOD_LENGTH,44,52,2,5.08,26.0,22.0,Oman
533862,Mohammad Naveed,pace bowler,Right Medium,OUTSIDE_OFFSTUMP,GOOD_LENGTH,54,52,1,6.23,52.0,54.0,United Arab Emirates
524253,Norman Vanua,pace bowler,Right Medium,OUTSIDE_OFFSTUMP,GOOD_LENGTH,42,52,3,4.85,17.33,14.0,Papua New Guinea
722303,Matt Renshaw,spin bowler,Right Off Spin,ON_THE_STUMPS,GOOD_LENGTH,50,52,1,5.77,52.0,50.0,Australia
414970,Safyaan Sharif,pace bowler,Right Fast,ON_THE_STUMPS,GOOD_LENGTH,60,52,2,6.92,26.0,30.0,Scotland
1194795,Matheesha Pathirana,pace bowler,Right Fast,ON_THE_STUMPS,GOOD_LENGTH,69,52,5,7.96,10.4,13.8,Sri Lanka
774219,Matthew Kuhnemann,spin bowler,Left Off Spin,OUTSIDE_OFFSTUMP,FULL,88,52,5,10.15,10.4,17.6,Australia
265564,Wayne Parnell,pace bowler,Left Fast,OUTSIDE_OFFSTUMP,SHORT,73,52,6,8.42,8.67,12.17,South Africa
959789,Hassan Khan,spin bowler,Left Off Spin,ON_THE_STUMPS,GOOD_LENGTH,60,52,3,6.92,17.33,20.0,United States of America
375724,Kamrul Islam,pace bowler,Right Fast,ON_THE_STUMPS,SHORT_OF_A_GOOD_LENGTH,61,52,3,7.04,17.33,20.33,Bangladesh
570854,Jack Wildermuth,pace bowler,Right Fast,ON_THE_STUMPS,SHORT_OF_A_GOOD_LENGTH,89,52,2,10.27,26.0,44.5,Australia
463668,Jake Lintott,spin bowler,Left Wrist Spin,OUTSIDE_OFFSTUMP,GOOD_LENGTH,36,52,6,4.15,8.67,6.0,England
628240,Hussain Talat,pace bowler,Right Fast,ON_THE_STUMPS,GOOD_LENGTH,60,52,1,6.92,52.0,60.0,Pakistan
1283740,Ihsanullah,pace bowler,Right Fast,OUTSIDE_OFFSTUMP,SHORT_OF_A_GOOD_LENGTH,23,52,6,2.65,8.67,3.83,Pakistan
574178,Akila Dananjaya,spin bowler,Mixed,ON_THE_STUMPS,SHORT_OF_A_GOOD_LENGTH,62,52,5,7.15,10.4,12.4,Sri Lanka
277912,Trent Boult,pace bowler,Left Fast,DOWN_LEG,FULL,82,52,3,9.46,17.33,27.33,New Zealand
311592,Mitchell Starc,pace bowler,Left Fast,OUTSIDE_OFFSTUMP,SHORT,83,52,1,9.58,52.0,83.0,Australia
670031,Alzarri Joseph,pace bowler,Right Fast,DOWN_LEG,SHORT,95,52,3,10.96,17.33,31.67,West Indies
439952,Chris Morris,pace bowler,Right Fast,ON_THE_STUMPS,SHORT,101,52,2,11.65,26.0,50.5,South Africa
303427,Paul Stirling,spin bowler,Right Off Spin,OUTSIDE_OFFSTUMP,GOOD_LENGTH,42,52,2,4.85,26.0,21.0,Ireland
596010,Gerald Coetzee,pace bowler,Right Fast,OUTSIDE_OFFSTUMP,SHORT,127,52,4,14.65,13.0,31.75,South Africa
927119,Ali Khan,pace bowler,Right Fast,OUTSIDE_OFFSTUMP,SHORT,81,52,4,9.35,13.0,20.25,United States of America
288305,Shafiul Islam,pace bowler,Right Fast,ON_THE_STUMPS,GOOD_LENGTH,71,52,1,8.19,52.0,71.0,Bangladesh
51784,Rayad Emrit,pace bowler,Right Fast,ON_THE_STUMPS,SHORT_OF_A_GOOD_LENGTH,83,52,3,9.58,17.33,27.67,West Indies
1099379,Gareth Delany,spin bowler,Right Wrist Spin,OUTSIDE_OFFSTUMP,SHORT_OF_A_GOOD_LENGTH,55,51,2,6.47,25.5,27.5,Ireland
1076713,Cameron Green,pace bowler,Right Fast,OUTSIDE_OFFSTUMP,SHORT,93,51,4,10.94,12.75,23.25,Australia
52334,Imran Khan,spin bowler,Right Wrist Spin,OUTSIDE_OFFSTUMP,SHORT_OF_A_GOOD_LENGTH,56,51,4,6.59,12.75,14.0,West Indies
959769,Ben Sears,pace bowler,Right Fast,ON_THE_STUMPS,FULL,62,51,5,7.29,10.2,12.4,New Zealand
892749,Tim David,spin bowler,Right Off Spin,OUTSIDE_OFFSTUMP,GOOD_LENGTH,53,51,2,6.24,25.5,26.5,Australia
451782,James Fuller,pace bowler,Right Fast,OUTSIDE_OFFSTUMP,FULL,83,51,4,9.76,12.75,20.75,England
390481,Harshal Patel,pace bowler,Right Medium,WIDE_OUTSIDE_OFFSTUMP,FULL,95,51,10,11.18,5.1,9.5,India
1012137,Mrittunjoy Chowdhury,pace bowler,Left Fast,ON_THE_STUMPS,FULL,83,51,2,9.76,25.5,41.5,Bangladesh
537126,Barinder Sran,pace bowler,Left Medium,OUTSIDE_OFFSTUMP,FULL,76,51,1,8.94,51.0,76.0,India
414970,Safyaan Sharif,pace bowler,Right Fast,OUTSIDE_OFFSTUMP,SHORT_OF_A_GOOD_LENGTH,52,51,2,6.12,25.5,26.0,Scotland
1161606,Haris Rauf,pace bowler,Right Fast,OUTSIDE_OFFSTUMP,FULL_TOSS,81,51,7,9.53,7.29,11.57,Pakistan
932763,Shafiqul Islam,pace bowler,Left Medium,OUTSIDE_OFFSTUMP,GOOD_LENGTH,54,51,1,6.35,51.0,54.0,Bangladesh
399259,Alasdair Evans,pace bowler,Right Fast,OUTSIDE_OFFSTUMP,GOOD_LENGTH,45,51,2,5.29,25.5,22.5,Scotland
826901,Daniel Sams,pace bowler,Left Fast,ON_THE_STUMPS,FULL_TOSS,134,51,2,15.76,25.5,67.0,Australia
379776,Sisanda Magala,pace bowler,Right Fast,OUTSIDE_OFFSTUMP,FULL,74,51,2,8.71,25.5,37.0,South Africa
793447,Naveen-ul-Haq,pace bowler,Right Fast,DOWN_LEG,SHORT,80,51,2,9.41,25.5,40.0,Afghanistan
1283740,Ihsanullah,pace bowler,Right Fast,ON_THE_STUMPS,GOOD_LENGTH,61,51,4,7.18,12.75,15.25,Pakistan
1070188,Kamlesh Nagarkoti,pace bowler,Right Fast,OUTSIDE_OFFSTUMP,SHORT_OF_A_GOOD_LENGTH,55,51,1,6.47,51.0,55.0,India
55395,Colin de Grandhomme,pace bowler,Right Fast,ON_THE_STUMPS,SHORT_OF_A_GOOD_LENGTH,74,51,2,8.71,25.5,37.0,New Zealand
940593,Aqib Ilyas,spin bowler,Mixed,ON_THE_STUMPS,GOOD_LENGTH,38,51,6,4.47,8.5,6.33,Oman
643433,George Garton,pace bowler,Left Fast,OUTSIDE_OFFSTUMP,GOOD_LENGTH,74,51,2,8.71,25.5,37.0,England
662973,Sam Curran,pace bowler,Left Fast,ON_THE_STUMPS,FULL_TOSS,104,51,6,12.24,8.5,17.33,England
774223,Jhye Richardson,pace bowler,Right Fast,DOWN_LEG,SHORT_OF_A_GOOD_LENGTH,51,51,4,6.0,12.75,12.75,Australia
926629,Hasan Mahmud,pace bowler,Right Fast,ON_THE_STUMPS,GOOD_LENGTH,53,51,4,6.24,12.75,13.25,Bangladesh
1246528,Umran Malik,pace bowler,Right Fast,OUTSIDE_OFFSTUMP,FULL,109,51,3,12.82,17.0,36.33,India
977451,Jack Prestwidge,pace bowler,Right Fast,OUTSIDE_OFFSTUMP,GOOD_LENGTH,42,51,4,4.94,12.75,10.5,Australia
930189,Lalit Yadav,spin bowler,Right Off Spin,OUTSIDE_OFFSTUMP,SHORT_OF_A_GOOD_LENGTH,89,51,3,10.47,17.0,29.67,India
362201,Lewis Gregory,pace bowler,Right Fast,OUTSIDE_OFFSTUMP,SHORT,115,51,1,13.53,51.0,115.0,England
643433,George Garton,pace bowler,Left Fast,OUTSIDE_OFFSTUMP,SHORT_OF_A_GOOD_LENGTH,63,51,2,7.41,25.5,31.5,England
557298,Daniel Worrall,pace bowler,Right Fast,ON_THE_STUMPS,FULL,68,51,7,8.0,7.29,9.71,Australia
49764,Angelo Mathews,pace bowler,Right Medium,OUTSIDE_OFFSTUMP,FULL,83,51,1,9.76,51.0,83.0,Sri Lanka
1249564,Ahmed Daniyal,pace bowler,Right Fast,OUTSIDE_OFFSTUMP,SHORT_OF_A_GOOD_LENGTH,69,51,2,8.12,25.5,34.5,Pakistan
49764,Angelo Mathews,pace bowler,Right Medium,WIDE_OUTSIDE_OFFSTUMP,GOOD_LENGTH,79,51,1,9.29,51.0,79.0,Sri Lanka
555853,Mark Steketee,pace bowler,Right Fast,OUTSIDE_OFFSTUMP,SHORT,104,51,3,12.24,17.0,34.67,Australia
450075,Kesrick Williams,pace bowler,Right Fast,DOWN_LEG,SHORT_OF_A_GOOD_LENGTH,60,51,5,7.06,10.2,12.0,West Indies
629065,Nihaduzzaman,spin bowler,Left Off Spin,ON_THE_STUMPS,FULL,61,51,2,7.18,25.5,30.5,Bangladesh
37749,Nathan McCullum,spin bowler,Right Off Spin,ON_THE_STUMPS,GOOD_LENGTH,57,51,1,6.71,51.0,57.0,New Zealand
464626,Craig Overton,pace bowler,Right Fast,OUTSIDE_OFFSTUMP,GOOD_LENGTH,66,50,3,7.92,16.67,22.0,England
1070183,Abhishek Sharma,spin bowler,Left Off Spin,ON_THE_STUMPS,FULL,63,50,3,7.56,16.67,21.0,India
787073,Chris Green,spin bowler,Right Off Spin,ON_THE_STUMPS,FULL_TOSS,68,50,2,8.16,25.0,34.0,Australia
1234111,Mohammad Imran,pace bowler,Left Fast,OUTSIDE_OFFSTUMP,GOOD_LENGTH,48,50,3,5.76,16.67,16.0,Pakistan
826901,Daniel Sams,pace bowler,Left Fast,DOWN_LEG,FULL,77,50,4,9.24,12.5,19.25,Australia
707109,Sean Solia,pace bowler,Right Medium,OUTSIDE_OFFSTUMP,GOOD_LENGTH,48,50,1,5.76,50.0,48.0,New Zealand
390484,Jaydev Unadkat,pace bowler,Left Medium,DOWN_LEG,GOOD_LENGTH,69,50,3,8.28,16.67,23.0,India
669855,Jofra Archer,pace bowler,Right Fast,OUTSIDE_OFFSTUMP,FULL_TOSS,74,50,2,8.88,25.0,37.0,England
436677,Soumya Sarkar,pace bowler,Right Fast,ON_THE_STUMPS,FULL,83,50,2,9.96,25.0,41.5,Bangladesh
922947,Sameen Gul,pace bowler,Right Medium,OUTSIDE_OFFSTUMP,SHORT_OF_A_GOOD_LENGTH,68,50,3,8.16,16.67,22.67,Pakistan
446548,Scott Boland,pace bowler,Right Fast,OUTSIDE_OFFSTUMP,FULL,90,50,3,10.8,16.67,30.0,Australia
459508,Andrew Tye,pace bowler,Right Fast,ON_THE_STUMPS,FULL_TOSS,103,50,5,12.36,10.0,20.6,Australia
360911,Varun Aaron,pace bowler,Right Fast,ON_THE_STUMPS,SHORT_OF_A_GOOD_LENGTH,82,50,1,9.84,50.0,82.0,India
230559,Kieron Pollard,pace bowler,Right Medium,WIDE_OUTSIDE_OFFSTUMP,FULL,84,50,4,10.08,12.5,21.0,West Indies
535393,Senuran Muthusamy,spin bowler,Left Off Spin,ON_THE_STUMPS,GOOD_LENGTH,65,50,3,7.8,16.67,21.67,South Africa
352048,Gulbadin Naib,pace bowler,Right Fast,ON_THE_STUMPS,GOOD_LENGTH,54,50,2,6.48,25.0,27.0,Afghanistan
559066,Ish Sodhi,spin bowler,Right Wrist Spin,DOWN_LEG,FULL,63,50,1,7.56,50.0,63.0,New Zealand
311592,Mitchell Starc,pace bowler,Left Fast,ON_THE_STUMPS,FULL_TOSS,58,50,4,6.96,12.5,14.5,Australia
451782,James Fuller,pace bowler,Right Fast,ON_THE_STUMPS,SHORT_OF_A_GOOD_LENGTH,57,50,2,6.84,25.0,28.5,England
681305,Hasan Ali,pace bowler,Right Fast,ON_THE_STUMPS,FULL_TOSS,102,50,4,12.24,12.5,25.5,Pakistan
940973,Mohammed Siraj,pace bowler,Right Fast,ON_THE_STUMPS,FULL_TOSS,76,50,2,9.12,25.0,38.0,India
232292,Swapnil Singh,spin bowler,Left Off Spin,ON_THE_STUMPS,GOOD_LENGTH,56,50,1,6.72,50.0,56.0,India
390481,Harshal Patel,pace bowler,Right Medium,WIDE_OUTSIDE_OFFSTUMP,GOOD_LENGTH,102,50,2,12.24,25.0,51.0,India
498440,Ronsford Beaton,pace bowler,Right Fast,OUTSIDE_OFFSTUMP,GOOD_LENGTH,46,50,1,5.52,50.0,46.0,West Indies
793463,Rashid Khan,spin bowler,Right Wrist Spin,OUTSIDE_OFFSTUMP,FULL_TOSS,97,50,1,11.64,50.0,97.0,Afghanistan
625960,Kyle Jamieson,pace bowler,Right Fast,OUTSIDE_OFFSTUMP,SHORT,105,50,6,12.6,8.33,17.5,New Zealand
793447,Naveen-ul-Haq,pace bowler,Right Fast,WIDE_OUTSIDE_OFFSTUMP,SHORT,113,50,2,13.56,25.0,56.5,Afghanistan
270484,James Faulkner,pace bowler,Left Fast,WIDE_OUTSIDE_OFFSTUMP,GOOD_LENGTH,97,50,2,11.64,25.0,48.5,Australia
399259,Alasdair Evans,pace bowler,Right Fast,ON_THE_STUMPS,GOOD_LENGTH,56,50,2,6.72,25.0,28.0,Scotland
696401,Marco Jansen,pace bowler,Left Fast,DOWN_LEG,SHORT_OF_A_GOOD_LENGTH,68,50,2,8.16,25.0,34.0,South Africa
697279,Usman Shinwari,pace bowler,Left Fast,DOWN_LEG,GOOD_LENGTH,68,50,2,8.16,25.0,34.0,Pakistan
1193404,Musawar Shah,spin bowler,Left Off Spin,OUTSIDE_OFFSTUMP,GOOD_LENGTH,55,50,3,6.6,16.67,18.33,Qatar
1328735,Yasin Patel,spin bowler,Left Off Spin,ON_THE_STUMPS,GOOD_LENGTH,39,50,6,4.68,8.33,6.5,Kuwait
51782,Fidel Edwards,pace bowler,Right Fast,ON_THE_STUMPS,SHORT_OF_A_GOOD_LENGTH,55,50,2,6.6,25.0,27.5,West Indies
55894,Farhad Reza,pace bowler,Right Fast,OUTSIDE_OFFSTUMP,GOOD_LENGTH,68,50,4,8.16,12.5,17.0,Bangladesh
1159371,Mohammad Ilyas,pace bowler,Right Fast,ON_THE_STUMPS,GOOD_LENGTH,80,50,1,9.6,50.0,80.0,Pakistan
793441,Aamer Jamal,pace bowler,Right Fast,OUTSIDE_OFFSTUMP,GOOD_LENGTH,61,50,4,7.32,12.5,15.25,Pakistan
1203669,Akif Javed,pace bowler,Left Fast,OUTSIDE_OFFSTUMP,SHORT_OF_A_GOOD_LENGTH,44,50,4,5.28,12.5,11.0,Pakistan
290632,Sreenath Aravind,pace bowler,Left Fast,OUTSIDE_OFFSTUMP,SHORT_OF_A_GOOD_LENGTH,76,50,3,9.12,16.67,25.33,India
906749,Dominic Drakes,pace bowler,Left Fast,DOWN_LEG,SHORT_OF_A_GOOD_LENGTH,78,50,3,9.36,16.67,26.0,West Indies
501012,Joel Paris,pace bowler,Left Fast,OUTSIDE_OFFSTUMP,SHORT_OF_A_GOOD_LENGTH,59,50,2,7.08,25.0,29.5,Australia
272262,Kane Richardson,pace bowler,Right Fast,OUTSIDE_OFFSTUMP,FULL_TOSS,91,50,1,10.92,50.0,91.0,Australia
1036191,Bas de Leede,pace bowler,Right Fast,OUTSIDE_OFFSTUMP,GOOD_LENGTH,60,50,2,7.2,25.0,30.0,Netherlands
272465,James Pattinson,pace bowler,Right Fast,ON_THE_STUMPS,SHORT_OF_A_GOOD_LENGTH,70,50,2,8.4,25.0,35.0,Australia
1182529,Noor Ahmad,spin bowler,Left Wrist Spin,DOWN_LEG,FULL,93,50,1,11.16,50.0,93.0,Afghanistan
344580,Shreyas Gopal,spin bowler,Right Wrist Spin,ON_THE_STUMPS,FULL,78,50,2,9.36,25.0,39.0,India
392945,Donald Tiripano,pace bowler,Right Fast,OUTSIDE_OFFSTUMP,SHORT_OF_A_GOOD_LENGTH,73,50,4,8.76,12.5,18.25,Zimbabwe
499594,Kasun Rajitha,pace bowler,Right Fast,ON_THE_STUMPS,SHORT_OF_A_GOOD_LENGTH,65,50,2,7.8,25.0,32.5,Sri Lanka
878465,Mehedi Hasan Rana,pace bowler,Left Fast,OUTSIDE_OFFSTUMP,FULL,69,49,3,8.45,16.33,23.0,Bangladesh
495964,Ryan Burl,spin bowler,Right Wrist Spin,OUTSIDE_OFFSTUMP,SHORT_OF_A_GOOD_LENGTH,63,49,3,7.71,16.33,21.0,Zimbabwe
633428,Mohammad Ghazanfar,spin bowler,Right Wrist Spin,OUTSIDE_OFFSTUMP,GOOD_LENGTH,40,49,3,4.9,16.33,13.33,Hong Kong
698189,Wiaan Mulder,pace bowler,Right Medium,OUTSIDE_OFFSTUMP,GOOD_LENGTH,68,49,2,8.33,24.5,34.0,South Africa
319439,Mitchell McClenaghan,pace bowler,Left Fast,WIDE_OUTSIDE_OFFSTUMP,GOOD_LENGTH,82,49,4,10.04,12.25,20.5,New Zealand
1132005,Mohsin Khan,pace bowler,Left Fast,ON_THE_STUMPS,GOOD_LENGTH,42,49,3,5.14,16.33,14.0,India
922943,Shadab Khan,spin bowler,Right Wrist Spin,WIDE_OUTSIDE_OFFSTUMP,GOOD_LENGTH,85,49,4,10.41,12.25,21.25,Pakistan
274921,Veerasammy Permaul,spin bowler,Left Off Spin,ON_THE_STUMPS,SHORT_OF_A_GOOD_LENGTH,58,49,1,7.1,49.0,58.0,West Indies
27223,Stuart Binny,pace bowler,Right Medium,ON_THE_STUMPS,GOOD_LENGTH,58,49,1,7.1,49.0,58.0,India
1125317,Lance Morris,pace bowler,Right Fast,ON_THE_STUMPS,SHORT_OF_A_GOOD_LENGTH,43,49,5,5.27,9.8,8.6,Australia
272450,Mitchell Marsh,pace bowler,Right Medium,ON_THE_STUMPS,FULL,64,49,2,7.84,24.5,32.0,Australia
277662,Corey Anderson,pace bowler,Left Fast,ON_THE_STUMPS,GOOD_LENGTH,41,49,4,5.02,12.25,10.25,United States of America
595954,Duan Jansen,pace bowler,Left Fast,OUTSIDE_OFFSTUMP,GOOD_LENGTH,39,49,1,4.78,49.0,39.0,South Africa
391485,Jason Holder,pace bowler,Right Fast,OUTSIDE_OFFSTUMP,YORKER,26,49,1,3.18,49.0,26.0,West Indies
379776,Sisanda Magala,pace bowler,Right Fast,ON_THE_STUMPS,GOOD_LENGTH,70,49,3,8.57,16.33,23.33,South Africa
1163695,Kuldeep Sen,pace bowler,Right Fast,OUTSIDE_OFFSTUMP,SHORT_OF_A_GOOD_LENGTH,64,49,5,7.84,9.8,12.8,India
1211825,William O’Rourke,pace bowler,Right Fast,OUTSIDE_OFFSTUMP,SHORT_OF_A_GOOD_LENGTH,51,49,6,6.24,8.17,8.5,New Zealand
311158,Ben Stokes,pace bowler,Right Fast,WIDE_OUTSIDE_OFFSTUMP,FULL,81,49,1,9.92,49.0,81.0,England
55820,Prosper Utseya,spin bowler,Right Off Spin,OUTSIDE_OFFSTUMP,GOOD_LENGTH,54,49,4,6.61,12.25,13.5,Zimbabwe
42639,Shahid Afridi,spin bowler,Right Wrist Spin,DOWN_LEG,GOOD_LENGTH,74,49,2,9.06,24.5,37.0,Pakistan
277955,Dhawal Kulkarni,pace bowler,Right Medium,OUTSIDE_OFFSTUMP,SHORT,124,49,1,15.18,49.0,124.0,India
471342,Krunal Pandya,spin bowler,Left Off Spin,DOWN_LEG,FULL,76,49,1,9.31,49.0,76.0,India
681117,Faheem Ashraf,pace bowler,Right Medium,DOWN_LEG,SHORT_OF_A_GOOD_LENGTH,62,49,1,7.59,49.0,62.0,Pakistan
774219,Matthew Kuhnemann,spin bowler,Left Off Spin,ON_THE_STUMPS,SHORT_OF_A_GOOD_LENGTH,48,49,3,5.88,16.33,16.0,Australia
5681,Brad Hogg,spin bowler,Left Wrist Spin,ON_THE_STUMPS,FULL,63,49,6,7.71,8.17,10.5,Australia
49758,Lasith Malinga,pace bowler,Right Fast,OUTSIDE_OFFSTUMP,FULL_TOSS,48,49,1,5.88,49.0,48.0,Sri Lanka
244497,Adil Rashid,spin bowler,Right Wrist Spin,WIDE_OUTSIDE_OFFSTUMP,FULL,97,49,1,11.88,49.0,97.0,England
362710,David Payne,pace bowler,Left Fast,ON_THE_STUMPS,FULL,96,49,5,11.76,9.8,19.2,England
827051,Blessing Muzarabani,pace bowler,Right Fast,WIDE_OUTSIDE_OFFSTUMP,SHORT_OF_A_GOOD_LENGTH,37,49,7,4.53,7.0,5.29,Zimbabwe
270484,James Faulkner,pace bowler,Left Fast,DOWN_LEG,SHORT_OF_A_GOOD_LENGTH,69,49,1,8.45,49.0,69.0,Australia
545467,Junior Dala,pace bowler,Right Medium,ON_THE_STUMPS,SHORT_OF_A_GOOD_LENGTH,50,49,3,6.12,16.33,16.67,South Africa
47492,Dale Steyn,pace bowler,Right Fast,OUTSIDE_OFFSTUMP,FULL,79,49,3,9.67,16.33,26.33,South Africa
732291,Basil Thampi,pace bowler,Right Fast,ON_THE_STUMPS,FULL,113,49,8,13.84,6.12,14.12,India
594329,Jacques Snyman,spin bowler,Right Off Spin,OUTSIDE_OFFSTUMP,GOOD_LENGTH,41,49,3,5.02,16.33,13.67,South Africa
379504,Adam Zampa,spin bowler,Right Wrist Spin,WIDE_OUTSIDE_OFFSTUMP,FULL,89,49,1,10.9,49.0,89.0,Australia
827051,Blessing Muzarabani,pace bowler,Right Fast,OUTSIDE_OFFSTUMP,SHORT,92,49,2,11.27,24.5,46.0,Zimbabwe
1130463,Arshad Iqbal,pace bowler,Right Fast,OUTSIDE_OFFSTUMP,SHORT,100,48,5,12.5,9.6,20.0,Pakistan
1209292,Vaibhav Arora,pace bowler,Right Fast,ON_THE_STUMPS,GOOD_LENGTH,46,48,5,5.75,9.6,9.2,India
638912,Matthew Kelly,pace bowler,Right Fast,ON_THE_STUMPS,FULL,77,48,1,9.62,48.0,77.0,Australia
7898,Peter Siddle,pace bowler,Right Fast,ON_THE_STUMPS,FULL_TOSS,100,48,5,12.5,9.6,20.0,Australia
1203754,Junaid Siddique,pace bowler,Right Fast,OUTSIDE_OFFSTUMP,FULL,78,48,4,9.75,12.0,19.5,United Arab Emirates
401540,Aizaz Khan,pace bowler,Right Fast,OUTSIDE_OFFSTUMP,SHORT_OF_A_GOOD_LENGTH,76,48,3,9.5,16.0,25.33,Hong Kong
268740,Seekkuge Prasanna,spin bowler,Right Wrist Spin,OUTSIDE_OFFSTUMP,SHORT_OF_A_GOOD_LENGTH,68,48,1,8.5,48.0,68.0,Sri Lanka
481979,Anrich Nortje,pace bowler,Right Fast,ON_THE_STUMPS,FULL_TOSS,95,48,2,11.88,24.0,47.5,South Africa
535353,Ottniel Baartman,pace bowler,Right Fast,OUTSIDE_OFFSTUMP,SHORT_OF_A_GOOD_LENGTH,57,48,6,7.12,8.0,9.5,South Africa
926629,Hasan Mahmud,pace bowler,Right Medium,ON_THE_STUMPS,FULL,72,48,5,9.0,9.6,14.4,Bangladesh
927119,Ali Khan,pace bowler,Right Fast,ON_THE_STUMPS,FULL_TOSS,106,48,5,13.25,9.6,21.2,United States of America
303508,Shane Getkate,pace bowler,Right Fast,OUTSIDE_OFFSTUMP,GOOD_LENGTH,44,48,3,5.5,16.0,14.67,Ireland
1124283,Aaron Hardie,pace bowler,Right Fast,OUTSIDE_OFFSTUMP,FULL,64,48,4,8.0,12.0,16.0,Australia
854909,Blair Tickner,pace bowler,Right Fast,OUTSIDE_OFFSTUMP,FULL,94,48,2,11.75,24.0,47.0,New Zealand
633641,Pavandeep Singh,spin bowler,Left Off Spin,OUTSIDE_OFFSTUMP,GOOD_LENGTH,51,48,3,6.38,16.0,17.0,Malaysia
1070188,Kamlesh Nagarkoti,pace bowler,Right Fast,OUTSIDE_OFFSTUMP,GOOD_LENGTH,69,48,1,8.62,48.0,69.0,India
502714,Mitchell Santner,spin bowler,Left Off Spin,WIDE_OUTSIDE_OFFSTUMP,FULL,87,48,2,10.88,24.0,43.5,New Zealand
437438,Prenelan Subrayen,spin bowler,Right Off Spin,ON_THE_STUMPS,GOOD_LENGTH,51,48,2,6.38,24.0,25.5,South Africa
7898,Peter Siddle,pace bowler,Right Fast,OUTSIDE_OFFSTUMP,SHORT,84,48,6,10.5,8.0,14.0,Australia
438362,Sandeep Sharma,pace bowler,Right Medium,ON_THE_STUMPS,YORKER,31,48,4,3.88,12.0,7.75,India
942645,Khaleel Ahmed,pace bowler,Left Fast,OUTSIDE_OFFSTUMP,FULL,102,48,2,12.75,24.0,51.0,India
1139520,Tanzim Hasan Sakib,pace bowler,Right Medium,ON_THE_STUMPS,GOOD_LENGTH,66,48,2,8.25,24.0,33.0,Bangladesh
712219,Zahir Khan,spin bowler,Left Wrist Spin,DOWN_LEG,SHORT_OF_A_GOOD_LENGTH,65,48,1,8.12,48.0,65.0,Afghanistan
272262,Kane Richardson,pace bowler,Right Fast,DOWN_LEG,GOOD_LENGTH,66,48,2,8.25,24.0,33.0,Australia
364343,Craig Young,pace bowler,Right Fast,OUTSIDE_OFFSTUMP,SHORT,91,48,2,11.38,24.0,45.5,Ireland
625960,Kyle Jamieson,pace bowler,Right Fast,OUTSIDE_OFFSTUMP,FULL,76,48,1,9.5,48.0,76.0,New Zealand
698319,Beyers Swanepoel,pace bowler,Right Fast,OUTSIDE_OFFSTUMP,GOOD_LENGTH,35,48,2,4.38,24.0,17.5,South Africa
30732,Praveen Kumar,pace bowler,Right Medium,ON_THE_STUMPS,FULL,83,48,3,10.38,16.0,27.67,India
1139520,Tanzim Hasan Sakib,pace bowler,Right Medium,OUTSIDE_OFFSTUMP,FULL,76,48,2,9.5,24.0,38.0,Bangladesh
51433,Samuel Badree,spin bowler,Right Wrist Spin,DOWN_LEG,FULL,80,48,1,10.0,48.0,80.0,West Indies
712219,Zahir Khan,spin bowler,Left Wrist Spin,DOWN_LEG,GOOD_LENGTH,41,48,2,5.12,24.0,20.5,Afghanistan
265564,Wayne Parnell,pace bowler,Left Fast,DOWN_LEG,SHORT_OF_A_GOOD_LENGTH,81,48,6,10.12,8.0,13.5,South Africa
1163695,Kuldeep Sen,pace bowler,Right Fast,ON_THE_STUMPS,SHORT_OF_A_GOOD_LENGTH,52,48,2,6.5,24.0,26.0,India
530773,Pawan Negi,spin bowler,Left Off Spin,OUTSIDE_OFFSTUMP,FULL,55,48,4,6.88,12.0,13.75,India
345825,Chaturanga de Silva,spin bowler,Left Off Spin,OUTSIDE_OFFSTUMP,FULL,68,48,1,8.5,48.0,68.0,Sri Lanka
1158100,Mohammad Hasnain,pace bowler,Right Fast,DOWN_LEG,SHORT_OF_A_GOOD_LENGTH,59,48,1,7.38,48.0,59.0,Pakistan
942645,Khaleel Ahmed,pace bowler,Left Medium,ON_THE_STUMPS,SHORT,92,48,4,11.5,12.0,23.0,India
436749,Fayyaz Butt,pace bowler,Right Fast,OUTSIDE_OFFSTUMP,SHORT_OF_A_GOOD_LENGTH,64,48,5,8.0,9.6,12.8,Oman
974175,Fazalhaq Farooqi,pace bowler,Left Fast,DOWN_LEG,SHORT_OF_A_GOOD_LENGTH,65,48,4,8.12,12.0,16.25,Afghanistan
800395,Anas Khan,spin bowler,Left Off Spin,OUTSIDE_OFFSTUMP,GOOD_LENGTH,41,48,3,5.12,16.0,13.67,Hong Kong
1076713,Cameron Green,pace bowler,Right Fast,ON_THE_STUMPS,FULL,99,48,2,12.38,24.0,49.5,Australia
355269,James Neesham,pace bowler,Right Fast,WIDE_OUTSIDE_OFFSTUMP,FULL,114,48,3,14.25,16.0,38.0,New Zealand
55633,Chris Mpofu,pace bowler,Right Fast,OUTSIDE_OFFSTUMP,SHORT_OF_A_GOOD_LENGTH,55,48,2,6.88,24.0,27.5,Zimbabwe
1203995,Shahnawaz Dahani,pace bowler,Right Fast,ON_THE_STUMPS,GOOD_LENGTH,65,48,1,8.12,48.0,65.0,Pakistan
605576,Cameron Valente,pace bowler,Right Medium,OUTSIDE_OFFSTUMP,GOOD_LENGTH,63,48,3,7.88,16.0,21.0,Australia
448243,Rumman Raees,pace bowler,Left Fast,OUTSIDE_OFFSTUMP,SHORT_OF_A_GOOD_LENGTH,58,48,4,7.25,12.0,14.5,Pakistan
398666,Sean Abbott,pace bowler,Right Fast,WIDE_OUTSIDE_OFFSTUMP,SHORT_OF_A_GOOD_LENGTH,71,48,2,8.88,24.0,35.5,Australia
55354,Chamu Chibhabha,pace bowler,Right Medium,OUTSIDE_OFFSTUMP,GOOD_LENGTH,54,48,1,6.75,48.0,54.0,Zimbabwe
352048,Gulbadin Naib,pace bowler,Right Fast,OUTSIDE_OFFSTUMP,FULL,80,48,4,10.0,12.0,20.0,Afghanistan
46538,Morne Morkel,pace bowler,Right Fast,ON_THE_STUMPS,SHORT_OF_A_GOOD_LENGTH,59,48,2,7.38,24.0,29.5,South Africa
49764,Angelo Mathews,pace bowler,Right Medium,ON_THE_STUMPS,SHORT_OF_A_GOOD_LENGTH,83,47,2,10.6,23.5,41.5,Sri Lanka
10582,Ravi Bopara,pace bowler,Right Medium,ON_THE_STUMPS,FULL,47,47,2,6.0,23.5,23.5,England
1123718,Spencer Johnson,pace bowler,Left Fast,ON_THE_STUMPS,SHORT,82,47,4,10.47,11.75,20.5,Australia
235519,Tendai Chisoro,mixture/unknown,Mixed,OUTSIDE_OFFSTUMP,GOOD_LENGTH,48,47,1,6.13,47.0,48.0,Zimbabwe
330902,Mustafizur Rahman,pace bowler,Left Fast,WIDE_OUTSIDE_OFFSTUMP,GOOD_LENGTH,61,47,2,7.79,23.5,30.5,Bangladesh
49700,Jeevan Mendis,spin bowler,Right Wrist Spin,OUTSIDE_OFFSTUMP,GOOD_LENGTH,43,47,3,5.49,15.67,14.33,Sri Lanka
1283740,Ihsanullah,pace bowler,Right Fast,OUTSIDE_OFFSTUMP,SHORT,62,47,4,7.91,11.75,15.5,Pakistan
820689,Shamar Springer,pace bowler,Right Fast,ON_THE_STUMPS,GOOD_LENGTH,73,47,5,9.32,9.4,14.6,West Indies
826689,Pramod Madushan,pace bowler,Right Fast,ON_THE_STUMPS,GOOD_LENGTH,49,47,3,6.26,15.67,16.33,Sri Lanka
1080812,Danru Ferns,pace bowler,Right Medium,OUTSIDE_OFFSTUMP,GOOD_LENGTH,35,47,7,4.47,6.71,5.0,New Zealand
56251,Alok Kapali,spin bowler,Right Wrist Spin,ON_THE_STUMPS,GOOD_LENGTH,60,47,4,7.66,11.75,15.0,Bangladesh
318339,Samiullah Shinwari,spin bowler,Right Wrist Spin,OUTSIDE_OFFSTUMP,GOOD_LENGTH,52,47,1,6.64,47.0,52.0,Afghanistan
1234111,Mohammad Imran,pace bowler,Left Fast,OUTSIDE_OFFSTUMP,FULL,85,47,4,10.85,11.75,21.25,Pakistan
36084,Yuvraj Singh,spin bowler,Left Off Spin,ON_THE_STUMPS,GOOD_LENGTH,53,47,3,6.77,15.67,17.67,India
906783,Obed McCoy,pace bowler,Left Fast,ON_THE_STUMPS,SHORT,101,47,3,12.89,15.67,33.67,West Indies
1158100,Mohammad Hasnain,pace bowler,Right Fast,DOWN_LEG,SHORT,95,47,1,12.13,47.0,95.0,Pakistan
1194795,Matheesha Pathirana,pace bowler,Right Fast,ON_THE_STUMPS,YORKER,43,47,10,5.49,4.7,4.3,Sri Lanka
1350792,Suyash Sharma,spin bowler,Right Wrist Spin,ON_THE_STUMPS,GOOD_LENGTH,41,47,3,5.23,15.67,13.67,India
482478,Jan Frylinck,pace bowler,Left Fast,OUTSIDE_OFFSTUMP,SHORT_OF_A_GOOD_LENGTH,40,47,2,5.11,23.5,20.0,Namibia
1076722,Will Sutherland,pace bowler,Right Fast,ON_THE_STUMPS,FULL,79,47,3,10.09,15.67,26.33,Australia
348154,Zafar Gohar,spin bowler,Left Off Spin,ON_THE_STUMPS,GOOD_LENGTH,41,47,1,5.23,47.0,41.0,Pakistan
937953,Bilal Khan,pace bowler,Left Fast,OUTSIDE_OFFSTUMP,SHORT_OF_A_GOOD_LENGTH,40,47,6,5.11,7.83,6.67,Oman
450075,Kesrick Williams,pace bowler,Right Fast,DOWN_LEG,GOOD_LENGTH,56,47,1,7.15,47.0,56.0,West Indies
629080,Binura Fernando,pace bowler,Left Fast,ON_THE_STUMPS,FULL,72,47,4,9.19,11.75,18.0,Sri Lanka
785323,Nathan McAndrew,pace bowler,Right Fast,OUTSIDE_OFFSTUMP,SHORT,105,47,1,13.4,47.0,105.0,Australia
277662,Corey Anderson,pace bowler,Left Fast,OUTSIDE_OFFSTUMP,FULL,66,47,3,8.43,15.67,22.0,United States of America
961407,Harry Tector,spin bowler,Right Off Spin,OUTSIDE_OFFSTUMP,GOOD_LENGTH,51,47,4,6.51,11.75,12.75,Ireland
234675,Ravindra Jadeja,spin bowler,Left Off Spin,OUTSIDE_OFFSTUMP,SHORT,83,47,2,10.6,23.5,41.5,India
698143,Lutho Sipamla,pace bowler,Right Fast,OUTSIDE_OFFSTUMP,GOOD_LENGTH,76,47,1,9.7,47.0,76.0,South Africa
914171,Qais Ahmad,spin bowler,Right Wrist Spin,WIDE_OUTSIDE_OFFSTUMP,FULL,77,47,7,9.83,6.71,11.0,Afghanistan
345825,Chaturanga de Silva,spin bowler,Left Off Spin,OUTSIDE_OFFSTUMP,SHORT_OF_A_GOOD_LENGTH,52,47,3,6.64,15.67,17.33,Sri Lanka
401540,Aizaz Khan,pace bowler,Right Fast,ON_THE_STUMPS,GOOD_LENGTH,54,47,2,6.89,23.5,27.0,Hong Kong
932355,Ebadot Hossain,pace bowler,Right Fast,OUTSIDE_OFFSTUMP,FULL,57,47,4,7.28,11.75,14.25,Bangladesh
826901,Daniel Sams,pace bowler,Left Fast,OUTSIDE_OFFSTUMP,FULL_TOSS,86,47,1,10.98,47.0,86.0,Australia
793447,Naveen-ul-Haq,pace bowler,Right Fast,DOWN_LEG,GOOD_LENGTH,57,47,3,7.28,15.67,19.0,Afghanistan
31107,Amit Mishra,spin bowler,Right Wrist Spin,WIDE_OUTSIDE_OFFSTUMP,FULL,83,47,2,10.6,23.5,41.5,India
222354,Milinda Siriwardana,spin bowler,Left Off Spin,ON_THE_STUMPS,GOOD_LENGTH,64,46,5,8.35,9.2,12.8,Sri Lanka
1203754,Junaid Siddique,pace bowler,Right Fast,ON_THE_STUMPS,SHORT_OF_A_GOOD_LENGTH,62,46,4,8.09,11.5,15.5,United Arab Emirates
25913,Mohammad Nabi,spin bowler,Right Off Spin,ON_THE_STUMPS,FULL_TOSS,91,46,4,11.87,11.5,22.75,Afghanistan
1272475,Zaman Khan,pace bowler,Right Fast,ON_THE_STUMPS,YORKER,36,46,12,4.7,3.83,3.0,Pakistan
7898,Peter Siddle,pace bowler,Right Fast,ON_THE_STUMPS,YORKER,11,46,20,1.43,2.3,0.55,Australia
681305,Hasan Ali,pace bowler,Right Fast,WIDE_OUTSIDE_OFFSTUMP,FULL,79,46,7,10.3,6.57,11.29,Pakistan
1312645,Harshit Rana,pace bowler,Right Fast,OUTSIDE_OFFSTUMP,SHORT,107,46,2,13.96,23.0,53.5,India
55354,Chamu Chibhabha,pace bowler,Right Medium,ON_THE_STUMPS,GOOD_LENGTH,52,46,3,6.78,15.33,17.33,Zimbabwe
8917,Moeen Ali,spin bowler,Right Off Spin,WIDE_OUTSIDE_OFFSTUMP,GOOD_LENGTH,55,46,2,7.17,23.0,27.5,England
643885,Saqib Mahmood,pace bowler,Right Fast,ON_THE_STUMPS,SHORT_OF_A_GOOD_LENGTH,90,46,3,11.74,15.33,30.0,England
457249,Carlos Brathwaite,pace bowler,Right Fast,OUTSIDE_OFFSTUMP,FULL_TOSS,102,46,1,13.3,46.0,102.0,West Indies
29655,Shadab Jakati,spin bowler,Left Off Spin,ON_THE_STUMPS,GOOD_LENGTH,60,46,1,7.83,46.0,60.0,India
1124283,Aaron Hardie,pace bowler,Right Fast,ON_THE_STUMPS,SHORT_OF_A_GOOD_LENGTH,61,46,1,7.96,46.0,61.0,Australia
1108490,Waqar Salamkheil,spin bowler,Left Wrist Spin,ON_THE_STUMPS,FULL,52,46,5,6.78,9.2,10.4,Afghanistan
1295879,John Kariko,mixture/unknown,Mixed,OUTSIDE_OFFSTUMP,GOOD_LENGTH,39,46,5,5.09,9.2,7.8,Papua New Guinea
348091,Kavem Hodge,spin bowler,Left Off Spin,OUTSIDE_OFFSTUMP,GOOD_LENGTH,50,46,2,6.52,23.0,25.0,West Indies
940973,Mohammed Siraj,pace bowler,Right Fast,DOWN_LEG,SHORT,139,46,1,18.13,46.0,139.0,India
794311,Louis Delport,spin bowler,Left Off Spin,ON_THE_STUMPS,GOOD_LENGTH,55,46,6,7.17,7.67,9.17,New Zealand
1175458,Akash Singh,pace bowler,Left Fast,OUTSIDE_OFFSTUMP,GOOD_LENGTH,52,46,1,6.78,46.0,52.0,India
261354,Nathan Coulter-Nile,pace bowler,Right Fast,DOWN_LEG,SHORT_OF_A_GOOD_LENGTH,40,46,2,5.22,23.0,20.0,Australia
959771,Nathan Smith,pace bowler,Right Fast,OUTSIDE_OFFSTUMP,SHORT_OF_A_GOOD_LENGTH,70,46,2,9.13,23.0,35.0,New Zealand
913853,Lalit Rajbanshi,spin bowler,Left Off Spin,ON_THE_STUMPS,GOOD_LENGTH,46,46,3,6.0,15.33,15.33,Nepal
1108490,Waqar Salamkheil,spin bowler,Left Wrist Spin,OUTSIDE_OFFSTUMP,SHORT_OF_A_GOOD_LENGTH,61,46,1,7.96,46.0,61.0,Afghanistan
573170,Luke Wood,pace bowler,Left Fast,OUTSIDE_OFFSTUMP,SHORT,75,46,4,9.78,11.5,18.75,England
595954,Duan Jansen,pace bowler,Left Fast,ON_THE_STUMPS,GOOD_LENGTH,41,46,2,5.35,23.0,20.5,South Africa
932355,Ebadot Hossain,pace bowler,Right Fast,ON_THE_STUMPS,GOOD_LENGTH,61,46,2,7.96,23.0,30.5,Bangladesh
928067,Josh Little,pace bowler,Left Fast,DOWN_LEG,SHORT_OF_A_GOOD_LENGTH,74,46,2,9.65,23.0,37.0,Ireland
573170,Luke Wood,pace bowler,Left Fast,DOWN_LEG,SHORT_OF_A_GOOD_LENGTH,69,46,3,9.0,15.33,23.0,England
1206039,Akash Madhwal,pace bowler,Right Fast,OUTSIDE_OFFSTUMP,FULL,73,46,5,9.52,9.2,14.6,India
1175423,Hrithik Shokeen,spin bowler,Right Off Spin,ON_THE_STUMPS,GOOD_LENGTH,56,46,1,7.3,46.0,56.0,India
317252,Sohail Khan,pace bowler,Right Fast,OUTSIDE_OFFSTUMP,FULL,69,46,4,9.0,11.5,17.25,Pakistan
4864,Dan Christian,pace bowler,Right Fast,WIDE_OUTSIDE_OFFSTUMP,FULL,89,46,4,11.61,11.5,22.25,Australia
1108490,Waqar Salamkheil,spin bowler,Left Wrist Spin,OUTSIDE_OFFSTUMP,FULL,70,46,4,9.13,11.5,17.5,Afghanistan
955235,Nuwan Thushara,pace bowler,Right Fast,ON_THE_STUMPS,YORKER,38,46,7,4.96,6.57,5.43,Sri Lanka
553800,Chris Tremain,pace bowler,Right Fast,OUTSIDE_OFFSTUMP,FULL,58,46,1,7.57,46.0,58.0,Australia
276298,Andre Russell,pace bowler,Right Fast,WIDE_OUTSIDE_OFFSTUMP,GOOD_LENGTH,90,46,3,11.74,15.33,30.0,West Indies
44956,Grant Elliott,pace bowler,Right Medium,OUTSIDE_OFFSTUMP,GOOD_LENGTH,41,46,3,5.35,15.33,13.67,New Zealand
35731,Vinay Kumar,pace bowler,Right Medium,ON_THE_STUMPS,GOOD_LENGTH,62,46,1,8.09,46.0,62.0,India
766809,Jordan Thompson,pace bowler,Right Fast,OUTSIDE_OFFSTUMP,FULL,77,46,5,10.04,9.2,15.4,England
714451,Shivam Dube,pace bowler,Right Medium,ON_THE_STUMPS,SHORT_OF_A_GOOD_LENGTH,79,46,2,10.3,23.0,39.5,India
1185538,Mohammad Wasim,pace bowler,Right Fast,ON_THE_STUMPS,YORKER,37,46,11,4.83,4.18,3.36,Pakistan
393055,Jackson Coleman,pace bowler,Left Fast,OUTSIDE_OFFSTUMP,GOOD_LENGTH,60,45,3,8.0,15.0,20.0,Australia
44932,Jean-Paul Duminy,spin bowler,Right Off Spin,ON_THE_STUMPS,FULL,54,45,1,7.2,45.0,54.0,South Africa
1159808,Imliwati Lemtur,spin bowler,Left Off Spin,OUTSIDE_OFFSTUMP,GOOD_LENGTH,46,45,3,6.13,15.0,15.33,India
774223,Jhye Richardson,pace bowler,Right Fast,WIDE_OUTSIDE_OFFSTUMP,FULL,71,45,4,9.47,11.25,17.75,Australia
623695,Chamika Karunaratne,pace bowler,Right Fast,OUTSIDE_OFFSTUMP,SHORT,76,45,2,10.13,22.5,38.0,Sri Lanka
774223,Jhye Richardson,pace bowler,Right Fast,ON_THE_STUMPS,FULL_TOSS,82,45,4,10.93,11.25,20.5,Australia
625371,Hardik Pandya,pace bowler,Right Fast,WIDE_OUTSIDE_OFFSTUMP,FULL,106,45,4,14.13,11.25,26.5,India
1353033,Muhammad Jawadullah,pace bowler,Left Fast,ON_THE_STUMPS,SHORT_OF_A_GOOD_LENGTH,55,45,4,7.33,11.25,13.75,United Arab Emirates
550235,Tom Curran,pace bowler,Right Fast,ON_THE_STUMPS,YORKER,29,45,13,3.87,3.46,2.23,England
364343,Craig Young,pace bowler,Right Fast,ON_THE_STUMPS,FULL,78,45,1,10.4,45.0,78.0,Ireland
990039,Shoriful Islam,pace bowler,Left Fast,OUTSIDE_OFFSTUMP,SHORT,81,45,1,10.8,45.0,81.0,Bangladesh
49758,Lasith Malinga,pace bowler,Right Fast,WIDE_OUTSIDE_OFFSTUMP,FULL,76,45,2,10.13,22.5,38.0,Sri Lanka
826915,Nathan Ellis,pace bowler,Right Fast,OUTSIDE_OFFSTUMP,YORKER,38,45,2,5.07,22.5,19.0,Australia
1072470,Shaheen Shah Afridi,pace bowler,Left Fast,ON_THE_STUMPS,SHORT,100,45,3,13.33,15.0,33.33,Pakistan
698343,Eathan Bosch,pace bowler,Right Fast,ON_THE_STUMPS,FULL,84,45,2,11.2,22.5,42.0,South Africa
324358,Nuwan Pradeep,pace bowler,Right Fast,ON_THE_STUMPS,FULL,71,45,5,9.47,9.0,14.2,Sri Lanka
1159722,Simarjeet Singh,pace bowler,Right Fast,OUTSIDE_OFFSTUMP,SHORT_OF_A_GOOD_LENGTH,45,45,3,6.0,15.0,15.0,India
629065,Nihaduzzaman,spin bowler,Left Off Spin,OUTSIDE_OFFSTUMP,SHORT_OF_A_GOOD_LENGTH,53,45,3,7.07,15.0,17.67,Bangladesh
390481,Harshal Patel,pace bowler,Right Medium,ON_THE_STUMPS,SHORT,93,45,5,12.4,9.0,18.6,India
820691,Odean Smith,pace bowler,Right Fast,ON_THE_STUMPS,SHORT,137,45,3,18.27,15.0,45.67,West Indies
537126,Barinder Sran,pace bowler,Left Medium,ON_THE_STUMPS,SHORT_OF_A_GOOD_LENGTH,68,45,3,9.07,15.0,22.67,India
940973,Mohammed Siraj,pace bowler,Right Fast,ON_THE_STUMPS,YORKER,30,45,5,4.0,9.0,6.0,India
440520,Bevan Small,pace bowler,Right Fast,OUTSIDE_OFFSTUMP,GOOD_LENGTH,44,45,3,5.87,15.0,14.67,New Zealand
448243,Rumman Raees,pace bowler,Left Fast,OUTSIDE_OFFSTUMP,FULL,60,45,1,8.0,45.0,60.0,Pakistan
922947,Sameen Gul,pace bowler,Right Medium,ON_THE_STUMPS,GOOD_LENGTH,51,45,1,6.8,45.0,51.0,Pakistan
1159711,Shahbaz Ahmed,spin bowler,Left Off Spin,OUTSIDE_OFFSTUMP,FULL,89,45,2,11.87,22.5,44.5,India
643433,George Garton,pace bowler,Left Fast,ON_THE_STUMPS,GOOD_LENGTH,72,45,2,9.6,22.5,36.0,England
317252,Sohail Khan,pace bowler,Right Fast,ON_THE_STUMPS,FULL,84,45,2,11.2,22.5,42.0,Pakistan
510530,Jamie Overton,pace bowler,Right Fast,ON_THE_STUMPS,FULL,62,45,1,8.27,45.0,62.0,England
555855,Harry Conway,pace bowler,Right Fast,ON_THE_STUMPS,SHORT_OF_A_GOOD_LENGTH,58,45,2,7.73,22.5,29.0,Australia
677081,Keemo Paul,pace bowler,Right Fast,ON_THE_STUMPS,SHORT,84,45,3,11.2,15.0,28.0,West Indies
326968,Michael Bracewell,spin bowler,Right Off Spin,OUTSIDE_OFFSTUMP,FULL,65,45,3,8.67,15.0,21.67,New Zealand
543041,Mbulelo Budaza,pace bowler,Left Fast,OUTSIDE_OFFSTUMP,GOOD_LENGTH,52,45,2,6.93,22.5,26.0,South Africa
459508,Andrew Tye,pace bowler,Right Fast,DOWN_LEG,SHORT_OF_A_GOOD_LENGTH,58,45,4,7.73,11.25,14.5,Australia
1158088,Naseem Shah,pace bowler,Right Fast,ON_THE_STUMPS,FULL_TOSS,98,45,5,13.07,9.0,19.6,Pakistan
677077,Romario Shepherd,pace bowler,Right Fast,ON_THE_STUMPS,FULL_TOSS,122,45,4,16.27,11.25,30.5,West Indies
228622,John Hastings,pace bowler,Right Fast,OUTSIDE_OFFSTUMP,SHORT_OF_A_GOOD_LENGTH,53,45,3,7.07,15.0,17.67,Australia
348148,Mohammad Nawaz,spin bowler,Left Off Spin,DOWN_LEG,FULL,75,45,1,10.0,45.0,75.0,Pakistan
1158538,Abbas Afridi,pace bowler,Right Fast,ON_THE_STUMPS,SHORT_OF_A_GOOD_LENGTH,65,45,5,8.67,9.0,13.0,Pakistan
37749,Nathan McCullum,spin bowler,Right Off Spin,OUTSIDE_OFFSTUMP,GOOD_LENGTH,57,45,1,7.6,45.0,57.0,New Zealand
360456,Asela Gunaratne,pace bowler,Right Fast,ON_THE_STUMPS,FULL,61,45,6,8.13,7.5,10.17,Sri Lanka
625383,Jasprit Bumrah,pace bowler,Right Fast,DOWN_LEG,FULL,62,45,4,8.27,11.25,15.5,India
1163488,Rejaur Rahman Raja,pace bowler,Right Medium,OUTSIDE_OFFSTUMP,FULL,79,45,4,10.53,11.25,19.75,Bangladesh
1072470,Shaheen Shah Afridi,pace bowler,Left Fast,WIDE_OUTSIDE_OFFSTUMP,FULL,93,45,2,12.4,22.5,46.5,Pakistan
393289,Shaun von Berg,spin bowler,Right Wrist Spin,ON_THE_STUMPS,GOOD_LENGTH,47,45,4,6.27,11.25,11.75,South Africa
319439,Mitchell McClenaghan,pace bowler,Left Fast,WIDE_OUTSIDE_OFFSTUMP,SHORT,87,45,2,11.6,22.5,43.5,New Zealand
595954,Duan Jansen,pace bowler,Left Fast,OUTSIDE_OFFSTUMP,FULL,91,45,1,12.13,45.0,91.0,South Africa
311158,Ben Stokes,pace bowler,Right Fast,WIDE_OUTSIDE_OFFSTUMP,GOOD_LENGTH,51,45,2,6.8,22.5,25.5,England
698143,Lutho Sipamla,pace bowler,Right Fast,OUTSIDE_OFFSTUMP,SHORT_OF_A_GOOD_LENGTH,62,45,5,8.27,9.0,12.4,South Africa
1273854,Bharat Sharma,spin bowler,Right Off Spin,OUTSIDE_OFFSTUMP,GOOD_LENGTH,39,45,3,5.2,15.0,13.0,India
447587,Jayant Yadav,spin bowler,Right Off Spin,OUTSIDE_OFFSTUMP,SHORT_OF_A_GOOD_LENGTH,70,45,1,9.33,45.0,70.0,India
297583,Kyle Abbott,pace bowler,Right Fast,OUTSIDE_OFFSTUMP,SHORT,101,45,2,13.47,22.5,50.5,South Africa
587152,Pravin Tambe,spin bowler,Right Wrist Spin,ON_THE_STUMPS,FULL,58,45,5,7.73,9.0,11.6,India
1158088,Naseem Shah,pace bowler,Right Fast,ON_THE_STUMPS,YORKER,39,45,8,5.2,5.62,4.88,Pakistan
538506,Taskin Ahmed,pace bowler,Right Fast,ON_THE_STUMPS,SHORT,102,45,4,13.6,11.25,25.5,Bangladesh
511532,Al-Amin Hossain,pace bowler,Right Fast,OUTSIDE_OFFSTUMP,SHORT,93,45,3,12.4,15.0,31.0,Bangladesh
1104703,Fred Klaassen,pace bowler,Left Fast,OUTSIDE_OFFSTUMP,SHORT_OF_A_GOOD_LENGTH,40,45,3,5.33,15.0,13.33,England
942645,Khaleel Ahmed,pace bowler,Left Fast,OUTSIDE_OFFSTUMP,SHORT_OF_A_GOOD_LENGTH,68,45,3,9.07,15.0,22.67,India
662973,Sam Curran,pace bowler,Left Fast,DOWN_LEG,FULL,86,45,3,11.47,15.0,28.67,England
550215,Kagiso Rabada,pace bowler,Right Fast,DOWN_LEG,SHORT,88,45,3,11.73,15.0,29.33,South Africa
446101,Shannon Gabriel,pace bowler,Right Fast,OUTSIDE_OFFSTUMP,SHORT_OF_A_GOOD_LENGTH,48,45,3,6.4,15.0,16.0,West Indies
384525,Zahoor Khan,pace bowler,Right Fast,ON_THE_STUMPS,FULL,56,44,3,7.64,14.67,18.67,United Arab Emirates
52334,Imran Khan,spin bowler,Right Wrist Spin,ON_THE_STUMPS,FULL,46,44,3,6.27,14.67,15.33,West Indies
559066,Ish Sodhi,spin bowler,Right Wrist Spin,ON_THE_STUMPS,SHORT,98,44,1,13.36,44.0,98.0,New Zealand
24605,Kevin O'Brien,pace bowler,Right Fast,OUTSIDE_OFFSTUMP,GOOD_LENGTH,64,44,2,8.73,22.0,32.0,Ireland
545467,Junior Dala,pace bowler,Right Medium,ON_THE_STUMPS,GOOD_LENGTH,54,44,2,7.36,22.0,27.0,South Africa
679567,Ben Dwarshuis,pace bowler,Left Fast,OUTSIDE_OFFSTUMP,SHORT,72,44,3,9.82,14.67,24.0,Australia
300618,Nasir Hossain,spin bowler,Right Off Spin,OUTSIDE_OFFSTUMP,FULL,55,44,1,7.5,44.0,55.0,Bangladesh
1158538,Abbas Afridi,pace bowler,Right Fast,OUTSIDE_OFFSTUMP,SHORT,95,44,5,12.95,8.8,19.0,Pakistan
1241271,Muhammad Farooq,spin bowler,Right Wrist Spin,OUTSIDE_OFFSTUMP,GOOD_LENGTH,31,44,4,4.23,11.0,7.75,
395057,Seth Rance,pace bowler,Right Medium,OUTSIDE_OFFSTUMP,GOOD_LENGTH,46,44,2,6.27,22.0,23.0,New Zealand
53115,Daren Sammy,pace bowler,Right Medium,OUTSIDE_OFFSTUMP,FULL,68,44,2,9.27,22.0,34.0,West Indies
438362,Sandeep Sharma,pace bowler,Right Medium,DOWN_LEG,GOOD_LENGTH,81,44,2,11.05,22.0,40.5,India
1131754,Chetan Sakariya,pace bowler,Left Fast,OUTSIDE_OFFSTUMP,FULL,74,44,3,10.09,14.67,24.67,India
53191,Jerome Taylor,pace bowler,Right Fast,OUTSIDE_OFFSTUMP,SHORT,88,44,3,12.0,14.67,29.33,West Indies
501012,Joel Paris,pace bowler,Left Fast,ON_THE_STUMPS,SHORT_OF_A_GOOD_LENGTH,43,44,1,5.86,44.0,43.0,Australia
308251,David Willey,pace bowler,Left Fast,ON_THE_STUMPS,SHORT,84,44,4,11.45,11.0,21.0,England
1137279,Jonathan Cook,spin bowler,Right Wrist Spin,OUTSIDE_OFFSTUMP,FULL,38,44,1,5.18,44.0,38.0,Australia
516561,Dawlat Zadran,pace bowler,Right Fast,ON_THE_STUMPS,GOOD_LENGTH,40,44,2,5.45,22.0,20.0,Afghanistan
322810,Cameron Delport,pace bowler,Right Medium,OUTSIDE_OFFSTUMP,GOOD_LENGTH,78,44,1,10.64,44.0,78.0,South Africa
698317,Ruben Trumpelmann,pace bowler,Left Fast,ON_THE_STUMPS,GOOD_LENGTH,35,44,2,4.77,22.0,17.5,Namibia
5681,Brad Hogg,spin bowler,Left Wrist Spin,OUTSIDE_OFFSTUMP,FULL,79,44,1,10.77,44.0,79.0,Australia
535353,Ottniel Baartman,pace bowler,Right Fast,ON_THE_STUMPS,FULL,65,44,5,8.86,8.8,13.0,South Africa
390481,Harshal Patel,pace bowler,Right Medium,WIDE_OUTSIDE_OFFSTUMP,SHORT_OF_A_GOOD_LENGTH,59,44,4,8.05,11.0,14.75,India
539548,Scott Kuggeleijn,pace bowler,Right Fast,ON_THE_STUMPS,SHORT,83,44,2,11.32,22.0,41.5,New Zealand
19264,Liam Plunkett,pace bowler,Right Fast,OUTSIDE_OFFSTUMP,SHORT,63,44,5,8.59,8.8,12.6,United States of America
26421,Ravichandran Ashwin,spin bowler,Right Off Spin,WIDE_OUTSIDE_OFFSTUMP,FULL,82,44,2,11.18,22.0,41.0,India
1272475,Zaman Khan,pace bowler,Right Fast,ON_THE_STUMPS,FULL_TOSS,73,44,5,9.95,8.8,14.6,Pakistan
481979,Anrich Nortje,pace bowler,Right Fast,OUTSIDE_OFFSTUMP,FULL_TOSS,79,44,1,10.77,44.0,79.0,South Africa
308251,David Willey,pace bowler,Left Fast,OUTSIDE_OFFSTUMP,SHORT,95,44,1,12.95,44.0,95.0,England
19264,Liam Plunkett,pace bowler,Right Fast,ON_THE_STUMPS,FULL,80,44,6,10.91,7.33,13.33,United States of America
348034,George Dockrell,spin bowler,Left Off Spin,OUTSIDE_OFFSTUMP,FULL,69,44,2,9.41,22.0,34.5,Ireland
327947,Dane Paterson,pace bowler,Right Fast,OUTSIDE_OFFSTUMP,GOOD_LENGTH,58,44,4,7.91,11.0,14.5,South Africa
232364,Tim Southee,pace bowler,Right Fast,DOWN_LEG,FULL,72,44,1,9.82,44.0,72.0,New Zealand
348059,Barry McCarthy,pace bowler,Right Fast,ON_THE_STUMPS,SHORT_OF_A_GOOD_LENGTH,58,44,1,7.91,44.0,58.0,Ireland
623695,Chamika Karunaratne,pace bowler,Right Fast,ON_THE_STUMPS,FULL,75,44,1,10.23,44.0,75.0,Sri Lanka
776695,Matt Critchley,spin bowler,Right Wrist Spin,ON_THE_STUMPS,GOOD_LENGTH,53,44,5,7.23,8.8,10.6,England
348059,Barry McCarthy,pace bowler,Right Fast,ON_THE_STUMPS,FULL,83,44,1,11.32,44.0,83.0,Ireland
272450,Mitchell Marsh,pace bowler,Right Medium,OUTSIDE_OFFSTUMP,SHORT,86,44,6,11.73,7.33,14.33,Australia
554691,Axar Patel,spin bowler,Left Off Spin,DOWN_LEG,FULL,84,44,2,11.45,22.0,42.0,India
677077,Romario Shepherd,pace bowler,Right Fast,WIDE_OUTSIDE_OFFSTUMP,GOOD_LENGTH,65,44,4,8.86,11.0,16.25,West Indies
595783,Ajaz Patel,spin bowler,Left Off Spin,ON_THE_STUMPS,FULL,50,44,2,6.82,22.0,25.0,New Zealand
670045,Gudakesh Motie,spin bowler,Left Off Spin,OUTSIDE_OFFSTUMP,FULL,49,44,4,6.68,11.0,12.25,West Indies
826689,Pramod Madushan,pace bowler,Right Fast,OUTSIDE_OFFSTUMP,GOOD_LENGTH,49,44,2,6.68,22.0,24.5,Sri Lanka
593296,Ali Dawood,pace bowler,Right Medium,ON_THE_STUMPS,GOOD_LENGTH,42,44,3,5.73,14.67,14.0,Bahrain
461632,Reece Topley,pace bowler,Left Fast,WIDE_OUTSIDE_OFFSTUMP,FULL,64,44,2,8.73,22.0,32.0,England
290948,Mohammad Amir,pace bowler,Left Fast,ON_THE_STUMPS,FULL_TOSS,71,44,3,9.68,14.67,23.67,Pakistan
31820,Ashish Nehra,pace bowler,Left Fast,DOWN_LEG,SHORT_OF_A_GOOD_LENGTH,61,44,2,8.32,22.0,30.5,India
1125688,Mukesh Choudhary,pace bowler,Left Medium,OUTSIDE_OFFSTUMP,SHORT_OF_A_GOOD_LENGTH,65,44,2,8.86,22.0,32.5,India
330902,Mustafizur Rahman,pace bowler,Left Fast,WIDE_OUTSIDE_OFFSTUMP,SHORT_OF_A_GOOD_LENGTH,65,44,2,8.86,22.0,32.5,Bangladesh
351588,Mark Wood,pace bowler,Right Fast,OUTSIDE_OFFSTUMP,FULL,94,44,4,12.82,11.0,23.5,England
459257,Tymal Mills,pace bowler,Left Fast,ON_THE_STUMPS,SHORT,91,44,3,12.41,14.67,30.33,England
629080,Binura Fernando,pace bowler,Left Fast,OUTSIDE_OFFSTUMP,FULL,69,44,1,9.41,44.0,69.0,Sri Lanka
781705,Salman Irshad,pace bowler,Right Fast,ON_THE_STUMPS,YORKER,32,44,9,4.36,4.89,3.56,Pakistan
417381,Andy McBrine,spin bowler,Right Off Spin,OUTSIDE_OFFSTUMP,GOOD_LENGTH,70,44,3,9.55,14.67,23.33,Ireland
681305,Hasan Ali,pace bowler,Right Fast,ON_THE_STUMPS,SHORT,120,44,4,16.36,11.0,30.0,Pakistan
327830,Dwaine Pretorius,pace bowler,Right Fast,WIDE_OUTSIDE_OFFSTUMP,SHORT_OF_A_GOOD_LENGTH,78,44,5,10.64,8.8,15.6,South Africa
906783,Obed McCoy,pace bowler,Left Fast,OUTSIDE_OFFSTUMP,FULL_TOSS,92,44,1,12.55,44.0,92.0,West Indies
1175423,Hrithik Shokeen,spin bowler,Right Off Spin,OUTSIDE_OFFSTUMP,GOOD_LENGTH,53,44,1,7.23,44.0,53.0,India
533561,Waqas Maqsood,pace bowler,Left Fast,OUTSIDE_OFFSTUMP,FULL,91,44,2,12.41,22.0,45.5,Pakistan
820691,Odean Smith,pace bowler,Right Fast,WIDE_OUTSIDE_OFFSTUMP,SHORT_OF_A_GOOD_LENGTH,74,44,2,10.09,22.0,37.0,West Indies
56007,Mashrafe Mortaza,pace bowler,Right Fast,WIDE_OUTSIDE_OFFSTUMP,GOOD_LENGTH,51,43,3,7.12,14.33,17.0,Bangladesh
459508,Andrew Tye,pace bowler,Right Fast,WIDE_OUTSIDE_OFFSTUMP,SHORT_OF_A_GOOD_LENGTH,57,43,4,7.95,10.75,14.25,Australia
592735,Sandeep Warrier,pace bowler,Right Medium,OUTSIDE_OFFSTUMP,GOOD_LENGTH,73,43,1,10.19,43.0,73.0,India
540316,Andile Phehlukwayo,pace bowler,Right Fast,ON_THE_STUMPS,FULL,71,43,5,9.91,8.6,14.2,South Africa
443263,Hayden Walsh,spin bowler,Right Wrist Spin,DOWN_LEG,GOOD_LENGTH,63,43,2,8.79,21.5,31.5,West Indies
677081,Keemo Paul,pace bowler,Right Fast,WIDE_OUTSIDE_OFFSTUMP,SHORT_OF_A_GOOD_LENGTH,56,43,4,7.81,10.75,14.0,West Indies
316363,Imran Khan,pace bowler,Right Fast,OUTSIDE_OFFSTUMP,GOOD_LENGTH,53,43,2,7.4,21.5,26.5,Pakistan
1030549,Andrew Hazeldine,pace bowler,Left Fast,ON_THE_STUMPS,GOOD_LENGTH,30,43,2,4.19,21.5,15.0,New Zealand
1089962,Patrick Dooley,spin bowler,Left Wrist Spin,OUTSIDE_OFFSTUMP,FULL,62,43,4,8.65,10.75,15.5,Australia
31872,Shahbaz Nadeem,spin bowler,Left Off Spin,OUTSIDE_OFFSTUMP,SHORT_OF_A_GOOD_LENGTH,82,43,2,11.44,21.5,41.0,India
311427,Hamid Hassan,pace bowler,Right Fast,OUTSIDE_OFFSTUMP,GOOD_LENGTH,38,43,2,5.3,21.5,19.0,Afghanistan
30288,Karn Sharma,spin bowler,Right Wrist Spin,DOWN_LEG,GOOD_LENGTH,53,43,2,7.4,21.5,26.5,India
461632,Reece Topley,pace bowler,Left Fast,DOWN_LEG,GOOD_LENGTH,48,43,3,6.7,14.33,16.0,England
376169,Michael Neser,pace bowler,Right Fast,OUTSIDE_OFFSTUMP,SHORT,81,43,4,11.3,10.75,20.25,Australia
732291,Basil Thampi,pace bowler,Right Fast,OUTSIDE_OFFSTUMP,FULL,81,43,1,11.3,43.0,81.0,India
391485,Jason Holder,pace bowler,Right Fast,DOWN_LEG,FULL_TOSS,105,43,1,14.65,43.0,105.0,West Indies
538506,Taskin Ahmed,pace bowler,Right Fast,WIDE_OUTSIDE_OFFSTUMP,SHORT_OF_A_GOOD_LENGTH,36,43,1,5.02,43.0,36.0,Bangladesh
594322,Corbin Bosch,pace bowler,Right Fast,OUTSIDE_OFFSTUMP,SHORT_OF_A_GOOD_LENGTH,51,43,1,7.12,43.0,51.0,South Africa
1072472,Muhammad Musa,pace bowler,Right Fast,ON_THE_STUMPS,GOOD_LENGTH,45,43,1,6.28,43.0,45.0,Pakistan
370040,Jeffrey Vandersay,spin bowler,Right Wrist Spin,ON_THE_STUMPS,SHORT_OF_A_GOOD_LENGTH,55,43,2,7.67,21.5,27.5,Sri Lanka
537119,Mohit Sharma,pace bowler,Right Medium,WIDE_OUTSIDE_OFFSTUMP,FULL,72,43,3,10.05,14.33,24.0,India
1217359,Sayed Monib,pace bowler,Right Medium,OUTSIDE_OFFSTUMP,GOOD_LENGTH,64,43,1,8.93,43.0,64.0,Kuwait
927619,Khaled Ahmed,pace bowler,Right Medium,ON_THE_STUMPS,SHORT_OF_A_GOOD_LENGTH,50,43,2,6.98,21.5,25.0,Bangladesh
820351,Rovman Powell,pace bowler,Right Fast,OUTSIDE_OFFSTUMP,SHORT_OF_A_GOOD_LENGTH,63,43,1,8.79,43.0,63.0,West Indies
233713,Neil Wagner,pace bowler,Left Fast,ON_THE_STUMPS,GOOD_LENGTH,48,43,4,6.7,10.75,12.0,New Zealand
233802,Ashan Priyanjan,spin bowler,Right Off Spin,OUTSIDE_OFFSTUMP,GOOD_LENGTH,55,43,2,7.67,21.5,27.5,Sri Lanka
694211,Avesh Khan,pace bowler,Right Fast,ON_THE_STUMPS,FULL_TOSS,75,43,4,10.47,10.75,18.75,India
721041,Dushan Hemantha,spin bowler,Right Wrist Spin,ON_THE_STUMPS,GOOD_LENGTH,38,43,5,5.3,8.6,7.6,Sri Lanka
41434,Mohammad Hafeez,spin bowler,Right Off Spin,ON_THE_STUMPS,SHORT_OF_A_GOOD_LENGTH,41,43,2,5.72,21.5,20.5,Pakistan
974175,Fazalhaq Farooqi,pace bowler,Left Fast,ON_THE_STUMPS,YORKER,22,43,4,3.07,10.75,5.5,Afghanistan
429981,Mohammad Irfan,pace bowler,Left Fast,ON_THE_STUMPS,SHORT,93,43,2,12.98,21.5,46.5,Pakistan
913853,Lalit Rajbanshi,spin bowler,Left Off Spin,OUTSIDE_OFFSTUMP,GOOD_LENGTH,33,43,1,4.6,43.0,33.0,Nepal
1079434,Riyan Parag,spin bowler,Right Wrist Spin,ON_THE_STUMPS,GOOD_LENGTH,72,43,1,10.05,43.0,72.0,India
1171289,Al Islam,spin bowler,Right Off Spin,ON_THE_STUMPS,GOOD_LENGTH,48,43,3,6.7,14.33,16.0,Bangladesh
1241265,Aayan Afzal Khan,spin bowler,Left Off Spin,ON_THE_STUMPS,FULL,63,43,1,8.79,43.0,63.0,United Arab Emirates
926597,Aminul Islam,spin bowler,Right Wrist Spin,OUTSIDE_OFFSTUMP,SHORT_OF_A_GOOD_LENGTH,46,43,2,6.42,21.5,23.0,Bangladesh
1125536,Ben Lister,pace bowler,Left Fast,OUTSIDE_OFFSTUMP,GOOD_LENGTH,26,43,4,3.63,10.75,6.5,New Zealand
390481,Harshal Patel,pace bowler,Right Medium,DOWN_LEG,SHORT_OF_A_GOOD_LENGTH,58,43,1,8.09,43.0,58.0,India
553249,Bjorn Fortuin,spin bowler,Left Off Spin,ON_THE_STUMPS,SHORT_OF_A_GOOD_LENGTH,59,43,1,8.23,43.0,59.0,South Africa
52912,Ravi Rampaul,pace bowler,Right Fast,OUTSIDE_OFFSTUMP,SHORT,72,43,2,10.05,21.5,36.0,West Indies
1125536,Ben Lister,pace bowler,Left Fast,ON_THE_STUMPS,GOOD_LENGTH,39,43,2,5.44,21.5,19.5,New Zealand
459257,Tymal Mills,pace bowler,Left Fast,DOWN_LEG,SHORT,73,43,5,10.19,8.6,14.6,England
481875,George Linde,spin bowler,Left Off Spin,ON_THE_STUMPS,SHORT_OF_A_GOOD_LENGTH,48,43,1,6.7,43.0,48.0,South Africa
45204,Robbie Frylinck,pace bowler,Right Medium,OUTSIDE_OFFSTUMP,FULL,61,43,3,8.51,14.33,20.33,South Africa
384355,Anaru Kitchen,spin bowler,Left Off Spin,ON_THE_STUMPS,GOOD_LENGTH,51,43,1,7.12,43.0,51.0,New Zealand
677077,Romario Shepherd,pace bowler,Right Fast,ON_THE_STUMPS,SHORT,101,43,2,14.09,21.5,50.5,West Indies
662973,Sam Curran,pace bowler,Left Fast,OUTSIDE_OFFSTUMP,YORKER,37,43,2,5.16,21.5,18.5,England
327947,Dane Paterson,pace bowler,Right Fast,ON_THE_STUMPS,GOOD_LENGTH,48,43,1,6.7,43.0,48.0,South Africa
376116,Umesh Yadav,pace bowler,Right Fast,DOWN_LEG,SHORT_OF_A_GOOD_LENGTH,50,43,1,6.98,43.0,50.0,India
53118,Dwayne Smith,pace bowler,Right Medium,OUTSIDE_OFFSTUMP,FULL,51,43,2,7.12,21.5,25.5,West Indies
495551,Sheldon Cottrell,pace bowler,Left Fast,DOWN_LEG,SHORT,103,43,2,14.37,21.5,51.5,West Indies
545467,Junior Dala,pace bowler,Right Medium,OUTSIDE_OFFSTUMP,SHORT,99,43,6,13.81,7.17,16.5,South Africa
928059,Ben White,spin bowler,Right Wrist Spin,OUTSIDE_OFFSTUMP,SHORT_OF_A_GOOD_LENGTH,74,43,1,10.33,43.0,74.0,Ireland
547766,Jacob Duffy,pace bowler,Right Fast,ON_THE_STUMPS,FULL,50,43,3,6.98,14.33,16.67,New Zealand
32966,Piyush Chawla,spin bowler,Right Wrist Spin,WIDE_OUTSIDE_OFFSTUMP,GOOD_LENGTH,45,43,4,6.28,10.75,11.25,India
1070196,Yash Thakur,pace bowler,Right Fast,OUTSIDE_OFFSTUMP,FULL,82,43,3,11.44,14.33,27.33,India
407265,Josh Davey,pace bowler,Right Fast,OUTSIDE_OFFSTUMP,FULL,53,43,1,7.4,43.0,53.0,Scotland
311592,Mitchell Starc,pace bowler,Left Fast,WIDE_OUTSIDE_OFFSTUMP,FULL,72,43,4,10.05,10.75,18.0,Australia
751151,Hamza Tahir,spin bowler,Left Off Spin,ON_THE_STUMPS,GOOD_LENGTH,61,43,4,8.51,10.75,15.25,Scotland
793463,Rashid Khan,spin bowler,Right Wrist Spin,ON_THE_STUMPS,FULL_TOSS,104,43,2,14.51,21.5,52.0,Afghanistan
501907,Daryn Dupavillon,pace bowler,Right Fast,OUTSIDE_OFFSTUMP,FULL,70,43,1,9.77,43.0,70.0,South Africa
1130463,Arshad Iqbal,pace bowler,Right Fast,ON_THE_STUMPS,SHORT_OF_A_GOOD_LENGTH,52,43,3,7.26,14.33,17.33,Pakistan
677077,Romario Shepherd,pace bowler,Right Fast,OUTSIDE_OFFSTUMP,FULL_TOSS,102,43,2,14.23,21.5,51.0,West Indies
359649,Mohammed Aslam,mixture/unknown,Left Off Spin,ON_THE_STUMPS,GOOD_LENGTH,45,43,2,6.28,21.5,22.5,Kuwait
826689,Pramod Madushan,pace bowler,Right Fast,OUTSIDE_OFFSTUMP,FULL,76,43,1,10.6,43.0,76.0,Sri Lanka
1158175,Mohammad Ali,pace bowler,Right Fast,OUTSIDE_OFFSTUMP,GOOD_LENGTH,55,43,3,7.67,14.33,18.33,
227712,Ashok Dinda,pace bowler,Right Fast,OUTSIDE_OFFSTUMP,GOOD_LENGTH,73,43,1,10.19,43.0,73.0,India
932355,Ebadot Hossain,pace bowler,Right Fast,ON_THE_STUMPS,SHORT_OF_A_GOOD_LENGTH,46,43,3,6.42,14.33,15.33,Bangladesh
698189,Wiaan Mulder,pace bowler,Right Medium,OUTSIDE_OFFSTUMP,FULL,65,42,2,9.29,21.0,32.5,South Africa
51880,Chris Gayle,spin bowler,Right Off Spin,ON_THE_STUMPS,FULL,36,42,2,5.14,21.0,18.0,West Indies
1249564,Ahmed Daniyal,pace bowler,Right Fast,OUTSIDE_OFFSTUMP,FULL,78,42,3,11.14,14.0,26.0,Pakistan
552152,Dushmantha Chameera,pace bowler,Right Fast,DOWN_LEG,SHORT,97,42,2,13.86,21.0,48.5,Sri Lanka
277955,Dhawal Kulkarni,pace bowler,Right Medium,ON_THE_STUMPS,FULL,72,42,2,10.29,21.0,36.0,India
550235,Tom Curran,pace bowler,Right Fast,DOWN_LEG,SHORT_OF_A_GOOD_LENGTH,60,42,2,8.57,21.0,30.0,England
4864,Dan Christian,pace bowler,Right Fast,WIDE_OUTSIDE_OFFSTUMP,SHORT_OF_A_GOOD_LENGTH,48,42,1,6.86,42.0,48.0,Australia
777537,KC Cariappa,spin bowler,Right Wrist Spin,ON_THE_STUMPS,GOOD_LENGTH,56,42,1,8.0,42.0,56.0,India
375126,Hardus Viljoen,pace bowler,Right Fast,OUTSIDE_OFFSTUMP,SHORT,82,42,5,11.71,8.4,16.4,South Africa
227758,Imad Wasim,spin bowler,Left Off Spin,DOWN_LEG,SHORT_OF_A_GOOD_LENGTH,66,42,1,9.43,42.0,66.0,Pakistan
1203669,Akif Javed,pace bowler,Left Fast,ON_THE_STUMPS,SHORT_OF_A_GOOD_LENGTH,49,42,3,7.0,14.0,16.33,Pakistan
537119,Mohit Sharma,pace bowler,Right Medium,OUTSIDE_OFFSTUMP,FULL_TOSS,92,42,4,13.14,10.5,23.0,India
596010,Gerald Coetzee,pace bowler,Right Fast,ON_THE_STUMPS,SHORT_OF_A_GOOD_LENGTH,40,42,4,5.71,10.5,10.0,South Africa
450860,Adam Milne,pace bowler,Right Fast,ON_THE_STUMPS,SHORT,76,42,1,10.86,42.0,76.0,New Zealand
471342,Krunal Pandya,spin bowler,Left Off Spin,WIDE_OUTSIDE_OFFSTUMP,GOOD_LENGTH,94,42,1,13.43,42.0,94.0,India
1158100,Mohammad Hasnain,pace bowler,Right Fast,ON_THE_STUMPS,SHORT,85,42,2,12.14,21.0,42.5,Pakistan
641423,Dan Lawrence,spin bowler,Right Off Spin,OUTSIDE_OFFSTUMP,GOOD_LENGTH,58,42,3,8.29,14.0,19.33,England
1123718,Spencer Johnson,pace bowler,Left Fast,DOWN_LEG,SHORT_OF_A_GOOD_LENGTH,55,42,1,7.86,42.0,55.0,Australia
276843,Aubrey Swanepoel,spin bowler,Right Off Spin,OUTSIDE_OFFSTUMP,GOOD_LENGTH,47,42,2,6.71,21.0,23.5,South Africa
802575,T Natarajan,pace bowler,Left Medium,DOWN_LEG,GOOD_LENGTH,57,42,4,8.14,10.5,14.25,India
24230,Nadeem Ahmed,spin bowler,Left Off Spin,OUTSIDE_OFFSTUMP,GOOD_LENGTH,31,42,2,4.43,21.0,15.5,Hong Kong
437438,Prenelan Subrayen,spin bowler,Right Off Spin,OUTSIDE_OFFSTUMP,SHORT_OF_A_GOOD_LENGTH,39,42,1,5.57,42.0,39.0,South Africa
437316,Dasun Shanaka,pace bowler,Right Medium,ON_THE_STUMPS,SHORT,88,42,4,12.57,10.5,22.0,Sri Lanka
226493,Hamish Bennett,pace bowler,Right Fast,ON_THE_STUMPS,GOOD_LENGTH,47,42,4,6.71,10.5,11.75,New Zealand
605681,Evan Jones,pace bowler,Right Fast,OUTSIDE_OFFSTUMP,GOOD_LENGTH,42,42,2,6.0,21.0,21.0,South Africa
475281,Shardul Thakur,pace bowler,Right Medium,WIDE_OUTSIDE_OFFSTUMP,GOOD_LENGTH,68,42,3,9.71,14.0,22.67,India
573170,Luke Wood,pace bowler,Left Fast,ON_THE_STUMPS,SHORT,75,42,2,10.71,21.0,37.5,England
793467,Karim Janat,pace bowler,Right Medium,OUTSIDE_OFFSTUMP,SHORT,82,42,2,11.71,21.0,41.0,Afghanistan
1137279,Jonathan Cook,spin bowler,Right Wrist Spin,ON_THE_STUMPS,FULL,49,42,3,7.0,14.0,16.33,Australia
311158,Ben Stokes,pace bowler,Right Fast,ON_THE_STUMPS,SHORT,92,42,1,13.14,42.0,92.0,England
826689,Pramod Madushan,pace bowler,Right Fast,OUTSIDE_OFFSTUMP,SHORT_OF_A_GOOD_LENGTH,49,42,2,7.0,21.0,24.5,Sri Lanka
555855,Harry Conway,pace bowler,Right Fast,OUTSIDE_OFFSTUMP,FULL,69,42,1,9.86,42.0,69.0,Australia
444135,Sohag Gazi,spin bowler,Right Off Spin,ON_THE_STUMPS,FULL,59,42,3,8.43,14.0,19.67,Bangladesh
495551,Sheldon Cottrell,pace bowler,Left Fast,OUTSIDE_OFFSTUMP,FULL_TOSS,76,42,1,10.86,42.0,76.0,West Indies
18632,Samit Patel,spin bowler,Left Off Spin,WIDE_OUTSIDE_OFFSTUMP,FULL,90,42,1,12.86,42.0,90.0,England
459508,Andrew Tye,pace bowler,Right Fast,DOWN_LEG,GOOD_LENGTH,71,42,2,10.14,21.0,35.5,Australia
697279,Usman Shinwari,pace bowler,Left Fast,OUTSIDE_OFFSTUMP,SHORT,64,42,5,9.14,8.4,12.8,Pakistan
595783,Ajaz Patel,spin bowler,Left Off Spin,OUTSIDE_OFFSTUMP,FULL,39,42,3,5.57,14.0,13.0,New Zealand
822553,Tushar Deshpande,pace bowler,Right Medium,OUTSIDE_OFFSTUMP,SHORT,65,42,6,9.29,7.0,10.83,India
961713,Riley Meredith,pace bowler,Right Fast,WIDE_OUTSIDE_OFFSTUMP,FULL,76,42,4,10.86,10.5,19.0,Australia
7069,Steve O'Keefe,spin bowler,Left Off Spin,WIDE_OUTSIDE_OFFSTUMP,GOOD_LENGTH,63,42,2,9.0,21.0,31.5,Australia
56007,Mashrafe Mortaza,pace bowler,Right Fast,ON_THE_STUMPS,FULL,59,42,1,8.43,42.0,59.0,Bangladesh
290948,Mohammad Amir,pace bowler,Left Fast,OUTSIDE_OFFSTUMP,FULL_TOSS,74,42,3,10.57,14.0,24.67,Pakistan
325012,Marcus Stoinis,pace bowler,Right Medium,WIDE_OUTSIDE_OFFSTUMP,SHORT_OF_A_GOOD_LENGTH,77,42,2,11.0,21.0,38.5,Australia
930189,Lalit Yadav,spin bowler,Right Off Spin,ON_THE_STUMPS,FULL,45,42,3,6.43,14.0,15.0,India
1206769,Jayden Lennox,spin bowler,Left Off Spin,OUTSIDE_OFFSTUMP,GOOD_LENGTH,49,42,5,7.0,8.4,9.8,New Zealand
272477,Jason Behrendorff,pace bowler,Left Fast,OUTSIDE_OFFSTUMP,SHORT,81,42,3,11.57,14.0,27.0,Australia
446548,Scott Boland,pace bowler,Right Fast,OUTSIDE_OFFSTUMP,SHORT,70,42,6,10.0,7.0,11.67,Australia
627627,Tom Rogers,pace bowler,Right Fast,OUTSIDE_OFFSTUMP,SHORT,76,42,3,10.86,14.0,25.33,Australia
481896,Mohammed Shami,pace bowler,Right Fast,DOWN_LEG,SHORT_OF_A_GOOD_LENGTH,43,42,1,6.14,42.0,43.0,India
681067,Akif Raja,pace bowler,Right Fast,ON_THE_STUMPS,GOOD_LENGTH,37,42,1,5.29,42.0,37.0,United Arab Emirates
1158088,Naseem Shah,pace bowler,Right Fast,ON_THE_STUMPS,SHORT,67,42,5,9.57,8.4,13.4,Pakistan
457249,Carlos Brathwaite,pace bowler,Right Fast,ON_THE_STUMPS,SHORT,71,42,3,10.14,14.0,23.67,West Indies
1048739,Ravisrinivasan Sai Kishore,spin bowler,Left Off Spin,OUTSIDE_OFFSTUMP,GOOD_LENGTH,43,42,4,6.14,10.5,10.75,India
1185538,Mohammad Wasim,pace bowler,Right Fast,ON_THE_STUMPS,SHORT,93,42,3,13.29,14.0,31.0,Pakistan
25913,Mohammad Nabi,spin bowler,Right Off Spin,WIDE_OUTSIDE_OFFSTUMP,FULL,71,42,3,10.14,14.0,23.67,Afghanistan
1206110,Kevin Sinclair,spin bowler,Right Off Spin,ON_THE_STUMPS,GOOD_LENGTH,42,42,3,6.0,14.0,14.0,West Indies
447587,Jayant Yadav,spin bowler,Right Off Spin,ON_THE_STUMPS,FULL,48,42,2,6.86,21.0,24.0,India
594322,Corbin Bosch,pace bowler,Right Fast,OUTSIDE_OFFSTUMP,GOOD_LENGTH,63,42,2,9.0,21.0,31.5,South Africa
274921,Veerasammy Permaul,spin bowler,Left Off Spin,OUTSIDE_OFFSTUMP,FULL,60,42,2,8.57,21.0,30.0,West Indies
493773,Lockie Ferguson,pace bowler,Right Fast,ON_THE_STUMPS,YORKER,24,42,10,3.43,4.2,2.4,New Zealand
826901,Daniel Sams,pace bowler,Left Fast,ON_THE_STUMPS,SHORT,85,41,4,12.44,10.25,21.25,Australia
5961,Moises Henriques,pace bowler,Right Fast,OUTSIDE_OFFSTUMP,SHORT,92,41,2,13.46,20.5,46.0,Australia
909225,Paul Walter,pace bowler,Left Medium,OUTSIDE_OFFSTUMP,FULL,74,41,4,10.83,10.25,18.5,England
393279,Marchant de Lange,pace bowler,Right Fast,OUTSIDE_OFFSTUMP,GOOD_LENGTH,45,41,1,6.59,41.0,45.0,South Africa
1070196,Yash Thakur,pace bowler,Right Fast,OUTSIDE_OFFSTUMP,GOOD_LENGTH,51,41,2,7.46,20.5,25.5,India
401057,Taijul Islam,spin bowler,Left Off Spin,OUTSIDE_OFFSTUMP,SHORT_OF_A_GOOD_LENGTH,66,41,1,9.66,41.0,66.0,Bangladesh
407265,Josh Davey,pace bowler,Right Fast,OUTSIDE_OFFSTUMP,SHORT_OF_A_GOOD_LENGTH,39,41,1,5.71,41.0,39.0,Scotland
1012137,Mrittunjoy Chowdhury,pace bowler,Left Fast,OUTSIDE_OFFSTUMP,SHORT_OF_A_GOOD_LENGTH,55,41,5,8.05,8.2,11.0,Bangladesh
32966,Piyush Chawla,spin bowler,Right Wrist Spin,WIDE_OUTSIDE_OFFSTUMP,FULL,113,41,2,16.54,20.5,56.5,India
595921,Curtis Campher,pace bowler,Right Fast,ON_THE_STUMPS,FULL,63,41,3,9.22,13.67,21.0,Ireland
31872,Shahbaz Nadeem,spin bowler,Left Off Spin,OUTSIDE_OFFSTUMP,FULL,81,41,1,11.85,41.0,81.0,India
595954,Duan Jansen,pace bowler,Left Fast,ON_THE_STUMPS,FULL,65,41,1,9.51,41.0,65.0,South Africa
438362,Sandeep Sharma,pace bowler,Right Medium,WIDE_OUTSIDE_OFFSTUMP,SHORT_OF_A_GOOD_LENGTH,65,41,2,9.51,20.5,32.5,India
793467,Karim Janat,pace bowler,Right Medium,ON_THE_STUMPS,SHORT_OF_A_GOOD_LENGTH,49,41,2,7.17,20.5,24.5,Afghanistan
1234111,Mohammad Imran,pace bowler,Left Fast,ON_THE_STUMPS,SHORT_OF_A_GOOD_LENGTH,68,41,1,9.95,41.0,68.0,Pakistan
901155,Liam Hatcher,pace bowler,Right Fast,ON_THE_STUMPS,SHORT_OF_A_GOOD_LENGTH,52,41,1,7.61,41.0,52.0,Australia
401057,Taijul Islam,spin bowler,Left Off Spin,OUTSIDE_OFFSTUMP,FULL,26,41,2,3.8,20.5,13.0,Bangladesh
379887,Lizaad Williams,pace bowler,Right Fast,ON_THE_STUMPS,SHORT_OF_A_GOOD_LENGTH,46,41,6,6.73,6.83,7.67,South Africa
793441,Aamer Jamal,pace bowler,Right Fast,OUTSIDE_OFFSTUMP,SHORT_OF_A_GOOD_LENGTH,44,41,1,6.44,41.0,44.0,Pakistan
276298,Andre Russell,pace bowler,Right Fast,DOWN_LEG,FULL,99,41,3,14.49,13.67,33.0,West Indies
826915,Nathan Ellis,pace bowler,Right Fast,WIDE_OUTSIDE_OFFSTUMP,GOOD_LENGTH,77,41,2,11.27,20.5,38.5,Australia
355269,James Neesham,pace bowler,Right Fast,ON_THE_STUMPS,SHORT,91,41,4,13.32,10.25,22.75,New Zealand
598935,Dharmendrasinh Jadeja,spin bowler,Left Off Spin,OUTSIDE_OFFSTUMP,GOOD_LENGTH,42,41,2,6.15,20.5,21.0,India
605576,Cameron Valente,pace bowler,Right Medium,ON_THE_STUMPS,GOOD_LENGTH,60,41,2,8.78,20.5,30.0,Australia
1193548,Tim Pringle,spin bowler,Left Off Spin,OUTSIDE_OFFSTUMP,FULL,37,41,2,5.41,20.5,18.5,Netherlands
317252,Sohail Khan,pace bowler,Right Fast,ON_THE_STUMPS,SHORT_OF_A_GOOD_LENGTH,76,41,2,11.12,20.5,38.0,Pakistan
316363,Imran Khan,pace bowler,Right Fast,OUTSIDE_OFFSTUMP,SHORT_OF_A_GOOD_LENGTH,58,41,2,8.49,20.5,29.0,Pakistan
1185538,Mohammad Wasim,pace bowler,Right Fast,ON_THE_STUMPS,FULL_TOSS,87,41,1,12.73,41.0,87.0,Pakistan
457249,Carlos Brathwaite,pace bowler,Right Fast,ON_THE_STUMPS,FULL_TOSS,79,41,4,11.56,10.25,19.75,West Indies
501907,Daryn Dupavillon,pace bowler,Right Fast,ON_THE_STUMPS,FULL,64,41,3,9.37,13.67,21.33,South Africa
960361,Sandeep Lamichhane,spin bowler,Right Wrist Spin,WIDE_OUTSIDE_OFFSTUMP,FULL,75,41,1,10.98,41.0,75.0,Nepal
55346,Graeme Cremer,spin bowler,Right Wrist Spin,ON_THE_STUMPS,FULL,39,41,1,5.71,41.0,39.0,Zimbabwe
300618,Nasir Hossain,spin bowler,Right Off Spin,ON_THE_STUMPS,FULL,53,41,2,7.76,20.5,26.5,Bangladesh
1199304,Jayden Seales,pace bowler,Right Fast,OUTSIDE_OFFSTUMP,GOOD_LENGTH,36,41,3,5.27,13.67,12.0,West Indies
30102,Zaheer Khan,pace bowler,Left Fast,OUTSIDE_OFFSTUMP,SHORT_OF_A_GOOD_LENGTH,48,41,1,7.02,41.0,48.0,India
446810,Nazmul Islam,spin bowler,Left Off Spin,OUTSIDE_OFFSTUMP,SHORT_OF_A_GOOD_LENGTH,48,41,3,7.02,13.67,16.0,Bangladesh
1076852,Liam Bowe,spin bowler,Left Wrist Spin,OUTSIDE_OFFSTUMP,GOOD_LENGTH,53,41,1,7.76,41.0,53.0,Australia
820689,Shamar Springer,pace bowler,Right Fast,OUTSIDE_OFFSTUMP,GOOD_LENGTH,40,41,3,5.85,13.67,13.33,West Indies
1344829,Rizwan Butt,pace bowler,Right Medium,ON_THE_STUMPS,GOOD_LENGTH,54,41,1,7.9,41.0,54.0,Bahrain
51782,Fidel Edwards,pace bowler,Right Fast,OUTSIDE_OFFSTUMP,FULL,65,41,1,9.51,41.0,65.0,West Indies
681801,Shakeel Ahmed,spin bowler,Left Off Spin,ON_THE_STUMPS,GOOD_LENGTH,36,41,3,5.27,13.67,12.0,Oman
698189,Wiaan Mulder,pace bowler,Right Medium,OUTSIDE_OFFSTUMP,SHORT_OF_A_GOOD_LENGTH,54,41,4,7.9,10.25,13.5,South Africa
288284,Josh Hazlewood,pace bowler,Right Fast,ON_THE_STUMPS,SHORT,68,41,6,9.95,6.83,11.33,Australia
977451,Jack Prestwidge,pace bowler,Right Fast,ON_THE_STUMPS,GOOD_LENGTH,43,41,4,6.29,10.25,10.75,Australia
527292,Baltej Singh,pace bowler,Right Medium,OUTSIDE_OFFSTUMP,GOOD_LENGTH,43,41,1,6.29,41.0,43.0,India
451782,James Fuller,pace bowler,Right Fast,OUTSIDE_OFFSTUMP,SHORT,92,41,3,13.46,13.67,30.67,England
450860,Adam Milne,pace bowler,Right Fast,WIDE_OUTSIDE_OFFSTUMP,GOOD_LENGTH,68,41,2,9.95,20.5,34.0,New Zealand
1129638,Ben Lockrose,spin bowler,Left Off Spin,ON_THE_STUMPS,GOOD_LENGTH,49,41,1,7.17,41.0,49.0,New Zealand
928059,Ben White,spin bowler,Right Wrist Spin,ON_THE_STUMPS,FULL,64,41,4,9.37,10.25,16.0,Ireland
1129635,Matthew Fisher,pace bowler,Right Fast,OUTSIDE_OFFSTUMP,GOOD_LENGTH,59,41,4,8.63,10.25,14.75,New Zealand
971349,Nandre Burger,pace bowler,Left Fast,ON_THE_STUMPS,SHORT_OF_A_GOOD_LENGTH,51,41,2,7.46,20.5,25.5,South Africa
932763,Shafiqul Islam,pace bowler,Left Medium,ON_THE_STUMPS,GOOD_LENGTH,64,41,4,9.37,10.25,16.0,Bangladesh
822553,Tushar Deshpande,pace bowler,Right Medium,WIDE_OUTSIDE_OFFSTUMP,FULL,106,41,2,15.51,20.5,53.0,India
698343,Eathan Bosch,pace bowler,Right Fast,ON_THE_STUMPS,SHORT_OF_A_GOOD_LENGTH,51,41,1,7.46,41.0,51.0,South Africa
307808,Rohan Mustafa,spin bowler,Right Off Spin,OUTSIDE_OFFSTUMP,GOOD_LENGTH,39,41,3,5.71,13.67,13.0,United Arab Emirates
927119,Ali Khan,pace bowler,Right Fast,OUTSIDE_OFFSTUMP,YORKER,18,41,1,2.63,41.0,18.0,United States of America
1203995,Shahnawaz Dahani,pace bowler,Right Fast,ON_THE_STUMPS,FULL,68,41,6,9.95,6.83,11.33,Pakistan
625383,Jasprit Bumrah,pace bowler,Right Fast,DOWN_LEG,SHORT,73,41,1,10.68,41.0,73.0,India
1175441,Ravi Bishnoi,spin bowler,Right Wrist Spin,WIDE_OUTSIDE_OFFSTUMP,FULL,91,41,3,13.32,13.67,30.33,India
493773,Lockie Ferguson,pace bowler,Right Fast,OUTSIDE_OFFSTUMP,FULL_TOSS,79,41,3,11.56,13.67,26.33,New Zealand
935995,Afif Hossain,spin bowler,Right Off Spin,ON_THE_STUMPS,FULL,46,41,1,6.73,41.0,46.0,Bangladesh
49758,Lasith Malinga,pace bowler,Right Fast,DOWN_LEG,FULL,92,41,2,13.46,20.5,46.0,Sri Lanka
1088610,Jack Edwards,pace bowler,Right Medium,OUTSIDE_OFFSTUMP,SHORT_OF_A_GOOD_LENGTH,54,41,1,7.9,41.0,54.0,Australia
56125,Shohidul Islam,pace bowler,Right Medium,ON_THE_STUMPS,FULL,56,41,3,8.2,13.67,18.67,Bangladesh
362541,Doug Bracewell,pace bowler,Right Fast,OUTSIDE_OFFSTUMP,SHORT_OF_A_GOOD_LENGTH,51,41,1,7.46,41.0,51.0,New Zealand
328026,Isuru Udana,pace bowler,Left Fast,OUTSIDE_OFFSTUMP,SHORT,81,41,4,11.85,10.25,20.25,Sri Lanka
230371,Ben Cutting,pace bowler,Right Fast,WIDE_OUTSIDE_OFFSTUMP,FULL,73,41,4,10.68,10.25,18.25,Australia
348059,Barry McCarthy,pace bowler,Right Fast,OUTSIDE_OFFSTUMP,SHORT,82,40,1,12.3,40.0,82.0,Ireland
25056,Assad Vala,spin bowler,Right Off Spin,OUTSIDE_OFFSTUMP,GOOD_LENGTH,27,40,2,4.05,20.0,13.5,Papua New Guinea
272477,Jason Behrendorff,pace bowler,Left Fast,ON_THE_STUMPS,SHORT,71,40,6,10.65,6.67,11.83,Australia
550215,Kagiso Rabada,pace bowler,Right Fast,DOWN_LEG,GOOD_LENGTH,69,40,1,10.35,40.0,69.0,South Africa
927119,Ali Khan,pace bowler,Right Fast,WIDE_OUTSIDE_OFFSTUMP,FULL,95,40,3,14.25,13.33,31.67,United States of America
280490,JJ Smuts,spin bowler,Left Off Spin,OUTSIDE_OFFSTUMP,FULL,43,40,1,6.45,40.0,43.0,South Africa
437316,Dasun Shanaka,pace bowler,Right Medium,OUTSIDE_OFFSTUMP,SHORT,78,40,9,11.7,4.44,8.67,Sri Lanka
463668,Jake Lintott,spin bowler,Left Wrist Spin,OUTSIDE_OFFSTUMP,FULL,64,40,3,9.6,13.33,21.33,England
36084,Yuvraj Singh,spin bowler,Left Off Spin,OUTSIDE_OFFSTUMP,GOOD_LENGTH,60,40,1,9.0,40.0,60.0,India
334388,Liam O'Connor,spin bowler,Right Wrist Spin,OUTSIDE_OFFSTUMP,SHORT_OF_A_GOOD_LENGTH,66,40,1,9.9,40.0,66.0,Australia
493773,Lockie Ferguson,pace bowler,Right Fast,DOWN_LEG,SHORT_OF_A_GOOD_LENGTH,60,40,1,9.0,40.0,60.0,New Zealand
527299,Aniket Choudhary,pace bowler,Left Medium,ON_THE_STUMPS,GOOD_LENGTH,49,40,2,7.35,20.0,24.5,India
42657,Shoaib Malik,spin bowler,Right Off Spin,ON_THE_STUMPS,SHORT_OF_A_GOOD_LENGTH,45,40,1,6.75,40.0,45.0,Pakistan
232444,Taurai Muzarabani,pace bowler,Right Fast,OUTSIDE_OFFSTUMP,GOOD_LENGTH,52,40,1,7.8,40.0,52.0,Zimbabwe
232364,Tim Southee,pace bowler,Right Fast,WIDE_OUTSIDE_OFFSTUMP,FULL,91,40,5,13.65,8.0,18.2,New Zealand
714451,Shivam Dube,pace bowler,Right Medium,OUTSIDE_OFFSTUMP,FULL,82,40,3,12.3,13.33,27.33,India
439952,Chris Morris,pace bowler,Right Fast,WIDE_OUTSIDE_OFFSTUMP,FULL,52,40,6,7.8,6.67,8.67,South Africa
1212829,Ali Naseer,pace bowler,Right Medium,ON_THE_STUMPS,GOOD_LENGTH,46,40,3,6.9,13.33,15.33,United Arab Emirates
457279,Olly Stone,pace bowler,Right Fast,OUTSIDE_OFFSTUMP,FULL,59,40,4,8.85,10.0,14.75,England
1130463,Arshad Iqbal,pace bowler,Right Fast,ON_THE_STUMPS,GOOD_LENGTH,52,40,5,7.8,8.0,10.4,Pakistan
219885,Tom Cooper,spin bowler,Right Off Spin,ON_THE_STUMPS,GOOD_LENGTH,44,40,2,6.6,20.0,22.0,Netherlands
422092,Vikum Sanjaya,pace bowler,Right Fast,ON_THE_STUMPS,GOOD_LENGTH,49,40,3,7.35,13.33,16.33,Sri Lanka
1130463,Arshad Iqbal,pace bowler,Right Fast,OUTSIDE_OFFSTUMP,FULL,67,40,4,10.05,10.0,16.75,Pakistan
277955,Dhawal Kulkarni,pace bowler,Right Medium,WIDE_OUTSIDE_OFFSTUMP,GOOD_LENGTH,60,40,3,9.0,13.33,20.0,India
922943,Shadab Khan,spin bowler,Right Wrist Spin,ON_THE_STUMPS,FULL_TOSS,65,40,1,9.75,40.0,65.0,Pakistan
49178,Rangana Herath,spin bowler,Left Off Spin,OUTSIDE_OFFSTUMP,GOOD_LENGTH,38,40,2,5.7,20.0,19.0,Sri Lanka
459508,Andrew Tye,pace bowler,Right Fast,ON_THE_STUMPS,YORKER,21,40,6,3.15,6.67,3.5,Australia
550137,Abu Hider,pace bowler,Left Fast,ON_THE_STUMPS,SHORT_OF_A_GOOD_LENGTH,68,40,1,10.2,40.0,68.0,Bangladesh
222354,Milinda Siriwardana,spin bowler,Left Off Spin,OUTSIDE_OFFSTUMP,GOOD_LENGTH,51,40,1,7.65,40.0,51.0,Sri Lanka
459508,Andrew Tye,pace bowler,Right Fast,WIDE_OUTSIDE_OFFSTUMP,GOOD_LENGTH,37,40,5,5.55,8.0,7.4,Australia
43590,Wahab Riaz,pace bowler,Left Fast,ON_THE_STUMPS,YORKER,26,40,11,3.9,3.64,2.36,Pakistan
44956,Grant Elliott,pace bowler,Right Medium,ON_THE_STUMPS,GOOD_LENGTH,42,40,4,6.3,10.0,10.5,New Zealand
35731,Vinay Kumar,pace bowler,Right Medium,OUTSIDE_OFFSTUMP,SHORT_OF_A_GOOD_LENGTH,73,40,1,10.95,40.0,73.0,India
233514,Thisara Perera,pace bowler,Right Fast,ON_THE_STUMPS,FULL_TOSS,95,40,4,14.25,10.0,23.75,Sri Lanka
1206623,Dilbar Hussain,pace bowler,Right Fast,ON_THE_STUMPS,GOOD_LENGTH,37,40,5,5.55,8.0,7.4,Pakistan
573170,Luke Wood,pace bowler,Left Fast,DOWN_LEG,GOOD_LENGTH,48,40,3,7.2,13.33,16.0,England
495551,Sheldon Cottrell,pace bowler,Left Fast,DOWN_LEG,FULL,57,40,2,8.55,20.0,28.5,West Indies
669855,Jofra Archer,pace bowler,Right Fast,ON_THE_STUMPS,YORKER,27,40,8,4.05,5.0,3.38,England
473191,Richard Gleeson,pace bowler,Right Fast,ON_THE_STUMPS,SHORT_OF_A_GOOD_LENGTH,70,40,4,10.5,10.0,17.5,England
308798,D'Arcy Short,spin bowler,Left Wrist Spin,OUTSIDE_OFFSTUMP,SHORT_OF_A_GOOD_LENGTH,57,40,1,8.55,40.0,57.0,Australia
677081,Keemo Paul,pace bowler,Right Fast,WIDE_OUTSIDE_OFFSTUMP,FULL,89,40,5,13.35,8.0,17.8,West Indies
734459,Abrar Ahmed,spin bowler,Right Wrist Spin,ON_THE_STUMPS,FULL,68,40,1,10.2,40.0,68.0,Pakistan
299572,Sikandar Raza,spin bowler,Right Off Spin,WIDE_OUTSIDE_OFFSTUMP,GOOD_LENGTH,33,40,3,4.95,13.33,11.0,Zimbabwe
475281,Shardul Thakur,pace bowler,Right Medium,ON_THE_STUMPS,FULL_TOSS,93,40,4,13.95,10.0,23.25,India
1283740,Ihsanullah,pace bowler,Right Fast,OUTSIDE_OFFSTUMP,GOOD_LENGTH,39,40,2,5.85,20.0,19.5,Pakistan
31107,Amit Mishra,spin bowler,Right Wrist Spin,DOWN_LEG,FULL,69,40,3,10.35,13.33,23.0,India
310107,Danny Briggs,spin bowler,Left Off Spin,ON_THE_STUMPS,FULL,62,40,2,9.3,20.0,31.0,England
549288,Ferisco Adams,pace bowler,Right Fast,OUTSIDE_OFFSTUMP,SHORT_OF_A_GOOD_LENGTH,57,40,2,8.55,20.0,28.5,South Africa
25913,Mohammad Nabi,spin bowler,Right Off Spin,DOWN_LEG,FULL,84,40,1,12.6,40.0,84.0,Afghanistan
940973,Mohammed Siraj,pace bowler,Right Fast,OUTSIDE_OFFSTUMP,FULL_TOSS,60,40,4,9.0,10.0,15.0,India
6033,Mitchell Johnson,pace bowler,Left Fast,ON_THE_STUMPS,SHORT,64,40,1,9.6,40.0,64.0,Australia
210283,Steven Finn,pace bowler,Right Fast,OUTSIDE_OFFSTUMP,GOOD_LENGTH,39,40,1,5.85,40.0,39.0,England
481896,Mohammed Shami,pace bowler,Right Fast,OUTSIDE_OFFSTUMP,FULL_TOSS,54,40,3,8.1,13.33,18.0,India
276298,Andre Russell,pace bowler,Right Fast,DOWN_LEG,FULL_TOSS,78,40,3,11.7,13.33,26.0,West Indies
414970,Safyaan Sharif,pace bowler,Right Fast,ON_THE_STUMPS,FULL,67,40,2,10.05,20.0,33.5,Scotland
677077,Romario Shepherd,pace bowler,Right Fast,DOWN_LEG,SHORT_OF_A_GOOD_LENGTH,42,39,1,6.46,39.0,42.0,West Indies
46248,Albie Morkel,pace bowler,Right Fast,OUTSIDE_OFFSTUMP,GOOD_LENGTH,56,39,3,8.62,13.0,18.67,South Africa
29264,Harbhajan Singh,spin bowler,Right Off Spin,ON_THE_STUMPS,SHORT_OF_A_GOOD_LENGTH,40,39,1,6.15,39.0,40.0,India
777537,KC Cariappa,spin bowler,Right Wrist Spin,OUTSIDE_OFFSTUMP,GOOD_LENGTH,42,39,2,6.46,19.5,21.0,India
990165,Mukidul Islam,pace bowler,Right Fast,ON_THE_STUMPS,GOOD_LENGTH,61,39,1,9.38,39.0,61.0,Bangladesh
1078693,Joshua Bishop,spin bowler,Left Off Spin,ON_THE_STUMPS,FULL,57,39,2,8.77,19.5,28.5,West Indies
55894,Farhad Reza,pace bowler,Right Fast,ON_THE_STUMPS,FULL,46,39,6,7.08,6.5,7.67,Bangladesh
307808,Rohan Mustafa,spin bowler,Right Off Spin,OUTSIDE_OFFSTUMP,FULL,61,39,2,9.38,19.5,30.5,United Arab Emirates
570854,Jack Wildermuth,pace bowler,Right Fast,ON_THE_STUMPS,FULL,59,39,2,9.08,19.5,29.5,Australia
288305,Shafiul Islam,pace bowler,Right Fast,ON_THE_STUMPS,SHORT_OF_A_GOOD_LENGTH,48,39,3,7.38,13.0,16.0,Bangladesh
381743,Daryl Mitchell,pace bowler,Right Medium,OUTSIDE_OFFSTUMP,FULL,74,39,2,11.38,19.5,37.0,New Zealand
495964,Ryan Burl,spin bowler,Right Wrist Spin,ON_THE_STUMPS,FULL,40,39,1,6.15,39.0,40.0,Zimbabwe
233514,Thisara Perera,pace bowler,Right Fast,DOWN_LEG,SHORT_OF_A_GOOD_LENGTH,44,39,5,6.77,7.8,8.8,Sri Lanka
233514,Thisara Perera,pace bowler,Right Fast,DOWN_LEG,GOOD_LENGTH,47,39,3,7.23,13.0,15.67,Sri Lanka
379145,Tabraiz Shamsi,spin bowler,Left Wrist Spin,WIDE_OUTSIDE_OFFSTUMP,FULL,66,39,3,10.15,13.0,22.0,South Africa
402245,Amir Hamza,spin bowler,Left Off Spin,OUTSIDE_OFFSTUMP,SHORT_OF_A_GOOD_LENGTH,40,39,2,6.15,19.5,20.0,Afghanistan
1072473,Umer Khan,spin bowler,Left Off Spin,OUTSIDE_OFFSTUMP,GOOD_LENGTH,53,39,1,8.15,39.0,53.0,Pakistan
288285,Clive Rose,spin bowler,Left Off Spin,OUTSIDE_OFFSTUMP,FULL,65,39,1,10.0,39.0,65.0,Australia
381329,Beau Webster,mixture/unknown,Mixed,ON_THE_STUMPS,FULL,54,39,1,8.31,39.0,54.0,Australia
777815,Vijaykumar Vyshak,pace bowler,Right Medium,OUTSIDE_OFFSTUMP,SHORT_OF_A_GOOD_LENGTH,31,39,2,4.77,19.5,15.5,India
974175,Fazalhaq Farooqi,pace bowler,Left Fast,OUTSIDE_OFFSTUMP,FULL_TOSS,91,39,2,14.0,19.5,45.5,Afghanistan
1122918,Kartik Tyagi,pace bowler,Right Fast,OUTSIDE_OFFSTUMP,SHORT,72,39,1,11.08,39.0,72.0,India
414990,Jake Ball,pace bowler,Right Fast,ON_THE_STUMPS,GOOD_LENGTH,67,39,5,10.31,7.8,13.4,England
1072472,Muhammad Musa,pace bowler,Right Fast,OUTSIDE_OFFSTUMP,SHORT_OF_A_GOOD_LENGTH,60,39,2,9.23,19.5,30.0,Pakistan
638912,Matthew Kelly,pace bowler,Right Fast,ON_THE_STUMPS,SHORT_OF_A_GOOD_LENGTH,48,39,3,7.38,13.0,16.0,Australia
43265,Sohail Tanvir,pace bowler,Left Fast,WIDE_OUTSIDE_OFFSTUMP,FULL,47,39,4,7.23,9.75,11.75,Pakistan
793441,Aamer Jamal,pace bowler,Right Fast,ON_THE_STUMPS,GOOD_LENGTH,44,39,4,6.77,9.75,11.0,Pakistan
625960,Kyle Jamieson,pace bowler,Right Fast,ON_THE_STUMPS,SHORT_OF_A_GOOD_LENGTH,72,39,2,11.08,19.5,36.0,New Zealand
499594,Kasun Rajitha,pace bowler,Right Fast,OUTSIDE_OFFSTUMP,FULL_TOSS,87,39,2,13.38,19.5,43.5,Sri Lanka
506612,Matt Henry,pace bowler,Right Fast,ON_THE_STUMPS,SHORT_OF_A_GOOD_LENGTH,57,39,4,8.77,9.75,14.25,New Zealand
55894,Farhad Reza,pace bowler,Right Fast,OUTSIDE_OFFSTUMP,FULL,44,39,4,6.77,9.75,11.0,Bangladesh
475281,Shardul Thakur,pace bowler,Right Medium,DOWN_LEG,SHORT,54,39,4,8.31,9.75,13.5,India
772061,Sam Cook,pace bowler,Right Fast,OUTSIDE_OFFSTUMP,SHORT_OF_A_GOOD_LENGTH,66,39,2,10.15,19.5,33.0,England
971349,Nandre Burger,pace bowler,Left Fast,ON_THE_STUMPS,FULL,60,39,1,9.23,39.0,60.0,South Africa
833087,Mahedi Hasan,spin bowler,Right Off Spin,WIDE_OUTSIDE_OFFSTUMP,GOOD_LENGTH,50,39,3,7.69,13.0,16.67,Bangladesh
914541,Sherfane Rutherford,pace bowler,Right Fast,ON_THE_STUMPS,GOOD_LENGTH,40,39,3,6.15,13.0,13.33,West Indies
1131607,Shams Mulani,spin bowler,Left Off Spin,ON_THE_STUMPS,FULL,66,39,2,10.15,19.5,33.0,India
677077,Romario Shepherd,pace bowler,Right Fast,WIDE_OUTSIDE_OFFSTUMP,SHORT_OF_A_GOOD_LENGTH,65,39,3,10.0,13.0,21.67,West Indies
596010,Gerald Coetzee,pace bowler,Right Fast,ON_THE_STUMPS,FULL,49,39,6,7.54,6.5,8.17,South Africa
265564,Wayne Parnell,pace bowler,Left Fast,ON_THE_STUMPS,SHORT,94,39,2,14.46,19.5,47.0,South Africa
391485,Jason Holder,pace bowler,Right Fast,WIDE_OUTSIDE_OFFSTUMP,GOOD_LENGTH,62,39,4,9.54,9.75,15.5,West Indies
319439,Mitchell McClenaghan,pace bowler,Left Fast,DOWN_LEG,FULL,79,39,2,12.15,19.5,39.5,New Zealand
1076722,Will Sutherland,pace bowler,Right Fast,ON_THE_STUMPS,SHORT_OF_A_GOOD_LENGTH,49,39,1,7.54,39.0,49.0,Australia
662973,Sam Curran,pace bowler,Left Fast,OUTSIDE_OFFSTUMP,FULL_TOSS,65,39,1,10.0,39.0,65.0,England
938959,Wessley Madhevere,spin bowler,Right Off Spin,OUTSIDE_OFFSTUMP,GOOD_LENGTH,32,39,3,4.92,13.0,10.67,Zimbabwe
265564,Wayne Parnell,pace bowler,Left Fast,DOWN_LEG,SHORT,108,39,1,16.62,39.0,108.0,South Africa
259551,Junaid Khan,pace bowler,Left Fast,ON_THE_STUMPS,SHORT_OF_A_GOOD_LENGTH,70,39,3,10.77,13.0,23.33,Pakistan
1194795,Matheesha Pathirana,pace bowler,Right Fast,ON_THE_STUMPS,SHORT,66,39,2,10.15,19.5,33.0,Sri Lanka
1163855,Hayden Kerr,pace bowler,Left Fast,DOWN_LEG,SHORT_OF_A_GOOD_LENGTH,53,39,1,8.15,39.0,53.0,Australia
49920,Dilruwan Perera,spin bowler,Right Off Spin,OUTSIDE_OFFSTUMP,GOOD_LENGTH,35,39,2,5.38,19.5,17.5,Sri Lanka
906749,Dominic Drakes,pace bowler,Left Fast,WIDE_OUTSIDE_OFFSTUMP,FULL,84,39,1,12.92,39.0,84.0,West Indies
568136,Fareed Ahmad,pace bowler,Left Fast,ON_THE_STUMPS,GOOD_LENGTH,45,39,1,6.92,39.0,45.0,Afghanistan
1353033,Muhammad Jawadullah,pace bowler,Left Fast,ON_THE_STUMPS,FULL,48,39,1,7.38,39.0,48.0,United Arab Emirates
596417,Brydon Carse,pace bowler,Right Fast,OUTSIDE_OFFSTUMP,GOOD_LENGTH,53,39,1,8.15,39.0,53.0,England
221140,David Wiese,pace bowler,Right Fast,WIDE_OUTSIDE_OFFSTUMP,FULL,65,39,2,10.0,19.5,32.5,Namibia
1192940,Shiraz Khan,spin bowler,Right Wrist Spin,ON_THE_STUMPS,GOOD_LENGTH,19,39,6,2.92,6.5,3.17,Kuwait
31820,Ashish Nehra,pace bowler,Left Fast,DOWN_LEG,GOOD_LENGTH,48,39,2,7.38,19.5,24.0,India
1088610,Jack Edwards,pace bowler,Right Medium,OUTSIDE_OFFSTUMP,GOOD_LENGTH,22,39,2,3.38,19.5,11.0,Australia
232364,Tim Southee,pace bowler,Right Fast,OUTSIDE_OFFSTUMP,FULL_TOSS,67,39,1,10.31,39.0,67.0,New Zealand
959767,Rachin Ravindra,spin bowler,Left Off Spin,ON_THE_STUMPS,FULL,55,39,2,8.46,19.5,27.5,New Zealand
604527,Nitish Rana,spin bowler,Right Off Spin,OUTSIDE_OFFSTUMP,GOOD_LENGTH,51,39,4,7.85,9.75,12.75,India
47850,Roelof van der Merwe,spin bowler,Left Off Spin,OUTSIDE_OFFSTUMP,SHORT_OF_A_GOOD_LENGTH,50,38,2,7.89,19.0,25.0,Netherlands
328026,Isuru Udana,pace bowler,Left Fast,WIDE_OUTSIDE_OFFSTUMP,FULL,92,38,2,14.53,19.0,46.0,Sri Lanka
878465,Mehedi Hasan Rana,pace bowler,Left Fast,DOWN_LEG,SHORT_OF_A_GOOD_LENGTH,65,38,2,10.26,19.0,32.5,Bangladesh
41324,Mohammad Sami,pace bowler,Right Fast,ON_THE_STUMPS,FULL,48,38,6,7.58,6.33,8.0,Pakistan
53118,Dwayne Smith,pace bowler,Right Medium,OUTSIDE_OFFSTUMP,SHORT_OF_A_GOOD_LENGTH,36,38,2,5.68,19.0,18.0,West Indies
333780,Nic Maddinson,spin bowler,Left Off Spin,ON_THE_STUMPS,GOOD_LENGTH,49,38,2,7.74,19.0,24.5,Australia
1152427,Dunith Wellalage,spin bowler,Left Off Spin,OUTSIDE_OFFSTUMP,FULL,45,38,1,7.11,38.0,45.0,Sri Lanka
211748,Benny Howell,pace bowler,Right Medium,ON_THE_STUMPS,SHORT_OF_A_GOOD_LENGTH,47,38,2,7.42,19.0,23.5,England
1065115,Benjamin Manenti,spin bowler,Right Off Spin,OUTSIDE_OFFSTUMP,FULL,45,38,1,7.11,38.0,45.0,Italy
30102,Zaheer Khan,pace bowler,Left Fast,ON_THE_STUMPS,FULL,47,38,5,7.42,7.6,9.4,India
554691,Axar Patel,spin bowler,Left Off Spin,WIDE_OUTSIDE_OFFSTUMP,FULL,72,38,2,11.37,19.0,36.0,India
629080,Binura Fernando,pace bowler,Left Fast,DOWN_LEG,GOOD_LENGTH,39,38,2,6.16,19.0,19.5,Sri Lanka
1039481,Gus Atkinson,pace bowler,Right Fast,OUTSIDE_OFFSTUMP,SHORT_OF_A_GOOD_LENGTH,52,38,4,8.21,9.5,13.0,England
438362,Sandeep Sharma,pace bowler,Right Medium,ON_THE_STUMPS,SHORT,74,38,2,11.68,19.0,37.0,India
51880,Chris Gayle,spin bowler,Right Off Spin,OUTSIDE_OFFSTUMP,FULL,54,38,2,8.53,19.0,27.0,West Indies
299572,Sikandar Raza,spin bowler,Right Off Spin,WIDE_OUTSIDE_OFFSTUMP,FULL,64,38,2,10.11,19.0,32.0,Zimbabwe
549288,Ferisco Adams,pace bowler,Right Fast,ON_THE_STUMPS,GOOD_LENGTH,38,38,4,6.0,9.5,9.5,South Africa
1065662,Roshon Primus,pace bowler,Right Medium,ON_THE_STUMPS,GOOD_LENGTH,34,38,2,5.37,19.0,17.0,West Indies
379927,Beuran Hendricks,pace bowler,Left Fast,OUTSIDE_OFFSTUMP,FULL,48,38,2,7.58,19.0,24.0,South Africa
341593,Devendra Bishoo,spin bowler,Right Wrist Spin,ON_THE_STUMPS,GOOD_LENGTH,56,38,5,8.84,7.6,11.2,West Indies
261354,Nathan Coulter-Nile,pace bowler,Right Fast,WIDE_OUTSIDE_OFFSTUMP,FULL,71,38,3,11.21,12.67,23.67,Australia
789729,Callum Parkinson,spin bowler,Left Off Spin,ON_THE_STUMPS,GOOD_LENGTH,53,38,4,8.37,9.5,13.25,England
990039,Shoriful Islam,pace bowler,Left Fast,DOWN_LEG,SHORT,82,38,3,12.95,12.67,27.33,Bangladesh
1079848,Shivam Mavi,pace bowler,Right Fast,OUTSIDE_OFFSTUMP,SHORT,85,38,1,13.42,38.0,85.0,India
288992,Chris Jordan,pace bowler,Right Fast,DOWN_LEG,SHORT,81,38,4,12.79,9.5,20.25,England
52334,Imran Khan,spin bowler,Right Wrist Spin,OUTSIDE_OFFSTUMP,FULL,30,38,3,4.74,12.67,10.0,West Indies
345825,Chaturanga de Silva,spin bowler,Left Off Spin,ON_THE_STUMPS,FULL,58,38,1,9.16,38.0,58.0,Sri Lanka
585083,Zeeshan Maqsood,spin bowler,Left Off Spin,ON_THE_STUMPS,GOOD_LENGTH,50,38,3,7.89,12.67,16.67,Oman
826915,Nathan Ellis,pace bowler,Right Fast,ON_THE_STUMPS,YORKER,22,38,13,3.47,2.92,1.69,Australia
559235,Kuldeep Yadav,spin bowler,Left Wrist Spin,WIDE_OUTSIDE_OFFSTUMP,FULL,60,38,6,9.47,6.33,10.0,India
431910,Nicholson Gordon,pace bowler,Right Fast,OUTSIDE_OFFSTUMP,SHORT_OF_A_GOOD_LENGTH,34,38,1,5.37,38.0,34.0,West Indies
391485,Jason Holder,pace bowler,Right Fast,WIDE_OUTSIDE_OFFSTUMP,FULL_TOSS,82,38,1,12.95,38.0,82.0,West Indies
232491,Anwar Ali,pace bowler,Right Fast,ON_THE_STUMPS,FULL,60,38,1,9.47,38.0,60.0,Pakistan
510530,Jamie Overton,pace bowler,Right Fast,ON_THE_STUMPS,GOOD_LENGTH,46,38,5,7.26,7.6,9.2,England
43265,Sohail Tanvir,pace bowler,Left Fast,WIDE_OUTSIDE_OFFSTUMP,GOOD_LENGTH,46,38,4,7.26,9.5,11.5,Pakistan
722303,Matt Renshaw,spin bowler,Right Off Spin,OUTSIDE_OFFSTUMP,GOOD_LENGTH,50,38,1,7.89,38.0,50.0,Australia
1192940,Shiraz Khan,spin bowler,Right Wrist Spin,OUTSIDE_OFFSTUMP,GOOD_LENGTH,32,38,2,5.05,19.0,16.0,Kuwait
793007,Dilshan Madushanka,pace bowler,Left Fast,ON_THE_STUMPS,FULL,92,38,1,14.53,38.0,92.0,Sri Lanka
1246528,Umran Malik,pace bowler,Right Fast,ON_THE_STUMPS,SHORT_OF_A_GOOD_LENGTH,42,38,3,6.63,12.67,14.0,India
679567,Ben Dwarshuis,pace bowler,Left Fast,DOWN_LEG,SHORT,102,38,3,16.11,12.67,34.0,Australia
942367,Mayank Dagar,spin bowler,Left Off Spin,ON_THE_STUMPS,FULL,63,38,2,9.95,19.0,31.5,India
381329,Beau Webster,mixture/unknown,Mixed,OUTSIDE_OFFSTUMP,FULL,44,38,3,6.95,12.67,14.67,Australia
7069,Steve O'Keefe,spin bowler,Left Off Spin,WIDE_OUTSIDE_OFFSTUMP,FULL,29,38,1,4.58,38.0,29.0,Australia
1203669,Akif Javed,pace bowler,Left Fast,ON_THE_STUMPS,FULL,58,38,1,9.16,38.0,58.0,Pakistan
318339,Samiullah Shinwari,spin bowler,Right Wrist Spin,ON_THE_STUMPS,GOOD_LENGTH,38,38,2,6.0,19.0,19.0,Afghanistan
917159,Prasidh Krishna,pace bowler,Right Fast,ON_THE_STUMPS,SHORT,78,38,5,12.32,7.6,15.6,India
414966,Michael Leask,spin bowler,Right Off Spin,OUTSIDE_OFFSTUMP,FULL,73,37,2,11.84,18.5,36.5,Scotland
46750,Robin Peterson,spin bowler,Left Off Spin,OUTSIDE_OFFSTUMP,GOOD_LENGTH,40,37,7,6.49,5.29,5.71,South Africa
1079434,Riyan Parag,spin bowler,Right Wrist Spin,ON_THE_STUMPS,FULL,56,37,1,9.08,37.0,56.0,India
538506,Taskin Ahmed,pace bowler,Right Fast,DOWN_LEG,SHORT_OF_A_GOOD_LENGTH,36,37,1,5.84,37.0,36.0,Bangladesh
1048739,Sai Kishore,spin bowler,Left Off Spin,ON_THE_STUMPS,GOOD_LENGTH,32,37,2,5.19,18.5,16.0,India
489889,Pat Cummins,pace bowler,Right Fast,WIDE_OUTSIDE_OFFSTUMP,SHORT_OF_A_GOOD_LENGTH,53,37,2,8.59,18.5,26.5,Australia
235519,Tendai Chisoro,mixture/unknown,Mixed,ON_THE_STUMPS,FULL,60,37,1,9.73,37.0,60.0,Zimbabwe
873199,Chris Greaves,spin bowler,Right Wrist Spin,OUTSIDE_OFFSTUMP,FULL,56,37,2,9.08,18.5,28.0,Scotland
960361,Sandeep Lamichhane,spin bowler,Right Wrist Spin,DOWN_LEG,FULL,49,37,2,7.95,18.5,24.5,Nepal
46750,Robin Peterson,spin bowler,Left Off Spin,ON_THE_STUMPS,GOOD_LENGTH,58,37,1,9.41,37.0,58.0,South Africa
55894,Farhad Reza,pace bowler,Right Fast,ON_THE_STUMPS,GOOD_LENGTH,44,37,5,7.14,7.4,8.8,Bangladesh
362201,Lewis Gregory,pace bowler,Right Fast,ON_THE_STUMPS,FULL,61,37,3,9.89,12.33,20.33,England
990039,Shoriful Islam,pace bowler,Left Fast,WIDE_OUTSIDE_OFFSTUMP,FULL,77,37,5,12.49,7.4,15.4,Bangladesh
1058987,Karthik Meiyappan,spin bowler,Right Wrist Spin,OUTSIDE_OFFSTUMP,FULL,37,37,4,6.0,9.25,9.25,United Arab Emirates
533561,Waqas Maqsood,pace bowler,Left Fast,ON_THE_STUMPS,SHORT_OF_A_GOOD_LENGTH,58,37,6,9.41,6.17,9.67,Pakistan
1263691,Rehan Ahmed,spin bowler,Right Wrist Spin,OUTSIDE_OFFSTUMP,FULL,53,37,3,8.59,12.33,17.67,England
495551,Sheldon Cottrell,pace bowler,Left Fast,DOWN_LEG,GOOD_LENGTH,89,37,2,14.43,18.5,44.5,West Indies
272279,Nathan Lyon,spin bowler,Right Off Spin,OUTSIDE_OFFSTUMP,SHORT_OF_A_GOOD_LENGTH,37,37,1,6.0,37.0,37.0,Australia
236779,Ishant Sharma,pace bowler,Right Fast,OUTSIDE_OFFSTUMP,SHORT,89,37,2,14.43,18.5,44.5,India
807535,Brad Wheal,pace bowler,Right Fast,OUTSIDE_OFFSTUMP,FULL,65,37,2,10.54,18.5,32.5,Scotland
55870,Sean Williams,spin bowler,Left Off Spin,ON_THE_STUMPS,SHORT_OF_A_GOOD_LENGTH,49,37,1,7.95,37.0,49.0,Zimbabwe
550137,Abu Hider,pace bowler,Left Fast,ON_THE_STUMPS,FULL,46,37,2,7.46,18.5,23.0,Bangladesh
625371,Hardik Pandya,pace bowler,Right Fast,WIDE_OUTSIDE_OFFSTUMP,SHORT_OF_A_GOOD_LENGTH,51,37,5,8.27,7.4,10.2,India
1152427,Dunith Wellalage,spin bowler,Left Off Spin,ON_THE_STUMPS,FULL,33,37,1,5.35,37.0,33.0,Sri Lanka
960361,Sandeep Lamichhane,spin bowler,Right Wrist Spin,DOWN_LEG,GOOD_LENGTH,38,37,1,6.16,37.0,38.0,Nepal
1158088,Naseem Shah,pace bowler,Right Fast,OUTSIDE_OFFSTUMP,FULL_TOSS,78,37,1,12.65,37.0,78.0,Pakistan
959833,Wes Agar,pace bowler,Right Fast,OUTSIDE_OFFSTUMP,SHORT,68,37,6,11.03,6.17,11.33,Australia
1333415,Usman Tariq,spin bowler,Right Off Spin,OUTSIDE_OFFSTUMP,GOOD_LENGTH,28,37,1,4.54,37.0,28.0,
1132005,Mohsin Khan,pace bowler,Left Fast,OUTSIDE_OFFSTUMP,FULL,53,37,2,8.59,18.5,26.5,India
826915,Nathan Ellis,pace bowler,Right Fast,OUTSIDE_OFFSTUMP,FULL_TOSS,65,37,2,10.54,18.5,32.5,Australia
385065,Asif Afridi,spin bowler,Left Off Spin,ON_THE_STUMPS,GOOD_LENGTH,45,37,2,7.3,18.5,22.5,Pakistan
526021,Cole McConchie,spin bowler,Right Off Spin,OUTSIDE_OFFSTUMP,FULL,42,37,3,6.81,12.33,14.0,New Zealand
777537,KC Cariappa,spin bowler,Right Wrist Spin,ON_THE_STUMPS,FULL,59,37,1,9.57,37.0,59.0,India
1246528,Umran Malik,pace bowler,Right Fast,ON_THE_STUMPS,FULL,53,37,2,8.59,18.5,26.5,India
959767,Rachin Ravindra,spin bowler,Left Off Spin,OUTSIDE_OFFSTUMP,FULL,45,37,3,7.3,12.33,15.0,New Zealand
326016,Bhuvneshwar Kumar,pace bowler,Right Medium,DOWN_LEG,YORKER,40,37,1,6.49,37.0,40.0,India
591650,Ankit Rajpoot,pace bowler,Right Medium,OUTSIDE_OFFSTUMP,FULL,66,37,1,10.7,37.0,66.0,India
393279,Marchant de Lange,pace bowler,Right Fast,OUTSIDE_OFFSTUMP,FULL,52,37,1,8.43,37.0,52.0,South Africa
232364,Tim Southee,pace bowler,Right Fast,DOWN_LEG,GOOD_LENGTH,47,37,4,7.62,9.25,11.75,New Zealand
766809,Jordan Thompson,pace bowler,Right Fast,ON_THE_STUMPS,FULL,72,37,2,11.68,18.5,36.0,England
1078697,Jeavor Royal,spin bowler,Left Off Spin,OUTSIDE_OFFSTUMP,FULL,51,37,3,8.27,12.33,17.0,West Indies
461632,Reece Topley,pace bowler,Left Fast,OUTSIDE_OFFSTUMP,SHORT,84,37,3,13.62,12.33,28.0,England
303427,Paul Stirling,spin bowler,Right Off Spin,ON_THE_STUMPS,GOOD_LENGTH,27,37,1,4.38,37.0,27.0,Ireland
1076721,Lloyd Pope,spin bowler,Right Wrist Spin,ON_THE_STUMPS,SHORT_OF_A_GOOD_LENGTH,56,37,3,9.08,12.33,18.67,Australia
971349,Nandre Burger,pace bowler,Left Fast,OUTSIDE_OFFSTUMP,FULL,51,37,6,8.27,6.17,8.5,South Africa
269332,Muktar Ali,pace bowler,Right Fast,OUTSIDE_OFFSTUMP,FULL,66,37,1,10.7,37.0,66.0,Bangladesh
348154,Zafar Gohar,spin bowler,Left Off Spin,OUTSIDE_OFFSTUMP,GOOD_LENGTH,48,37,1,7.78,37.0,48.0,Pakistan
436749,Fayyaz Butt,pace bowler,Right Fast,ON_THE_STUMPS,GOOD_LENGTH,34,37,3,5.51,12.33,11.33,Oman
376169,Michael Neser,pace bowler,Right Fast,ON_THE_STUMPS,FULL_TOSS,59,37,6,9.57,6.17,9.83,Australia
1122918,Kartik Tyagi,pace bowler,Right Fast,ON_THE_STUMPS,SHORT_OF_A_GOOD_LENGTH,49,37,2,7.95,18.5,24.5,India
348109,Paul van Meekeren,pace bowler,Right Fast,OUTSIDE_OFFSTUMP,SHORT,57,37,5,9.24,7.4,11.4,Netherlands
399259,Alasdair Evans,pace bowler,Right Fast,OUTSIDE_OFFSTUMP,SHORT_OF_A_GOOD_LENGTH,58,37,3,9.41,12.33,19.33,Scotland
457249,Carlos Brathwaite,pace bowler,Right Fast,DOWN_LEG,SHORT_OF_A_GOOD_LENGTH,66,37,2,10.7,18.5,33.0,West Indies
1193685,Todd Murphy,spin bowler,Right Off Spin,OUTSIDE_OFFSTUMP,FULL,74,37,2,12.0,18.5,37.0,Australia
221140,David Wiese,pace bowler,Right Fast,DOWN_LEG,GOOD_LENGTH,51,37,2,8.27,18.5,25.5,Namibia
378496,Parvez Rasool,spin bowler,Right Off Spin,ON_THE_STUMPS,GOOD_LENGTH,51,37,1,8.27,37.0,51.0,India
1143529,Imran Anwar,pace bowler,Left Medium,ON_THE_STUMPS,GOOD_LENGTH,39,37,4,6.32,9.25,9.75,Bahrain
1182529,Noor Ahmad,spin bowler,Left Wrist Spin,WIDE_OUTSIDE_OFFSTUMP,GOOD_LENGTH,20,37,3,3.24,12.33,6.67,Afghanistan
398666,Sean Abbott,pace bowler,Right Fast,WIDE_OUTSIDE_OFFSTUMP,FULL,63,37,1,10.22,37.0,63.0,Australia
1150772,Tom Hartley,spin bowler,Left Off Spin,OUTSIDE_OFFSTUMP,SHORT_OF_A_GOOD_LENGTH,55,37,3,8.92,12.33,18.33,England
43265,Sohail Tanvir,pace bowler,Left Fast,DOWN_LEG,FULL,60,37,1,9.73,37.0,60.0,Pakistan
1209110,Basil Hameed,spin bowler,Right Off Spin,OUTSIDE_OFFSTUMP,FULL,39,37,4,6.32,9.25,9.75,United Arab Emirates
1182529,Noor Ahmad,spin bowler,Left Wrist Spin,WIDE_OUTSIDE_OFFSTUMP,FULL,69,37,1,11.19,37.0,69.0,Afghanistan
848623,Mark Deyal,spin bowler,Right Off Spin,OUTSIDE_OFFSTUMP,SHORT_OF_A_GOOD_LENGTH,65,37,1,10.54,37.0,65.0,West Indies
459257,Tymal Mills,pace bowler,Left Fast,DOWN_LEG,GOOD_LENGTH,58,37,3,9.41,12.33,19.33,England
1397989,Bukhar Illikkal,spin bowler,Left Off Spin,OUTSIDE_OFFSTUMP,GOOD_LENGTH,31,37,1,5.03,37.0,31.0,Qatar
926851,Mukesh Kumar,pace bowler,Right Medium,ON_THE_STUMPS,YORKER,27,36,2,4.5,18.0,13.5,India
519070,Gerhard Erasmus,spin bowler,Right Off Spin,OUTSIDE_OFFSTUMP,GOOD_LENGTH,33,36,2,5.5,18.0,16.5,Namibia
931603,Brendan Doggett,pace bowler,Right Fast,OUTSIDE_OFFSTUMP,SHORT,63,36,3,10.5,12.0,21.0,Australia
307817,Adnan Idrees,spin bowler,Right Wrist Spin,OUTSIDE_OFFSTUMP,GOOD_LENGTH,40,36,1,6.67,36.0,40.0,Kuwait
493773,Lockie Ferguson,pace bowler,Right Fast,ON_THE_STUMPS,FULL_TOSS,52,36,5,8.67,7.2,10.4,New Zealand
325012,Marcus Stoinis,pace bowler,Right Medium,WIDE_OUTSIDE_OFFSTUMP,FULL,70,36,4,11.67,9.0,17.5,Australia
1284534,Muhammad Murad,pace bowler,Left Fast,OUTSIDE_OFFSTUMP,GOOD_LENGTH,36,36,2,6.0,18.0,18.0,Qatar
670013,Fabian Allen,spin bowler,Left Off Spin,WIDE_OUTSIDE_OFFSTUMP,GOOD_LENGTH,41,36,1,6.83,36.0,41.0,West Indies
926851,Mukesh Kumar,pace bowler,Right Medium,ON_THE_STUMPS,GOOD_LENGTH,53,36,2,8.83,18.0,26.5,India
390484,Jaydev Unadkat,pace bowler,Left Medium,WIDE_OUTSIDE_OFFSTUMP,SHORT_OF_A_GOOD_LENGTH,43,36,3,7.17,12.0,14.33,India
51782,Fidel Edwards,pace bowler,Right Fast,ON_THE_STUMPS,FULL,53,36,1,8.83,36.0,53.0,West Indies
272279,Nathan Lyon,spin bowler,Right Off Spin,OUTSIDE_OFFSTUMP,FULL,58,36,1,9.67,36.0,58.0,Australia
410768,Alauddin Babu,pace bowler,Right Fast,OUTSIDE_OFFSTUMP,GOOD_LENGTH,39,36,5,6.5,7.2,7.8,Bangladesh
410763,Abu Jayed,pace bowler,Right Fast,OUTSIDE_OFFSTUMP,SHORT_OF_A_GOOD_LENGTH,36,36,4,6.0,9.0,9.0,Bangladesh
1158088,Naseem Shah,pace bowler,Right Fast,WIDE_OUTSIDE_OFFSTUMP,GOOD_LENGTH,60,36,1,10.0,36.0,60.0,Pakistan
240609,Fawad Ahmed,spin bowler,Right Wrist Spin,WIDE_OUTSIDE_OFFSTUMP,FULL,59,36,4,9.83,9.0,14.75,Australia
742489,Neil Brand,spin bowler,Left Off Spin,OUTSIDE_OFFSTUMP,GOOD_LENGTH,23,36,3,3.83,12.0,7.67,South Africa
240609,Fawad Ahmed,spin bowler,Right Wrist Spin,WIDE_OUTSIDE_OFFSTUMP,GOOD_LENGTH,63,36,2,10.5,18.0,31.5,Australia
595419,Brandon Glover,pace bowler,Right Fast,OUTSIDE_OFFSTUMP,GOOD_LENGTH,39,36,5,6.5,7.2,7.8,Netherlands
1076392,Mehran Mumtaz,spin bowler,Left Off Spin,ON_THE_STUMPS,GOOD_LENGTH,35,36,2,5.83,18.0,17.5,Pakistan
326017,Siddarth Kaul,pace bowler,Right Medium,OUTSIDE_OFFSTUMP,FULL_TOSS,74,36,1,12.33,36.0,74.0,India
659081,Mark Watt,spin bowler,Left Off Spin,OUTSIDE_OFFSTUMP,SHORT_OF_A_GOOD_LENGTH,34,36,1,5.67,36.0,34.0,Scotland
538506,Taskin Ahmed,pace bowler,Right Fast,WIDE_OUTSIDE_OFFSTUMP,FULL,66,36,2,11.0,18.0,33.0,Bangladesh
538506,Taskin Ahmed,pace bowler,Right Fast,WIDE_OUTSIDE_OFFSTUMP,GOOD_LENGTH,52,36,5,8.67,7.2,10.4,Bangladesh
772061,Sam Cook,pace bowler,Right Fast,OUTSIDE_OFFSTUMP,FULL,76,36,1,12.67,36.0,76.0,England
914171,Qais Ahmad,spin bowler,Right Wrist Spin,DOWN_LEG,FULL,64,36,1,10.67,36.0,64.0,Afghanistan
1048739,Sai Kishore,spin bowler,Left Off Spin,OUTSIDE_OFFSTUMP,GOOD_LENGTH,32,36,3,5.33,12.0,10.67,India
1209292,Vaibhav Arora,pace bowler,Right Fast,ON_THE_STUMPS,FULL,66,36,2,11.0,18.0,33.0,India
390481,Harshal Patel,pace bowler,Right Medium,DOWN_LEG,GOOD_LENGTH,55,36,1,9.17,36.0,55.0,India
326016,Bhuvneshwar Kumar,pace bowler,Right Medium,DOWN_LEG,FULL,73,36,2,12.17,18.0,36.5,India
1123787,Robiul Haque,pace bowler,Right Fast,OUTSIDE_OFFSTUMP,SHORT_OF_A_GOOD_LENGTH,49,36,2,8.17,18.0,24.5,Bangladesh
1193548,Tim Pringle,spin bowler,Left Off Spin,ON_THE_STUMPS,FULL,54,36,2,9.0,18.0,27.0,Netherlands
499594,Kasun Rajitha,pace bowler,Right Fast,WIDE_OUTSIDE_OFFSTUMP,FULL,72,36,1,12.0,36.0,72.0,Sri Lanka
221140,David Wiese,pace bowler,Right Fast,OUTSIDE_OFFSTUMP,FULL_TOSS,73,36,1,12.17,36.0,73.0,Namibia
459508,Andrew Tye,pace bowler,Right Fast,DOWN_LEG,SHORT,77,36,5,12.83,7.2,15.4,Australia
226493,Hamish Bennett,pace bowler,Right Fast,ON_THE_STUMPS,SHORT_OF_A_GOOD_LENGTH,50,36,1,8.33,36.0,50.0,New Zealand
932355,Ebadot Hossain,pace bowler,Right Fast,OUTSIDE_OFFSTUMP,SHORT,62,36,2,10.33,18.0,31.0,Bangladesh
946365,Caleb Seleka,spin bowler,Right Wrist Spin,ON_THE_STUMPS,GOOD_LENGTH,37,36,3,6.17,12.0,12.33,South Africa
552152,Dushmantha Chameera,pace bowler,Right Fast,DOWN_LEG,SHORT_OF_A_GOOD_LENGTH,58,36,1,9.67,36.0,58.0,Sri Lanka
1065115,Benjamin Manenti,spin bowler,Right Off Spin,OUTSIDE_OFFSTUMP,SHORT_OF_A_GOOD_LENGTH,41,36,1,6.83,36.0,41.0,Italy
46942,Aaron Phangiso,spin bowler,Left Off Spin,OUTSIDE_OFFSTUMP,FULL,37,36,1,6.17,36.0,37.0,South Africa
1131754,Chetan Sakariya,pace bowler,Left Fast,ON_THE_STUMPS,SHORT_OF_A_GOOD_LENGTH,47,36,1,7.83,36.0,47.0,India
722303,Matt Renshaw,spin bowler,Right Off Spin,ON_THE_STUMPS,FULL,43,36,2,7.17,18.0,21.5,Australia
288992,Chris Jordan,pace bowler,Right Fast,WIDE_OUTSIDE_OFFSTUMP,YORKER,30,36,2,5.0,18.0,15.0,England
550235,Tom Curran,pace bowler,Right Fast,WIDE_OUTSIDE_OFFSTUMP,FULL,68,36,5,11.33,7.2,13.6,England
446548,Scott Boland,pace bowler,Right Fast,ON_THE_STUMPS,FULL,72,36,1,12.0,36.0,72.0,Australia
360911,Varun Aaron,pace bowler,Right Fast,OUTSIDE_OFFSTUMP,SHORT,77,36,1,12.83,36.0,77.0,India
1070183,Abhishek Sharma,spin bowler,Left Off Spin,OUTSIDE_OFFSTUMP,SHORT_OF_A_GOOD_LENGTH,48,36,1,8.0,36.0,48.0,India
1217274,Sathaiya Veerapathiran,pace bowler,Right Medium,OUTSIDE_OFFSTUMP,GOOD_LENGTH,33,36,3,5.5,12.0,11.0,Bahrain
477021,Vijay Shankar,pace bowler,Right Medium,OUTSIDE_OFFSTUMP,FULL,47,36,2,7.83,18.0,23.5,India
927619,Khaled Ahmed,pace bowler,Right Medium,OUTSIDE_OFFSTUMP,SHORT,73,36,2,12.17,18.0,36.5,Bangladesh
681305,Hasan Ali,pace bowler,Right Fast,WIDE_OUTSIDE_OFFSTUMP,GOOD_LENGTH,49,36,3,8.17,12.0,16.33,Pakistan
1168641,Harpreet Brar,spin bowler,Left Off Spin,ON_THE_STUMPS,SHORT_OF_A_GOOD_LENGTH,56,36,1,9.33,36.0,56.0,India
643433,George Garton,pace bowler,Left Fast,OUTSIDE_OFFSTUMP,FULL,57,36,2,9.5,18.0,28.5,England
348109,Paul van Meekeren,pace bowler,Right Fast,ON_THE_STUMPS,FULL,52,36,4,8.67,9.0,13.0,Netherlands
787073,Chris Green,spin bowler,Right Off Spin,WIDE_OUTSIDE_OFFSTUMP,GOOD_LENGTH,29,36,4,4.83,9.0,7.25,Australia
909225,Paul Walter,pace bowler,Left Medium,ON_THE_STUMPS,FULL,58,36,2,9.67,18.0,29.0,England
433614,Zahid Mahmood,spin bowler,Right Wrist Spin,ON_THE_STUMPS,FULL,55,36,4,9.17,9.0,13.75,Pakistan
376116,Umesh Yadav,pace bowler,Right Fast,WIDE_OUTSIDE_OFFSTUMP,FULL,97,36,2,16.17,18.0,48.5,India
212756,Sachith Pathirana,spin bowler,Left Off Spin,ON_THE_STUMPS,GOOD_LENGTH,48,36,2,8.0,18.0,24.0,Sri Lanka
461632,Reece Topley,pace bowler,Left Fast,DOWN_LEG,FULL,59,36,1,9.83,36.0,59.0,England
553800,Chris Tremain,pace bowler,Right Fast,ON_THE_STUMPS,FULL,51,36,1,8.5,36.0,51.0,Australia
29264,Harbhajan Singh,spin bowler,Right Off Spin,WIDE_OUTSIDE_OFFSTUMP,SHORT_OF_A_GOOD_LENGTH,56,36,2,9.33,18.0,28.0,India
595954,Duan Jansen,pace bowler,Left Fast,ON_THE_STUMPS,SHORT_OF_A_GOOD_LENGTH,35,36,2,5.83,18.0,17.5,South Africa
974175,Fazalhaq Farooqi,pace bowler,Left Fast,WIDE_OUTSIDE_OFFSTUMP,FULL,65,36,2,10.83,18.0,32.5,Afghanistan
1125976,Arshdeep Singh,pace bowler,Left Fast,DOWN_LEG,SHORT,72,36,4,12.0,9.0,18.0,India
1131607,Shams Mulani,spin bowler,Left Off Spin,OUTSIDE_OFFSTUMP,GOOD_LENGTH,36,36,2,6.0,18.0,18.0,India
1150772,Tom Hartley,spin bowler,Left Off Spin,ON_THE_STUMPS,FULL,34,36,2,5.67,18.0,17.0,England
573170,Luke Wood,pace bowler,Left Fast,WIDE_OUTSIDE_OFFSTUMP,FULL,66,36,1,11.0,36.0,66.0,England
914467,Anderson Phillip,pace bowler,Right Fast,OUTSIDE_OFFSTUMP,GOOD_LENGTH,39,36,1,6.5,36.0,39.0,West Indies
826901,Daniel Sams,pace bowler,Left Fast,WIDE_OUTSIDE_OFFSTUMP,GOOD_LENGTH,69,36,2,11.5,18.0,34.5,Australia
1241253,Zuhaib Zubair,spin bowler,Right Wrist Spin,OUTSIDE_OFFSTUMP,FULL,43,36,2,7.17,18.0,21.5,
272450,Mitchell Marsh,pace bowler,Right Medium,ON_THE_STUMPS,SHORT,54,36,5,9.0,7.2,10.8,Australia
1163695,Kuldeep Sen,pace bowler,Right Fast,OUTSIDE_OFFSTUMP,GOOD_LENGTH,48,36,2,8.0,18.0,24.0,India
709675,James Bazley,pace bowler,Right Medium,ON_THE_STUMPS,GOOD_LENGTH,38,36,3,6.33,12.0,12.67,Australia
574287,Chad Soper,pace bowler,Right Fast,OUTSIDE_OFFSTUMP,GOOD_LENGTH,37,36,3,6.17,12.0,12.33,Papua New Guinea
679567,Ben Dwarshuis,pace bowler,Left Fast,OUTSIDE_OFFSTUMP,FULL_TOSS,86,36,2,14.33,18.0,43.0,Australia
550215,Kagiso Rabada,pace bowler,Right Fast,WIDE_OUTSIDE_OFFSTUMP,GOOD_LENGTH,58,36,2,9.67,18.0,29.0,South Africa
914567,Oshane Thomas,pace bowler,Right Fast,DOWN_LEG,SHORT_OF_A_GOOD_LENGTH,54,36,3,9.0,12.0,18.0,West Indies
31872,Shahbaz Nadeem,spin bowler,Left Off Spin,ON_THE_STUMPS,SHORT_OF_A_GOOD_LENGTH,48,36,1,8.0,36.0,48.0,India
535393,Senuran Muthusamy,spin bowler,Left Off Spin,ON_THE_STUMPS,FULL,55,35,1,9.43,35.0,55.0,South Africa
25913,Mohammad Nabi,spin bowler,Right Off Spin,WIDE_OUTSIDE_OFFSTUMP,SHORT_OF_A_GOOD_LENGTH,57,35,1,9.77,35.0,57.0,Afghanistan
493773,Lockie Ferguson,pace bowler,Right Fast,OUTSIDE_OFFSTUMP,YORKER,20,35,1,3.43,35.0,20.0,New Zealand
734459,Abrar Ahmed,spin bowler,Right Wrist Spin,OUTSIDE_OFFSTUMP,FULL,55,35,4,9.43,8.75,13.75,Pakistan
559235,Kuldeep Yadav,spin bowler,Left Wrist Spin,WIDE_OUTSIDE_OFFSTUMP,GOOD_LENGTH,33,35,2,5.66,17.5,16.5,India
245166,Mudassar Bukhari,pace bowler,Right Fast,OUTSIDE_OFFSTUMP,GOOD_LENGTH,38,35,4,6.51,8.75,9.5,Netherlands
552152,Dushmantha Chameera,pace bowler,Right Fast,WIDE_OUTSIDE_OFFSTUMP,SHORT_OF_A_GOOD_LENGTH,45,35,3,7.71,11.67,15.0,Sri Lanka
539548,Scott Kuggeleijn,pace bowler,Right Fast,DOWN_LEG,SHORT_OF_A_GOOD_LENGTH,46,35,3,7.89,11.67,15.33,New Zealand
56007,Mashrafe Mortaza,pace bowler,Right Fast,OUTSIDE_OFFSTUMP,SHORT,95,35,3,16.29,11.67,31.67,Bangladesh
326625,Cameron Boyce,spin bowler,Right Wrist Spin,WIDE_OUTSIDE_OFFSTUMP,FULL,45,35,2,7.71,17.5,22.5,Australia
516561,Dawlat Zadran,pace bowler,Right Fast,OUTSIDE_OFFSTUMP,SHORT_OF_A_GOOD_LENGTH,36,35,7,6.17,5.0,5.14,Afghanistan
974175,Fazalhaq Farooqi,pace bowler,Left Fast,DOWN_LEG,GOOD_LENGTH,51,35,1,8.74,35.0,51.0,Afghanistan
440520,Bevan Small,pace bowler,Right Fast,OUTSIDE_OFFSTUMP,SHORT_OF_A_GOOD_LENGTH,57,35,6,9.77,5.83,9.5,New Zealand
802575,T Natarajan,pace bowler,Left Medium,DOWN_LEG,SHORT_OF_A_GOOD_LENGTH,36,35,2,6.17,17.5,18.0,India
1284541,Zain Ul Abidin,spin bowler,Left Off Spin,ON_THE_STUMPS,GOOD_LENGTH,30,35,2,5.14,17.5,15.0,Saudi Arabia
528067,Murugan Ashwin,spin bowler,Right Wrist Spin,DOWN_LEG,GOOD_LENGTH,48,35,3,8.23,11.67,16.0,India
380956,Michael Rippon,spin bowler,Left Wrist Spin,ON_THE_STUMPS,FULL,47,35,1,8.06,35.0,47.0,New Zealand
12454,Joe Denly,spin bowler,Right Wrist Spin,OUTSIDE_OFFSTUMP,GOOD_LENGTH,31,35,2,5.31,17.5,15.5,England
288992,Chris Jordan,pace bowler,Right Fast,DOWN_LEG,YORKER,25,35,3,4.29,11.67,8.33,England
437438,Prenelan Subrayen,spin bowler,Right Off Spin,ON_THE_STUMPS,FULL,35,35,3,6.0,11.67,11.67,South Africa
932665,Tanvir Islam,spin bowler,Left Off Spin,WIDE_OUTSIDE_OFFSTUMP,GOOD_LENGTH,42,35,3,7.2,11.67,14.0,Bangladesh
32498,Yusuf Pathan,spin bowler,Right Off Spin,OUTSIDE_OFFSTUMP,GOOD_LENGTH,57,35,2,9.77,17.5,28.5,India
793463,Rashid Khan,spin bowler,Right Wrist Spin,ON_THE_STUMPS,SHORT,83,35,3,14.23,11.67,27.67,Afghanistan
280490,JJ Smuts,spin bowler,Left Off Spin,OUTSIDE_OFFSTUMP,SHORT_OF_A_GOOD_LENGTH,40,35,1,6.86,35.0,40.0,South Africa
51784,Rayad Emrit,pace bowler,Right Fast,WIDE_OUTSIDE_OFFSTUMP,FULL,67,35,2,11.49,17.5,33.5,West Indies
272385,Josh Lalor,pace bowler,Left Fast,WIDE_OUTSIDE_OFFSTUMP,FULL,81,35,2,13.89,17.5,40.5,Australia
1276980,Ripon Mondol,pace bowler,Right Medium,OUTSIDE_OFFSTUMP,GOOD_LENGTH,26,35,1,4.46,35.0,26.0,Bangladesh
802575,T Natarajan,pace bowler,Left Medium,OUTSIDE_OFFSTUMP,SHORT,69,35,3,11.83,11.67,23.0,India
510530,Jamie Overton,pace bowler,Right Fast,ON_THE_STUMPS,SHORT_OF_A_GOOD_LENGTH,58,35,2,9.94,17.5,29.0,England
31820,Ashish Nehra,pace bowler,Left Fast,DOWN_LEG,SHORT,65,35,7,11.14,5.0,9.29,India
826901,Daniel Sams,pace bowler,Left Fast,ON_THE_STUMPS,YORKER,25,35,10,4.29,3.5,2.5,Australia
29264,Harbhajan Singh,spin bowler,Right Off Spin,WIDE_OUTSIDE_OFFSTUMP,FULL,65,35,3,11.14,11.67,21.67,India
926851,Mukesh Kumar,pace bowler,Right Medium,ON_THE_STUMPS,SHORT_OF_A_GOOD_LENGTH,58,35,1,9.94,35.0,58.0,India
595036,Bamanye Xenxe,pace bowler,Right Fast,OUTSIDE_OFFSTUMP,GOOD_LENGTH,43,35,4,7.37,8.75,10.75,South Africa
18632,Samit Patel,spin bowler,Left Off Spin,DOWN_LEG,GOOD_LENGTH,48,35,1,8.23,35.0,48.0,England
434429,Aamer Yamin,pace bowler,Right Medium,ON_THE_STUMPS,GOOD_LENGTH,49,35,1,8.4,35.0,49.0,Pakistan
1192940,Shiraz Khan,spin bowler,Right Wrist Spin,ON_THE_STUMPS,FULL,43,35,1,7.37,35.0,43.0,Kuwait
693975,Sahan Arachchige,spin bowler,Right Off Spin,OUTSIDE_OFFSTUMP,GOOD_LENGTH,45,35,2,7.71,17.5,22.5,Sri Lanka
927119,Ali Khan,pace bowler,Right Fast,ON_THE_STUMPS,YORKER,26,35,6,4.46,5.83,4.33,United States of America
457249,Carlos Brathwaite,pace bowler,Right Fast,DOWN_LEG,GOOD_LENGTH,70,35,6,12.0,5.83,11.67,West Indies
629084,Ramesh Mendis,spin bowler,Right Off Spin,ON_THE_STUMPS,GOOD_LENGTH,44,35,4,7.54,8.75,11.0,Sri Lanka
325012,Marcus Stoinis,pace bowler,Right Medium,DOWN_LEG,SHORT,79,35,2,13.54,17.5,39.5,Australia
398666,Sean Abbott,pace bowler,Right Fast,ON_THE_STUMPS,SHORT,62,35,5,10.63,7.0,12.4,Australia
453289,Neville Madziva,pace bowler,Right Fast,OUTSIDE_OFFSTUMP,GOOD_LENGTH,46,35,4,7.89,8.75,11.5,Zimbabwe
393279,Marchant de Lange,pace bowler,Right Fast,ON_THE_STUMPS,SHORT_OF_A_GOOD_LENGTH,48,35,1,8.23,35.0,48.0,South Africa
44149,Johan Botha,spin bowler,Right Off Spin,OUTSIDE_OFFSTUMP,SHORT_OF_A_GOOD_LENGTH,40,35,2,6.86,17.5,20.0,South Africa
232364,Tim Southee,pace bowler,Right Fast,DOWN_LEG,SHORT_OF_A_GOOD_LENGTH,57,35,1,9.77,35.0,57.0,New Zealand
826915,Nathan Ellis,pace bowler,Right Fast,ON_THE_STUMPS,FULL_TOSS,66,35,4,11.31,8.75,16.5,Australia
333872,Sam Rainbird,pace bowler,Left Fast,OUTSIDE_OFFSTUMP,FULL,46,35,2,7.89,17.5,23.0,Australia
390484,Jaydev Unadkat,pace bowler,Left Medium,WIDE_OUTSIDE_OFFSTUMP,GOOD_LENGTH,56,35,5,9.6,7.0,11.2,India
47850,Roelof van der Merwe,spin bowler,Left Off Spin,ON_THE_STUMPS,SHORT_OF_A_GOOD_LENGTH,55,35,5,9.43,7.0,11.0,Netherlands
43265,Sohail Tanvir,pace bowler,Left Fast,ON_THE_STUMPS,SHORT,71,35,2,12.17,17.5,35.5,Pakistan
641423,Dan Lawrence,spin bowler,Right Off Spin,ON_THE_STUMPS,GOOD_LENGTH,33,35,4,5.66,8.75,8.25,England
681117,Faheem Ashraf,pace bowler,Right Medium,ON_THE_STUMPS,YORKER,24,35,4,4.11,8.75,6.0,Pakistan
1209292,Vaibhav Arora,pace bowler,Right Fast,OUTSIDE_OFFSTUMP,SHORT,86,35,3,14.74,11.67,28.67,India
837611,Henry Thornton,pace bowler,Right Fast,ON_THE_STUMPS,SHORT_OF_A_GOOD_LENGTH,40,35,2,6.86,17.5,20.0,Australia
906783,Obed McCoy,pace bowler,Left Fast,ON_THE_STUMPS,FULL_TOSS,39,35,3,6.69,11.67,13.0,West Indies
926597,Aminul Islam,spin bowler,Right Wrist Spin,OUTSIDE_OFFSTUMP,FULL,40,35,2,6.86,17.5,20.0,Bangladesh
605683,Migael Pretorius,pace bowler,Right Fast,ON_THE_STUMPS,FULL,75,35,2,12.86,17.5,37.5,South Africa
30288,Karn Sharma,spin bowler,Right Wrist Spin,OUTSIDE_OFFSTUMP,SHORT_OF_A_GOOD_LENGTH,55,35,4,9.43,8.75,13.75,India
481803,Glenton Stuurman,pace bowler,Right Fast,OUTSIDE_OFFSTUMP,GOOD_LENGTH,38,35,1,6.51,35.0,38.0,South Africa
232356,Ronnie Hira,spin bowler,Left Off Spin,ON_THE_STUMPS,GOOD_LENGTH,45,35,5,7.71,7.0,9.0,New Zealand
50205,Malinda Pushpakumara,spin bowler,Left Off Spin,OUTSIDE_OFFSTUMP,GOOD_LENGTH,51,35,4,8.74,8.75,12.75,Sri Lanka
4864,Dan Christian,pace bowler,Right Fast,ON_THE_STUMPS,SHORT,60,35,5,10.29,7.0,12.0,Australia
50205,Malinda Pushpakumara,spin bowler,Left Off Spin,ON_THE_STUMPS,FULL,52,35,1,8.91,35.0,52.0,Sri Lanka
530812,Akeal Hosein,spin bowler,Left Off Spin,WIDE_OUTSIDE_OFFSTUMP,SHORT_OF_A_GOOD_LENGTH,50,35,1,8.57,35.0,50.0,West Indies
961713,Riley Meredith,pace bowler,Right Fast,OUTSIDE_OFFSTUMP,FULL_TOSS,75,35,2,12.86,17.5,37.5,Australia
806241,Richard Ngarava,pace bowler,Left Fast,DOWN_LEG,SHORT,72,35,2,12.34,17.5,36.0,Zimbabwe
550235,Tom Curran,pace bowler,Right Fast,OUTSIDE_OFFSTUMP,YORKER,33,35,1,5.66,35.0,33.0,England
533042,Billy Stanlake,pace bowler,Right Fast,ON_THE_STUMPS,SHORT,76,35,5,13.03,7.0,15.2,Australia
633697,Shahrukh Quddus,pace bowler,Right Medium,OUTSIDE_OFFSTUMP,GOOD_LENGTH,32,35,2,5.49,17.5,16.0,Kuwait
328026,Isuru Udana,pace bowler,Left Fast,OUTSIDE_OFFSTUMP,YORKER,23,35,1,3.94,35.0,23.0,Sri Lanka
450075,Kesrick Williams,pace bowler,Right Fast,WIDE_OUTSIDE_OFFSTUMP,FULL,83,35,2,14.23,17.5,41.5,West Indies
942645,Khaleel Ahmed,pace bowler,Left Fast,ON_THE_STUMPS,GOOD_LENGTH,39,35,2,6.69,17.5,19.5,India
530011,Travis Head,spin bowler,Right Off Spin,OUTSIDE_OFFSTUMP,FULL,64,35,2,10.97,17.5,32.0,Australia
277662,Corey Anderson,pace bowler,Left Fast,OUTSIDE_OFFSTUMP,SHORT_OF_A_GOOD_LENGTH,49,35,1,8.4,35.0,49.0,United States of America
1088612,Zak Evans,pace bowler,Right Fast,OUTSIDE_OFFSTUMP,GOOD_LENGTH,37,35,2,6.34,17.5,18.5,Australia
1089962,Patrick Dooley,spin bowler,Left Wrist Spin,ON_THE_STUMPS,FULL,57,35,2,9.77,17.5,28.5,Australia
437506,Imran Manack,spin bowler,Right Off Spin,ON_THE_STUMPS,GOOD_LENGTH,28,35,1,4.8,35.0,28.0,South Africa
290632,Sreenath Aravind,pace bowler,Left Fast,ON_THE_STUMPS,SHORT_OF_A_GOOD_LENGTH,53,35,2,9.09,17.5,26.5,India
677077,Romario Shepherd,pace bowler,Right Fast,ON_THE_STUMPS,YORKER,22,34,5,3.88,6.8,4.4,West Indies
670031,Alzarri Joseph,pace bowler,Right Fast,ON_THE_STUMPS,FULL_TOSS,43,34,4,7.59,8.5,10.75,West Indies
681067,Akif Raja,pace bowler,Right Fast,OUTSIDE_OFFSTUMP,FULL,62,34,5,10.94,6.8,12.4,United Arab Emirates
1159843,Kumar Kartikeya,spin bowler,Mixed,ON_THE_STUMPS,FULL,50,34,1,8.82,34.0,50.0,India
362541,Doug Bracewell,pace bowler,Right Fast,ON_THE_STUMPS,GOOD_LENGTH,34,34,2,6.0,17.0,17.0,New Zealand
700167,Navdeep Saini,pace bowler,Right Fast,OUTSIDE_OFFSTUMP,FULL_TOSS,70,34,1,12.35,34.0,70.0,India
722303,Matt Renshaw,spin bowler,Right Off Spin,OUTSIDE_OFFSTUMP,FULL,57,34,2,10.06,17.0,28.5,Australia
679567,Ben Dwarshuis,pace bowler,Left Fast,ON_THE_STUMPS,SHORT,55,34,4,9.71,8.5,13.75,Australia
1159720,Yash Dayal,pace bowler,Left Fast,ON_THE_STUMPS,FULL,57,34,2,10.06,17.0,28.5,India
450075,Kesrick Williams,pace bowler,Right Fast,WIDE_OUTSIDE_OFFSTUMP,SHORT_OF_A_GOOD_LENGTH,64,34,1,11.29,34.0,64.0,West Indies
540316,Andile Phehlukwayo,pace bowler,Right Fast,WIDE_OUTSIDE_OFFSTUMP,FULL,76,34,4,13.41,8.5,19.0,South Africa
1137279,Jonathan Cook,spin bowler,Right Wrist Spin,OUTSIDE_OFFSTUMP,SHORT_OF_A_GOOD_LENGTH,50,34,2,8.82,17.0,25.0,Australia
437438,Prenelan Subrayen,spin bowler,Right Off Spin,OUTSIDE_OFFSTUMP,FULL,47,34,3,8.29,11.33,15.67,South Africa
827051,Blessing Muzarabani,pace bowler,Right Fast,ON_THE_STUMPS,SHORT,53,34,2,9.35,17.0,26.5,Zimbabwe
227712,Ashok Dinda,pace bowler,Right Fast,ON_THE_STUMPS,GOOD_LENGTH,34,34,2,6.0,17.0,17.0,India
596456,Ainsley Ndlovu,spin bowler,Left Off Spin,ON_THE_STUMPS,GOOD_LENGTH,33,34,1,5.82,34.0,33.0,Zimbabwe
1333415,Usman Tariq,spin bowler,Right Off Spin,ON_THE_STUMPS,GOOD_LENGTH,40,34,1,7.06,34.0,40.0,
277955,Dhawal Kulkarni,pace bowler,Right Medium,ON_THE_STUMPS,SHORT,59,34,1,10.41,34.0,59.0,India
376116,Umesh Yadav,pace bowler,Right Fast,OUTSIDE_OFFSTUMP,FULL_TOSS,68,34,2,12.0,17.0,34.0,India
1139523,Rishad Hossain,spin bowler,Right Wrist Spin,ON_THE_STUMPS,FULL,48,34,4,8.47,8.5,12.0,Bangladesh
450860,Adam Milne,pace bowler,Right Fast,WIDE_OUTSIDE_OFFSTUMP,SHORT,52,34,7,9.18,4.86,7.43,New Zealand
451782,James Fuller,pace bowler,Right Fast,ON_THE_STUMPS,FULL,52,34,2,9.18,17.0,26.0,England
681117,Faheem Ashraf,pace bowler,Right Medium,OUTSIDE_OFFSTUMP,FULL_TOSS,50,34,2,8.82,17.0,25.0,Pakistan
698319,Beyers Swanepoel,pace bowler,Right Fast,OUTSIDE_OFFSTUMP,FULL,44,34,2,7.76,17.0,22.0,South Africa
827051,Blessing Muzarabani,pace bowler,Right Fast,DOWN_LEG,GOOD_LENGTH,33,34,2,5.82,17.0,16.5,Zimbabwe
1241253,Zuhaib Zubair,spin bowler,Right Wrist Spin,OUTSIDE_OFFSTUMP,GOOD_LENGTH,46,34,4,8.12,8.5,11.5,
447439,Ishwar Pandey,pace bowler,Right Medium,OUTSIDE_OFFSTUMP,GOOD_LENGTH,36,34,1,6.35,34.0,36.0,India
681117,Faheem Ashraf,pace bowler,Right Medium,ON_THE_STUMPS,FULL_TOSS,81,34,3,14.29,11.33,27.0,Pakistan
228622,John Hastings,pace bowler,Right Fast,OUTSIDE_OFFSTUMP,FULL,59,34,2,10.41,17.0,29.5,Australia
530811,Chandrapaul Hemraj,spin bowler,Left Off Spin,OUTSIDE_OFFSTUMP,SHORT_OF_A_GOOD_LENGTH,34,34,4,6.0,8.5,8.5,West Indies
568136,Fareed Ahmad,pace bowler,Left Fast,ON_THE_STUMPS,SHORT_OF_A_GOOD_LENGTH,54,34,3,9.53,11.33,18.0,Afghanistan
371814,Kevon Cooper,pace bowler,Right Medium,OUTSIDE_OFFSTUMP,FULL,34,34,2,6.0,17.0,17.0,West Indies
50205,Malinda Pushpakumara,spin bowler,Left Off Spin,ON_THE_STUMPS,GOOD_LENGTH,37,34,3,6.53,11.33,12.33,Sri Lanka
1234111,Mohammad Imran,pace bowler,Left Fast,OUTSIDE_OFFSTUMP,SHORT_OF_A_GOOD_LENGTH,40,34,1,7.06,34.0,40.0,Pakistan
924551,Lahiru Samarakoon,pace bowler,Right Fast,OUTSIDE_OFFSTUMP,GOOD_LENGTH,33,34,2,5.82,17.0,16.5,Sri Lanka
276298,Andre Russell,pace bowler,Right Fast,WIDE_OUTSIDE_OFFSTUMP,YORKER,50,34,1,8.82,34.0,50.0,West Indies
422092,Vikum Sanjaya,pace bowler,Right Fast,OUTSIDE_OFFSTUMP,GOOD_LENGTH,40,34,4,7.06,8.5,10.0,Sri Lanka
465793,Dhananjaya de Silva,spin bowler,Right Off Spin,OUTSIDE_OFFSTUMP,SHORT_OF_A_GOOD_LENGTH,48,34,1,8.47,34.0,48.0,Sri Lanka
1203995,Shahnawaz Dahani,pace bowler,Right Fast,ON_THE_STUMPS,SHORT,61,34,5,10.76,6.8,12.2,Pakistan
922947,Sameen Gul,pace bowler,Right Medium,OUTSIDE_OFFSTUMP,FULL,31,34,2,5.47,17.0,15.5,Pakistan
932635,Nayeem Hasan,spin bowler,Right Off Spin,OUTSIDE_OFFSTUMP,FULL,52,34,3,9.18,11.33,17.33,Bangladesh
959769,Ben Sears,pace bowler,Right Fast,OUTSIDE_OFFSTUMP,FULL,46,34,2,8.12,17.0,23.0,New Zealand
622772,Michael Rae,pace bowler,Right Fast,OUTSIDE_OFFSTUMP,SHORT_OF_A_GOOD_LENGTH,41,34,4,7.24,8.5,10.25,New Zealand
922943,Shadab Khan,spin bowler,Right Wrist Spin,OUTSIDE_OFFSTUMP,FULL_TOSS,46,34,2,8.12,17.0,23.0,Pakistan
55346,Graeme Cremer,spin bowler,Right Wrist Spin,OUTSIDE_OFFSTUMP,FULL,54,34,2,9.53,17.0,27.0,Zimbabwe
348034,George Dockrell,spin bowler,Left Off Spin,OUTSIDE_OFFSTUMP,SHORT_OF_A_GOOD_LENGTH,42,34,2,7.41,17.0,21.0,Ireland
694211,Avesh Khan,pace bowler,Right Fast,ON_THE_STUMPS,YORKER,24,34,4,4.24,8.5,6.0,India
55705,Tinashe Panyangara,pace bowler,Right Fast,OUTSIDE_OFFSTUMP,GOOD_LENGTH,9,34,2,1.59,17.0,4.5,Zimbabwe
660889,Mason Crane,spin bowler,Right Wrist Spin,OUTSIDE_OFFSTUMP,FULL,62,34,4,10.94,8.5,15.5,England
380974,Sunzamul Islam,spin bowler,Left Off Spin,ON_THE_STUMPS,FULL,43,34,1,7.59,34.0,43.0,Bangladesh
475281,Shardul Thakur,pace bowler,Right Medium,DOWN_LEG,SHORT_OF_A_GOOD_LENGTH,58,34,2,10.24,17.0,29.0,India
1213979,Mitchell Owen,pace bowler,Right Medium,OUTSIDE_OFFSTUMP,SHORT_OF_A_GOOD_LENGTH,53,34,1,9.35,34.0,53.0,Australia
694211,Avesh Khan,pace bowler,Right Fast,WIDE_OUTSIDE_OFFSTUMP,FULL,78,34,3,13.76,11.33,26.0,India
701215,Sompal Kami,pace bowler,Right Fast,OUTSIDE_OFFSTUMP,GOOD_LENGTH,23,34,2,4.06,17.0,11.5,Nepal
1158099,Mohammad Umar,pace bowler,Right Medium,OUTSIDE_OFFSTUMP,GOOD_LENGTH,46,34,2,8.12,17.0,23.0,Pakistan
805925,Mohammad Irfan,pace bowler,Right Medium,ON_THE_STUMPS,GOOD_LENGTH,44,34,4,7.76,8.5,11.0,Pakistan
949461,Codi Yusuf,pace bowler,Right Medium,OUTSIDE_OFFSTUMP,GOOD_LENGTH,47,34,1,8.29,34.0,47.0,South Africa
552152,Dushmantha Chameera,pace bowler,Right Fast,WIDE_OUTSIDE_OFFSTUMP,GOOD_LENGTH,50,34,6,8.82,5.67,8.33,Sri Lanka
1175423,Hrithik Shokeen,spin bowler,Right Off Spin,ON_THE_STUMPS,FULL,62,34,2,10.94,17.0,31.0,India
1125317,Lance Morris,pace bowler,Right Fast,OUTSIDE_OFFSTUMP,SHORT,76,34,2,13.41,17.0,38.0,Australia
494581,Rahkeem Cornwall,spin bowler,Right Off Spin,ON_THE_STUMPS,SHORT_OF_A_GOOD_LENGTH,53,34,1,9.35,34.0,53.0,West Indies
1203754,Junaid Siddique,pace bowler,Right Fast,OUTSIDE_OFFSTUMP,SHORT,36,34,1,6.35,34.0,36.0,United Arab Emirates
32498,Yusuf Pathan,spin bowler,Right Off Spin,ON_THE_STUMPS,GOOD_LENGTH,36,34,1,6.35,34.0,36.0,India
550251,Kyle Simmonds,spin bowler,Left Off Spin,ON_THE_STUMPS,GOOD_LENGTH,39,34,2,6.88,17.0,19.5,South Africa
325012,Marcus Stoinis,pace bowler,Right Medium,WIDE_OUTSIDE_OFFSTUMP,GOOD_LENGTH,54,34,3,9.53,11.33,18.0,Australia
789729,Callum Parkinson,spin bowler,Left Off Spin,OUTSIDE_OFFSTUMP,GOOD_LENGTH,46,34,2,8.12,17.0,23.0,England
694211,Avesh Khan,pace bowler,Right Fast,ON_THE_STUMPS,SHORT,103,34,2,18.18,17.0,51.5,India
1158538,Abbas Afridi,pace bowler,Right Fast,WIDE_OUTSIDE_OFFSTUMP,SHORT_OF_A_GOOD_LENGTH,22,34,2,3.88,17.0,11.0,Pakistan
497121,Deepak Hooda,spin bowler,Right Off Spin,OUTSIDE_OFFSTUMP,FULL,59,34,3,10.41,11.33,19.67,India
1161606,Haris Rauf,pace bowler,Right Fast,DOWN_LEG,FULL,71,34,1,12.53,34.0,71.0,Pakistan
990165,Mukidul Islam,pace bowler,Right Fast,ON_THE_STUMPS,SHORT_OF_A_GOOD_LENGTH,51,34,2,9.0,17.0,25.5,Bangladesh
325026,Glenn Maxwell,spin bowler,Right Off Spin,DOWN_LEG,SHORT_OF_A_GOOD_LENGTH,64,34,2,11.29,17.0,32.0,Australia
590326,Mitchell Swepson,spin bowler,Right Wrist Spin,DOWN_LEG,FULL,52,34,1,9.18,34.0,52.0,Australia
892749,Tim David,spin bowler,Right Off Spin,OUTSIDE_OFFSTUMP,FULL,60,34,1,10.59,34.0,60.0,Australia
1246531,Chinta Gandhi,spin bowler,Right Wrist Spin,OUTSIDE_OFFSTUMP,GOOD_LENGTH,29,34,1,5.12,34.0,29.0,India
961713,Riley Meredith,pace bowler,Right Fast,ON_THE_STUMPS,FULL_TOSS,68,34,5,12.0,6.8,13.6,Australia
328026,Isuru Udana,pace bowler,Left Fast,DOWN_LEG,GOOD_LENGTH,77,33,1,14.0,33.0,77.0,Sri Lanka
56143,Shakib Al Hasan,spin bowler,Left Off Spin,WIDE_OUTSIDE_OFFSTUMP,SHORT_OF_A_GOOD_LENGTH,40,33,2,7.27,16.5,20.0,Bangladesh
498591,Travis Muller,pace bowler,Right Fast,OUTSIDE_OFFSTUMP,SHORT_OF_A_GOOD_LENGTH,47,33,1,8.55,33.0,47.0,South Africa
42639,Shahid Afridi,spin bowler,Right Wrist Spin,WIDE_OUTSIDE_OFFSTUMP,GOOD_LENGTH,28,33,1,5.09,33.0,28.0,Pakistan
232292,Swapnil Singh,spin bowler,Left Off Spin,ON_THE_STUMPS,FULL,33,33,3,6.0,11.0,11.0,India
942645,Khaleel Ahmed,pace bowler,Left Medium,DOWN_LEG,SHORT_OF_A_GOOD_LENGTH,48,33,4,8.73,8.25,12.0,India
30102,Zaheer Khan,pace bowler,Left Fast,OUTSIDE_OFFSTUMP,FULL,58,33,2,10.55,16.5,29.0,India
261354,Nathan Coulter-Nile,pace bowler,Right Fast,DOWN_LEG,SHORT,45,33,4,8.18,8.25,11.25,Australia
429738,Lakshan Sandakan,spin bowler,Left Wrist Spin,DOWN_LEG,GOOD_LENGTH,36,33,1,6.55,33.0,36.0,Sri Lanka
940973,Mohammed Siraj,pace bowler,Right Fast,WIDE_OUTSIDE_OFFSTUMP,FULL,73,33,2,13.27,16.5,36.5,India
438362,Sandeep Sharma,pace bowler,Right Medium,DOWN_LEG,SHORT_OF_A_GOOD_LENGTH,58,33,1,10.55,33.0,58.0,India
52912,Ravi Rampaul,pace bowler,Right Fast,WIDE_OUTSIDE_OFFSTUMP,FULL,65,33,5,11.82,6.6,13.0,West Indies
1209110,Basil Hameed,spin bowler,Right Off Spin,OUTSIDE_OFFSTUMP,SHORT_OF_A_GOOD_LENGTH,41,33,2,7.45,16.5,20.5,United Arab Emirates
625371,Hardik Pandya,pace bowler,Right Fast,OUTSIDE_OFFSTUMP,FULL_TOSS,73,33,2,13.27,16.5,36.5,India
774217,Clint Hinchliffe,spin bowler,Left Wrist Spin,OUTSIDE_OFFSTUMP,FULL,37,33,5,6.73,6.6,7.4,Australia
535393,Senuran Muthusamy,spin bowler,Left Off Spin,OUTSIDE_OFFSTUMP,GOOD_LENGTH,32,33,5,5.82,6.6,6.4,South Africa
379776,Sisanda Magala,pace bowler,Right Fast,ON_THE_STUMPS,FULL,53,33,1,9.64,33.0,53.0,South Africa
1241253,Zuhaib Zubair,spin bowler,Right Wrist Spin,ON_THE_STUMPS,GOOD_LENGTH,29,33,4,5.27,8.25,7.25,
43265,Sohail Tanvir,pace bowler,Left Fast,OUTSIDE_OFFSTUMP,SHORT,61,33,3,11.09,11.0,20.33,Pakistan
439952,Chris Morris,pace bowler,Right Fast,DOWN_LEG,SHORT_OF_A_GOOD_LENGTH,43,33,3,7.82,11.0,14.33,South Africa
311592,Mitchell Starc,pace bowler,Left Fast,OUTSIDE_OFFSTUMP,YORKER,20,33,1,3.64,33.0,20.0,Australia
290948,Mohammad Amir,pace bowler,Left Fast,WIDE_OUTSIDE_OFFSTUMP,GOOD_LENGTH,56,33,1,10.18,33.0,56.0,Pakistan
379776,Sisanda Magala,pace bowler,Right Fast,ON_THE_STUMPS,SHORT_OF_A_GOOD_LENGTH,37,33,2,6.73,16.5,18.5,South Africa
550137,Abu Hider,pace bowler,Left Fast,OUTSIDE_OFFSTUMP,SHORT,58,33,2,10.55,16.5,29.0,Bangladesh
942367,Mayank Dagar,spin bowler,Left Off Spin,OUTSIDE_OFFSTUMP,SHORT_OF_A_GOOD_LENGTH,37,33,1,6.73,33.0,37.0,India
290638,Amit Yadav,spin bowler,Right Off Spin,OUTSIDE_OFFSTUMP,GOOD_LENGTH,18,33,5,3.27,6.6,3.6,India
230554,Javon Searles,pace bowler,Right Fast,OUTSIDE_OFFSTUMP,FULL,52,33,2,9.45,16.5,26.0,West Indies
314622,Krishmar Santokie,pace bowler,Left Medium,ON_THE_STUMPS,SHORT_OF_A_GOOD_LENGTH,61,33,2,11.09,16.5,30.5,West Indies
696401,Marco Jansen,pace bowler,Left Fast,OUTSIDE_OFFSTUMP,SHORT,81,33,3,14.73,11.0,27.0,South Africa
1263691,Rehan Ahmed,spin bowler,Right Wrist Spin,OUTSIDE_OFFSTUMP,SHORT_OF_A_GOOD_LENGTH,45,33,1,8.18,33.0,45.0,England
49758,Lasith Malinga,pace bowler,Right Fast,WIDE_OUTSIDE_OFFSTUMP,GOOD_LENGTH,52,33,2,9.45,16.5,26.0,Sri Lanka
391485,Jason Holder,pace bowler,Right Fast,WIDE_OUTSIDE_OFFSTUMP,YORKER,32,33,3,5.82,11.0,10.67,West Indies
806241,Richard Ngarava,pace bowler,Left Fast,OUTSIDE_OFFSTUMP,SHORT,59,33,2,10.73,16.5,29.5,Zimbabwe
6033,Mitchell Johnson,pace bowler,Left Fast,OUTSIDE_OFFSTUMP,SHORT,62,33,4,11.27,8.25,15.5,Australia
557298,Daniel Worrall,pace bowler,Right Fast,WIDE_OUTSIDE_OFFSTUMP,GOOD_LENGTH,52,33,6,9.45,5.5,8.67,Australia
8180,Shane Watson,pace bowler,Right Fast,ON_THE_STUMPS,SHORT,57,33,5,10.36,6.6,11.4,Australia
926629,Hasan Mahmud,pace bowler,Right Medium,OUTSIDE_OFFSTUMP,SHORT,58,33,3,10.55,11.0,19.33,Bangladesh
480603,Iftikhar Ahmed,spin bowler,Right Off Spin,ON_THE_STUMPS,SHORT_OF_A_GOOD_LENGTH,45,33,2,8.18,16.5,22.5,Pakistan
1209190,Matthew Forde,pace bowler,Right Medium,ON_THE_STUMPS,GOOD_LENGTH,39,33,4,7.09,8.25,9.75,West Indies
549288,Ferisco Adams,pace bowler,Right Fast,OUTSIDE_OFFSTUMP,FULL,44,33,1,8.0,33.0,44.0,South Africa
297583,Kyle Abbott,pace bowler,Right Fast,WIDE_OUTSIDE_OFFSTUMP,GOOD_LENGTH,61,33,1,11.09,33.0,61.0,South Africa
1123718,Spencer Johnson,pace bowler,Left Fast,OUTSIDE_OFFSTUMP,SHORT,48,33,2,8.73,16.5,24.0,Australia
1161489,Rasikh Salam,pace bowler,Right Medium,OUTSIDE_OFFSTUMP,SHORT_OF_A_GOOD_LENGTH,56,33,2,10.18,16.5,28.0,India
1193685,Todd Murphy,spin bowler,Right Off Spin,ON_THE_STUMPS,FULL,29,33,1,5.27,33.0,29.0,Australia
906783,Obed McCoy,pace bowler,Left Fast,DOWN_LEG,FULL,60,33,2,10.91,16.5,30.0,West Indies
325012,Marcus Stoinis,pace bowler,Right Medium,ON_THE_STUMPS,FULL_TOSS,80,33,1,14.55,33.0,80.0,Australia
604527,Nitish Rana,spin bowler,Right Off Spin,ON_THE_STUMPS,FULL,34,33,2,6.18,16.5,17.0,India
1108375,Varun Chakravarthy,spin bowler,Right Wrist Spin,DOWN_LEG,GOOD_LENGTH,42,33,2,7.64,16.5,21.0,India
395057,Seth Rance,pace bowler,Right Medium,ON_THE_STUMPS,GOOD_LENGTH,56,33,2,10.18,16.5,28.0,New Zealand
541224,Luke Jongwe,pace bowler,Right Fast,ON_THE_STUMPS,SHORT_OF_A_GOOD_LENGTH,47,33,3,8.55,11.0,15.67,Zimbabwe
1249564,Ahmed Daniyal,pace bowler,Right Fast,OUTSIDE_OFFSTUMP,GOOD_LENGTH,44,33,2,8.0,16.5,22.0,Pakistan
878465,Mehedi Hasan Rana,pace bowler,Left Fast,ON_THE_STUMPS,FULL,36,33,4,6.55,8.25,9.0,Bangladesh
555853,Mark Steketee,pace bowler,Right Fast,ON_THE_STUMPS,FULL,61,33,2,11.09,16.5,30.5,Australia
436677,Soumya Sarkar,pace bowler,Right Fast,ON_THE_STUMPS,SHORT_OF_A_GOOD_LENGTH,44,33,2,8.0,16.5,22.0,Bangladesh
232364,Tim Southee,pace bowler,Right Fast,DOWN_LEG,SHORT,74,33,3,13.45,11.0,24.67,New Zealand
326016,Bhuvneshwar Kumar,pace bowler,Right Medium,DOWN_LEG,FULL_TOSS,57,33,3,10.36,11.0,19.0,India
961713,Riley Meredith,pace bowler,Right Fast,ON_THE_STUMPS,YORKER,21,33,5,3.82,6.6,4.2,Australia
1072473,Umer Khan,spin bowler,Left Off Spin,ON_THE_STUMPS,GOOD_LENGTH,59,33,2,10.73,16.5,29.5,Pakistan
526021,Cole McConchie,spin bowler,Right Off Spin,ON_THE_STUMPS,FULL,41,33,1,7.45,33.0,41.0,New Zealand
272477,Jason Behrendorff,pace bowler,Left Fast,DOWN_LEG,SHORT,85,33,1,15.45,33.0,85.0,Australia
434429,Aamer Yamin,pace bowler,Right Medium,OUTSIDE_OFFSTUMP,FULL,60,33,1,10.91,33.0,60.0,Pakistan
43590,Wahab Riaz,pace bowler,Left Fast,DOWN_LEG,FULL,49,33,1,8.91,33.0,49.0,Pakistan
307808,Rohan Mustafa,spin bowler,Right Off Spin,ON_THE_STUMPS,FULL,25,33,1,4.55,33.0,25.0,United Arab Emirates
53115,Daren Sammy,pace bowler,Right Medium,OUTSIDE_OFFSTUMP,SHORT_OF_A_GOOD_LENGTH,65,33,1,11.82,33.0,65.0,West Indies
463668,Jake Lintott,spin bowler,Left Wrist Spin,ON_THE_STUMPS,FULL,48,33,1,8.73,33.0,48.0,England
698317,Ruben Trumpelmann,pace bowler,Left Fast,OUTSIDE_OFFSTUMP,FULL,34,33,4,6.18,8.25,8.5,Namibia
554691,Axar Patel,spin bowler,Left Off Spin,WIDE_OUTSIDE_OFFSTUMP,SHORT_OF_A_GOOD_LENGTH,43,33,1,7.82,33.0,43.0,India
625960,Kyle Jamieson,pace bowler,Right Fast,ON_THE_STUMPS,FULL,85,33,1,15.45,33.0,85.0,New Zealand
25490,Richie Berrington,pace bowler,Right Fast,OUTSIDE_OFFSTUMP,GOOD_LENGTH,28,33,2,5.09,16.5,14.0,Scotland
1397991,Muhammad Jabir,pace bowler,Right Medium,OUTSIDE_OFFSTUMP,GOOD_LENGTH,24,33,2,4.36,16.5,12.0,Qatar
819429,Azmatullah Omarzai,pace bowler,Right Fast,WIDE_OUTSIDE_OFFSTUMP,GOOD_LENGTH,50,33,1,9.09,33.0,50.0,Afghanistan
1283740,Ihsanullah,pace bowler,Right Fast,ON_THE_STUMPS,FULL,38,33,5,6.91,6.6,7.6,Pakistan
550251,Kyle Simmonds,spin bowler,Left Off Spin,OUTSIDE_OFFSTUMP,GOOD_LENGTH,32,33,3,5.82,11.0,10.67,South Africa
56251,Alok Kapali,spin bowler,Right Wrist Spin,OUTSIDE_OFFSTUMP,GOOD_LENGTH,30,33,2,5.45,16.5,15.0,Bangladesh
52912,Ravi Rampaul,pace bowler,Right Fast,ON_THE_STUMPS,FULL,67,33,1,12.18,33.0,67.0,West Indies
429886,Wihan Lubbe,spin bowler,Right Off Spin,OUTSIDE_OFFSTUMP,GOOD_LENGTH,26,33,3,4.73,11.0,8.67,South Africa
410763,Abu Jayed,pace bowler,Right Fast,OUTSIDE_OFFSTUMP,FULL,51,33,2,9.27,16.5,25.5,Bangladesh
1331347,Hunain Shah,pace bowler,Right Medium,OUTSIDE_OFFSTUMP,GOOD_LENGTH,34,33,3,6.18,11.0,11.33,Pakistan
719715,Washington Sundar,spin bowler,Right Off Spin,DOWN_LEG,GOOD_LENGTH,65,33,5,11.82,6.6,13.0,India
670031,Alzarri Joseph,pace bowler,Right Fast,ON_THE_STUMPS,YORKER,19,33,9,3.45,3.67,2.11,West Indies
927619,Khaled Ahmed,pace bowler,Right Medium,OUTSIDE_OFFSTUMP,FULL,63,33,2,11.45,16.5,31.5,Bangladesh
1036191,Bas de Leede,pace bowler,Right Fast,OUTSIDE_OFFSTUMP,SHORT_OF_A_GOOD_LENGTH,44,33,3,8.0,11.0,14.67,Netherlands
330902,Mustafizur Rahman,pace bowler,Left Fast,WIDE_OUTSIDE_OFFSTUMP,FULL_TOSS,83,32,1,15.56,32.0,83.0,Bangladesh
628240,Hussain Talat,pace bowler,Right Fast,OUTSIDE_OFFSTUMP,FULL,42,32,4,7.88,8.0,10.5,Pakistan
643885,Saqib Mahmood,pace bowler,Right Fast,ON_THE_STUMPS,FULL,53,32,5,9.94,6.4,10.6,England
381743,Daryl Mitchell,pace bowler,Right Medium,OUTSIDE_OFFSTUMP,SHORT_OF_A_GOOD_LENGTH,51,32,3,9.56,10.67,17.0,New Zealand
1196500,Zawar Farid,pace bowler,Right Medium,OUTSIDE_OFFSTUMP,GOOD_LENGTH,35,32,1,6.56,32.0,35.0,United Arab Emirates
379776,Sisanda Magala,pace bowler,Right Fast,OUTSIDE_OFFSTUMP,SHORT_OF_A_GOOD_LENGTH,42,32,3,7.88,10.67,14.0,South Africa
371814,Kevon Cooper,pace bowler,Right Medium,ON_THE_STUMPS,GOOD_LENGTH,46,32,2,8.62,16.0,23.0,West Indies
653695,Matt Parkinson,spin bowler,Right Wrist Spin,OUTSIDE_OFFSTUMP,FULL,52,32,2,9.75,16.0,26.0,England
379504,Adam Zampa,spin bowler,Right Wrist Spin,WIDE_OUTSIDE_OFFSTUMP,GOOD_LENGTH,46,32,9,8.62,3.56,5.11,Australia
348148,Mohammad Nawaz,spin bowler,Left Off Spin,WIDE_OUTSIDE_OFFSTUMP,GOOD_LENGTH,61,32,1,11.44,32.0,61.0,Pakistan
802575,T Natarajan,pace bowler,Left Medium,WIDE_OUTSIDE_OFFSTUMP,FULL_TOSS,67,32,2,12.56,16.0,33.5,India
1194795,Matheesha Pathirana,pace bowler,Right Fast,OUTSIDE_OFFSTUMP,SHORT,43,32,4,8.06,8.0,10.75,Sri Lanka
717373,Amad Butt,pace bowler,Right Fast,ON_THE_STUMPS,FULL,54,32,2,10.12,16.0,27.0,Pakistan
1005257,Simi Singh,spin bowler,Mixed,OUTSIDE_OFFSTUMP,GOOD_LENGTH,29,32,2,5.44,16.0,14.5,Ireland
43265,Sohail Tanvir,pace bowler,Left Fast,DOWN_LEG,SHORT,67,32,5,12.56,6.4,13.4,Pakistan
932763,Shafiqul Islam,pace bowler,Left Medium,OUTSIDE_OFFSTUMP,SHORT_OF_A_GOOD_LENGTH,44,32,3,8.25,10.67,14.67,Bangladesh
44932,Jean-Paul Duminy,spin bowler,Right Off Spin,OUTSIDE_OFFSTUMP,SHORT_OF_A_GOOD_LENGTH,52,32,2,9.75,16.0,26.0,South Africa
631545,Matthew Carter,spin bowler,Right Off Spin,ON_THE_STUMPS,GOOD_LENGTH,39,32,1,7.31,32.0,39.0,England
820689,Shamar Springer,pace bowler,Right Fast,OUTSIDE_OFFSTUMP,SHORT_OF_A_GOOD_LENGTH,52,32,1,9.75,32.0,52.0,West Indies
937953,Bilal Khan,pace bowler,Left Fast,ON_THE_STUMPS,SHORT_OF_A_GOOD_LENGTH,47,32,3,8.81,10.67,15.67,Oman
360456,Asela Gunaratne,pace bowler,Right Fast,OUTSIDE_OFFSTUMP,FULL,51,32,2,9.56,16.0,25.5,Sri Lanka
380974,Sunzamul Islam,spin bowler,Left Off Spin,OUTSIDE_OFFSTUMP,FULL,47,32,2,8.81,16.0,23.5,Bangladesh
1175423,Hrithik Shokeen,spin bowler,Right Off Spin,OUTSIDE_OFFSTUMP,FULL,61,32,1,11.44,32.0,61.0,India
326625,Cameron Boyce,spin bowler,Right Wrist Spin,DOWN_LEG,FULL,40,32,1,7.5,32.0,40.0,Australia
319439,Mitchell McClenaghan,pace bowler,Left Fast,WIDE_OUTSIDE_OFFSTUMP,FULL_TOSS,62,32,3,11.62,10.67,20.67,New Zealand
596099,Dean Foxcroft,spin bowler,Right Off Spin,OUTSIDE_OFFSTUMP,GOOD_LENGTH,54,32,3,10.12,10.67,18.0,New Zealand
926629,Hasan Mahmud,pace bowler,Right Fast,ON_THE_STUMPS,SHORT_OF_A_GOOD_LENGTH,49,32,2,9.19,16.0,24.5,Bangladesh
376324,Anureet Singh,pace bowler,Right Medium,OUTSIDE_OFFSTUMP,SHORT_OF_A_GOOD_LENGTH,23,32,1,4.31,32.0,23.0,India
270484,James Faulkner,pace bowler,Left Fast,OUTSIDE_OFFSTUMP,SHORT,76,32,1,14.25,32.0,76.0,Australia
600498,Aiden Markram,spin bowler,Right Off Spin,OUTSIDE_OFFSTUMP,SHORT_OF_A_GOOD_LENGTH,35,32,1,6.56,32.0,35.0,South Africa
49619,Suranga Lakmal,pace bowler,Right Fast,OUTSIDE_OFFSTUMP,FULL,64,32,1,12.0,32.0,64.0,Sri Lanka
25913,Mohammad Nabi,spin bowler,Right Off Spin,OUTSIDE_OFFSTUMP,FULL_TOSS,44,32,3,8.25,10.67,14.67,Afghanistan
1344844,Usman Najeeb,pace bowler,Right Medium,OUTSIDE_OFFSTUMP,GOOD_LENGTH,55,32,2,10.31,16.0,27.5,Saudi Arabia
555853,Mark Steketee,pace bowler,Right Fast,ON_THE_STUMPS,SHORT,75,32,3,14.06,10.67,25.0,Australia
538506,Taskin Ahmed,pace bowler,Right Fast,ON_THE_STUMPS,FULL_TOSS,63,32,2,11.81,16.0,31.5,Bangladesh
450075,Kesrick Williams,pace bowler,Right Fast,DOWN_LEG,FULL,50,32,3,9.38,10.67,16.67,West Indies
1283740,Ihsanullah,pace bowler,Right Fast,OUTSIDE_OFFSTUMP,FULL,69,32,2,12.94,16.0,34.5,Pakistan
538506,Taskin Ahmed,pace bowler,Right Fast,ON_THE_STUMPS,YORKER,21,32,6,3.94,5.33,3.5,Bangladesh
681117,Faheem Ashraf,pace bowler,Right Medium,WIDE_OUTSIDE_OFFSTUMP,FULL,65,32,2,12.19,16.0,32.5,Pakistan
1158100,Mohammad Hasnain,pace bowler,Right Fast,ON_THE_STUMPS,FULL_TOSS,63,32,1,11.81,32.0,63.0,Pakistan
927619,Khaled Ahmed,pace bowler,Right Medium,ON_THE_STUMPS,FULL,48,32,1,9.0,32.0,48.0,Bangladesh
1122918,Kartik Tyagi,pace bowler,Right Fast,ON_THE_STUMPS,GOOD_LENGTH,53,32,1,9.94,32.0,53.0,India
914171,Qais Ahmad,spin bowler,Right Wrist Spin,DOWN_LEG,GOOD_LENGTH,39,32,1,7.31,32.0,39.0,Afghanistan
677077,Romario Shepherd,pace bowler,Right Fast,DOWN_LEG,GOOD_LENGTH,48,32,2,9.0,16.0,24.0,West Indies
230559,Kieron Pollard,pace bowler,Right Medium,DOWN_LEG,SHORT_OF_A_GOOD_LENGTH,66,32,1,12.38,32.0,66.0,West Indies
431910,Nicholson Gordon,pace bowler,Right Fast,ON_THE_STUMPS,SHORT_OF_A_GOOD_LENGTH,33,32,1,6.19,32.0,33.0,West Indies
1158175,Mohammad Ali,pace bowler,Right Fast,ON_THE_STUMPS,GOOD_LENGTH,40,32,3,7.5,10.67,13.33,
787073,Chris Green,spin bowler,Right Off Spin,WIDE_OUTSIDE_OFFSTUMP,FULL,56,32,5,10.5,6.4,11.2,Australia
471342,Krunal Pandya,spin bowler,Left Off Spin,ON_THE_STUMPS,FULL_TOSS,58,32,1,10.88,32.0,58.0,India
526441,Mark Adair,pace bowler,Right Fast,WIDE_OUTSIDE_OFFSTUMP,FULL,72,32,1,13.5,32.0,72.0,Ireland
1125688,Mukesh Choudhary,pace bowler,Left Medium,ON_THE_STUMPS,SHORT_OF_A_GOOD_LENGTH,44,32,1,8.25,32.0,44.0,India
545467,Junior Dala,pace bowler,Right Medium,OUTSIDE_OFFSTUMP,FULL,49,32,2,9.19,16.0,24.5,South Africa
457279,Olly Stone,pace bowler,Right Fast,ON_THE_STUMPS,GOOD_LENGTH,49,32,1,9.19,32.0,49.0,England
211748,Benny Howell,pace bowler,Right Medium,WIDE_OUTSIDE_OFFSTUMP,GOOD_LENGTH,40,32,1,7.5,32.0,40.0,England
4864,Dan Christian,pace bowler,Right Fast,DOWN_LEG,GOOD_LENGTH,50,32,2,9.38,16.0,25.0,Australia
955235,Nuwan Thushara,pace bowler,Right Fast,WIDE_OUTSIDE_OFFSTUMP,FULL,66,32,2,12.38,16.0,33.0,Sri Lanka
495551,Sheldon Cottrell,pace bowler,Left Fast,ON_THE_STUMPS,FULL_TOSS,47,32,2,8.81,16.0,23.5,West Indies
1159720,Yash Dayal,pace bowler,Left Fast,OUTSIDE_OFFSTUMP,SHORT,55,32,3,10.31,10.67,18.33,India
556684,Mir Hamza,pace bowler,Left Medium,OUTSIDE_OFFSTUMP,FULL,50,32,2,9.38,16.0,25.0,Pakistan
696401,Marco Jansen,pace bowler,Left Fast,ON_THE_STUMPS,SHORT,56,32,2,10.5,16.0,28.0,South Africa
32966,Piyush Chawla,spin bowler,Right Wrist Spin,DOWN_LEG,FULL,62,32,3,11.62,10.67,20.67,India
230554,Javon Searles,pace bowler,Right Fast,OUTSIDE_OFFSTUMP,GOOD_LENGTH,34,32,5,6.38,6.4,6.8,West Indies
482478,Jan Frylinck,pace bowler,Left Fast,ON_THE_STUMPS,GOOD_LENGTH,30,32,5,5.62,6.4,6.0,Namibia
235657,Steven Jacobs,spin bowler,Right Off Spin,ON_THE_STUMPS,FULL,23,32,2,4.31,16.0,11.5,West Indies
45204,Robbie Frylinck,pace bowler,Right Medium,ON_THE_STUMPS,SHORT_OF_A_GOOD_LENGTH,33,32,3,6.19,10.67,11.0,South Africa
990161,Hasan Murad,spin bowler,Left Off Spin,OUTSIDE_OFFSTUMP,GOOD_LENGTH,44,32,1,8.25,32.0,44.0,Bangladesh
235514,Brian Vitori,pace bowler,Left Fast,OUTSIDE_OFFSTUMP,GOOD_LENGTH,46,32,1,8.62,32.0,46.0,Zimbabwe
785323,Nathan McAndrew,pace bowler,Right Fast,ON_THE_STUMPS,SHORT,71,32,3,13.31,10.67,23.67,Australia
345825,Chaturanga de Silva,spin bowler,Left Off Spin,ON_THE_STUMPS,SHORT_OF_A_GOOD_LENGTH,46,31,2,8.9,15.5,23.0,Sri Lanka
326016,Bhuvneshwar Kumar,pace bowler,Right Medium,DOWN_LEG,SHORT,57,31,3,11.03,10.33,19.0,India
670031,Alzarri Joseph,pace bowler,Right Fast,WIDE_OUTSIDE_OFFSTUMP,GOOD_LENGTH,46,31,2,8.9,15.5,23.0,West Indies
270484,James Faulkner,pace bowler,Left Fast,WIDE_OUTSIDE_OFFSTUMP,SHORT_OF_A_GOOD_LENGTH,42,31,1,8.13,31.0,42.0,Australia
677077,Romario Shepherd,pace bowler,Right Fast,DOWN_LEG,SHORT,51,31,3,9.87,10.33,17.0,West Indies
56025,Mahmudullah,spin bowler,Right Off Spin,ON_THE_STUMPS,SHORT_OF_A_GOOD_LENGTH,47,31,2,9.1,15.5,23.5,Bangladesh
605640,Junaid Dawood,spin bowler,Right Wrist Spin,ON_THE_STUMPS,GOOD_LENGTH,41,31,1,7.94,31.0,41.0,South Africa
717373,Amad Butt,pace bowler,Right Fast,OUTSIDE_OFFSTUMP,FULL,68,31,1,13.16,31.0,68.0,Pakistan
506612,Matt Henry,pace bowler,Right Fast,OUTSIDE_OFFSTUMP,SHORT,63,31,1,12.19,31.0,63.0,New Zealand
1079839,Anukul Roy,spin bowler,Left Off Spin,ON_THE_STUMPS,GOOD_LENGTH,30,31,1,5.81,31.0,30.0,India
465793,Dhananjaya de Silva,spin bowler,Right Off Spin,ON_THE_STUMPS,SHORT_OF_A_GOOD_LENGTH,41,31,2,7.94,15.5,20.5,Sri Lanka
325026,Glenn Maxwell,spin bowler,Right Off Spin,DOWN_LEG,FULL,67,31,2,12.97,15.5,33.5,Australia
232364,Tim Southee,pace bowler,Right Fast,OUTSIDE_OFFSTUMP,YORKER,20,31,1,3.87,31.0,20.0,New Zealand
553800,Chris Tremain,pace bowler,Right Fast,OUTSIDE_OFFSTUMP,SHORT,70,31,3,13.55,10.33,23.33,Australia
1111917,Darshan Nalkande,pace bowler,Right Fast,OUTSIDE_OFFSTUMP,GOOD_LENGTH,44,31,1,8.52,31.0,44.0,India
512907,Tom Helm,pace bowler,Right Fast,OUTSIDE_OFFSTUMP,GOOD_LENGTH,33,31,5,6.39,6.2,6.6,England
502714,Mitchell Santner,spin bowler,Left Off Spin,DOWN_LEG,FULL,54,31,1,10.45,31.0,54.0,New Zealand
1152427,Dunith Wellalage,spin bowler,Left Off Spin,OUTSIDE_OFFSTUMP,SHORT_OF_A_GOOD_LENGTH,26,31,3,5.03,10.33,8.67,Sri Lanka
501907,Daryn Dupavillon,pace bowler,Right Fast,ON_THE_STUMPS,SHORT_OF_A_GOOD_LENGTH,33,31,2,6.39,15.5,16.5,South Africa
779937,David Moody,pace bowler,Right Fast,OUTSIDE_OFFSTUMP,GOOD_LENGTH,29,31,2,5.61,15.5,14.5,Australia
917159,Prasidh Krishna,pace bowler,Right Fast,DOWN_LEG,SHORT_OF_A_GOOD_LENGTH,31,31,1,6.0,31.0,31.0,India
974109,Mujeeb Ur Rahman,spin bowler,Right Off Spin,DOWN_LEG,GOOD_LENGTH,110,31,2,21.29,15.5,55.0,Afghanistan
56058,Nabil Samad,spin bowler,Left Off Spin,OUTSIDE_OFFSTUMP,GOOD_LENGTH,18,31,3,3.48,10.33,6.0,Bangladesh
233904,Yasim Murtaza,spin bowler,Left Off Spin,ON_THE_STUMPS,FULL,31,31,2,6.0,15.5,15.5,Hong Kong
1161606,Haris Rauf,pace bowler,Right Fast,WIDE_OUTSIDE_OFFSTUMP,FULL,53,31,1,10.26,31.0,53.0,Pakistan
783423,Imran Khan,pace bowler,Left Fast,ON_THE_STUMPS,GOOD_LENGTH,27,31,2,5.23,15.5,13.5,Pakistan
1158088,Naseem Shah,pace bowler,Right Fast,DOWN_LEG,GOOD_LENGTH,48,31,1,9.29,31.0,48.0,Pakistan
1076721,Lloyd Pope,spin bowler,Right Wrist Spin,ON_THE_STUMPS,FULL,49,31,2,9.48,15.5,24.5,Australia
430246,Yuzvendra Chahal,spin bowler,Right Wrist Spin,ON_THE_STUMPS,FULL_TOSS,40,31,3,7.74,10.33,13.33,India
489889,Pat Cummins,pace bowler,Right Fast,OUTSIDE_OFFSTUMP,FULL_TOSS,53,31,2,10.26,15.5,26.5,Australia
52912,Ravi Rampaul,pace bowler,Right Fast,ON_THE_STUMPS,SHORT,58,31,6,11.23,5.17,9.67,West Indies
45789,Jacques Kallis,pace bowler,Right Fast,OUTSIDE_OFFSTUMP,GOOD_LENGTH,25,31,1,4.84,31.0,25.0,South Africa
376324,Anureet Singh,pace bowler,Right Medium,ON_THE_STUMPS,GOOD_LENGTH,41,31,1,7.94,31.0,41.0,India
499660,Gurinder Sandhu,pace bowler,Right Fast,OUTSIDE_OFFSTUMP,SHORT,71,31,1,13.74,31.0,71.0,Australia
55633,Chris Mpofu,pace bowler,Right Fast,OUTSIDE_OFFSTUMP,FULL,56,31,1,10.84,31.0,56.0,Zimbabwe
927119,Ali Khan,pace bowler,Right Fast,DOWN_LEG,FULL,26,31,2,5.03,15.5,13.0,United States of America
234675,Ravindra Jadeja,spin bowler,Left Off Spin,WIDE_OUTSIDE_OFFSTUMP,FULL,48,31,5,9.29,6.2,9.6,India
1158100,Mohammad Hasnain,pace bowler,Right Fast,OUTSIDE_OFFSTUMP,FULL_TOSS,58,31,2,11.23,15.5,29.0,Pakistan
272477,Jason Behrendorff,pace bowler,Left Fast,WIDE_OUTSIDE_OFFSTUMP,FULL,57,31,5,11.03,6.2,11.4,Australia
1058924,Nasrulla Rana,pace bowler,Right Fast,OUTSIDE_OFFSTUMP,GOOD_LENGTH,48,31,2,9.29,15.5,24.0,Hong Kong
781705,Salman Irshad,pace bowler,Right Fast,ON_THE_STUMPS,FULL_TOSS,51,31,6,9.87,5.17,8.5,Pakistan
595419,Brandon Glover,pace bowler,Right Fast,OUTSIDE_OFFSTUMP,SHORT_OF_A_GOOD_LENGTH,24,31,1,4.65,31.0,24.0,Netherlands
232491,Anwar Ali,pace bowler,Right Fast,OUTSIDE_OFFSTUMP,SHORT,87,31,3,16.84,10.33,29.0,Pakistan
444135,Sohag Gazi,spin bowler,Right Off Spin,OUTSIDE_OFFSTUMP,FULL,29,31,2,5.61,15.5,14.5,Bangladesh
511532,Al-Amin Hossain,pace bowler,Right Fast,OUTSIDE_OFFSTUMP,FULL_TOSS,61,31,4,11.81,7.75,15.25,Bangladesh
319746,Shapoor Zadran,pace bowler,Left Fast,ON_THE_STUMPS,GOOD_LENGTH,44,31,1,8.52,31.0,44.0,Afghanistan
308251,David Willey,pace bowler,Left Fast,DOWN_LEG,SHORT,69,31,2,13.35,15.5,34.5,England
267724,Keshav Maharaj,spin bowler,Left Off Spin,WIDE_OUTSIDE_OFFSTUMP,GOOD_LENGTH,44,31,2,8.52,15.5,22.0,South Africa
348152,Usman Qadir,spin bowler,Right Wrist Spin,WIDE_OUTSIDE_OFFSTUMP,FULL,80,31,1,15.48,31.0,80.0,Pakistan
1194795,Matheesha Pathirana,pace bowler,Right Fast,WIDE_OUTSIDE_OFFSTUMP,FULL,43,31,2,8.32,15.5,21.5,Sri Lanka
1132005,Mohsin Khan,pace bowler,Left Fast,DOWN_LEG,SHORT_OF_A_GOOD_LENGTH,29,31,1,5.61,31.0,29.0,India
1353033,Muhammad Jawadullah,pace bowler,Left Fast,OUTSIDE_OFFSTUMP,SHORT_OF_A_GOOD_LENGTH,41,31,3,7.94,10.33,13.67,United Arab Emirates
1131607,Shams Mulani,spin bowler,Left Off Spin,OUTSIDE_OFFSTUMP,FULL,39,31,1,7.55,31.0,39.0,India
36084,Yuvraj Singh,spin bowler,Left Off Spin,OUTSIDE_OFFSTUMP,SHORT_OF_A_GOOD_LENGTH,33,31,1,6.39,31.0,33.0,India
1072470,Shaheen Shah Afridi,pace bowler,Left Fast,DOWN_LEG,YORKER,15,31,1,2.9,31.0,15.0,Pakistan
629070,Mohammad Saifuddin,pace bowler,Right Fast,ON_THE_STUMPS,YORKER,19,31,5,3.68,6.2,3.8,Bangladesh
533042,Billy Stanlake,pace bowler,Right Fast,DOWN_LEG,SHORT_OF_A_GOOD_LENGTH,58,31,2,11.23,15.5,29.0,Australia
1065662,Roshon Primus,pace bowler,Right Medium,ON_THE_STUMPS,SHORT_OF_A_GOOD_LENGTH,32,31,2,6.19,15.5,16.0,West Indies
393289,Shaun von Berg,spin bowler,Right Wrist Spin,OUTSIDE_OFFSTUMP,GOOD_LENGTH,46,31,1,8.9,31.0,46.0,South Africa
315623,Ben Laughlin,pace bowler,Right Fast,ON_THE_STUMPS,FULL_TOSS,49,31,1,9.48,31.0,49.0,Australia
914467,Anderson Phillip,pace bowler,Right Fast,OUTSIDE_OFFSTUMP,SHORT_OF_A_GOOD_LENGTH,35,31,1,6.77,31.0,35.0,West Indies
32965,Munaf Patel,pace bowler,Right Fast,OUTSIDE_OFFSTUMP,GOOD_LENGTH,24,31,1,4.65,31.0,24.0,India
1131754,Chetan Sakariya,pace bowler,Left Fast,ON_THE_STUMPS,FULL,59,31,2,11.42,15.5,29.5,India
316318,Khalid Usman,spin bowler,Left Off Spin,OUTSIDE_OFFSTUMP,GOOD_LENGTH,27,31,1,5.23,31.0,27.0,Pakistan
43590,Wahab Riaz,pace bowler,Left Fast,WIDE_OUTSIDE_OFFSTUMP,FULL_TOSS,72,31,2,13.94,15.5,36.0,Pakistan
277912,Trent Boult,pace bowler,Left Fast,WIDE_OUTSIDE_OFFSTUMP,GOOD_LENGTH,52,31,4,10.06,7.75,13.0,New Zealand
277912,Trent Boult,pace bowler,Left Fast,WIDE_OUTSIDE_OFFSTUMP,SHORT_OF_A_GOOD_LENGTH,52,31,3,10.06,10.33,17.33,New Zealand
10582,Ravi Bopara,pace bowler,Right Medium,WIDE_OUTSIDE_OFFSTUMP,GOOD_LENGTH,33,31,1,6.39,31.0,33.0,England
398666,Sean Abbott,pace bowler,Right Fast,DOWN_LEG,GOOD_LENGTH,34,31,4,6.58,7.75,8.5,Australia
1193685,Todd Murphy,spin bowler,Right Off Spin,OUTSIDE_OFFSTUMP,SHORT_OF_A_GOOD_LENGTH,35,31,1,6.77,31.0,35.0,Australia
732291,Basil Thampi,pace bowler,Right Fast,ON_THE_STUMPS,SHORT_OF_A_GOOD_LENGTH,31,31,2,6.0,15.5,15.5,India
1212829,Ali Naseer,pace bowler,Right Medium,OUTSIDE_OFFSTUMP,FULL,62,31,2,12.0,15.5,31.0,United Arab Emirates
314622,Krishmar Santokie,pace bowler,Left Medium,DOWN_LEG,GOOD_LENGTH,47,31,3,9.1,10.33,15.67,West Indies
282607,Delwar Hossain,pace bowler,Right Medium,OUTSIDE_OFFSTUMP,GOOD_LENGTH,45,31,1,8.71,31.0,45.0,Bangladesh
537119,Mohit Sharma,pace bowler,Right Medium,WIDE_OUTSIDE_OFFSTUMP,SHORT_OF_A_GOOD_LENGTH,55,31,2,10.65,15.5,27.5,India
440522,Logan van Beek,pace bowler,Right Fast,OUTSIDE_OFFSTUMP,FULL,44,31,1,8.52,31.0,44.0,Netherlands
537119,Mohit Sharma,pace bowler,Right Medium,WIDE_OUTSIDE_OFFSTUMP,SHORT,76,31,3,14.71,10.33,25.33,India
1210511,Nahid Rana,pace bowler,Right Medium,OUTSIDE_OFFSTUMP,SHORT_OF_A_GOOD_LENGTH,38,31,1,7.35,31.0,38.0,Bangladesh
670031,Alzarri Joseph,pace bowler,Right Fast,DOWN_LEG,GOOD_LENGTH,13,31,1,2.52,31.0,13.0,West Indies
537119,Mohit Sharma,pace bowler,Right Medium,DOWN_LEG,SHORT,67,31,4,12.97,7.75,16.75,India
215152,Jackson Bird,pace bowler,Right Fast,WIDE_OUTSIDE_OFFSTUMP,FULL,31,31,3,6.0,10.33,10.33,Australia
540316,Andile Phehlukwayo,pace bowler,Right Fast,WIDE_OUTSIDE_OFFSTUMP,SHORT_OF_A_GOOD_LENGTH,48,31,1,9.29,31.0,48.0,South Africa
398666,Sean Abbott,pace bowler,Right Fast,WIDE_OUTSIDE_OFFSTUMP,GOOD_LENGTH,42,31,4,8.13,7.75,10.5,Australia
526021,Cole McConchie,spin bowler,Right Off Spin,OUTSIDE_OFFSTUMP,SHORT_OF_A_GOOD_LENGTH,40,31,1,7.74,31.0,40.0,New Zealand
698189,Wiaan Mulder,pace bowler,Right Medium,ON_THE_STUMPS,GOOD_LENGTH,38,31,1,7.35,31.0,38.0,South Africa
1234111,Mohammad Imran,pace bowler,Left Fast,ON_THE_STUMPS,FULL,38,31,1,7.35,31.0,38.0,Pakistan
1163695,Kuldeep Sen,pace bowler,Right Fast,OUTSIDE_OFFSTUMP,FULL,71,31,1,13.74,31.0,71.0,India
440523,Ben Wheeler,pace bowler,Left Fast,ON_THE_STUMPS,GOOD_LENGTH,40,31,1,7.74,31.0,40.0,New Zealand
1139520,Tanzim Hasan Sakib,pace bowler,Right Medium,ON_THE_STUMPS,SHORT_OF_A_GOOD_LENGTH,45,31,1,8.71,31.0,45.0,Bangladesh
1191384,Peter Hatzoglou,spin bowler,Right Wrist Spin,WIDE_OUTSIDE_OFFSTUMP,FULL,46,31,2,8.9,15.5,23.0,Australia
550235,Tom Curran,pace bowler,Right Fast,DOWN_LEG,GOOD_LENGTH,42,30,1,8.4,30.0,42.0,England
932355,Ebadot Hossain,pace bowler,Right Fast,ON_THE_STUMPS,FULL,32,30,2,6.4,15.0,16.0,Bangladesh
623695,Chamika Karunaratne,pace bowler,Right Fast,DOWN_LEG,SHORT_OF_A_GOOD_LENGTH,31,30,1,6.2,30.0,31.0,Sri Lanka
792519,Dhananjaya Lakshan,pace bowler,Right Fast,OUTSIDE_OFFSTUMP,GOOD_LENGTH,34,30,3,6.8,10.0,11.33,Sri Lanka
556684,Mir Hamza,pace bowler,Left Medium,ON_THE_STUMPS,SHORT_OF_A_GOOD_LENGTH,41,30,1,8.2,30.0,41.0,Pakistan
440523,Ben Wheeler,pace bowler,Left Fast,OUTSIDE_OFFSTUMP,GOOD_LENGTH,43,30,2,8.6,15.0,21.5,New Zealand
228622,John Hastings,pace bowler,Right Fast,ON_THE_STUMPS,SHORT_OF_A_GOOD_LENGTH,48,30,1,9.6,30.0,48.0,Australia
1241271,Muhammad Farooq,spin bowler,Right Wrist Spin,ON_THE_STUMPS,GOOD_LENGTH,32,30,1,6.4,30.0,32.0,
30288,Karn Sharma,spin bowler,Right Wrist Spin,DOWN_LEG,FULL,49,30,2,9.8,15.0,24.5,India
439952,Chris Morris,pace bowler,Right Fast,OUTSIDE_OFFSTUMP,YORKER,20,30,1,4.0,30.0,20.0,South Africa
599385,Ian McPeake,pace bowler,Right Fast,OUTSIDE_OFFSTUMP,GOOD_LENGTH,30,30,2,6.0,15.0,15.0,New Zealand
481896,Mohammed Shami,pace bowler,Right Fast,DOWN_LEG,SHORT,58,30,3,11.6,10.0,19.33,India
489889,Pat Cummins,pace bowler,Right Fast,DOWN_LEG,SHORT_OF_A_GOOD_LENGTH,24,30,1,4.8,30.0,24.0,Australia
1175458,Akash Singh,pace bowler,Left Fast,ON_THE_STUMPS,GOOD_LENGTH,31,30,1,6.2,30.0,31.0,India
623977,Agha Salman,spin bowler,Right Off Spin,OUTSIDE_OFFSTUMP,GOOD_LENGTH,39,30,1,7.8,30.0,39.0,Pakistan
429122,Umaid Asif,pace bowler,Right Fast,ON_THE_STUMPS,FULL,45,30,2,9.0,15.0,22.5,Pakistan
1163488,Rejaur Rahman Raja,pace bowler,Right Medium,ON_THE_STUMPS,GOOD_LENGTH,34,30,3,6.8,10.0,11.33,Bangladesh
31820,Ashish Nehra,pace bowler,Left Fast,OUTSIDE_OFFSTUMP,SHORT,63,30,4,12.6,7.5,15.75,India
276298,Andre Russell,pace bowler,Right Fast,DOWN_LEG,GOOD_LENGTH,64,30,1,12.8,30.0,64.0,West Indies
552152,Dushmantha Chameera,pace bowler,Right Fast,OUTSIDE_OFFSTUMP,YORKER,38,30,1,7.6,30.0,38.0,Sri Lanka
438362,Sandeep Sharma,pace bowler,Right Medium,DOWN_LEG,FULL,49,30,1,9.8,30.0,49.0,India
653695,Matt Parkinson,spin bowler,Right Wrist Spin,ON_THE_STUMPS,FULL,44,30,2,8.8,15.0,22.0,England
465793,Dhananjaya de Silva,spin bowler,Right Off Spin,DOWN_LEG,GOOD_LENGTH,30,30,2,6.0,15.0,15.0,Sri Lanka
1219972,Brody Couch,pace bowler,Right Medium,OUTSIDE_OFFSTUMP,SHORT_OF_A_GOOD_LENGTH,42,30,3,8.4,10.0,14.0,United States of America
1206039,Akash Madhwal,pace bowler,Right Fast,ON_THE_STUMPS,FULL,55,30,3,11.0,10.0,18.33,India
1078693,Joshua Bishop,spin bowler,Left Off Spin,OUTSIDE_OFFSTUMP,FULL,54,30,3,10.8,10.0,18.0,West Indies
1129664,Angus McKenzie,pace bowler,Right Medium,OUTSIDE_OFFSTUMP,GOOD_LENGTH,44,30,2,8.8,15.0,22.0,New Zealand
459257,Tymal Mills,pace bowler,Left Fast,WIDE_OUTSIDE_OFFSTUMP,FULL,74,30,1,14.8,30.0,74.0,England
288285,Clive Rose,spin bowler,Left Off Spin,OUTSIDE_OFFSTUMP,SHORT_OF_A_GOOD_LENGTH,52,30,1,10.4,30.0,52.0,Australia
211855,Liam Dawson,spin bowler,Left Off Spin,WIDE_OUTSIDE_OFFSTUMP,GOOD_LENGTH,47,30,1,9.4,30.0,47.0,England
605575,Matthew Short,spin bowler,Right Off Spin,DOWN_LEG,GOOD_LENGTH,42,30,2,8.4,15.0,21.0,Australia
696401,Marco Jansen,pace bowler,Left Fast,DOWN_LEG,SHORT,67,30,2,13.4,15.0,33.5,South Africa
43590,Wahab Riaz,pace bowler,Left Fast,ON_THE_STUMPS,FULL_TOSS,47,30,1,9.4,30.0,47.0,Pakistan
459508,Andrew Tye,pace bowler,Right Fast,DOWN_LEG,FULL,43,30,2,8.6,15.0,21.5,Australia
459508,Andrew Tye,pace bowler,Right Fast,OUTSIDE_OFFSTUMP,YORKER,16,30,2,3.2,15.0,8.0,Australia
437316,Dasun Shanaka,pace bowler,Right Medium,WIDE_OUTSIDE_OFFSTUMP,FULL,52,30,2,10.4,15.0,26.0,Sri Lanka
784379,Wanindu Hasaranga de Silva,spin bowler,Right Wrist Spin,DOWN_LEG,FULL,48,30,2,9.6,15.0,24.0,Sri Lanka
1131607,Shams Mulani,spin bowler,Left Off Spin,ON_THE_STUMPS,GOOD_LENGTH,38,30,1,7.6,30.0,38.0,India
376324,Anureet Singh,pace bowler,Right Medium,OUTSIDE_OFFSTUMP,FULL,32,30,2,6.4,15.0,16.0,India
30102,Zaheer Khan,pace bowler,Left Fast,DOWN_LEG,GOOD_LENGTH,35,30,2,7.0,15.0,17.5,India
806241,Richard Ngarava,pace bowler,Left Fast,DOWN_LEG,GOOD_LENGTH,40,30,1,8.0,30.0,40.0,Zimbabwe
681305,Hasan Ali,pace bowler,Right Fast,DOWN_LEG,GOOD_LENGTH,49,30,2,9.8,15.0,24.5,Pakistan
709675,James Bazley,pace bowler,Right Fast,ON_THE_STUMPS,SHORT_OF_A_GOOD_LENGTH,47,30,1,9.4,30.0,47.0,Australia
351588,Mark Wood,pace bowler,Right Fast,ON_THE_STUMPS,SHORT,46,30,5,9.2,6.0,9.2,England
721041,Dushan Hemantha,spin bowler,Right Wrist Spin,OUTSIDE_OFFSTUMP,GOOD_LENGTH,42,30,1,8.4,30.0,42.0,Sri Lanka
473191,Richard Gleeson,pace bowler,Right Fast,OUTSIDE_OFFSTUMP,SHORT,51,30,6,10.2,5.0,8.5,England
471342,Krunal Pandya,spin bowler,Left Off Spin,OUTSIDE_OFFSTUMP,SHORT,63,30,2,12.6,15.0,31.5,India
1411895,Omid Shafi Rahman,pace bowler,Right Medium,OUTSIDE_OFFSTUMP,GOOD_LENGTH,28,30,3,5.6,10.0,9.33,
681305,Hasan Ali,pace bowler,Right Fast,WIDE_OUTSIDE_OFFSTUMP,SHORT_OF_A_GOOD_LENGTH,34,30,2,6.8,15.0,17.0,Pakistan
1138316,Maheesh Theekshana,spin bowler,Right Off Spin,WIDE_OUTSIDE_OFFSTUMP,GOOD_LENGTH,35,30,1,7.0,30.0,35.0,Sri Lanka
799327,Ashutosh Aman,spin bowler,Left Off Spin,OUTSIDE_OFFSTUMP,GOOD_LENGTH,38,30,3,7.6,10.0,12.67,India
438563,Mark Chapman,spin bowler,Left Off Spin,ON_THE_STUMPS,GOOD_LENGTH,37,30,2,7.4,15.0,18.5,New Zealand
475281,Shardul Thakur,pace bowler,Right Medium,WIDE_OUTSIDE_OFFSTUMP,SHORT_OF_A_GOOD_LENGTH,36,30,1,7.2,30.0,36.0,India
311427,Hamid Hassan,pace bowler,Right Fast,OUTSIDE_OFFSTUMP,SHORT_OF_A_GOOD_LENGTH,25,30,3,5.0,10.0,8.33,Afghanistan
1158538,Abbas Afridi,pace bowler,Right Fast,WIDE_OUTSIDE_OFFSTUMP,GOOD_LENGTH,57,30,2,11.4,15.0,28.5,Pakistan
629070,Mohammad Saifuddin,pace bowler,Right Fast,OUTSIDE_OFFSTUMP,YORKER,16,30,1,3.2,30.0,16.0,Bangladesh
793447,Naveen-ul-Haq,pace bowler,Right Fast,ON_THE_STUMPS,FULL_TOSS,50,30,1,10.0,30.0,50.0,Afghanistan
414990,Jake Ball,pace bowler,Right Fast,ON_THE_STUMPS,FULL,46,30,2,9.2,15.0,23.0,England
530011,Travis Head,spin bowler,Right Off Spin,ON_THE_STUMPS,FULL,39,30,3,7.8,10.0,13.0,Australia
959833,Wes Agar,pace bowler,Right Fast,WIDE_OUTSIDE_OFFSTUMP,GOOD_LENGTH,40,30,1,8.0,30.0,40.0,Australia
51782,Fidel Edwards,pace bowler,Right Fast,ON_THE_STUMPS,SHORT,52,30,3,10.4,10.0,17.33,West Indies
527362,Chirag Jani,pace bowler,Right Medium,OUTSIDE_OFFSTUMP,GOOD_LENGTH,30,30,1,6.0,30.0,30.0,India
1104703,Fred Klaassen,pace bowler,Left Fast,ON_THE_STUMPS,FULL,47,30,2,9.4,15.0,23.5,England
926851,Mukesh Kumar,pace bowler,Right Medium,ON_THE_STUMPS,FULL_TOSS,62,30,5,12.4,6.0,12.4,India
498440,Ronsford Beaton,pace bowler,Right Fast,ON_THE_STUMPS,FULL_TOSS,34,30,3,6.8,10.0,11.33,West Indies
379927,Beuran Hendricks,pace bowler,Left Fast,ON_THE_STUMPS,FULL,51,30,1,10.2,30.0,51.0,South Africa
1058508,Abinash Bohara,pace bowler,Right Medium,ON_THE_STUMPS,FULL,46,30,1,9.2,30.0,46.0,Nepal
524247,Alei Nao,pace bowler,Right Medium,OUTSIDE_OFFSTUMP,GOOD_LENGTH,17,30,2,3.4,15.0,8.5,Papua New Guinea
300619,Rubel Hossain,pace bowler,Right Fast,DOWN_LEG,SHORT_OF_A_GOOD_LENGTH,53,30,2,10.6,15.0,26.5,Bangladesh
379927,Beuran Hendricks,pace bowler,Left Fast,OUTSIDE_OFFSTUMP,SHORT,54,30,4,10.8,7.5,13.5,South Africa
990165,Mukidul Islam,pace bowler,Right Fast,OUTSIDE_OFFSTUMP,SHORT,38,30,1,7.6,30.0,38.0,Bangladesh
326017,Siddarth Kaul,pace bowler,Right Medium,ON_THE_STUMPS,FULL_TOSS,63,30,3,12.6,10.0,21.0,India
628240,Hussain Talat,pace bowler,Right Fast,OUTSIDE_OFFSTUMP,SHORT,62,30,2,12.4,15.0,31.0,Pakistan
1185538,Mohammad Wasim,pace bowler,Right Fast,OUTSIDE_OFFSTUMP,FULL_TOSS,66,30,2,13.2,15.0,33.0,Pakistan
402245,Amir Hamza,spin bowler,Left Off Spin,ON_THE_STUMPS,FULL,25,30,1,5.0,30.0,25.0,Afghanistan
498440,Ronsford Beaton,pace bowler,Right Fast,ON_THE_STUMPS,SHORT_OF_A_GOOD_LENGTH,39,30,3,7.8,10.0,13.0,West Indies
49535,Nuwan Kulasekara,pace bowler,Right Fast,ON_THE_STUMPS,FULL,39,30,2,7.8,15.0,19.5,Sri Lanka
1276980,Ripon Mondol,pace bowler,Right Medium,ON_THE_STUMPS,GOOD_LENGTH,34,30,1,6.8,30.0,34.0,Bangladesh
315623,Ben Laughlin,pace bowler,Right Fast,OUTSIDE_OFFSTUMP,FULL_TOSS,71,30,3,14.2,10.0,23.67,Australia
793007,Dilshan Madushanka,pace bowler,Left Fast,DOWN_LEG,SHORT_OF_A_GOOD_LENGTH,48,30,2,9.6,15.0,24.0,Sri Lanka
1090866,Vijay Unni,spin bowler,Right Off Spin,ON_THE_STUMPS,GOOD_LENGTH,22,30,2,4.4,15.0,11.0,Malaysia
328026,Isuru Udana,pace bowler,Left Fast,ON_THE_STUMPS,YORKER,20,30,3,4.0,10.0,6.67,Sri Lanka
1088610,Jack Edwards,pace bowler,Right Medium,ON_THE_STUMPS,GOOD_LENGTH,59,30,1,11.8,30.0,59.0,Australia
393055,Jackson Coleman,pace bowler,Left Fast,ON_THE_STUMPS,GOOD_LENGTH,16,30,3,3.2,10.0,5.33,Australia
1123787,Robiul Haque,pace bowler,Right Fast,OUTSIDE_OFFSTUMP,GOOD_LENGTH,54,30,2,10.8,15.0,27.0,Bangladesh
530811,Chandrapaul Hemraj,spin bowler,Left Off Spin,OUTSIDE_OFFSTUMP,FULL,57,30,2,11.4,15.0,28.5,West Indies
774223,Jhye Richardson,pace bowler,Right Fast,OUTSIDE_OFFSTUMP,FULL_TOSS,64,30,2,12.8,15.0,32.0,Australia
51433,Samuel Badree,spin bowler,Right Wrist Spin,DOWN_LEG,GOOD_LENGTH,29,30,1,5.8,30.0,29.0,West Indies
1076392,Mehran Mumtaz,spin bowler,Left Off Spin,OUTSIDE_OFFSTUMP,GOOD_LENGTH,18,30,3,3.6,10.0,6.0,Pakistan
328026,Isuru Udana,pace bowler,Left Fast,ON_THE_STUMPS,SHORT,50,30,1,10.0,30.0,50.0,Sri Lanka
977451,Jack Prestwidge,pace bowler,Right Fast,ON_THE_STUMPS,SHORT_OF_A_GOOD_LENGTH,36,29,1,7.45,29.0,36.0,Australia
917159,Prasidh Krishna,pace bowler,Right Fast,WIDE_OUTSIDE_OFFSTUMP,FULL,55,29,2,11.38,14.5,27.5,India
311592,Mitchell Starc,pace bowler,Left Fast,ON_THE_STUMPS,SHORT,37,29,1,7.66,29.0,37.0,Australia
851403,Venkatesh Iyer,pace bowler,Right Medium,OUTSIDE_OFFSTUMP,GOOD_LENGTH,46,29,3,9.52,9.67,15.33,India
541224,Luke Jongwe,pace bowler,Right Fast,OUTSIDE_OFFSTUMP,FULL_TOSS,54,29,3,11.17,9.67,18.0,Zimbabwe
516561,Dawlat Zadran,pace bowler,Right Fast,OUTSIDE_OFFSTUMP,FULL,41,29,1,8.48,29.0,41.0,Afghanistan
955235,Nuwan Thushara,pace bowler,Right Fast,ON_THE_STUMPS,FULL_TOSS,41,29,1,8.48,29.0,41.0,Sri Lanka
324358,Nuwan Pradeep,pace bowler,Right Fast,ON_THE_STUMPS,FULL_TOSS,65,29,4,13.45,7.25,16.25,Sri Lanka
245166,Mudassar Bukhari,pace bowler,Right Fast,ON_THE_STUMPS,GOOD_LENGTH,43,29,1,8.9,29.0,43.0,Netherlands
24599,Boyd Rankin,pace bowler,Right Fast,OUTSIDE_OFFSTUMP,SHORT_OF_A_GOOD_LENGTH,37,29,3,7.66,9.67,12.33,Ireland
325012,Marcus Stoinis,pace bowler,Right Medium,DOWN_LEG,GOOD_LENGTH,38,29,2,7.86,14.5,19.0,Australia
1108830,Nyeem Young,pace bowler,Right Medium,OUTSIDE_OFFSTUMP,FULL,56,29,2,11.59,14.5,28.0,West Indies
348056,Kyle Mayers,pace bowler,Right Medium,WIDE_OUTSIDE_OFFSTUMP,FULL,55,29,1,11.38,29.0,55.0,West Indies
375724,Kamrul Islam,pace bowler,Right Fast,ON_THE_STUMPS,FULL,35,29,2,7.24,14.5,17.5,Bangladesh
24599,Boyd Rankin,pace bowler,Right Fast,OUTSIDE_OFFSTUMP,GOOD_LENGTH,28,29,1,5.79,29.0,28.0,Ireland
990039,Shoriful Islam,pace bowler,Left Fast,DOWN_LEG,GOOD_LENGTH,39,29,2,8.07,14.5,19.5,Bangladesh
670031,Alzarri Joseph,pace bowler,Right Fast,OUTSIDE_OFFSTUMP,FULL_TOSS,46,29,1,9.52,29.0,46.0,West Indies
277906,Kane Williamson,spin bowler,Right Off Spin,OUTSIDE_OFFSTUMP,GOOD_LENGTH,29,29,1,6.0,29.0,29.0,New Zealand
537119,Mohit Sharma,pace bowler,Right Medium,ON_THE_STUMPS,FULL_TOSS,63,29,2,13.03,14.5,31.5,India
297583,Kyle Abbott,pace bowler,Right Fast,OUTSIDE_OFFSTUMP,FULL,29,29,2,6.0,14.5,14.5,South Africa
1158538,Abbas Afridi,pace bowler,Right Fast,WIDE_OUTSIDE_OFFSTUMP,FULL,68,29,1,14.07,29.0,68.0,Pakistan
533862,Mohammad Naveed,pace bowler,Right Medium,ON_THE_STUMPS,GOOD_LENGTH,31,29,1,6.41,29.0,31.0,United Arab Emirates
596417,Brydon Carse,pace bowler,Right Fast,ON_THE_STUMPS,GOOD_LENGTH,39,29,3,8.07,9.67,13.0,England
533561,Waqas Maqsood,pace bowler,Left Fast,ON_THE_STUMPS,FULL,53,29,3,10.97,9.67,17.67,Pakistan
527663,Jagadeesha Suchith,spin bowler,Left Off Spin,ON_THE_STUMPS,FULL,40,29,1,8.28,29.0,40.0,India
596417,Brydon Carse,pace bowler,Right Fast,ON_THE_STUMPS,SHORT_OF_A_GOOD_LENGTH,45,29,4,9.31,7.25,11.25,England
355269,James Neesham,pace bowler,Right Fast,OUTSIDE_OFFSTUMP,FULL_TOSS,61,29,2,12.62,14.5,30.5,New Zealand
1344829,Rizwan Butt,pace bowler,Right Medium,ON_THE_STUMPS,FULL,39,29,4,8.07,7.25,9.75,Bahrain
1410574,Arif Yaqoob,spin bowler,Right Wrist Spin,ON_THE_STUMPS,GOOD_LENGTH,30,29,4,6.21,7.25,7.5,Pakistan
559066,Ish Sodhi,spin bowler,Right Wrist Spin,OUTSIDE_OFFSTUMP,FULL_TOSS,36,29,4,7.45,7.25,9.0,New Zealand
629070,Mohammad Saifuddin,pace bowler,Right Fast,OUTSIDE_OFFSTUMP,SHORT,52,29,1,10.76,29.0,52.0,Bangladesh
1131647,Ashmead Nedd,spin bowler,Left Off Spin,OUTSIDE_OFFSTUMP,SHORT_OF_A_GOOD_LENGTH,30,29,2,6.21,14.5,15.0,West Indies
371814,Kevon Cooper,pace bowler,Right Medium,OUTSIDE_OFFSTUMP,SHORT_OF_A_GOOD_LENGTH,34,29,2,7.03,14.5,17.0,West Indies
1070183,Abhishek Sharma,spin bowler,Left Off Spin,ON_THE_STUMPS,SHORT_OF_A_GOOD_LENGTH,57,29,1,11.79,29.0,57.0,India
1171289,Al Islam,spin bowler,Right Off Spin,OUTSIDE_OFFSTUMP,FULL,39,29,3,8.07,9.67,13.0,Bangladesh
681117,Faheem Ashraf,pace bowler,Right Medium,ON_THE_STUMPS,SHORT,83,29,1,17.17,29.0,83.0,Pakistan
1353033,Muhammad Jawadullah,pace bowler,Left Fast,OUTSIDE_OFFSTUMP,FULL,38,29,1,7.86,29.0,38.0,United Arab Emirates
440520,Bevan Small,pace bowler,Right Fast,ON_THE_STUMPS,GOOD_LENGTH,27,29,3,5.59,9.67,9.0,New Zealand
277912,Trent Boult,pace bowler,Left Fast,DOWN_LEG,YORKER,12,29,1,2.48,29.0,12.0,New Zealand
390481,Harshal Patel,pace bowler,Right Medium,WIDE_OUTSIDE_OFFSTUMP,SHORT,61,29,3,12.62,9.67,20.33,India
892749,Tim David,spin bowler,Right Off Spin,ON_THE_STUMPS,FULL,48,29,1,9.93,29.0,48.0,Australia
457249,Carlos Brathwaite,pace bowler,Right Fast,ON_THE_STUMPS,YORKER,16,29,2,3.31,14.5,8.0,West Indies
221140,David Wiese,pace bowler,Right Fast,DOWN_LEG,SHORT_OF_A_GOOD_LENGTH,50,29,1,10.34,29.0,50.0,Namibia
51880,Chris Gayle,spin bowler,Right Off Spin,ON_THE_STUMPS,GOOD_LENGTH,27,29,3,5.59,9.67,9.0,West Indies
247235,Chris Woakes,pace bowler,Right Fast,DOWN_LEG,SHORT_OF_A_GOOD_LENGTH,42,29,2,8.69,14.5,21.0,England
398666,Sean Abbott,pace bowler,Right Fast,DOWN_LEG,SHORT_OF_A_GOOD_LENGTH,24,29,1,4.97,29.0,24.0,Australia
1079839,Anukul Roy,spin bowler,Left Off Spin,ON_THE_STUMPS,FULL,49,29,2,10.14,14.5,24.5,India
1176959,Akash Deep,pace bowler,Right Fast,OUTSIDE_OFFSTUMP,SHORT_OF_A_GOOD_LENGTH,44,29,1,9.1,29.0,44.0,India
4864,Dan Christian,pace bowler,Right Fast,DOWN_LEG,FULL,73,29,3,15.1,9.67,24.33,Australia
290727,Rishi Dhawan,pace bowler,Right Fast,ON_THE_STUMPS,SHORT_OF_A_GOOD_LENGTH,35,29,3,7.24,9.67,11.67,India
290727,Rishi Dhawan,pace bowler,Right Fast,ON_THE_STUMPS,FULL,51,29,2,10.55,14.5,25.5,India
1272475,Zaman Khan,pace bowler,Right Fast,OUTSIDE_OFFSTUMP,FULL_TOSS,35,29,1,7.24,29.0,35.0,Pakistan
425639,Tendai Chatara,pace bowler,Right Fast,ON_THE_STUMPS,SHORT_OF_A_GOOD_LENGTH,37,29,2,7.66,14.5,18.5,Zimbabwe
56125,Shohidul Islam,pace bowler,Right Medium,OUTSIDE_OFFSTUMP,SHORT,57,29,6,11.79,4.83,9.5,Bangladesh
633697,Shahrukh Quddus,pace bowler,Right Medium,OUTSIDE_OFFSTUMP,SHORT_OF_A_GOOD_LENGTH,52,29,1,10.76,29.0,52.0,Kuwait
25613,Amjad Javed,pace bowler,Right Medium,OUTSIDE_OFFSTUMP,GOOD_LENGTH,23,29,4,4.76,7.25,5.75,United Arab Emirates
784367,Charith Asalanka,spin bowler,Right Off Spin,OUTSIDE_OFFSTUMP,GOOD_LENGTH,22,29,2,4.55,14.5,11.0,Sri Lanka
917159,Prasidh Krishna,pace bowler,Right Fast,OUTSIDE_OFFSTUMP,FULL_TOSS,39,29,2,8.07,14.5,19.5,India
807535,Brad Wheal,pace bowler,Right Fast,ON_THE_STUMPS,FULL,60,29,3,12.41,9.67,20.0,Scotland
1158088,Naseem Shah,pace bowler,Right Fast,DOWN_LEG,SHORT_OF_A_GOOD_LENGTH,33,29,2,6.83,14.5,16.5,Pakistan
787987,Marnus Labuschagne,spin bowler,Right Wrist Spin,OUTSIDE_OFFSTUMP,GOOD_LENGTH,44,29,3,9.1,9.67,14.67,Australia
38607,William Somerville,spin bowler,Right Off Spin,ON_THE_STUMPS,FULL,39,29,1,8.07,29.0,39.0,New Zealand
328026,Isuru Udana,pace bowler,Left Fast,WIDE_OUTSIDE_OFFSTUMP,FULL_TOSS,57,29,1,11.79,29.0,57.0,Sri Lanka
38607,William Somerville,spin bowler,Right Off Spin,ON_THE_STUMPS,GOOD_LENGTH,45,29,2,9.31,14.5,22.5,New Zealand
792519,Dhananjaya Lakshan,pace bowler,Right Fast,OUTSIDE_OFFSTUMP,SHORT_OF_A_GOOD_LENGTH,41,29,2,8.48,14.5,20.5,Sri Lanka
235657,Steven Jacobs,spin bowler,Right Off Spin,OUTSIDE_OFFSTUMP,SHORT_OF_A_GOOD_LENGTH,65,29,1,13.45,29.0,65.0,West Indies
55633,Chris Mpofu,pace bowler,Right Fast,OUTSIDE_OFFSTUMP,SHORT,54,29,1,11.17,29.0,54.0,Zimbabwe
625371,Hardik Pandya,pace bowler,Right Fast,ON_THE_STUMPS,FULL_TOSS,75,29,1,15.52,29.0,75.0,India
1028665,Praveen Jayawickrama,spin bowler,Left Off Spin,ON_THE_STUMPS,GOOD_LENGTH,31,29,1,6.41,29.0,31.0,Sri Lanka
1348021,Rizwan Haider,pace bowler,Left Medium,OUTSIDE_OFFSTUMP,GOOD_LENGTH,34,29,1,7.03,29.0,34.0,Malaysia
425639,Tendai Chatara,pace bowler,Right Fast,ON_THE_STUMPS,FULL,61,29,2,12.62,14.5,30.5,Zimbabwe
49178,Rangana Herath,spin bowler,Left Off Spin,ON_THE_STUMPS,FULL,12,29,1,2.48,29.0,12.0,Sri Lanka
431910,Nicholson Gordon,pace bowler,Right Fast,OUTSIDE_OFFSTUMP,GOOD_LENGTH,45,29,1,9.31,29.0,45.0,West Indies
325026,Glenn Maxwell,spin bowler,Right Off Spin,WIDE_OUTSIDE_OFFSTUMP,GOOD_LENGTH,40,29,1,8.28,29.0,40.0,Australia
326017,Siddarth Kaul,pace bowler,Right Medium,ON_THE_STUMPS,YORKER,20,29,3,4.14,9.67,6.67,India
381183,Evan Gulbis,pace bowler,Right Medium,OUTSIDE_OFFSTUMP,GOOD_LENGTH,27,29,1,5.59,29.0,27.0,Australia
1323727,Junior Sinclair,spin bowler,Right Off Spin,ON_THE_STUMPS,GOOD_LENGTH,26,29,1,5.38,29.0,26.0,West Indies
1158100,Mohammad Hasnain,pace bowler,Right Fast,WIDE_OUTSIDE_OFFSTUMP,FULL,57,29,3,11.79,9.67,19.0,Pakistan
1161043,Mohammed Faraazuddin,spin bowler,Right Off Spin,OUTSIDE_OFFSTUMP,GOOD_LENGTH,42,29,1,8.69,29.0,42.0,United Arab Emirates
777815,Vijaykumar Vyshak,pace bowler,Right Medium,OUTSIDE_OFFSTUMP,SHORT,71,29,1,14.69,29.0,71.0,India
694211,Avesh Khan,pace bowler,Right Fast,DOWN_LEG,SHORT_OF_A_GOOD_LENGTH,32,29,2,6.62,14.5,16.0,India
1202098,Zakary Foulkes,pace bowler,Right Medium,OUTSIDE_OFFSTUMP,SHORT_OF_A_GOOD_LENGTH,25,29,1,5.17,29.0,25.0,New Zealand
244639,Harry Gurney,pace bowler,Left Fast,ON_THE_STUMPS,SHORT_OF_A_GOOD_LENGTH,32,29,1,6.62,29.0,32.0,England
40082,Ehsan Khan,spin bowler,Right Off Spin,OUTSIDE_OFFSTUMP,SHORT_OF_A_GOOD_LENGTH,48,29,2,9.93,14.5,24.0,Hong Kong
376116,Umesh Yadav,pace bowler,Right Fast,ON_THE_STUMPS,FULL_TOSS,62,29,4,12.83,7.25,15.5,India
506612,Matt Henry,pace bowler,Right Fast,ON_THE_STUMPS,FULL,25,29,1,5.17,29.0,25.0,New Zealand
1174143,Rafiullah,pace bowler,Right Medium,OUTSIDE_OFFSTUMP,GOOD_LENGTH,44,29,1,9.1,29.0,44.0,Oman
766809,Jordan Thompson,pace bowler,Right Fast,ON_THE_STUMPS,GOOD_LENGTH,28,28,4,6.0,7.0,7.0,England
25051,Mahuru Dai,mixture/unknown,Mixed,OUTSIDE_OFFSTUMP,GOOD_LENGTH,24,28,1,5.14,28.0,24.0,Papua New Guinea
698143,Lutho Sipamla,pace bowler,Right Fast,ON_THE_STUMPS,GOOD_LENGTH,29,28,3,6.21,9.33,9.67,South Africa
777815,Vijaykumar Vyshak,pace bowler,Right Medium,OUTSIDE_OFFSTUMP,GOOD_LENGTH,33,28,2,7.07,14.0,16.5,India
345821,Danushka Gunathilaka,spin bowler,Right Off Spin,OUTSIDE_OFFSTUMP,FULL,38,28,3,8.14,9.33,12.67,Sri Lanka
698343,Eathan Bosch,pace bowler,Right Fast,OUTSIDE_OFFSTUMP,FULL,40,28,1,8.57,28.0,40.0,South Africa
1124283,Aaron Hardie,pace bowler,Right Fast,ON_THE_STUMPS,FULL,45,28,2,9.64,14.0,22.5,Australia
1108830,Nyeem Young,pace bowler,Right Medium,ON_THE_STUMPS,GOOD_LENGTH,36,28,1,7.71,28.0,36.0,West Indies
646181,Nosaina Pokana,pace bowler,Left Fast,ON_THE_STUMPS,GOOD_LENGTH,21,28,2,4.5,14.0,10.5,Papua New Guinea
447261,Deepak Chahar,pace bowler,Right Medium,OUTSIDE_OFFSTUMP,FULL_TOSS,40,28,1,8.57,28.0,40.0,India
511532,Al-Amin Hossain,pace bowler,Right Fast,DOWN_LEG,SHORT_OF_A_GOOD_LENGTH,29,28,3,6.21,9.33,9.67,Bangladesh
906749,Dominic Drakes,pace bowler,Left Fast,OUTSIDE_OFFSTUMP,SHORT,47,28,4,10.07,7.0,11.75,West Indies
1312645,Harshit Rana,pace bowler,Right Fast,OUTSIDE_OFFSTUMP,FULL,54,28,1,11.57,28.0,54.0,India
8180,Shane Watson,pace bowler,Right Fast,OUTSIDE_OFFSTUMP,FULL_TOSS,41,28,1,8.79,28.0,41.0,Australia
49758,Lasith Malinga,pace bowler,Right Fast,DOWN_LEG,GOOD_LENGTH,44,28,1,9.43,28.0,44.0,Sri Lanka
638912,Matthew Kelly,pace bowler,Right Fast,OUTSIDE_OFFSTUMP,SHORT,41,28,5,8.79,5.6,8.2,Australia
494838,Ruwantha Kellepotha,spin bowler,Right Wrist Spin,ON_THE_STUMPS,GOOD_LENGTH,21,28,2,4.5,14.0,10.5,Sri Lanka
774217,Clint Hinchliffe,spin bowler,Left Wrist Spin,ON_THE_STUMPS,FULL,37,28,1,7.93,28.0,37.0,Australia
505120,Ashton Agar,spin bowler,Left Off Spin,WIDE_OUTSIDE_OFFSTUMP,FULL,48,28,3,10.29,9.33,16.0,Australia
556684,Mir Hamza,pace bowler,Left Medium,ON_THE_STUMPS,FULL,30,28,4,6.43,7.0,7.5,Pakistan
698343,Eathan Bosch,pace bowler,Right Fast,WIDE_OUTSIDE_OFFSTUMP,GOOD_LENGTH,33,28,2,7.07,14.0,16.5,South Africa
629080,Binura Fernando,pace bowler,Left Fast,OUTSIDE_OFFSTUMP,FULL_TOSS,40,28,1,8.57,28.0,40.0,Sri Lanka
643433,George Garton,pace bowler,Left Fast,ON_THE_STUMPS,SHORT_OF_A_GOOD_LENGTH,42,28,2,9.0,14.0,21.0,England
461632,Reece Topley,pace bowler,Left Fast,ON_THE_STUMPS,SHORT,73,28,2,15.64,14.0,36.5,England
352048,Gulbadin Naib,pace bowler,Right Fast,ON_THE_STUMPS,FULL,34,28,2,7.29,14.0,17.0,Afghanistan
327830,Dwaine Pretorius,pace bowler,Right Fast,WIDE_OUTSIDE_OFFSTUMP,YORKER,29,28,1,6.21,28.0,29.0,South Africa
498440,Ronsford Beaton,pace bowler,Right Fast,ON_THE_STUMPS,GOOD_LENGTH,32,28,2,6.86,14.0,16.0,West Indies
1078693,Joshua Bishop,spin bowler,Left Off Spin,OUTSIDE_OFFSTUMP,SHORT_OF_A_GOOD_LENGTH,48,28,1,10.29,28.0,48.0,West Indies
1058508,Abinash Bohara,pace bowler,Right Medium,OUTSIDE_OFFSTUMP,GOOD_LENGTH,26,28,3,5.57,9.33,8.67,Nepal
1125536,Ben Lister,pace bowler,Left Medium,ON_THE_STUMPS,GOOD_LENGTH,25,28,2,5.36,14.0,12.5,New Zealand
457249,Carlos Brathwaite,pace bowler,Right Fast,DOWN_LEG,SHORT,46,28,1,9.86,28.0,46.0,West Indies
971349,Nandre Burger,pace bowler,Left Fast,OUTSIDE_OFFSTUMP,SHORT,52,28,2,11.14,14.0,26.0,South Africa
1122918,Kartik Tyagi,pace bowler,Right Fast,ON_THE_STUMPS,FULL,40,28,1,8.57,28.0,40.0,India
4864,Dan Christian,pace bowler,Right Fast,ON_THE_STUMPS,FULL_TOSS,45,28,2,9.64,14.0,22.5,Australia
457249,Carlos Brathwaite,pace bowler,Right Fast,WIDE_OUTSIDE_OFFSTUMP,SHORT,50,28,2,10.71,14.0,25.0,West Indies
524845,Peter Chase,pace bowler,Right Fast,OUTSIDE_OFFSTUMP,GOOD_LENGTH,33,28,2,7.07,14.0,16.5,Ireland
477021,Vijay Shankar,pace bowler,Right Medium,ON_THE_STUMPS,SHORT_OF_A_GOOD_LENGTH,37,28,1,7.93,28.0,37.0,India
622772,Michael Rae,pace bowler,Right Fast,ON_THE_STUMPS,GOOD_LENGTH,37,28,2,7.93,14.0,18.5,New Zealand
457279,Olly Stone,pace bowler,Right Fast,OUTSIDE_OFFSTUMP,SHORT,59,28,5,12.64,5.6,11.8,England
1205981,Corey Rocchiccioli,spin bowler,Right Off Spin,ON_THE_STUMPS,GOOD_LENGTH,29,28,4,6.21,7.0,7.25,Australia
55395,Colin de Grandhomme,pace bowler,Right Fast,OUTSIDE_OFFSTUMP,SHORT,69,28,2,14.79,14.0,34.5,New Zealand
906749,Dominic Drakes,pace bowler,Left Fast,DOWN_LEG,SHORT,40,28,1,8.57,28.0,40.0,West Indies
547766,Jacob Duffy,pace bowler,Right Fast,ON_THE_STUMPS,SHORT_OF_A_GOOD_LENGTH,40,28,2,8.57,14.0,20.0,New Zealand
450860,Adam Milne,pace bowler,Right Fast,OUTSIDE_OFFSTUMP,FULL_TOSS,54,28,1,11.57,28.0,54.0,New Zealand
926629,Hasan Mahmud,pace bowler,Right Medium,ON_THE_STUMPS,SHORT_OF_A_GOOD_LENGTH,38,28,3,8.14,9.33,12.67,Bangladesh
52334,Imran Khan,spin bowler,Right Wrist Spin,ON_THE_STUMPS,SHORT_OF_A_GOOD_LENGTH,25,28,1,5.36,28.0,25.0,West Indies
498440,Ronsford Beaton,pace bowler,Right Fast,OUTSIDE_OFFSTUMP,FULL,63,28,3,13.5,9.33,21.0,West Indies
1079434,Riyan Parag,spin bowler,Right Wrist Spin,OUTSIDE_OFFSTUMP,FULL,45,28,1,9.64,28.0,45.0,India
326017,Siddarth Kaul,pace bowler,Right Medium,ON_THE_STUMPS,SHORT,52,28,1,11.14,28.0,52.0,India
25056,Assad Vala,spin bowler,Right Off Spin,ON_THE_STUMPS,GOOD_LENGTH,20,28,7,4.29,4.0,2.86,Papua New Guinea
1083030,KM Asif,pace bowler,Right Medium,OUTSIDE_OFFSTUMP,FULL,49,28,1,10.5,28.0,49.0,India
19264,Liam Plunkett,pace bowler,Right Fast,ON_THE_STUMPS,SHORT,41,28,2,8.79,14.0,20.5,United States of America
1309252,Arif Ahmed,spin bowler,Left Off Spin,OUTSIDE_OFFSTUMP,GOOD_LENGTH,28,28,1,6.0,28.0,28.0,
594322,Corbin Bosch,pace bowler,Right Fast,OUTSIDE_OFFSTUMP,FULL,56,28,1,12.0,28.0,56.0,South Africa
553800,Chris Tremain,pace bowler,Right Fast,ON_THE_STUMPS,SHORT_OF_A_GOOD_LENGTH,30,28,2,6.43,14.0,15.0,Australia
793441,Aamer Jamal,pace bowler,Right Medium,OUTSIDE_OFFSTUMP,SHORT_OF_A_GOOD_LENGTH,26,28,1,5.57,28.0,26.0,Pakistan
1158099,Mohammad Umar,pace bowler,Right Medium,ON_THE_STUMPS,GOOD_LENGTH,45,28,1,9.64,28.0,45.0,Pakistan
272465,James Pattinson,pace bowler,Right Fast,OUTSIDE_OFFSTUMP,FULL,47,28,3,10.07,9.33,15.67,Australia
398666,Sean Abbott,pace bowler,Right Fast,ON_THE_STUMPS,FULL_TOSS,64,28,2,13.71,14.0,32.0,Australia
30732,Praveen Kumar,pace bowler,Right Medium,DOWN_LEG,GOOD_LENGTH,62,28,2,13.29,14.0,31.0,India
433614,Zahid Mahmood,spin bowler,Right Wrist Spin,ON_THE_STUMPS,SHORT_OF_A_GOOD_LENGTH,37,28,2,7.93,14.0,18.5,Pakistan
958007,Jon-Russ Jaggesar,spin bowler,Right Off Spin,ON_THE_STUMPS,SHORT_OF_A_GOOD_LENGTH,42,28,1,9.0,28.0,42.0,West Indies
588144,Bandaru Ayyappa,pace bowler,Right Medium,OUTSIDE_OFFSTUMP,GOOD_LENGTH,32,28,1,6.86,28.0,32.0,India
1159843,Kumar Kartikeya,spin bowler,Mixed,OUTSIDE_OFFSTUMP,FULL,69,28,2,14.79,14.0,34.5,India
1219972,Brody Couch,pace bowler,Right Medium,ON_THE_STUMPS,FULL,36,28,1,7.71,28.0,36.0,United States of America
1209190,Matthew Forde,pace bowler,Right Medium,WIDE_OUTSIDE_OFFSTUMP,SHORT_OF_A_GOOD_LENGTH,47,28,2,10.07,14.0,23.5,West Indies
827051,Blessing Muzarabani,pace bowler,Right Fast,WIDE_OUTSIDE_OFFSTUMP,FULL,64,28,4,13.71,7.0,16.0,Zimbabwe
376116,Umesh Yadav,pace bowler,Right Fast,WIDE_OUTSIDE_OFFSTUMP,SHORT_OF_A_GOOD_LENGTH,46,28,2,9.86,14.0,23.0,India
376169,Michael Neser,pace bowler,Right Fast,ON_THE_STUMPS,SHORT,51,28,1,10.93,28.0,51.0,Australia
1163695,Kuldeep Sen,pace bowler,Right Fast,ON_THE_STUMPS,GOOD_LENGTH,44,28,2,9.43,14.0,22.0,India
232364,Tim Southee,pace bowler,Right Fast,WIDE_OUTSIDE_OFFSTUMP,SHORT_OF_A_GOOD_LENGTH,47,28,2,10.07,14.0,23.5,New Zealand
402245,Amir Hamza,spin bowler,Left Off Spin,OUTSIDE_OFFSTUMP,FULL,39,28,2,8.36,14.0,19.5,Afghanistan
10582,Ravi Bopara,pace bowler,Right Medium,ON_THE_STUMPS,SHORT_OF_A_GOOD_LENGTH,51,28,2,10.93,14.0,25.5,England
679567,Ben Dwarshuis,pace bowler,Left Fast,DOWN_LEG,FULL,62,28,3,13.29,9.33,20.67,Australia
414990,Jake Ball,pace bowler,Right Fast,OUTSIDE_OFFSTUMP,FULL,53,28,2,11.36,14.0,26.5,England
1209292,Vaibhav Arora,pace bowler,Right Fast,ON_THE_STUMPS,SHORT_OF_A_GOOD_LENGTH,30,28,1,6.43,28.0,30.0,India
44149,Johan Botha,spin bowler,Right Off Spin,ON_THE_STUMPS,SHORT_OF_A_GOOD_LENGTH,47,28,1,10.07,28.0,47.0,South Africa
6033,Mitchell Johnson,pace bowler,Left Fast,DOWN_LEG,SHORT,57,28,1,12.21,28.0,57.0,Australia
1012131,Rakibul Hasan,spin bowler,Left Off Spin,ON_THE_STUMPS,FULL,30,28,1,6.43,28.0,30.0,Bangladesh
1217274,Sathaiya Veerapathiran,pace bowler,Right Medium,OUTSIDE_OFFSTUMP,SHORT_OF_A_GOOD_LENGTH,36,28,3,7.71,9.33,12.0,Bahrain
422092,Vikum Sanjaya,pace bowler,Right Fast,ON_THE_STUMPS,FULL,52,28,1,11.14,28.0,52.0,Sri Lanka
772061,Sam Cook,pace bowler,Right Fast,ON_THE_STUMPS,GOOD_LENGTH,29,27,7,6.44,3.86,4.14,England
56143,Shakib Al Hasan,spin bowler,Left Off Spin,ON_THE_STUMPS,FULL_TOSS,55,27,4,12.22,6.75,13.75,Bangladesh
31820,Ashish Nehra,pace bowler,Left Fast,OUTSIDE_OFFSTUMP,FULL_TOSS,42,27,5,9.33,5.4,8.4,India
1217359,Sayed Monib,pace bowler,Right Medium,OUTSIDE_OFFSTUMP,FULL,30,27,2,6.67,13.5,15.0,Kuwait
31820,Ashish Nehra,pace bowler,Left Fast,WIDE_OUTSIDE_OFFSTUMP,GOOD_LENGTH,33,27,2,7.33,13.5,16.5,India
961713,Riley Meredith,pace bowler,Right Fast,DOWN_LEG,SHORT_OF_A_GOOD_LENGTH,56,27,1,12.44,27.0,56.0,Australia
550215,Kagiso Rabada,pace bowler,Right Fast,WIDE_OUTSIDE_OFFSTUMP,FULL,34,27,3,7.56,9.0,11.33,South Africa
595921,Curtis Campher,pace bowler,Right Fast,OUTSIDE_OFFSTUMP,SHORT,54,27,1,12.0,27.0,54.0,Ireland
1254269,Aman Hakim Khan,pace bowler,Right Medium,OUTSIDE_OFFSTUMP,GOOD_LENGTH,22,27,3,4.89,9.0,7.33,India
489889,Pat Cummins,pace bowler,Right Fast,WIDE_OUTSIDE_OFFSTUMP,FULL,53,27,3,11.78,9.0,17.67,Australia
1125688,Mukesh Choudhary,pace bowler,Left Medium,ON_THE_STUMPS,GOOD_LENGTH,38,27,4,8.44,6.75,9.5,India
677081,Keemo Paul,pace bowler,Right Fast,WIDE_OUTSIDE_OFFSTUMP,GOOD_LENGTH,52,27,2,11.56,13.5,26.0,West Indies
219885,Tom Cooper,spin bowler,Right Off Spin,OUTSIDE_OFFSTUMP,GOOD_LENGTH,39,27,1,8.67,27.0,39.0,Netherlands
8917,Moeen Ali,spin bowler,Right Off Spin,WIDE_OUTSIDE_OFFSTUMP,FULL,68,27,2,15.11,13.5,34.0,England
1064812,Rahul Chahar,spin bowler,Right Wrist Spin,DOWN_LEG,FULL,39,27,2,8.67,13.5,19.5,India
232356,Ronnie Hira,spin bowler,Left Off Spin,ON_THE_STUMPS,FULL,36,27,2,8.0,13.5,18.0,New Zealand
232356,Ronnie Hira,spin bowler,Left Off Spin,OUTSIDE_OFFSTUMP,GOOD_LENGTH,41,27,1,9.11,27.0,41.0,New Zealand
288284,Josh Hazlewood,pace bowler,Right Fast,WIDE_OUTSIDE_OFFSTUMP,FULL,59,27,3,13.11,9.0,19.67,Australia
232364,Tim Southee,pace bowler,Right Fast,ON_THE_STUMPS,FULL_TOSS,50,27,1,11.11,27.0,50.0,New Zealand
434429,Aamer Yamin,pace bowler,Right Medium,ON_THE_STUMPS,SHORT_OF_A_GOOD_LENGTH,37,27,2,8.22,13.5,18.5,Pakistan
974175,Fazalhaq Farooqi,pace bowler,Left Fast,WIDE_OUTSIDE_OFFSTUMP,GOOD_LENGTH,32,27,2,7.11,13.5,16.0,Afghanistan
1125976,Arshdeep Singh,pace bowler,Left Fast,WIDE_OUTSIDE_OFFSTUMP,FULL_TOSS,66,27,2,14.67,13.5,33.0,India
376116,Umesh Yadav,pace bowler,Right Fast,DOWN_LEG,SHORT,60,27,1,13.33,27.0,60.0,India
433614,Zahid Mahmood,spin bowler,Right Wrist Spin,OUTSIDE_OFFSTUMP,FULL,59,27,2,13.11,13.5,29.5,Pakistan
974175,Fazalhaq Farooqi,pace bowler,Left Fast,ON_THE_STUMPS,SHORT,48,27,1,10.67,27.0,48.0,Afghanistan
906783,Obed McCoy,pace bowler,Left Fast,OUTSIDE_OFFSTUMP,YORKER,16,27,1,3.56,27.0,16.0,West Indies
605681,Evan Jones,pace bowler,Right Fast,ON_THE_STUMPS,GOOD_LENGTH,30,27,1,6.67,27.0,30.0,South Africa
942645,Khaleel Ahmed,pace bowler,Left Medium,DOWN_LEG,SHORT,59,27,2,13.11,13.5,29.5,India
431910,Nicholson Gordon,pace bowler,Right Fast,ON_THE_STUMPS,GOOD_LENGTH,38,27,1,8.44,27.0,38.0,West Indies
471342,Krunal Pandya,spin bowler,Left Off Spin,WIDE_OUTSIDE_OFFSTUMP,FULL,40,27,1,8.89,27.0,40.0,India
376116,Umesh Yadav,pace bowler,Right Fast,WIDE_OUTSIDE_OFFSTUMP,GOOD_LENGTH,45,27,1,10.0,27.0,45.0,India
379887,Lizaad Williams,pace bowler,Right Fast,ON_THE_STUMPS,FULL,63,27,1,14.0,27.0,63.0,South Africa
495964,Ryan Burl,spin bowler,Right Wrist Spin,ON_THE_STUMPS,SHORT_OF_A_GOOD_LENGTH,43,27,3,9.56,9.0,14.33,Zimbabwe
793447,Naveen-ul-Haq,pace bowler,Right Fast,DOWN_LEG,FULL,67,27,1,14.89,27.0,67.0,Afghanistan
41324,Mohammad Sami,pace bowler,Right Fast,OUTSIDE_OFFSTUMP,SHORT,35,27,4,7.78,6.75,8.75,Pakistan
384525,Zahoor Khan,pace bowler,Right Fast,OUTSIDE_OFFSTUMP,FULL_TOSS,48,27,1,10.67,27.0,48.0,United Arab Emirates
384525,Zahoor Khan,pace bowler,Right Fast,OUTSIDE_OFFSTUMP,SHORT,33,27,2,7.33,13.5,16.5,United Arab Emirates
698315,Donovan Ferreira,mixture/unknown,Mixed,ON_THE_STUMPS,GOOD_LENGTH,23,27,1,5.11,27.0,23.0,South Africa
51784,Rayad Emrit,pace bowler,Right Fast,OUTSIDE_OFFSTUMP,FULL_TOSS,39,27,2,8.67,13.5,19.5,West Indies
385065,Asif Afridi,spin bowler,Left Off Spin,OUTSIDE_OFFSTUMP,GOOD_LENGTH,22,27,3,4.89,9.0,7.33,Pakistan
1104703,Fred Klaassen,pace bowler,Left Fast,ON_THE_STUMPS,SHORT_OF_A_GOOD_LENGTH,27,27,1,6.0,27.0,27.0,England
51439,Dwayne Bravo,pace bowler,Right Medium,WIDE_OUTSIDE_OFFSTUMP,SHORT,40,27,2,8.89,13.5,20.0,West Indies
714451,Shivam Dube,pace bowler,Right Medium,ON_THE_STUMPS,FULL,48,27,1,10.67,27.0,48.0,India
698317,Ruben Trumpelmann,pace bowler,Left Fast,OUTSIDE_OFFSTUMP,SHORT_OF_A_GOOD_LENGTH,40,27,2,8.89,13.5,20.0,Namibia
1028665,Praveen Jayawickrama,spin bowler,Left Off Spin,OUTSIDE_OFFSTUMP,GOOD_LENGTH,30,27,1,6.67,27.0,30.0,Sri Lanka
732291,Basil Thampi,pace bowler,Right Fast,OUTSIDE_OFFSTUMP,SHORT,55,27,2,12.22,13.5,27.5,India
1039481,Gus Atkinson,pace bowler,Right Fast,OUTSIDE_OFFSTUMP,GOOD_LENGTH,24,27,4,5.33,6.75,6.0,England
530773,Pawan Negi,spin bowler,Left Off Spin,OUTSIDE_OFFSTUMP,SHORT_OF_A_GOOD_LENGTH,39,27,2,8.67,13.5,19.5,India
259551,Junaid Khan,pace bowler,Left Fast,OUTSIDE_OFFSTUMP,SHORT_OF_A_GOOD_LENGTH,32,27,4,7.11,6.75,8.0,Pakistan
774223,Jhye Richardson,pace bowler,Right Fast,DOWN_LEG,GOOD_LENGTH,33,27,2,7.33,13.5,16.5,Australia
594235,Tshepo Moreki,pace bowler,Right Fast,OUTSIDE_OFFSTUMP,GOOD_LENGTH,21,27,3,4.67,9.0,7.0,South Africa
49700,Jeevan Mendis,spin bowler,Right Wrist Spin,ON_THE_STUMPS,GOOD_LENGTH,28,27,3,6.22,9.0,9.33,Sri Lanka
390484,Jaydev Unadkat,pace bowler,Left Medium,WIDE_OUTSIDE_OFFSTUMP,FULL,65,27,3,14.44,9.0,21.67,India
311427,Hamid Hassan,pace bowler,Right Fast,OUTSIDE_OFFSTUMP,FULL,30,27,3,6.67,9.0,10.0,Afghanistan
322535,Karanveer Singh,spin bowler,Right Wrist Spin,OUTSIDE_OFFSTUMP,GOOD_LENGTH,50,27,2,11.11,13.5,25.0,India
926851,Mukesh Kumar,pace bowler,Right Medium,OUTSIDE_OFFSTUMP,FULL_TOSS,57,27,2,12.67,13.5,28.5,India
1159371,Mohammad Ilyas,pace bowler,Right Fast,ON_THE_STUMPS,SHORT_OF_A_GOOD_LENGTH,54,27,1,12.0,27.0,54.0,Pakistan
512907,Tom Helm,pace bowler,Right Fast,ON_THE_STUMPS,GOOD_LENGTH,26,27,5,5.78,5.4,5.2,England
299572,Sikandar Raza,spin bowler,Mixed,ON_THE_STUMPS,FULL,29,27,1,6.44,27.0,29.0,Zimbabwe
595783,Ajaz Patel,spin bowler,Left Off Spin,ON_THE_STUMPS,SHORT_OF_A_GOOD_LENGTH,32,27,2,7.11,13.5,16.0,New Zealand
12454,Joe Denly,spin bowler,Right Wrist Spin,ON_THE_STUMPS,FULL,40,27,2,8.89,13.5,20.0,England
670045,Gudakesh Motie,spin bowler,Left Off Spin,ON_THE_STUMPS,SHORT_OF_A_GOOD_LENGTH,31,27,1,6.89,27.0,31.0,West Indies
348154,Zafar Gohar,spin bowler,Left Off Spin,ON_THE_STUMPS,FULL,41,27,4,9.11,6.75,10.25,Pakistan
1176959,Akash Deep,pace bowler,Right Fast,OUTSIDE_OFFSTUMP,GOOD_LENGTH,31,27,1,6.89,27.0,31.0,India
237502,Monir Hossain,spin bowler,Left Off Spin,ON_THE_STUMPS,GOOD_LENGTH,24,27,1,5.33,27.0,24.0,Bangladesh
272262,Kane Richardson,pace bowler,Right Fast,ON_THE_STUMPS,YORKER,27,27,6,6.0,4.5,4.5,Australia
1079848,Shivam Mavi,pace bowler,Right Fast,OUTSIDE_OFFSTUMP,FULL_TOSS,55,27,3,12.22,9.0,18.33,India
300618,Nasir Hossain,spin bowler,Right Off Spin,OUTSIDE_OFFSTUMP,SHORT_OF_A_GOOD_LENGTH,33,27,1,7.33,27.0,33.0,Bangladesh
670031,Alzarri Joseph,pace bowler,Right Fast,WIDE_OUTSIDE_OFFSTUMP,FULL,38,27,2,8.44,13.5,19.0,West Indies
1160970,Haider Ali,spin bowler,Left Off Spin,OUTSIDE_OFFSTUMP,GOOD_LENGTH,19,27,4,4.22,6.75,4.75,
940973,Mohammed Siraj,pace bowler,Right Fast,DOWN_LEG,FULL,47,27,3,10.44,9.0,15.67,India
510530,Jamie Overton,pace bowler,Right Fast,OUTSIDE_OFFSTUMP,SHORT,53,27,4,11.78,6.75,13.25,England
52997,Shane Shillingford,spin bowler,Right Off Spin,OUTSIDE_OFFSTUMP,FULL,34,27,1,7.56,27.0,34.0,West Indies
827051,Blessing Muzarabani,pace bowler,Right Fast,WIDE_OUTSIDE_OFFSTUMP,GOOD_LENGTH,51,27,3,11.33,9.0,17.0,Zimbabwe
270484,James Faulkner,pace bowler,Left Fast,DOWN_LEG,SHORT,39,27,2,8.67,13.5,19.5,Australia
906749,Dominic Drakes,pace bowler,Left Fast,ON_THE_STUMPS,SHORT,58,27,2,12.89,13.5,29.0,West Indies
793441,Aamer Jamal,pace bowler,Right Medium,ON_THE_STUMPS,GOOD_LENGTH,34,27,3,7.56,9.0,11.33,Pakistan
277662,Corey Anderson,pace bowler,Left Fast,ON_THE_STUMPS,SHORT_OF_A_GOOD_LENGTH,36,27,2,8.0,13.5,18.0,United States of America
555853,Mark Steketee,pace bowler,Right Fast,DOWN_LEG,SHORT,65,27,3,14.44,9.0,21.67,Australia
1166195,Harsh Singh,pace bowler,Right Medium,OUTSIDE_OFFSTUMP,GOOD_LENGTH,37,27,2,8.22,13.5,18.5,India
439952,Chris Morris,pace bowler,Right Fast,DOWN_LEG,FULL_TOSS,50,27,2,11.11,13.5,25.0,South Africa
450860,Adam Milne,pace bowler,Right Fast,ON_THE_STUMPS,FULL_TOSS,67,27,1,14.89,27.0,67.0,New Zealand
352048,Gulbadin Naib,pace bowler,Right Fast,ON_THE_STUMPS,SHORT_OF_A_GOOD_LENGTH,38,27,1,8.44,27.0,38.0,Afghanistan
681117,Faheem Ashraf,pace bowler,Right Medium,WIDE_OUTSIDE_OFFSTUMP,SHORT,60,27,4,13.33,6.75,15.0,Pakistan
276298,Andre Russell,pace bowler,Right Fast,WIDE_OUTSIDE_OFFSTUMP,SHORT_OF_A_GOOD_LENGTH,41,27,1,9.11,27.0,41.0,West Indies
439952,Chris Morris,pace bowler,Right Fast,DOWN_LEG,GOOD_LENGTH,43,27,1,9.56,27.0,43.0,South Africa
450860,Adam Milne,pace bowler,Right Fast,WIDE_OUTSIDE_OFFSTUMP,FULL,56,27,2,12.44,13.5,28.0,New Zealand
559066,Ish Sodhi,spin bowler,Right Wrist Spin,OUTSIDE_OFFSTUMP,SHORT,55,27,3,12.22,9.0,18.33,New Zealand
30732,Praveen Kumar,pace bowler,Right Medium,WIDE_OUTSIDE_OFFSTUMP,GOOD_LENGTH,37,27,1,8.22,27.0,37.0,India
53118,Dwayne Smith,pace bowler,Right Medium,ON_THE_STUMPS,SHORT_OF_A_GOOD_LENGTH,30,26,2,6.92,13.0,15.0,West Indies
1185538,Mohammad Wasim,pace bowler,Right Fast,OUTSIDE_OFFSTUMP,YORKER,24,26,1,5.54,26.0,24.0,Pakistan
401540,Aizaz Khan,pace bowler,Right Fast,OUTSIDE_OFFSTUMP,FULL,21,26,3,4.85,8.67,7.0,Hong Kong
381743,Daryl Mitchell,pace bowler,Right Medium,ON_THE_STUMPS,GOOD_LENGTH,31,26,3,7.15,8.67,10.33,New Zealand
277237,Iqbal Abdulla,spin bowler,Left Off Spin,ON_THE_STUMPS,FULL,48,26,1,11.08,26.0,48.0,India
543449,Ajay Lalcheta,spin bowler,Left Off Spin,ON_THE_STUMPS,GOOD_LENGTH,28,26,3,6.46,8.67,9.33,Oman
710767,Abdul Majid,spin bowler,Left Off Spin,ON_THE_STUMPS,GOOD_LENGTH,20,26,2,4.62,13.0,10.0,Bahrain
1202098,Zakary Foulkes,pace bowler,Right Medium,ON_THE_STUMPS,GOOD_LENGTH,33,26,2,7.62,13.0,16.5,New Zealand
36084,Yuvraj Singh,spin bowler,Left Off Spin,OUTSIDE_OFFSTUMP,FULL,24,26,3,5.54,8.67,8.0,India
407265,Josh Davey,pace bowler,Right Fast,ON_THE_STUMPS,FULL,48,26,3,11.08,8.67,16.0,Scotland
1065115,Benjamin Manenti,spin bowler,Right Off Spin,DOWN_LEG,GOOD_LENGTH,33,26,1,7.62,26.0,33.0,Italy
1070665,Dewald Brevis,spin bowler,Right Wrist Spin,ON_THE_STUMPS,GOOD_LENGTH,28,26,1,6.46,26.0,28.0,South Africa
53118,Dwayne Smith,pace bowler,Right Medium,OUTSIDE_OFFSTUMP,SHORT,57,26,1,13.15,26.0,57.0,West Indies
376169,Michael Neser,pace bowler,Right Fast,DOWN_LEG,GOOD_LENGTH,42,26,3,9.69,8.67,14.0,Australia
1185538,Mohammad Wasim,pace bowler,Right Fast,WIDE_OUTSIDE_OFFSTUMP,FULL,60,26,3,13.85,8.67,20.0,Pakistan
1036191,Bas de Leede,pace bowler,Right Fast,ON_THE_STUMPS,GOOD_LENGTH,34,26,4,7.85,6.5,8.5,Netherlands
914467,Anderson Phillip,pace bowler,Right Fast,OUTSIDE_OFFSTUMP,FULL,41,26,1,9.46,26.0,41.0,West Indies
325012,Marcus Stoinis,pace bowler,Right Medium,OUTSIDE_OFFSTUMP,FULL_TOSS,38,26,2,8.77,13.0,19.0,Australia
1199892,Ateeq Iqbal,pace bowler,Right Medium,OUTSIDE_OFFSTUMP,GOOD_LENGTH,33,26,2,7.62,13.0,16.5,Hong Kong
1206623,Dilbar Hussain,pace bowler,Right Fast,OUTSIDE_OFFSTUMP,FULL,27,26,2,6.23,13.0,13.5,Pakistan
376116,Umesh Yadav,pace bowler,Right Fast,DOWN_LEG,GOOD_LENGTH,50,26,3,11.54,8.67,16.67,India
288305,Shafiul Islam,pace bowler,Right Fast,OUTSIDE_OFFSTUMP,SHORT,57,26,2,13.15,13.0,28.5,Bangladesh
937953,Bilal Khan,pace bowler,Left Fast,OUTSIDE_OFFSTUMP,FULL_TOSS,44,26,1,10.15,26.0,44.0,Oman
323244,Rahat Ali,pace bowler,Left Fast,DOWN_LEG,SHORT_OF_A_GOOD_LENGTH,35,26,1,8.08,26.0,35.0,Pakistan
5961,Moises Henriques,pace bowler,Right Fast,WIDE_OUTSIDE_OFFSTUMP,FULL,45,26,1,10.38,26.0,45.0,Australia
1070188,Kamlesh Nagarkoti,pace bowler,Right Fast,OUTSIDE_OFFSTUMP,FULL,54,26,1,12.46,26.0,54.0,India
450860,Adam Milne,pace bowler,Right Fast,ON_THE_STUMPS,YORKER,16,26,3,3.69,8.67,5.33,New Zealand
429122,Umaid Asif,pace bowler,Right Fast,ON_THE_STUMPS,SHORT,51,26,2,11.77,13.0,25.5,Pakistan
511532,Al-Amin Hossain,pace bowler,Right Fast,WIDE_OUTSIDE_OFFSTUMP,GOOD_LENGTH,23,26,3,5.31,8.67,7.67,Bangladesh
932355,Ebadot Hossain,pace bowler,Right Fast,OUTSIDE_OFFSTUMP,FULL_TOSS,29,26,2,6.69,13.0,14.5,Bangladesh
1276980,Ripon Mondol,pace bowler,Right Medium,OUTSIDE_OFFSTUMP,SHORT_OF_A_GOOD_LENGTH,47,26,3,10.85,8.67,15.67,Bangladesh
1158100,Mohammad Hasnain,pace bowler,Right Fast,ON_THE_STUMPS,YORKER,14,26,9,3.23,2.89,1.56,Pakistan
1138316,Maheesh Theekshana,spin bowler,Right Off Spin,ON_THE_STUMPS,YORKER,13,26,4,3.0,6.5,3.25,Sri Lanka
328026,Isuru Udana,pace bowler,Left Fast,ON_THE_STUMPS,FULL_TOSS,50,26,2,11.54,13.0,25.0,Sri Lanka
30102,Zaheer Khan,pace bowler,Left Fast,DOWN_LEG,SHORT_OF_A_GOOD_LENGTH,36,26,2,8.31,13.0,18.0,India
990161,Hasan Murad,spin bowler,Left Off Spin,OUTSIDE_OFFSTUMP,FULL,22,26,3,5.08,8.67,7.33,Bangladesh
235519,Tendai Chisoro,mixture/unknown,Mixed,OUTSIDE_OFFSTUMP,FULL,24,26,1,5.54,26.0,24.0,Zimbabwe
297583,Kyle Abbott,pace bowler,Right Fast,ON_THE_STUMPS,SHORT_OF_A_GOOD_LENGTH,39,26,3,9.0,8.67,13.0,South Africa
481896,Mohammed Shami,pace bowler,Right Fast,DOWN_LEG,GOOD_LENGTH,55,26,2,12.69,13.0,27.5,India
1058987,Karthik Meiyappan,spin bowler,Right Wrist Spin,OUTSIDE_OFFSTUMP,SHORT_OF_A_GOOD_LENGTH,35,26,2,8.08,13.0,17.5,United Arab Emirates
1076473,Izharulhaq Naveed,spin bowler,Right Wrist Spin,OUTSIDE_OFFSTUMP,FULL,43,26,2,9.92,13.0,21.5,Afghanistan
1124283,Aaron Hardie,pace bowler,Right Fast,WIDE_OUTSIDE_OFFSTUMP,FULL,54,26,1,12.46,26.0,54.0,Australia
573170,Luke Wood,pace bowler,Left Fast,DOWN_LEG,SHORT,63,26,2,14.54,13.0,31.5,England
493773,Lockie Ferguson,pace bowler,Right Fast,WIDE_OUTSIDE_OFFSTUMP,FULL,59,26,1,13.62,26.0,59.0,New Zealand
973815,Tsepo Ndwandwa,spin bowler,Left Off Spin,ON_THE_STUMPS,GOOD_LENGTH,27,26,2,6.23,13.0,13.5,South Africa
429122,Umaid Asif,pace bowler,Right Fast,WIDE_OUTSIDE_OFFSTUMP,SHORT_OF_A_GOOD_LENGTH,33,26,3,7.62,8.67,11.0,Pakistan
46942,Aaron Phangiso,spin bowler,Left Off Spin,ON_THE_STUMPS,SHORT_OF_A_GOOD_LENGTH,31,26,3,7.15,8.67,10.33,South Africa
290948,Mohammad Amir,pace bowler,Left Fast,WIDE_OUTSIDE_OFFSTUMP,YORKER,39,26,1,9.0,26.0,39.0,Pakistan
330902,Mustafizur Rahman,pace bowler,Left Fast,WIDE_OUTSIDE_OFFSTUMP,YORKER,37,26,1,8.54,26.0,37.0,Bangladesh
481979,Anrich Nortje,pace bowler,Right Fast,OUTSIDE_OFFSTUMP,YORKER,22,26,1,5.08,26.0,22.0,South Africa
1175441,Ravi Bishnoi,spin bowler,Right Wrist Spin,DOWN_LEG,FULL,30,26,1,6.92,26.0,30.0,India
8180,Shane Watson,pace bowler,Right Fast,DOWN_LEG,SHORT,70,26,3,16.15,8.67,23.33,Australia
747315,Nathan Sowter,spin bowler,Right Wrist Spin,ON_THE_STUMPS,FULL,62,26,3,14.31,8.67,20.67,England
53191,Jerome Taylor,pace bowler,Right Fast,ON_THE_STUMPS,FULL_TOSS,60,26,2,13.85,13.0,30.0,West Indies
499660,Gurinder Sandhu,pace bowler,Right Fast,WIDE_OUTSIDE_OFFSTUMP,FULL,49,26,4,11.31,6.5,12.25,Australia
47850,Roelof van der Merwe,spin bowler,Left Off Spin,ON_THE_STUMPS,FULL_TOSS,50,26,2,11.54,13.0,25.0,Netherlands
24230,Nadeem Ahmed,spin bowler,Left Off Spin,ON_THE_STUMPS,GOOD_LENGTH,29,26,2,6.69,13.0,14.5,Hong Kong
819429,Azmatullah Omarzai,pace bowler,Right Fast,ON_THE_STUMPS,SHORT,68,26,1,15.69,26.0,68.0,Afghanistan
290632,Sreenath Aravind,pace bowler,Left Fast,ON_THE_STUMPS,FULL,48,26,2,11.08,13.0,24.0,India
333872,Sam Rainbird,pace bowler,Left Fast,ON_THE_STUMPS,SHORT_OF_A_GOOD_LENGTH,41,26,1,9.46,26.0,41.0,Australia
277912,Trent Boult,pace bowler,Left Fast,WIDE_OUTSIDE_OFFSTUMP,SHORT,51,26,2,11.77,13.0,25.5,New Zealand
802575,T Natarajan,pace bowler,Left Medium,ON_THE_STUMPS,SHORT,49,26,1,11.31,26.0,49.0,India
909225,Paul Walter,pace bowler,Left Medium,DOWN_LEG,SHORT_OF_A_GOOD_LENGTH,32,26,1,7.38,26.0,32.0,England
450075,Kesrick Williams,pace bowler,Right Fast,ON_THE_STUMPS,FULL_TOSS,47,26,2,10.85,13.0,23.5,West Indies
1203669,Akif Javed,pace bowler,Left Fast,OUTSIDE_OFFSTUMP,FULL,44,26,2,10.15,13.0,22.0,Pakistan
932635,Nayeem Hasan,spin bowler,Right Off Spin,ON_THE_STUMPS,FULL,31,26,1,7.15,26.0,31.0,Bangladesh
440522,Logan van Beek,pace bowler,Right Fast,OUTSIDE_OFFSTUMP,SHORT,50,26,3,11.54,8.67,16.67,Netherlands
961407,Harry Tector,spin bowler,Right Off Spin,OUTSIDE_OFFSTUMP,SHORT_OF_A_GOOD_LENGTH,26,26,1,6.0,26.0,26.0,Ireland
969367,Yuvraj Chudasama,spin bowler,Right Wrist Spin,OUTSIDE_OFFSTUMP,GOOD_LENGTH,33,26,2,7.62,13.0,16.5,India
315623,Ben Laughlin,pace bowler,Right Fast,ON_THE_STUMPS,SHORT,57,26,2,13.15,13.0,28.5,Australia
47492,Dale Steyn,pace bowler,Right Fast,ON_THE_STUMPS,FULL,42,26,2,9.69,13.0,21.0,South Africa
793447,Naveen-ul-Haq,pace bowler,Right Fast,ON_THE_STUMPS,SHORT,40,26,5,9.23,5.2,8.0,Afghanistan
670013,Fabian Allen,spin bowler,Left Off Spin,DOWN_LEG,FULL,29,26,2,6.69,13.0,14.5,West Indies
854909,Blair Tickner,pace bowler,Right Fast,ON_THE_STUMPS,FULL,42,26,2,9.69,13.0,21.0,New Zealand
556684,Mir Hamza,pace bowler,Left Medium,OUTSIDE_OFFSTUMP,SHORT_OF_A_GOOD_LENGTH,31,26,2,7.15,13.0,15.5,Pakistan
6033,Mitchell Johnson,pace bowler,Left Fast,DOWN_LEG,GOOD_LENGTH,35,26,3,8.08,8.67,11.67,Australia
1083030,KM Asif,pace bowler,Right Medium,OUTSIDE_OFFSTUMP,SHORT_OF_A_GOOD_LENGTH,54,26,4,12.46,6.5,13.5,India
1353033,Muhammad Jawadullah,pace bowler,Left Fast,DOWN_LEG,GOOD_LENGTH,21,26,1,4.85,26.0,21.0,United Arab Emirates
734459,Abrar Ahmed,spin bowler,Right Wrist Spin,OUTSIDE_OFFSTUMP,SHORT_OF_A_GOOD_LENGTH,41,26,1,9.46,26.0,41.0,Pakistan
670013,Fabian Allen,spin bowler,Left Off Spin,WIDE_OUTSIDE_OFFSTUMP,FULL,51,26,1,11.77,26.0,51.0,West Indies
1159722,Simarjeet Singh,pace bowler,Right Fast,OUTSIDE_OFFSTUMP,GOOD_LENGTH,22,26,2,5.08,13.0,11.0,India
928067,Josh Little,pace bowler,Left Fast,WIDE_OUTSIDE_OFFSTUMP,GOOD_LENGTH,52,26,2,12.0,13.0,26.0,Ireland
533042,Billy Stanlake,pace bowler,Right Fast,DOWN_LEG,SHORT,40,26,2,9.23,13.0,20.0,Australia
629070,Mohammad Saifuddin,pace bowler,Right Fast,DOWN_LEG,FULL,36,26,1,8.31,26.0,36.0,Bangladesh
314622,Krishmar Santokie,pace bowler,Left Medium,OUTSIDE_OFFSTUMP,SHORT_OF_A_GOOD_LENGTH,47,26,1,10.85,26.0,47.0,West Indies
391485,Jason Holder,pace bowler,Right Fast,DOWN_LEG,YORKER,20,26,3,4.62,8.67,6.67,West Indies
1246472,Anuj Raj,pace bowler,Left Fast,OUTSIDE_OFFSTUMP,GOOD_LENGTH,25,26,3,5.77,8.67,8.33,India
438362,Sandeep Sharma,pace bowler,Right Medium,WIDE_OUTSIDE_OFFSTUMP,FULL_TOSS,57,26,4,13.15,6.5,14.25,India
49758,Lasith Malinga,pace bowler,Right Fast,ON_THE_STUMPS,SHORT,60,26,1,13.85,26.0,60.0,Sri Lanka
457249,Carlos Brathwaite,pace bowler,Right Fast,WIDE_OUTSIDE_OFFSTUMP,FULL_TOSS,52,26,2,12.0,13.0,26.0,West Indies
554691,Axar Patel,spin bowler,Left Off Spin,OUTSIDE_OFFSTUMP,SHORT,40,26,2,9.23,13.0,20.0,India
261354,Nathan Coulter-Nile,pace bowler,Right Fast,WIDE_OUTSIDE_OFFSTUMP,SHORT,42,26,4,9.69,6.5,10.5,Australia
1234111,Mohammad Imran,pace bowler,Left Fast,DOWN_LEG,SHORT_OF_A_GOOD_LENGTH,36,26,1,8.31,26.0,36.0,Pakistan
1083033,Kulwant Khejroliya,pace bowler,Left Fast,OUTSIDE_OFFSTUMP,GOOD_LENGTH,28,26,1,6.46,26.0,28.0,India
553821,JJ Smit,pace bowler,Left Fast,OUTSIDE_OFFSTUMP,FULL,35,26,1,8.08,26.0,35.0,Namibia
793447,Naveen-ul-Haq,pace bowler,Right Fast,OUTSIDE_OFFSTUMP,FULL_TOSS,40,26,3,9.23,8.67,13.33,Afghanistan
49764,Angelo Mathews,pace bowler,Right Medium,OUTSIDE_OFFSTUMP,SHORT,40,26,2,9.23,13.0,20.0,Sri Lanka
820689,Shamar Springer,pace bowler,Right Fast,OUTSIDE_OFFSTUMP,FULL,46,26,2,10.62,13.0,23.0,West Indies
530773,Pawan Negi,spin bowler,Left Off Spin,WIDE_OUTSIDE_OFFSTUMP,GOOD_LENGTH,41,26,1,9.46,26.0,41.0,India
800675,Karan KC,pace bowler,Right Fast,OUTSIDE_OFFSTUMP,GOOD_LENGTH,21,26,1,4.85,26.0,21.0,Nepal
1329697,Sufiyan Muqeem,spin bowler,Left Wrist Spin,ON_THE_STUMPS,GOOD_LENGTH,22,26,1,5.08,26.0,22.0,Pakistan
928067,Josh Little,pace bowler,Left Fast,DOWN_LEG,SHORT,61,26,5,14.08,5.2,12.2,Ireland
1126213,Ninad Rathva,spin bowler,Left Off Spin,ON_THE_STUMPS,GOOD_LENGTH,24,26,2,5.54,13.0,12.0,India
247235,Chris Woakes,pace bowler,Right Fast,DOWN_LEG,GOOD_LENGTH,30,26,1,6.92,26.0,30.0,England
232364,Tim Southee,pace bowler,Right Fast,ON_THE_STUMPS,YORKER,11,26,5,2.54,5.2,2.2,New Zealand
897549,Will Jacks,spin bowler,Right Off Spin,OUTSIDE_OFFSTUMP,FULL,57,26,3,13.15,8.67,19.0,England
629063,Mehidy Hasan Miraz,spin bowler,Right Off Spin,WIDE_OUTSIDE_OFFSTUMP,GOOD_LENGTH,27,26,2,6.23,13.0,13.5,Bangladesh
348056,Kyle Mayers,pace bowler,Right Medium,OUTSIDE_OFFSTUMP,SHORT,32,26,1,7.38,26.0,32.0,West Indies
51880,Chris Gayle,spin bowler,Right Off Spin,OUTSIDE_OFFSTUMP,GOOD_LENGTH,34,26,2,7.85,13.0,17.0,West Indies
1163855,Hayden Kerr,pace bowler,Left Fast,WIDE_OUTSIDE_OFFSTUMP,FULL,43,26,1,9.92,26.0,43.0,Australia
308251,David Willey,pace bowler,Left Fast,WIDE_OUTSIDE_OFFSTUMP,FULL,45,26,1,10.38,26.0,45.0,England
605575,Matthew Short,spin bowler,Right Off Spin,ON_THE_STUMPS,SHORT_OF_A_GOOD_LENGTH,26,26,2,6.0,13.0,13.0,Australia
592735,Sandeep Warrier,pace bowler,Right Medium,OUTSIDE_OFFSTUMP,FULL,24,26,3,5.54,8.67,8.0,India
247235,Chris Woakes,pace bowler,Right Fast,WIDE_OUTSIDE_OFFSTUMP,SHORT_OF_A_GOOD_LENGTH,29,26,2,6.69,13.0,14.5,England
447439,Ishwar Pandey,pace bowler,Right Medium,ON_THE_STUMPS,GOOD_LENGTH,17,25,2,4.08,12.5,8.5,India
540827,Roshan Alam,spin bowler,Left Off Spin,OUTSIDE_OFFSTUMP,GOOD_LENGTH,24,25,3,5.76,8.33,8.0,India
330223,Bernard Scholtz,spin bowler,Left Off Spin,OUTSIDE_OFFSTUMP,FULL,27,25,1,6.48,25.0,27.0,Namibia
1159843,Kumar Kartikeya,spin bowler,Mixed,OUTSIDE_OFFSTUMP,SHORT_OF_A_GOOD_LENGTH,27,25,3,6.48,8.33,9.0,India
959769,Ben Sears,pace bowler,Right Fast,ON_THE_STUMPS,SHORT_OF_A_GOOD_LENGTH,31,25,1,7.44,25.0,31.0,New Zealand
384355,Anaru Kitchen,spin bowler,Left Off Spin,OUTSIDE_OFFSTUMP,GOOD_LENGTH,30,25,2,7.2,12.5,15.0,New Zealand
542023,Lungi Ngidi,pace bowler,Right Fast,ON_THE_STUMPS,SHORT,63,25,3,15.12,8.33,21.0,South Africa
1124283,Aaron Hardie,pace bowler,Right Fast,OUTSIDE_OFFSTUMP,SHORT,50,25,5,12.0,5.0,10.0,Australia
1337527,Hamish McKenzie,spin bowler,Left Wrist Spin,ON_THE_STUMPS,GOOD_LENGTH,22,25,1,5.28,25.0,22.0,Australia
314622,Krishmar Santokie,pace bowler,Left Medium,DOWN_LEG,FULL,59,25,2,14.16,12.5,29.5,West Indies
379504,Adam Zampa,spin bowler,Right Wrist Spin,DOWN_LEG,SHORT_OF_A_GOOD_LENGTH,42,25,1,10.08,25.0,42.0,Australia
777815,Vijaykumar Vyshak,pace bowler,Right Medium,OUTSIDE_OFFSTUMP,FULL,51,25,1,12.24,25.0,51.0,India
314622,Krishmar Santokie,pace bowler,Left Medium,WIDE_OUTSIDE_OFFSTUMP,FULL,46,25,1,11.04,25.0,46.0,West Indies
633660,Virandeep Singh,spin bowler,Left Off Spin,OUTSIDE_OFFSTUMP,FULL,46,25,1,11.04,25.0,46.0,Malaysia
450075,Kesrick Williams,pace bowler,Right Fast,ON_THE_STUMPS,SHORT,53,25,2,12.72,12.5,26.5,West Indies
323244,Rahat Ali,pace bowler,Left Fast,ON_THE_STUMPS,FULL,46,25,1,11.04,25.0,46.0,Pakistan
1206406,Jake Gibson,pace bowler,Right Medium,OUTSIDE_OFFSTUMP,SHORT_OF_A_GOOD_LENGTH,31,25,1,7.44,25.0,31.0,New Zealand
228622,John Hastings,pace bowler,Right Fast,OUTSIDE_OFFSTUMP,SHORT,35,25,1,8.4,25.0,35.0,Australia
533862,Mohammad Naveed,pace bowler,Right Medium,OUTSIDE_OFFSTUMP,SHORT_OF_A_GOOD_LENGTH,20,25,1,4.8,25.0,20.0,United Arab Emirates
1161031,Saim Ayub,mixture/unknown,Mixed,ON_THE_STUMPS,FULL,56,25,1,13.44,25.0,56.0,Pakistan
379145,Tabraiz Shamsi,spin bowler,Left Wrist Spin,WIDE_OUTSIDE_OFFSTUMP,GOOD_LENGTH,33,25,4,7.92,6.25,8.25,South Africa
785323,Nathan McAndrew,pace bowler,Right Fast,WIDE_OUTSIDE_OFFSTUMP,FULL,43,25,1,10.32,25.0,43.0,Australia
555853,Mark Steketee,pace bowler,Right Fast,DOWN_LEG,SHORT_OF_A_GOOD_LENGTH,38,25,1,9.12,25.0,38.0,Australia
390891,Ikramullah Khan,pace bowler,Left Fast,ON_THE_STUMPS,GOOD_LENGTH,41,25,1,9.84,25.0,41.0,Qatar
909225,Paul Walter,pace bowler,Left Medium,OUTSIDE_OFFSTUMP,SHORT,27,25,4,6.48,6.25,6.75,England
325026,Glenn Maxwell,spin bowler,Right Off Spin,WIDE_OUTSIDE_OFFSTUMP,FULL,39,25,1,9.36,25.0,39.0,Australia
891517,Pat Brown,pace bowler,Right Fast,OUTSIDE_OFFSTUMP,GOOD_LENGTH,40,25,1,9.6,25.0,40.0,England
489889,Pat Cummins,pace bowler,Right Fast,WIDE_OUTSIDE_OFFSTUMP,SHORT,49,25,1,11.76,25.0,49.0,Australia
774217,Clint Hinchliffe,spin bowler,Left Wrist Spin,ON_THE_STUMPS,SHORT_OF_A_GOOD_LENGTH,49,25,1,11.76,25.0,49.0,Australia
362541,Doug Bracewell,pace bowler,Right Fast,OUTSIDE_OFFSTUMP,FULL,37,25,2,8.88,12.5,18.5,New Zealand
1263691,Rehan Ahmed,spin bowler,Right Wrist Spin,ON_THE_STUMPS,FULL,37,25,1,8.88,25.0,37.0,England
700167,Navdeep Saini,pace bowler,Right Fast,ON_THE_STUMPS,FULL_TOSS,47,25,1,11.28,25.0,47.0,India
7069,Steve O'Keefe,spin bowler,Left Off Spin,DOWN_LEG,GOOD_LENGTH,26,25,2,6.24,12.5,13.0,Australia
669855,Jofra Archer,pace bowler,Right Fast,DOWN_LEG,SHORT_OF_A_GOOD_LENGTH,27,25,2,6.48,12.5,13.5,England
1312645,Harshit Rana,pace bowler,Right Fast,ON_THE_STUMPS,SHORT_OF_A_GOOD_LENGTH,55,25,2,13.2,12.5,27.5,India
1111917,Darshan Nalkande,pace bowler,Right Fast,OUTSIDE_OFFSTUMP,FULL,44,25,3,10.56,8.33,14.67,India
793441,Aamer Jamal,pace bowler,Right Medium,OUTSIDE_OFFSTUMP,FULL,44,25,3,10.56,8.33,14.67,Pakistan
30732,Praveen Kumar,pace bowler,Right Medium,OUTSIDE_OFFSTUMP,FULL,42,25,1,10.08,25.0,42.0,India
526441,Mark Adair,pace bowler,Right Fast,WIDE_OUTSIDE_OFFSTUMP,SHORT_OF_A_GOOD_LENGTH,42,25,1,10.08,25.0,42.0,Ireland
308251,David Willey,pace bowler,Left Fast,DOWN_LEG,FULL,40,25,1,9.6,25.0,40.0,England
530773,Pawan Negi,spin bowler,Left Off Spin,ON_THE_STUMPS,SHORT_OF_A_GOOD_LENGTH,25,25,2,6.0,12.5,12.5,India
308798,D'Arcy Short,spin bowler,Left Wrist Spin,ON_THE_STUMPS,SHORT,57,25,1,13.68,25.0,57.0,Australia
326017,Siddarth Kaul,pace bowler,Right Medium,WIDE_OUTSIDE_OFFSTUMP,FULL,36,25,3,8.64,8.33,12.0,India
362201,Lewis Gregory,pace bowler,Right Fast,ON_THE_STUMPS,SHORT,55,25,2,13.2,12.5,27.5,England
922943,Shadab Khan,spin bowler,Right Wrist Spin,ON_THE_STUMPS,SHORT,83,25,1,19.92,25.0,83.0,Pakistan
308251,David Willey,pace bowler,Left Fast,ON_THE_STUMPS,FULL_TOSS,43,25,2,10.32,12.5,21.5,England
52997,Shane Shillingford,spin bowler,Right Off Spin,ON_THE_STUMPS,FULL,33,25,2,7.92,12.5,16.5,West Indies
1158175,Mohammad Ali,pace bowler,Right Fast,OUTSIDE_OFFSTUMP,FULL,35,25,2,8.4,12.5,17.5,
499660,Gurinder Sandhu,pace bowler,Right Fast,DOWN_LEG,SHORT_OF_A_GOOD_LENGTH,30,25,1,7.2,25.0,30.0,Australia
932763,Shafiqul Islam,pace bowler,Left Medium,OUTSIDE_OFFSTUMP,FULL,35,25,1,8.4,25.0,35.0,Bangladesh
1132005,Mohsin Khan,pace bowler,Left Fast,ON_THE_STUMPS,FULL,46,25,2,11.04,12.5,23.0,India
670031,Alzarri Joseph,pace bowler,Right Fast,DOWN_LEG,FULL,51,25,2,12.24,12.5,25.5,West Indies
498440,Ronsford Beaton,pace bowler,Right Fast,ON_THE_STUMPS,FULL,27,25,3,6.48,8.33,9.0,West Indies
362201,Lewis Gregory,pace bowler,Right Fast,WIDE_OUTSIDE_OFFSTUMP,SHORT_OF_A_GOOD_LENGTH,34,25,1,8.16,25.0,34.0,England
539305,Haseeb Amjad,pace bowler,Right Fast,OUTSIDE_OFFSTUMP,GOOD_LENGTH,20,25,2,4.8,12.5,10.0,Hong Kong
628240,Hussain Talat,pace bowler,Right Fast,ON_THE_STUMPS,FULL,41,25,2,9.84,12.5,20.5,Pakistan
1132005,Mohsin Khan,pace bowler,Left Fast,ON_THE_STUMPS,SHORT,59,25,3,14.16,8.33,19.67,India
793915,Hardik Patel,spin bowler,Left Off Spin,OUTSIDE_OFFSTUMP,GOOD_LENGTH,14,25,1,3.36,25.0,14.0,India
659081,Mark Watt,spin bowler,Left Off Spin,WIDE_OUTSIDE_OFFSTUMP,GOOD_LENGTH,45,25,2,10.8,12.5,22.5,Scotland
793447,Naveen-ul-Haq,pace bowler,Right Fast,ON_THE_STUMPS,YORKER,15,25,4,3.6,6.25,3.75,Afghanistan
1158088,Naseem Shah,pace bowler,Right Fast,WIDE_OUTSIDE_OFFSTUMP,FULL,52,25,3,12.48,8.33,17.33,Pakistan
230371,Ben Cutting,pace bowler,Right Fast,WIDE_OUTSIDE_OFFSTUMP,GOOD_LENGTH,42,25,1,10.08,25.0,42.0,Australia
247235,Chris Woakes,pace bowler,Right Fast,WIDE_OUTSIDE_OFFSTUMP,GOOD_LENGTH,33,25,1,7.92,25.0,33.0,England
786925,Asitha Fernando,pace bowler,Right Fast,OUTSIDE_OFFSTUMP,GOOD_LENGTH,47,25,1,11.28,25.0,47.0,Sri Lanka
379144,Graham Hume,pace bowler,Right Fast,OUTSIDE_OFFSTUMP,SHORT_OF_A_GOOD_LENGTH,22,25,3,5.28,8.33,7.33,Ireland
212756,Sachith Pathirana,spin bowler,Left Off Spin,OUTSIDE_OFFSTUMP,GOOD_LENGTH,36,25,2,8.64,12.5,18.0,Sri Lanka
373538,Sabbir Rahman,spin bowler,Right Wrist Spin,OUTSIDE_OFFSTUMP,GOOD_LENGTH,19,25,3,4.56,8.33,6.33,Bangladesh
787987,Marnus Labuschagne,spin bowler,Right Wrist Spin,ON_THE_STUMPS,GOOD_LENGTH,31,25,3,7.44,8.33,10.33,Australia
332980,Charles Amini,spin bowler,Right Wrist Spin,OUTSIDE_OFFSTUMP,FULL,38,25,1,9.12,25.0,38.0,Papua New Guinea
376116,Umesh Yadav,pace bowler,Right Fast,ON_THE_STUMPS,YORKER,26,25,3,6.24,8.33,8.67,India
345821,Danushka Gunathilaka,spin bowler,Right Off Spin,ON_THE_STUMPS,GOOD_LENGTH,38,25,2,9.12,12.5,19.0,Sri Lanka
1163488,Rejaur Rahman Raja,pace bowler,Right Medium,OUTSIDE_OFFSTUMP,SHORT,58,25,2,13.92,12.5,29.0,Bangladesh
481979,Anrich Nortje,pace bowler,Right Fast,DOWN_LEG,GOOD_LENGTH,52,25,5,12.48,5.0,10.4,South Africa
1244751,Arshad Khan,pace bowler,Left Medium,ON_THE_STUMPS,SHORT_OF_A_GOOD_LENGTH,44,25,1,10.56,25.0,44.0,India
1070188,Kamlesh Nagarkoti,pace bowler,Right Fast,ON_THE_STUMPS,FULL,39,25,2,9.36,12.5,19.5,India
35731,Vinay Kumar,pace bowler,Right Medium,ON_THE_STUMPS,SHORT_OF_A_GOOD_LENGTH,29,25,2,6.96,12.5,14.5,India
784375,Lahiru Kumara,pace bowler,Right Fast,DOWN_LEG,SHORT,69,25,2,16.56,12.5,34.5,Sri Lanka
749523,Mohsin Zaki,spin bowler,Left Off Spin,OUTSIDE_OFFSTUMP,GOOD_LENGTH,23,25,2,5.52,12.5,11.5,Bahrain
784375,Lahiru Kumara,pace bowler,Right Fast,ON_THE_STUMPS,SHORT,68,25,2,16.32,12.5,34.0,Sri Lanka
376116,Umesh Yadav,pace bowler,Right Fast,DOWN_LEG,FULL,68,25,2,16.32,12.5,34.0,India
27223,Stuart Binny,pace bowler,Right Medium,OUTSIDE_OFFSTUMP,FULL,26,25,1,6.24,25.0,26.0,India
623695,Chamika Karunaratne,pace bowler,Right Fast,ON_THE_STUMPS,SHORT,28,25,2,6.72,12.5,14.0,Sri Lanka
848623,Mark Deyal,spin bowler,Right Off Spin,OUTSIDE_OFFSTUMP,FULL,36,25,1,8.64,25.0,36.0,West Indies
25967,Paras Khadka,mixture/unknown,Mixed,OUTSIDE_OFFSTUMP,GOOD_LENGTH,22,25,1,5.28,25.0,22.0,Nepal
272465,James Pattinson,pace bowler,Right Fast,ON_THE_STUMPS,FULL,33,25,3,7.92,8.33,11.0,Australia
1065115,Benjamin Manenti,spin bowler,Right Off Spin,ON_THE_STUMPS,SHORT_OF_A_GOOD_LENGTH,34,25,1,8.16,25.0,34.0,Italy
552152,Dushmantha Chameera,pace bowler,Right Fast,DOWN_LEG,GOOD_LENGTH,46,25,2,11.04,12.5,23.0,Sri Lanka
230559,Kieron Pollard,pace bowler,Right Medium,ON_THE_STUMPS,SHORT,71,25,2,17.04,12.5,35.5,West Indies
1175458,Akash Singh,pace bowler,Left Fast,ON_THE_STUMPS,SHORT_OF_A_GOOD_LENGTH,30,25,1,7.2,25.0,30.0,India
974109,Mujeeb Ur Rahman,spin bowler,Right Off Spin,DOWN_LEG,FULL,58,25,3,13.92,8.33,19.33,Afghanistan
1138316,Maheesh Theekshana,spin bowler,Right Off Spin,WIDE_OUTSIDE_OFFSTUMP,FULL,58,25,2,13.92,12.5,29.0,Sri Lanka
221140,David Wiese,pace bowler,Right Fast,ON_THE_STUMPS,FULL_TOSS,61,25,1,14.64,25.0,61.0,Namibia
681305,Hasan Ali,pace bowler,Right Fast,DOWN_LEG,SHORT_OF_A_GOOD_LENGTH,37,24,1,9.25,24.0,37.0,Pakistan
1276982,Musfik Hasan,pace bowler,Right Medium,OUTSIDE_OFFSTUMP,SHORT_OF_A_GOOD_LENGTH,27,24,4,6.75,6.0,6.75,
1159843,Kumar Kartikeya,spin bowler,Mixed,ON_THE_STUMPS,SHORT_OF_A_GOOD_LENGTH,42,24,1,10.5,24.0,42.0,India
541224,Luke Jongwe,pace bowler,Right Fast,WIDE_OUTSIDE_OFFSTUMP,FULL,42,24,2,10.5,12.0,21.0,Zimbabwe
272262,Kane Richardson,pace bowler,Right Fast,DOWN_LEG,SHORT,70,24,1,17.5,24.0,70.0,Australia
399259,Alasdair Evans,pace bowler,Right Fast,ON_THE_STUMPS,SHORT_OF_A_GOOD_LENGTH,36,24,2,9.0,12.0,18.0,Scotland
1108830,Nyeem Young,pace bowler,Right Medium,ON_THE_STUMPS,FULL,37,24,4,9.25,6.0,9.25,West Indies
464626,Craig Overton,pace bowler,Right Fast,OUTSIDE_OFFSTUMP,SHORT_OF_A_GOOD_LENGTH,33,24,2,8.25,12.0,16.5,England
1206039,Akash Madhwal,pace bowler,Right Fast,ON_THE_STUMPS,GOOD_LENGTH,33,24,1,8.25,24.0,33.0,India
1167838,Ahmed Baladraf,spin bowler,Left Off Spin,OUTSIDE_OFFSTUMP,GOOD_LENGTH,25,24,1,6.25,24.0,25.0,Saudi Arabia
1108490,Waqar Salamkheil,spin bowler,Left Wrist Spin,DOWN_LEG,GOOD_LENGTH,38,24,1,9.5,24.0,38.0,Afghanistan
436677,Soumya Sarkar,pace bowler,Right Fast,OUTSIDE_OFFSTUMP,SHORT,48,24,2,12.0,12.0,24.0,Bangladesh
211855,Liam Dawson,spin bowler,Left Off Spin,DOWN_LEG,FULL,36,24,1,9.0,24.0,36.0,England
917159,Prasidh Krishna,pace bowler,Right Fast,ON_THE_STUMPS,FULL_TOSS,45,24,1,11.25,24.0,45.0,India
376169,Michael Neser,pace bowler,Right Fast,OUTSIDE_OFFSTUMP,FULL_TOSS,28,24,2,7.0,12.0,14.0,Australia
348034,George Dockrell,spin bowler,Left Off Spin,ON_THE_STUMPS,SHORT_OF_A_GOOD_LENGTH,40,24,2,10.0,12.0,20.0,Ireland
232491,Anwar Ali,pace bowler,Right Fast,WIDE_OUTSIDE_OFFSTUMP,GOOD_LENGTH,54,24,2,13.5,12.0,27.0,Pakistan
922947,Sameen Gul,pace bowler,Right Medium,ON_THE_STUMPS,SHORT_OF_A_GOOD_LENGTH,28,24,1,7.0,24.0,28.0,Pakistan
735845,Chintan Gaja,pace bowler,Right Medium,OUTSIDE_OFFSTUMP,GOOD_LENGTH,21,24,1,5.25,24.0,21.0,India
53115,Daren Sammy,pace bowler,Right Medium,ON_THE_STUMPS,GOOD_LENGTH,45,24,1,11.25,24.0,45.0,West Indies
974175,Fazalhaq Farooqi,pace bowler,Left Fast,DOWN_LEG,FULL,44,24,1,11.0,24.0,44.0,Afghanistan
288992,Chris Jordan,pace bowler,Right Fast,DOWN_LEG,FULL_TOSS,60,24,2,15.0,12.0,30.0,England
526441,Mark Adair,pace bowler,Right Fast,ON_THE_STUMPS,FULL_TOSS,51,24,3,12.75,8.0,17.0,Ireland
403902,Liam Livingstone,spin bowler,Mixed,DOWN_LEG,FULL,45,24,1,11.25,24.0,45.0,England
605681,Evan Jones,pace bowler,Right Fast,ON_THE_STUMPS,SHORT_OF_A_GOOD_LENGTH,26,24,2,6.5,12.0,13.0,South Africa
633641,Pavandeep Singh,spin bowler,Left Off Spin,ON_THE_STUMPS,GOOD_LENGTH,19,24,3,4.75,8.0,6.33,Malaysia
326016,Bhuvneshwar Kumar,pace bowler,Right Medium,WIDE_OUTSIDE_OFFSTUMP,FULL_TOSS,49,24,1,12.25,24.0,49.0,India
360456,Asela Gunaratne,pace bowler,Right Fast,DOWN_LEG,GOOD_LENGTH,17,24,2,4.25,12.0,8.5,Sri Lanka
277237,Iqbal Abdulla,spin bowler,Left Off Spin,OUTSIDE_OFFSTUMP,FULL,23,24,3,5.75,8.0,7.67,India
482478,Jan Frylinck,pace bowler,Left Fast,ON_THE_STUMPS,FULL,20,24,5,5.0,4.8,4.0,Namibia
470777,Gavin Main,pace bowler,Right Fast,OUTSIDE_OFFSTUMP,GOOD_LENGTH,34,24,2,8.5,12.0,17.0,Scotland
402992,Shuvagata Hom,spin bowler,Right Off Spin,OUTSIDE_OFFSTUMP,SHORT_OF_A_GOOD_LENGTH,38,24,1,9.5,24.0,38.0,Bangladesh
698317,Ruben Trumpelmann,pace bowler,Left Fast,ON_THE_STUMPS,FULL,22,24,1,5.5,24.0,22.0,Namibia
319746,Shapoor Zadran,pace bowler,Left Fast,OUTSIDE_OFFSTUMP,GOOD_LENGTH,17,24,1,4.25,24.0,17.0,Afghanistan
49758,Lasith Malinga,pace bowler,Right Fast,OUTSIDE_OFFSTUMP,SHORT,55,24,1,13.75,24.0,55.0,Sri Lanka
29264,Harbhajan Singh,spin bowler,Right Off Spin,DOWN_LEG,GOOD_LENGTH,45,24,1,11.25,24.0,45.0,India
315623,Ben Laughlin,pace bowler,Right Fast,WIDE_OUTSIDE_OFFSTUMP,FULL,35,24,1,8.75,24.0,35.0,Australia
450860,Adam Milne,pace bowler,Right Fast,WIDE_OUTSIDE_OFFSTUMP,SHORT_OF_A_GOOD_LENGTH,32,24,2,8.0,12.0,16.0,New Zealand
669855,Jofra Archer,pace bowler,Right Fast,WIDE_OUTSIDE_OFFSTUMP,SHORT_OF_A_GOOD_LENGTH,36,24,2,9.0,12.0,18.0,England
698319,Beyers Swanepoel,pace bowler,Right Fast,OUTSIDE_OFFSTUMP,SHORT_OF_A_GOOD_LENGTH,38,24,1,9.5,24.0,38.0,South Africa
315623,Ben Laughlin,pace bowler,Right Fast,ON_THE_STUMPS,YORKER,15,24,7,3.75,3.43,2.14,Australia
538506,Taskin Ahmed,pace bowler,Right Fast,DOWN_LEG,SHORT,52,24,3,13.0,8.0,17.33,Bangladesh
827051,Blessing Muzarabani,pace bowler,Right Fast,DOWN_LEG,SHORT,63,24,4,15.75,6.0,15.75,Zimbabwe
1329697,Sufiyan Muqeem,spin bowler,Left Wrist Spin,OUTSIDE_OFFSTUMP,GOOD_LENGTH,31,24,3,7.75,8.0,10.33,Pakistan
1159720,Yash Dayal,pace bowler,Left Fast,ON_THE_STUMPS,SHORT,41,24,2,10.25,12.0,20.5,India
1353033,Muhammad Jawadullah,pace bowler,Left Fast,DOWN_LEG,SHORT_OF_A_GOOD_LENGTH,27,24,3,6.75,8.0,9.0,United Arab Emirates
8917,Moeen Ali,spin bowler,Right Off Spin,WIDE_OUTSIDE_OFFSTUMP,SHORT_OF_A_GOOD_LENGTH,39,24,1,9.75,24.0,39.0,England
221140,David Wiese,pace bowler,Right Fast,ON_THE_STUMPS,YORKER,14,24,3,3.5,8.0,4.67,Namibia
1088610,Jack Edwards,pace bowler,Right Medium,OUTSIDE_OFFSTUMP,FULL,34,24,3,8.5,8.0,11.33,Australia
1295879,John Kariko,mixture/unknown,Mixed,ON_THE_STUMPS,GOOD_LENGTH,17,24,3,4.25,8.0,5.67,Papua New Guinea
348152,Usman Qadir,spin bowler,Right Wrist Spin,WIDE_OUTSIDE_OFFSTUMP,GOOD_LENGTH,26,24,2,6.5,12.0,13.0,Pakistan
1088610,Jack Edwards,pace bowler,Right Medium,ON_THE_STUMPS,FULL,42,24,2,10.5,12.0,21.0,Australia
938937,Ghulam Mudassar,pace bowler,Left Fast,OUTSIDE_OFFSTUMP,GOOD_LENGTH,35,24,2,8.75,12.0,17.5,Pakistan
1083128,Ankit Soni,spin bowler,Right Wrist Spin,OUTSIDE_OFFSTUMP,FULL,32,24,1,8.0,24.0,32.0,India
913853,Lalit Rajbanshi,spin bowler,Left Off Spin,ON_THE_STUMPS,FULL,29,24,1,7.25,24.0,29.0,Nepal
942645,Khaleel Ahmed,pace bowler,Left Medium,OUTSIDE_OFFSTUMP,FULL_TOSS,63,24,2,15.75,12.0,31.5,India
24827,Gerrie Snyman,mixture/unknown,Mixed,OUTSIDE_OFFSTUMP,GOOD_LENGTH,16,24,2,4.0,12.0,8.0,Namibia
390481,Harshal Patel,pace bowler,Right Medium,DOWN_LEG,FULL_TOSS,51,24,2,12.75,12.0,25.5,India
1170471,Tanveer Sangha,spin bowler,Right Wrist Spin,DOWN_LEG,GOOD_LENGTH,40,24,1,10.0,24.0,40.0,Australia
398666,Sean Abbott,pace bowler,Right Fast,OUTSIDE_OFFSTUMP,FULL_TOSS,35,24,1,8.75,24.0,35.0,Australia
230553,Kemar Roach,pace bowler,Right Fast,OUTSIDE_OFFSTUMP,SHORT_OF_A_GOOD_LENGTH,18,24,2,4.5,12.0,9.0,West Indies
463668,Jake Lintott,spin bowler,Left Wrist Spin,ON_THE_STUMPS,SHORT_OF_A_GOOD_LENGTH,33,24,2,8.25,12.0,16.5,England
51784,Rayad Emrit,pace bowler,Right Fast,WIDE_OUTSIDE_OFFSTUMP,GOOD_LENGTH,39,24,1,9.75,24.0,39.0,West Indies
461632,Reece Topley,pace bowler,Left Fast,OUTSIDE_OFFSTUMP,FULL_TOSS,49,24,3,12.25,8.0,16.33,England
539548,Scott Kuggeleijn,pace bowler,Right Fast,WIDE_OUTSIDE_OFFSTUMP,FULL,62,24,3,15.5,8.0,20.67,New Zealand
360911,Varun Aaron,pace bowler,Right Fast,ON_THE_STUMPS,SHORT,38,24,4,9.5,6.0,9.5,India
527299,Aniket Choudhary,pace bowler,Left Medium,ON_THE_STUMPS,SHORT_OF_A_GOOD_LENGTH,13,24,2,3.25,12.0,6.5,India
949461,Codi Yusuf,pace bowler,Right Medium,ON_THE_STUMPS,GOOD_LENGTH,27,24,1,6.75,24.0,27.0,South Africa
211855,Liam Dawson,spin bowler,Left Off Spin,WIDE_OUTSIDE_OFFSTUMP,FULL,59,24,1,14.75,24.0,59.0,England
51782,Fidel Edwards,pace bowler,Right Fast,ON_THE_STUMPS,FULL_TOSS,37,24,2,9.25,12.0,18.5,West Indies
527663,Jagadeesha Suchith,spin bowler,Left Off Spin,ON_THE_STUMPS,SHORT_OF_A_GOOD_LENGTH,47,24,2,11.75,12.0,23.5,India
527663,Jagadeesha Suchith,spin bowler,Left Off Spin,OUTSIDE_OFFSTUMP,FULL,40,24,1,10.0,24.0,40.0,India
316318,Khalid Usman,spin bowler,Left Off Spin,ON_THE_STUMPS,GOOD_LENGTH,26,24,1,6.5,24.0,26.0,Pakistan
230371,Ben Cutting,pace bowler,Right Fast,DOWN_LEG,SHORT_OF_A_GOOD_LENGTH,31,24,1,7.75,24.0,31.0,Australia
47492,Dale Steyn,pace bowler,Right Fast,OUTSIDE_OFFSTUMP,SHORT,35,24,2,8.75,12.0,17.5,South Africa
681305,Hasan Ali,pace bowler,Right Fast,OUTSIDE_OFFSTUMP,YORKER,16,24,1,4.0,24.0,16.0,Pakistan
232359,Colin Munro,pace bowler,Right Fast,OUTSIDE_OFFSTUMP,FULL,51,24,1,12.75,24.0,51.0,New Zealand
1012137,Mrittunjoy Chowdhury,pace bowler,Left Fast,ON_THE_STUMPS,SHORT_OF_A_GOOD_LENGTH,27,24,2,6.75,12.0,13.5,Bangladesh
459508,Andrew Tye,pace bowler,Right Fast,WIDE_OUTSIDE_OFFSTUMP,SHORT,49,24,4,12.25,6.0,12.25,Australia
459508,Andrew Tye,pace bowler,Right Fast,WIDE_OUTSIDE_OFFSTUMP,FULL_TOSS,45,24,5,11.25,4.8,9.0,Australia
959833,Wes Agar,pace bowler,Right Fast,ON_THE_STUMPS,SHORT,61,24,3,15.25,8.0,20.33,Australia
962831,Henry Shipley,pace bowler,Right Fast,ON_THE_STUMPS,GOOD_LENGTH,28,24,2,7.0,12.0,14.0,New Zealand
376324,Anureet Singh,pace bowler,Right Medium,DOWN_LEG,GOOD_LENGTH,33,24,1,8.25,24.0,33.0,India
324358,Nuwan Pradeep,pace bowler,Right Fast,OUTSIDE_OFFSTUMP,SHORT,34,24,4,8.5,6.0,8.5,Sri Lanka
1076473,Izharulhaq Naveed,spin bowler,Right Wrist Spin,ON_THE_STUMPS,FULL,51,24,1,12.75,24.0,51.0,Afghanistan
424377,Krishnappa Gowtham,spin bowler,Right Off Spin,ON_THE_STUMPS,SHORT_OF_A_GOOD_LENGTH,37,24,2,9.25,12.0,18.5,India
55894,Farhad Reza,pace bowler,Right Fast,OUTSIDE_OFFSTUMP,SHORT_OF_A_GOOD_LENGTH,41,24,1,10.25,24.0,41.0,Bangladesh
486679,Duanne Olivier,pace bowler,Right Fast,OUTSIDE_OFFSTUMP,SHORT_OF_A_GOOD_LENGTH,51,24,2,12.75,12.0,25.5,South Africa
1272475,Zaman Khan,pace bowler,Right Fast,WIDE_OUTSIDE_OFFSTUMP,FULL,50,24,1,12.5,24.0,50.0,Pakistan
1175426,Manav Suthar,spin bowler,Left Off Spin,ON_THE_STUMPS,GOOD_LENGTH,28,24,1,7.0,24.0,28.0,India
806241,Richard Ngarava,pace bowler,Left Fast,WIDE_OUTSIDE_OFFSTUMP,FULL,30,24,1,7.5,24.0,30.0,Zimbabwe
696401,Marco Jansen,pace bowler,Left Fast,DOWN_LEG,GOOD_LENGTH,49,24,1,12.25,24.0,49.0,South Africa
1123718,Spencer Johnson,pace bowler,Left Fast,DOWN_LEG,SHORT,45,24,3,11.25,8.0,15.0,Australia
26421,Ravichandran Ashwin,spin bowler,Right Off Spin,ON_THE_STUMPS,FULL_TOSS,50,24,2,12.5,12.0,25.0,India
707183,Peter Younghusband,spin bowler,Right Wrist Spin,ON_THE_STUMPS,FULL,32,24,1,8.0,24.0,32.0,New Zealand
1217359,Sayed Monib,pace bowler,Right Medium,OUTSIDE_OFFSTUMP,SHORT_OF_A_GOOD_LENGTH,42,24,1,10.5,24.0,42.0,Kuwait
859899,Calvin Harrison,spin bowler,Right Wrist Spin,ON_THE_STUMPS,GOOD_LENGTH,35,24,2,8.75,12.0,17.5,England
1079839,Anukul Roy,spin bowler,Left Off Spin,OUTSIDE_OFFSTUMP,GOOD_LENGTH,30,24,1,7.5,24.0,30.0,India
30102,Zaheer Khan,pace bowler,Left Fast,DOWN_LEG,SHORT,56,24,2,14.0,12.0,28.0,India
1125536,Ben Lister,pace bowler,Left Fast,OUTSIDE_OFFSTUMP,SHORT_OF_A_GOOD_LENGTH,29,24,1,7.25,24.0,29.0,New Zealand
990165,Mukidul Islam,pace bowler,Right Fast,ON_THE_STUMPS,FULL,42,24,2,10.5,12.0,21.0,Bangladesh
1163686,Abhijeet Saket,pace bowler,Right Medium,OUTSIDE_OFFSTUMP,GOOD_LENGTH,22,24,1,5.5,24.0,22.0,India
56058,Nabil Samad,spin bowler,Left Off Spin,OUTSIDE_OFFSTUMP,FULL,14,24,2,3.5,12.0,7.0,Bangladesh
233514,Thisara Perera,pace bowler,Right Fast,DOWN_LEG,FULL,56,24,1,14.0,24.0,56.0,Sri Lanka
355269,James Neesham,pace bowler,Right Fast,WIDE_OUTSIDE_OFFSTUMP,GOOD_LENGTH,42,24,2,10.5,12.0,21.0,New Zealand
707183,Peter Younghusband,spin bowler,Right Wrist Spin,OUTSIDE_OFFSTUMP,FULL,37,24,1,9.25,24.0,37.0,New Zealand
873199,Chris Greaves,spin bowler,Right Wrist Spin,ON_THE_STUMPS,SHORT_OF_A_GOOD_LENGTH,32,24,3,8.0,8.0,10.67,Scotland
973815,Tsepo Ndwandwa,spin bowler,Left Off Spin,ON_THE_STUMPS,FULL,24,24,2,6.0,12.0,12.0,South Africa
1070196,Yash Thakur,pace bowler,Right Fast,ON_THE_STUMPS,FULL,51,24,2,12.75,12.0,25.5,India
1058987,Karthik Meiyappan,spin bowler,Right Wrist Spin,ON_THE_STUMPS,GOOD_LENGTH,23,24,3,5.75,8.0,7.67,United Arab Emirates
917213,Shivil Kaushik,spin bowler,Left Wrist Spin,OUTSIDE_OFFSTUMP,FULL,63,24,2,15.75,12.0,31.5,India
800395,Anas Khan,spin bowler,Left Off Spin,ON_THE_STUMPS,GOOD_LENGTH,22,24,2,5.5,12.0,11.0,Hong Kong
326968,Michael Bracewell,spin bowler,Right Off Spin,ON_THE_STUMPS,FULL,47,24,1,11.75,24.0,47.0,New Zealand
638912,Matthew Kelly,pace bowler,Right Fast,DOWN_LEG,FULL,38,24,3,9.5,8.0,12.67,Australia
573930,Lukman Meriwala,pace bowler,Left Fast,ON_THE_STUMPS,GOOD_LENGTH,22,24,5,5.5,4.8,4.4,India
557298,Daniel Worrall,pace bowler,Right Fast,OUTSIDE_OFFSTUMP,SHORT,57,24,1,14.25,24.0,57.0,Australia
574178,Akila Dananjaya,spin bowler,Mixed,WIDE_OUTSIDE_OFFSTUMP,GOOD_LENGTH,33,24,1,8.25,24.0,33.0,Sri Lanka
481979,Anrich Nortje,pace bowler,Right Fast,DOWN_LEG,SHORT,36,24,1,9.0,24.0,36.0,South Africa
355269,James Neesham,pace bowler,Right Fast,ON_THE_STUMPS,FULL_TOSS,35,24,4,8.75,6.0,8.75,New Zealand
793441,Aamer Jamal,pace bowler,Right Fast,ON_THE_STUMPS,FULL,68,24,1,17.0,24.0,68.0,Pakistan
696127,Brad Evans,pace bowler,Right Fast,OUTSIDE_OFFSTUMP,SHORT_OF_A_GOOD_LENGTH,23,24,3,5.75,8.0,7.67,Zimbabwe
481803,Glenton Stuurman,pace bowler,Right Fast,OUTSIDE_OFFSTUMP,FULL,34,24,1,8.5,24.0,34.0,South Africa
623695,Chamika Karunaratne,pace bowler,Right Fast,WIDE_OUTSIDE_OFFSTUMP,FULL,31,24,1,7.75,24.0,31.0,Sri Lanka
781705,Salman Irshad,pace bowler,Right Fast,OUTSIDE_OFFSTUMP,YORKER,21,23,1,5.48,23.0,21.0,Pakistan
443263,Hayden Walsh,spin bowler,Right Wrist Spin,ON_THE_STUMPS,FULL_TOSS,50,23,1,13.04,23.0,50.0,West Indies
1076722,Will Sutherland,pace bowler,Right Fast,WIDE_OUTSIDE_OFFSTUMP,GOOD_LENGTH,32,23,1,8.35,23.0,32.0,Australia
30288,Karn Sharma,spin bowler,Right Wrist Spin,WIDE_OUTSIDE_OFFSTUMP,FULL,68,23,1,17.74,23.0,68.0,India
932355,Ebadot Hossain,pace bowler,Right Fast,ON_THE_STUMPS,SHORT,53,23,3,13.83,7.67,17.67,Bangladesh
1217487,Mubasir Khan,spin bowler,Right Off Spin,ON_THE_STUMPS,GOOD_LENGTH,13,23,1,3.39,23.0,13.0,Pakistan
226493,Hamish Bennett,pace bowler,Right Fast,OUTSIDE_OFFSTUMP,FULL,25,23,2,6.52,11.5,12.5,New Zealand
937953,Bilal Khan,pace bowler,Left Fast,OUTSIDE_OFFSTUMP,SHORT,32,23,3,8.35,7.67,10.67,Oman
348135,Nikhil Dutta,spin bowler,Right Off Spin,OUTSIDE_OFFSTUMP,GOOD_LENGTH,33,23,1,8.61,23.0,33.0,Canada
1126213,Ninad Rathva,spin bowler,Left Off Spin,OUTSIDE_OFFSTUMP,GOOD_LENGTH,20,23,1,5.22,23.0,20.0,India
550215,Kagiso Rabada,pace bowler,Right Fast,WIDE_OUTSIDE_OFFSTUMP,SHORT,50,23,2,13.04,11.5,25.0,South Africa
1217487,Mubasir Khan,spin bowler,Right Off Spin,OUTSIDE_OFFSTUMP,GOOD_LENGTH,36,23,1,9.39,23.0,36.0,Pakistan
638912,Matthew Kelly,pace bowler,Right Fast,DOWN_LEG,GOOD_LENGTH,25,23,1,6.52,23.0,25.0,Australia
45705,Colin Ingram,spin bowler,Right Wrist Spin,ON_THE_STUMPS,GOOD_LENGTH,15,23,1,3.91,23.0,15.0,South Africa
955235,Nuwan Thushara,pace bowler,Right Fast,ON_THE_STUMPS,SHORT,45,23,1,11.74,23.0,45.0,Sri Lanka
955235,Nuwan Thushara,pace bowler,Right Fast,OUTSIDE_OFFSTUMP,FULL_TOSS,36,23,2,9.39,11.5,18.0,Sri Lanka
549288,Ferisco Adams,pace bowler,Right Fast,ON_THE_STUMPS,FULL,20,23,2,5.22,11.5,10.0,South Africa
247235,Chris Woakes,pace bowler,Right Fast,WIDE_OUTSIDE_OFFSTUMP,FULL,49,23,3,12.78,7.67,16.33,England
55346,Graeme Cremer,spin bowler,Right Wrist Spin,DOWN_LEG,GOOD_LENGTH,30,23,3,7.83,7.67,10.0,Zimbabwe
227712,Ashok Dinda,pace bowler,Right Fast,OUTSIDE_OFFSTUMP,SHORT_OF_A_GOOD_LENGTH,27,23,1,7.04,23.0,27.0,India
774223,Jhye Richardson,pace bowler,Right Fast,WIDE_OUTSIDE_OFFSTUMP,SHORT_OF_A_GOOD_LENGTH,37,23,1,9.65,23.0,37.0,Australia
387420,Mirwais Ashraf,pace bowler,Right Fast,ON_THE_STUMPS,GOOD_LENGTH,34,23,2,8.87,11.5,17.0,Afghanistan
451782,James Fuller,pace bowler,Right Fast,DOWN_LEG,SHORT_OF_A_GOOD_LENGTH,34,23,1,8.87,23.0,34.0,England
652361,Atit Sheth,pace bowler,Right Medium,OUTSIDE_OFFSTUMP,GOOD_LENGTH,23,23,1,6.0,23.0,23.0,India
481896,Mohammed Shami,pace bowler,Right Fast,WIDE_OUTSIDE_OFFSTUMP,FULL,40,23,2,10.43,11.5,20.0,India
1211825,William O’Rourke,pace bowler,Right Fast,ON_THE_STUMPS,GOOD_LENGTH,33,23,1,8.61,23.0,33.0,New Zealand
802575,T Natarajan,pace bowler,Left Medium,WIDE_OUTSIDE_OFFSTUMP,FULL,51,23,1,13.3,23.0,51.0,India
371814,Kevon Cooper,pace bowler,Right Medium,ON_THE_STUMPS,FULL,28,23,1,7.3,23.0,28.0,West Indies
553821,JJ Smit,pace bowler,Left Fast,ON_THE_STUMPS,FULL,33,23,2,8.61,11.5,16.5,Namibia
215058,Stephen Parry,spin bowler,Left Off Spin,ON_THE_STUMPS,GOOD_LENGTH,24,23,3,6.26,7.67,8.0,England
851403,Venkatesh Iyer,pace bowler,Right Medium,OUTSIDE_OFFSTUMP,FULL,31,23,4,8.09,5.75,7.75,India
530811,Chandrapaul Hemraj,spin bowler,Left Off Spin,ON_THE_STUMPS,GOOD_LENGTH,25,23,1,6.52,23.0,25.0,West Indies
268740,Seekkuge Prasanna,spin bowler,Right Wrist Spin,WIDE_OUTSIDE_OFFSTUMP,GOOD_LENGTH,23,23,3,6.0,7.67,7.67,Sri Lanka
1397989,Bukhar Illikkal,spin bowler,Left Off Spin,ON_THE_STUMPS,GOOD_LENGTH,26,23,1,6.78,23.0,26.0,Qatar
942645,Khaleel Ahmed,pace bowler,Left Fast,ON_THE_STUMPS,FULL,37,23,1,9.65,23.0,37.0,India
446101,Shannon Gabriel,pace bowler,Right Fast,OUTSIDE_OFFSTUMP,GOOD_LENGTH,29,23,1,7.57,23.0,29.0,West Indies
493773,Lockie Ferguson,pace bowler,Right Fast,DOWN_LEG,GOOD_LENGTH,41,23,2,10.7,11.5,20.5,New Zealand
928067,Josh Little,pace bowler,Left Fast,WIDE_OUTSIDE_OFFSTUMP,SHORT_OF_A_GOOD_LENGTH,45,23,1,11.74,23.0,45.0,Ireland
272385,Josh Lalor,pace bowler,Left Fast,OUTSIDE_OFFSTUMP,SHORT,30,23,3,7.83,7.67,10.0,Australia
917159,Prasidh Krishna,pace bowler,Right Fast,ON_THE_STUMPS,YORKER,13,23,5,3.39,4.6,2.6,India
785323,Nathan McAndrew,pace bowler,Right Fast,ON_THE_STUMPS,FULL_TOSS,46,23,1,12.0,23.0,46.0,Australia
41324,Mohammad Sami,pace bowler,Right Fast,WIDE_OUTSIDE_OFFSTUMP,GOOD_LENGTH,21,23,2,5.48,11.5,10.5,Pakistan
1246531,Chinta Gandhi,spin bowler,Right Wrist Spin,ON_THE_STUMPS,GOOD_LENGTH,24,23,1,6.26,23.0,24.0,India
226493,Hamish Bennett,pace bowler,Right Fast,ON_THE_STUMPS,FULL,34,23,1,8.87,23.0,34.0,New Zealand
41434,Mohammad Hafeez,spin bowler,Right Off Spin,DOWN_LEG,FULL,26,23,1,6.78,23.0,26.0,Pakistan
793463,Rashid Khan,spin bowler,Right Wrist Spin,ON_THE_STUMPS,YORKER,13,23,1,3.39,23.0,13.0,Afghanistan
230371,Ben Cutting,pace bowler,Right Fast,DOWN_LEG,SHORT,53,23,1,13.83,23.0,53.0,Australia
288284,Josh Hazlewood,pace bowler,Right Fast,OUTSIDE_OFFSTUMP,YORKER,16,23,2,4.17,11.5,8.0,Australia
25913,Mohammad Nabi,spin bowler,Right Off Spin,ON_THE_STUMPS,YORKER,8,23,3,2.09,7.67,2.67,Afghanistan
580400,Khizar Hayat,spin bowler,Right Off Spin,ON_THE_STUMPS,GOOD_LENGTH,14,23,1,3.65,23.0,14.0,Malaysia
399259,Alasdair Evans,pace bowler,Right Fast,OUTSIDE_OFFSTUMP,SHORT,34,23,3,8.87,7.67,11.33,Scotland
272262,Kane Richardson,pace bowler,Right Fast,WIDE_OUTSIDE_OFFSTUMP,SHORT,59,23,2,15.39,11.5,29.5,Australia
7898,Peter Siddle,pace bowler,Right Fast,DOWN_LEG,FULL,31,23,1,8.09,23.0,31.0,Australia
40618,Imran Tahir,spin bowler,Right Wrist Spin,DOWN_LEG,FULL_TOSS,35,23,1,9.13,23.0,35.0,South Africa
937953,Bilal Khan,pace bowler,Left Fast,ON_THE_STUMPS,FULL_TOSS,38,23,2,9.91,11.5,19.0,Oman
499560,Patrick Kruger,pace bowler,Right Medium,OUTSIDE_OFFSTUMP,SHORT_OF_A_GOOD_LENGTH,16,23,1,4.17,23.0,16.0,South Africa
290632,Sreenath Aravind,pace bowler,Left Fast,DOWN_LEG,GOOD_LENGTH,33,23,2,8.61,11.5,16.5,India
633660,Virandeep Singh,spin bowler,Left Off Spin,ON_THE_STUMPS,GOOD_LENGTH,34,23,2,8.87,11.5,17.0,Malaysia
654261,Mohammad Asghar,spin bowler,Left Off Spin,OUTSIDE_OFFSTUMP,GOOD_LENGTH,29,23,1,7.57,23.0,29.0,Pakistan
1272475,Zaman Khan,pace bowler,Right Fast,OUTSIDE_OFFSTUMP,YORKER,23,23,1,6.0,23.0,23.0,Pakistan
505120,Ashton Agar,spin bowler,Left Off Spin,WIDE_OUTSIDE_OFFSTUMP,GOOD_LENGTH,26,23,2,6.78,11.5,13.0,Australia
709675,James Bazley,pace bowler,Right Fast,OUTSIDE_OFFSTUMP,FULL,48,23,2,12.52,11.5,24.0,Australia
390484,Jaydev Unadkat,pace bowler,Left Medium,DOWN_LEG,SHORT,73,23,1,19.04,23.0,73.0,India
1079848,Shivam Mavi,pace bowler,Right Fast,DOWN_LEG,SHORT_OF_A_GOOD_LENGTH,15,23,2,3.91,11.5,7.5,India
1276980,Ripon Mondol,pace bowler,Right Medium,OUTSIDE_OFFSTUMP,FULL,41,23,1,10.7,23.0,41.0,Bangladesh
49178,Rangana Herath,spin bowler,Left Off Spin,OUTSIDE_OFFSTUMP,FULL,28,23,2,7.3,11.5,14.0,Sri Lanka
949461,Codi Yusuf,pace bowler,Right Medium,OUTSIDE_OFFSTUMP,SHORT_OF_A_GOOD_LENGTH,30,23,1,7.83,23.0,30.0,South Africa
537126,Barinder Sran,pace bowler,Left Medium,DOWN_LEG,SHORT_OF_A_GOOD_LENGTH,33,23,1,8.61,23.0,33.0,India
343305,Bilawal Bhatti,pace bowler,Right Fast,OUTSIDE_OFFSTUMP,GOOD_LENGTH,34,23,1,8.87,23.0,34.0,Pakistan
376169,Michael Neser,pace bowler,Right Fast,DOWN_LEG,SHORT_OF_A_GOOD_LENGTH,30,23,1,7.83,23.0,30.0,Australia
265564,Wayne Parnell,pace bowler,Left Fast,ON_THE_STUMPS,FULL_TOSS,44,23,1,11.48,23.0,44.0,South Africa
1065662,Roshon Primus,pace bowler,Right Medium,ON_THE_STUMPS,FULL,45,23,1,11.74,23.0,45.0,West Indies
670037,Ramaal Lewis,spin bowler,Right Off Spin,OUTSIDE_OFFSTUMP,GOOD_LENGTH,25,23,2,6.52,11.5,12.5,West Indies
18632,Samit Patel,spin bowler,Left Off Spin,OUTSIDE_OFFSTUMP,FULL_TOSS,38,23,1,9.91,23.0,38.0,England
43590,Wahab Riaz,pace bowler,Left Fast,WIDE_OUTSIDE_OFFSTUMP,GOOD_LENGTH,46,23,1,12.0,23.0,46.0,Pakistan
1196500,Zawar Farid,pace bowler,Right Medium,ON_THE_STUMPS,GOOD_LENGTH,23,23,2,6.0,11.5,11.5,United Arab Emirates
430246,Yuzvendra Chahal,spin bowler,Right Wrist Spin,OUTSIDE_OFFSTUMP,SHORT,42,23,3,10.96,7.67,14.0,India
709675,James Bazley,pace bowler,Right Medium,OUTSIDE_OFFSTUMP,GOOD_LENGTH,25,23,2,6.52,11.5,12.5,Australia
793467,Karim Janat,pace bowler,Right Medium,OUTSIDE_OFFSTUMP,FULL_TOSS,52,23,2,13.57,11.5,26.0,Afghanistan
407265,Josh Davey,pace bowler,Right Fast,OUTSIDE_OFFSTUMP,SHORT,29,23,5,7.57,4.6,5.8,Scotland
550235,Tom Curran,pace bowler,Right Fast,WIDE_OUTSIDE_OFFSTUMP,GOOD_LENGTH,36,23,2,9.39,11.5,18.0,England
272450,Mitchell Marsh,pace bowler,Right Medium,WIDE_OUTSIDE_OFFSTUMP,FULL,51,23,3,13.3,7.67,17.0,Australia
1161031,Saim Ayub,mixture/unknown,Mixed,OUTSIDE_OFFSTUMP,FULL,40,23,1,10.43,23.0,40.0,Pakistan
625407,Chiranjit Paul,spin bowler,Left Off Spin,ON_THE_STUMPS,FULL,35,23,1,9.13,23.0,35.0,India
32685,Irfan Pathan,pace bowler,Left Fast,ON_THE_STUMPS,GOOD_LENGTH,22,23,1,5.74,23.0,22.0,India
716733,Khushdil Shah,spin bowler,Left Off Spin,ON_THE_STUMPS,SHORT_OF_A_GOOD_LENGTH,32,23,1,8.35,23.0,32.0,Pakistan
270484,James Faulkner,pace bowler,Left Fast,DOWN_LEG,FULL,44,23,2,11.48,11.5,22.0,Australia
906749,Dominic Drakes,pace bowler,Left Fast,OUTSIDE_OFFSTUMP,FULL_TOSS,32,23,2,8.35,11.5,16.0,West Indies
229225,Kashif Daud,pace bowler,Right Fast,OUTSIDE_OFFSTUMP,GOOD_LENGTH,18,23,1,4.7,23.0,18.0,United Arab Emirates
323244,Rahat Ali,pace bowler,Left Fast,OUTSIDE_OFFSTUMP,SHORT,42,23,3,10.96,7.67,14.0,Pakistan
1131647,Ashmead Nedd,spin bowler,Left Off Spin,ON_THE_STUMPS,FULL,34,23,3,8.87,7.67,11.33,West Indies
230558,Sunil Narine,spin bowler,Right Off Spin,ON_THE_STUMPS,SHORT,46,23,2,12.0,11.5,23.0,West Indies
1171289,Al Islam,spin bowler,Right Off Spin,ON_THE_STUMPS,FULL,28,23,1,7.3,23.0,28.0,Bangladesh
439952,Chris Morris,pace bowler,Right Fast,DOWN_LEG,SHORT,32,23,2,8.35,11.5,16.0,South Africa
1021025,Muhammad Amir,spin bowler,Left Off Spin,ON_THE_STUMPS,GOOD_LENGTH,21,23,2,5.48,11.5,10.5,Malaysia
594329,Jacques Snyman,spin bowler,Right Off Spin,ON_THE_STUMPS,GOOD_LENGTH,19,23,1,4.96,23.0,19.0,South Africa
350629,Nizakat Khan,spin bowler,Right Wrist Spin,OUTSIDE_OFFSTUMP,GOOD_LENGTH,19,23,1,4.96,23.0,19.0,Hong Kong
322810,Cameron Delport,pace bowler,Right Medium,ON_THE_STUMPS,GOOD_LENGTH,25,23,2,6.52,11.5,12.5,South Africa
550215,Kagiso Rabada,pace bowler,Right Fast,DOWN_LEG,YORKER,22,23,1,5.74,23.0,22.0,South Africa
457279,Olly Stone,pace bowler,Right Fast,ON_THE_STUMPS,FULL,43,23,1,11.22,23.0,43.0,England
232444,Taurai Muzarabani,pace bowler,Right Fast,ON_THE_STUMPS,GOOD_LENGTH,18,23,1,4.7,23.0,18.0,Zimbabwe
439952,Chris Morris,pace bowler,Right Fast,DOWN_LEG,YORKER,20,23,1,5.22,23.0,20.0,South Africa
381743,Daryl Mitchell,pace bowler,Right Medium,OUTSIDE_OFFSTUMP,GOOD_LENGTH,18,23,2,4.7,11.5,9.0,New Zealand
233514,Thisara Perera,pace bowler,Right Fast,DOWN_LEG,SHORT,54,23,3,14.09,7.67,18.0,Sri Lanka
324358,Nuwan Pradeep,pace bowler,Right Fast,OUTSIDE_OFFSTUMP,FULL_TOSS,48,23,1,12.52,23.0,48.0,Sri Lanka
18632,Samit Patel,spin bowler,Left Off Spin,DOWN_LEG,FULL,27,23,1,7.04,23.0,27.0,England
481803,Glenton Stuurman,pace bowler,Right Fast,ON_THE_STUMPS,FULL,36,23,1,9.39,23.0,36.0,South Africa
208253,Irfan Ahmed,pace bowler,Right Fast,OUTSIDE_OFFSTUMP,GOOD_LENGTH,17,23,1,4.43,23.0,17.0,Hong Kong
594235,Tshepo Moreki,pace bowler,Right Fast,ON_THE_STUMPS,GOOD_LENGTH,18,22,4,4.91,5.5,4.5,South Africa
314743,Shykat Ali,pace bowler,Right Medium,OUTSIDE_OFFSTUMP,GOOD_LENGTH,24,22,1,6.55,22.0,24.0,Bangladesh
451782,James Fuller,pace bowler,Right Fast,WIDE_OUTSIDE_OFFSTUMP,SHORT_OF_A_GOOD_LENGTH,25,22,1,6.82,22.0,25.0,England
1195245,Vinoth Baskaran,spin bowler,Left Off Spin,ON_THE_STUMPS,GOOD_LENGTH,16,22,4,4.36,5.5,4.0,Singapore
348148,Mohammad Nawaz,spin bowler,Left Off Spin,DOWN_LEG,SHORT_OF_A_GOOD_LENGTH,18,22,1,4.91,22.0,18.0,Pakistan
459257,Tymal Mills,pace bowler,Left Fast,OUTSIDE_OFFSTUMP,FULL_TOSS,39,22,1,10.64,22.0,39.0,England
315594,Ashley Nurse,spin bowler,Right Off Spin,ON_THE_STUMPS,SHORT_OF_A_GOOD_LENGTH,27,22,1,7.36,22.0,27.0,West Indies
914541,Sherfane Rutherford,pace bowler,Right Fast,OUTSIDE_OFFSTUMP,SHORT,47,22,3,12.82,7.33,15.67,West Indies
332980,Charles Amini,spin bowler,Right Wrist Spin,ON_THE_STUMPS,FULL,28,22,1,7.64,22.0,28.0,Papua New Guinea
1161606,Haris Rauf,pace bowler,Right Fast,DOWN_LEG,SHORT,41,22,1,11.18,22.0,41.0,Pakistan
390484,Jaydev Unadkat,pace bowler,Left Medium,ON_THE_STUMPS,FULL_TOSS,56,22,2,15.27,11.0,28.0,India
1397991,Muhammad Jabir,pace bowler,Right Medium,OUTSIDE_OFFSTUMP,FULL,26,22,1,7.09,22.0,26.0,Qatar
493773,Lockie Ferguson,pace bowler,Right Fast,DOWN_LEG,SHORT,53,22,4,14.45,5.5,13.25,New Zealand
604527,Nitish Rana,spin bowler,Right Off Spin,OUTSIDE_OFFSTUMP,SHORT_OF_A_GOOD_LENGTH,35,22,1,9.55,22.0,35.0,India
489889,Pat Cummins,pace bowler,Right Fast,ON_THE_STUMPS,FULL_TOSS,36,22,2,9.82,11.0,18.0,Australia
391485,Jason Holder,pace bowler,Right Fast,WIDE_OUTSIDE_OFFSTUMP,SHORT,51,22,1,13.91,22.0,51.0,West Indies
30732,Praveen Kumar,pace bowler,Right Medium,DOWN_LEG,FULL,20,22,1,5.45,22.0,20.0,India
314622,Krishmar Santokie,pace bowler,Left Medium,ON_THE_STUMPS,FULL_TOSS,42,22,2,11.45,11.0,21.0,West Indies
390484,Jaydev Unadkat,pace bowler,Left Medium,OUTSIDE_OFFSTUMP,FULL_TOSS,47,22,3,12.82,7.33,15.67,India
392945,Donald Tiripano,pace bowler,Right Fast,OUTSIDE_OFFSTUMP,SHORT,27,22,1,7.36,22.0,27.0,Zimbabwe
489889,Pat Cummins,pace bowler,Right Fast,WIDE_OUTSIDE_OFFSTUMP,GOOD_LENGTH,40,22,1,10.91,22.0,40.0,Australia
539548,Scott Kuggeleijn,pace bowler,Right Fast,WIDE_OUTSIDE_OFFSTUMP,SHORT_OF_A_GOOD_LENGTH,34,22,2,9.27,11.0,17.0,New Zealand
1175441,Ravi Bishnoi,spin bowler,Right Wrist Spin,WIDE_OUTSIDE_OFFSTUMP,GOOD_LENGTH,26,22,2,7.09,11.0,13.0,India
498591,Travis Muller,pace bowler,Right Fast,ON_THE_STUMPS,GOOD_LENGTH,19,22,1,5.18,22.0,19.0,South Africa
628240,Hussain Talat,pace bowler,Right Fast,ON_THE_STUMPS,SHORT_OF_A_GOOD_LENGTH,27,22,1,7.36,22.0,27.0,Pakistan
379887,Lizaad Williams,pace bowler,Right Fast,WIDE_OUTSIDE_OFFSTUMP,FULL,34,22,4,9.27,5.5,8.5,South Africa
439952,Chris Morris,pace bowler,Right Fast,WIDE_OUTSIDE_OFFSTUMP,SHORT_OF_A_GOOD_LENGTH,25,22,2,6.82,11.0,12.5,South Africa
552152,Dushmantha Chameera,pace bowler,Right Fast,ON_THE_STUMPS,YORKER,22,22,2,6.0,11.0,11.0,Sri Lanka
1143529,Imran Anwar,pace bowler,Left Medium,OUTSIDE_OFFSTUMP,GOOD_LENGTH,16,22,1,4.36,22.0,16.0,Bahrain
542023,Lungi Ngidi,pace bowler,Right Fast,WIDE_OUTSIDE_OFFSTUMP,SHORT,47,22,2,12.82,11.0,23.5,South Africa
327830,Dwaine Pretorius,pace bowler,Right Fast,OUTSIDE_OFFSTUMP,SHORT,50,22,2,13.64,11.0,25.0,South Africa
351588,Mark Wood,pace bowler,Right Fast,DOWN_LEG,SHORT_OF_A_GOOD_LENGTH,22,22,3,6.0,7.33,7.33,England
481803,Glenton Stuurman,pace bowler,Right Fast,ON_THE_STUMPS,GOOD_LENGTH,17,22,3,4.64,7.33,5.67,South Africa
553249,Bjorn Fortuin,spin bowler,Left Off Spin,DOWN_LEG,GOOD_LENGTH,35,22,1,9.55,22.0,35.0,South Africa
591650,Ankit Rajpoot,pace bowler,Right Medium,OUTSIDE_OFFSTUMP,SHORT,51,22,4,13.91,5.5,12.75,India
545467,Junior Dala,pace bowler,Right Medium,ON_THE_STUMPS,SHORT,57,22,1,15.55,22.0,57.0,South Africa
914567,Oshane Thomas,pace bowler,Right Fast,ON_THE_STUMPS,FULL_TOSS,37,22,2,10.09,11.0,18.5,West Indies
475281,Shardul Thakur,pace bowler,Right Medium,ON_THE_STUMPS,YORKER,23,22,4,6.27,5.5,5.75,India
500268,Ashton Turner,spin bowler,Right Off Spin,ON_THE_STUMPS,FULL,29,22,1,7.91,22.0,29.0,Australia
24599,Boyd Rankin,pace bowler,Right Fast,ON_THE_STUMPS,GOOD_LENGTH,41,22,2,11.18,11.0,20.5,Ireland
326639,Simon Milenko,pace bowler,Right Medium,OUTSIDE_OFFSTUMP,GOOD_LENGTH,17,22,2,4.64,11.0,8.5,Australia
547758,Ed Nuttall,pace bowler,Left Fast,ON_THE_STUMPS,GOOD_LENGTH,26,22,1,7.09,22.0,26.0,New Zealand
1079380,Nikhil Chaudhary,spin bowler,Right Off Spin,OUTSIDE_OFFSTUMP,FULL,40,22,1,10.91,22.0,40.0,Australia
547756,Brett Hampton,pace bowler,Right Fast,OUTSIDE_OFFSTUMP,GOOD_LENGTH,41,22,1,11.18,22.0,41.0,New Zealand
475281,Shardul Thakur,pace bowler,Right Medium,WIDE_OUTSIDE_OFFSTUMP,YORKER,22,22,2,6.0,11.0,11.0,India
806239,Brandon Mavuta,spin bowler,Right Wrist Spin,OUTSIDE_OFFSTUMP,FULL,34,22,1,9.27,22.0,34.0,Zimbabwe
40082,Ehsan Khan,spin bowler,Right Off Spin,OUTSIDE_OFFSTUMP,FULL,22,22,3,6.0,7.33,7.33,Hong Kong
806239,Brandon Mavuta,spin bowler,Right Wrist Spin,ON_THE_STUMPS,GOOD_LENGTH,23,22,1,6.27,22.0,23.0,Zimbabwe
26421,Ravichandran Ashwin,spin bowler,Right Off Spin,WIDE_OUTSIDE_OFFSTUMP,SHORT_OF_A_GOOD_LENGTH,51,22,1,13.91,22.0,51.0,India
403902,Liam Livingstone,spin bowler,Mixed,DOWN_LEG,GOOD_LENGTH,24,22,3,6.55,7.33,8.0,England
322818,Ayabulela Gqamane,pace bowler,Right Fast,ON_THE_STUMPS,GOOD_LENGTH,21,22,5,5.73,4.4,4.2,South Africa
333782,Timm van der Gugten,pace bowler,Right Fast,OUTSIDE_OFFSTUMP,SHORT_OF_A_GOOD_LENGTH,29,22,4,7.91,5.5,7.25,Netherlands
595921,Curtis Campher,pace bowler,Right Fast,WIDE_OUTSIDE_OFFSTUMP,SHORT_OF_A_GOOD_LENGTH,37,22,1,10.09,22.0,37.0,Ireland
1072470,Shaheen Shah Afridi,pace bowler,Left Fast,WIDE_OUTSIDE_OFFSTUMP,FULL_TOSS,55,22,1,15.0,22.0,55.0,Pakistan
574287,Chad Soper,pace bowler,Right Fast,ON_THE_STUMPS,GOOD_LENGTH,32,22,1,8.73,22.0,32.0,Papua New Guinea
593296,Ali Dawood,pace bowler,Right Medium,OUTSIDE_OFFSTUMP,SHORT_OF_A_GOOD_LENGTH,21,22,1,5.73,22.0,21.0,Bahrain
774223,Jhye Richardson,pace bowler,Right Fast,WIDE_OUTSIDE_OFFSTUMP,GOOD_LENGTH,32,22,3,8.73,7.33,10.67,Australia
559235,Kuldeep Yadav,spin bowler,Left Wrist Spin,ON_THE_STUMPS,FULL_TOSS,22,22,1,6.0,22.0,22.0,India
787073,Chris Green,spin bowler,Right Off Spin,DOWN_LEG,SHORT_OF_A_GOOD_LENGTH,54,22,1,14.73,22.0,54.0,Australia
440523,Ben Wheeler,pace bowler,Left Fast,OUTSIDE_OFFSTUMP,SHORT_OF_A_GOOD_LENGTH,32,22,1,8.73,22.0,32.0,New Zealand
600498,Aiden Markram,spin bowler,Right Off Spin,ON_THE_STUMPS,SHORT_OF_A_GOOD_LENGTH,40,22,1,10.91,22.0,40.0,South Africa
36948,Anton Devcich,spin bowler,Left Off Spin,ON_THE_STUMPS,GOOD_LENGTH,37,22,1,10.09,22.0,37.0,New Zealand
914567,Oshane Thomas,pace bowler,Right Fast,ON_THE_STUMPS,YORKER,23,22,2,6.27,11.0,11.5,West Indies
446548,Scott Boland,pace bowler,Right Fast,DOWN_LEG,SHORT_OF_A_GOOD_LENGTH,28,22,1,7.64,22.0,28.0,Australia
571703,Wellington Masakadza,spin bowler,Left Off Spin,ON_THE_STUMPS,SHORT_OF_A_GOOD_LENGTH,34,22,1,9.27,22.0,34.0,Zimbabwe
481875,George Linde,spin bowler,Left Off Spin,DOWN_LEG,FULL,23,22,1,6.27,22.0,23.0,South Africa
1125976,Arshdeep Singh,pace bowler,Left Fast,WIDE_OUTSIDE_OFFSTUMP,YORKER,35,22,1,9.55,22.0,35.0,India
940593,Aqib Ilyas,spin bowler,Mixed,OUTSIDE_OFFSTUMP,SHORT_OF_A_GOOD_LENGTH,18,22,2,4.91,11.0,9.0,Oman
35731,Vinay Kumar,pace bowler,Right Medium,OUTSIDE_OFFSTUMP,FULL,36,22,2,9.82,11.0,18.0,India
1191384,Peter Hatzoglou,spin bowler,Right Wrist Spin,WIDE_OUTSIDE_OFFSTUMP,GOOD_LENGTH,32,22,3,8.73,7.33,10.67,Australia
526441,Mark Adair,pace bowler,Right Fast,WIDE_OUTSIDE_OFFSTUMP,GOOD_LENGTH,51,22,1,13.91,22.0,51.0,Ireland
497121,Deepak Hooda,spin bowler,Right Off Spin,ON_THE_STUMPS,SHORT_OF_A_GOOD_LENGTH,29,22,1,7.91,22.0,29.0,India
527292,Baltej Singh,pace bowler,Right Medium,ON_THE_STUMPS,GOOD_LENGTH,26,22,1,7.09,22.0,26.0,India
787073,Chris Green,spin bowler,Right Off Spin,ON_THE_STUMPS,YORKER,5,22,7,1.36,3.14,0.71,Australia
497121,Deepak Hooda,spin bowler,Right Off Spin,ON_THE_STUMPS,FULL,29,22,1,7.91,22.0,29.0,India
436749,Fayyaz Butt,pace bowler,Right Fast,ON_THE_STUMPS,FULL,19,22,2,5.18,11.0,9.5,Oman
270493,Andrew Fekete,pace bowler,Right Fast,OUTSIDE_OFFSTUMP,GOOD_LENGTH,28,22,1,7.64,22.0,28.0,Australia
853265,Mahipal Lomror,spin bowler,Left Off Spin,OUTSIDE_OFFSTUMP,GOOD_LENGTH,23,22,2,6.27,11.0,11.5,India
48472,Tillakaratne Dilshan,spin bowler,Right Off Spin,OUTSIDE_OFFSTUMP,GOOD_LENGTH,23,22,2,6.27,11.0,11.5,Sri Lanka
641423,Dan Lawrence,spin bowler,Right Off Spin,OUTSIDE_OFFSTUMP,SHORT_OF_A_GOOD_LENGTH,32,22,2,8.73,11.0,16.0,England
272477,Jason Behrendorff,pace bowler,Left Fast,OUTSIDE_OFFSTUMP,FULL_TOSS,44,22,2,12.0,11.0,22.0,Australia
926851,Mukesh Kumar,pace bowler,Right Medium,OUTSIDE_OFFSTUMP,SHORT,50,22,3,13.64,7.33,16.67,India
1292563,Mayank Yadav,pace bowler,Right Fast,OUTSIDE_OFFSTUMP,SHORT_OF_A_GOOD_LENGTH,19,22,1,5.18,22.0,19.0,India
247235,Chris Woakes,pace bowler,Right Fast,DOWN_LEG,SHORT,35,22,2,9.55,11.0,17.5,England
308251,David Willey,pace bowler,Left Fast,OUTSIDE_OFFSTUMP,FULL_TOSS,41,22,1,11.18,22.0,41.0,England
44956,Grant Elliott,pace bowler,Right Medium,OUTSIDE_OFFSTUMP,SHORT_OF_A_GOOD_LENGTH,20,22,1,5.45,22.0,20.0,New Zealand
311158,Ben Stokes,pace bowler,Right Fast,OUTSIDE_OFFSTUMP,FULL_TOSS,31,22,2,8.45,11.0,15.5,England
1410354,Muhammad Rohid,pace bowler,Left Fast,ON_THE_STUMPS,SHORT_OF_A_GOOD_LENGTH,26,22,1,7.09,22.0,26.0,
303508,Shane Getkate,pace bowler,Right Fast,OUTSIDE_OFFSTUMP,FULL,45,22,1,12.27,22.0,45.0,Ireland
826689,Pramod Madushan,pace bowler,Right Fast,ON_THE_STUMPS,SHORT_OF_A_GOOD_LENGTH,30,22,2,8.18,11.0,15.0,Sri Lanka
236779,Ishant Sharma,pace bowler,Right Fast,WIDE_OUTSIDE_OFFSTUMP,FULL,39,22,3,10.64,7.33,13.0,India
826901,Daniel Sams,pace bowler,Left Fast,OUTSIDE_OFFSTUMP,YORKER,13,22,1,3.55,22.0,13.0,Australia
261354,Nathan Coulter-Nile,pace bowler,Right Fast,DOWN_LEG,FULL,36,22,1,9.82,22.0,36.0,Australia
1199304,Jayden Seales,pace bowler,Right Fast,OUTSIDE_OFFSTUMP,FULL,41,22,3,11.18,7.33,13.67,West Indies
700167,Navdeep Saini,pace bowler,Right Fast,DOWN_LEG,SHORT,42,22,2,11.45,11.0,21.0,India
1219972,Brody Couch,pace bowler,Right Medium,OUTSIDE_OFFSTUMP,FULL,31,22,1,8.45,22.0,31.0,United States of America
823509,Glenn Phillips,spin bowler,Right Off Spin,OUTSIDE_OFFSTUMP,FULL,20,22,3,5.45,7.33,6.67,New Zealand
232292,Swapnil Singh,spin bowler,Left Off Spin,OUTSIDE_OFFSTUMP,SHORT_OF_A_GOOD_LENGTH,29,22,1,7.91,22.0,29.0,India
827051,Blessing Muzarabani,pace bowler,Right Fast,WIDE_OUTSIDE_OFFSTUMP,SHORT,50,22,3,13.64,7.33,16.67,Zimbabwe
7898,Peter Siddle,pace bowler,Right Fast,DOWN_LEG,SHORT_OF_A_GOOD_LENGTH,34,22,3,9.27,7.33,11.33,Australia
55395,Colin de Grandhomme,pace bowler,Right Fast,WIDE_OUTSIDE_OFFSTUMP,FULL,33,22,2,9.0,11.0,16.5,New Zealand
1048739,Ravisrinivasan Sai Kishore,spin bowler,Left Off Spin,ON_THE_STUMPS,GOOD_LENGTH,24,22,1,6.55,22.0,24.0,India
1284540,Ishtiaq Ahmad,pace bowler,Right Fast,OUTSIDE_OFFSTUMP,GOOD_LENGTH,16,22,1,4.36,22.0,16.0,Saudi Arabia
49535,Nuwan Kulasekara,pace bowler,Right Fast,OUTSIDE_OFFSTUMP,FULL,25,22,1,6.82,22.0,25.0,Sri Lanka
928059,Ben White,spin bowler,Right Wrist Spin,ON_THE_STUMPS,SHORT_OF_A_GOOD_LENGTH,20,22,2,5.45,11.0,10.0,Ireland
974175,Fazalhaq Farooqi,pace bowler,Left Fast,DOWN_LEG,SHORT,53,22,2,14.45,11.0,26.5,Afghanistan
873199,Chris Greaves,spin bowler,Right Wrist Spin,ON_THE_STUMPS,FULL,35,22,1,9.55,22.0,35.0,Scotland
300619,Rubel Hossain,pace bowler,Right Fast,ON_THE_STUMPS,SHORT,37,22,4,10.09,5.5,9.25,Bangladesh
215152,Jackson Bird,pace bowler,Right Fast,OUTSIDE_OFFSTUMP,SHORT,48,22,3,13.09,7.33,16.0,Australia
679567,Ben Dwarshuis,pace bowler,Left Fast,WIDE_OUTSIDE_OFFSTUMP,GOOD_LENGTH,46,22,2,12.55,11.0,23.0,Australia
237502,Monir Hossain,spin bowler,Left Off Spin,OUTSIDE_OFFSTUMP,GOOD_LENGTH,20,22,2,5.45,11.0,10.0,Bangladesh
961407,Harry Tector,spin bowler,Right Off Spin,OUTSIDE_OFFSTUMP,FULL,34,22,1,9.27,22.0,34.0,Ireland
272385,Josh Lalor,pace bowler,Left Fast,ON_THE_STUMPS,SHORT,62,22,2,16.91,11.0,31.0,Australia
481979,Anrich Nortje,pace bowler,Right Fast,WIDE_OUTSIDE_OFFSTUMP,FULL,47,21,1,13.43,21.0,47.0,South Africa
1058924,Nasrulla Rana,pace bowler,Right Fast,ON_THE_STUMPS,GOOD_LENGTH,27,21,3,7.71,7.0,9.0,Hong Kong
528067,Murugan Ashwin,spin bowler,Right Wrist Spin,DOWN_LEG,FULL,36,21,1,10.29,21.0,36.0,India
379774,Colin Ackermann,spin bowler,Right Off Spin,ON_THE_STUMPS,GOOD_LENGTH,23,21,2,6.57,10.5,11.5,Netherlands
547766,Jacob Duffy,pace bowler,Right Fast,OUTSIDE_OFFSTUMP,SHORT,34,21,2,9.71,10.5,17.0,New Zealand
590326,Mitchell Swepson,spin bowler,Right Wrist Spin,ON_THE_STUMPS,FULL_TOSS,32,21,1,9.14,21.0,32.0,Australia
32965,Munaf Patel,pace bowler,Right Fast,OUTSIDE_OFFSTUMP,SHORT_OF_A_GOOD_LENGTH,20,21,2,5.71,10.5,10.0,India
10582,Ravi Bopara,pace bowler,Right Medium,WIDE_OUTSIDE_OFFSTUMP,FULL,32,21,2,9.14,10.5,16.0,England
629070,Mohammad Saifuddin,pace bowler,Right Fast,ON_THE_STUMPS,FULL_TOSS,38,21,2,10.86,10.5,19.0,Bangladesh
5941,Ben Hilfenhaus,pace bowler,Right Fast,ON_THE_STUMPS,SHORT_OF_A_GOOD_LENGTH,33,21,2,9.43,10.5,16.5,Australia
348056,Kyle Mayers,pace bowler,Right Medium,ON_THE_STUMPS,YORKER,7,21,5,2.0,4.2,1.4,West Indies
303669,Joe Root,spin bowler,Mixed,ON_THE_STUMPS,GOOD_LENGTH,30,21,1,8.57,21.0,30.0,England
429886,Wihan Lubbe,spin bowler,Right Off Spin,ON_THE_STUMPS,FULL,17,21,2,4.86,10.5,8.5,South Africa
434429,Aamer Yamin,pace bowler,Right Medium,ON_THE_STUMPS,FULL,50,21,1,14.29,21.0,50.0,Pakistan
942645,Khaleel Ahmed,pace bowler,Left Fast,ON_THE_STUMPS,SHORT_OF_A_GOOD_LENGTH,28,21,2,8.0,10.5,14.0,India
652359,Pankaj Jaswal,pace bowler,Right Medium,OUTSIDE_OFFSTUMP,GOOD_LENGTH,35,21,1,10.0,21.0,35.0,India
638912,Matthew Kelly,pace bowler,Right Fast,OUTSIDE_OFFSTUMP,FULL_TOSS,25,21,2,7.14,10.5,12.5,Australia
554691,Axar Patel,spin bowler,Left Off Spin,DOWN_LEG,SHORT_OF_A_GOOD_LENGTH,24,21,2,6.86,10.5,12.0,India
316363,Imran Khan,pace bowler,Right Fast,ON_THE_STUMPS,GOOD_LENGTH,24,21,2,6.86,10.5,12.0,Pakistan
502714,Mitchell Santner,spin bowler,Left Off Spin,WIDE_OUTSIDE_OFFSTUMP,SHORT_OF_A_GOOD_LENGTH,28,21,2,8.0,10.5,14.0,New Zealand
1064812,Rahul Chahar,spin bowler,Right Wrist Spin,DOWN_LEG,SHORT_OF_A_GOOD_LENGTH,17,21,1,4.86,21.0,17.0,India
1159715,Manish Golamaru,spin bowler,Left Off Spin,OUTSIDE_OFFSTUMP,GOOD_LENGTH,15,21,1,4.29,21.0,15.0,India
937953,Bilal Khan,pace bowler,Left Fast,WIDE_OUTSIDE_OFFSTUMP,FULL,18,21,2,5.14,10.5,9.0,Oman
429748,Amila Aponso,spin bowler,Left Off Spin,ON_THE_STUMPS,GOOD_LENGTH,26,21,2,7.43,10.5,13.0,United States of America
914567,Oshane Thomas,pace bowler,Right Fast,DOWN_LEG,SHORT,45,21,1,12.86,21.0,45.0,West Indies
1241253,Zuhaib Zubair,spin bowler,Right Wrist Spin,OUTSIDE_OFFSTUMP,SHORT_OF_A_GOOD_LENGTH,26,21,1,7.43,21.0,26.0,
1203995,Shahnawaz Dahani,pace bowler,Right Fast,WIDE_OUTSIDE_OFFSTUMP,FULL,37,21,1,10.57,21.0,37.0,Pakistan
1000791,Bradley Currie,pace bowler,Left Fast,OUTSIDE_OFFSTUMP,GOOD_LENGTH,18,21,2,5.14,10.5,9.0,Scotland
959827,Jason Sangha,spin bowler,Right Wrist Spin,OUTSIDE_OFFSTUMP,GOOD_LENGTH,22,21,1,6.29,21.0,22.0,Australia
1148776,Arjun Tendulkar,pace bowler,Left Fast,ON_THE_STUMPS,SHORT_OF_A_GOOD_LENGTH,25,21,2,7.14,10.5,12.5,India
1138316,Maheesh Theekshana,spin bowler,Right Off Spin,WIDE_OUTSIDE_OFFSTUMP,SHORT_OF_A_GOOD_LENGTH,25,21,1,7.14,21.0,25.0,Sri Lanka
571703,Wellington Masakadza,spin bowler,Left Off Spin,WIDE_OUTSIDE_OFFSTUMP,GOOD_LENGTH,21,21,1,6.0,21.0,21.0,Zimbabwe
494581,Rahkeem Cornwall,spin bowler,Right Off Spin,DOWN_LEG,FULL,39,21,1,11.14,21.0,39.0,West Indies
1136213,Arzan Nagwaswalla,pace bowler,Left Medium,ON_THE_STUMPS,GOOD_LENGTH,24,21,4,6.86,5.25,6.0,India
46538,Morne Morkel,pace bowler,Right Fast,ON_THE_STUMPS,SHORT,38,21,2,10.86,10.5,19.0,South Africa
288992,Chris Jordan,pace bowler,Right Fast,WIDE_OUTSIDE_OFFSTUMP,SHORT,43,21,2,12.29,10.5,21.5,England
696337,Tetelo Maphaka,spin bowler,Left Off Spin,ON_THE_STUMPS,GOOD_LENGTH,17,21,2,4.86,10.5,8.5,South Africa
701215,Sompal Kami,pace bowler,Right Fast,OUTSIDE_OFFSTUMP,SHORT_OF_A_GOOD_LENGTH,31,21,1,8.86,21.0,31.0,Nepal
1163686,Abhijeet Saket,pace bowler,Right Medium,OUTSIDE_OFFSTUMP,SHORT_OF_A_GOOD_LENGTH,25,21,3,7.14,7.0,8.33,India
1344829,Rizwan Butt,pace bowler,Right Medium,OUTSIDE_OFFSTUMP,SHORT_OF_A_GOOD_LENGTH,15,21,1,4.29,21.0,15.0,Bahrain
499660,Gurinder Sandhu,pace bowler,Right Fast,ON_THE_STUMPS,SHORT,44,21,1,12.57,21.0,44.0,Australia
447261,Deepak Chahar,pace bowler,Right Medium,WIDE_OUTSIDE_OFFSTUMP,GOOD_LENGTH,33,21,4,9.43,5.25,8.25,India
499594,Kasun Rajitha,pace bowler,Right Fast,ON_THE_STUMPS,FULL_TOSS,50,21,1,14.29,21.0,50.0,Sri Lanka
1328735,Yasin Patel,spin bowler,Left Off Spin,OUTSIDE_OFFSTUMP,SHORT_OF_A_GOOD_LENGTH,27,21,5,7.71,4.2,5.4,Kuwait
232491,Anwar Ali,pace bowler,Right Fast,WIDE_OUTSIDE_OFFSTUMP,FULL,50,21,2,14.29,10.5,25.0,Pakistan
44932,Jean-Paul Duminy,spin bowler,Right Off Spin,WIDE_OUTSIDE_OFFSTUMP,GOOD_LENGTH,11,21,2,3.14,10.5,5.5,South Africa
1159495,Khurram Shahzad,pace bowler,Right Medium,OUTSIDE_OFFSTUMP,GOOD_LENGTH,24,21,2,6.86,10.5,12.0,Pakistan
1159371,Mohammad Ilyas,pace bowler,Right Fast,OUTSIDE_OFFSTUMP,FULL,41,21,1,11.71,21.0,41.0,Pakistan
6033,Mitchell Johnson,pace bowler,Left Fast,WIDE_OUTSIDE_OFFSTUMP,GOOD_LENGTH,42,21,2,12.0,10.5,21.0,Australia
595036,Bamanye Xenxe,pace bowler,Right Fast,ON_THE_STUMPS,GOOD_LENGTH,30,21,1,8.57,21.0,30.0,South Africa
595978,Tristan Stubbs,spin bowler,Right Off Spin,OUTSIDE_OFFSTUMP,GOOD_LENGTH,23,21,3,6.57,7.0,7.67,South Africa
25613,Amjad Javed,pace bowler,Right Medium,OUTSIDE_OFFSTUMP,SHORT_OF_A_GOOD_LENGTH,27,21,3,7.71,7.0,9.0,United Arab Emirates
1080008,Tanay Thyagarajan,spin bowler,Left Off Spin,ON_THE_STUMPS,GOOD_LENGTH,14,21,1,4.0,21.0,14.0,India
681117,Faheem Ashraf,pace bowler,Right Medium,DOWN_LEG,SHORT,29,21,3,8.29,7.0,9.67,Pakistan
526441,Mark Adair,pace bowler,Right Fast,OUTSIDE_OFFSTUMP,FULL_TOSS,48,21,1,13.71,21.0,48.0,Ireland
1078697,Jeavor Royal,spin bowler,Left Off Spin,ON_THE_STUMPS,FULL,44,21,1,12.57,21.0,44.0,West Indies
50205,Malinda Pushpakumara,spin bowler,Left Off Spin,OUTSIDE_OFFSTUMP,FULL,12,21,1,3.43,21.0,12.0,Sri Lanka
489889,Pat Cummins,pace bowler,Right Fast,ON_THE_STUMPS,YORKER,17,21,2,4.86,10.5,8.5,Australia
1159591,Tom O'Connell,spin bowler,Right Wrist Spin,OUTSIDE_OFFSTUMP,FULL,29,21,1,8.29,21.0,29.0,Australia
926597,Aminul Islam,spin bowler,Right Wrist Spin,ON_THE_STUMPS,SHORT_OF_A_GOOD_LENGTH,25,21,2,7.14,10.5,12.5,Bangladesh
244639,Harry Gurney,pace bowler,Left Fast,DOWN_LEG,GOOD_LENGTH,24,21,2,6.86,10.5,12.0,England
232292,Swapnil Singh,spin bowler,Left Off Spin,OUTSIDE_OFFSTUMP,FULL,25,21,1,7.14,21.0,25.0,India
1076722,Will Sutherland,pace bowler,Right Fast,WIDE_OUTSIDE_OFFSTUMP,FULL,58,21,1,16.57,21.0,58.0,Australia
1048739,Sai Kishore,spin bowler,Left Off Spin,ON_THE_STUMPS,FULL,20,21,4,5.71,5.25,5.0,India
914467,Anderson Phillip,pace bowler,Right Fast,ON_THE_STUMPS,GOOD_LENGTH,25,21,1,7.14,21.0,25.0,West Indies
450860,Adam Milne,pace bowler,Right Fast,OUTSIDE_OFFSTUMP,YORKER,13,21,1,3.71,21.0,13.0,New Zealand
265564,Wayne Parnell,pace bowler,Left Fast,OUTSIDE_OFFSTUMP,FULL_TOSS,54,21,1,15.43,21.0,54.0,South Africa
1167779,Ayush Shukla,pace bowler,Right Medium,OUTSIDE_OFFSTUMP,FULL,35,21,1,10.0,21.0,35.0,Hong Kong
390484,Jaydev Unadkat,pace bowler,Left Medium,WIDE_OUTSIDE_OFFSTUMP,SHORT,56,21,2,16.0,10.5,28.0,India
46149,Eddie Leie,spin bowler,Right Wrist Spin,OUTSIDE_OFFSTUMP,FULL,28,21,1,8.0,21.0,28.0,South Africa
236779,Ishant Sharma,pace bowler,Right Fast,ON_THE_STUMPS,SHORT,40,21,1,11.43,21.0,40.0,India
820691,Odean Smith,pace bowler,Right Fast,WIDE_OUTSIDE_OFFSTUMP,FULL,33,21,1,9.43,21.0,33.0,West Indies
1079380,Nikhil Chaudhary,spin bowler,Right Off Spin,ON_THE_STUMPS,GOOD_LENGTH,22,21,1,6.29,21.0,22.0,Australia
47850,Roelof van der Merwe,spin bowler,Left Off Spin,DOWN_LEG,GOOD_LENGTH,25,21,3,7.14,7.0,8.33,Netherlands
1206240,Mohammad Amir Khan,pace bowler,Right Medium,OUTSIDE_OFFSTUMP,GOOD_LENGTH,30,21,1,8.57,21.0,30.0,Pakistan
629080,Binura Fernando,pace bowler,Left Fast,OUTSIDE_OFFSTUMP,SHORT,29,21,3,8.29,7.0,9.67,Sri Lanka
820691,Odean Smith,pace bowler,Right Fast,DOWN_LEG,SHORT,65,21,2,18.57,10.5,32.5,West Indies
774219,Matthew Kuhnemann,spin bowler,Left Off Spin,DOWN_LEG,GOOD_LENGTH,25,21,1,7.14,21.0,25.0,Australia
677081,Keemo Paul,pace bowler,Right Fast,ON_THE_STUMPS,YORKER,13,21,3,3.71,7.0,4.33,West Indies
279545,Pradeep Sangwan,pace bowler,Left Medium,OUTSIDE_OFFSTUMP,FULL,26,21,1,7.43,21.0,26.0,India
326973,Anurag Verma,pace bowler,Right Medium,OUTSIDE_OFFSTUMP,GOOD_LENGTH,25,21,2,7.14,10.5,12.5,New Zealand
310525,Chris Wood,pace bowler,Left Fast,OUTSIDE_OFFSTUMP,GOOD_LENGTH,27,21,2,7.71,10.5,13.5,England
351588,Mark Wood,pace bowler,Right Fast,DOWN_LEG,SHORT,40,21,1,11.43,21.0,40.0,England
475281,Shardul Thakur,pace bowler,Right Medium,WIDE_OUTSIDE_OFFSTUMP,SHORT,57,21,1,16.29,21.0,57.0,India
819429,Azmatullah Omarzai,pace bowler,Right Fast,DOWN_LEG,GOOD_LENGTH,45,21,2,12.86,10.5,22.5,Afghanistan
450075,Kesrick Williams,pace bowler,Right Fast,WIDE_OUTSIDE_OFFSTUMP,SHORT,52,21,2,14.86,10.5,26.0,West Indies
1209272,Adnan Mirza,spin bowler,Left Off Spin,ON_THE_STUMPS,GOOD_LENGTH,19,21,3,5.43,7.0,6.33,Qatar
477021,Vijay Shankar,pace bowler,Right Medium,ON_THE_STUMPS,GOOD_LENGTH,27,21,1,7.71,21.0,27.0,India
43265,Sohail Tanvir,pace bowler,Left Fast,ON_THE_STUMPS,FULL_TOSS,24,21,4,6.86,5.25,6.0,Pakistan
1163855,Hayden Kerr,pace bowler,Left Fast,ON_THE_STUMPS,YORKER,18,21,4,5.14,5.25,4.5,Australia
244639,Harry Gurney,pace bowler,Left Fast,OUTSIDE_OFFSTUMP,FULL_TOSS,41,21,1,11.71,21.0,41.0,England
326016,Bhuvneshwar Kumar,pace bowler,Right Medium,WIDE_OUTSIDE_OFFSTUMP,SHORT,36,21,2,10.29,10.5,18.0,India
669855,Jofra Archer,pace bowler,Right Fast,DOWN_LEG,GOOD_LENGTH,41,21,1,11.71,21.0,41.0,England
627627,Tom Rogers,pace bowler,Right Fast,DOWN_LEG,SHORT_OF_A_GOOD_LENGTH,19,21,1,5.43,21.0,19.0,Australia
629084,Ramesh Mendis,spin bowler,Right Off Spin,ON_THE_STUMPS,FULL,20,21,1,5.71,21.0,20.0,Sri Lanka
1164186,Shivank Vashisht,spin bowler,Right Off Spin,ON_THE_STUMPS,FULL,26,21,1,7.43,21.0,26.0,India
1209270,Himanshu Rathod,spin bowler,Right Off Spin,OUTSIDE_OFFSTUMP,FULL,19,21,2,5.43,10.5,9.5,Qatar
227712,Ashok Dinda,pace bowler,Right Fast,OUTSIDE_OFFSTUMP,SHORT,25,21,3,7.14,7.0,8.33,India
311158,Ben Stokes,pace bowler,Right Fast,WIDE_OUTSIDE_OFFSTUMP,SHORT,46,21,2,13.14,10.5,23.0,England
990165,Mukidul Islam,pace bowler,Right Fast,WIDE_OUTSIDE_OFFSTUMP,SHORT_OF_A_GOOD_LENGTH,19,21,2,5.43,10.5,9.5,Bangladesh
1210488,Cooper Connolly,spin bowler,Left Off Spin,ON_THE_STUMPS,GOOD_LENGTH,18,21,1,5.14,21.0,18.0,Australia
906783,Obed McCoy,pace bowler,Left Fast,WIDE_OUTSIDE_OFFSTUMP,YORKER,9,21,1,2.57,21.0,9.0,West Indies
46149,Eddie Leie,spin bowler,Right Wrist Spin,OUTSIDE_OFFSTUMP,GOOD_LENGTH,16,21,3,4.57,7.0,5.33,South Africa
1083128,Ankit Soni,spin bowler,Right Wrist Spin,OUTSIDE_OFFSTUMP,GOOD_LENGTH,22,21,1,6.29,21.0,22.0,India
719717,Aditya Sarwate,spin bowler,Left Off Spin,ON_THE_STUMPS,GOOD_LENGTH,28,21,4,8.0,5.25,7.0,India
1244751,Arshad Khan,pace bowler,Left Medium,OUTSIDE_OFFSTUMP,FULL,55,21,1,15.71,21.0,55.0,India
376324,Anureet Singh,pace bowler,Right Medium,ON_THE_STUMPS,FULL,44,21,2,12.57,10.5,22.0,India
1244751,Arshad Khan,pace bowler,Left Medium,ON_THE_STUMPS,GOOD_LENGTH,34,21,1,9.71,21.0,34.0,India
700167,Navdeep Saini,pace bowler,Right Fast,ON_THE_STUMPS,SHORT,26,21,4,7.43,5.25,6.5,India
1234111,Mohammad Imran,pace bowler,Left Fast,DOWN_LEG,SHORT,49,21,2,14.0,10.5,24.5,Pakistan
32966,Piyush Chawla,spin bowler,Right Wrist Spin,OUTSIDE_OFFSTUMP,SHORT,35,21,2,10.0,10.5,17.5,India
384525,Zahoor Khan,pace bowler,Right Fast,ON_THE_STUMPS,FULL_TOSS,23,21,2,6.57,10.5,11.5,United Arab Emirates
272465,James Pattinson,pace bowler,Right Fast,OUTSIDE_OFFSTUMP,SHORT,38,21,1,10.86,21.0,38.0,Australia
446548,Scott Boland,pace bowler,Right Fast,ON_THE_STUMPS,SHORT,36,21,2,10.29,10.5,18.0,Australia
49619,Suranga Lakmal,pace bowler,Right Fast,ON_THE_STUMPS,FULL,25,21,4,7.14,5.25,6.25,Sri Lanka
1328736,Mohamed Shafeeq,pace bowler,Right Medium,OUTSIDE_OFFSTUMP,GOOD_LENGTH,16,21,1,4.57,21.0,16.0,Kuwait
802575,T Natarajan,pace bowler,Left Medium,DOWN_LEG,SHORT,26,21,1,7.43,21.0,26.0,India
926629,Hasan Mahmud,pace bowler,Right Fast,ON_THE_STUMPS,YORKER,15,21,3,4.29,7.0,5.0,Bangladesh
450075,Kesrick Williams,pace bowler,Right Fast,ON_THE_STUMPS,YORKER,19,21,3,5.43,7.0,6.33,West Indies
1402359,Jahandad Khan,pace bowler,Left Fast,OUTSIDE_OFFSTUMP,GOOD_LENGTH,26,21,1,7.43,21.0,26.0,
244497,Adil Rashid,spin bowler,Right Wrist Spin,OUTSIDE_OFFSTUMP,FULL_TOSS,39,21,2,11.14,10.5,19.5,England
327830,Dwaine Pretorius,pace bowler,Right Fast,WIDE_OUTSIDE_OFFSTUMP,FULL_TOSS,48,21,2,13.71,10.5,24.0,South Africa
1081442,Mayank Markande,spin bowler,Right Wrist Spin,DOWN_LEG,GOOD_LENGTH,30,21,1,8.57,21.0,30.0,India
1339131,Aimal Khan,mixture/unknown,Mixed,OUTSIDE_OFFSTUMP,GOOD_LENGTH,34,21,2,9.71,10.5,17.0,Pakistan
550235,Tom Curran,pace bowler,Right Fast,DOWN_LEG,FULL_TOSS,44,21,1,12.57,21.0,44.0,England
793467,Karim Janat,pace bowler,Right Medium,WIDE_OUTSIDE_OFFSTUMP,SHORT_OF_A_GOOD_LENGTH,36,21,2,10.29,10.5,18.0,Afghanistan
629080,Binura Fernando,pace bowler,Left Fast,DOWN_LEG,SHORT,46,21,1,13.14,21.0,46.0,Sri Lanka
30732,Praveen Kumar,pace bowler,Right Medium,ON_THE_STUMPS,FULL_TOSS,58,21,2,16.57,10.5,29.0,India
40618,Imran Tahir,spin bowler,Right Wrist Spin,ON_THE_STUMPS,YORKER,11,21,2,3.14,10.5,5.5,South Africa
1339046,Kamal Tripathi,spin bowler,Right Off Spin,OUTSIDE_OFFSTUMP,GOOD_LENGTH,23,21,2,6.57,10.5,11.5,India
1209190,Matthew Forde,pace bowler,Right Medium,OUTSIDE_OFFSTUMP,SHORT,51,21,1,14.57,21.0,51.0,West Indies
545467,Junior Dala,pace bowler,Right Medium,ON_THE_STUMPS,FULL,23,21,2,6.57,10.5,11.5,South Africa
1012853,Ali Shafiq,pace bowler,Right Medium,OUTSIDE_OFFSTUMP,GOOD_LENGTH,20,21,2,5.71,10.5,10.0,Pakistan
1168641,Harpreet Brar,spin bowler,Left Off Spin,DOWN_LEG,GOOD_LENGTH,36,21,1,10.29,21.0,36.0,India
24844,Sarel Burger,pace bowler,Right Fast,ON_THE_STUMPS,GOOD_LENGTH,18,21,2,5.14,10.5,9.0,Namibia
1125536,Ben Lister,pace bowler,Left Medium,OUTSIDE_OFFSTUMP,SHORT_OF_A_GOOD_LENGTH,31,21,1,8.86,21.0,31.0,New Zealand
232361,Kieran Noema-Barnett,pace bowler,Right Medium,ON_THE_STUMPS,GOOD_LENGTH,25,21,1,7.14,21.0,25.0,New Zealand
33335,Suresh Raina,spin bowler,Right Off Spin,OUTSIDE_OFFSTUMP,SHORT_OF_A_GOOD_LENGTH,37,21,1,10.57,21.0,37.0,India
587152,Pravin Tambe,spin bowler,Right Wrist Spin,DOWN_LEG,GOOD_LENGTH,20,21,1,5.71,21.0,20.0,India
1199304,Jayden Seales,pace bowler,Right Fast,ON_THE_STUMPS,GOOD_LENGTH,25,21,3,7.14,7.0,8.33,West Indies
1108375,Varun Chakravarthy,spin bowler,Right Wrist Spin,WIDE_OUTSIDE_OFFSTUMP,FULL,50,20,5,15.0,4.0,10.0,India
334388,Liam O'Connor,spin bowler,Right Wrist Spin,ON_THE_STUMPS,FULL,23,20,4,6.9,5.0,5.75,Australia
429738,Lakshan Sandakan,spin bowler,Left Wrist Spin,WIDE_OUTSIDE_OFFSTUMP,GOOD_LENGTH,27,20,2,8.1,10.0,13.5,Sri Lanka
1199892,Ateeq Iqbal,pace bowler,Right Medium,OUTSIDE_OFFSTUMP,SHORT_OF_A_GOOD_LENGTH,19,20,1,5.7,20.0,19.0,Hong Kong
230554,Javon Searles,pace bowler,Right Fast,ON_THE_STUMPS,FULL,31,20,1,9.3,20.0,31.0,West Indies
272477,Jason Behrendorff,pace bowler,Left Fast,ON_THE_STUMPS,YORKER,16,20,1,4.8,20.0,16.0,Australia
596010,Gerald Coetzee,pace bowler,Right Fast,ON_THE_STUMPS,FULL_TOSS,38,20,2,11.4,10.0,19.0,South Africa
559066,Ish Sodhi,spin bowler,Right Wrist Spin,ON_THE_STUMPS,FULL_TOSS,33,20,2,9.9,10.0,16.5,New Zealand
1397996,Kashif Abbas,pace bowler,Left Medium,ON_THE_STUMPS,GOOD_LENGTH,16,20,1,4.8,20.0,16.0,Saudi Arabia
244639,Harry Gurney,pace bowler,Left Fast,WIDE_OUTSIDE_OFFSTUMP,FULL,29,20,1,8.7,20.0,29.0,England
428366,Lahiru Madushanka,pace bowler,Right Fast,ON_THE_STUMPS,GOOD_LENGTH,18,20,2,5.4,10.0,9.0,Sri Lanka
540827,Roshan Alam,spin bowler,Left Off Spin,ON_THE_STUMPS,FULL,27,20,1,8.1,20.0,27.0,India
272477,Jason Behrendorff,pace bowler,Left Fast,ON_THE_STUMPS,FULL_TOSS,32,20,2,9.6,10.0,16.0,Australia
1350792,Suyash Sharma,spin bowler,Right Wrist Spin,ON_THE_STUMPS,FULL,42,20,1,12.6,20.0,42.0,India
527663,Jagadeesha Suchith,spin bowler,Left Off Spin,DOWN_LEG,GOOD_LENGTH,24,20,2,7.2,10.0,12.0,India
398666,Sean Abbott,pace bowler,Right Fast,ON_THE_STUMPS,YORKER,18,20,3,5.4,6.67,6.0,Australia
977451,Jack Prestwidge,pace bowler,Right Fast,OUTSIDE_OFFSTUMP,SHORT,30,20,1,9.0,20.0,30.0,Australia
940593,Aqib Ilyas,spin bowler,Mixed,ON_THE_STUMPS,FULL,23,20,1,6.9,20.0,23.0,Oman
794707,Dipendra Singh Airee,mixture/unknown,Mixed,OUTSIDE_OFFSTUMP,GOOD_LENGTH,16,20,2,4.8,10.0,8.0,Nepal
1136213,Arzan Nagwaswalla,pace bowler,Left Medium,OUTSIDE_OFFSTUMP,GOOD_LENGTH,11,20,1,3.3,20.0,11.0,India
625967,Ryan Watson,pace bowler,Right Medium,OUTSIDE_OFFSTUMP,GOOD_LENGTH,26,20,2,7.8,10.0,13.0,New Zealand
325012,Marcus Stoinis,pace bowler,Right Medium,ON_THE_STUMPS,YORKER,16,20,3,4.8,6.67,5.33,Australia
622772,Michael Rae,pace bowler,Right Fast,OUTSIDE_OFFSTUMP,SHORT,36,20,2,10.8,10.0,18.0,New Zealand
227712,Ashok Dinda,pace bowler,Right Fast,OUTSIDE_OFFSTUMP,FULL,38,20,1,11.4,20.0,38.0,India
511532,Al-Amin Hossain,pace bowler,Right Fast,WIDE_OUTSIDE_OFFSTUMP,FULL,44,20,1,13.2,20.0,44.0,Bangladesh
333780,Nic Maddinson,spin bowler,Left Off Spin,OUTSIDE_OFFSTUMP,FULL,14,20,2,4.2,10.0,7.0,Australia
46942,Aaron Phangiso,spin bowler,Left Off Spin,OUTSIDE_OFFSTUMP,SHORT_OF_A_GOOD_LENGTH,37,20,1,11.1,20.0,37.0,South Africa
43265,Sohail Tanvir,pace bowler,Left Fast,ON_THE_STUMPS,YORKER,13,20,4,3.9,5.0,3.25,Pakistan
822553,Tushar Deshpande,pace bowler,Right Medium,ON_THE_STUMPS,SHORT,43,20,3,12.9,6.67,14.33,India
917159,Prasidh Krishna,pace bowler,Right Fast,DOWN_LEG,GOOD_LENGTH,34,20,1,10.2,20.0,34.0,India
5681,Brad Hogg,spin bowler,Left Wrist Spin,ON_THE_STUMPS,SHORT_OF_A_GOOD_LENGTH,27,20,1,8.1,20.0,27.0,Australia
226493,Hamish Bennett,pace bowler,Right Fast,OUTSIDE_OFFSTUMP,SHORT,40,20,1,12.0,20.0,40.0,New Zealand
376169,Michael Neser,pace bowler,Right Fast,WIDE_OUTSIDE_OFFSTUMP,FULL,41,20,1,12.3,20.0,41.0,Australia
557298,Daniel Worrall,pace bowler,Right Fast,WIDE_OUTSIDE_OFFSTUMP,FULL,28,20,2,8.4,10.0,14.0,Australia
5961,Moises Henriques,pace bowler,Right Fast,ON_THE_STUMPS,SHORT,51,20,2,15.3,10.0,25.5,Australia
670037,Ramaal Lewis,spin bowler,Right Off Spin,ON_THE_STUMPS,GOOD_LENGTH,16,20,1,4.8,20.0,16.0,West Indies
1200616,Clayton Floyd,spin bowler,Left Off Spin,OUTSIDE_OFFSTUMP,GOOD_LENGTH,21,20,1,6.3,20.0,21.0,Netherlands
453289,Neville Madziva,pace bowler,Right Fast,OUTSIDE_OFFSTUMP,FULL,22,20,1,6.6,20.0,22.0,Zimbabwe
590326,Mitchell Swepson,spin bowler,Right Wrist Spin,WIDE_OUTSIDE_OFFSTUMP,FULL,28,20,1,8.4,20.0,28.0,Australia
501907,Daryn Dupavillon,pace bowler,Right Fast,OUTSIDE_OFFSTUMP,SHORT,47,20,3,14.1,6.67,15.67,South Africa
233514,Thisara Perera,pace bowler,Right Fast,WIDE_OUTSIDE_OFFSTUMP,FULL_TOSS,36,20,4,10.8,5.0,9.0,Sri Lanka
399259,Alasdair Evans,pace bowler,Right Fast,OUTSIDE_OFFSTUMP,FULL,18,20,3,5.4,6.67,6.0,Scotland
290638,Amit Yadav,spin bowler,Right Off Spin,ON_THE_STUMPS,FULL,12,20,2,3.6,10.0,6.0,India
1328735,Yasin Patel,spin bowler,Left Off Spin,ON_THE_STUMPS,FULL,26,20,1,7.8,20.0,26.0,Kuwait
1159774,Mayank Mishra,spin bowler,Left Off Spin,ON_THE_STUMPS,GOOD_LENGTH,12,20,3,3.6,6.67,4.0,India
557298,Daniel Worrall,pace bowler,Right Fast,WIDE_OUTSIDE_OFFSTUMP,SHORT_OF_A_GOOD_LENGTH,23,20,3,6.9,6.67,7.67,Australia
52997,Shane Shillingford,spin bowler,Right Off Spin,OUTSIDE_OFFSTUMP,SHORT_OF_A_GOOD_LENGTH,21,20,1,6.3,20.0,21.0,West Indies
502714,Mitchell Santner,spin bowler,Left Off Spin,OUTSIDE_OFFSTUMP,SHORT,48,20,2,14.4,10.0,24.0,New Zealand
439952,Chris Morris,pace bowler,Right Fast,WIDE_OUTSIDE_OFFSTUMP,SHORT,43,20,2,12.9,10.0,21.5,South Africa
450075,Kesrick Williams,pace bowler,Right Fast,DOWN_LEG,SHORT,52,20,2,15.6,10.0,26.0,West Indies
527292,Baltej Singh,pace bowler,Right Medium,OUTSIDE_OFFSTUMP,SHORT_OF_A_GOOD_LENGTH,20,20,1,6.0,20.0,20.0,India
793441,Aamer Jamal,pace bowler,Right Fast,ON_THE_STUMPS,SHORT_OF_A_GOOD_LENGTH,31,20,2,9.3,10.0,15.5,Pakistan
299572,Sikandar Raza,spin bowler,Mixed,ON_THE_STUMPS,GOOD_LENGTH,21,20,1,6.3,20.0,21.0,Zimbabwe
511532,Al-Amin Hossain,pace bowler,Right Fast,DOWN_LEG,GOOD_LENGTH,22,20,1,6.6,20.0,22.0,Bangladesh
52622,Nikita Miller,spin bowler,Left Off Spin,ON_THE_STUMPS,GOOD_LENGTH,28,20,2,8.4,10.0,14.0,West Indies
501012,Joel Paris,pace bowler,Left Fast,WIDE_OUTSIDE_OFFSTUMP,FULL,43,20,1,12.9,20.0,43.0,Australia
524255,Kabua Morea,pace bowler,Left Medium,OUTSIDE_OFFSTUMP,FULL,28,20,2,8.4,10.0,14.0,Papua New Guinea
495551,Sheldon Cottrell,pace bowler,Left Fast,ON_THE_STUMPS,YORKER,7,20,2,2.1,10.0,3.5,West Indies
707109,Sean Solia,pace bowler,Right Medium,ON_THE_STUMPS,GOOD_LENGTH,27,20,2,8.1,10.0,13.5,New Zealand
348056,Kyle Mayers,pace bowler,Right Medium,WIDE_OUTSIDE_OFFSTUMP,SHORT_OF_A_GOOD_LENGTH,14,20,2,4.2,10.0,7.0,West Indies
4864,Dan Christian,pace bowler,Right Fast,ON_THE_STUMPS,YORKER,19,20,3,5.7,6.67,6.33,Australia
643433,George Garton,pace bowler,Left Fast,ON_THE_STUMPS,FULL,39,20,2,11.7,10.0,19.5,England
268740,Seekkuge Prasanna,spin bowler,Right Wrist Spin,DOWN_LEG,GOOD_LENGTH,30,20,1,9.0,20.0,30.0,Sri Lanka
719715,Washington Sundar,spin bowler,Right Off Spin,OUTSIDE_OFFSTUMP,SHORT,34,20,1,10.2,20.0,34.0,India
465797,Tharindu Kaushal,spin bowler,Right Off Spin,OUTSIDE_OFFSTUMP,GOOD_LENGTH,34,20,1,10.2,20.0,34.0,Sri Lanka
1125960,Tanush Kotian,spin bowler,Right Off Spin,ON_THE_STUMPS,FULL,22,20,4,6.6,5.0,5.5,India
364343,Craig Young,pace bowler,Right Fast,DOWN_LEG,SHORT_OF_A_GOOD_LENGTH,29,20,2,8.7,10.0,14.5,Ireland
681117,Faheem Ashraf,pace bowler,Right Medium,DOWN_LEG,FULL,33,20,2,9.9,10.0,16.5,Pakistan
1079470,Ramandeep Singh,pace bowler,Right Medium,OUTSIDE_OFFSTUMP,GOOD_LENGTH,34,20,4,10.2,5.0,8.5,India
7898,Peter Siddle,pace bowler,Right Fast,WIDE_OUTSIDE_OFFSTUMP,FULL,15,20,4,4.5,5.0,3.75,Australia
585081,Khawar Ali,spin bowler,Right Wrist Spin,ON_THE_STUMPS,GOOD_LENGTH,21,20,1,6.3,20.0,21.0,Oman
265564,Wayne Parnell,pace bowler,Left Fast,ON_THE_STUMPS,YORKER,10,20,4,3.0,5.0,2.5,South Africa
311158,Ben Stokes,pace bowler,Right Fast,DOWN_LEG,FULL,26,20,1,7.8,20.0,26.0,England
272279,Nathan Lyon,spin bowler,Right Off Spin,ON_THE_STUMPS,FULL,25,20,2,7.5,10.0,12.5,Australia
721041,Dushan Hemantha,spin bowler,Right Wrist Spin,ON_THE_STUMPS,FULL,17,20,1,5.1,20.0,17.0,Sri Lanka
1167779,Ayush Shukla,pace bowler,Right Medium,ON_THE_STUMPS,GOOD_LENGTH,30,20,1,9.0,20.0,30.0,Hong Kong
447261,Deepak Chahar,pace bowler,Right Medium,OUTSIDE_OFFSTUMP,YORKER,15,20,1,4.5,20.0,15.0,India
1206240,Mohammad Amir Khan,pace bowler,Right Medium,ON_THE_STUMPS,GOOD_LENGTH,22,20,1,6.6,20.0,22.0,Pakistan
481979,Anrich Nortje,pace bowler,Right Fast,WIDE_OUTSIDE_OFFSTUMP,FULL_TOSS,52,20,1,15.6,20.0,52.0,South Africa
1402359,Jahandad Khan,pace bowler,Left Fast,OUTSIDE_OFFSTUMP,SHORT_OF_A_GOOD_LENGTH,20,20,1,6.0,20.0,20.0,
446548,Scott Boland,pace bowler,Right Fast,WIDE_OUTSIDE_OFFSTUMP,SHORT_OF_A_GOOD_LENGTH,12,20,1,3.6,20.0,12.0,Australia
906783,Obed McCoy,pace bowler,Left Fast,WIDE_OUTSIDE_OFFSTUMP,SHORT_OF_A_GOOD_LENGTH,35,20,1,10.5,20.0,35.0,West Indies
793467,Karim Janat,pace bowler,Right Medium,WIDE_OUTSIDE_OFFSTUMP,GOOD_LENGTH,36,20,1,10.8,20.0,36.0,Afghanistan
391832,Roston Chase,spin bowler,Right Off Spin,WIDE_OUTSIDE_OFFSTUMP,GOOD_LENGTH,21,20,2,6.3,10.0,10.5,West Indies
56125,Shohidul Islam,pace bowler,Right Medium,ON_THE_STUMPS,SHORT,48,20,1,14.4,20.0,48.0,Bangladesh
1210511,Nahid Rana,pace bowler,Right Medium,OUTSIDE_OFFSTUMP,GOOD_LENGTH,37,20,1,11.1,20.0,37.0,Bangladesh
390484,Jaydev Unadkat,pace bowler,Left Medium,ON_THE_STUMPS,SHORT,37,20,1,11.1,20.0,37.0,India
793007,Dilshan Madushanka,pace bowler,Left Fast,DOWN_LEG,GOOD_LENGTH,27,20,1,8.1,20.0,27.0,Sri Lanka
26421,Ravichandran Ashwin,spin bowler,Right Off Spin,OUTSIDE_OFFSTUMP,SHORT,26,20,2,7.8,10.0,13.0,India
766809,Jordan Thompson,pace bowler,Right Fast,ON_THE_STUMPS,SHORT_OF_A_GOOD_LENGTH,26,20,1,7.8,20.0,26.0,England
481896,Mohammed Shami,pace bowler,Right Fast,DOWN_LEG,FULL,37,20,1,11.1,20.0,37.0,India
629080,Binura Fernando,pace bowler,Left Fast,ON_THE_STUMPS,SHORT,43,20,2,12.9,10.0,21.5,Sri Lanka
712219,Zahir Khan,spin bowler,Left Wrist Spin,OUTSIDE_OFFSTUMP,FULL_TOSS,32,20,1,9.6,20.0,32.0,Afghanistan
446548,Scott Boland,pace bowler,Right Fast,WIDE_OUTSIDE_OFFSTUMP,FULL,45,20,1,13.5,20.0,45.0,Australia
1132005,Mohsin Khan,pace bowler,Left Fast,OUTSIDE_OFFSTUMP,SHORT,40,20,2,12.0,10.0,20.0,India
1070196,Yash Thakur,pace bowler,Right Fast,ON_THE_STUMPS,SHORT_OF_A_GOOD_LENGTH,45,20,1,13.5,20.0,45.0,India
362710,David Payne,pace bowler,Left Fast,OUTSIDE_OFFSTUMP,SHORT,57,20,1,17.1,20.0,57.0,England
1161489,Rasikh Salam,pace bowler,Right Medium,OUTSIDE_OFFSTUMP,FULL,44,20,1,13.2,20.0,44.0,India
723207,Lakshay Garg,pace bowler,Right Medium,ON_THE_STUMPS,GOOD_LENGTH,18,20,2,5.4,10.0,9.0,India
492762,Utkarsh Jain,spin bowler,Left Off Spin,ON_THE_STUMPS,GOOD_LENGTH,15,20,1,4.5,20.0,15.0,
938937,Ghulam Mudassar,pace bowler,Left Fast,ON_THE_STUMPS,GOOD_LENGTH,21,20,1,6.3,20.0,21.0,Pakistan
605683,Migael Pretorius,pace bowler,Right Fast,OUTSIDE_OFFSTUMP,SHORT,51,20,5,15.3,4.0,10.2,South Africa
793447,Naveen-ul-Haq,pace bowler,Right Fast,WIDE_OUTSIDE_OFFSTUMP,YORKER,40,20,1,12.0,20.0,40.0,Afghanistan
395057,Seth Rance,pace bowler,Right Medium,OUTSIDE_OFFSTUMP,FULL,30,20,1,9.0,20.0,30.0,New Zealand
1159495,Khurram Shahzad,pace bowler,Right Medium,OUTSIDE_OFFSTUMP,SHORT_OF_A_GOOD_LENGTH,19,20,2,5.7,10.0,9.5,Pakistan
528985,Domnic Muthuswami,pace bowler,Right Medium,OUTSIDE_OFFSTUMP,GOOD_LENGTH,10,20,1,3.0,20.0,10.0,India
230371,Ben Cutting,pace bowler,Right Fast,ON_THE_STUMPS,FULL_TOSS,47,20,2,14.1,10.0,23.5,Australia
605683,Migael Pretorius,pace bowler,Right Fast,DOWN_LEG,SHORT_OF_A_GOOD_LENGTH,27,20,1,8.1,20.0,27.0,South Africa
786925,Asitha Fernando,pace bowler,Right Fast,ON_THE_STUMPS,SHORT_OF_A_GOOD_LENGTH,22,20,1,6.6,20.0,22.0,Sri Lanka
311592,Mitchell Starc,pace bowler,Left Fast,DOWN_LEG,FULL,54,20,1,16.2,20.0,54.0,Australia
605683,Migael Pretorius,pace bowler,Right Fast,ON_THE_STUMPS,SHORT,24,20,4,7.2,5.0,6.0,South Africa
1148776,Arjun Tendulkar,pace bowler,Left Fast,ON_THE_STUMPS,GOOD_LENGTH,13,20,1,3.9,20.0,13.0,India
1065662,Roshon Primus,pace bowler,Right Medium,OUTSIDE_OFFSTUMP,SHORT,24,20,1,7.2,20.0,24.0,West Indies
1125688,Mukesh Choudhary,pace bowler,Left Medium,ON_THE_STUMPS,FULL,30,20,1,9.0,20.0,30.0,India
722597,Akash Vasisht,spin bowler,Left Off Spin,OUTSIDE_OFFSTUMP,GOOD_LENGTH,18,20,2,5.4,10.0,9.0,India
398513,Saurabh Netravalkar,pace bowler,Left Fast,OUTSIDE_OFFSTUMP,GOOD_LENGTH,15,20,3,4.5,6.67,5.0,United States of America
232491,Anwar Ali,pace bowler,Right Fast,ON_THE_STUMPS,SHORT,41,20,4,12.3,5.0,10.25,Pakistan
593296,Ali Dawood,pace bowler,Right Medium,ON_THE_STUMPS,FULL,39,20,1,11.7,20.0,39.0,Bahrain
473191,Richard Gleeson,pace bowler,Right Fast,OUTSIDE_OFFSTUMP,FULL_TOSS,28,20,2,8.4,10.0,14.0,England
805925,Mohammad Irfan,pace bowler,Right Medium,OUTSIDE_OFFSTUMP,FULL,26,20,2,7.8,10.0,13.0,Pakistan
213674,Todd Astle,spin bowler,Right Wrist Spin,ON_THE_STUMPS,GOOD_LENGTH,22,20,2,6.6,10.0,11.0,New Zealand
772061,Sam Cook,pace bowler,Right Fast,ON_THE_STUMPS,FULL,15,20,2,4.5,10.0,7.5,England
550133,Mosaddek Hossain,spin bowler,Right Off Spin,WIDE_OUTSIDE_OFFSTUMP,GOOD_LENGTH,22,20,1,6.6,20.0,22.0,Bangladesh
53115,Daren Sammy,pace bowler,Right Medium,WIDE_OUTSIDE_OFFSTUMP,GOOD_LENGTH,22,19,3,6.95,6.33,7.33,West Indies
1125536,Ben Lister,pace bowler,Left Medium,OUTSIDE_OFFSTUMP,GOOD_LENGTH,27,19,1,8.53,19.0,27.0,New Zealand
1185475,Qasim Akram,spin bowler,Right Off Spin,OUTSIDE_OFFSTUMP,GOOD_LENGTH,19,19,1,6.0,19.0,19.0,Pakistan
56143,Shakib Al Hasan,spin bowler,Left Off Spin,DOWN_LEG,SHORT_OF_A_GOOD_LENGTH,21,19,1,6.63,19.0,21.0,Bangladesh
694211,Avesh Khan,pace bowler,Right Fast,WIDE_OUTSIDE_OFFSTUMP,FULL_TOSS,45,19,1,14.21,19.0,45.0,India
32966,Piyush Chawla,spin bowler,Right Wrist Spin,DOWN_LEG,SHORT_OF_A_GOOD_LENGTH,39,19,1,12.32,19.0,39.0,India
542023,Lungi Ngidi,pace bowler,Right Fast,ON_THE_STUMPS,YORKER,20,19,6,6.32,3.17,3.33,South Africa
599402,Matthew Bacon,pace bowler,Right Medium,ON_THE_STUMPS,GOOD_LENGTH,46,19,1,14.53,19.0,46.0,New Zealand
1344844,Usman Najeeb,pace bowler,Right Medium,OUTSIDE_OFFSTUMP,SHORT_OF_A_GOOD_LENGTH,19,19,2,6.0,9.5,9.5,Saudi Arabia
552152,Dushmantha Chameera,pace bowler,Right Fast,WIDE_OUTSIDE_OFFSTUMP,SHORT,49,19,1,15.47,19.0,49.0,Sri Lanka
277955,Dhawal Kulkarni,pace bowler,Right Medium,WIDE_OUTSIDE_OFFSTUMP,FULL,38,19,1,12.0,19.0,38.0,India
946365,Caleb Seleka,spin bowler,Right Wrist Spin,OUTSIDE_OFFSTUMP,GOOD_LENGTH,22,19,1,6.95,19.0,22.0,South Africa
677081,Keemo Paul,pace bowler,Right Fast,DOWN_LEG,SHORT,37,19,1,11.68,19.0,37.0,West Indies
694211,Avesh Khan,pace bowler,Right Fast,WIDE_OUTSIDE_OFFSTUMP,YORKER,11,19,2,3.47,9.5,5.5,India
511532,Al-Amin Hossain,pace bowler,Right Fast,DOWN_LEG,SHORT,30,19,4,9.47,4.75,7.5,Bangladesh
436749,Fayyaz Butt,pace bowler,Right Fast,OUTSIDE_OFFSTUMP,SHORT,30,19,4,9.47,4.75,7.5,Oman
694211,Avesh Khan,pace bowler,Right Fast,DOWN_LEG,SHORT,35,19,3,11.05,6.33,11.67,India
1206406,Jake Gibson,pace bowler,Right Medium,ON_THE_STUMPS,GOOD_LENGTH,18,19,2,5.68,9.5,9.0,New Zealand
471342,Krunal Pandya,spin bowler,Left Off Spin,WIDE_OUTSIDE_OFFSTUMP,SHORT_OF_A_GOOD_LENGTH,32,19,1,10.11,19.0,32.0,India
719717,Aditya Sarwate,spin bowler,Left Off Spin,ON_THE_STUMPS,FULL,8,19,2,2.53,9.5,4.0,India
437316,Dasun Shanaka,pace bowler,Right Medium,OUTSIDE_OFFSTUMP,FULL_TOSS,34,19,2,10.74,9.5,17.0,Sri Lanka
327830,Dwaine Pretorius,pace bowler,Right Fast,DOWN_LEG,FULL,22,19,2,6.95,9.5,11.0,South Africa
914567,Oshane Thomas,pace bowler,Right Fast,WIDE_OUTSIDE_OFFSTUMP,FULL,38,19,4,12.0,4.75,9.5,West Indies
1111917,Darshan Nalkande,pace bowler,Right Fast,ON_THE_STUMPS,GOOD_LENGTH,20,19,2,6.32,9.5,10.0,India
384525,Zahoor Khan,pace bowler,Right Fast,ON_THE_STUMPS,YORKER,8,19,7,2.53,2.71,1.14,United Arab Emirates
350629,Nizakat Khan,spin bowler,Right Wrist Spin,ON_THE_STUMPS,GOOD_LENGTH,17,19,1,5.37,19.0,17.0,Hong Kong
299572,Sikandar Raza,spin bowler,Right Off Spin,ON_THE_STUMPS,FULL_TOSS,44,19,1,13.89,19.0,44.0,Zimbabwe
971349,Nandre Burger,pace bowler,Left Fast,DOWN_LEG,GOOD_LENGTH,20,19,1,6.32,19.0,20.0,South Africa
1077307,Kaleemullah,pace bowler,Right Medium,OUTSIDE_OFFSTUMP,SHORT_OF_A_GOOD_LENGTH,25,19,3,7.89,6.33,8.33,Oman
956311,Ashwin Das,pace bowler,Right Medium,OUTSIDE_OFFSTUMP,GOOD_LENGTH,17,19,1,5.37,19.0,17.0,India
777815,Vijaykumar Vyshak,pace bowler,Right Medium,ON_THE_STUMPS,SHORT_OF_A_GOOD_LENGTH,29,19,1,9.16,19.0,29.0,India
277237,Iqbal Abdulla,spin bowler,Left Off Spin,WIDE_OUTSIDE_OFFSTUMP,GOOD_LENGTH,32,19,1,10.11,19.0,32.0,India
787987,Marnus Labuschagne,spin bowler,Right Wrist Spin,ON_THE_STUMPS,SHORT_OF_A_GOOD_LENGTH,8,19,4,2.53,4.75,2.0,Australia
221140,David Wiese,pace bowler,Right Fast,ON_THE_STUMPS,SHORT,46,19,1,14.53,19.0,46.0,Namibia
332980,Charles Amini,spin bowler,Right Wrist Spin,OUTSIDE_OFFSTUMP,SHORT_OF_A_GOOD_LENGTH,27,19,1,8.53,19.0,27.0,Papua New Guinea
927119,Ali Khan,pace bowler,Right Fast,ON_THE_STUMPS,SHORT,40,19,1,12.63,19.0,40.0,United States of America
1122918,Kartik Tyagi,pace bowler,Right Fast,ON_THE_STUMPS,SHORT,45,19,1,14.21,19.0,45.0,India
1171289,Al Islam,spin bowler,Right Off Spin,OUTSIDE_OFFSTUMP,SHORT_OF_A_GOOD_LENGTH,42,19,1,13.26,19.0,42.0,Bangladesh
958007,Jon-Russ Jaggesar,spin bowler,Right Off Spin,DOWN_LEG,GOOD_LENGTH,15,19,2,4.74,9.5,7.5,West Indies
30732,Praveen Kumar,pace bowler,Right Medium,ON_THE_STUMPS,YORKER,23,19,1,7.26,19.0,23.0,India
974175,Fazalhaq Farooqi,pace bowler,Left Fast,WIDE_OUTSIDE_OFFSTUMP,SHORT_OF_A_GOOD_LENGTH,19,19,1,6.0,19.0,19.0,Afghanistan
605576,Cameron Valente,pace bowler,Right Medium,OUTSIDE_OFFSTUMP,SHORT_OF_A_GOOD_LENGTH,23,19,1,7.26,19.0,23.0,Australia
641423,Dan Lawrence,spin bowler,Right Off Spin,ON_THE_STUMPS,FULL,36,19,1,11.37,19.0,36.0,England
498591,Travis Muller,pace bowler,Right Fast,OUTSIDE_OFFSTUMP,FULL,31,19,3,9.79,6.33,10.33,South Africa
1072472,Muhammad Musa,pace bowler,Right Fast,ON_THE_STUMPS,FULL,31,19,1,9.79,19.0,31.0,Pakistan
333872,Sam Rainbird,pace bowler,Left Fast,ON_THE_STUMPS,FULL,25,19,3,7.89,6.33,8.33,Australia
596010,Gerald Coetzee,pace bowler,Right Fast,ON_THE_STUMPS,YORKER,11,19,3,3.47,6.33,3.67,South Africa
977451,Jack Prestwidge,pace bowler,Right Fast,OUTSIDE_OFFSTUMP,FULL,21,19,1,6.63,19.0,21.0,Australia
927119,Ali Khan,pace bowler,Right Fast,DOWN_LEG,SHORT,39,19,2,12.32,9.5,19.5,United States of America
906749,Dominic Drakes,pace bowler,Left Fast,DOWN_LEG,GOOD_LENGTH,22,19,1,6.95,19.0,22.0,West Indies
1123377,Ibtisam Sheikh,spin bowler,Right Wrist Spin,OUTSIDE_OFFSTUMP,GOOD_LENGTH,14,19,3,4.42,6.33,4.67,Pakistan
55705,Tinashe Panyangara,pace bowler,Right Fast,ON_THE_STUMPS,GOOD_LENGTH,28,19,1,8.84,19.0,28.0,Zimbabwe
27223,Stuart Binny,pace bowler,Right Medium,WIDE_OUTSIDE_OFFSTUMP,GOOD_LENGTH,18,19,2,5.68,9.5,9.0,India
499594,Kasun Rajitha,pace bowler,Right Fast,WIDE_OUTSIDE_OFFSTUMP,GOOD_LENGTH,22,19,1,6.95,19.0,22.0,Sri Lanka
1206623,Dilbar Hussain,pace bowler,Right Fast,ON_THE_STUMPS,SHORT_OF_A_GOOD_LENGTH,30,19,1,9.47,19.0,30.0,Pakistan
332366,Sharwan Godara,pace bowler,Right Medium,OUTSIDE_OFFSTUMP,SHORT_OF_A_GOOD_LENGTH,38,19,1,12.0,19.0,38.0,
595978,Tristan Stubbs,spin bowler,Right Off Spin,OUTSIDE_OFFSTUMP,SHORT_OF_A_GOOD_LENGTH,40,19,1,12.63,19.0,40.0,South Africa
1249564,Ahmed Daniyal,pace bowler,Right Fast,ON_THE_STUMPS,GOOD_LENGTH,38,19,1,12.0,19.0,38.0,Pakistan
481875,George Linde,spin bowler,Left Off Spin,WIDE_OUTSIDE_OFFSTUMP,GOOD_LENGTH,8,19,1,2.53,19.0,8.0,South Africa
697279,Usman Shinwari,pace bowler,Left Fast,OUTSIDE_OFFSTUMP,YORKER,20,19,2,6.32,9.5,10.0,Pakistan
1249564,Ahmed Daniyal,pace bowler,Right Fast,ON_THE_STUMPS,FULL,21,19,1,6.63,19.0,21.0,Pakistan
261354,Nathan Coulter-Nile,pace bowler,Right Fast,ON_THE_STUMPS,FULL_TOSS,27,19,3,8.53,6.33,9.0,Australia
1163855,Hayden Kerr,pace bowler,Left Fast,DOWN_LEG,FULL,47,19,1,14.84,19.0,47.0,Australia
19264,Liam Plunkett,pace bowler,Right Fast,WIDE_OUTSIDE_OFFSTUMP,FULL,39,19,1,12.32,19.0,39.0,United States of America
554691,Axar Patel,spin bowler,Left Off Spin,ON_THE_STUMPS,FULL_TOSS,32,19,3,10.11,6.33,10.67,India
914171,Qais Ahmad,spin bowler,Right Wrist Spin,WIDE_OUTSIDE_OFFSTUMP,GOOD_LENGTH,17,19,2,5.37,9.5,8.5,Afghanistan
823509,Glenn Phillips,spin bowler,Right Off Spin,ON_THE_STUMPS,FULL,45,19,1,14.21,19.0,45.0,New Zealand
1331347,Hunain Shah,pace bowler,Right Medium,ON_THE_STUMPS,FULL,38,19,1,12.0,19.0,38.0,Pakistan
223642,Rusty Theron,pace bowler,Right Fast,ON_THE_STUMPS,GOOD_LENGTH,17,19,1,5.37,19.0,17.0,United States of America
1246442,Yuvraj Singh,pace bowler,Right Fast,OUTSIDE_OFFSTUMP,GOOD_LENGTH,15,19,2,4.74,9.5,7.5,India
376116,Umesh Yadav,pace bowler,Right Fast,OUTSIDE_OFFSTUMP,YORKER,16,19,1,5.05,19.0,16.0,India
392945,Donald Tiripano,pace bowler,Right Fast,OUTSIDE_OFFSTUMP,FULL,31,19,2,9.79,9.5,15.5,Zimbabwe
784375,Lahiru Kumara,pace bowler,Right Fast,ON_THE_STUMPS,YORKER,11,19,4,3.47,4.75,2.75,Sri Lanka
550137,Abu Hider,pace bowler,Left Fast,WIDE_OUTSIDE_OFFSTUMP,FULL,46,19,1,14.53,19.0,46.0,Bangladesh
401057,Taijul Islam,spin bowler,Left Off Spin,ON_THE_STUMPS,SHORT_OF_A_GOOD_LENGTH,35,19,2,11.05,9.5,17.5,Bangladesh
290948,Mohammad Amir,pace bowler,Left Fast,WIDE_OUTSIDE_OFFSTUMP,SHORT_OF_A_GOOD_LENGTH,18,19,1,5.68,19.0,18.0,Pakistan
878465,Mehedi Hasan Rana,pace bowler,Left Fast,DOWN_LEG,GOOD_LENGTH,32,19,2,10.11,9.5,16.0,Bangladesh
906783,Obed McCoy,pace bowler,Left Fast,ON_THE_STUMPS,YORKER,15,19,3,4.74,6.33,5.0,West Indies
697279,Usman Shinwari,pace bowler,Left Fast,OUTSIDE_OFFSTUMP,FULL_TOSS,39,19,1,12.32,19.0,39.0,Pakistan
1143529,Imran Anwar,pace bowler,Left Medium,ON_THE_STUMPS,SHORT_OF_A_GOOD_LENGTH,27,19,2,8.53,9.5,13.5,Bahrain
974109,Mujeeb Ur Rahman,spin bowler,Right Off Spin,ON_THE_STUMPS,FULL_TOSS,21,19,3,6.63,6.33,7.0,Afghanistan
482478,Jan Frylinck,pace bowler,Left Fast,OUTSIDE_OFFSTUMP,FULL,39,19,2,12.32,9.5,19.5,Namibia
1170471,Tanveer Sangha,spin bowler,Right Wrist Spin,WIDE_OUTSIDE_OFFSTUMP,FULL,28,19,2,8.84,9.5,14.0,Australia
259551,Junaid Khan,pace bowler,Left Fast,OUTSIDE_OFFSTUMP,FULL,24,19,3,7.58,6.33,8.0,Pakistan
568136,Fareed Ahmad,pace bowler,Left Fast,OUTSIDE_OFFSTUMP,SHORT,45,19,5,14.21,3.8,9.0,Afghanistan
647667,Usama Mir,spin bowler,Right Wrist Spin,DOWN_LEG,GOOD_LENGTH,38,19,1,12.0,19.0,38.0,Pakistan
1212829,Ali Naseer,pace bowler,Right Medium,WIDE_OUTSIDE_OFFSTUMP,GOOD_LENGTH,10,19,1,3.16,19.0,10.0,United Arab Emirates
443263,Hayden Walsh,spin bowler,Right Wrist Spin,DOWN_LEG,FULL,28,19,1,8.84,19.0,28.0,West Indies
940593,Aqib Ilyas,spin bowler,Mixed,OUTSIDE_OFFSTUMP,FULL,32,19,1,10.11,19.0,32.0,Oman
932763,Shafiqul Islam,pace bowler,Left Medium,ON_THE_STUMPS,FULL,30,19,2,9.47,9.5,15.0,Bangladesh
530811,Chandrapaul Hemraj,spin bowler,Left Off Spin,ON_THE_STUMPS,FULL,21,19,1,6.63,19.0,21.0,West Indies
1199434,Nangeyalia Kharote,spin bowler,Left Off Spin,ON_THE_STUMPS,GOOD_LENGTH,19,19,2,6.0,9.5,9.5,Afghanistan
698343,Eathan Bosch,pace bowler,Right Fast,OUTSIDE_OFFSTUMP,SHORT,37,19,1,11.68,19.0,37.0,South Africa
1158175,Mohammad Ali,pace bowler,Right Fast,ON_THE_STUMPS,SHORT_OF_A_GOOD_LENGTH,48,19,1,15.16,19.0,48.0,
379887,Lizaad Williams,pace bowler,Right Fast,OUTSIDE_OFFSTUMP,SHORT,39,19,2,12.32,9.5,19.5,South Africa
1209190,Matthew Forde,pace bowler,Right Medium,ON_THE_STUMPS,SHORT_OF_A_GOOD_LENGTH,21,19,1,6.63,19.0,21.0,West Indies
270484,James Faulkner,pace bowler,Left Fast,OUTSIDE_OFFSTUMP,FULL_TOSS,27,19,1,8.53,19.0,27.0,Australia
1039481,Gus Atkinson,pace bowler,Right Fast,ON_THE_STUMPS,SHORT_OF_A_GOOD_LENGTH,28,19,1,8.84,19.0,28.0,England
533042,Billy Stanlake,pace bowler,Right Fast,DOWN_LEG,GOOD_LENGTH,12,19,1,3.79,19.0,12.0,Australia
793915,Hardik Patel,spin bowler,Left Off Spin,ON_THE_STUMPS,GOOD_LENGTH,23,19,2,7.26,9.5,11.5,India
698319,Beyers Swanepoel,pace bowler,Right Fast,ON_THE_STUMPS,GOOD_LENGTH,19,19,4,6.0,4.75,4.75,South Africa
1202098,Zakary Foulkes,pace bowler,Right Medium,OUTSIDE_OFFSTUMP,FULL,30,19,2,9.47,9.5,15.0,New Zealand
629070,Mohammad Saifuddin,pace bowler,Right Fast,WIDE_OUTSIDE_OFFSTUMP,GOOD_LENGTH,28,19,2,8.84,9.5,14.0,Bangladesh
24844,Sarel Burger,pace bowler,Right Fast,OUTSIDE_OFFSTUMP,GOOD_LENGTH,26,19,2,8.21,9.5,13.0,Namibia
379927,Beuran Hendricks,pace bowler,Left Fast,ON_THE_STUMPS,SHORT,33,19,2,10.42,9.5,16.5,South Africa
1048739,Sai Kishore,spin bowler,Left Off Spin,OUTSIDE_OFFSTUMP,FULL,49,19,1,15.47,19.0,49.0,India
557298,Daniel Worrall,pace bowler,Right Fast,DOWN_LEG,GOOD_LENGTH,25,19,1,7.89,19.0,25.0,Australia
1083033,Kulwant Khejroliya,pace bowler,Left Fast,OUTSIDE_OFFSTUMP,FULL,20,19,1,6.32,19.0,20.0,India
1160970,Haider Ali,spin bowler,Left Off Spin,ON_THE_STUMPS,GOOD_LENGTH,14,19,1,4.42,19.0,14.0,
541224,Luke Jongwe,pace bowler,Right Fast,OUTSIDE_OFFSTUMP,SHORT,20,19,4,6.32,4.75,5.0,Zimbabwe
304735,Dilshan Munaweera,spin bowler,Right Off Spin,OUTSIDE_OFFSTUMP,GOOD_LENGTH,23,19,1,7.26,19.0,23.0,Sri Lanka
410763,Abu Jayed,pace bowler,Right Fast,ON_THE_STUMPS,GOOD_LENGTH,20,19,3,6.32,6.33,6.67,Bangladesh
917213,Shivil Kaushik,spin bowler,Left Wrist Spin,ON_THE_STUMPS,FULL,25,19,2,7.89,9.5,12.5,India
526441,Mark Adair,pace bowler,Right Fast,ON_THE_STUMPS,YORKER,10,19,6,3.16,3.17,1.67,Ireland
51782,Fidel Edwards,pace bowler,Right Fast,OUTSIDE_OFFSTUMP,SHORT,40,19,1,12.63,19.0,40.0,West Indies
1193533,Jock McKenzie,pace bowler,Right Medium,OUTSIDE_OFFSTUMP,GOOD_LENGTH,28,19,1,8.84,19.0,28.0,
792519,Dhananjaya Lakshan,pace bowler,Right Fast,OUTSIDE_OFFSTUMP,FULL,28,19,2,8.84,9.5,14.0,Sri Lanka
235514,Brian Vitori,pace bowler,Left Fast,ON_THE_STUMPS,GOOD_LENGTH,26,19,1,8.21,19.0,26.0,Zimbabwe
714451,Shivam Dube,pace bowler,Right Medium,OUTSIDE_OFFSTUMP,SHORT,49,19,1,15.47,19.0,49.0,India
410768,Alauddin Babu,pace bowler,Right Fast,OUTSIDE_OFFSTUMP,FULL,29,19,3,9.16,6.33,9.67,Bangladesh
24605,Kevin O'Brien,pace bowler,Right Fast,ON_THE_STUMPS,GOOD_LENGTH,19,19,1,6.0,19.0,19.0,Ireland
785323,Nathan McAndrew,pace bowler,Right Fast,DOWN_LEG,FULL,12,19,3,3.79,6.33,4.0,Australia
940973,Mohammed Siraj,pace bowler,Right Fast,WIDE_OUTSIDE_OFFSTUMP,FULL_TOSS,41,19,1,12.95,19.0,41.0,India
319439,Mitchell McClenaghan,pace bowler,Left Fast,ON_THE_STUMPS,YORKER,15,19,5,4.74,3.8,3.0,New Zealand
990039,Shoriful Islam,pace bowler,Left Fast,WIDE_OUTSIDE_OFFSTUMP,FULL_TOSS,41,19,2,12.95,9.5,20.5,Bangladesh
1402359,Jahandad Khan,pace bowler,Left Fast,ON_THE_STUMPS,GOOD_LENGTH,19,19,1,6.0,19.0,19.0,
448243,Rumman Raees,pace bowler,Left Fast,ON_THE_STUMPS,YORKER,14,19,3,4.42,6.33,4.67,Pakistan
914541,Sherfane Rutherford,pace bowler,Right Fast,ON_THE_STUMPS,SHORT_OF_A_GOOD_LENGTH,36,19,2,11.37,9.5,18.0,West Indies
1158088,Naseem Shah,pace bowler,Right Fast,DOWN_LEG,FULL,32,19,1,10.11,19.0,32.0,Pakistan
542023,Lungi Ngidi,pace bowler,Right Fast,DOWN_LEG,SHORT_OF_A_GOOD_LENGTH,24,19,2,7.58,9.5,12.0,South Africa
1312645,Harshit Rana,pace bowler,Right Fast,ON_THE_STUMPS,FULL,36,19,2,11.37,9.5,18.0,India
627627,Tom Rogers,pace bowler,Right Fast,OUTSIDE_OFFSTUMP,FULL_TOSS,36,19,2,11.37,9.5,18.0,Australia
1337284,Ahmad Raza,pace bowler,Right Fast,OUTSIDE_OFFSTUMP,GOOD_LENGTH,27,19,1,8.53,19.0,27.0,
443263,Hayden Walsh,spin bowler,Right Wrist Spin,WIDE_OUTSIDE_OFFSTUMP,FULL,48,19,2,15.16,9.5,24.0,West Indies
537124,Gurkeerat Singh Mann,spin bowler,Right Off Spin,OUTSIDE_OFFSTUMP,GOOD_LENGTH,19,19,2,6.0,9.5,9.5,India
681305,Hasan Ali,pace bowler,Right Fast,DOWN_LEG,FULL,42,19,2,13.26,9.5,21.0,Pakistan
533561,Waqas Maqsood,pace bowler,Left Fast,WIDE_OUTSIDE_OFFSTUMP,FULL,36,19,2,11.37,9.5,18.0,Pakistan
425639,Tendai Chatara,pace bowler,Right Fast,WIDE_OUTSIDE_OFFSTUMP,SHORT_OF_A_GOOD_LENGTH,18,19,2,5.68,9.5,9.0,Zimbabwe
379776,Sisanda Magala,pace bowler,Right Fast,OUTSIDE_OFFSTUMP,SHORT,40,18,1,13.33,18.0,40.0,South Africa
595036,Bamanye Xenxe,pace bowler,Right Fast,OUTSIDE_OFFSTUMP,FULL,21,18,2,7.0,9.0,10.5,South Africa
247235,Chris Woakes,pace bowler,Right Fast,WIDE_OUTSIDE_OFFSTUMP,SHORT,28,18,2,9.33,9.0,14.0,England
742489,Neil Brand,spin bowler,Left Off Spin,ON_THE_STUMPS,GOOD_LENGTH,22,18,2,7.33,9.0,11.0,South Africa
594322,Corbin Bosch,pace bowler,Right Fast,ON_THE_STUMPS,FULL,21,18,1,7.0,18.0,21.0,South Africa
213674,Todd Astle,spin bowler,Right Wrist Spin,OUTSIDE_OFFSTUMP,GOOD_LENGTH,18,18,4,6.0,4.5,4.5,New Zealand
56268,Arafat Sunny,spin bowler,Left Off Spin,DOWN_LEG,GOOD_LENGTH,31,18,2,10.33,9.0,15.5,Bangladesh
793467,Karim Janat,pace bowler,Right Medium,ON_THE_STUMPS,YORKER,12,18,3,4.0,6.0,4.0,Afghanistan
30102,Zaheer Khan,pace bowler,Left Fast,OUTSIDE_OFFSTUMP,FULL_TOSS,43,18,1,14.33,18.0,43.0,India
681067,Akif Raja,pace bowler,Right Fast,ON_THE_STUMPS,SHORT_OF_A_GOOD_LENGTH,32,18,2,10.67,9.0,16.0,United Arab Emirates
49535,Nuwan Kulasekara,pace bowler,Right Fast,WIDE_OUTSIDE_OFFSTUMP,FULL,29,18,2,9.67,9.0,14.5,Sri Lanka
820691,Odean Smith,pace bowler,Right Fast,OUTSIDE_OFFSTUMP,FULL_TOSS,24,18,2,8.0,9.0,12.0,West Indies
215058,Stephen Parry,spin bowler,Left Off Spin,OUTSIDE_OFFSTUMP,GOOD_LENGTH,23,18,1,7.67,18.0,23.0,England
922943,Shadab Khan,spin bowler,Right Wrist Spin,OUTSIDE_OFFSTUMP,SHORT,57,18,1,19.0,18.0,57.0,Pakistan
450101,Raymon Reifer,pace bowler,Left Fast,WIDE_OUTSIDE_OFFSTUMP,FULL,49,18,1,16.33,18.0,49.0,West Indies
747315,Nathan Sowter,spin bowler,Right Wrist Spin,OUTSIDE_OFFSTUMP,FULL,18,18,2,6.0,9.0,9.0,England
447261,Deepak Chahar,pace bowler,Right Medium,WIDE_OUTSIDE_OFFSTUMP,FULL,36,18,1,12.0,18.0,36.0,India
25056,Assad Vala,spin bowler,Right Off Spin,ON_THE_STUMPS,FULL,34,18,1,11.33,18.0,34.0,Papua New Guinea
230559,Kieron Pollard,pace bowler,Right Medium,DOWN_LEG,FULL,40,18,2,13.33,9.0,20.0,West Indies
265564,Wayne Parnell,pace bowler,Left Fast,WIDE_OUTSIDE_OFFSTUMP,FULL,43,18,2,14.33,9.0,21.5,South Africa
319746,Shapoor Zadran,pace bowler,Left Fast,OUTSIDE_OFFSTUMP,FULL,40,18,1,13.33,18.0,40.0,Afghanistan
793463,Rashid Khan,spin bowler,Right Wrist Spin,WIDE_OUTSIDE_OFFSTUMP,SHORT_OF_A_GOOD_LENGTH,17,18,1,5.67,18.0,17.0,Afghanistan
319746,Shapoor Zadran,pace bowler,Left Fast,OUTSIDE_OFFSTUMP,SHORT_OF_A_GOOD_LENGTH,22,18,1,7.33,18.0,22.0,Afghanistan
629063,Mehidy Hasan Miraz,spin bowler,Right Off Spin,WIDE_OUTSIDE_OFFSTUMP,FULL,34,18,2,11.33,9.0,17.0,Bangladesh
45705,Colin Ingram,spin bowler,Right Wrist Spin,ON_THE_STUMPS,FULL,17,18,1,5.67,18.0,17.0,South Africa
732291,Basil Thampi,pace bowler,Right Fast,ON_THE_STUMPS,YORKER,11,18,5,3.67,3.6,2.2,India
826915,Nathan Ellis,pace bowler,Right Fast,WIDE_OUTSIDE_OFFSTUMP,FULL_TOSS,40,18,1,13.33,18.0,40.0,Australia
35731,Vinay Kumar,pace bowler,Right Medium,OUTSIDE_OFFSTUMP,SHORT,28,18,2,9.33,9.0,14.0,India
381006,Thomas Kaber,spin bowler,Left Wrist Spin,ON_THE_STUMPS,GOOD_LENGTH,16,18,1,5.33,18.0,16.0,South Africa
1369833,Amir Farooq,pace bowler,Left Medium,OUTSIDE_OFFSTUMP,GOOD_LENGTH,7,18,1,2.33,18.0,7.0,
233514,Thisara Perera,pace bowler,Right Fast,OUTSIDE_OFFSTUMP,YORKER,13,18,1,4.33,18.0,13.0,Sri Lanka
429981,Mohammad Irfan,pace bowler,Left Fast,WIDE_OUTSIDE_OFFSTUMP,FULL,43,18,1,14.33,18.0,43.0,Pakistan
1163488,Rejaur Rahman Raja,pace bowler,Right Medium,ON_THE_STUMPS,FULL,33,18,2,11.0,9.0,16.5,Bangladesh
429981,Mohammad Irfan,pace bowler,Left Fast,WIDE_OUTSIDE_OFFSTUMP,GOOD_LENGTH,31,18,1,10.33,18.0,31.0,Pakistan
527292,Baltej Singh,pace bowler,Right Medium,OUTSIDE_OFFSTUMP,FULL,17,18,2,5.67,9.0,8.5,India
30732,Praveen Kumar,pace bowler,Right Medium,OUTSIDE_OFFSTUMP,FULL_TOSS,33,18,2,11.0,9.0,16.5,India
390730,Manisankar  Murasingh,pace bowler,Right Medium,OUTSIDE_OFFSTUMP,GOOD_LENGTH,16,18,2,5.33,9.0,8.0,India
1164186,Shivank Vashisht,spin bowler,Right Off Spin,ON_THE_STUMPS,GOOD_LENGTH,9,18,2,3.0,9.0,4.5,India
974175,Fazalhaq Farooqi,pace bowler,Left Fast,ON_THE_STUMPS,FULL_TOSS,28,18,1,9.33,18.0,28.0,Afghanistan
679567,Ben Dwarshuis,pace bowler,Left Fast,ON_THE_STUMPS,YORKER,5,18,5,1.67,3.6,1.0,Australia
697279,Usman Shinwari,pace bowler,Left Fast,DOWN_LEG,SHORT,39,18,2,13.0,9.0,19.5,Pakistan
31820,Ashish Nehra,pace bowler,Left Fast,ON_THE_STUMPS,SHORT,33,18,2,11.0,9.0,16.5,India
9310,Tim Bresnan,pace bowler,Right Fast,OUTSIDE_OFFSTUMP,GOOD_LENGTH,19,18,1,6.33,18.0,19.0,England
937953,Bilal Khan,pace bowler,Left Fast,ON_THE_STUMPS,YORKER,9,18,3,3.0,6.0,3.0,Oman
595036,Bamanye Xenxe,pace bowler,Right Fast,ON_THE_STUMPS,SHORT_OF_A_GOOD_LENGTH,23,18,3,7.67,6.0,7.67,South Africa
1196500,Zawar Farid,pace bowler,Right Medium,OUTSIDE_OFFSTUMP,FULL,26,18,1,8.67,18.0,26.0,United Arab Emirates
527362,Chirag Jani,pace bowler,Right Medium,ON_THE_STUMPS,GOOD_LENGTH,29,18,1,9.67,18.0,29.0,India
471342,Krunal Pandya,spin bowler,Left Off Spin,ON_THE_STUMPS,SHORT,29,18,1,9.67,18.0,29.0,India
429981,Mohammad Irfan,pace bowler,Left Fast,WIDE_OUTSIDE_OFFSTUMP,SHORT_OF_A_GOOD_LENGTH,6,18,1,2.0,18.0,6.0,Pakistan
914567,Oshane Thomas,pace bowler,Right Fast,WIDE_OUTSIDE_OFFSTUMP,GOOD_LENGTH,27,18,3,9.0,6.0,9.0,West Indies
596010,Gerald Coetzee,pace bowler,Right Fast,ON_THE_STUMPS,SHORT,47,18,1,15.67,18.0,47.0,South Africa
1292563,Mayank Yadav,pace bowler,Right Fast,OUTSIDE_OFFSTUMP,SHORT,22,18,2,7.33,9.0,11.0,India
820351,Rovman Powell,pace bowler,Right Fast,ON_THE_STUMPS,SHORT_OF_A_GOOD_LENGTH,26,18,1,8.67,18.0,26.0,West Indies
779937,David Moody,pace bowler,Right Fast,OUTSIDE_OFFSTUMP,FULL,26,18,2,8.67,9.0,13.0,Australia
381743,Daryl Mitchell,pace bowler,Right Medium,ON_THE_STUMPS,SHORT_OF_A_GOOD_LENGTH,16,18,1,5.33,18.0,16.0,New Zealand
46538,Morne Morkel,pace bowler,Right Fast,WIDE_OUTSIDE_OFFSTUMP,GOOD_LENGTH,30,18,1,10.0,18.0,30.0,South Africa
647667,Usama Mir,spin bowler,Right Wrist Spin,DOWN_LEG,FULL,23,18,1,7.67,18.0,23.0,Pakistan
46149,Eddie Leie,spin bowler,Right Wrist Spin,ON_THE_STUMPS,GOOD_LENGTH,24,18,1,8.0,18.0,24.0,South Africa
279545,Pradeep Sangwan,pace bowler,Left Medium,ON_THE_STUMPS,SHORT_OF_A_GOOD_LENGTH,29,18,2,9.67,9.0,14.5,India
481896,Mohammed Shami,pace bowler,Right Fast,WIDE_OUTSIDE_OFFSTUMP,GOOD_LENGTH,31,18,2,10.33,9.0,15.5,India
481896,Mohammed Shami,pace bowler,Right Fast,WIDE_OUTSIDE_OFFSTUMP,SHORT_OF_A_GOOD_LENGTH,43,18,1,14.33,18.0,43.0,India
537126,Barinder Sran,pace bowler,Left Medium,DOWN_LEG,SHORT,46,18,1,15.33,18.0,46.0,India
990039,Shoriful Islam,pace bowler,Left Fast,DOWN_LEG,FULL,44,18,2,14.67,9.0,22.0,Bangladesh
1083033,Kulwant Khejroliya,pace bowler,Left Fast,ON_THE_STUMPS,GOOD_LENGTH,32,18,1,10.67,18.0,32.0,India
914567,Oshane Thomas,pace bowler,Right Fast,DOWN_LEG,GOOD_LENGTH,32,18,1,10.67,18.0,32.0,West Indies
211748,Benny Howell,pace bowler,Right Medium,WIDE_OUTSIDE_OFFSTUMP,SHORT_OF_A_GOOD_LENGTH,26,18,1,8.67,18.0,26.0,England
288284,Josh Hazlewood,pace bowler,Right Fast,OUTSIDE_OFFSTUMP,FULL_TOSS,25,18,1,8.33,18.0,25.0,Australia
1234111,Mohammad Imran,pace bowler,Left Fast,OUTSIDE_OFFSTUMP,SHORT,18,18,1,6.0,18.0,18.0,Pakistan
820691,Odean Smith,pace bowler,Right Fast,WIDE_OUTSIDE_OFFSTUMP,SHORT,52,18,1,17.33,18.0,52.0,West Indies
42639,Shahid Afridi,spin bowler,Right Wrist Spin,WIDE_OUTSIDE_OFFSTUMP,FULL,34,18,2,11.33,9.0,17.0,Pakistan
1194795,Matheesha Pathirana,pace bowler,Right Fast,DOWN_LEG,FULL,30,18,2,10.0,9.0,15.0,Sri Lanka
362201,Lewis Gregory,pace bowler,Right Fast,OUTSIDE_OFFSTUMP,FULL_TOSS,29,18,1,9.67,18.0,29.0,England
646193,Riley Hekure,pace bowler,Right Medium,OUTSIDE_OFFSTUMP,GOOD_LENGTH,10,18,1,3.33,18.0,10.0,Papua New Guinea
1039481,Gus Atkinson,pace bowler,Right Fast,OUTSIDE_OFFSTUMP,SHORT,22,18,2,7.33,9.0,11.0,England
533561,Waqas Maqsood,pace bowler,Left Fast,OUTSIDE_OFFSTUMP,SHORT,13,18,2,4.33,9.0,6.5,Pakistan
1125536,Ben Lister,pace bowler,Left Fast,ON_THE_STUMPS,FULL,33,18,3,11.0,6.0,11.0,New Zealand
362201,Lewis Gregory,pace bowler,Right Fast,WIDE_OUTSIDE_OFFSTUMP,GOOD_LENGTH,20,18,1,6.67,18.0,20.0,England
598284,Damodaran Rohit,spin bowler,Right Off Spin,OUTSIDE_OFFSTUMP,GOOD_LENGTH,22,18,1,7.33,18.0,22.0,India
1168743,Sagar Udeshi,spin bowler,Left Off Spin,ON_THE_STUMPS,GOOD_LENGTH,11,18,1,3.67,18.0,11.0,India
210283,Steven Finn,pace bowler,Right Fast,ON_THE_STUMPS,GOOD_LENGTH,19,18,2,6.33,9.0,9.5,England
232361,Kieran Noema-Barnett,pace bowler,Right Medium,OUTSIDE_OFFSTUMP,GOOD_LENGTH,7,18,2,2.33,9.0,3.5,New Zealand
793007,Dilshan Madushanka,pace bowler,Left Fast,DOWN_LEG,SHORT,42,18,2,14.0,9.0,21.0,Sri Lanka
1209197,Ramon Simmonds,pace bowler,Left Fast,ON_THE_STUMPS,FULL,14,18,5,4.67,3.6,2.8,West Indies
927619,Khaled Ahmed,pace bowler,Right Medium,WIDE_OUTSIDE_OFFSTUMP,FULL,19,18,3,6.33,6.0,6.33,Bangladesh
927119,Ali Khan,pace bowler,Right Fast,WIDE_OUTSIDE_OFFSTUMP,SHORT_OF_A_GOOD_LENGTH,35,18,1,11.67,18.0,35.0,United States of America
747315,Nathan Sowter,spin bowler,Right Wrist Spin,ON_THE_STUMPS,SHORT_OF_A_GOOD_LENGTH,21,18,1,7.0,18.0,21.0,England
1139520,Tanzim Hasan Sakib,pace bowler,Right Medium,OUTSIDE_OFFSTUMP,SHORT,29,18,4,9.67,4.5,7.25,Bangladesh
228622,John Hastings,pace bowler,Right Fast,ON_THE_STUMPS,FULL,37,18,2,12.33,9.0,18.5,Australia
26487,Avinash Yadav,spin bowler,Left Off Spin,OUTSIDE_OFFSTUMP,FULL,10,18,1,3.33,18.0,10.0,India
792615,Dilum Sudeera,spin bowler,Left Off Spin,ON_THE_STUMPS,GOOD_LENGTH,20,18,3,6.67,6.0,6.67,Sri Lanka
473191,Richard Gleeson,pace bowler,Right Fast,ON_THE_STUMPS,SHORT,38,18,1,12.67,18.0,38.0,England
596417,Brydon Carse,pace bowler,Right Fast,OUTSIDE_OFFSTUMP,SHORT,48,18,1,16.0,18.0,48.0,England
774223,Jhye Richardson,pace bowler,Right Fast,WIDE_OUTSIDE_OFFSTUMP,FULL_TOSS,34,18,2,11.33,9.0,17.0,Australia
605681,Evan Jones,pace bowler,Right Fast,OUTSIDE_OFFSTUMP,FULL,27,18,3,9.0,6.0,9.0,South Africa
414970,Safyaan Sharif,pace bowler,Right Fast,OUTSIDE_OFFSTUMP,SHORT,32,18,2,10.67,9.0,16.0,Scotland
272385,Josh Lalor,pace bowler,Left Fast,DOWN_LEG,GOOD_LENGTH,21,18,2,7.0,9.0,10.5,Australia
959833,Wes Agar,pace bowler,Right Fast,WIDE_OUTSIDE_OFFSTUMP,SHORT_OF_A_GOOD_LENGTH,22,18,2,7.33,9.0,11.0,Australia
1206039,Akash Madhwal,pace bowler,Right Fast,OUTSIDE_OFFSTUMP,SHORT,37,18,2,12.33,9.0,18.5,India
1219972,Brody Couch,pace bowler,Right Medium,ON_THE_STUMPS,SHORT_OF_A_GOOD_LENGTH,31,18,2,10.33,9.0,15.5,United States of America
1206039,Akash Madhwal,pace bowler,Right Fast,OUTSIDE_OFFSTUMP,FULL_TOSS,38,18,1,12.67,18.0,38.0,India
348059,Barry McCarthy,pace bowler,Right Fast,ON_THE_STUMPS,SHORT,25,18,2,8.33,9.0,12.5,Ireland
550215,Kagiso Rabada,pace bowler,Right Fast,DOWN_LEG,FULL_TOSS,41,18,2,13.67,9.0,20.5,South Africa
535353,Ottniel Baartman,pace bowler,Right Fast,ON_THE_STUMPS,SHORT_OF_A_GOOD_LENGTH,20,18,1,6.67,18.0,20.0,South Africa
1206039,Akash Madhwal,pace bowler,Right Fast,ON_THE_STUMPS,YORKER,17,18,2,5.67,9.0,8.5,India
317252,Sohail Khan,pace bowler,Right Fast,OUTSIDE_OFFSTUMP,SHORT,40,18,3,13.33,6.0,13.33,Pakistan
1089962,Patrick Dooley,spin bowler,Left Wrist Spin,WIDE_OUTSIDE_OFFSTUMP,SHORT_OF_A_GOOD_LENGTH,20,18,2,6.67,9.0,10.0,Australia
348056,Kyle Mayers,pace bowler,Right Medium,ON_THE_STUMPS,FULL_TOSS,34,18,1,11.33,18.0,34.0,West Indies
1219972,Brody Couch,pace bowler,Right Medium,ON_THE_STUMPS,GOOD_LENGTH,19,18,1,6.33,18.0,19.0,United States of America
1124737,Renaldo Meyer,pace bowler,Right Fast,OUTSIDE_OFFSTUMP,SHORT_OF_A_GOOD_LENGTH,19,18,2,6.33,9.0,9.5,South Africa
494581,Rahkeem Cornwall,spin bowler,Right Off Spin,WIDE_OUTSIDE_OFFSTUMP,GOOD_LENGTH,29,18,1,9.67,18.0,29.0,West Indies
1203669,Akif Javed,pace bowler,Left Fast,DOWN_LEG,GOOD_LENGTH,29,18,2,9.67,9.0,14.5,Pakistan
573170,Luke Wood,pace bowler,Left Fast,ON_THE_STUMPS,YORKER,9,18,3,3.0,6.0,3.0,England
230554,Javon Searles,pace bowler,Right Fast,ON_THE_STUMPS,GOOD_LENGTH,32,18,1,10.67,18.0,32.0,West Indies
1212829,Ali Naseer,pace bowler,Right Medium,OUTSIDE_OFFSTUMP,SHORT,20,18,3,6.67,6.0,6.67,United Arab Emirates
300619,Rubel Hossain,pace bowler,Right Fast,ON_THE_STUMPS,FULL_TOSS,19,18,2,6.33,9.0,9.5,Bangladesh
326017,Siddarth Kaul,pace bowler,Right Medium,DOWN_LEG,SHORT_OF_A_GOOD_LENGTH,20,18,1,6.67,18.0,20.0,India
328026,Isuru Udana,pace bowler,Left Fast,DOWN_LEG,FULL,18,18,1,6.0,18.0,18.0,Sri Lanka
591649,Kushang Patel,pace bowler,Right Medium,OUTSIDE_OFFSTUMP,FULL,30,18,1,10.0,18.0,30.0,India
505120,Ashton Agar,spin bowler,Left Off Spin,WIDE_OUTSIDE_OFFSTUMP,SHORT_OF_A_GOOD_LENGTH,19,18,1,6.33,18.0,19.0,Australia
627627,Tom Rogers,pace bowler,Right Fast,WIDE_OUTSIDE_OFFSTUMP,FULL,42,18,1,14.0,18.0,42.0,Australia
1217359,Sayed Monib,pace bowler,Right Medium,ON_THE_STUMPS,GOOD_LENGTH,33,18,2,11.0,9.0,16.5,Kuwait
595036,Bamanye Xenxe,pace bowler,Right Fast,ON_THE_STUMPS,FULL,18,18,1,6.0,18.0,18.0,South Africa
53115,Daren Sammy,pace bowler,Right Medium,ON_THE_STUMPS,FULL,27,18,1,9.0,18.0,27.0,West Indies
326625,Cameron Boyce,spin bowler,Right Wrist Spin,DOWN_LEG,GOOD_LENGTH,26,18,1,8.67,18.0,26.0,Australia
794707,Dipendra Singh Airee,mixture/unknown,Mixed,ON_THE_STUMPS,FULL,15,18,5,5.0,3.6,3.0,Nepal
545467,Junior Dala,pace bowler,Right Medium,DOWN_LEG,SHORT_OF_A_GOOD_LENGTH,34,18,1,11.33,18.0,34.0,South Africa
233904,Yasim Murtaza,spin bowler,Left Off Spin,OUTSIDE_OFFSTUMP,FULL,13,18,1,4.33,18.0,13.0,Hong Kong
670031,Alzarri Joseph,pace bowler,Right Fast,OUTSIDE_OFFSTUMP,YORKER,14,18,1,4.67,18.0,14.0,West Indies
1080812,Danru Ferns,pace bowler,Right Medium,OUTSIDE_OFFSTUMP,FULL,20,18,1,6.67,18.0,20.0,New Zealand
698189,Wiaan Mulder,pace bowler,Right Medium,ON_THE_STUMPS,FULL,19,18,1,6.33,18.0,19.0,South Africa
325012,Marcus Stoinis,pace bowler,Right Medium,DOWN_LEG,FULL,31,18,2,10.33,9.0,15.5,Australia
326968,Michael Bracewell,spin bowler,Right Off Spin,ON_THE_STUMPS,SHORT_OF_A_GOOD_LENGTH,37,18,2,12.33,9.0,18.5,New Zealand
1079377,Ravi Teja,pace bowler,Right Medium,OUTSIDE_OFFSTUMP,GOOD_LENGTH,16,18,2,5.33,9.0,8.0,India
931603,Brendan Doggett,pace bowler,Right Fast,WIDE_OUTSIDE_OFFSTUMP,FULL,28,18,3,9.33,6.0,9.33,Australia
524255,Kabua Morea,pace bowler,Left Medium,OUTSIDE_OFFSTUMP,GOOD_LENGTH,21,18,1,7.0,18.0,21.0,Papua New Guinea
501907,Daryn Dupavillon,pace bowler,Right Fast,WIDE_OUTSIDE_OFFSTUMP,FULL,52,18,2,17.33,9.0,26.0,South Africa
44851,Con de Lange,spin bowler,Left Off Spin,ON_THE_STUMPS,GOOD_LENGTH,15,18,3,5.0,6.0,5.0,Scotland
384355,Anaru Kitchen,spin bowler,Left Off Spin,OUTSIDE_OFFSTUMP,FULL,21,18,3,7.0,6.0,7.0,New Zealand
234675,Ravindra Jadeja,spin bowler,Left Off Spin,DOWN_LEG,SHORT_OF_A_GOOD_LENGTH,18,18,1,6.0,18.0,18.0,India
633641,Pavandeep Singh,spin bowler,Left Off Spin,OUTSIDE_OFFSTUMP,FULL,19,18,1,6.33,18.0,19.0,Malaysia
1158538,Abbas Afridi,pace bowler,Right Fast,WIDE_OUTSIDE_OFFSTUMP,SHORT,26,18,5,8.67,3.6,5.2,Pakistan
233713,Neil Wagner,pace bowler,Left Fast,OUTSIDE_OFFSTUMP,GOOD_LENGTH,15,18,1,5.0,18.0,15.0,New Zealand
1111917,Darshan Nalkande,pace bowler,Right Fast,ON_THE_STUMPS,SHORT_OF_A_GOOD_LENGTH,35,18,2,11.67,9.0,17.5,India
327947,Dane Paterson,pace bowler,Right Fast,ON_THE_STUMPS,FULL,30,18,1,10.0,18.0,30.0,South Africa
955235,Nuwan Thushara,pace bowler,Right Fast,OUTSIDE_OFFSTUMP,SHORT,35,18,2,11.67,9.0,17.5,Sri Lanka
1030549,Andrew Hazeldine,pace bowler,Left Fast,ON_THE_STUMPS,SHORT_OF_A_GOOD_LENGTH,24,18,1,8.0,18.0,24.0,New Zealand
1072472,Muhammad Musa,pace bowler,Right Fast,OUTSIDE_OFFSTUMP,SHORT,46,18,1,15.33,18.0,46.0,Pakistan
633660,Virandeep Singh,spin bowler,Left Off Spin,OUTSIDE_OFFSTUMP,SHORT_OF_A_GOOD_LENGTH,19,18,2,6.33,9.0,9.5,Malaysia
1108830,Nyeem Young,pace bowler,Right Medium,ON_THE_STUMPS,SHORT_OF_A_GOOD_LENGTH,20,18,4,6.67,4.5,5.0,West Indies
325026,Glenn Maxwell,spin bowler,Right Off Spin,OUTSIDE_OFFSTUMP,FULL_TOSS,34,18,1,11.33,18.0,34.0,Australia
542023,Lungi Ngidi,pace bowler,Right Fast,ON_THE_STUMPS,FULL_TOSS,29,18,3,9.67,6.0,9.67,South Africa
694211,Avesh Khan,pace bowler,Right Fast,WIDE_OUTSIDE_OFFSTUMP,SHORT_OF_A_GOOD_LENGTH,35,17,1,12.35,17.0,35.0,India
822553,Tushar Deshpande,pace bowler,Right Medium,WIDE_OUTSIDE_OFFSTUMP,FULL_TOSS,45,17,2,15.88,8.5,22.5,India
1283740,Ihsanullah,pace bowler,Right Fast,ON_THE_STUMPS,SHORT,24,17,1,8.47,17.0,24.0,Pakistan
1263691,Rehan Ahmed,spin bowler,Right Wrist Spin,ON_THE_STUMPS,SHORT_OF_A_GOOD_LENGTH,25,17,3,8.82,5.67,8.33,England
56125,Shohidul Islam,pace bowler,Right Medium,WIDE_OUTSIDE_OFFSTUMP,GOOD_LENGTH,21,17,2,7.41,8.5,10.5,Bangladesh
272385,Josh Lalor,pace bowler,Left Fast,DOWN_LEG,FULL,28,17,2,9.88,8.5,14.0,Australia
326968,Michael Bracewell,spin bowler,Right Off Spin,WIDE_OUTSIDE_OFFSTUMP,FULL,35,17,3,12.35,5.67,11.67,New Zealand
629066,Jubair Hossain,spin bowler,Right Wrist Spin,OUTSIDE_OFFSTUMP,GOOD_LENGTH,20,17,1,7.06,17.0,20.0,Bangladesh
38710,Daniel Vettori,spin bowler,Left Off Spin,OUTSIDE_OFFSTUMP,GOOD_LENGTH,14,17,1,4.94,17.0,14.0,New Zealand
229225,Kashif Daud,pace bowler,Right Fast,OUTSIDE_OFFSTUMP,FULL,14,17,1,4.94,17.0,14.0,United Arab Emirates
431910,Nicholson Gordon,pace bowler,Right Fast,ON_THE_STUMPS,FULL,34,17,1,12.0,17.0,34.0,West Indies
49535,Nuwan Kulasekara,pace bowler,Right Fast,WIDE_OUTSIDE_OFFSTUMP,GOOD_LENGTH,33,17,1,11.65,17.0,33.0,Sri Lanka
56007,Mashrafe Mortaza,pace bowler,Right Fast,DOWN_LEG,SHORT_OF_A_GOOD_LENGTH,33,17,2,11.65,8.5,16.5,Bangladesh
530011,Travis Head,spin bowler,Right Off Spin,OUTSIDE_OFFSTUMP,SHORT_OF_A_GOOD_LENGTH,23,17,2,8.12,8.5,11.5,Australia
407265,Josh Davey,pace bowler,Right Fast,WIDE_OUTSIDE_OFFSTUMP,FULL,27,17,3,9.53,5.67,9.0,Scotland
464626,Craig Overton,pace bowler,Right Fast,ON_THE_STUMPS,GOOD_LENGTH,22,17,2,7.76,8.5,11.0,England
319439,Mitchell McClenaghan,pace bowler,Left Fast,OUTSIDE_OFFSTUMP,YORKER,7,17,1,2.47,17.0,7.0,New Zealand
1028665,Praveen Jayawickrama,spin bowler,Left Off Spin,OUTSIDE_OFFSTUMP,SHORT_OF_A_GOOD_LENGTH,23,17,1,8.12,17.0,23.0,Sri Lanka
310525,Chris Wood,pace bowler,Left Fast,DOWN_LEG,GOOD_LENGTH,15,17,1,5.29,17.0,15.0,England
272385,Josh Lalor,pace bowler,Left Fast,DOWN_LEG,SHORT,25,17,1,8.82,17.0,25.0,Australia
276843,Aubrey Swanepoel,spin bowler,Right Off Spin,ON_THE_STUMPS,GOOD_LENGTH,24,17,2,8.47,8.5,12.0,South Africa
1172968,Dan Mousley,spin bowler,Right Off Spin,ON_THE_STUMPS,GOOD_LENGTH,16,17,2,5.65,8.5,8.0,England
379144,Graham Hume,pace bowler,Right Fast,ON_THE_STUMPS,SHORT_OF_A_GOOD_LENGTH,24,17,1,8.47,17.0,24.0,Ireland
51433,Samuel Badree,spin bowler,Right Wrist Spin,WIDE_OUTSIDE_OFFSTUMP,GOOD_LENGTH,34,17,1,12.0,17.0,34.0,West Indies
1321991,Akshay Puri,spin bowler,Right Off Spin,OUTSIDE_OFFSTUMP,GOOD_LENGTH,24,17,2,8.47,8.5,12.0,Singapore
1344844,Usman Najeeb,pace bowler,Right Medium,ON_THE_STUMPS,GOOD_LENGTH,27,17,3,9.53,5.67,9.0,Saudi Arabia
641423,Dan Lawrence,spin bowler,Right Off Spin,OUTSIDE_OFFSTUMP,FULL,17,17,1,6.0,17.0,17.0,England
1132005,Mohsin Khan,pace bowler,Left Fast,DOWN_LEG,SHORT,56,17,1,19.76,17.0,56.0,India
227758,Imad Wasim,spin bowler,Left Off Spin,OUTSIDE_OFFSTUMP,FULL_TOSS,22,17,1,7.76,17.0,22.0,Pakistan
34155,Pardeep Sahu,spin bowler,Right Wrist Spin,ON_THE_STUMPS,GOOD_LENGTH,12,17,2,4.24,8.5,6.0,India
1124290,Nathan McSweeney,spin bowler,Right Off Spin,OUTSIDE_OFFSTUMP,GOOD_LENGTH,18,17,3,6.35,5.67,6.0,Australia
228622,John Hastings,pace bowler,Right Fast,WIDE_OUTSIDE_OFFSTUMP,SHORT_OF_A_GOOD_LENGTH,25,17,1,8.82,17.0,25.0,Australia
431910,Nicholson Gordon,pace bowler,Right Fast,OUTSIDE_OFFSTUMP,FULL,39,17,1,13.76,17.0,39.0,West Indies
1143529,Imran Anwar,pace bowler,Left Medium,OUTSIDE_OFFSTUMP,SHORT_OF_A_GOOD_LENGTH,20,17,1,7.06,17.0,20.0,Bahrain
1397997,Khalander Mustafa,pace bowler,Left Medium,OUTSIDE_OFFSTUMP,GOOD_LENGTH,14,17,1,4.94,17.0,14.0,Saudi Arabia
1039481,Gus Atkinson,pace bowler,Right Fast,ON_THE_STUMPS,GOOD_LENGTH,18,17,2,6.35,8.5,9.0,England
486679,Duanne Olivier,pace bowler,Right Fast,OUTSIDE_OFFSTUMP,SHORT,27,17,2,9.53,8.5,13.5,South Africa
543041,Mbulelo Budaza,pace bowler,Left Fast,ON_THE_STUMPS,GOOD_LENGTH,20,17,2,7.06,8.5,10.0,South Africa
1070196,Yash Thakur,pace bowler,Right Fast,ON_THE_STUMPS,FULL_TOSS,30,17,2,10.59,8.5,15.0,India
891517,Pat Brown,pace bowler,Right Fast,ON_THE_STUMPS,FULL,23,17,1,8.12,17.0,23.0,England
393279,Marchant de Lange,pace bowler,Right Fast,ON_THE_STUMPS,FULL,24,17,2,8.47,8.5,12.0,South Africa
766809,Jordan Thompson,pace bowler,Right Fast,WIDE_OUTSIDE_OFFSTUMP,FULL,33,17,3,11.65,5.67,11.0,England
41434,Mohammad Hafeez,spin bowler,Right Off Spin,DOWN_LEG,GOOD_LENGTH,25,17,2,8.82,8.5,12.5,Pakistan
447261,Deepak Chahar,pace bowler,Right Medium,ON_THE_STUMPS,FULL_TOSS,37,17,1,13.06,17.0,37.0,India
440522,Logan van Beek,pace bowler,Right Fast,DOWN_LEG,GOOD_LENGTH,24,17,2,8.47,8.5,12.0,Netherlands
317252,Sohail Khan,pace bowler,Right Fast,WIDE_OUTSIDE_OFFSTUMP,GOOD_LENGTH,23,17,2,8.12,8.5,11.5,Pakistan
482478,Jan Frylinck,pace bowler,Left Fast,ON_THE_STUMPS,SHORT_OF_A_GOOD_LENGTH,27,17,1,9.53,17.0,27.0,Namibia
447261,Deepak Chahar,pace bowler,Right Medium,DOWN_LEG,SHORT,19,17,1,6.71,17.0,19.0,India
638912,Matthew Kelly,pace bowler,Right Fast,ON_THE_STUMPS,FULL_TOSS,27,17,2,9.53,8.5,13.5,Australia
461632,Reece Topley,pace bowler,Left Fast,ON_THE_STUMPS,FULL_TOSS,26,17,4,9.18,4.25,6.5,England
1244751,Arshad Khan,pace bowler,Left Medium,OUTSIDE_OFFSTUMP,SHORT_OF_A_GOOD_LENGTH,33,17,1,11.65,17.0,33.0,India
259551,Junaid Khan,pace bowler,Left Fast,DOWN_LEG,SHORT_OF_A_GOOD_LENGTH,25,17,2,8.82,8.5,12.5,Pakistan
348148,Mohammad Nawaz,spin bowler,Left Off Spin,WIDE_OUTSIDE_OFFSTUMP,SHORT_OF_A_GOOD_LENGTH,29,17,1,10.24,17.0,29.0,Pakistan
948513,Kgaudisa Molefe,spin bowler,Left Off Spin,OUTSIDE_OFFSTUMP,GOOD_LENGTH,17,17,1,6.0,17.0,17.0,South Africa
1339027,Rajan Kumar,pace bowler,Left Fast,OUTSIDE_OFFSTUMP,SHORT_OF_A_GOOD_LENGTH,16,17,2,5.65,8.5,8.0,India
451782,James Fuller,pace bowler,Right Fast,WIDE_OUTSIDE_OFFSTUMP,SHORT,23,17,2,8.12,8.5,11.5,England
25051,Mahuru Dai,mixture/unknown,Mixed,ON_THE_STUMPS,GOOD_LENGTH,21,17,1,7.41,17.0,21.0,Papua New Guinea
1139520,Tanzim Hasan Sakib,pace bowler,Right Medium,DOWN_LEG,SHORT_OF_A_GOOD_LENGTH,20,17,1,7.06,17.0,20.0,Bangladesh
317710,Lalith Mohan,spin bowler,Left Off Spin,OUTSIDE_OFFSTUMP,GOOD_LENGTH,24,17,1,8.47,17.0,24.0,India
960361,Sandeep Lamichhane,spin bowler,Right Wrist Spin,WIDE_OUTSIDE_OFFSTUMP,GOOD_LENGTH,22,17,2,7.76,8.5,11.0,Nepal
777815,Vijaykumar Vyshak,pace bowler,Right Medium,ON_THE_STUMPS,GOOD_LENGTH,29,17,1,10.24,17.0,29.0,India
917159,Prasidh Krishna,pace bowler,Right Fast,DOWN_LEG,SHORT,48,17,1,16.94,17.0,48.0,India
990165,Mukidul Islam,pace bowler,Right Fast,OUTSIDE_OFFSTUMP,FULL_TOSS,31,17,1,10.94,17.0,31.0,Bangladesh
1199304,Jayden Seales,pace bowler,Right Fast,ON_THE_STUMPS,FULL,42,17,2,14.82,8.5,21.0,West Indies
659081,Mark Watt,spin bowler,Left Off Spin,DOWN_LEG,GOOD_LENGTH,30,17,1,10.59,17.0,30.0,Scotland
547763,Ollie Newton,pace bowler,Right Medium,ON_THE_STUMPS,GOOD_LENGTH,23,17,1,8.12,17.0,23.0,New Zealand
793441,Aamer Jamal,pace bowler,Right Medium,ON_THE_STUMPS,SHORT_OF_A_GOOD_LENGTH,29,17,2,10.24,8.5,14.5,Pakistan
376324,Anureet Singh,pace bowler,Right Medium,WIDE_OUTSIDE_OFFSTUMP,FULL,37,17,2,13.06,8.5,18.5,India
1163488,Rejaur Rahman Raja,pace bowler,Right Medium,ON_THE_STUMPS,SHORT_OF_A_GOOD_LENGTH,35,17,3,12.35,5.67,11.67,Bangladesh
623695,Chamika Karunaratne,pace bowler,Right Fast,DOWN_LEG,SHORT,40,17,1,14.12,17.0,40.0,Sri Lanka
440523,Ben Wheeler,pace bowler,Left Fast,ON_THE_STUMPS,SHORT_OF_A_GOOD_LENGTH,24,17,1,8.47,17.0,24.0,New Zealand
437316,Dasun Shanaka,pace bowler,Right Medium,ON_THE_STUMPS,FULL_TOSS,27,17,2,9.53,8.5,13.5,Sri Lanka
927619,Khaled Ahmed,pace bowler,Right Medium,ON_THE_STUMPS,SHORT,49,17,1,17.29,17.0,49.0,Bangladesh
387420,Mirwais Ashraf,pace bowler,Right Fast,OUTSIDE_OFFSTUMP,FULL,13,17,1,4.59,17.0,13.0,Afghanistan
1331347,Hunain Shah,pace bowler,Right Medium,OUTSIDE_OFFSTUMP,SHORT_OF_A_GOOD_LENGTH,25,17,2,8.82,8.5,12.5,Pakistan
31820,Ashish Nehra,pace bowler,Left Fast,ON_THE_STUMPS,FULL_TOSS,36,17,2,12.71,8.5,18.0,India
1158100,Mohammad Hasnain,pace bowler,Right Fast,WIDE_OUTSIDE_OFFSTUMP,GOOD_LENGTH,23,17,1,8.12,17.0,23.0,Pakistan
215152,Jackson Bird,pace bowler,Right Fast,WIDE_OUTSIDE_OFFSTUMP,GOOD_LENGTH,24,17,2,8.47,8.5,12.0,Australia
1175428,Anshul Kamboj,pace bowler,Right Medium,ON_THE_STUMPS,GOOD_LENGTH,16,17,2,5.65,8.5,8.0,India
1036191,Bas de Leede,pace bowler,Right Fast,OUTSIDE_OFFSTUMP,FULL,21,17,1,7.41,17.0,21.0,Netherlands
1077662,Frederick Walker,spin bowler,Left Off Spin,ON_THE_STUMPS,FULL,17,17,2,6.0,8.5,8.5,New Zealand
227712,Ashok Dinda,pace bowler,Right Fast,ON_THE_STUMPS,FULL,30,17,4,10.59,4.25,7.5,India
9310,Tim Bresnan,pace bowler,Right Fast,OUTSIDE_OFFSTUMP,FULL,18,17,2,6.35,8.5,9.0,England
826901,Daniel Sams,pace bowler,Left Fast,DOWN_LEG,FULL_TOSS,26,17,1,9.18,17.0,26.0,Australia
499560,Patrick Kruger,pace bowler,Right Medium,OUTSIDE_OFFSTUMP,GOOD_LENGTH,12,17,1,4.24,17.0,12.0,South Africa
56251,Alok Kapali,spin bowler,Right Wrist Spin,ON_THE_STUMPS,SHORT_OF_A_GOOD_LENGTH,18,17,1,6.35,17.0,18.0,Bangladesh
751151,Hamza Tahir,spin bowler,Left Off Spin,ON_THE_STUMPS,FULL,28,17,1,9.88,17.0,28.0,Scotland
417381,Andy McBrine,spin bowler,Right Off Spin,ON_THE_STUMPS,FULL,28,17,1,9.88,17.0,28.0,Ireland
501012,Joel Paris,pace bowler,Left Fast,OUTSIDE_OFFSTUMP,SHORT,32,17,1,11.29,17.0,32.0,Australia
518097,Ahsan Malik,pace bowler,Right Fast,ON_THE_STUMPS,GOOD_LENGTH,24,17,2,8.47,8.5,12.0,Netherlands
457249,Carlos Brathwaite,pace bowler,Right Fast,DOWN_LEG,FULL_TOSS,43,17,1,15.18,17.0,43.0,West Indies
446101,Shannon Gabriel,pace bowler,Right Fast,OUTSIDE_OFFSTUMP,FULL,19,17,3,6.71,5.67,6.33,West Indies
41324,Mohammad Sami,pace bowler,Right Fast,ON_THE_STUMPS,FULL_TOSS,25,17,3,8.82,5.67,8.33,Pakistan
410763,Abu Jayed,pace bowler,Right Fast,ON_THE_STUMPS,FULL,20,17,2,7.06,8.5,10.0,Bangladesh
31820,Ashish Nehra,pace bowler,Left Fast,WIDE_OUTSIDE_OFFSTUMP,FULL,30,17,2,10.59,8.5,15.0,India
424176,Rongsen Jonathan,mixture/unknown,Mixed,OUTSIDE_OFFSTUMP,GOOD_LENGTH,19,17,1,6.71,17.0,19.0,India
537119,Mohit Sharma,pace bowler,Right Medium,ON_THE_STUMPS,YORKER,13,17,1,4.59,17.0,13.0,India
623977,Agha Salman,spin bowler,Right Off Spin,ON_THE_STUMPS,GOOD_LENGTH,16,17,1,5.65,17.0,16.0,Pakistan
1159722,Simarjeet Singh,pace bowler,Right Fast,OUTSIDE_OFFSTUMP,FULL,29,17,1,10.24,17.0,29.0,India
300619,Rubel Hossain,pace bowler,Right Fast,DOWN_LEG,GOOD_LENGTH,14,17,1,4.94,17.0,14.0,Bangladesh
429981,Mohammad Irfan,pace bowler,Left Fast,ON_THE_STUMPS,YORKER,9,17,1,3.18,17.0,9.0,Pakistan
959769,Ben Sears,pace bowler,Right Fast,OUTSIDE_OFFSTUMP,SHORT,15,17,3,5.29,5.67,5.0,New Zealand
8917,Moeen Ali,spin bowler,Right Off Spin,DOWN_LEG,GOOD_LENGTH,21,17,1,7.41,17.0,21.0,England
18632,Samit Patel,spin bowler,Left Off Spin,WIDE_OUTSIDE_OFFSTUMP,GOOD_LENGTH,25,17,2,8.82,8.5,12.5,England
527299,Aniket Choudhary,pace bowler,Left Medium,OUTSIDE_OFFSTUMP,GOOD_LENGTH,19,17,1,6.71,17.0,19.0,India
627627,Tom Rogers,pace bowler,Right Fast,DOWN_LEG,GOOD_LENGTH,22,17,2,7.76,8.5,11.0,Australia
333001,Tinotenda Mutombodzi,spin bowler,Right Wrist Spin,OUTSIDE_OFFSTUMP,GOOD_LENGTH,14,17,1,4.94,17.0,14.0,Zimbabwe
332996,Kyle Jarvis,pace bowler,Right Fast,OUTSIDE_OFFSTUMP,GOOD_LENGTH,16,17,1,5.65,17.0,16.0,Zimbabwe
1122918,Kartik Tyagi,pace bowler,Right Fast,DOWN_LEG,SHORT,37,17,1,13.06,17.0,37.0,India
31820,Ashish Nehra,pace bowler,Left Fast,WIDE_OUTSIDE_OFFSTUMP,SHORT_OF_A_GOOD_LENGTH,35,17,1,12.35,17.0,35.0,India
272450,Mitchell Marsh,pace bowler,Right Medium,DOWN_LEG,SHORT_OF_A_GOOD_LENGTH,25,17,1,8.82,17.0,25.0,Australia
1159722,Simarjeet Singh,pace bowler,Right Fast,OUTSIDE_OFFSTUMP,SHORT,25,17,1,8.82,17.0,25.0,India
332996,Kyle Jarvis,pace bowler,Right Fast,OUTSIDE_OFFSTUMP,SHORT_OF_A_GOOD_LENGTH,21,17,2,7.41,8.5,10.5,Zimbabwe
453289,Neville Madziva,pace bowler,Right Fast,OUTSIDE_OFFSTUMP,SHORT_OF_A_GOOD_LENGTH,17,17,1,6.0,17.0,17.0,Zimbabwe
590326,Mitchell Swepson,spin bowler,Right Wrist Spin,ON_THE_STUMPS,SHORT,48,17,1,16.94,17.0,48.0,Australia
793007,Dilshan Madushanka,pace bowler,Left Fast,ON_THE_STUMPS,SHORT,35,17,1,12.35,17.0,35.0,Sri Lanka
1159495,Khurram Shahzad,pace bowler,Right Medium,ON_THE_STUMPS,GOOD_LENGTH,27,17,1,9.53,17.0,27.0,Pakistan
776695,Matt Critchley,spin bowler,Right Wrist Spin,ON_THE_STUMPS,FULL,20,17,1,7.06,17.0,20.0,England
1353033,Muhammad Jawadullah,pace bowler,Left Fast,DOWN_LEG,SHORT,44,17,2,15.53,8.5,22.0,United Arab Emirates
712219,Zahir Khan,spin bowler,Left Wrist Spin,ON_THE_STUMPS,FULL_TOSS,30,17,2,10.59,8.5,15.0,Afghanistan
1136213,Arzan Nagwaswalla,pace bowler,Left Medium,ON_THE_STUMPS,SHORT_OF_A_GOOD_LENGTH,15,17,2,5.29,8.5,7.5,India
789729,Callum Parkinson,spin bowler,Left Off Spin,ON_THE_STUMPS,FULL,22,17,1,7.76,17.0,22.0,England
1175496,Nitish Kumar Reddy,pace bowler,Right Fast,OUTSIDE_OFFSTUMP,SHORT,34,17,2,12.0,8.5,17.0,India
857979,George Scrimshaw,pace bowler,Right Fast,OUTSIDE_OFFSTUMP,SHORT_OF_A_GOOD_LENGTH,19,17,1,6.71,17.0,19.0,England
669855,Jofra Archer,pace bowler,Right Fast,DOWN_LEG,YORKER,9,17,1,3.18,17.0,9.0,England
459257,Tymal Mills,pace bowler,Left Fast,WIDE_OUTSIDE_OFFSTUMP,GOOD_LENGTH,19,17,1,6.71,17.0,19.0,England
1130463,Arshad Iqbal,pace bowler,Right Fast,WIDE_OUTSIDE_OFFSTUMP,SHORT_OF_A_GOOD_LENGTH,22,17,1,7.76,17.0,22.0,Pakistan
1213979,Mitchell Owen,pace bowler,Right Medium,OUTSIDE_OFFSTUMP,GOOD_LENGTH,17,17,1,6.0,17.0,17.0,Australia
633428,Mohammad Ghazanfar,spin bowler,Right Wrist Spin,OUTSIDE_OFFSTUMP,FULL,20,17,1,7.06,17.0,20.0,Hong Kong
604527,Nitish Rana,mixture/unknown,Mixed,ON_THE_STUMPS,GOOD_LENGTH,29,17,1,10.24,17.0,29.0,India
1099379,Gareth Delany,spin bowler,Right Wrist Spin,WIDE_OUTSIDE_OFFSTUMP,FULL,27,17,3,9.53,5.67,9.0,Ireland
314622,Krishmar Santokie,pace bowler,Left Medium,OUTSIDE_OFFSTUMP,FULL_TOSS,41,17,2,14.47,8.5,20.5,West Indies
49758,Lasith Malinga,pace bowler,Right Fast,DOWN_LEG,YORKER,10,17,2,3.53,8.5,5.0,Sri Lanka
735845,Chintan Gaja,pace bowler,Right Medium,ON_THE_STUMPS,GOOD_LENGTH,18,17,2,6.35,8.5,9.0,India
390484,Jaydev Unadkat,pace bowler,Left Medium,OUTSIDE_OFFSTUMP,YORKER,7,17,1,2.47,17.0,7.0,India
542023,Lungi Ngidi,pace bowler,Right Fast,DOWN_LEG,FULL,25,17,2,8.82,8.5,12.5,South Africa
1176959,Akash Deep,pace bowler,Right Fast,OUTSIDE_OFFSTUMP,FULL,49,16,1,18.38,16.0,49.0,India
573170,Luke Wood,pace bowler,Left Fast,OUTSIDE_OFFSTUMP,FULL_TOSS,28,16,1,10.5,16.0,28.0,England
595036,Bamanye Xenxe,pace bowler,Right Fast,OUTSIDE_OFFSTUMP,SHORT_OF_A_GOOD_LENGTH,17,16,3,6.38,5.33,5.67,South Africa
1329697,Sufiyan Muqeem,spin bowler,Left Wrist Spin,OUTSIDE_OFFSTUMP,FULL,32,16,1,12.0,16.0,32.0,Pakistan
917159,Prasidh Krishna,pace bowler,Right Fast,WIDE_OUTSIDE_OFFSTUMP,GOOD_LENGTH,21,16,3,7.88,5.33,7.0,India
1159720,Yash Dayal,pace bowler,Left Fast,ON_THE_STUMPS,FULL_TOSS,30,16,1,11.25,16.0,30.0,India
56268,Arafat Sunny,spin bowler,Left Off Spin,WIDE_OUTSIDE_OFFSTUMP,GOOD_LENGTH,15,16,1,5.62,16.0,15.0,Bangladesh
914567,Oshane Thomas,pace bowler,Right Fast,OUTSIDE_OFFSTUMP,YORKER,6,16,1,2.25,16.0,6.0,West Indies
1131754,Chetan Sakariya,pace bowler,Left Fast,DOWN_LEG,GOOD_LENGTH,12,16,2,4.5,8.0,6.0,India
1284540,Ishtiaq Ahmad,pace bowler,Right Fast,OUTSIDE_OFFSTUMP,SHORT_OF_A_GOOD_LENGTH,17,16,1,6.38,16.0,17.0,Saudi Arabia
56025,Mahmudullah,spin bowler,Right Off Spin,WIDE_OUTSIDE_OFFSTUMP,GOOD_LENGTH,32,16,1,12.0,16.0,32.0,Bangladesh
348133,Steven Taylor,spin bowler,Right Off Spin,OUTSIDE_OFFSTUMP,GOOD_LENGTH,16,16,2,6.0,8.0,8.0,United States of America
914503,Harsh Thaker,spin bowler,Right Off Spin,OUTSIDE_OFFSTUMP,GOOD_LENGTH,11,16,3,4.12,5.33,3.67,Canada
380956,Michael Rippon,spin bowler,Left Wrist Spin,ON_THE_STUMPS,SHORT_OF_A_GOOD_LENGTH,22,16,1,8.25,16.0,22.0,New Zealand
379144,Graham Hume,pace bowler,Right Fast,ON_THE_STUMPS,GOOD_LENGTH,21,16,1,7.88,16.0,21.0,Ireland
559235,Kuldeep Yadav,spin bowler,Left Wrist Spin,ON_THE_STUMPS,SHORT,37,16,1,13.88,16.0,37.0,India
857975,Josh Tongue,pace bowler,Right Fast,OUTSIDE_OFFSTUMP,SHORT_OF_A_GOOD_LENGTH,20,16,1,7.5,16.0,20.0,England
1041679,Nosthush Kenjige,spin bowler,Left Off Spin,OUTSIDE_OFFSTUMP,GOOD_LENGTH,12,16,1,4.5,16.0,12.0,
537126,Barinder Sran,pace bowler,Left Medium,ON_THE_STUMPS,FULL,17,16,1,6.38,16.0,17.0,India
36084,Yuvraj Singh,spin bowler,Left Off Spin,ON_THE_STUMPS,FULL,14,16,2,5.25,8.0,7.0,India
700167,Navdeep Saini,pace bowler,Right Fast,DOWN_LEG,GOOD_LENGTH,24,16,1,9.0,16.0,24.0,India
1012853,Ali Shafiq,pace bowler,Right Medium,ON_THE_STUMPS,GOOD_LENGTH,30,16,2,11.25,8.0,15.0,Pakistan
436677,Soumya Sarkar,pace bowler,Right Fast,WIDE_OUTSIDE_OFFSTUMP,FULL,29,16,1,10.88,16.0,29.0,Bangladesh
826689,Pramod Madushan Liyanagamage,pace bowler,Right Fast,OUTSIDE_OFFSTUMP,GOOD_LENGTH,20,16,4,7.5,4.0,5.0,Sri Lanka
311592,Mitchell Starc,pace bowler,Left Fast,WIDE_OUTSIDE_OFFSTUMP,GOOD_LENGTH,22,16,1,8.25,16.0,22.0,Australia
625967,Ryan Watson,pace bowler,Right Medium,ON_THE_STUMPS,GOOD_LENGTH,21,16,1,7.88,16.0,21.0,New Zealand
631264,Munis Ansari,pace bowler,Right Fast,ON_THE_STUMPS,GOOD_LENGTH,21,16,3,7.88,5.33,7.0,Oman
414990,Jake Ball,pace bowler,Right Fast,OUTSIDE_OFFSTUMP,SHORT,33,16,1,12.38,16.0,33.0,England
693975,Sahan Arachchige,spin bowler,Right Off Spin,OUTSIDE_OFFSTUMP,FULL,27,16,2,10.12,8.0,13.5,Sri Lanka
643885,Saqib Mahmood,pace bowler,Right Fast,ON_THE_STUMPS,SHORT,30,16,3,11.25,5.33,10.0,England
56125,Shohidul Islam,pace bowler,Right Medium,DOWN_LEG,SHORT_OF_A_GOOD_LENGTH,16,16,2,6.0,8.0,8.0,Bangladesh
924551,Lahiru Samarakoon,pace bowler,Right Fast,OUTSIDE_OFFSTUMP,FULL,25,16,2,9.38,8.0,12.5,Sri Lanka
914171,Qais Ahmad,spin bowler,Right Wrist Spin,OUTSIDE_OFFSTUMP,FULL_TOSS,26,16,1,9.75,16.0,26.0,Afghanistan
56125,Shohidul Islam,pace bowler,Right Medium,WIDE_OUTSIDE_OFFSTUMP,SHORT_OF_A_GOOD_LENGTH,21,16,1,7.88,16.0,21.0,Bangladesh
41984,Mohammad Nadeem,pace bowler,Right Fast,OUTSIDE_OFFSTUMP,SHORT_OF_A_GOOD_LENGTH,30,16,1,11.25,16.0,30.0,Oman
906783,Obed McCoy,pace bowler,Left Fast,WIDE_OUTSIDE_OFFSTUMP,GOOD_LENGTH,41,16,1,15.38,16.0,41.0,West Indies
436749,Fayyaz Butt,pace bowler,Right Fast,OUTSIDE_OFFSTUMP,FULL,26,16,1,9.75,16.0,26.0,Oman
355269,James Neesham,pace bowler,Right Fast,OUTSIDE_OFFSTUMP,YORKER,13,16,1,4.88,16.0,13.0,New Zealand
837611,Henry Thornton,pace bowler,Right Fast,OUTSIDE_OFFSTUMP,SHORT,35,16,1,13.12,16.0,35.0,Australia
390891,Ikramullah Khan,pace bowler,Left Fast,OUTSIDE_OFFSTUMP,GOOD_LENGTH,17,16,1,6.38,16.0,17.0,Qatar
376324,Anureet Singh,pace bowler,Right Medium,OUTSIDE_OFFSTUMP,FULL_TOSS,35,16,1,13.12,16.0,35.0,India
450101,Raymon Reifer,pace bowler,Left Fast,DOWN_LEG,SHORT,38,16,1,14.25,16.0,38.0,West Indies
1196500,Zawar Farid,pace bowler,Right Medium,OUTSIDE_OFFSTUMP,SHORT_OF_A_GOOD_LENGTH,17,16,1,6.38,16.0,17.0,United Arab Emirates
643885,Saqib Mahmood,pace bowler,Right Fast,OUTSIDE_OFFSTUMP,SHORT,49,16,2,18.38,8.0,24.5,England
30288,Karn Sharma,spin bowler,Right Wrist Spin,WIDE_OUTSIDE_OFFSTUMP,GOOD_LENGTH,24,16,4,9.0,4.0,6.0,India
707113,Tom Bruce,spin bowler,Right Off Spin,OUTSIDE_OFFSTUMP,GOOD_LENGTH,15,16,1,5.62,16.0,15.0,New Zealand
1206052,Yudhvir Singh,pace bowler,Right Fast,OUTSIDE_OFFSTUMP,SHORT_OF_A_GOOD_LENGTH,14,16,2,5.25,8.0,7.0,India
300619,Rubel Hossain,pace bowler,Right Fast,WIDE_OUTSIDE_OFFSTUMP,FULL,39,16,1,14.62,16.0,39.0,Bangladesh
315623,Ben Laughlin,pace bowler,Right Fast,DOWN_LEG,GOOD_LENGTH,22,16,1,8.25,16.0,22.0,Australia
1206110,Kevin Sinclair,spin bowler,Right Off Spin,OUTSIDE_OFFSTUMP,FULL,29,16,2,10.88,8.0,14.5,West Indies
380956,Michael Rippon,spin bowler,Left Wrist Spin,DOWN_LEG,GOOD_LENGTH,16,16,2,6.0,8.0,8.0,New Zealand
326017,Siddarth Kaul,pace bowler,Right Medium,WIDE_OUTSIDE_OFFSTUMP,SHORT_OF_A_GOOD_LENGTH,24,16,2,9.0,8.0,12.0,India
1159495,Khurram Shahzad,pace bowler,Right Medium,OUTSIDE_OFFSTUMP,FULL,11,16,1,4.12,16.0,11.0,Pakistan
29264,Harbhajan Singh,spin bowler,Right Off Spin,DOWN_LEG,FULL,20,16,1,7.5,16.0,20.0,India
932453,Salauddin Sakil,pace bowler,Left Medium,ON_THE_STUMPS,GOOD_LENGTH,9,16,2,3.38,8.0,4.5,Bangladesh
1077063,Suminda Lakshan,spin bowler,Right Wrist Spin,ON_THE_STUMPS,GOOD_LENGTH,28,16,1,10.5,16.0,28.0,Sri Lanka
49535,Nuwan Kulasekara,pace bowler,Right Fast,ON_THE_STUMPS,YORKER,5,16,2,1.88,8.0,2.5,Sri Lanka
1193404,Musawar Shah,spin bowler,Left Off Spin,ON_THE_STUMPS,GOOD_LENGTH,18,16,1,6.75,16.0,18.0,Qatar
959833,Wes Agar,pace bowler,Right Fast,DOWN_LEG,GOOD_LENGTH,17,16,4,6.38,4.0,4.25,Australia
914519,Chemar Holder,pace bowler,Right Fast,OUTSIDE_OFFSTUMP,SHORT_OF_A_GOOD_LENGTH,18,16,2,6.75,8.0,9.0,West Indies
1213979,Mitchell Owen,pace bowler,Right Medium,OUTSIDE_OFFSTUMP,FULL,25,16,1,9.38,16.0,25.0,Australia
324358,Nuwan Pradeep,pace bowler,Right Fast,ON_THE_STUMPS,YORKER,13,16,4,4.88,4.0,3.25,Sri Lanka
398666,Sean Abbott,pace bowler,Right Fast,DOWN_LEG,SHORT,36,16,1,13.5,16.0,36.0,Australia
459257,Tymal Mills,pace bowler,Left Fast,WIDE_OUTSIDE_OFFSTUMP,SHORT,29,16,1,10.88,16.0,29.0,England
422992,Ankit Sharma,spin bowler,Left Off Spin,OUTSIDE_OFFSTUMP,FULL,22,16,2,8.25,8.0,11.0,India
1199434,Nangeyalia Kharote,spin bowler,Left Off Spin,OUTSIDE_OFFSTUMP,GOOD_LENGTH,12,16,1,4.5,16.0,12.0,Afghanistan
401540,Aizaz Khan,pace bowler,Right Fast,ON_THE_STUMPS,SHORT_OF_A_GOOD_LENGTH,26,16,2,9.75,8.0,13.0,Hong Kong
1263691,Rehan Ahmed,spin bowler,Right Wrist Spin,WIDE_OUTSIDE_OFFSTUMP,FULL,43,16,1,16.12,16.0,43.0,England
595978,Tristan Stubbs,spin bowler,Right Off Spin,ON_THE_STUMPS,GOOD_LENGTH,25,16,1,9.38,16.0,25.0,South Africa
55705,Tinashe Panyangara,pace bowler,Right Fast,OUTSIDE_OFFSTUMP,SHORT_OF_A_GOOD_LENGTH,29,16,1,10.88,16.0,29.0,Zimbabwe
854909,Blair Tickner,pace bowler,Right Fast,ON_THE_STUMPS,SHORT,34,16,2,12.75,8.0,17.0,New Zealand
707113,Tom Bruce,spin bowler,Right Off Spin,ON_THE_STUMPS,GOOD_LENGTH,12,16,1,4.5,16.0,12.0,New Zealand
528730,Akshay Karnewar,spin bowler,Mixed,OUTSIDE_OFFSTUMP,FULL,20,16,1,7.5,16.0,20.0,India
1122557,Damien Ravu,pace bowler,Right Fast,OUTSIDE_OFFSTUMP,SHORT_OF_A_GOOD_LENGTH,19,16,1,7.12,16.0,19.0,Papua New Guinea
596417,Brydon Carse,pace bowler,Right Fast,ON_THE_STUMPS,FULL,36,16,1,13.5,16.0,36.0,England
308251,David Willey,pace bowler,Left Fast,ON_THE_STUMPS,YORKER,7,16,5,2.62,3.2,1.4,England
42657,Shoaib Malik,spin bowler,Right Off Spin,OUTSIDE_OFFSTUMP,FULL_TOSS,24,16,1,9.0,16.0,24.0,Pakistan
44932,Jean-Paul Duminy,spin bowler,Right Off Spin,DOWN_LEG,GOOD_LENGTH,18,16,1,6.75,16.0,18.0,South Africa
24605,Kevin O'Brien,pace bowler,Right Fast,OUTSIDE_OFFSTUMP,SHORT_OF_A_GOOD_LENGTH,17,16,1,6.38,16.0,17.0,Ireland
806241,Richard Ngarava,pace bowler,Left Fast,ON_THE_STUMPS,FULL_TOSS,26,16,3,9.75,5.33,8.67,Zimbabwe
1192939,Ilyas Ahmed,pace bowler,Left Medium,ON_THE_STUMPS,GOOD_LENGTH,24,16,1,9.0,16.0,24.0,Kuwait
622772,Michael Rae,pace bowler,Right Fast,OUTSIDE_OFFSTUMP,FULL,29,16,2,10.88,8.0,14.5,New Zealand
949461,Codi Yusuf,pace bowler,Right Medium,ON_THE_STUMPS,SHORT_OF_A_GOOD_LENGTH,22,16,2,8.25,8.0,11.0,South Africa
526441,Mark Adair,pace bowler,Right Fast,ON_THE_STUMPS,SHORT,33,16,1,12.38,16.0,33.0,Ireland
379504,Adam Zampa,spin bowler,Right Wrist Spin,ON_THE_STUMPS,YORKER,6,16,3,2.25,5.33,2.0,Australia
539548,Scott Kuggeleijn,pace bowler,Right Fast,WIDE_OUTSIDE_OFFSTUMP,GOOD_LENGTH,27,16,1,10.12,16.0,27.0,New Zealand
379504,Adam Zampa,spin bowler,Right Wrist Spin,ON_THE_STUMPS,SHORT,37,16,2,13.88,8.0,18.5,Australia
696401,Marco Jansen,pace bowler,Left Fast,WIDE_OUTSIDE_OFFSTUMP,FULL,41,16,1,15.38,16.0,41.0,South Africa
375724,Kamrul Islam,pace bowler,Right Fast,OUTSIDE_OFFSTUMP,SHORT,26,16,2,9.75,8.0,13.0,Bangladesh
19264,Liam Plunkett,pace bowler,Right Fast,DOWN_LEG,GOOD_LENGTH,25,16,2,9.38,8.0,12.5,United States of America
1108375,Varun Chakravarthy,spin bowler,Right Wrist Spin,ON_THE_STUMPS,FULL_TOSS,25,16,1,9.38,16.0,25.0,India
785323,Nathan McAndrew,pace bowler,Right Fast,WIDE_OUTSIDE_OFFSTUMP,SHORT_OF_A_GOOD_LENGTH,11,16,2,4.12,8.0,5.5,Australia
269332,Muktar Ali,pace bowler,Right Fast,ON_THE_STUMPS,SHORT_OF_A_GOOD_LENGTH,26,16,1,9.75,16.0,26.0,Bangladesh
4527,Ryan Campbell,spin bowler,Right Off Spin,ON_THE_STUMPS,GOOD_LENGTH,9,16,1,3.38,16.0,9.0,Hong Kong
784379,Wanindu Hasaranga,spin bowler,Right Wrist Spin,WIDE_OUTSIDE_OFFSTUMP,GOOD_LENGTH,10,16,2,3.75,8.0,5.0,Sri Lanka
701215,Sompal Kami,pace bowler,Right Fast,ON_THE_STUMPS,GOOD_LENGTH,15,16,1,5.62,16.0,15.0,Nepal
55395,Colin de Grandhomme,pace bowler,Right Fast,OUTSIDE_OFFSTUMP,FULL_TOSS,32,16,1,12.0,16.0,32.0,New Zealand
930189,Lalit Yadav,spin bowler,Right Off Spin,ON_THE_STUMPS,FULL_TOSS,27,16,1,10.12,16.0,27.0,India
1050545,Xavier Bartlett,pace bowler,Right Fast,WIDE_OUTSIDE_OFFSTUMP,FULL,25,16,3,9.38,5.33,8.33,Australia
527362,Chirag Jani,pace bowler,Right Medium,OUTSIDE_OFFSTUMP,SHORT_OF_A_GOOD_LENGTH,28,16,1,10.5,16.0,28.0,India
1410574,Arif Yaqoob,spin bowler,Right Wrist Spin,OUTSIDE_OFFSTUMP,FULL,27,16,3,10.12,5.33,9.0,Pakistan
526441,Mark Adair,pace bowler,Right Fast,DOWN_LEG,SHORT_OF_A_GOOD_LENGTH,34,16,1,12.75,16.0,34.0,Ireland
275658,Michael Hogan,pace bowler,Right Fast,OUTSIDE_OFFSTUMP,SHORT_OF_A_GOOD_LENGTH,28,16,1,10.5,16.0,28.0,Australia
625371,Hardik Pandya,pace bowler,Right Fast,ON_THE_STUMPS,YORKER,8,16,1,3.0,16.0,8.0,India
233514,Thisara Perera,pace bowler,Right Fast,DOWN_LEG,FULL_TOSS,32,16,1,12.0,16.0,32.0,Sri Lanka
806241,Richard Ngarava,pace bowler,Left Fast,WIDE_OUTSIDE_OFFSTUMP,FULL_TOSS,38,16,2,14.25,8.0,19.0,Zimbabwe
333780,Nic Maddinson,spin bowler,Left Off Spin,ON_THE_STUMPS,FULL,16,16,2,6.0,8.0,8.0,Australia
375126,Hardus Viljoen,pace bowler,Right Fast,ON_THE_STUMPS,SHORT,24,16,4,9.0,4.0,6.0,South Africa
8180,Shane Watson,pace bowler,Right Fast,ON_THE_STUMPS,YORKER,15,16,2,5.62,8.0,7.5,Australia
40618,Imran Tahir,spin bowler,Right Wrist Spin,WIDE_OUTSIDE_OFFSTUMP,SHORT_OF_A_GOOD_LENGTH,22,16,1,8.25,16.0,22.0,South Africa
710767,Abdul Majid,spin bowler,Left Off Spin,OUTSIDE_OFFSTUMP,FULL,19,16,2,7.12,8.0,9.5,Bahrain
913843,Nijat Masood,pace bowler,Right Medium,OUTSIDE_OFFSTUMP,SHORT_OF_A_GOOD_LENGTH,20,16,1,7.5,16.0,20.0,Afghanistan
1139053,Ram Sharan,spin bowler,Right Off Spin,OUTSIDE_OFFSTUMP,GOOD_LENGTH,25,16,1,9.38,16.0,25.0,Cambodia
717373,Amad Butt,pace bowler,Right Fast,OUTSIDE_OFFSTUMP,SHORT,29,16,3,10.88,5.33,9.67,Pakistan
259551,Junaid Khan,pace bowler,Left Fast,ON_THE_STUMPS,SHORT,19,16,1,7.12,16.0,19.0,Pakistan
659081,Mark Watt,spin bowler,Left Off Spin,WIDE_OUTSIDE_OFFSTUMP,FULL,25,16,1,9.38,16.0,25.0,Scotland
913843,Nijat Masood,pace bowler,Right Medium,OUTSIDE_OFFSTUMP,GOOD_LENGTH,17,16,2,6.38,8.0,8.5,Afghanistan
393055,Jackson Coleman,pace bowler,Left Fast,ON_THE_STUMPS,SHORT_OF_A_GOOD_LENGTH,27,16,1,10.12,16.0,27.0,Australia
959833,Wes Agar,pace bowler,Right Fast,DOWN_LEG,SHORT_OF_A_GOOD_LENGTH,34,16,1,12.75,16.0,34.0,Australia
462727,Tom Abell,pace bowler,Right Medium,OUTSIDE_OFFSTUMP,GOOD_LENGTH,22,16,1,8.25,16.0,22.0,England
433614,Zahid Mahmood,spin bowler,Right Wrist Spin,DOWN_LEG,GOOD_LENGTH,8,16,1,3.0,16.0,8.0,Pakistan
317252,Sohail Khan,pace bowler,Right Fast,WIDE_OUTSIDE_OFFSTUMP,FULL,35,16,1,13.12,16.0,35.0,Pakistan
926851,Mukesh Kumar,pace bowler,Right Medium,WIDE_OUTSIDE_OFFSTUMP,FULL,37,16,2,13.88,8.0,18.5,India
270135,Ariful Haque,pace bowler,Right Fast,OUTSIDE_OFFSTUMP,FULL,28,16,1,10.5,16.0,28.0,Bangladesh
303427,Paul Stirling,spin bowler,Right Off Spin,OUTSIDE_OFFSTUMP,SHORT_OF_A_GOOD_LENGTH,32,16,1,12.0,16.0,32.0,Ireland
772061,Sam Cook,pace bowler,Right Fast,ON_THE_STUMPS,SHORT_OF_A_GOOD_LENGTH,21,16,1,7.88,16.0,21.0,England
926851,Mukesh Kumar,pace bowler,Right Medium,DOWN_LEG,FULL,36,16,1,13.5,16.0,36.0,India
1129522,Christopher Lamont,spin bowler,Left Off Spin,ON_THE_STUMPS,FULL,19,16,1,7.12,16.0,19.0,West Indies
633641,Pavandeep Singh,spin bowler,Left Off Spin,OUTSIDE_OFFSTUMP,SHORT_OF_A_GOOD_LENGTH,19,16,1,7.12,16.0,19.0,Malaysia
696297,Ziyaad Abrahams,pace bowler,Right Fast,OUTSIDE_OFFSTUMP,FULL,51,16,1,19.12,16.0,51.0,South Africa
524247,Alei Nao,pace bowler,Right Medium,ON_THE_STUMPS,GOOD_LENGTH,21,16,2,7.88,8.0,10.5,Papua New Guinea
940973,Mohammed Siraj,pace bowler,Right Fast,WIDE_OUTSIDE_OFFSTUMP,SHORT,36,16,3,13.5,5.33,12.0,India
288284,Josh Hazlewood,pace bowler,Right Fast,DOWN_LEG,SHORT,28,16,1,10.5,16.0,28.0,Australia
781705,Salman Irshad,pace bowler,Right Fast,OUTSIDE_OFFSTUMP,FULL_TOSS,27,16,3,10.12,5.33,9.0,Pakistan
434429,Aamer Yamin,pace bowler,Right Medium,WIDE_OUTSIDE_OFFSTUMP,GOOD_LENGTH,28,16,1,10.5,16.0,28.0,Pakistan
318339,Samiullah Shinwari,spin bowler,Right Wrist Spin,WIDE_OUTSIDE_OFFSTUMP,FULL,22,16,2,8.25,8.0,11.0,Afghanistan
494581,Rahkeem Cornwall,spin bowler,Right Off Spin,DOWN_LEG,GOOD_LENGTH,28,16,2,10.5,8.0,14.0,West Indies
594335,Kerwin Mungroo,pace bowler,Right Fast,OUTSIDE_OFFSTUMP,GOOD_LENGTH,24,16,1,9.0,16.0,24.0,South Africa
327830,Dwaine Pretorius,pace bowler,Right Fast,OUTSIDE_OFFSTUMP,FULL_TOSS,38,16,1,14.25,16.0,38.0,South Africa
384525,Zahoor Khan,pace bowler,Right Fast,WIDE_OUTSIDE_OFFSTUMP,SHORT,40,16,1,15.0,16.0,40.0,United Arab Emirates
438362,Sandeep Sharma,pace bowler,Right Medium,WIDE_OUTSIDE_OFFSTUMP,SHORT,42,16,1,15.75,16.0,42.0,India
424377,Krishnappa Gowtham,spin bowler,Right Off Spin,DOWN_LEG,GOOD_LENGTH,37,16,1,13.88,16.0,37.0,India
1202098,Zakary Foulkes,pace bowler,Right Medium,ON_THE_STUMPS,FULL,21,16,2,7.88,8.0,10.5,New Zealand
370034,Ben Stevens,spin bowler,Left Off Spin,ON_THE_STUMPS,GOOD_LENGTH,15,16,1,5.62,16.0,15.0,Jersey
422847,Harmeet Singh,spin bowler,Left Off Spin,OUTSIDE_OFFSTUMP,GOOD_LENGTH,15,16,1,5.62,16.0,15.0,
1070188,Kamlesh Nagarkoti,pace bowler,Right Fast,ON_THE_STUMPS,SHORT_OF_A_GOOD_LENGTH,19,15,2,7.6,7.5,9.5,India
1344829,Rizwan Butt,pace bowler,Right Medium,OUTSIDE_OFFSTUMP,FULL,15,15,2,6.0,7.5,7.5,Bahrain
662973,Sam Curran,pace bowler,Left Fast,WIDE_OUTSIDE_OFFSTUMP,SHORT_OF_A_GOOD_LENGTH,21,15,2,8.4,7.5,10.5,England
1246496,Parvez Sultan,spin bowler,Left Off Spin,ON_THE_STUMPS,FULL,10,15,2,4.0,7.5,5.0,India
230371,Ben Cutting,pace bowler,Right Fast,OUTSIDE_OFFSTUMP,YORKER,12,15,1,4.8,15.0,12.0,Australia
901155,Liam Hatcher,pace bowler,Right Fast,OUTSIDE_OFFSTUMP,SHORT,20,15,3,8.0,5.0,6.67,Australia
928067,Josh Little,pace bowler,Left Fast,DOWN_LEG,GOOD_LENGTH,21,15,1,8.4,15.0,21.0,Ireland
595954,Duan Jansen,pace bowler,Left Fast,DOWN_LEG,GOOD_LENGTH,28,15,2,11.2,7.5,14.0,South Africa
1129522,Christopher Lamont,spin bowler,Left Off Spin,OUTSIDE_OFFSTUMP,FULL,30,15,1,12.0,15.0,30.0,West Indies
1161605,Maaz Khan,spin bowler,Right Wrist Spin,OUTSIDE_OFFSTUMP,GOOD_LENGTH,21,15,1,8.4,15.0,21.0,Pakistan
45204,Robbie Frylinck,pace bowler,Right Medium,DOWN_LEG,SHORT_OF_A_GOOD_LENGTH,22,15,1,8.8,15.0,22.0,South Africa
800675,Karan KC,pace bowler,Right Fast,OUTSIDE_OFFSTUMP,SHORT_OF_A_GOOD_LENGTH,19,15,1,7.6,15.0,19.0,Nepal
1129522,Christopher Lamont,spin bowler,Left Off Spin,ON_THE_STUMPS,GOOD_LENGTH,14,15,1,5.6,15.0,14.0,West Indies
277911,George Worker,spin bowler,Left Off Spin,OUTSIDE_OFFSTUMP,SHORT_OF_A_GOOD_LENGTH,19,15,2,7.6,7.5,9.5,New Zealand
270484,James Faulkner,pace bowler,Left Fast,ON_THE_STUMPS,FULL_TOSS,35,15,2,14.0,7.5,17.5,Australia
942645,Khaleel Ahmed,pace bowler,Left Medium,ON_THE_STUMPS,YORKER,14,15,1,5.6,15.0,14.0,India
439288,Joe Mennie,pace bowler,Right Fast,OUTSIDE_OFFSTUMP,SHORT_OF_A_GOOD_LENGTH,21,15,1,8.4,15.0,21.0,Australia
901155,Liam Hatcher,pace bowler,Right Fast,OUTSIDE_OFFSTUMP,FULL_TOSS,25,15,1,10.0,15.0,25.0,Australia
1246455,Mohit Raut,spin bowler,Right Off Spin,ON_THE_STUMPS,FULL,19,15,1,7.6,15.0,19.0,India
453289,Neville Madziva,pace bowler,Right Fast,ON_THE_STUMPS,SHORT_OF_A_GOOD_LENGTH,16,15,1,6.4,15.0,16.0,Zimbabwe
800675,Karan KC,pace bowler,Right Fast,ON_THE_STUMPS,GOOD_LENGTH,10,15,1,4.0,15.0,10.0,Nepal
707193,Brett Randell,pace bowler,Right Medium,OUTSIDE_OFFSTUMP,GOOD_LENGTH,17,15,1,6.8,15.0,17.0,New Zealand
681305,Hasan Ali,pace bowler,Right Fast,WIDE_OUTSIDE_OFFSTUMP,SHORT,26,15,1,10.4,15.0,26.0,Pakistan
1070196,Yash Thakur,pace bowler,Right Medium,ON_THE_STUMPS,FULL,16,15,3,6.4,5.0,5.33,India
450101,Raymon Reifer,pace bowler,Left Fast,ON_THE_STUMPS,SHORT,45,15,2,18.0,7.5,22.5,West Indies
371814,Kevon Cooper,pace bowler,Right Medium,WIDE_OUTSIDE_OFFSTUMP,FULL,18,15,3,7.2,5.0,6.0,West Indies
379145,Tabraiz Shamsi,spin bowler,Left Wrist Spin,ON_THE_STUMPS,SHORT,53,15,1,21.2,15.0,53.0,South Africa
1071473,Jan Nicol Loftie-Eaton,mixture/unknown,Mixed,ON_THE_STUMPS,GOOD_LENGTH,23,15,1,9.2,15.0,23.0,Namibia
1206623,Dilbar Hussain,pace bowler,Right Fast,ON_THE_STUMPS,FULL,22,15,2,8.8,7.5,11.0,Pakistan
268740,Seekkuge Prasanna,spin bowler,Right Wrist Spin,WIDE_OUTSIDE_OFFSTUMP,FULL,27,15,1,10.8,15.0,27.0,Sri Lanka
440522,Logan van Beek,pace bowler,Right Fast,DOWN_LEG,SHORT_OF_A_GOOD_LENGTH,23,15,1,9.2,15.0,23.0,Netherlands
554691,Axar Patel,spin bowler,Left Off Spin,ON_THE_STUMPS,SHORT,29,15,1,11.6,15.0,29.0,India
959833,Wes Agar,pace bowler,Right Fast,ON_THE_STUMPS,YORKER,6,15,5,2.4,3.0,1.2,Australia
381183,Evan Gulbis,pace bowler,Right Medium,OUTSIDE_OFFSTUMP,SHORT_OF_A_GOOD_LENGTH,17,15,1,6.8,15.0,17.0,Australia
1241265,Aayan Afzal Khan,spin bowler,Left Off Spin,ON_THE_STUMPS,SHORT_OF_A_GOOD_LENGTH,16,15,1,6.4,15.0,16.0,United Arab Emirates
1209110,Basil Hameed,spin bowler,Right Off Spin,ON_THE_STUMPS,SHORT_OF_A_GOOD_LENGTH,17,15,2,6.8,7.5,8.5,United Arab Emirates
1070196,Yash Thakur,pace bowler,Right Medium,OUTSIDE_OFFSTUMP,FULL,27,15,1,10.8,15.0,27.0,India
961407,Harry Tector,spin bowler,Right Off Spin,ON_THE_STUMPS,FULL,10,15,1,4.0,15.0,10.0,Ireland
9310,Tim Bresnan,pace bowler,Right Fast,OUTSIDE_OFFSTUMP,SHORT_OF_A_GOOD_LENGTH,17,15,3,6.8,5.0,5.67,England
653695,Matt Parkinson,spin bowler,Right Wrist Spin,DOWN_LEG,GOOD_LENGTH,12,15,1,4.8,15.0,12.0,England
596010,Gerald Coetzee,pace bowler,Right Fast,OUTSIDE_OFFSTUMP,FULL_TOSS,23,15,2,9.2,7.5,11.5,South Africa
555853,Mark Steketee,pace bowler,Right Fast,WIDE_OUTSIDE_OFFSTUMP,FULL,23,15,1,9.2,15.0,23.0,Australia
446548,Scott Boland,pace bowler,Right Fast,OUTSIDE_OFFSTUMP,FULL_TOSS,34,15,1,13.6,15.0,34.0,Australia
1206769,Jayden Lennox,spin bowler,Left Off Spin,OUTSIDE_OFFSTUMP,FULL,23,15,1,9.2,15.0,23.0,New Zealand
1159752,Lalhruai Ralte,pace bowler,Right Medium,OUTSIDE_OFFSTUMP,GOOD_LENGTH,12,15,1,4.8,15.0,12.0,India
557298,Daniel Worrall,pace bowler,Right Fast,ON_THE_STUMPS,FULL_TOSS,29,15,1,11.6,15.0,29.0,Australia
1077307,Kaleemullah,pace bowler,Right Medium,ON_THE_STUMPS,SHORT_OF_A_GOOD_LENGTH,21,15,1,8.4,15.0,21.0,Oman
30102,Zaheer Khan,pace bowler,Left Fast,WIDE_OUTSIDE_OFFSTUMP,GOOD_LENGTH,26,15,1,10.4,15.0,26.0,India
1079380,Nikhil Chaudhary,spin bowler,Right Off Spin,ON_THE_STUMPS,FULL,22,15,2,8.8,7.5,11.0,Australia
501012,Joel Paris,pace bowler,Left Fast,DOWN_LEG,GOOD_LENGTH,34,15,1,13.6,15.0,34.0,Australia
297583,Kyle Abbott,pace bowler,Right Fast,WIDE_OUTSIDE_OFFSTUMP,FULL,23,15,1,9.2,15.0,23.0,South Africa
297583,Kyle Abbott,pace bowler,Right Fast,OUTSIDE_OFFSTUMP,FULL_TOSS,40,15,3,16.0,5.0,13.33,South Africa
591650,Ankit Rajpoot,pace bowler,Right Medium,ON_THE_STUMPS,FULL,22,15,1,8.8,15.0,22.0,India
429748,Amila Aponso,spin bowler,Left Off Spin,OUTSIDE_OFFSTUMP,GOOD_LENGTH,23,15,2,9.2,7.5,11.5,United States of America
37749,Nathan McCullum,spin bowler,Right Off Spin,ON_THE_STUMPS,FULL,13,15,3,5.2,5.0,4.33,New Zealand
290948,Mohammad Amir,pace bowler,Left Fast,WIDE_OUTSIDE_OFFSTUMP,SHORT,22,15,1,8.8,15.0,22.0,Pakistan
233514,Thisara Perera,pace bowler,Right Fast,WIDE_OUTSIDE_OFFSTUMP,SHORT,40,15,1,16.0,15.0,40.0,Sri Lanka
697279,Usman Shinwari,pace bowler,Left Fast,ON_THE_STUMPS,FULL_TOSS,28,15,2,11.2,7.5,14.0,Pakistan
38607,William Somerville,spin bowler,Right Off Spin,OUTSIDE_OFFSTUMP,FULL,23,15,1,9.2,15.0,23.0,New Zealand
328026,Isuru Udana,pace bowler,Left Fast,DOWN_LEG,SHORT,33,15,2,13.2,7.5,16.5,Sri Lanka
8180,Shane Watson,pace bowler,Right Fast,DOWN_LEG,SHORT_OF_A_GOOD_LENGTH,24,15,1,9.6,15.0,24.0,Australia
402245,Amir Hamza,spin bowler,Left Off Spin,ON_THE_STUMPS,SHORT_OF_A_GOOD_LENGTH,10,15,1,4.0,15.0,10.0,Afghanistan
233904,Yasim Murtaza,spin bowler,Left Off Spin,OUTSIDE_OFFSTUMP,SHORT_OF_A_GOOD_LENGTH,15,15,1,6.0,15.0,15.0,Hong Kong
52912,Ravi Rampaul,pace bowler,Right Fast,ON_THE_STUMPS,YORKER,11,15,1,4.4,15.0,11.0,West Indies
300618,Nasir Hossain,spin bowler,Right Off Spin,WIDE_OUTSIDE_OFFSTUMP,GOOD_LENGTH,38,15,2,15.2,7.5,19.0,Bangladesh
573170,Luke Wood,pace bowler,Left Fast,ON_THE_STUMPS,FULL_TOSS,26,15,1,10.4,15.0,26.0,England
819429,Azmatullah Omarzai,pace bowler,Right Fast,ON_THE_STUMPS,YORKER,7,15,2,2.8,7.5,3.5,Afghanistan
429122,Umaid Asif,pace bowler,Right Fast,WIDE_OUTSIDE_OFFSTUMP,GOOD_LENGTH,24,15,1,9.6,15.0,24.0,Pakistan
24599,Boyd Rankin,pace bowler,Right Fast,OUTSIDE_OFFSTUMP,FULL,29,15,2,11.6,7.5,14.5,Ireland
543041,Mbulelo Budaza,pace bowler,Left Fast,ON_THE_STUMPS,SHORT_OF_A_GOOD_LENGTH,18,15,1,7.2,15.0,18.0,South Africa
508964,Pulina Tharanga,spin bowler,Right Wrist Spin,OUTSIDE_OFFSTUMP,GOOD_LENGTH,22,15,1,8.8,15.0,22.0,Sri Lanka
508964,Pulina Tharanga,spin bowler,Right Wrist Spin,ON_THE_STUMPS,GOOD_LENGTH,16,15,2,6.4,7.5,8.0,Sri Lanka
327947,Dane Paterson,pace bowler,Right Fast,ON_THE_STUMPS,SHORT_OF_A_GOOD_LENGTH,34,15,1,13.6,15.0,34.0,South Africa
332996,Kyle Jarvis,pace bowler,Right Fast,ON_THE_STUMPS,SHORT,26,15,1,10.4,15.0,26.0,Zimbabwe
252940,Garey Mathurin,spin bowler,Left Off Spin,ON_THE_STUMPS,GOOD_LENGTH,9,15,1,3.6,15.0,9.0,West Indies
1079848,Shivam Mavi,pace bowler,Right Fast,DOWN_LEG,SHORT,37,15,2,14.8,7.5,18.5,India
398666,Sean Abbott,pace bowler,Right Fast,DOWN_LEG,FULL_TOSS,41,15,1,16.4,15.0,41.0,Australia
932453,Salauddin Sakil,pace bowler,Left Medium,ON_THE_STUMPS,SHORT_OF_A_GOOD_LENGTH,22,15,1,8.8,15.0,22.0,Bangladesh
1148776,Arjun Tendulkar,pace bowler,Left Fast,OUTSIDE_OFFSTUMP,FULL,25,15,1,10.0,15.0,25.0,India
55705,Tinashe Panyangara,pace bowler,Right Fast,OUTSIDE_OFFSTUMP,FULL,32,15,1,12.8,15.0,32.0,Zimbabwe
344580,Shreyas Gopal,spin bowler,Right Wrist Spin,ON_THE_STUMPS,SHORT,35,15,1,14.0,15.0,35.0,India
1205981,Corey Rocchiccioli,spin bowler,Right Off Spin,OUTSIDE_OFFSTUMP,GOOD_LENGTH,11,15,2,4.4,7.5,5.5,Australia
290632,Sreenath Aravind,pace bowler,Left Fast,DOWN_LEG,SHORT_OF_A_GOOD_LENGTH,23,15,1,9.2,15.0,23.0,India
547766,Jacob Duffy,pace bowler,Right Fast,ON_THE_STUMPS,SHORT,30,15,1,12.0,15.0,30.0,New Zealand
55395,Colin de Grandhomme,pace bowler,Right Fast,ON_THE_STUMPS,FULL_TOSS,23,15,1,9.2,15.0,23.0,New Zealand
55346,Graeme Cremer,spin bowler,Right Wrist Spin,ON_THE_STUMPS,SHORT_OF_A_GOOD_LENGTH,13,15,1,5.2,15.0,13.0,Zimbabwe
46248,Albie Morkel,pace bowler,Right Fast,ON_THE_STUMPS,GOOD_LENGTH,23,15,1,9.2,15.0,23.0,South Africa
233514,Thisara Perera,pace bowler,Right Fast,ON_THE_STUMPS,YORKER,7,15,6,2.8,2.5,1.17,Sri Lanka
930189,Lalit Yadav,spin bowler,Right Off Spin,ON_THE_STUMPS,SHORT_OF_A_GOOD_LENGTH,28,15,1,11.2,15.0,28.0,India
806241,Richard Ngarava,pace bowler,Left Fast,ON_THE_STUMPS,YORKER,14,15,1,5.6,15.0,14.0,Zimbabwe
547763,Ollie Newton,pace bowler,Right Medium,OUTSIDE_OFFSTUMP,GOOD_LENGTH,19,15,1,7.6,15.0,19.0,New Zealand
701215,Sompal Kami,pace bowler,Right Fast,ON_THE_STUMPS,SHORT_OF_A_GOOD_LENGTH,9,15,1,3.6,15.0,9.0,Nepal
592735,Sandeep Warrier,pace bowler,Right Medium,ON_THE_STUMPS,FULL,33,15,1,13.2,15.0,33.0,India
429122,Umaid Asif,pace bowler,Right Fast,DOWN_LEG,SHORT_OF_A_GOOD_LENGTH,21,15,1,8.4,15.0,21.0,Pakistan
519070,Gerhard Erasmus,spin bowler,Right Off Spin,ON_THE_STUMPS,FULL,13,15,2,5.2,7.5,6.5,Namibia
541224,Luke Jongwe,pace bowler,Right Fast,WIDE_OUTSIDE_OFFSTUMP,GOOD_LENGTH,27,15,2,10.8,7.5,13.5,Zimbabwe
414970,Safyaan Sharif,pace bowler,Right Fast,OUTSIDE_OFFSTUMP,FULL_TOSS,40,15,2,16.0,7.5,20.0,Scotland
49764,Angelo Mathews,pace bowler,Right Medium,DOWN_LEG,GOOD_LENGTH,19,15,1,7.6,15.0,19.0,Sri Lanka
308798,D'Arcy Short,spin bowler,Left Wrist Spin,WIDE_OUTSIDE_OFFSTUMP,FULL,30,15,1,12.0,15.0,30.0,Australia
1153149,Vijayakanth Viyaskanth,spin bowler,Right Wrist Spin,DOWN_LEG,GOOD_LENGTH,16,15,2,6.4,7.5,8.0,Sri Lanka
422342,Siddhesh Lad,spin bowler,Right Off Spin,OUTSIDE_OFFSTUMP,FULL,18,15,1,7.2,15.0,18.0,India
308794,Michael Swart,spin bowler,Right Off Spin,ON_THE_STUMPS,GOOD_LENGTH,13,15,1,5.2,15.0,13.0,Australia
316363,Imran Khan,pace bowler,Right Fast,OUTSIDE_OFFSTUMP,SHORT,33,15,2,13.2,7.5,16.5,Pakistan
1083033,Kulwant Khejroliya,pace bowler,Left Fast,ON_THE_STUMPS,FULL,26,15,1,10.4,15.0,26.0,India
1089962,Patrick Dooley,spin bowler,Left Wrist Spin,ON_THE_STUMPS,SHORT_OF_A_GOOD_LENGTH,16,15,1,6.4,15.0,16.0,Australia
587152,Pravin Tambe,spin bowler,Right Wrist Spin,ON_THE_STUMPS,SHORT_OF_A_GOOD_LENGTH,12,15,1,4.8,15.0,12.0,India
1402359,Jahandad Khan,pace bowler,Left Fast,ON_THE_STUMPS,SHORT_OF_A_GOOD_LENGTH,18,15,1,7.2,15.0,18.0,
698343,Eathan Bosch,pace bowler,Right Fast,WIDE_OUTSIDE_OFFSTUMP,SHORT_OF_A_GOOD_LENGTH,15,15,1,6.0,15.0,15.0,South Africa
49758,Lasith Malinga,pace bowler,Right Fast,WIDE_OUTSIDE_OFFSTUMP,SHORT_OF_A_GOOD_LENGTH,27,15,1,10.8,15.0,27.0,Sri Lanka
311427,Hamid Hassan,pace bowler,Right Fast,ON_THE_STUMPS,YORKER,12,15,1,4.8,15.0,12.0,Afghanistan
1428999,Vimukthi Viraj,spin bowler,Right Wrist Spin,OUTSIDE_OFFSTUMP,GOOD_LENGTH,31,15,1,12.4,15.0,31.0,
311592,Mitchell Starc,pace bowler,Left Fast,WIDE_OUTSIDE_OFFSTUMP,FULL_TOSS,21,15,1,8.4,15.0,21.0,Australia
311158,Ben Stokes,pace bowler,Right Fast,ON_THE_STUMPS,YORKER,8,15,3,3.2,5.0,2.67,England
535353,Ottniel Baartman,pace bowler,Right Fast,OUTSIDE_OFFSTUMP,FULL_TOSS,32,15,3,12.8,5.0,10.67,South Africa
315623,Ben Laughlin,pace bowler,Right Fast,DOWN_LEG,SHORT_OF_A_GOOD_LENGTH,28,15,1,11.2,15.0,28.0,Australia
1088610,Jack Edwards,pace bowler,Right Medium,ON_THE_STUMPS,SHORT_OF_A_GOOD_LENGTH,21,15,1,8.4,15.0,21.0,Australia
235657,Steven Jacobs,spin bowler,Right Off Spin,ON_THE_STUMPS,SHORT_OF_A_GOOD_LENGTH,22,15,1,8.8,15.0,22.0,West Indies
1088612,Zak Evans,pace bowler,Right Fast,ON_THE_STUMPS,SHORT_OF_A_GOOD_LENGTH,20,15,3,8.0,5.0,6.67,Australia
1152716,Javelle Glen,spin bowler,Right Wrist Spin,OUTSIDE_OFFSTUMP,GOOD_LENGTH,10,15,1,4.0,15.0,10.0,West Indies
633362,Sharafuddin Ashraf,spin bowler,Left Off Spin,OUTSIDE_OFFSTUMP,SHORT_OF_A_GOOD_LENGTH,25,15,1,10.0,15.0,25.0,Afghanistan
820689,Shamar Springer,pace bowler,Right Fast,OUTSIDE_OFFSTUMP,SHORT,18,15,2,7.2,7.5,9.0,West Indies
244497,Adil Rashid,spin bowler,Right Wrist Spin,DOWN_LEG,SHORT_OF_A_GOOD_LENGTH,15,15,2,6.0,7.5,7.5,England
323244,Rahat Ali,pace bowler,Left Fast,ON_THE_STUMPS,SHORT,22,15,1,8.8,15.0,22.0,Pakistan
526441,Mark Adair,pace bowler,Right Fast,DOWN_LEG,GOOD_LENGTH,32,15,1,12.8,15.0,32.0,Ireland
1213488,Chopise Hopongkyu,pace bowler,Right Medium,OUTSIDE_OFFSTUMP,GOOD_LENGTH,13,15,1,5.2,15.0,13.0,India
629063,Mehidy Hasan Miraz,spin bowler,Right Off Spin,DOWN_LEG,FULL,23,15,1,9.2,15.0,23.0,Bangladesh
777515,Praveen Dubey,spin bowler,Right Wrist Spin,ON_THE_STUMPS,GOOD_LENGTH,9,15,1,3.6,15.0,9.0,India
793441,Aamer Jamal,pace bowler,Right Fast,OUTSIDE_OFFSTUMP,SHORT,28,15,2,11.2,7.5,14.0,Pakistan
710767,Abdul Majid,spin bowler,Left Off Spin,ON_THE_STUMPS,FULL,11,15,1,4.4,15.0,11.0,Bahrain
234675,Ravindra Jadeja,spin bowler,Left Off Spin,ON_THE_STUMPS,SHORT,39,15,1,15.6,15.0,39.0,India
1278263,Jack Jarvis,pace bowler,Right Fast,OUTSIDE_OFFSTUMP,SHORT_OF_A_GOOD_LENGTH,10,15,1,4.0,15.0,10.0,
322818,Ayabulela Gqamane,pace bowler,Right Fast,ON_THE_STUMPS,FULL,20,15,1,8.0,15.0,20.0,South Africa
774217,Clint Hinchliffe,spin bowler,Left Wrist Spin,DOWN_LEG,GOOD_LENGTH,15,15,1,6.0,15.0,15.0,Australia
1214273,Ryan Harrison,pace bowler,Right Medium,OUTSIDE_OFFSTUMP,GOOD_LENGTH,15,15,1,6.0,15.0,15.0,New Zealand
1158099,Mohammad Umar,pace bowler,Right Medium,ON_THE_STUMPS,FULL,17,15,1,6.8,15.0,17.0,Pakistan
1076473,Izharulhaq Naveed,spin bowler,Right Wrist Spin,WIDE_OUTSIDE_OFFSTUMP,GOOD_LENGTH,8,15,1,3.2,15.0,8.0,Afghanistan
1108375,Varun Chakravarthy,spin bowler,Right Wrist Spin,DOWN_LEG,FULL,24,15,1,9.6,15.0,24.0,India
51782,Fidel Edwards,pace bowler,Right Fast,ON_THE_STUMPS,YORKER,9,15,3,3.6,5.0,3.0,West Indies
820351,Rovman Powell,pace bowler,Right Fast,ON_THE_STUMPS,FULL_TOSS,26,15,1,10.4,15.0,26.0,West Indies
1362934,Michael Charlie,pace bowler,Right Medium,OUTSIDE_OFFSTUMP,GOOD_LENGTH,13,15,1,5.2,15.0,13.0,Papua New Guinea
926629,Hasan Mahmud,pace bowler,Right Medium,ON_THE_STUMPS,FULL_TOSS,19,15,2,7.6,7.5,9.5,Bangladesh
392945,Donald Tiripano,pace bowler,Right Fast,ON_THE_STUMPS,FULL,23,15,1,9.2,15.0,23.0,Zimbabwe
436749,Fayyaz Butt,pace bowler,Right Fast,ON_THE_STUMPS,SHORT_OF_A_GOOD_LENGTH,19,15,1,7.6,15.0,19.0,Oman
1252336,Mohit Avasthi,pace bowler,Right Fast,OUTSIDE_OFFSTUMP,SHORT_OF_A_GOOD_LENGTH,21,15,2,8.4,7.5,10.5,India
1076722,Will Sutherland,pace bowler,Right Fast,DOWN_LEG,SHORT_OF_A_GOOD_LENGTH,30,15,1,12.0,15.0,30.0,Australia
1168743,Sagar Udeshi,spin bowler,Left Off Spin,OUTSIDE_OFFSTUMP,GOOD_LENGTH,16,15,1,6.4,15.0,16.0,India
279545,Pradeep Sangwan,pace bowler,Left Medium,ON_THE_STUMPS,FULL,23,15,2,9.2,7.5,11.5,India
851403,Venkatesh Iyer,pace bowler,Right Medium,ON_THE_STUMPS,FULL,19,15,3,7.6,5.0,6.33,India
56251,Alok Kapali,spin bowler,Right Wrist Spin,ON_THE_STUMPS,FULL,20,15,1,8.0,15.0,20.0,Bangladesh
1210488,Cooper Connolly,spin bowler,Left Off Spin,OUTSIDE_OFFSTUMP,GOOD_LENGTH,19,15,1,7.6,15.0,19.0,Australia
1263691,Rehan Ahmed,spin bowler,Right Wrist Spin,DOWN_LEG,GOOD_LENGTH,22,15,1,8.8,15.0,22.0,England
25955,Basant Regmi,spin bowler,Left Off Spin,OUTSIDE_OFFSTUMP,GOOD_LENGTH,17,15,1,6.8,15.0,17.0,Nepal
1170265,Tilak Varma,spin bowler,Right Off Spin,ON_THE_STUMPS,GOOD_LENGTH,11,15,3,4.4,5.0,3.67,India
826915,Nathan Ellis,pace bowler,Right Fast,WIDE_OUTSIDE_OFFSTUMP,SHORT_OF_A_GOOD_LENGTH,23,15,1,9.2,15.0,23.0,Australia
24237,John Mooney,pace bowler,Right Medium,OUTSIDE_OFFSTUMP,GOOD_LENGTH,12,15,2,4.8,7.5,6.0,Ireland
1369833,Amir Farooq,pace bowler,Left Medium,ON_THE_STUMPS,GOOD_LENGTH,14,15,1,5.6,15.0,14.0,
56007,Mashrafe Mortaza,pace bowler,Right Fast,DOWN_LEG,GOOD_LENGTH,23,15,1,9.2,15.0,23.0,Bangladesh
280490,JJ Smuts,spin bowler,Left Off Spin,DOWN_LEG,GOOD_LENGTH,22,15,1,8.8,15.0,22.0,South Africa
391832,Roston Chase,spin bowler,Right Off Spin,DOWN_LEG,FULL,13,15,1,5.2,15.0,13.0,West Indies
827051,Blessing Muzarabani,pace bowler,Right Fast,ON_THE_STUMPS,YORKER,13,15,4,5.2,3.75,3.25,Zimbabwe
1210511,Nahid Rana,pace bowler,Right Medium,ON_THE_STUMPS,GOOD_LENGTH,11,15,1,4.4,15.0,11.0,Bangladesh
677081,Keemo Paul,pace bowler,Right Fast,DOWN_LEG,GOOD_LENGTH,32,15,1,12.8,15.0,32.0,West Indies
802575,T Natarajan,pace bowler,Left Medium,DOWN_LEG,FULL,41,15,2,16.4,7.5,20.5,India
1329697,Sufiyan Muqeem,spin bowler,Left Wrist Spin,OUTSIDE_OFFSTUMP,SHORT_OF_A_GOOD_LENGTH,24,15,1,9.6,15.0,24.0,Pakistan
4864,Dan Christian,pace bowler,Right Fast,DOWN_LEG,FULL_TOSS,23,15,1,9.2,15.0,23.0,Australia
696297,Ziyaad Abrahams,pace bowler,Right Fast,OUTSIDE_OFFSTUMP,GOOD_LENGTH,12,15,1,4.8,15.0,12.0,South Africa
493773,Lockie Ferguson,pace bowler,Right Fast,WIDE_OUTSIDE_OFFSTUMP,SHORT_OF_A_GOOD_LENGTH,14,15,1,5.6,15.0,14.0,New Zealand
1125536,Ben Lister,pace bowler,Left Fast,OUTSIDE_OFFSTUMP,FULL,19,14,2,8.14,7.0,9.5,New Zealand
56125,Shohidul Islam,pace bowler,Right Medium,ON_THE_STUMPS,YORKER,13,14,1,5.57,14.0,13.0,Bangladesh
348152,Usman Qadir,spin bowler,Right Wrist Spin,DOWN_LEG,GOOD_LENGTH,15,14,1,6.43,14.0,15.0,Pakistan
526492,Tom Sole,spin bowler,Right Off Spin,OUTSIDE_OFFSTUMP,GOOD_LENGTH,6,14,1,2.57,14.0,6.0,Scotland
627627,Tom Rogers,pace bowler,Right Fast,WIDE_OUTSIDE_OFFSTUMP,SHORT_OF_A_GOOD_LENGTH,13,14,1,5.57,14.0,13.0,Australia
244639,Harry Gurney,pace bowler,Left Fast,DOWN_LEG,FULL,19,14,2,8.14,7.0,9.5,England
1076473,Izharulhaq Naveed,spin bowler,Right Wrist Spin,WIDE_OUTSIDE_OFFSTUMP,SHORT_OF_A_GOOD_LENGTH,19,14,1,8.14,14.0,19.0,Afghanistan
629063,Mehidy Hasan Miraz,spin bowler,Right Off Spin,WIDE_OUTSIDE_OFFSTUMP,SHORT_OF_A_GOOD_LENGTH,17,14,2,7.29,7.0,8.5,Bangladesh
51782,Fidel Edwards,pace bowler,Right Fast,DOWN_LEG,FULL,23,14,1,9.86,14.0,23.0,West Indies
379774,Colin Ackermann,spin bowler,Right Off Spin,ON_THE_STUMPS,FULL,13,14,2,5.57,7.0,6.5,Netherlands
1253822,Gulsan Jha,pace bowler,Right Medium,OUTSIDE_OFFSTUMP,SHORT_OF_A_GOOD_LENGTH,14,14,2,6.0,7.0,7.0,Nepal
1210511,Nahid Rana,pace bowler,Right Medium,OUTSIDE_OFFSTUMP,FULL,33,14,1,14.14,14.0,33.0,Bangladesh
41324,Mohammad Sami,pace bowler,Right Fast,ON_THE_STUMPS,SHORT,33,14,1,14.14,14.0,33.0,Pakistan
671823,Chris Sole,pace bowler,Right Medium,OUTSIDE_OFFSTUMP,GOOD_LENGTH,32,14,2,13.71,7.0,16.0,Scotland
277662,Corey Anderson,pace bowler,Left Fast,WIDE_OUTSIDE_OFFSTUMP,SHORT,37,14,1,15.86,14.0,37.0,United States of America
1161606,Haris Rauf,pace bowler,Right Fast,WIDE_OUTSIDE_OFFSTUMP,GOOD_LENGTH,15,14,2,6.43,7.0,7.5,Pakistan
450101,Raymon Reifer,pace bowler,Left Fast,OUTSIDE_OFFSTUMP,SHORT,17,14,3,7.29,4.67,5.67,West Indies
949545,Khwezi Gumede,pace bowler,Left Medium,OUTSIDE_OFFSTUMP,GOOD_LENGTH,16,14,1,6.86,14.0,16.0,South Africa
524253,Norman Vanua,pace bowler,Right Medium,OUTSIDE_OFFSTUMP,SHORT_OF_A_GOOD_LENGTH,11,14,1,4.71,14.0,11.0,Papua New Guinea
1253822,Gulsan Jha,pace bowler,Right Medium,OUTSIDE_OFFSTUMP,GOOD_LENGTH,21,14,1,9.0,14.0,21.0,Nepal
698189,Wiaan Mulder,pace bowler,Right Medium,WIDE_OUTSIDE_OFFSTUMP,FULL,20,14,3,8.57,4.67,6.67,South Africa
272465,James Pattinson,pace bowler,Right Fast,DOWN_LEG,SHORT_OF_A_GOOD_LENGTH,24,14,1,10.29,14.0,24.0,Australia
938959,Wessly Madhevere,spin bowler,Right Off Spin,OUTSIDE_OFFSTUMP,GOOD_LENGTH,15,14,1,6.43,14.0,15.0,Zimbabwe
425639,Tendai Chatara,pace bowler,Right Fast,WIDE_OUTSIDE_OFFSTUMP,FULL,22,14,1,9.43,14.0,22.0,Zimbabwe
465783,Vishwa Fernando,pace bowler,Left Fast,OUTSIDE_OFFSTUMP,GOOD_LENGTH,10,14,1,4.29,14.0,10.0,Sri Lanka
1209270,Himanshu Rathod,spin bowler,Right Off Spin,ON_THE_STUMPS,FULL,13,14,1,5.57,14.0,13.0,Qatar
677077,Romario Shepherd,pace bowler,Right Fast,WIDE_OUTSIDE_OFFSTUMP,YORKER,11,14,1,4.71,14.0,11.0,West Indies
837611,Henry Thornton,pace bowler,Right Fast,ON_THE_STUMPS,FULL_TOSS,33,14,4,14.14,3.5,8.25,Australia
407875,Craig Miles,pace bowler,Right Medium,OUTSIDE_OFFSTUMP,SHORT_OF_A_GOOD_LENGTH,14,14,2,6.0,7.0,7.0,England
595921,Curtis Campher,pace bowler,Right Fast,ON_THE_STUMPS,SHORT,19,14,2,8.14,7.0,9.5,Ireland
348148,Mohammad Nawaz,spin bowler,Left Off Spin,WIDE_OUTSIDE_OFFSTUMP,FULL,34,14,1,14.57,14.0,34.0,Pakistan
526021,Cole McConchie,spin bowler,Right Off Spin,ON_THE_STUMPS,SHORT_OF_A_GOOD_LENGTH,22,14,2,9.43,7.0,11.0,New Zealand
974109,Mujeeb Ur Rahman,spin bowler,Right Off Spin,OUTSIDE_OFFSTUMP,FULL_TOSS,25,14,1,10.71,14.0,25.0,Afghanistan
391832,Roston Chase,spin bowler,Right Off Spin,WIDE_OUTSIDE_OFFSTUMP,SHORT_OF_A_GOOD_LENGTH,17,14,1,7.29,14.0,17.0,West Indies
324358,Nuwan Pradeep,pace bowler,Right Fast,WIDE_OUTSIDE_OFFSTUMP,FULL,22,14,2,9.43,7.0,11.0,Sri Lanka
300619,Rubel Hossain,pace bowler,Right Fast,ON_THE_STUMPS,YORKER,10,14,4,4.29,3.5,2.5,Bangladesh
917177,T Pradeep,pace bowler,Right Fast,OUTSIDE_OFFSTUMP,FULL,11,14,3,4.71,4.67,3.67,India
362201,Lewis Gregory,pace bowler,Right Fast,DOWN_LEG,SHORT,15,14,3,6.43,4.67,5.0,England
585081,Khawar Ali,spin bowler,Right Wrist Spin,ON_THE_STUMPS,FULL,14,14,2,6.0,7.0,7.0,Oman
34155,Pardeep Sahu,spin bowler,Right Wrist Spin,ON_THE_STUMPS,FULL,23,14,1,9.86,14.0,23.0,India
1339131,Aimal Khan,mixture/unknown,Mixed,OUTSIDE_OFFSTUMP,SHORT,33,14,1,14.14,14.0,33.0,Pakistan
1194795,Matheesha Pathirana,pace bowler,Right Fast,ON_THE_STUMPS,FULL_TOSS,28,14,2,12.0,7.0,14.0,Sri Lanka
587152,Pravin Tambe,spin bowler,Right Wrist Spin,DOWN_LEG,FULL,14,14,1,6.0,14.0,14.0,India
1088612,Zak Evans,pace bowler,Right Fast,ON_THE_STUMPS,GOOD_LENGTH,20,14,2,8.57,7.0,10.0,Australia
277955,Dhawal Kulkarni,pace bowler,Right Medium,OUTSIDE_OFFSTUMP,FULL_TOSS,33,14,3,14.14,4.67,11.0,India
277955,Dhawal Kulkarni,pace bowler,Right Medium,WIDE_OUTSIDE_OFFSTUMP,FULL_TOSS,41,14,1,17.57,14.0,41.0,India
272262,Kane Richardson,pace bowler,Right Fast,DOWN_LEG,FULL,25,14,1,10.71,14.0,25.0,Australia
1252336,Mohit Avasthi,pace bowler,Right Fast,OUTSIDE_OFFSTUMP,GOOD_LENGTH,9,14,3,3.86,4.67,3.0,India
670045,Gudakesh Motie,spin bowler,Left Off Spin,WIDE_OUTSIDE_OFFSTUMP,SHORT_OF_A_GOOD_LENGTH,13,14,1,5.57,14.0,13.0,West Indies
599402,Matthew Bacon,pace bowler,Right Medium,OUTSIDE_OFFSTUMP,GOOD_LENGTH,27,14,2,11.57,7.0,13.5,New Zealand
42639,Shahid Afridi,spin bowler,Right Wrist Spin,WIDE_OUTSIDE_OFFSTUMP,SHORT_OF_A_GOOD_LENGTH,19,14,1,8.14,14.0,19.0,Pakistan
932665,Tanvir Islam,spin bowler,Left Off Spin,WIDE_OUTSIDE_OFFSTUMP,FULL,22,14,3,9.43,4.67,7.33,Bangladesh
1070196,Yash Thakur,pace bowler,Right Medium,ON_THE_STUMPS,SHORT_OF_A_GOOD_LENGTH,25,14,3,10.71,4.67,8.33,India
381006,Thomas Kaber,spin bowler,Left Wrist Spin,ON_THE_STUMPS,FULL,17,14,1,7.29,14.0,17.0,South Africa
311427,Hamid Hassan,pace bowler,Right Fast,ON_THE_STUMPS,FULL_TOSS,21,14,4,9.0,3.5,5.25,Afghanistan
267192,Steven Smith,spin bowler,Right Wrist Spin,OUTSIDE_OFFSTUMP,FULL,26,14,1,11.14,14.0,26.0,Australia
585083,Zeeshan Maqsood,spin bowler,Left Off Spin,ON_THE_STUMPS,FULL,14,14,2,6.0,7.0,7.0,Oman
851403,Venkatesh Iyer,pace bowler,Right Medium,ON_THE_STUMPS,GOOD_LENGTH,17,14,1,7.29,14.0,17.0,India
1195245,Vinoth Baskaran,spin bowler,Left Off Spin,ON_THE_STUMPS,FULL,29,14,2,12.43,7.0,14.5,Singapore
232359,Colin Munro,pace bowler,Right Fast,ON_THE_STUMPS,FULL,17,14,1,7.29,14.0,17.0,New Zealand
793007,Dilshan Madushanka,pace bowler,Left Fast,OUTSIDE_OFFSTUMP,SHORT,11,14,1,4.71,14.0,11.0,Sri Lanka
1083128,Ankit Soni,spin bowler,Right Wrist Spin,ON_THE_STUMPS,FULL,14,14,1,6.0,14.0,14.0,India
537126,Barinder Sran,pace bowler,Left Medium,DOWN_LEG,GOOD_LENGTH,22,14,2,9.43,7.0,11.0,India
26487,Avinash Yadav,spin bowler,Left Off Spin,ON_THE_STUMPS,GOOD_LENGTH,19,14,1,8.14,14.0,19.0,India
793411,Danish Aziz,spin bowler,Left Off Spin,OUTSIDE_OFFSTUMP,GOOD_LENGTH,22,14,1,9.43,14.0,22.0,Pakistan
1083030,KM Asif,pace bowler,Right Medium,OUTSIDE_OFFSTUMP,SHORT,27,14,3,11.57,4.67,9.0,India
940593,Aqib Ilyas,spin bowler,Mixed,ON_THE_STUMPS,SHORT_OF_A_GOOD_LENGTH,19,14,1,8.14,14.0,19.0,Oman
1111917,Darshan Nalkande,pace bowler,Right Fast,ON_THE_STUMPS,FULL,27,14,2,11.57,7.0,13.5,India
319439,Mitchell McClenaghan,pace bowler,Left Fast,ON_THE_STUMPS,FULL_TOSS,30,14,2,12.86,7.0,15.0,New Zealand
1158099,Mohammad Umar,pace bowler,Right Medium,ON_THE_STUMPS,SHORT_OF_A_GOOD_LENGTH,21,14,2,9.0,7.0,10.5,Pakistan
629065,Nihaduzzaman,spin bowler,Left Off Spin,WIDE_OUTSIDE_OFFSTUMP,GOOD_LENGTH,15,14,2,6.43,7.0,7.5,Bangladesh
1284541,Zain Ul Abidin,spin bowler,Left Off Spin,ON_THE_STUMPS,FULL,21,14,1,9.0,14.0,21.0,Saudi Arabia
447261,Deepak Chahar,pace bowler,Right Medium,WIDE_OUTSIDE_OFFSTUMP,SHORT_OF_A_GOOD_LENGTH,30,14,1,12.86,14.0,30.0,India
319746,Shapoor Zadran,pace bowler,Left Fast,ON_THE_STUMPS,SHORT_OF_A_GOOD_LENGTH,9,14,1,3.86,14.0,9.0,Afghanistan
447261,Deepak Chahar,pace bowler,Right Medium,ON_THE_STUMPS,YORKER,10,14,2,4.29,7.0,5.0,India
26487,Avinash Yadav,spin bowler,Left Off Spin,ON_THE_STUMPS,FULL,8,14,1,3.43,14.0,8.0,India
1216350,Wil Parker,spin bowler,Right Wrist Spin,ON_THE_STUMPS,FULL,24,14,1,10.29,14.0,24.0,Australia
228622,John Hastings,pace bowler,Right Fast,WIDE_OUTSIDE_OFFSTUMP,GOOD_LENGTH,19,14,1,8.14,14.0,19.0,Australia
774219,Matthew Kuhnemann,spin bowler,Left Off Spin,WIDE_OUTSIDE_OFFSTUMP,GOOD_LENGTH,31,14,2,13.29,7.0,15.5,Australia
1070196,Yash Thakur,pace bowler,Right Fast,ON_THE_STUMPS,SHORT,33,14,1,14.14,14.0,33.0,India
1193549,Kristian Clarke,pace bowler,Right Medium,ON_THE_STUMPS,GOOD_LENGTH,9,14,1,3.86,14.0,9.0,New Zealand
308410,Pikky Ya France,spin bowler,Right Off Spin,OUTSIDE_OFFSTUMP,GOOD_LENGTH,17,14,1,7.29,14.0,17.0,Namibia
1065115,Benjamin Manenti,spin bowler,Right Off Spin,DOWN_LEG,FULL,20,14,2,8.57,7.0,10.0,Italy
360911,Varun Aaron,pace bowler,Right Fast,WIDE_OUTSIDE_OFFSTUMP,SHORT_OF_A_GOOD_LENGTH,22,14,2,9.43,7.0,11.0,India
422965,Shehan Jayasuriya,spin bowler,Right Off Spin,DOWN_LEG,GOOD_LENGTH,20,14,1,8.57,14.0,20.0,United States of America
1182529,Noor Ahmad,spin bowler,Left Wrist Spin,WIDE_OUTSIDE_OFFSTUMP,SHORT_OF_A_GOOD_LENGTH,13,14,1,5.57,14.0,13.0,Afghanistan
827051,Blessing Muzarabani,pace bowler,Right Fast,OUTSIDE_OFFSTUMP,YORKER,10,14,1,4.29,14.0,10.0,Zimbabwe
221140,David Wiese,pace bowler,Right Fast,DOWN_LEG,SHORT,29,14,2,12.43,7.0,14.5,Namibia
784375,Lahiru Kumara,pace bowler,Right Fast,WIDE_OUTSIDE_OFFSTUMP,FULL,31,14,1,13.29,14.0,31.0,Sri Lanka
697279,Usman Shinwari,pace bowler,Left Fast,DOWN_LEG,FULL,36,14,1,15.43,14.0,36.0,Pakistan
1079470,Ramandeep Singh,pace bowler,Right Medium,OUTSIDE_OFFSTUMP,SHORT_OF_A_GOOD_LENGTH,13,14,1,5.57,14.0,13.0,India
1410354,Muhammad Rohid,pace bowler,Left Fast,OUTSIDE_OFFSTUMP,SHORT_OF_A_GOOD_LENGTH,6,14,1,2.57,14.0,6.0,
290632,Sreenath Aravind,pace bowler,Left Fast,WIDE_OUTSIDE_OFFSTUMP,SHORT,16,14,1,6.86,14.0,16.0,India
550137,Abu Hider,pace bowler,Left Fast,OUTSIDE_OFFSTUMP,FULL_TOSS,33,14,1,14.14,14.0,33.0,Bangladesh
333782,Timm van der Gugten,pace bowler,Right Fast,OUTSIDE_OFFSTUMP,FULL,20,14,1,8.57,14.0,20.0,Netherlands
461632,Reece Topley,pace bowler,Left Fast,WIDE_OUTSIDE_OFFSTUMP,FULL_TOSS,26,14,1,11.14,14.0,26.0,England
348034,George Dockrell,spin bowler,Left Off Spin,WIDE_OUTSIDE_OFFSTUMP,FULL,26,14,1,11.14,14.0,26.0,Ireland
432960,Simon Harmer,spin bowler,Right Off Spin,ON_THE_STUMPS,SHORT_OF_A_GOOD_LENGTH,7,14,2,3.0,7.0,3.5,South Africa
652361,Atit Sheth,pace bowler,Right Medium,ON_THE_STUMPS,GOOD_LENGTH,10,14,1,4.29,14.0,10.0,India
1175428,Anshul Kamboj,pace bowler,Right Medium,OUTSIDE_OFFSTUMP,FULL,28,14,1,12.0,14.0,28.0,India
873769,Sultan Ahmed,spin bowler,Left Off Spin,ON_THE_STUMPS,GOOD_LENGTH,7,14,1,3.0,14.0,7.0,United Arab Emirates
362710,David Payne,pace bowler,Left Fast,WIDE_OUTSIDE_OFFSTUMP,FULL,27,14,1,11.57,14.0,27.0,England
348049,Nasum Ahmed,spin bowler,Left Off Spin,WIDE_OUTSIDE_OFFSTUMP,GOOD_LENGTH,14,14,2,6.0,7.0,7.0,Bangladesh
332366,Sharwan Godara,pace bowler,Right Medium,OUTSIDE_OFFSTUMP,GOOD_LENGTH,10,14,1,4.29,14.0,10.0,
332978,John Reva,pace bowler,Right Medium,OUTSIDE_OFFSTUMP,GOOD_LENGTH,12,14,1,5.14,14.0,12.0,Papua New Guinea
53191,Jerome Taylor,pace bowler,Right Fast,ON_THE_STUMPS,YORKER,10,14,2,4.29,7.0,5.0,West Indies
1175458,Akash Singh,pace bowler,Left Fast,ON_THE_STUMPS,FULL,38,14,1,16.29,14.0,38.0,India
274921,Veerasammy Permaul,spin bowler,Left Off Spin,WIDE_OUTSIDE_OFFSTUMP,GOOD_LENGTH,21,14,1,9.0,14.0,21.0,West Indies
596010,Gerald Coetzee,pace bowler,Right Fast,DOWN_LEG,FULL_TOSS,25,14,1,10.71,14.0,25.0,South Africa
348056,Kyle Mayers,pace bowler,Right Medium,ON_THE_STUMPS,SHORT,35,14,1,15.0,14.0,35.0,West Indies
550189,Dayyaan Galiem,pace bowler,Right Fast,OUTSIDE_OFFSTUMP,SHORT_OF_A_GOOD_LENGTH,10,14,1,4.29,14.0,10.0,South Africa
332996,Kyle Jarvis,pace bowler,Right Fast,OUTSIDE_OFFSTUMP,SHORT,31,14,1,13.29,14.0,31.0,Zimbabwe
932453,Salauddin Sakil,pace bowler,Left Medium,OUTSIDE_OFFSTUMP,GOOD_LENGTH,12,14,2,5.14,7.0,6.0,Bangladesh
30732,Praveen Kumar,pace bowler,Right Medium,WIDE_OUTSIDE_OFFSTUMP,FULL,23,14,1,9.86,14.0,23.0,India
495551,Sheldon Cottrell,pace bowler,Left Fast,WIDE_OUTSIDE_OFFSTUMP,SHORT_OF_A_GOOD_LENGTH,33,14,2,14.14,7.0,16.5,West Indies
431902,Yannic Cariah,spin bowler,Right Wrist Spin,OUTSIDE_OFFSTUMP,FULL,22,14,2,9.43,7.0,11.0,West Indies
43524,Umar Gul,pace bowler,Right Fast,OUTSIDE_OFFSTUMP,SHORT,18,14,2,7.71,7.0,9.0,Pakistan
647667,Usama Mir,spin bowler,Right Wrist Spin,WIDE_OUTSIDE_OFFSTUMP,FULL,21,14,1,9.0,14.0,21.0,Pakistan
276843,Aubrey Swanepoel,spin bowler,Right Off Spin,ON_THE_STUMPS,FULL,33,14,1,14.14,14.0,33.0,South Africa
732291,Basil Thampi,pace bowler,Right Fast,WIDE_OUTSIDE_OFFSTUMP,FULL,29,14,2,12.43,7.0,14.5,India
395057,Seth Rance,pace bowler,Right Medium,OUTSIDE_OFFSTUMP,FULL_TOSS,35,14,2,15.0,7.0,17.5,New Zealand
605681,Evan Jones,pace bowler,Right Fast,WIDE_OUTSIDE_OFFSTUMP,FULL,27,14,1,11.57,14.0,27.0,South Africa
1000791,Bradley Currie,pace bowler,Left Fast,ON_THE_STUMPS,GOOD_LENGTH,3,14,1,1.29,14.0,3.0,Scotland
288617,Ross Whiteley,pace bowler,Left Medium,OUTSIDE_OFFSTUMP,GOOD_LENGTH,10,14,1,4.29,14.0,10.0,England
431902,Yannic Cariah,spin bowler,Right Wrist Spin,ON_THE_STUMPS,GOOD_LENGTH,9,14,1,3.86,14.0,9.0,West Indies
926629,Hasan Mahmud,pace bowler,Right Medium,OUTSIDE_OFFSTUMP,FULL_TOSS,21,14,1,9.0,14.0,21.0,Bangladesh
348034,George Dockrell,spin bowler,Left Off Spin,ON_THE_STUMPS,FULL,15,14,2,6.43,7.0,7.5,Ireland
27223,Stuart Binny,pace bowler,Right Medium,ON_THE_STUMPS,SHORT_OF_A_GOOD_LENGTH,19,14,1,8.14,14.0,19.0,India
439288,Joe Mennie,pace bowler,Right Fast,ON_THE_STUMPS,GOOD_LENGTH,17,14,2,7.29,7.0,8.5,Australia
247235,Chris Woakes,pace bowler,Right Fast,OUTSIDE_OFFSTUMP,YORKER,12,14,1,5.14,14.0,12.0,England
865833,Zak Chappell,pace bowler,Right Fast,OUTSIDE_OFFSTUMP,GOOD_LENGTH,17,14,2,7.29,7.0,8.5,England
916727,Mohammad Imran,pace bowler,Right Medium,OUTSIDE_OFFSTUMP,GOOD_LENGTH,19,14,2,8.14,7.0,9.5,Pakistan
605683,Migael Pretorius,pace bowler,Right Fast,WIDE_OUTSIDE_OFFSTUMP,SHORT_OF_A_GOOD_LENGTH,36,14,1,15.43,14.0,36.0,South Africa
1203995,Shahnawaz Dahani,pace bowler,Right Fast,WIDE_OUTSIDE_OFFSTUMP,SHORT_OF_A_GOOD_LENGTH,21,14,1,9.0,14.0,21.0,Pakistan
1163686,Abhijeet Saket,pace bowler,Right Medium,ON_THE_STUMPS,GOOD_LENGTH,11,14,1,4.71,14.0,11.0,India
1272475,Zaman Khan,pace bowler,Right Fast,DOWN_LEG,FULL,28,14,1,12.0,14.0,28.0,Pakistan
1143529,Imran Anwar,pace bowler,Left Medium,ON_THE_STUMPS,FULL,9,14,2,3.86,7.0,4.5,Bahrain
553249,Bjorn Fortuin,spin bowler,Left Off Spin,WIDE_OUTSIDE_OFFSTUMP,GOOD_LENGTH,17,14,1,7.29,14.0,17.0,South Africa
376116,Umesh Yadav,pace bowler,Right Fast,WIDE_OUTSIDE_OFFSTUMP,SHORT,38,14,1,16.29,14.0,38.0,India
1158538,Abbas Afridi,pace bowler,Right Fast,ON_THE_STUMPS,FULL_TOSS,29,14,1,12.43,14.0,29.0,Pakistan
1081442,Mayank Markande,spin bowler,Right Wrist Spin,WIDE_OUTSIDE_OFFSTUMP,FULL,22,14,2,9.43,7.0,11.0,India
633697,Shahrukh Quddus,pace bowler,Right Medium,OUTSIDE_OFFSTUMP,FULL,34,14,1,14.57,14.0,34.0,Kuwait
591649,Kushang Patel,pace bowler,Right Medium,ON_THE_STUMPS,GOOD_LENGTH,9,14,3,3.86,4.67,3.0,India
697279,Usman Shinwari,pace bowler,Left Fast,WIDE_OUTSIDE_OFFSTUMP,GOOD_LENGTH,10,14,1,4.29,14.0,10.0,Pakistan
696127,Brad Evans,pace bowler,Right Fast,OUTSIDE_OFFSTUMP,GOOD_LENGTH,10,14,1,4.29,14.0,10.0,Zimbabwe
481896,Mohammed Shami,pace bowler,Right Fast,WIDE_OUTSIDE_OFFSTUMP,SHORT,33,14,1,14.14,14.0,33.0,India
1081442,Mayank Markande,spin bowler,Right Wrist Spin,DOWN_LEG,SHORT_OF_A_GOOD_LENGTH,19,14,1,8.14,14.0,19.0,India
376169,Michael Neser,pace bowler,Right Fast,ON_THE_STUMPS,YORKER,11,14,1,4.71,14.0,11.0,Australia
451782,James Fuller,pace bowler,Right Fast,WIDE_OUTSIDE_OFFSTUMP,FULL,31,14,3,13.29,4.67,10.33,England
362710,David Payne,pace bowler,Left Fast,DOWN_LEG,GOOD_LENGTH,12,14,1,5.14,14.0,12.0,England
327947,Dane Paterson,pace bowler,Right Fast,OUTSIDE_OFFSTUMP,SHORT_OF_A_GOOD_LENGTH,17,14,1,7.29,14.0,17.0,South Africa
348109,Paul van Meekeren,pace bowler,Right Fast,DOWN_LEG,SHORT_OF_A_GOOD_LENGTH,20,14,1,8.57,14.0,20.0,Netherlands
1292751,Will Prestwidge,pace bowler,Right Fast,ON_THE_STUMPS,SHORT_OF_A_GOOD_LENGTH,21,14,3,9.0,4.67,7.0,Australia
429738,Lakshan Sandakan,spin bowler,Left Wrist Spin,WIDE_OUTSIDE_OFFSTUMP,FULL,21,14,3,9.0,4.67,7.0,Sri Lanka
697279,Usman Shinwari,pace bowler,Left Fast,WIDE_OUTSIDE_OFFSTUMP,FULL,36,14,1,15.43,14.0,36.0,Pakistan
376324,Anureet Singh,pace bowler,Right Medium,OUTSIDE_OFFSTUMP,SHORT,32,14,2,13.71,7.0,16.0,India
1077307,Kaleemullah,pace bowler,Right Medium,ON_THE_STUMPS,GOOD_LENGTH,10,14,1,4.29,14.0,10.0,Oman
590913,Will Williams,pace bowler,Right Fast,OUTSIDE_OFFSTUMP,GOOD_LENGTH,20,14,1,8.57,14.0,20.0,New Zealand
777815,Vijaykumar Vyshak,pace bowler,Right Medium,WIDE_OUTSIDE_OFFSTUMP,FULL,29,14,1,12.43,14.0,29.0,India
429122,Umaid Asif,pace bowler,Right Fast,ON_THE_STUMPS,YORKER,8,14,1,3.43,14.0,8.0,Pakistan
348059,Barry McCarthy,pace bowler,Right Fast,WIDE_OUTSIDE_OFFSTUMP,GOOD_LENGTH,23,14,2,9.86,7.0,11.5,Ireland
376116,Umesh Yadav,pace bowler,Right Fast,DOWN_LEG,FULL_TOSS,46,14,1,19.71,14.0,46.0,India
326635,Cameron Gannon,pace bowler,Right Fast,OUTSIDE_OFFSTUMP,GOOD_LENGTH,19,14,1,8.14,14.0,19.0,United States of America
670045,Gudakesh Motie,spin bowler,Left Off Spin,WIDE_OUTSIDE_OFFSTUMP,FULL,25,13,3,11.54,4.33,8.33,West Indies
1339020,Susheel Kumar,pace bowler,Left Fast,ON_THE_STUMPS,GOOD_LENGTH,26,13,1,12.0,13.0,26.0,India
570854,Jack Wildermuth,pace bowler,Right Fast,WIDE_OUTSIDE_OFFSTUMP,GOOD_LENGTH,28,13,1,12.92,13.0,28.0,Australia
1158538,Abbas Afridi,pace bowler,Right Fast,ON_THE_STUMPS,YORKER,11,13,2,5.08,6.5,5.5,Pakistan
581160,Khary Pierre,spin bowler,Left Off Spin,WIDE_OUTSIDE_OFFSTUMP,FULL,26,13,1,12.0,13.0,26.0,West Indies
594322,Corbin Bosch,pace bowler,Right Fast,OUTSIDE_OFFSTUMP,FULL_TOSS,24,13,2,11.08,6.5,12.0,South Africa
1072470,Shaheen Shah Afridi,pace bowler,Left Fast,WIDE_OUTSIDE_OFFSTUMP,GOOD_LENGTH,29,13,2,13.38,6.5,14.5,Pakistan
669855,Jofra Archer,pace bowler,Right Fast,DOWN_LEG,SHORT,17,13,3,7.85,4.33,5.67,England
557295,Hilton Cartwright,pace bowler,Right Medium,OUTSIDE_OFFSTUMP,GOOD_LENGTH,27,13,1,12.46,13.0,27.0,Australia
793467,Karim Janat,pace bowler,Right Medium,DOWN_LEG,SHORT_OF_A_GOOD_LENGTH,18,13,1,8.31,13.0,18.0,Afghanistan
990039,Shoriful Islam,pace bowler,Left Fast,OUTSIDE_OFFSTUMP,FULL_TOSS,36,13,1,16.62,13.0,36.0,Bangladesh
44956,Grant Elliott,pace bowler,Right Medium,ON_THE_STUMPS,FULL,8,13,2,3.69,6.5,4.0,New Zealand
270484,James Faulkner,pace bowler,Left Fast,WIDE_OUTSIDE_OFFSTUMP,SHORT,19,13,2,8.77,6.5,9.5,Australia
402992,Shuvagata Hom,spin bowler,Right Off Spin,WIDE_OUTSIDE_OFFSTUMP,GOOD_LENGTH,14,13,1,6.46,13.0,14.0,Bangladesh
1234111,Mohammad Imran,pace bowler,Left Fast,ON_THE_STUMPS,SHORT,30,13,2,13.85,6.5,15.0,Pakistan
573170,Luke Wood,pace bowler,Left Fast,OUTSIDE_OFFSTUMP,YORKER,6,13,1,2.77,13.0,6.0,England
1159495,Khurram Shahzad,pace bowler,Right Medium,ON_THE_STUMPS,SHORT_OF_A_GOOD_LENGTH,10,13,1,4.62,13.0,10.0,Pakistan
793447,Naveen-ul-Haq,pace bowler,Right Fast,WIDE_OUTSIDE_OFFSTUMP,FULL_TOSS,43,13,1,19.85,13.0,43.0,Afghanistan
581160,Khary Pierre,spin bowler,Left Off Spin,WIDE_OUTSIDE_OFFSTUMP,GOOD_LENGTH,29,13,2,13.38,6.5,14.5,West Indies
735845,Chintan Gaja,pace bowler,Right Medium,OUTSIDE_OFFSTUMP,SHORT_OF_A_GOOD_LENGTH,23,13,2,10.62,6.5,11.5,India
425639,Tendai Chatara,pace bowler,Right Fast,WIDE_OUTSIDE_OFFSTUMP,GOOD_LENGTH,21,13,1,9.69,13.0,21.0,Zimbabwe
585081,Khawar Ali,spin bowler,Right Wrist Spin,OUTSIDE_OFFSTUMP,GOOD_LENGTH,13,13,1,6.0,13.0,13.0,Oman
431910,Nicholson Gordon,pace bowler,Right Fast,OUTSIDE_OFFSTUMP,SHORT,40,13,1,18.46,13.0,40.0,West Indies
1138316,Maheesh Theekshana,spin bowler,Right Off Spin,OUTSIDE_OFFSTUMP,SHORT,44,13,1,20.31,13.0,44.0,Sri Lanka
587152,Pravin Tambe,spin bowler,Right Wrist Spin,OUTSIDE_OFFSTUMP,SHORT_OF_A_GOOD_LENGTH,11,13,1,5.08,13.0,11.0,India
590326,Mitchell Swepson,spin bowler,Right Wrist Spin,DOWN_LEG,SHORT_OF_A_GOOD_LENGTH,20,13,1,9.23,13.0,20.0,Australia
440523,Ben Wheeler,pace bowler,Left Fast,ON_THE_STUMPS,SHORT,24,13,2,11.08,6.5,12.0,New Zealand
440523,Ben Wheeler,pace bowler,Left Fast,OUTSIDE_OFFSTUMP,SHORT,29,13,2,13.38,6.5,14.5,New Zealand
591650,Ankit Rajpoot,pace bowler,Right Medium,ON_THE_STUMPS,FULL_TOSS,24,13,3,11.08,4.33,8.0,India
422992,Ankit Sharma,spin bowler,Left Off Spin,ON_THE_STUMPS,FULL,19,13,1,8.77,13.0,19.0,India
30732,Praveen Kumar,pace bowler,Right Medium,OUTSIDE_OFFSTUMP,SHORT,23,13,1,10.62,13.0,23.0,India
990165,Mukidul Islam,pace bowler,Right Fast,ON_THE_STUMPS,SHORT,19,13,1,8.77,13.0,19.0,Bangladesh
393055,Jackson Coleman,pace bowler,Left Fast,OUTSIDE_OFFSTUMP,FULL,16,13,1,7.38,13.0,16.0,Australia
1159371,Mohammad Ilyas,pace bowler,Right Fast,OUTSIDE_OFFSTUMP,SHORT,47,13,2,21.69,6.5,23.5,Pakistan
423838,Rahul Tewatia,spin bowler,Right Wrist Spin,DOWN_LEG,GOOD_LENGTH,7,13,1,3.23,13.0,7.0,India
423838,Rahul Tewatia,spin bowler,Right Wrist Spin,WIDE_OUTSIDE_OFFSTUMP,GOOD_LENGTH,16,13,4,7.38,3.25,4.0,India
33335,Suresh Raina,spin bowler,Right Off Spin,ON_THE_STUMPS,SHORT_OF_A_GOOD_LENGTH,17,13,2,7.85,6.5,8.5,India
429981,Mohammad Irfan,pace bowler,Left Fast,ON_THE_STUMPS,FULL_TOSS,18,13,1,8.31,13.0,18.0,Pakistan
381743,Daryl Mitchell,pace bowler,Right Medium,ON_THE_STUMPS,FULL,26,13,2,12.0,6.5,13.0,New Zealand
432960,Simon Harmer,spin bowler,Right Off Spin,WIDE_OUTSIDE_OFFSTUMP,GOOD_LENGTH,12,13,1,5.54,13.0,12.0,South Africa
235519,Tendai Chisoro,mixture/unknown,Mixed,OUTSIDE_OFFSTUMP,SHORT_OF_A_GOOD_LENGTH,10,13,1,4.62,13.0,10.0,Zimbabwe
267724,Keshav Maharaj,spin bowler,Left Off Spin,WIDE_OUTSIDE_OFFSTUMP,FULL,28,13,1,12.92,13.0,28.0,South Africa
440522,Logan van Beek,pace bowler,Right Fast,WIDE_OUTSIDE_OFFSTUMP,GOOD_LENGTH,7,13,2,3.23,6.5,3.5,Netherlands
571703,Wellington Masakadza,spin bowler,Left Off Spin,DOWN_LEG,FULL,7,13,1,3.23,13.0,7.0,Zimbabwe
914467,Anderson Phillip,pace bowler,Right Fast,ON_THE_STUMPS,FULL,21,13,1,9.69,13.0,21.0,West Indies
414970,Safyaan Sharif,pace bowler,Right Fast,DOWN_LEG,GOOD_LENGTH,14,13,2,6.46,6.5,7.0,Scotland
44932,Jean-Paul Duminy,spin bowler,Right Off Spin,WIDE_OUTSIDE_OFFSTUMP,FULL,29,13,1,13.38,13.0,29.0,South Africa
557298,Daniel Worrall,pace bowler,Right Fast,OUTSIDE_OFFSTUMP,FULL_TOSS,30,13,1,13.85,13.0,30.0,Australia
270135,Ariful Haque,pace bowler,Right Fast,ON_THE_STUMPS,GOOD_LENGTH,13,13,1,6.0,13.0,13.0,Bangladesh
1143525,Gayan Munaweera,pace bowler,Left Medium,OUTSIDE_OFFSTUMP,GOOD_LENGTH,13,13,1,6.0,13.0,13.0,Qatar
942645,Khaleel Ahmed,pace bowler,Left Fast,OUTSIDE_OFFSTUMP,SHORT,17,13,3,7.85,4.33,5.67,India
230558,Sunil Narine,spin bowler,Right Off Spin,ON_THE_STUMPS,YORKER,7,13,1,3.23,13.0,7.0,West Indies
792615,Dilum Sudeera,spin bowler,Left Off Spin,OUTSIDE_OFFSTUMP,GOOD_LENGTH,13,13,1,6.0,13.0,13.0,Sri Lanka
1159720,Yash Dayal,pace bowler,Left Fast,DOWN_LEG,SHORT,42,13,1,19.38,13.0,42.0,India
732291,Basil Thampi,pace bowler,Right Fast,OUTSIDE_OFFSTUMP,FULL_TOSS,32,13,1,14.77,13.0,32.0,India
1339020,Susheel Kumar,pace bowler,Left Fast,OUTSIDE_OFFSTUMP,FULL,19,13,1,8.77,13.0,19.0,India
1410574,Arif Yaqoob,spin bowler,Right Wrist Spin,ON_THE_STUMPS,FULL,26,13,1,12.0,13.0,26.0,Pakistan
1159711,Shahbaz Ahmed,spin bowler,Left Off Spin,WIDE_OUTSIDE_OFFSTUMP,GOOD_LENGTH,28,13,2,12.92,6.5,14.0,India
901155,Liam Hatcher,pace bowler,Right Fast,ON_THE_STUMPS,FULL_TOSS,19,13,2,8.77,6.5,9.5,Australia
707179,Michael Snedden,pace bowler,Right Fast,OUTSIDE_OFFSTUMP,GOOD_LENGTH,17,13,2,7.85,6.5,8.5,New Zealand
381329,Beau Webster,mixture/unknown,Mixed,OUTSIDE_OFFSTUMP,SHORT,19,13,1,8.77,13.0,19.0,Australia
1158099,Mohammad Umar,pace bowler,Right Medium,OUTSIDE_OFFSTUMP,FULL,30,13,1,13.85,13.0,30.0,Pakistan
1155262,Vidwath Kaverappa,pace bowler,Right Fast,OUTSIDE_OFFSTUMP,GOOD_LENGTH,29,13,1,13.38,13.0,29.0,India
1048891,Aryaman Sunil,pace bowler,Right Fast,OUTSIDE_OFFSTUMP,GOOD_LENGTH,19,13,1,8.77,13.0,19.0,Singapore
275658,Michael Hogan,pace bowler,Right Fast,ON_THE_STUMPS,GOOD_LENGTH,10,13,1,4.62,13.0,10.0,Australia
1199892,Ateeq Iqbal,pace bowler,Right Medium,ON_THE_STUMPS,GOOD_LENGTH,16,13,1,7.38,13.0,16.0,Hong Kong
457279,Olly Stone,pace bowler,Right Fast,ON_THE_STUMPS,YORKER,11,13,2,5.08,6.5,5.5,England
633445,Hisham Shaikh,spin bowler,Right Off Spin,ON_THE_STUMPS,GOOD_LENGTH,21,13,1,9.69,13.0,21.0,Saudi Arabia
359746,Saad Bin Zafar,spin bowler,Left Off Spin,ON_THE_STUMPS,GOOD_LENGTH,18,13,2,8.31,6.5,9.0,Canada
326017,Siddarth Kaul,pace bowler,Right Medium,WIDE_OUTSIDE_OFFSTUMP,GOOD_LENGTH,32,13,2,14.77,6.5,16.0,India
47492,Dale Steyn,pace bowler,Right Fast,DOWN_LEG,SHORT_OF_A_GOOD_LENGTH,27,13,1,12.46,13.0,27.0,South Africa
1203995,Shahnawaz Dahani,pace bowler,Right Fast,DOWN_LEG,SHORT_OF_A_GOOD_LENGTH,17,13,2,7.85,6.5,8.5,Pakistan
51782,Fidel Edwards,pace bowler,Right Fast,WIDE_OUTSIDE_OFFSTUMP,FULL,22,13,2,10.15,6.5,11.0,West Indies
24605,Kevin O'Brien,pace bowler,Right Fast,OUTSIDE_OFFSTUMP,FULL,26,13,2,12.0,6.5,13.0,Ireland
47850,Roelof van der Merwe,spin bowler,Left Off Spin,WIDE_OUTSIDE_OFFSTUMP,FULL,20,13,1,9.23,13.0,20.0,Netherlands
542023,Lungi Ngidi,pace bowler,Right Fast,DOWN_LEG,SHORT,33,13,2,15.23,6.5,16.5,South Africa
56025,Mahmudullah,spin bowler,Right Off Spin,DOWN_LEG,GOOD_LENGTH,13,13,2,6.0,6.5,6.5,Bangladesh
24599,Boyd Rankin,pace bowler,Right Fast,ON_THE_STUMPS,SHORT_OF_A_GOOD_LENGTH,15,13,3,6.92,4.33,5.0,Ireland
51433,Samuel Badree,spin bowler,Right Wrist Spin,ON_THE_STUMPS,SHORT,20,13,2,9.23,6.5,10.0,West Indies
55346,Graeme Cremer,spin bowler,Right Wrist Spin,OUTSIDE_OFFSTUMP,SHORT_OF_A_GOOD_LENGTH,18,13,2,8.31,6.5,9.0,Zimbabwe
1246472,Anuj Raj,pace bowler,Left Fast,ON_THE_STUMPS,GOOD_LENGTH,23,13,2,10.62,6.5,11.5,India
274921,Veerasammy Permaul,spin bowler,Left Off Spin,DOWN_LEG,GOOD_LENGTH,18,13,1,8.31,13.0,18.0,West Indies
1079848,Shivam Mavi,pace bowler,Right Fast,ON_THE_STUMPS,YORKER,7,13,1,3.23,13.0,7.0,India
307817,Adnan Idrees,spin bowler,Right Wrist Spin,OUTSIDE_OFFSTUMP,FULL,35,13,1,16.15,13.0,35.0,Kuwait
499660,Gurinder Sandhu,pace bowler,Right Fast,WIDE_OUTSIDE_OFFSTUMP,SHORT_OF_A_GOOD_LENGTH,32,13,2,14.77,6.5,16.0,Australia
288284,Josh Hazlewood,pace bowler,Right Fast,ON_THE_STUMPS,FULL_TOSS,31,13,1,14.31,13.0,31.0,Australia
215152,Jackson Bird,pace bowler,Right Fast,DOWN_LEG,GOOD_LENGTH,15,13,1,6.92,13.0,15.0,Australia
1323727,Junior Sinclair,spin bowler,Right Off Spin,OUTSIDE_OFFSTUMP,FULL,28,13,1,12.92,13.0,28.0,West Indies
362710,David Payne,pace bowler,Left Fast,ON_THE_STUMPS,YORKER,11,13,2,5.08,6.5,5.5,England
1203754,Junaid Siddique,pace bowler,Right Fast,ON_THE_STUMPS,SHORT,9,13,3,4.15,4.33,3.0,United Arab Emirates
1125536,Ben Lister,pace bowler,Left Medium,ON_THE_STUMPS,FULL,14,13,1,6.46,13.0,14.0,New Zealand
303427,Paul Stirling,spin bowler,Right Off Spin,WIDE_OUTSIDE_OFFSTUMP,FULL,34,13,1,15.69,13.0,34.0,Ireland
465783,Vishwa Fernando,pace bowler,Left Fast,ON_THE_STUMPS,GOOD_LENGTH,12,13,1,5.54,13.0,12.0,Sri Lanka
362201,Lewis Gregory,pace bowler,Right Fast,WIDE_OUTSIDE_OFFSTUMP,SHORT,31,13,1,14.31,13.0,31.0,England
524253,Norman Vanua,pace bowler,Right Medium,OUTSIDE_OFFSTUMP,FULL,17,13,2,7.85,6.5,8.5,Papua New Guinea
26907,Rajat Bhatia,pace bowler,Right Fast,OUTSIDE_OFFSTUMP,FULL,36,13,1,16.62,13.0,36.0,India
1036191,Bas de Leede,pace bowler,Right Fast,ON_THE_STUMPS,FULL,14,13,1,6.46,13.0,14.0,Netherlands
325026,Glenn Maxwell,spin bowler,Right Off Spin,ON_THE_STUMPS,FULL_TOSS,24,13,1,11.08,13.0,24.0,Australia
1163855,Hayden Kerr,pace bowler,Left Fast,ON_THE_STUMPS,FULL_TOSS,28,13,2,12.92,6.5,14.0,Australia
694211,Avesh Khan,pace bowler,Right Fast,WIDE_OUTSIDE_OFFSTUMP,GOOD_LENGTH,22,13,1,10.15,13.0,22.0,India
41324,Mohammad Sami,pace bowler,Right Fast,DOWN_LEG,GOOD_LENGTH,16,13,1,7.38,13.0,16.0,Pakistan
208657,Pieter Seelaar,spin bowler,Left Off Spin,ON_THE_STUMPS,FULL,8,13,3,3.69,4.33,2.67,Netherlands
857975,Josh Tongue,pace bowler,Right Fast,ON_THE_STUMPS,SHORT_OF_A_GOOD_LENGTH,27,13,2,12.46,6.5,13.5,England
552152,Dushmantha Chameera,pace bowler,Right Fast,WIDE_OUTSIDE_OFFSTUMP,FULL_TOSS,30,13,1,13.85,13.0,30.0,Sri Lanka
550215,Kagiso Rabada,pace bowler,Right Fast,WIDE_OUTSIDE_OFFSTUMP,FULL_TOSS,34,13,1,15.69,13.0,34.0,South Africa
323244,Rahat Ali,pace bowler,Left Fast,DOWN_LEG,SHORT,17,13,3,7.85,4.33,5.67,Pakistan
293983,Alex Cusack,pace bowler,Right Fast,ON_THE_STUMPS,GOOD_LENGTH,8,13,2,3.69,6.5,4.0,Ireland
826689,Pramod Madushan,pace bowler,Right Fast,ON_THE_STUMPS,FULL_TOSS,29,13,1,13.38,13.0,29.0,Sri Lanka
629058,Najmul Hossain Shanto,spin bowler,Right Off Spin,OUTSIDE_OFFSTUMP,SHORT_OF_A_GOOD_LENGTH,22,13,1,10.15,13.0,22.0,Bangladesh
629058,Najmul Hossain Shanto,spin bowler,Right Off Spin,OUTSIDE_OFFSTUMP,FULL,11,13,2,5.08,6.5,5.5,Bangladesh
324358,Nuwan Pradeep,pace bowler,Right Fast,DOWN_LEG,SHORT,46,13,1,21.23,13.0,46.0,Sri Lanka
888565,Mehran Khan,pace bowler,Right Fast,ON_THE_STUMPS,GOOD_LENGTH,17,13,2,7.85,6.5,8.5,Oman
530773,Pawan Negi,spin bowler,Left Off Spin,DOWN_LEG,GOOD_LENGTH,21,13,1,9.69,13.0,21.0,India
492762,Utkarsh Jain,spin bowler,Left Off Spin,OUTSIDE_OFFSTUMP,GOOD_LENGTH,14,13,1,6.46,13.0,14.0,
550137,Abu Hider,pace bowler,Left Fast,DOWN_LEG,GOOD_LENGTH,20,13,1,9.23,13.0,20.0,Bangladesh
272262,Kane Richardson,pace bowler,Right Fast,WIDE_OUTSIDE_OFFSTUMP,FULL_TOSS,24,13,1,11.08,13.0,24.0,Australia
1124283,Aaron Hardie,pace bowler,Right Fast,ON_THE_STUMPS,SHORT,27,13,1,12.46,13.0,27.0,Australia
723207,Lakshay Garg,pace bowler,Right Medium,ON_THE_STUMPS,FULL,24,13,3,11.08,4.33,8.0,India
489889,Pat Cummins,pace bowler,Right Fast,WIDE_OUTSIDE_OFFSTUMP,YORKER,19,13,1,8.77,13.0,19.0,Australia
959827,Jason Sangha,spin bowler,Right Wrist Spin,ON_THE_STUMPS,GOOD_LENGTH,20,13,1,9.23,13.0,20.0,Australia
973815,Tsepo Ndwandwa,spin bowler,Left Off Spin,OUTSIDE_OFFSTUMP,GOOD_LENGTH,15,13,1,6.92,13.0,15.0,South Africa
865833,Zak Chappell,pace bowler,Right Fast,ON_THE_STUMPS,GOOD_LENGTH,16,13,2,7.38,6.5,8.0,England
629080,Binura Fernando,pace bowler,Left Fast,ON_THE_STUMPS,YORKER,8,13,2,3.69,6.5,4.0,Sri Lanka
272385,Josh Lalor,pace bowler,Left Fast,WIDE_OUTSIDE_OFFSTUMP,SHORT_OF_A_GOOD_LENGTH,16,13,1,7.38,13.0,16.0,Australia
955235,Nuwan Thushara,pace bowler,Right Fast,DOWN_LEG,FULL,41,13,1,18.92,13.0,41.0,Sri Lanka
942645,Khaleel Ahmed,pace bowler,Left Medium,OUTSIDE_OFFSTUMP,YORKER,14,13,1,6.46,13.0,14.0,India
556684,Mir Hamza,pace bowler,Left Medium,DOWN_LEG,SHORT_OF_A_GOOD_LENGTH,27,13,1,12.46,13.0,27.0,Pakistan
511532,Al-Amin Hossain,pace bowler,Right Fast,ON_THE_STUMPS,FULL_TOSS,24,13,2,11.08,6.5,12.0,Bangladesh
1070196,Yash Thakur,pace bowler,Right Medium,ON_THE_STUMPS,GOOD_LENGTH,6,13,2,2.77,6.5,3.0,India
1284540,Ishtiaq Ahmad,pace bowler,Right Fast,ON_THE_STUMPS,GOOD_LENGTH,11,13,1,5.08,13.0,11.0,Saudi Arabia
700167,Navdeep Saini,pace bowler,Right Fast,ON_THE_STUMPS,YORKER,7,13,2,3.23,6.5,3.5,India
446548,Scott Boland,pace bowler,Right Fast,DOWN_LEG,FULL,16,13,2,7.38,6.5,8.0,Australia
959769,Ben Sears,pace bowler,Right Fast,DOWN_LEG,GOOD_LENGTH,20,13,1,9.23,13.0,20.0,New Zealand
380974,Sunzamul Islam,spin bowler,Left Off Spin,OUTSIDE_OFFSTUMP,SHORT_OF_A_GOOD_LENGTH,19,13,1,8.77,13.0,19.0,Bangladesh
605681,Evan Jones,pace bowler,Right Fast,OUTSIDE_OFFSTUMP,SHORT,45,13,1,20.77,13.0,45.0,South Africa
723207,Lakshay Garg,pace bowler,Right Medium,OUTSIDE_OFFSTUMP,GOOD_LENGTH,24,13,2,11.08,6.5,12.0,India
311158,Ben Stokes,pace bowler,Right Fast,DOWN_LEG,SHORT,29,13,1,13.38,13.0,29.0,England
1294446,Jaden Carmichael,spin bowler,Left Off Spin,ON_THE_STUMPS,GOOD_LENGTH,22,13,1,10.15,13.0,22.0,West Indies
1263691,Rehan Ahmed,spin bowler,Right Wrist Spin,WIDE_OUTSIDE_OFFSTUMP,SHORT_OF_A_GOOD_LENGTH,12,13,1,5.54,13.0,12.0,England
43524,Umar Gul,pace bowler,Right Fast,OUTSIDE_OFFSTUMP,GOOD_LENGTH,12,13,2,5.54,6.5,6.0,Pakistan
24599,Boyd Rankin,pace bowler,Right Fast,OUTSIDE_OFFSTUMP,SHORT,25,13,1,11.54,13.0,25.0,Ireland
595921,Curtis Campher,pace bowler,Right Fast,DOWN_LEG,SHORT_OF_A_GOOD_LENGTH,24,13,1,11.08,13.0,24.0,Ireland
315623,Ben Laughlin,pace bowler,Right Fast,DOWN_LEG,SHORT,18,13,1,8.31,13.0,18.0,Australia
41434,Mohammad Hafeez,spin bowler,Right Off Spin,ON_THE_STUMPS,FULL_TOSS,13,13,1,6.0,13.0,13.0,Pakistan
55354,Chamu Chibhabha,pace bowler,Right Medium,OUTSIDE_OFFSTUMP,SHORT_OF_A_GOOD_LENGTH,13,13,1,6.0,13.0,13.0,Zimbabwe
272465,James Pattinson,pace bowler,Right Fast,DOWN_LEG,SHORT,7,13,2,3.23,6.5,3.5,Australia
926629,Hasan Mahmud,pace bowler,Right Medium,ON_THE_STUMPS,YORKER,7,13,2,3.23,6.5,3.5,Bangladesh
1131647,Ashmead Nedd,spin bowler,Left Off Spin,OUTSIDE_OFFSTUMP,FULL,22,13,1,10.15,13.0,22.0,West Indies
288285,Clive Rose,spin bowler,Left Off Spin,ON_THE_STUMPS,FULL_TOSS,19,13,1,8.77,13.0,19.0,Australia
1209110,Basil Hameed,spin bowler,Right Off Spin,DOWN_LEG,GOOD_LENGTH,12,13,2,5.54,6.5,6.0,United Arab Emirates
1246442,Yuvraj Singh,pace bowler,Right Fast,ON_THE_STUMPS,GOOD_LENGTH,8,13,4,3.69,3.25,2.0,India
498591,Travis Muller,pace bowler,Right Fast,ON_THE_STUMPS,FULL,27,13,1,12.46,13.0,27.0,South Africa
550137,Abu Hider,pace bowler,Left Fast,ON_THE_STUMPS,SHORT,36,13,1,16.62,13.0,36.0,Bangladesh
806241,Richard Ngarava,pace bowler,Left Fast,DOWN_LEG,FULL,36,13,2,16.62,6.5,18.0,Zimbabwe
355269,James Neesham,pace bowler,Right Fast,DOWN_LEG,SHORT,27,13,1,12.46,13.0,27.0,New Zealand
498440,Ronsford Beaton,pace bowler,Right Fast,OUTSIDE_OFFSTUMP,SHORT,21,13,1,9.69,13.0,21.0,West Indies
49764,Angelo Mathews,pace bowler,Right Medium,DOWN_LEG,SHORT_OF_A_GOOD_LENGTH,27,13,1,12.46,13.0,27.0,Sri Lanka
625960,Kyle Jamieson,pace bowler,Right Fast,ON_THE_STUMPS,SHORT,39,13,2,18.0,6.5,19.5,New Zealand
56167,Ziaur Rahman,pace bowler,Right Fast,ON_THE_STUMPS,SHORT_OF_A_GOOD_LENGTH,18,13,2,8.31,6.5,9.0,Bangladesh
897549,Will Jacks,spin bowler,Right Off Spin,ON_THE_STUMPS,FULL,19,13,2,8.77,6.5,9.5,England
948513,Kgaudisa Molefe,spin bowler,Left Off Spin,ON_THE_STUMPS,FULL,9,13,1,4.15,13.0,9.0,South Africa
511532,Al-Amin Hossain,pace bowler,Right Fast,WIDE_OUTSIDE_OFFSTUMP,SHORT,32,13,1,14.77,13.0,32.0,Bangladesh
401540,Aizaz Khan,pace bowler,Right Fast,OUTSIDE_OFFSTUMP,SHORT,19,12,2,9.5,6.0,9.5,Hong Kong
926851,Mukesh Kumar,pace bowler,Right Medium,WIDE_OUTSIDE_OFFSTUMP,FULL_TOSS,34,12,1,17.0,12.0,34.0,India
1203669,Akif Javed,pace bowler,Left Fast,OUTSIDE_OFFSTUMP,SHORT,38,12,1,19.0,12.0,38.0,Pakistan
638912,Matthew Kelly,pace bowler,Right Fast,ON_THE_STUMPS,YORKER,5,12,7,2.5,1.71,0.71,Australia
543041,Mbulelo Budaza,pace bowler,Left Fast,OUTSIDE_OFFSTUMP,SHORT_OF_A_GOOD_LENGTH,23,12,1,11.5,12.0,23.0,South Africa
1176738,Shafiqullah Ghafari,spin bowler,Right Wrist Spin,ON_THE_STUMPS,FULL,6,12,1,3.0,12.0,6.0,Afghanistan
1410354,Muhammad Rohid,pace bowler,Left Fast,OUTSIDE_OFFSTUMP,GOOD_LENGTH,8,12,2,4.0,6.0,4.0,
330223,Bernard Scholtz,spin bowler,Left Off Spin,ON_THE_STUMPS,SHORT_OF_A_GOOD_LENGTH,16,12,1,8.0,12.0,16.0,Namibia
697279,Usman Shinwari,pace bowler,Left Fast,WIDE_OUTSIDE_OFFSTUMP,SHORT_OF_A_GOOD_LENGTH,9,12,4,4.5,3.0,2.25,Pakistan
330223,Bernard Scholtz,spin bowler,Left Off Spin,DOWN_LEG,GOOD_LENGTH,13,12,1,6.5,12.0,13.0,Namibia
1339046,Kamal Tripathi,spin bowler,Right Off Spin,ON_THE_STUMPS,GOOD_LENGTH,14,12,2,7.0,6.0,7.0,India
1175428,Anshul Kamboj,pace bowler,Right Medium,OUTSIDE_OFFSTUMP,SHORT_OF_A_GOOD_LENGTH,15,12,1,7.5,12.0,15.0,India
55395,Colin de Grandhomme,pace bowler,Right Fast,DOWN_LEG,FULL,22,12,1,11.0,12.0,22.0,New Zealand
1175426,Manav Suthar,spin bowler,Left Off Spin,ON_THE_STUMPS,FULL,17,12,1,8.5,12.0,17.0,India
948593,Mihlali Mpongwana,pace bowler,Right Fast,OUTSIDE_OFFSTUMP,GOOD_LENGTH,17,12,1,8.5,12.0,17.0,South Africa
341593,Devendra Bishoo,spin bowler,Right Wrist Spin,ON_THE_STUMPS,SHORT_OF_A_GOOD_LENGTH,22,12,1,11.0,12.0,22.0,West Indies
696401,Marco Jansen,pace bowler,Left Fast,ON_THE_STUMPS,YORKER,6,12,1,3.0,12.0,6.0,South Africa
343305,Bilawal Bhatti,pace bowler,Right Fast,OUTSIDE_OFFSTUMP,SHORT,18,12,2,9.0,6.0,9.0,Pakistan
55705,Tinashe Panyangara,pace bowler,Right Fast,OUTSIDE_OFFSTUMP,SHORT,12,12,3,6.0,4.0,4.0,Zimbabwe
1218226,Muhammad Faizan,pace bowler,Right Fast,OUTSIDE_OFFSTUMP,GOOD_LENGTH,26,12,1,13.0,12.0,26.0,Pakistan
43524,Umar Gul,pace bowler,Right Fast,OUTSIDE_OFFSTUMP,SHORT_OF_A_GOOD_LENGTH,11,12,1,5.5,12.0,11.0,Pakistan
1058987,Karthik Meiyappan,spin bowler,Right Wrist Spin,WIDE_OUTSIDE_OFFSTUMP,GOOD_LENGTH,20,12,1,10.0,12.0,20.0,United Arab Emirates
31820,Ashish Nehra,pace bowler,Left Fast,WIDE_OUTSIDE_OFFSTUMP,SHORT,22,12,1,11.0,12.0,22.0,India
1080812,Danru Ferns,pace bowler,Right Medium,ON_THE_STUMPS,FULL,20,12,1,10.0,12.0,20.0,New Zealand
1203754,Junaid Siddique,pace bowler,Right Fast,WIDE_OUTSIDE_OFFSTUMP,GOOD_LENGTH,11,12,1,5.5,12.0,11.0,United Arab Emirates
1175485,Abdul Samad,spin bowler,Right Wrist Spin,OUTSIDE_OFFSTUMP,FULL,38,12,1,19.0,12.0,38.0,India
1203754,Junaid Siddique,pace bowler,Right Fast,WIDE_OUTSIDE_OFFSTUMP,SHORT,29,12,2,14.5,6.0,14.5,United Arab Emirates
245490,Ahmed Raza,spin bowler,Left Off Spin,ON_THE_STUMPS,SHORT_OF_A_GOOD_LENGTH,11,12,1,5.5,12.0,11.0,United Arab Emirates
716733,Khushdil Shah,spin bowler,Left Off Spin,WIDE_OUTSIDE_OFFSTUMP,FULL,13,12,1,6.5,12.0,13.0,Pakistan
935995,Afif Hossain,spin bowler,Right Off Spin,ON_THE_STUMPS,SHORT_OF_A_GOOD_LENGTH,22,12,1,11.0,12.0,22.0,Bangladesh
333066,Johnson Charles,mixture/unknown,Mixed,OUTSIDE_OFFSTUMP,GOOD_LENGTH,11,12,2,5.5,6.0,5.5,West Indies
777815,Vijaykumar Vyshak,pace bowler,Right Medium,WIDE_OUTSIDE_OFFSTUMP,SHORT_OF_A_GOOD_LENGTH,22,12,1,11.0,12.0,22.0,India
1273854,Bharat Sharma,spin bowler,Right Off Spin,ON_THE_STUMPS,FULL,18,12,1,9.0,12.0,18.0,India
675945,Nahidul Islam,spin bowler,Right Off Spin,ON_THE_STUMPS,SHORT_OF_A_GOOD_LENGTH,13,12,1,6.5,12.0,13.0,Bangladesh
53191,Jerome Taylor,pace bowler,Right Fast,WIDE_OUTSIDE_OFFSTUMP,GOOD_LENGTH,14,12,1,7.0,12.0,14.0,West Indies
926851,Mukesh Kumar,pace bowler,Right Medium,WIDE_OUTSIDE_OFFSTUMP,YORKER,13,12,1,6.5,12.0,13.0,India
1079848,Shivam Mavi,pace bowler,Right Fast,WIDE_OUTSIDE_OFFSTUMP,GOOD_LENGTH,24,12,1,12.0,12.0,24.0,India
1152716,Javelle Glen,spin bowler,Right Wrist Spin,ON_THE_STUMPS,GOOD_LENGTH,8,12,2,4.0,6.0,4.0,West Indies
316363,Imran Khan,pace bowler,Right Fast,ON_THE_STUMPS,FULL,24,12,1,12.0,12.0,24.0,Pakistan
316363,Imran Khan,pace bowler,Right Fast,ON_THE_STUMPS,SHORT_OF_A_GOOD_LENGTH,15,12,1,7.5,12.0,15.0,Pakistan
1193549,Kristian Clarke,pace bowler,Right Medium,OUTSIDE_OFFSTUMP,FULL,17,12,1,8.5,12.0,17.0,New Zealand
422847,Harmeet Singh,spin bowler,Left Off Spin,ON_THE_STUMPS,FULL,9,12,1,4.5,12.0,9.0,
414966,Michael Leask,spin bowler,Right Off Spin,WIDE_OUTSIDE_OFFSTUMP,FULL,23,12,2,11.5,6.0,11.5,Scotland
1089962,Patrick Dooley,spin bowler,Left Wrist Spin,WIDE_OUTSIDE_OFFSTUMP,GOOD_LENGTH,21,12,1,10.5,12.0,21.0,Australia
777815,Vijaykumar Vyshak,pace bowler,Right Medium,ON_THE_STUMPS,FULL,23,12,2,11.5,6.0,11.5,India
629070,Mohammad Saifuddin,pace bowler,Right Fast,DOWN_LEG,SHORT_OF_A_GOOD_LENGTH,11,12,3,5.5,4.0,3.67,Bangladesh
51248,Sulieman Benn,spin bowler,Left Off Spin,OUTSIDE_OFFSTUMP,SHORT,26,12,1,13.0,12.0,26.0,West Indies
41324,Mohammad Sami,pace bowler,Right Fast,WIDE_OUTSIDE_OFFSTUMP,FULL,19,12,2,9.5,6.0,9.5,Pakistan
528067,Murugan Ashwin,spin bowler,Right Wrist Spin,WIDE_OUTSIDE_OFFSTUMP,GOOD_LENGTH,19,12,2,9.5,6.0,9.5,India
990039,Shoriful Islam,pace bowler,Left Fast,WIDE_OUTSIDE_OFFSTUMP,YORKER,9,12,1,4.5,12.0,9.0,Bangladesh
698317,Ruben Trumpelmann,pace bowler,Left Fast,WIDE_OUTSIDE_OFFSTUMP,FULL,19,12,1,9.5,12.0,19.0,Namibia
1039481,Gus Atkinson,pace bowler,Right Fast,OUTSIDE_OFFSTUMP,FULL,28,12,1,14.0,12.0,28.0,England
1193685,Todd Murphy,spin bowler,Right Off Spin,ON_THE_STUMPS,SHORT_OF_A_GOOD_LENGTH,6,12,1,3.0,12.0,6.0,Australia
820691,Odean Smith,pace bowler,Right Fast,ON_THE_STUMPS,YORKER,6,12,1,3.0,12.0,6.0,West Indies
414990,Jake Ball,pace bowler,Right Fast,WIDE_OUTSIDE_OFFSTUMP,FULL,18,12,2,9.0,6.0,9.0,England
535353,Ottniel Baartman,pace bowler,Right Fast,OUTSIDE_OFFSTUMP,SHORT,30,12,1,15.0,12.0,30.0,South Africa
314622,Krishmar Santokie,pace bowler,Left Medium,OUTSIDE_OFFSTUMP,YORKER,2,12,1,1.0,12.0,2.0,West Indies
49700,Jeevan Mendis,spin bowler,Right Wrist Spin,ON_THE_STUMPS,SHORT_OF_A_GOOD_LENGTH,13,12,2,6.5,6.0,6.5,Sri Lanka
414990,Jake Ball,pace bowler,Right Fast,ON_THE_STUMPS,SHORT,32,12,1,16.0,12.0,32.0,England
820691,Odean Smith,pace bowler,Right Fast,DOWN_LEG,GOOD_LENGTH,45,12,1,22.5,12.0,45.0,West Indies
49758,Lasith Malinga,pace bowler,Right Fast,DOWN_LEG,SHORT_OF_A_GOOD_LENGTH,16,12,1,8.0,12.0,16.0,Sri Lanka
32257,Timil Patel,spin bowler,Right Wrist Spin,ON_THE_STUMPS,GOOD_LENGTH,22,12,1,11.0,12.0,22.0,United States of America
1216134,Anikethreddy,spin bowler,Left Off Spin,OUTSIDE_OFFSTUMP,FULL,12,12,1,6.0,12.0,12.0,India
49758,Lasith Malinga,pace bowler,Right Fast,WIDE_OUTSIDE_OFFSTUMP,FULL_TOSS,19,12,1,9.5,12.0,19.0,Sri Lanka
792519,Dhananjaya Lakshan,pace bowler,Right Fast,WIDE_OUTSIDE_OFFSTUMP,GOOD_LENGTH,14,12,1,7.0,12.0,14.0,Sri Lanka
524255,Kabua Morea,pace bowler,Left Medium,ON_THE_STUMPS,GOOD_LENGTH,5,12,1,2.5,12.0,5.0,Papua New Guinea
40618,Imran Tahir,spin bowler,Right Wrist Spin,OUTSIDE_OFFSTUMP,SHORT,25,12,1,12.5,12.0,25.0,South Africa
969367,Yuvraj Chudasama,spin bowler,Right Wrist Spin,ON_THE_STUMPS,GOOD_LENGTH,11,12,1,5.5,12.0,11.0,India
524050,Sayed Shirzad,pace bowler,Left Medium,OUTSIDE_OFFSTUMP,GOOD_LENGTH,12,12,2,6.0,6.0,6.0,Afghanistan
1213488,Chopise Hopongkyu,pace bowler,Right Medium,ON_THE_STUMPS,GOOD_LENGTH,14,12,1,7.0,12.0,14.0,India
1185538,Mohammad Wasim,pace bowler,Right Fast,DOWN_LEG,SHORT,37,12,2,18.5,6.0,18.5,Pakistan
627627,Tom Rogers,pace bowler,Right Fast,ON_THE_STUMPS,SHORT,40,12,1,20.0,12.0,40.0,Australia
326625,Cameron Boyce,spin bowler,Right Wrist Spin,OUTSIDE_OFFSTUMP,FULL_TOSS,22,12,1,11.0,12.0,22.0,Australia
627627,Tom Rogers,pace bowler,Right Fast,DOWN_LEG,FULL,22,12,1,11.0,12.0,22.0,Australia
1058508,Abinash Bohara,pace bowler,Right Medium,ON_THE_STUMPS,GOOD_LENGTH,13,12,1,6.5,12.0,13.0,Nepal
777537,KC Cariappa,spin bowler,Right Wrist Spin,WIDE_OUTSIDE_OFFSTUMP,GOOD_LENGTH,29,12,2,14.5,6.0,14.5,India
625407,Chiranjit Paul,spin bowler,Left Off Spin,OUTSIDE_OFFSTUMP,GOOD_LENGTH,9,12,1,4.5,12.0,9.0,India
1058508,Abinash Bohara,pace bowler,Right Medium,OUTSIDE_OFFSTUMP,SHORT_OF_A_GOOD_LENGTH,16,12,2,8.0,6.0,8.0,Nepal
742489,Neil Brand,spin bowler,Left Off Spin,OUTSIDE_OFFSTUMP,FULL,23,12,1,11.5,12.0,23.0,South Africa
324358,Nuwan Pradeep,pace bowler,Right Fast,DOWN_LEG,GOOD_LENGTH,14,12,1,7.0,12.0,14.0,Sri Lanka
539548,Scott Kuggeleijn,pace bowler,Right Fast,DOWN_LEG,GOOD_LENGTH,23,12,1,11.5,12.0,23.0,New Zealand
1292563,Mayank Yadav,pace bowler,Right Fast,OUTSIDE_OFFSTUMP,GOOD_LENGTH,23,12,1,11.5,12.0,23.0,India
1104703,Fred Klaassen,pace bowler,Left Fast,OUTSIDE_OFFSTUMP,SHORT,22,12,2,11.0,6.0,11.0,England
32498,Yusuf Pathan,spin bowler,Right Off Spin,OUTSIDE_OFFSTUMP,FULL,21,12,1,10.5,12.0,21.0,India
670037,Ramaal Lewis,spin bowler,Right Off Spin,OUTSIDE_OFFSTUMP,FULL,17,12,1,8.5,12.0,17.0,West Indies
51784,Rayad Emrit,pace bowler,Right Fast,ON_THE_STUMPS,FULL_TOSS,33,12,1,16.5,12.0,33.0,West Indies
574178,Akila Dananjaya,spin bowler,Mixed,WIDE_OUTSIDE_OFFSTUMP,FULL,25,12,2,12.5,6.0,12.5,Sri Lanka
527299,Aniket Choudhary,pace bowler,Left Medium,DOWN_LEG,SHORT,12,12,1,6.0,12.0,12.0,India
822553,Tushar Deshpande,pace bowler,Right Medium,DOWN_LEG,SHORT,30,12,1,15.0,12.0,30.0,India
1108375,Varun Chakravarthy,spin bowler,Right Wrist Spin,DOWN_LEG,SHORT_OF_A_GOOD_LENGTH,16,12,1,8.0,12.0,16.0,India
527292,Baltej Singh,pace bowler,Right Medium,ON_THE_STUMPS,FULL,4,12,2,2.0,6.0,2.0,India
540316,Andile Phehlukwayo,pace bowler,Right Fast,ON_THE_STUMPS,FULL_TOSS,19,12,1,9.5,12.0,19.0,South Africa
407875,Craig Miles,pace bowler,Right Medium,OUTSIDE_OFFSTUMP,GOOD_LENGTH,27,12,1,13.5,12.0,27.0,England
265564,Wayne Parnell,pace bowler,Left Fast,WIDE_OUTSIDE_OFFSTUMP,GOOD_LENGTH,26,12,1,13.0,12.0,26.0,South Africa
265564,Wayne Parnell,pace bowler,Left Fast,WIDE_OUTSIDE_OFFSTUMP,SHORT,20,12,2,10.0,6.0,10.0,South Africa
1209270,Himanshu Rathod,spin bowler,Right Off Spin,OUTSIDE_OFFSTUMP,SHORT_OF_A_GOOD_LENGTH,20,12,1,10.0,12.0,20.0,Qatar
376324,Anureet Singh,pace bowler,Right Medium,DOWN_LEG,FULL,14,12,1,7.0,12.0,14.0,India
355269,James Neesham,pace bowler,Right Fast,ON_THE_STUMPS,YORKER,11,12,1,5.5,12.0,11.0,New Zealand
709675,James Bazley,pace bowler,Right Fast,ON_THE_STUMPS,SHORT,13,12,2,6.5,6.0,6.5,Australia
451782,James Fuller,pace bowler,Right Fast,ON_THE_STUMPS,YORKER,12,12,1,6.0,12.0,12.0,England
47850,Roelof van der Merwe,spin bowler,Left Off Spin,ON_THE_STUMPS,YORKER,6,12,1,3.0,12.0,6.0,Netherlands
440520,Bevan Small,pace bowler,Right Fast,OUTSIDE_OFFSTUMP,FULL,28,12,1,14.0,12.0,28.0,New Zealand
440520,Bevan Small,pace bowler,Right Fast,ON_THE_STUMPS,SHORT_OF_A_GOOD_LENGTH,13,12,1,6.5,12.0,13.0,New Zealand
926629,Hasan Mahmud,pace bowler,Right Fast,OUTSIDE_OFFSTUMP,FULL_TOSS,21,12,2,10.5,6.0,10.5,Bangladesh
1209272,Adnan Mirza,spin bowler,Left Off Spin,OUTSIDE_OFFSTUMP,FULL,16,12,2,8.0,6.0,8.0,Qatar
33335,Suresh Raina,spin bowler,Right Off Spin,DOWN_LEG,GOOD_LENGTH,23,12,1,11.5,12.0,23.0,India
32966,Piyush Chawla,spin bowler,Right Wrist Spin,WIDE_OUTSIDE_OFFSTUMP,SHORT_OF_A_GOOD_LENGTH,16,12,1,8.0,12.0,16.0,India
1071484,Brian Bennett,spin bowler,Right Off Spin,OUTSIDE_OFFSTUMP,GOOD_LENGTH,12,12,1,6.0,12.0,12.0,Zimbabwe
1168641,Harpreet Brar,spin bowler,Left Off Spin,DOWN_LEG,FULL,18,12,3,9.0,4.0,6.0,India
643885,Saqib Mahmood,pace bowler,Right Fast,WIDE_OUTSIDE_OFFSTUMP,FULL,22,12,2,11.0,6.0,11.0,England
1287041,Rinsangzela Hmamte,spin bowler,Left Off Spin,OUTSIDE_OFFSTUMP,GOOD_LENGTH,12,12,1,6.0,12.0,12.0,India
351588,Mark Wood,pace bowler,Right Fast,DOWN_LEG,FULL,24,12,1,12.0,12.0,24.0,England
1210488,Cooper Connolly,spin bowler,Left Off Spin,OUTSIDE_OFFSTUMP,SHORT_OF_A_GOOD_LENGTH,9,12,2,4.5,6.0,4.5,Australia
959771,Nathan Smith,pace bowler,Right Fast,OUTSIDE_OFFSTUMP,SHORT,8,12,1,4.0,12.0,8.0,New Zealand
1167779,Ayush Shukla,pace bowler,Right Medium,OUTSIDE_OFFSTUMP,SHORT,10,12,3,5.0,4.0,3.33,Hong Kong
1070194,Shiva Singh,spin bowler,Left Off Spin,ON_THE_STUMPS,GOOD_LENGTH,16,12,2,8.0,6.0,8.0,India
56167,Ziaur Rahman,pace bowler,Right Fast,OUTSIDE_OFFSTUMP,SHORT,30,12,1,15.0,12.0,30.0,Bangladesh
722303,Matt Renshaw,spin bowler,Right Off Spin,DOWN_LEG,FULL,13,12,1,6.5,12.0,13.0,Australia
277955,Dhawal Kulkarni,pace bowler,Right Medium,WIDE_OUTSIDE_OFFSTUMP,SHORT,27,12,1,13.5,12.0,27.0,India
1076722,Will Sutherland,pace bowler,Right Fast,ON_THE_STUMPS,YORKER,11,12,2,5.5,6.0,5.5,Australia
43590,Wahab Riaz,pace bowler,Left Fast,WIDE_OUTSIDE_OFFSTUMP,SHORT,20,12,2,10.0,6.0,10.0,Pakistan
450101,Raymon Reifer,pace bowler,Left Fast,WIDE_OUTSIDE_OFFSTUMP,GOOD_LENGTH,20,12,2,10.0,6.0,10.0,West Indies
56268,Arafat Sunny,spin bowler,Left Off Spin,DOWN_LEG,FULL,15,12,1,7.5,12.0,15.0,Bangladesh
599385,Ian McPeake,pace bowler,Right Fast,OUTSIDE_OFFSTUMP,SHORT_OF_A_GOOD_LENGTH,15,12,1,7.5,12.0,15.0,New Zealand
596442,Delano Potgieter,pace bowler,Right Medium,OUTSIDE_OFFSTUMP,GOOD_LENGTH,15,12,1,7.5,12.0,15.0,South Africa
30732,Praveen Kumar,pace bowler,Right Medium,WIDE_OUTSIDE_OFFSTUMP,SHORT_OF_A_GOOD_LENGTH,20,12,1,10.0,12.0,20.0,India
926597,Aminul Islam,spin bowler,Right Wrist Spin,ON_THE_STUMPS,FULL,16,12,2,8.0,6.0,8.0,Bangladesh
1339027,Rajan Kumar,pace bowler,Left Fast,ON_THE_STUMPS,GOOD_LENGTH,4,12,1,2.0,12.0,4.0,India
46538,Morne Morkel,pace bowler,Right Fast,DOWN_LEG,SHORT,26,12,1,13.0,12.0,26.0,South Africa
594335,Kerwin Mungroo,pace bowler,Right Fast,OUTSIDE_OFFSTUMP,FULL,23,12,1,11.5,12.0,23.0,South Africa
1069820,Ben Shikongo,pace bowler,Right Fast,OUTSIDE_OFFSTUMP,SHORT_OF_A_GOOD_LENGTH,19,12,1,9.5,12.0,19.0,Namibia
35731,Vinay Kumar,pace bowler,Right Medium,WIDE_OUTSIDE_OFFSTUMP,FULL,18,12,2,9.0,6.0,9.0,India
1070154,Nimesh Vimukthi,spin bowler,Left Off Spin,OUTSIDE_OFFSTUMP,GOOD_LENGTH,6,12,1,3.0,12.0,6.0,Sri Lanka
707109,Sean Solia,pace bowler,Right Medium,OUTSIDE_OFFSTUMP,FULL,13,12,2,6.5,6.0,6.5,New Zealand
388678,Ben Dunk,spin bowler,Right Off Spin,OUTSIDE_OFFSTUMP,FULL,22,12,1,11.0,12.0,22.0,Australia
553800,Chris Tremain,pace bowler,Right Fast,OUTSIDE_OFFSTUMP,FULL_TOSS,16,12,1,8.0,12.0,16.0,Australia
931603,Brendan Doggett,pace bowler,Right Fast,WIDE_OUTSIDE_OFFSTUMP,GOOD_LENGTH,15,12,2,7.5,6.0,7.5,Australia
1246528,Umran Malik,pace bowler,Right Fast,ON_THE_STUMPS,YORKER,5,12,3,2.5,4.0,1.67,India
594566,Kanwar Abhinay,pace bowler,Right Fast,ON_THE_STUMPS,GOOD_LENGTH,8,12,1,4.0,12.0,8.0,India
470777,Gavin Main,pace bowler,Right Fast,ON_THE_STUMPS,GOOD_LENGTH,14,12,2,7.0,6.0,7.0,Scotland
437438,Prenelan Subrayen,spin bowler,Right Off Spin,WIDE_OUTSIDE_OFFSTUMP,GOOD_LENGTH,8,12,3,4.0,4.0,2.67,South Africa
646181,Nosaina Pokana,pace bowler,Left Fast,OUTSIDE_OFFSTUMP,SHORT_OF_A_GOOD_LENGTH,16,12,2,8.0,6.0,8.0,Papua New Guinea
932355,Ebadot Hossain,pace bowler,Right Fast,DOWN_LEG,SHORT_OF_A_GOOD_LENGTH,15,12,1,7.5,12.0,15.0,Bangladesh
1163855,Hayden Kerr,pace bowler,Left Fast,DOWN_LEG,SHORT,34,12,1,17.0,12.0,34.0,Australia
26907,Rajat Bhatia,pace bowler,Right Fast,WIDE_OUTSIDE_OFFSTUMP,GOOD_LENGTH,14,12,1,7.0,12.0,14.0,India
554068,Amjad Mahboob,pace bowler,Right Medium,ON_THE_STUMPS,GOOD_LENGTH,14,12,1,7.0,12.0,14.0,Singapore
596456,Ainsley Ndlovu,spin bowler,Left Off Spin,OUTSIDE_OFFSTUMP,SHORT_OF_A_GOOD_LENGTH,26,12,2,13.0,6.0,13.0,Zimbabwe
46942,Aaron Phangiso,spin bowler,Left Off Spin,WIDE_OUTSIDE_OFFSTUMP,GOOD_LENGTH,13,12,1,6.5,12.0,13.0,South Africa
47492,Dale Steyn,pace bowler,Right Fast,DOWN_LEG,GOOD_LENGTH,13,12,1,6.5,12.0,13.0,South Africa
27223,Stuart Binny,pace bowler,Right Medium,ON_THE_STUMPS,FULL,22,12,1,11.0,12.0,22.0,India
18632,Samit Patel,spin bowler,Left Off Spin,ON_THE_STUMPS,FULL_TOSS,23,12,1,11.5,12.0,23.0,England
787073,Chris Green,spin bowler,Right Off Spin,ON_THE_STUMPS,SHORT,31,12,1,15.5,12.0,31.0,Australia
447439,Ishwar Pandey,pace bowler,Right Medium,WIDE_OUTSIDE_OFFSTUMP,SHORT_OF_A_GOOD_LENGTH,15,12,1,7.5,12.0,15.0,India
288284,Josh Hazlewood,pace bowler,Right Fast,ON_THE_STUMPS,YORKER,8,12,3,4.0,4.0,2.67,Australia
1300581,Anirudh Singh,spin bowler,Right Off Spin,OUTSIDE_OFFSTUMP,GOOD_LENGTH,10,12,2,5.0,6.0,5.0,India
852317,KV Sasikanth,pace bowler,Right Medium,OUTSIDE_OFFSTUMP,SHORT_OF_A_GOOD_LENGTH,22,12,1,11.0,12.0,22.0,India
1135340,Mukhtar Hussain,pace bowler,Right Medium,ON_THE_STUMPS,FULL,22,12,2,11.0,6.0,11.0,India
232364,Tim Southee,pace bowler,Right Fast,WIDE_OUTSIDE_OFFSTUMP,SHORT,22,12,1,11.0,12.0,22.0,New Zealand
230371,Ben Cutting,pace bowler,Right Fast,DOWN_LEG,FULL_TOSS,25,12,1,12.5,12.0,25.0,Australia
1206039,Akash Madhwal,pace bowler,Right Fast,WIDE_OUTSIDE_OFFSTUMP,FULL,39,12,1,19.5,12.0,39.0,India
1125317,Lance Morris,pace bowler,Right Fast,ON_THE_STUMPS,SHORT,28,12,3,14.0,4.0,9.33,Australia
1241271,Muhammad Farooq,spin bowler,Right Wrist Spin,ON_THE_STUMPS,SHORT_OF_A_GOOD_LENGTH,33,12,1,16.5,12.0,33.0,
751151,Hamza Tahir,spin bowler,Left Off Spin,OUTSIDE_OFFSTUMP,SHORT_OF_A_GOOD_LENGTH,9,12,1,4.5,12.0,9.0,Scotland
1206110,Kevin Sinclair,spin bowler,Right Off Spin,WIDE_OUTSIDE_OFFSTUMP,GOOD_LENGTH,17,12,2,8.5,6.0,8.5,West Indies
1076852,Liam Bowe,spin bowler,Left Wrist Spin,OUTSIDE_OFFSTUMP,FULL,29,12,1,14.5,12.0,29.0,Australia
443263,Hayden Walsh,spin bowler,Right Wrist Spin,OUTSIDE_OFFSTUMP,SHORT,29,12,1,14.5,12.0,29.0,West Indies
781705,Salman Irshad,pace bowler,Right Fast,WIDE_OUTSIDE_OFFSTUMP,FULL,18,12,1,9.0,12.0,18.0,Pakistan
852317,KV Sasikanth,pace bowler,Right Medium,ON_THE_STUMPS,GOOD_LENGTH,8,12,1,4.0,12.0,8.0,India
1159711,Shahbaz Ahmed,spin bowler,Left Off Spin,DOWN_LEG,FULL,26,12,3,13.0,4.0,8.67,India
482478,Jan Frylinck,pace bowler,Left Fast,OUTSIDE_OFFSTUMP,SHORT,14,12,2,7.0,6.0,7.0,Namibia
379927,Beuran Hendricks,pace bowler,Left Fast,DOWN_LEG,GOOD_LENGTH,23,12,1,11.5,12.0,23.0,South Africa
481979,Anrich Nortje,pace bowler,Right Fast,WIDE_OUTSIDE_OFFSTUMP,SHORT_OF_A_GOOD_LENGTH,15,12,4,7.5,3.0,3.75,South Africa
232491,Anwar Ali,pace bowler,Right Fast,ON_THE_STUMPS,FULL_TOSS,18,12,2,9.0,6.0,9.0,Pakistan
1209197,Ramon Simmonds,pace bowler,Left Fast,ON_THE_STUMPS,SHORT_OF_A_GOOD_LENGTH,20,12,1,10.0,12.0,20.0,West Indies
594235,Tshepo Moreki,pace bowler,Right Fast,ON_THE_STUMPS,SHORT_OF_A_GOOD_LENGTH,14,12,1,7.0,12.0,14.0,South Africa
959769,Ben Sears,pace bowler,Right Fast,DOWN_LEG,SHORT_OF_A_GOOD_LENGTH,20,12,1,10.0,12.0,20.0,New Zealand
1241280,Nilansh Keswani,spin bowler,Left Off Spin,OUTSIDE_OFFSTUMP,GOOD_LENGTH,15,12,1,7.5,12.0,15.0,United Arab Emirates
946367,Michael Copeland,spin bowler,Right Off Spin,OUTSIDE_OFFSTUMP,GOOD_LENGTH,11,12,1,5.5,12.0,11.0,South Africa
670013,Fabian Allen,spin bowler,Left Off Spin,OUTSIDE_OFFSTUMP,SHORT,47,12,1,23.5,12.0,47.0,West Indies
45204,Robbie Frylinck,pace bowler,Right Medium,OUTSIDE_OFFSTUMP,SHORT,25,12,2,12.5,6.0,12.5,South Africa
679567,Ben Dwarshuis,pace bowler,Left Fast,WIDE_OUTSIDE_OFFSTUMP,SHORT_OF_A_GOOD_LENGTH,18,12,1,9.0,12.0,18.0,Australia
781705,Salman Irshad,pace bowler,Right Fast,DOWN_LEG,GOOD_LENGTH,27,12,1,13.5,12.0,27.0,Pakistan
348154,Zafar Gohar,spin bowler,Left Off Spin,OUTSIDE_OFFSTUMP,SHORT_OF_A_GOOD_LENGTH,13,12,1,6.5,12.0,13.0,Pakistan
1125536,Ben Lister,pace bowler,Left Medium,OUTSIDE_OFFSTUMP,FULL,23,12,1,11.5,12.0,23.0,New Zealand
288617,Ross Whiteley,pace bowler,Left Medium,OUTSIDE_OFFSTUMP,SHORT_OF_A_GOOD_LENGTH,9,12,1,4.5,12.0,9.0,England
696127,Brad Evans,pace bowler,Right Fast,ON_THE_STUMPS,SHORT_OF_A_GOOD_LENGTH,15,12,1,7.5,12.0,15.0,Zimbabwe
956871,Prerak Mankad,pace bowler,Right Medium,OUTSIDE_OFFSTUMP,GOOD_LENGTH,10,12,1,5.0,12.0,10.0,India
381743,Daryl Mitchell,pace bowler,Right Medium,WIDE_OUTSIDE_OFFSTUMP,FULL,27,12,1,13.5,12.0,27.0,New Zealand
56025,Mahmudullah,spin bowler,Right Off Spin,WIDE_OUTSIDE_OFFSTUMP,FULL,15,12,2,7.5,6.0,7.5,Bangladesh
727399,Sachitha Jayatilake,spin bowler,Right Wrist Spin,OUTSIDE_OFFSTUMP,GOOD_LENGTH,7,12,1,3.5,12.0,7.0,Sri Lanka
1170265,Tilak Varma,spin bowler,Right Off Spin,ON_THE_STUMPS,FULL,15,12,1,7.5,12.0,15.0,India
221140,David Wiese,pace bowler,Right Fast,DOWN_LEG,FULL,20,11,2,10.91,5.5,10.0,Namibia
444135,Sohag Gazi,spin bowler,Right Off Spin,WIDE_OUTSIDE_OFFSTUMP,GOOD_LENGTH,13,11,1,7.09,11.0,13.0,Bangladesh
219885,Tom Cooper,spin bowler,Right Off Spin,DOWN_LEG,FULL,16,11,1,8.73,11.0,16.0,Netherlands
215152,Jackson Bird,pace bowler,Right Fast,ON_THE_STUMPS,SHORT,26,11,2,14.18,5.5,13.0,Australia
535393,Senuran Muthusamy,spin bowler,Left Off Spin,OUTSIDE_OFFSTUMP,SHORT_OF_A_GOOD_LENGTH,12,11,1,6.55,11.0,12.0,South Africa
1135340,Mukhtar Hussain,pace bowler,Right Medium,OUTSIDE_OFFSTUMP,SHORT_OF_A_GOOD_LENGTH,24,11,1,13.09,11.0,24.0,India
539548,Scott Kuggeleijn,pace bowler,Right Fast,ON_THE_STUMPS,FULL_TOSS,18,11,1,9.82,11.0,18.0,New Zealand
49619,Suranga Lakmal,pace bowler,Right Fast,WIDE_OUTSIDE_OFFSTUMP,GOOD_LENGTH,7,11,1,3.82,11.0,7.0,Sri Lanka
423838,Rahul Tewatia,spin bowler,Right Wrist Spin,ON_THE_STUMPS,SHORT,32,11,1,17.45,11.0,32.0,India
535353,Ottniel Baartman,pace bowler,Right Fast,WIDE_OUTSIDE_OFFSTUMP,SHORT_OF_A_GOOD_LENGTH,12,11,1,6.55,11.0,12.0,South Africa
423838,Rahul Tewatia,spin bowler,Right Wrist Spin,DOWN_LEG,FULL,19,11,1,10.36,11.0,19.0,India
46538,Morne Morkel,pace bowler,Right Fast,OUTSIDE_OFFSTUMP,FULL_TOSS,25,11,1,13.64,11.0,25.0,South Africa
926629,Hasan Mahmud,pace bowler,Right Medium,WIDE_OUTSIDE_OFFSTUMP,FULL,14,11,1,7.64,11.0,14.0,Bangladesh
1131754,Chetan Sakariya,pace bowler,Left Fast,ON_THE_STUMPS,SHORT,27,11,2,14.73,5.5,13.5,India
46942,Aaron Phangiso,spin bowler,Left Off Spin,WIDE_OUTSIDE_OFFSTUMP,FULL,22,11,2,12.0,5.5,11.0,South Africa
422847,Harmeet Singh,spin bowler,Left Off Spin,OUTSIDE_OFFSTUMP,FULL,14,11,1,7.64,11.0,14.0,
680045,Shubham Sharma,spin bowler,Right Off Spin,OUTSIDE_OFFSTUMP,GOOD_LENGTH,7,11,1,3.82,11.0,7.0,India
528067,Murugan Ashwin,spin bowler,Right Wrist Spin,OUTSIDE_OFFSTUMP,FULL_TOSS,16,11,1,8.73,11.0,16.0,India
422847,Harmeet Singh,spin bowler,Left Off Spin,ON_THE_STUMPS,GOOD_LENGTH,9,11,2,4.91,5.5,4.5,
1152716,Javelle Glen,spin bowler,Right Wrist Spin,OUTSIDE_OFFSTUMP,SHORT_OF_A_GOOD_LENGTH,9,11,1,4.91,11.0,9.0,West Indies
555853,Mark Steketee,pace bowler,Right Fast,ON_THE_STUMPS,FULL_TOSS,28,11,1,15.27,11.0,28.0,Australia
228430,Abu Nechim,pace bowler,Right Fast,OUTSIDE_OFFSTUMP,FULL,6,11,1,3.27,11.0,6.0,India
530773,Pawan Negi,spin bowler,Left Off Spin,OUTSIDE_OFFSTUMP,SHORT,27,11,1,14.73,11.0,27.0,India
417386,Cornelis Bodenstein,pace bowler,Left Fast,OUTSIDE_OFFSTUMP,GOOD_LENGTH,4,11,1,2.18,11.0,4.0,England
453289,Neville Madziva,pace bowler,Right Fast,ON_THE_STUMPS,FULL,10,11,2,5.45,5.5,5.0,Zimbabwe
962831,Henry Shipley,pace bowler,Right Fast,OUTSIDE_OFFSTUMP,FULL,10,11,1,5.45,11.0,10.0,New Zealand
1094085,David Delany,pace bowler,Right Fast,ON_THE_STUMPS,GOOD_LENGTH,6,11,1,3.27,11.0,6.0,Ireland
533862,Mohammad Naveed,pace bowler,Right Medium,OUTSIDE_OFFSTUMP,FULL,5,11,1,2.73,11.0,5.0,United Arab Emirates
697279,Usman Shinwari,pace bowler,Left Fast,ON_THE_STUMPS,YORKER,9,11,1,4.91,11.0,9.0,Pakistan
956023,Mrinmoy Dutta,pace bowler,Left Fast,ON_THE_STUMPS,GOOD_LENGTH,15,11,1,8.18,11.0,15.0,India
547756,Brett Hampton,pace bowler,Right Fast,OUTSIDE_OFFSTUMP,SHORT_OF_A_GOOD_LENGTH,18,11,1,9.82,11.0,18.0,New Zealand
568136,Fareed Ahmad,pace bowler,Left Fast,ON_THE_STUMPS,FULL,12,11,2,6.55,5.5,6.0,Afghanistan
1387900,Uday Bhagwan,pace bowler,Right Fast,WIDE_OUTSIDE_OFFSTUMP,FULL,32,11,1,17.45,11.0,32.0,
926851,Mukesh Kumar,pace bowler,Right Medium,WIDE_OUTSIDE_OFFSTUMP,SHORT_OF_A_GOOD_LENGTH,22,11,1,12.0,11.0,22.0,India
56125,Shohidul Islam,pace bowler,Right Medium,DOWN_LEG,GOOD_LENGTH,22,11,2,12.0,5.5,11.0,Bangladesh
926851,Mukesh Kumar,pace bowler,Right Medium,WIDE_OUTSIDE_OFFSTUMP,GOOD_LENGTH,18,11,1,9.82,11.0,18.0,India
878465,Mehedi Hasan Rana,pace bowler,Left Fast,ON_THE_STUMPS,SHORT,26,11,1,14.18,11.0,26.0,Bangladesh
233802,Ashan Priyanjan,spin bowler,Right Off Spin,OUTSIDE_OFFSTUMP,FULL,14,11,1,7.64,11.0,14.0,Sri Lanka
233802,Ashan Priyanjan,spin bowler,Right Off Spin,ON_THE_STUMPS,SHORT_OF_A_GOOD_LENGTH,23,11,1,12.55,11.0,23.0,Sri Lanka
56143,Shakib Al Hasan,spin bowler,Left Off Spin,WIDE_OUTSIDE_OFFSTUMP,SHORT,28,11,1,15.27,11.0,28.0,Bangladesh
53118,Dwayne Smith,pace bowler,Right Medium,DOWN_LEG,SHORT_OF_A_GOOD_LENGTH,8,11,1,4.36,11.0,8.0,West Indies
31107,Amit Mishra,spin bowler,Right Wrist Spin,WIDE_OUTSIDE_OFFSTUMP,SHORT_OF_A_GOOD_LENGTH,18,11,2,9.82,5.5,9.0,India
1123377,Ibtisam Sheikh,spin bowler,Right Wrist Spin,ON_THE_STUMPS,FULL,15,11,1,8.18,11.0,15.0,Pakistan
1123787,Robiul Haque,pace bowler,Right Fast,WIDE_OUTSIDE_OFFSTUMP,GOOD_LENGTH,12,11,1,6.55,11.0,12.0,Bangladesh
497121,Deepak Hooda,spin bowler,Right Off Spin,WIDE_OUTSIDE_OFFSTUMP,FULL,22,11,1,12.0,11.0,22.0,India
498440,Ronsford Beaton,pace bowler,Right Fast,ON_THE_STUMPS,YORKER,10,11,1,5.45,11.0,10.0,West Indies
570854,Jack Wildermuth,pace bowler,Right Fast,ON_THE_STUMPS,SHORT,23,11,1,12.55,11.0,23.0,Australia
779937,David Moody,pace bowler,Right Fast,ON_THE_STUMPS,SHORT_OF_A_GOOD_LENGTH,24,11,1,13.09,11.0,24.0,Australia
56007,Mashrafe Mortaza,pace bowler,Right Fast,DOWN_LEG,SHORT,27,11,1,14.73,11.0,27.0,Bangladesh
1079470,Ramandeep Singh,pace bowler,Right Medium,ON_THE_STUMPS,FULL,21,11,1,11.45,11.0,21.0,India
488620,Tladi Bokako,pace bowler,Right Fast,OUTSIDE_OFFSTUMP,GOOD_LENGTH,10,11,1,5.45,11.0,10.0,South Africa
1365333,Parveen Kumar,spin bowler,Left Wrist Spin,OUTSIDE_OFFSTUMP,GOOD_LENGTH,22,11,1,12.0,11.0,22.0,
498440,Ronsford Beaton,pace bowler,Right Fast,WIDE_OUTSIDE_OFFSTUMP,GOOD_LENGTH,23,11,1,12.55,11.0,23.0,West Indies
506612,Matt Henry,pace bowler,Right Fast,OUTSIDE_OFFSTUMP,FULL_TOSS,30,11,2,16.36,5.5,15.0,New Zealand
524255,Kabua Morea,pace bowler,Left Medium,ON_THE_STUMPS,FULL,15,11,2,8.18,5.5,7.5,Papua New Guinea
524845,Peter Chase,pace bowler,Right Fast,ON_THE_STUMPS,FULL,26,11,1,14.18,11.0,26.0,Ireland
27223,Stuart Binny,pace bowler,Right Medium,DOWN_LEG,GOOD_LENGTH,18,11,1,9.82,11.0,18.0,India
922943,Shadab Khan,spin bowler,Right Wrist Spin,ON_THE_STUMPS,YORKER,10,11,2,5.45,5.5,5.0,Pakistan
1344844,Usman Najeeb,pace bowler,Right Medium,ON_THE_STUMPS,FULL,13,11,3,7.09,3.67,4.33,Saudi Arabia
973799,Janak Prakash,pace bowler,Right Medium,ON_THE_STUMPS,FULL,18,11,2,9.82,5.5,9.0,Singapore
1125960,Tanush Kotian,spin bowler,Right Off Spin,ON_THE_STUMPS,GOOD_LENGTH,11,11,1,6.0,11.0,11.0,India
438563,Mark Chapman,spin bowler,Left Off Spin,ON_THE_STUMPS,SHORT_OF_A_GOOD_LENGTH,16,11,1,8.73,11.0,16.0,New Zealand
527292,Baltej Singh,pace bowler,Right Medium,ON_THE_STUMPS,SHORT_OF_A_GOOD_LENGTH,20,11,1,10.91,11.0,20.0,India
461632,Reece Topley,pace bowler,Left Fast,ON_THE_STUMPS,YORKER,14,11,2,7.64,5.5,7.0,England
884527,Raja Farzan,spin bowler,Right Wrist Spin,OUTSIDE_OFFSTUMP,GOOD_LENGTH,9,11,1,4.91,11.0,9.0,Pakistan
540316,Andile Phehlukwayo,pace bowler,Right Fast,OUTSIDE_OFFSTUMP,FULL_TOSS,24,11,1,13.09,11.0,24.0,South Africa
1278252,Shariz Ahmad,spin bowler,Right Wrist Spin,OUTSIDE_OFFSTUMP,FULL,18,11,1,9.82,11.0,18.0,Netherlands
52334,Imran Khan,spin bowler,Right Wrist Spin,DOWN_LEG,SHORT_OF_A_GOOD_LENGTH,20,11,1,10.91,11.0,20.0,West Indies
437438,Prenelan Subrayen,spin bowler,Right Off Spin,WIDE_OUTSIDE_OFFSTUMP,FULL,7,11,1,3.82,11.0,7.0,South Africa
475281,Shardul Thakur,pace bowler,Right Medium,DOWN_LEG,FULL,21,11,3,11.45,3.67,7.0,India
1410354,Muhammad Rohid,pace bowler,Left Fast,OUTSIDE_OFFSTUMP,FULL,26,11,1,14.18,11.0,26.0,
1081442,Mayank Markande,spin bowler,Right Wrist Spin,WIDE_OUTSIDE_OFFSTUMP,GOOD_LENGTH,20,11,2,10.91,5.5,10.0,India
471342,Krunal Pandya,spin bowler,Left Off Spin,ON_THE_STUMPS,YORKER,6,11,1,3.27,11.0,6.0,India
541224,Luke Jongwe,pace bowler,Right Fast,WIDE_OUTSIDE_OFFSTUMP,SHORT_OF_A_GOOD_LENGTH,22,11,1,12.0,11.0,22.0,Zimbabwe
1125687,Rajjakuddin Ahmed,pace bowler,Right Medium,OUTSIDE_OFFSTUMP,FULL,17,11,1,9.27,11.0,17.0,India
784373,Kamindu Mendis,spin bowler,Mixed,ON_THE_STUMPS,SHORT_OF_A_GOOD_LENGTH,15,11,1,8.18,11.0,15.0,Sri Lanka
1397988,Bipin Kumar,pace bowler,Right Medium,OUTSIDE_OFFSTUMP,GOOD_LENGTH,17,11,1,9.27,11.0,17.0,Qatar
777537,KC Cariappa,spin bowler,Right Wrist Spin,DOWN_LEG,FULL,23,11,1,12.55,11.0,23.0,India
52912,Ravi Rampaul,pace bowler,Right Fast,DOWN_LEG,SHORT_OF_A_GOOD_LENGTH,12,11,1,6.55,11.0,12.0,West Indies
594566,Kanwar Abhinay,pace bowler,Right Fast,ON_THE_STUMPS,SHORT_OF_A_GOOD_LENGTH,11,11,1,6.0,11.0,11.0,India
385065,Asif Afridi,spin bowler,Left Off Spin,OUTSIDE_OFFSTUMP,SHORT_OF_A_GOOD_LENGTH,9,11,1,4.91,11.0,9.0,Pakistan
33870,Rajagopal Sathish,pace bowler,Right Medium,ON_THE_STUMPS,GOOD_LENGTH,22,11,1,12.0,11.0,22.0,India
244639,Harry Gurney,pace bowler,Left Fast,OUTSIDE_OFFSTUMP,SHORT,20,11,1,10.91,11.0,20.0,England
318339,Samiullah Shinwari,spin bowler,Right Wrist Spin,ON_THE_STUMPS,SHORT_OF_A_GOOD_LENGTH,18,11,1,9.82,11.0,18.0,Afghanistan
308251,David Willey,pace bowler,Left Fast,WIDE_OUTSIDE_OFFSTUMP,GOOD_LENGTH,21,11,1,11.45,11.0,21.0,England
277662,Corey Anderson,pace bowler,Left Fast,WIDE_OUTSIDE_OFFSTUMP,SHORT_OF_A_GOOD_LENGTH,9,11,1,4.91,11.0,9.0,United States of America
362201,Lewis Gregory,pace bowler,Right Fast,ON_THE_STUMPS,FULL_TOSS,21,11,1,11.45,11.0,21.0,England
290462,Solomon Mire,pace bowler,Right Fast,OUTSIDE_OFFSTUMP,FULL,14,11,1,7.64,11.0,14.0,Zimbabwe
931603,Brendan Doggett,pace bowler,Right Fast,ON_THE_STUMPS,YORKER,3,11,3,1.64,3.67,1.0,Australia
300618,Nasir Hossain,spin bowler,Right Off Spin,WIDE_OUTSIDE_OFFSTUMP,FULL,22,11,3,12.0,3.67,7.33,Bangladesh
595978,Tristan Stubbs,spin bowler,Right Off Spin,OUTSIDE_OFFSTUMP,FULL,7,11,3,3.82,3.67,2.33,South Africa
591650,Ankit Rajpoot,pace bowler,Right Medium,WIDE_OUTSIDE_OFFSTUMP,GOOD_LENGTH,13,11,1,7.09,11.0,13.0,India
819429,Azmatullah Omarzai,pace bowler,Right Fast,ON_THE_STUMPS,FULL_TOSS,19,11,4,10.36,2.75,4.75,Afghanistan
10582,Ravi Bopara,pace bowler,Right Medium,OUTSIDE_OFFSTUMP,FULL_TOSS,11,11,1,6.0,11.0,11.0,England
595954,Duan Jansen,pace bowler,Left Fast,DOWN_LEG,SHORT_OF_A_GOOD_LENGTH,9,11,1,4.91,11.0,9.0,South Africa
360911,Varun Aaron,pace bowler,Right Fast,DOWN_LEG,SHORT,35,11,1,19.09,11.0,35.0,India
381329,Beau Webster,mixture/unknown,Mixed,WIDE_OUTSIDE_OFFSTUMP,GOOD_LENGTH,5,11,1,2.73,11.0,5.0,Australia
327947,Dane Paterson,pace bowler,Right Fast,OUTSIDE_OFFSTUMP,SHORT,17,11,1,9.27,11.0,17.0,South Africa
793467,Karim Janat,pace bowler,Right Medium,DOWN_LEG,FULL,16,11,1,8.73,11.0,16.0,Afghanistan
1160970,Haider Ali,spin bowler,Left Off Spin,ON_THE_STUMPS,SHORT_OF_A_GOOD_LENGTH,13,11,1,7.09,11.0,13.0,
820689,Shamar Springer,pace bowler,Right Fast,OUTSIDE_OFFSTUMP,FULL_TOSS,23,11,1,12.55,11.0,23.0,West Indies
1332783,Arafat Minhas,spin bowler,Left Off Spin,OUTSIDE_OFFSTUMP,FULL,16,11,2,8.73,5.5,8.0,Pakistan
1163855,Hayden Kerr,pace bowler,Left Fast,OUTSIDE_OFFSTUMP,SHORT,41,11,1,22.36,11.0,41.0,Australia
1339113,Aftab Ibrahim,pace bowler,Right Fast,OUTSIDE_OFFSTUMP,FULL,18,11,1,9.82,11.0,18.0,Pakistan
662973,Sam Curran,pace bowler,Left Fast,DOWN_LEG,FULL_TOSS,33,11,1,18.0,11.0,33.0,England
590913,Will Williams,pace bowler,Right Fast,ON_THE_STUMPS,FULL,8,11,3,4.36,3.67,2.67,New Zealand
44410,Farhaan Behardien,pace bowler,Right Fast,ON_THE_STUMPS,GOOD_LENGTH,9,11,1,4.91,11.0,9.0,South Africa
1304286,Fergus O'Neill,pace bowler,Right Fast,ON_THE_STUMPS,GOOD_LENGTH,11,11,1,6.0,11.0,11.0,
299572,Sikandar Raza,spin bowler,Right Off Spin,OUTSIDE_OFFSTUMP,SHORT,32,11,2,17.45,5.5,16.0,Zimbabwe
722303,Matt Renshaw,spin bowler,Right Off Spin,WIDE_OUTSIDE_OFFSTUMP,FULL,5,11,1,2.73,11.0,5.0,Australia
1158175,Mohammad Ali,pace bowler,Right Fast,WIDE_OUTSIDE_OFFSTUMP,SHORT_OF_A_GOOD_LENGTH,11,11,1,6.0,11.0,11.0,
5961,Moises Henriques,pace bowler,Right Fast,WIDE_OUTSIDE_OFFSTUMP,SHORT,19,11,1,10.36,11.0,19.0,Australia
375724,Kamrul Islam,pace bowler,Right Fast,OUTSIDE_OFFSTUMP,FULL_TOSS,28,11,1,15.27,11.0,28.0,Bangladesh
707193,Brett Randell,pace bowler,Right Medium,ON_THE_STUMPS,GOOD_LENGTH,12,11,2,6.55,5.5,6.0,New Zealand
252940,Garey Mathurin,spin bowler,Left Off Spin,OUTSIDE_OFFSTUMP,SHORT_OF_A_GOOD_LENGTH,4,11,1,2.18,11.0,4.0,West Indies
605640,Junaid Dawood,spin bowler,Right Wrist Spin,ON_THE_STUMPS,FULL,21,11,1,11.45,11.0,21.0,South Africa
303427,Paul Stirling,spin bowler,Right Off Spin,ON_THE_STUMPS,FULL,12,11,1,6.55,11.0,12.0,Ireland
906749,Dominic Drakes,pace bowler,Left Fast,DOWN_LEG,FULL,17,11,1,9.27,11.0,17.0,West Indies
325026,Glenn Maxwell,spin bowler,Right Off Spin,WIDE_OUTSIDE_OFFSTUMP,SHORT_OF_A_GOOD_LENGTH,7,11,1,3.82,11.0,7.0,Australia
932355,Ebadot Hossain,pace bowler,Right Fast,WIDE_OUTSIDE_OFFSTUMP,GOOD_LENGTH,13,11,2,7.09,5.5,6.5,Bangladesh
805925,Mohammad Irfan,pace bowler,Right Medium,ON_THE_STUMPS,FULL,17,11,2,9.27,5.5,8.5,Pakistan
302850,Willie Gavera,pace bowler,Right Fast,ON_THE_STUMPS,GOOD_LENGTH,8,11,1,4.36,11.0,8.0,Papua New Guinea
10582,Ravi Bopara,pace bowler,Right Medium,WIDE_OUTSIDE_OFFSTUMP,SHORT_OF_A_GOOD_LENGTH,17,11,1,9.27,11.0,17.0,England
261354,Nathan Coulter-Nile,pace bowler,Right Fast,ON_THE_STUMPS,YORKER,11,11,2,6.0,5.5,5.5,Australia
633561,Mirza Mohammed Baig,mixture/unknown,Mixed,OUTSIDE_OFFSTUMP,GOOD_LENGTH,6,11,1,3.27,11.0,6.0,Qatar
303508,Shane Getkate,pace bowler,Right Fast,OUTSIDE_OFFSTUMP,SHORT_OF_A_GOOD_LENGTH,18,11,2,9.82,5.5,9.0,Ireland
260036,Tanwir Afzal,pace bowler,Right Fast,WIDE_OUTSIDE_OFFSTUMP,GOOD_LENGTH,5,11,2,2.73,5.5,2.5,Hong Kong
325012,Marcus Stoinis,pace bowler,Right Medium,DOWN_LEG,FULL_TOSS,19,11,2,10.36,5.5,9.5,Australia
669855,Jofra Archer,pace bowler,Right Fast,DOWN_LEG,FULL,29,11,1,15.82,11.0,29.0,England
45705,Colin Ingram,spin bowler,Right Wrist Spin,OUTSIDE_OFFSTUMP,FULL,15,11,1,8.18,11.0,15.0,South Africa
1192939,Ilyas Ahmed,pace bowler,Left Medium,OUTSIDE_OFFSTUMP,GOOD_LENGTH,14,11,1,7.64,11.0,14.0,Kuwait
627627,Tom Rogers,pace bowler,Right Fast,ON_THE_STUMPS,FULL_TOSS,35,11,1,19.09,11.0,35.0,Australia
605683,Migael Pretorius,pace bowler,Right Fast,OUTSIDE_OFFSTUMP,FULL_TOSS,14,11,1,7.64,11.0,14.0,South Africa
901155,Liam Hatcher,pace bowler,Right Fast,ON_THE_STUMPS,YORKER,8,11,3,4.36,3.67,2.67,Australia
1400702,Nimish Lathief,spin bowler,Right Off Spin,OUTSIDE_OFFSTUMP,FULL,22,11,2,12.0,5.5,11.0,Kuwait
594322,Corbin Bosch,pace bowler,Right Fast,ON_THE_STUMPS,SHORT_OF_A_GOOD_LENGTH,19,11,1,10.36,11.0,19.0,South Africa
375724,Kamrul Islam,pace bowler,Right Fast,ON_THE_STUMPS,SHORT,43,11,1,23.45,11.0,43.0,Bangladesh
398666,Sean Abbott,pace bowler,Right Fast,WIDE_OUTSIDE_OFFSTUMP,SHORT,23,11,1,12.55,11.0,23.0,Australia
362710,David Payne,pace bowler,Left Fast,ON_THE_STUMPS,SHORT,15,11,1,8.18,11.0,15.0,England
1339027,Rajan Kumar,pace bowler,Left Fast,OUTSIDE_OFFSTUMP,FULL,10,11,1,5.45,11.0,10.0,India
1206769,Jayden Lennox,spin bowler,Left Off Spin,ON_THE_STUMPS,FULL,14,11,2,7.64,5.5,7.0,New Zealand
364343,Craig Young,pace bowler,Right Fast,DOWN_LEG,SHORT,17,11,1,9.27,11.0,17.0,Ireland
375126,Hardus Viljoen,pace bowler,Right Fast,WIDE_OUTSIDE_OFFSTUMP,SHORT_OF_A_GOOD_LENGTH,29,11,1,15.82,11.0,29.0,South Africa
307808,Rohan Mustafa,spin bowler,Right Off Spin,OUTSIDE_OFFSTUMP,FULL_TOSS,13,11,2,7.09,5.5,6.5,United Arab Emirates
267724,Keshav Maharaj,spin bowler,Left Off Spin,DOWN_LEG,FULL,19,11,1,10.36,11.0,19.0,South Africa
734459,Abrar Ahmed,spin bowler,Right Wrist Spin,DOWN_LEG,GOOD_LENGTH,16,11,1,8.73,11.0,16.0,Pakistan
633445,Hisham Shaikh,spin bowler,Right Off Spin,OUTSIDE_OFFSTUMP,FULL,12,11,1,6.55,11.0,12.0,Saudi Arabia
793447,Naveen-ul-Haq,pace bowler,Right Fast,WIDE_DOWN_LEG,SHORT,30,11,1,16.36,11.0,30.0,Afghanistan
1172968,Dan Mousley,spin bowler,Right Off Spin,OUTSIDE_OFFSTUMP,FULL,11,11,1,6.0,11.0,11.0,England
378496,Parvez Rasool,spin bowler,Right Off Spin,OUTSIDE_OFFSTUMP,FULL,9,11,1,4.91,11.0,9.0,India
1203754,Junaid Siddique,pace bowler,Right Fast,ON_THE_STUMPS,FULL_TOSS,15,11,1,8.18,11.0,15.0,United Arab Emirates
909225,Paul Walter,pace bowler,Left Medium,WIDE_OUTSIDE_OFFSTUMP,GOOD_LENGTH,15,11,1,8.18,11.0,15.0,England
932355,Ebadot Hossain,pace bowler,Right Fast,ON_THE_STUMPS,YORKER,14,11,2,7.64,5.5,7.0,Bangladesh
1193685,Todd Murphy,spin bowler,Right Off Spin,WIDE_OUTSIDE_OFFSTUMP,GOOD_LENGTH,10,11,2,5.45,5.5,5.0,Australia
1304286,Fergus O'Neill,pace bowler,Right Fast,OUTSIDE_OFFSTUMP,GOOD_LENGTH,18,11,1,9.82,11.0,18.0,
638912,Matthew Kelly,pace bowler,Right Fast,WIDE_OUTSIDE_OFFSTUMP,SHORT_OF_A_GOOD_LENGTH,9,11,1,4.91,11.0,9.0,Australia
414970,Safyaan Sharif,pace bowler,Right Fast,WIDE_OUTSIDE_OFFSTUMP,GOOD_LENGTH,16,11,1,8.73,11.0,16.0,Scotland
310107,Danny Briggs,spin bowler,Left Off Spin,ON_THE_STUMPS,SHORT_OF_A_GOOD_LENGTH,15,11,1,8.18,11.0,15.0,England
639140,Matt Milnes,pace bowler,Right Fast,OUTSIDE_OFFSTUMP,FULL,22,11,2,12.0,5.5,11.0,England
32257,Timil Patel,spin bowler,Right Wrist Spin,OUTSIDE_OFFSTUMP,GOOD_LENGTH,15,11,1,8.18,11.0,15.0,United States of America
932453,Salauddin Sakil,pace bowler,Left Medium,OUTSIDE_OFFSTUMP,SHORT_OF_A_GOOD_LENGTH,8,11,1,4.36,11.0,8.0,Bangladesh
793411,Danish Aziz,spin bowler,Left Off Spin,OUTSIDE_OFFSTUMP,SHORT_OF_A_GOOD_LENGTH,20,11,1,10.91,11.0,20.0,Pakistan
600498,Aiden Markram,spin bowler,Right Off Spin,DOWN_LEG,GOOD_LENGTH,21,11,2,11.45,5.5,10.5,South Africa
1206110,Kevin Sinclair,spin bowler,Right Off Spin,ON_THE_STUMPS,FULL,15,11,1,8.18,11.0,15.0,West Indies
1194795,Matheesha Pathirana,pace bowler,Right Fast,DOWN_LEG,GOOD_LENGTH,39,11,2,21.27,5.5,19.5,Sri Lanka
719715,Washington Sundar,spin bowler,Right Off Spin,WIDE_OUTSIDE_OFFSTUMP,FULL,20,11,2,10.91,5.5,10.0,India
1161043,Mohammed Faraazuddin,spin bowler,Right Off Spin,OUTSIDE_OFFSTUMP,SHORT_OF_A_GOOD_LENGTH,15,11,1,8.18,11.0,15.0,United Arab Emirates
1070196,Yash Thakur,pace bowler,Right Fast,OUTSIDE_OFFSTUMP,FULL_TOSS,11,11,1,6.0,11.0,11.0,India
290727,Rishi Dhawan,pace bowler,Right Fast,WIDE_OUTSIDE_OFFSTUMP,GOOD_LENGTH,17,11,1,9.27,11.0,17.0,India
623977,Agha Salman,spin bowler,Right Off Spin,ON_THE_STUMPS,FULL,10,11,1,5.45,11.0,10.0,Pakistan
926629,Hasan Mahmud,pace bowler,Right Fast,ON_THE_STUMPS,FULL_TOSS,32,11,1,17.45,11.0,32.0,Bangladesh
414966,Michael Leask,spin bowler,Right Off Spin,OUTSIDE_OFFSTUMP,SHORT_OF_A_GOOD_LENGTH,12,11,3,6.55,3.67,4.0,Scotland
631264,Munis Ansari,pace bowler,Right Fast,OUTSIDE_OFFSTUMP,GOOD_LENGTH,11,11,2,6.0,5.5,5.5,Oman
328026,Isuru Udana,pace bowler,Left Fast,WIDE_OUTSIDE_OFFSTUMP,SHORT_OF_A_GOOD_LENGTH,25,11,1,13.64,11.0,25.0,Sri Lanka
328026,Isuru Udana,pace bowler,Left Fast,WIDE_OUTSIDE_OFFSTUMP,YORKER,11,11,2,6.0,5.5,5.5,Sri Lanka
311592,Mitchell Starc,pace bowler,Left Fast,DOWN_LEG,SHORT,30,11,1,16.36,11.0,30.0,Australia
390730,Manisankar  Murasingh,pace bowler,Right Medium,OUTSIDE_OFFSTUMP,FULL,4,10,1,2.4,10.0,4.0,India
326017,Siddarth Kaul,pace bowler,Right Medium,DOWN_LEG,FULL,17,10,1,10.2,10.0,17.0,India
1079839,Anukul Roy,spin bowler,Left Off Spin,OUTSIDE_OFFSTUMP,FULL,7,10,1,4.2,10.0,7.0,India
785323,Nathan McAndrew,pace bowler,Right Fast,DOWN_LEG,SHORT,26,10,3,15.6,3.33,8.67,Australia
52912,Ravi Rampaul,pace bowler,Right Fast,DOWN_LEG,SHORT,16,10,1,9.6,10.0,16.0,West Indies
232356,Ronnie Hira,spin bowler,Left Off Spin,OUTSIDE_OFFSTUMP,FULL,8,10,1,4.8,10.0,8.0,New Zealand
1077063,Suminda Lakshan,spin bowler,Right Wrist Spin,OUTSIDE_OFFSTUMP,GOOD_LENGTH,16,10,1,9.6,10.0,16.0,Sri Lanka
707179,Michael Snedden,pace bowler,Right Fast,ON_THE_STUMPS,GOOD_LENGTH,8,10,1,4.8,10.0,8.0,New Zealand
1202098,Zakary Foulkes,pace bowler,Right Medium,WIDE_OUTSIDE_OFFSTUMP,GOOD_LENGTH,10,10,1,6.0,10.0,10.0,New Zealand
559066,Ish Sodhi,spin bowler,Right Wrist Spin,WIDE_OUTSIDE_OFFSTUMP,SHORT_OF_A_GOOD_LENGTH,28,10,1,16.8,10.0,28.0,New Zealand
785323,Nathan McAndrew,pace bowler,Right Fast,DOWN_LEG,SHORT_OF_A_GOOD_LENGTH,7,10,1,4.2,10.0,7.0,Australia
701215,Sompal Kami,pace bowler,Right Fast,ON_THE_STUMPS,FULL,16,10,1,9.6,10.0,16.0,Nepal
379927,Beuran Hendricks,pace bowler,Left Fast,OUTSIDE_OFFSTUMP,FULL_TOSS,23,10,1,13.8,10.0,23.0,South Africa
914519,Chemar Holder,pace bowler,Right Fast,ON_THE_STUMPS,GOOD_LENGTH,16,10,1,9.6,10.0,16.0,West Indies
448243,Rumman Raees,pace bowler,Left Fast,DOWN_LEG,SHORT,15,10,1,9.0,10.0,15.0,Pakistan
518097,Ahsan Malik,pace bowler,Right Fast,OUTSIDE_OFFSTUMP,GOOD_LENGTH,11,10,1,6.6,10.0,11.0,Netherlands
1339028,Satyam Baliyan,pace bowler,Right Fast,ON_THE_STUMPS,GOOD_LENGTH,8,10,1,4.8,10.0,8.0,India
627627,Tom Rogers,pace bowler,Right Fast,DOWN_LEG,SHORT,16,10,1,9.6,10.0,16.0,Australia
448243,Rumman Raees,pace bowler,Left Fast,OUTSIDE_OFFSTUMP,FULL_TOSS,25,10,1,15.0,10.0,25.0,Pakistan
914519,Chemar Holder,pace bowler,Right Fast,ON_THE_STUMPS,SHORT_OF_A_GOOD_LENGTH,17,10,1,10.2,10.0,17.0,West Indies
290727,Rishi Dhawan,pace bowler,Right Fast,ON_THE_STUMPS,SHORT,17,10,2,10.2,5.0,8.5,India
29264,Harbhajan Singh,spin bowler,Right Off Spin,ON_THE_STUMPS,FULL_TOSS,11,10,1,6.6,10.0,11.0,India
1159715,Manish Golamaru,spin bowler,Left Off Spin,OUTSIDE_OFFSTUMP,SHORT_OF_A_GOOD_LENGTH,6,10,1,3.6,10.0,6.0,India
447439,Ishwar Pandey,pace bowler,Right Medium,OUTSIDE_OFFSTUMP,SHORT,29,10,1,17.4,10.0,29.0,India
457279,Olly Stone,pace bowler,Right Fast,WIDE_OUTSIDE_OFFSTUMP,GOOD_LENGTH,9,10,1,5.4,10.0,9.0,England
24605,Kevin O'Brien,pace bowler,Right Fast,ON_THE_STUMPS,FULL,7,10,1,4.2,10.0,7.0,Ireland
457279,Olly Stone,pace bowler,Right Fast,WIDE_OUTSIDE_OFFSTUMP,FULL,29,10,1,17.4,10.0,29.0,England
436677,Soumya Sarkar,pace bowler,Right Fast,ON_THE_STUMPS,FULL_TOSS,20,10,2,12.0,5.0,10.0,Bangladesh
973799,Janak Prakash,pace bowler,Right Medium,OUTSIDE_OFFSTUMP,FULL,8,10,1,4.8,10.0,8.0,Singapore
379776,Sisanda Magala,pace bowler,Right Fast,ON_THE_STUMPS,FULL_TOSS,18,10,1,10.8,10.0,18.0,South Africa
629058,Najmul Hossain Shanto,spin bowler,Right Off Spin,ON_THE_STUMPS,FULL,6,10,1,3.6,10.0,6.0,Bangladesh
46248,Albie Morkel,pace bowler,Right Fast,OUTSIDE_OFFSTUMP,SHORT_OF_A_GOOD_LENGTH,11,10,1,6.6,10.0,11.0,South Africa
392945,Donald Tiripano,pace bowler,Right Fast,WIDE_OUTSIDE_OFFSTUMP,SHORT_OF_A_GOOD_LENGTH,6,10,2,3.6,5.0,3.0,Zimbabwe
935995,Afif Hossain,spin bowler,Right Off Spin,WIDE_OUTSIDE_OFFSTUMP,FULL,16,10,1,9.6,10.0,16.0,Bangladesh
332996,Kyle Jarvis,pace bowler,Right Fast,ON_THE_STUMPS,FULL,16,10,2,9.6,5.0,8.0,Zimbabwe
55870,Sean Williams,spin bowler,Left Off Spin,ON_THE_STUMPS,FULL_TOSS,8,10,3,4.8,3.33,2.67,Zimbabwe
501012,Joel Paris,pace bowler,Left Fast,OUTSIDE_OFFSTUMP,FULL_TOSS,22,10,1,13.2,10.0,22.0,Australia
595783,Ajaz Patel,spin bowler,Left Off Spin,WIDE_OUTSIDE_OFFSTUMP,GOOD_LENGTH,15,10,2,9.0,5.0,7.5,New Zealand
265564,Wayne Parnell,pace bowler,Left Fast,WIDE_OUTSIDE_OFFSTUMP,FULL_TOSS,25,10,1,15.0,10.0,25.0,South Africa
1122918,Kartik Tyagi,pace bowler,Right Fast,WIDE_OUTSIDE_OFFSTUMP,FULL,18,10,1,10.8,10.0,18.0,India
1246496,Parvez Sultan,spin bowler,Left Off Spin,ON_THE_STUMPS,GOOD_LENGTH,5,10,1,3.0,10.0,5.0,India
652361,Atit Sheth,pace bowler,Right Medium,OUTSIDE_OFFSTUMP,SHORT_OF_A_GOOD_LENGTH,10,10,2,6.0,5.0,5.0,India
1141934,Kushal Malla,spin bowler,Left Off Spin,OUTSIDE_OFFSTUMP,FULL,13,10,1,7.8,10.0,13.0,Nepal
303427,Paul Stirling,spin bowler,Right Off Spin,WIDE_OUTSIDE_OFFSTUMP,GOOD_LENGTH,9,10,2,5.4,5.0,4.5,Ireland
51880,Chris Gayle,spin bowler,Right Off Spin,WIDE_OUTSIDE_OFFSTUMP,FULL,11,10,1,6.6,10.0,11.0,West Indies
290727,Rishi Dhawan,pace bowler,Right Fast,OUTSIDE_OFFSTUMP,SHORT,23,10,1,13.8,10.0,23.0,India
1159720,Yash Dayal,pace bowler,Left Fast,ON_THE_STUMPS,YORKER,8,10,1,4.8,10.0,8.0,India
516561,Dawlat Zadran,pace bowler,Right Fast,ON_THE_STUMPS,FULL_TOSS,18,10,1,10.8,10.0,18.0,Afghanistan
786925,Asitha Fernando,pace bowler,Right Fast,OUTSIDE_OFFSTUMP,SHORT,16,10,1,9.6,10.0,16.0,Sri Lanka
1203995,Shahnawaz Dahani,pace bowler,Right Fast,ON_THE_STUMPS,FULL_TOSS,17,10,1,10.2,10.0,17.0,Pakistan
4527,Ryan Campbell,spin bowler,Right Off Spin,OUTSIDE_OFFSTUMP,GOOD_LENGTH,9,10,1,5.4,10.0,9.0,Hong Kong
327830,Dwaine Pretorius,pace bowler,Right Fast,ON_THE_STUMPS,SHORT,19,10,1,11.4,10.0,19.0,South Africa
46750,Robin Peterson,spin bowler,Left Off Spin,ON_THE_STUMPS,FULL,3,10,1,1.8,10.0,3.0,South Africa
547763,Ollie Newton,pace bowler,Right Medium,OUTSIDE_OFFSTUMP,SHORT,15,10,1,9.0,10.0,15.0,New Zealand
1161669,Akeem Jordan,pace bowler,Right Fast,OUTSIDE_OFFSTUMP,SHORT_OF_A_GOOD_LENGTH,7,10,2,4.2,5.0,3.5,West Indies
1161669,Akeem Jordan,pace bowler,Right Fast,OUTSIDE_OFFSTUMP,GOOD_LENGTH,18,10,1,10.8,10.0,18.0,West Indies
510530,Jamie Overton,pace bowler,Right Fast,DOWN_LEG,GOOD_LENGTH,21,10,1,12.6,10.0,21.0,England
826915,Nathan Ellis,pace bowler,Right Fast,DOWN_LEG,YORKER,8,10,1,4.8,10.0,8.0,Australia
625407,Chiranjit Paul,spin bowler,Left Off Spin,ON_THE_STUMPS,GOOD_LENGTH,5,10,3,3.0,3.33,1.67,India
498591,Travis Muller,pace bowler,Right Fast,OUTSIDE_OFFSTUMP,SHORT,18,10,2,10.8,5.0,9.0,South Africa
226493,Hamish Bennett,pace bowler,Right Fast,ON_THE_STUMPS,SHORT,13,10,1,7.8,10.0,13.0,New Zealand
299572,Sikandar Raza,spin bowler,Right Off Spin,ON_THE_STUMPS,YORKER,7,10,2,4.2,5.0,3.5,Zimbabwe
499594,Kasun Rajitha,pace bowler,Right Fast,DOWN_LEG,FULL,28,10,1,16.8,10.0,28.0,Sri Lanka
1079848,Shivam Mavi,pace bowler,Right Fast,ON_THE_STUMPS,FULL_TOSS,16,10,1,9.6,10.0,16.0,India
1341104,Hardus Coetzer,pace bowler,Right Fast,OUTSIDE_OFFSTUMP,GOOD_LENGTH,9,10,2,5.4,5.0,4.5,
499594,Kasun Rajitha,pace bowler,Right Fast,DOWN_LEG,GOOD_LENGTH,26,10,1,15.6,10.0,26.0,Sri Lanka
230371,Ben Cutting,pace bowler,Right Fast,WIDE_OUTSIDE_OFFSTUMP,YORKER,8,10,2,4.8,5.0,4.0,Australia
297583,Kyle Abbott,pace bowler,Right Fast,ON_THE_STUMPS,FULL_TOSS,11,10,1,6.6,10.0,11.0,South Africa
333782,Timm van der Gugten,pace bowler,Right Fast,ON_THE_STUMPS,FULL,9,10,1,5.4,10.0,9.0,Netherlands
1070665,Dewald Brevis,spin bowler,Right Wrist Spin,OUTSIDE_OFFSTUMP,SHORT_OF_A_GOOD_LENGTH,7,10,4,4.2,2.5,1.75,South Africa
654261,Mohammad Asghar,spin bowler,Left Off Spin,ON_THE_STUMPS,FULL,7,10,1,4.2,10.0,7.0,Pakistan
557298,Daniel Worrall,pace bowler,Right Fast,ON_THE_STUMPS,YORKER,3,10,1,1.8,10.0,3.0,Australia
227712,Ashok Dinda,pace bowler,Right Fast,WIDE_OUTSIDE_OFFSTUMP,FULL,25,10,2,15.0,5.0,12.5,India
989827,Aks Swadhin,pace bowler,Right Fast,WIDE_OUTSIDE_OFFSTUMP,FULL,18,10,1,10.8,10.0,18.0,Bangladesh
376324,Anureet Singh,pace bowler,Right Medium,WIDE_OUTSIDE_OFFSTUMP,SHORT,18,10,1,10.8,10.0,18.0,India
1241269,Hazrat Luqman,pace bowler,Right Medium,OUTSIDE_OFFSTUMP,GOOD_LENGTH,17,10,1,10.2,10.0,17.0,
450101,Raymon Reifer,pace bowler,Left Fast,WIDE_OUTSIDE_OFFSTUMP,FULL_TOSS,27,10,1,16.2,10.0,27.0,West Indies
297488,Matt Machan,spin bowler,Right Off Spin,OUTSIDE_OFFSTUMP,GOOD_LENGTH,20,10,1,12.0,10.0,20.0,England
327947,Dane Paterson,pace bowler,Right Fast,ON_THE_STUMPS,YORKER,8,10,1,4.8,10.0,8.0,South Africa
1115025,Semo Kamea,pace bowler,Left Fast,OUTSIDE_OFFSTUMP,GOOD_LENGTH,14,10,1,8.4,10.0,14.0,Papua New Guinea
784379,Wanindu Hasaranga de Silva,spin bowler,Right Wrist Spin,ON_THE_STUMPS,FULL_TOSS,7,10,1,4.2,10.0,7.0,Sri Lanka
1131607,Shams Mulani,spin bowler,Left Off Spin,ON_THE_STUMPS,SHORT_OF_A_GOOD_LENGTH,3,10,1,1.8,10.0,3.0,India
786925,Asitha Fernando,pace bowler,Right Fast,ON_THE_STUMPS,FULL_TOSS,23,10,2,13.8,5.0,11.5,Sri Lanka
388678,Ben Dunk,spin bowler,Right Off Spin,ON_THE_STUMPS,GOOD_LENGTH,10,10,1,6.0,10.0,10.0,Australia
1058508,Abinash Bohara,pace bowler,Right Medium,OUTSIDE_OFFSTUMP,FULL,13,10,1,7.8,10.0,13.0,Nepal
379145,Tabraiz Shamsi,spin bowler,Left Wrist Spin,OUTSIDE_OFFSTUMP,FULL_TOSS,9,10,1,5.4,10.0,9.0,South Africa
1397991,Muhammad Jabir,pace bowler,Right Medium,ON_THE_STUMPS,GOOD_LENGTH,16,10,1,9.6,10.0,16.0,Qatar
1276982,Musfik Hasan,pace bowler,Right Medium,ON_THE_STUMPS,SHORT_OF_A_GOOD_LENGTH,22,10,1,13.2,10.0,22.0,
334621,Shadley van Schalkwyk,pace bowler,Right Medium,OUTSIDE_OFFSTUMP,GOOD_LENGTH,27,10,1,16.2,10.0,27.0,United States of America
1071473,Jan Nicol Loftie-Eaton,mixture/unknown,Mixed,ON_THE_STUMPS,FULL,13,10,1,7.8,10.0,13.0,Namibia
1341104,Hardus Coetzer,pace bowler,Right Fast,ON_THE_STUMPS,GOOD_LENGTH,11,10,1,6.6,10.0,11.0,
1234111,Mohammad Imran,pace bowler,Left Fast,WIDE_OUTSIDE_OFFSTUMP,SHORT_OF_A_GOOD_LENGTH,10,10,1,6.0,10.0,10.0,Pakistan
959787,Salman Fayyaz,spin bowler,Right Wrist Spin,OUTSIDE_OFFSTUMP,SHORT_OF_A_GOOD_LENGTH,18,10,1,10.8,10.0,18.0,
389605,Ashish Reddy,pace bowler,Right Medium,ON_THE_STUMPS,GOOD_LENGTH,10,10,3,6.0,3.33,3.33,India
1135340,Mukhtar Hussain,pace bowler,Right Medium,OUTSIDE_OFFSTUMP,FULL,15,10,1,9.0,10.0,15.0,India
46538,Morne Morkel,pace bowler,Right Fast,WIDE_OUTSIDE_OFFSTUMP,FULL,24,10,1,14.4,10.0,24.0,South Africa
230554,Javon Searles,pace bowler,Right Fast,ON_THE_STUMPS,SHORT_OF_A_GOOD_LENGTH,21,10,1,12.6,10.0,21.0,West Indies
499594,Kasun Rajitha,pace bowler,Right Fast,WIDE_OUTSIDE_OFFSTUMP,FULL_TOSS,19,10,1,11.4,10.0,19.0,Sri Lanka
230554,Javon Searles,pace bowler,Right Fast,WIDE_OUTSIDE_OFFSTUMP,FULL,21,10,1,12.6,10.0,21.0,West Indies
625960,Kyle Jamieson,pace bowler,Right Fast,DOWN_LEG,SHORT_OF_A_GOOD_LENGTH,16,10,1,9.6,10.0,16.0,New Zealand
625960,Kyle Jamieson,pace bowler,Right Fast,DOWN_LEG,GOOD_LENGTH,20,10,1,12.0,10.0,20.0,New Zealand
451782,James Fuller,pace bowler,Right Fast,ON_THE_STUMPS,FULL_TOSS,10,10,1,6.0,10.0,10.0,England
230371,Ben Cutting,pace bowler,Right Fast,DOWN_LEG,FULL,16,10,2,9.6,5.0,8.0,Australia
1030549,Andrew Hazeldine,pace bowler,Left Fast,ON_THE_STUMPS,FULL,15,10,1,9.0,10.0,15.0,New Zealand
928067,Josh Little,pace bowler,Left Fast,ON_THE_STUMPS,YORKER,6,10,1,3.6,10.0,6.0,Ireland
502714,Mitchell Santner,spin bowler,Left Off Spin,DOWN_LEG,SHORT_OF_A_GOOD_LENGTH,16,10,1,9.6,10.0,16.0,New Zealand
499594,Kasun Rajitha,pace bowler,Right Fast,WIDE_OUTSIDE_OFFSTUMP,YORKER,9,10,1,5.4,10.0,9.0,Sri Lanka
269332,Muktar Ali,pace bowler,Right Fast,WIDE_OUTSIDE_OFFSTUMP,FULL,18,10,1,10.8,10.0,18.0,Bangladesh
1344829,Rizwan Butt,pace bowler,Right Medium,ON_THE_STUMPS,SHORT_OF_A_GOOD_LENGTH,16,10,1,9.6,10.0,16.0,Bahrain
44149,Johan Botha,spin bowler,Right Off Spin,DOWN_LEG,GOOD_LENGTH,14,10,1,8.4,10.0,14.0,South Africa
1193544,Joey Field,pace bowler,Right Fast,ON_THE_STUMPS,SHORT_OF_A_GOOD_LENGTH,3,10,2,1.8,5.0,1.5,New Zealand
802575,T Natarajan,pace bowler,Left Medium,WIDE_OUTSIDE_OFFSTUMP,GOOD_LENGTH,14,10,1,8.4,10.0,14.0,India
945683,Yogesh Sharma,spin bowler,Left Off Spin,OUTSIDE_OFFSTUMP,GOOD_LENGTH,5,10,1,3.0,10.0,5.0,India
605566,Tom Andrews,spin bowler,Left Off Spin,OUTSIDE_OFFSTUMP,SHORT_OF_A_GOOD_LENGTH,15,10,1,9.0,10.0,15.0,Australia
790635,Kavishka Anjula,pace bowler,Right Fast,OUTSIDE_OFFSTUMP,GOOD_LENGTH,14,10,1,8.4,10.0,14.0,Sri Lanka
360911,Varun Aaron,pace bowler,Right Fast,WIDE_OUTSIDE_OFFSTUMP,SHORT,30,10,1,18.0,10.0,30.0,India
51248,Sulieman Benn,spin bowler,Left Off Spin,OUTSIDE_OFFSTUMP,FULL,12,10,1,7.2,10.0,12.0,West Indies
402992,Shuvagata Hom,spin bowler,Right Off Spin,ON_THE_STUMPS,SHORT_OF_A_GOOD_LENGTH,5,10,1,3.0,10.0,5.0,Bangladesh
530812,Akeal Hosein,spin bowler,Left Off Spin,ON_THE_STUMPS,SHORT,35,10,1,21.0,10.0,35.0,West Indies
698343,Eathan Bosch,pace bowler,Right Fast,ON_THE_STUMPS,SHORT,26,10,1,15.6,10.0,26.0,South Africa
670031,Alzarri Joseph,pace bowler,Right Fast,WIDE_OUTSIDE_OFFSTUMP,SHORT,36,10,1,21.6,10.0,36.0,West Indies
424377,Krishnappa Gowtham,spin bowler,Right Off Spin,DOWN_LEG,FULL,13,10,1,7.8,10.0,13.0,India
45789,Jacques Kallis,pace bowler,Right Fast,OUTSIDE_OFFSTUMP,FULL,13,10,2,7.8,5.0,6.5,South Africa
1369678,Parvindar Kumar,pace bowler,Right Medium,OUTSIDE_OFFSTUMP,GOOD_LENGTH,16,10,1,9.6,10.0,16.0,Kuwait
1332783,Arafat Minhas,spin bowler,Left Off Spin,ON_THE_STUMPS,GOOD_LENGTH,4,10,1,2.4,10.0,4.0,Pakistan
1073111,Ahsan Hafeez,spin bowler,Left Off Spin,OUTSIDE_OFFSTUMP,GOOD_LENGTH,15,10,1,9.0,10.0,15.0,Pakistan
348109,Paul van Meekeren,pace bowler,Right Fast,ON_THE_STUMPS,YORKER,3,10,3,1.8,3.33,1.0,Netherlands
36948,Anton Devcich,spin bowler,Left Off Spin,DOWN_LEG,GOOD_LENGTH,20,10,1,12.0,10.0,20.0,New Zealand
931603,Brendan Doggett,pace bowler,Right Fast,ON_THE_STUMPS,FULL_TOSS,20,10,2,12.0,5.0,10.0,Australia
1163855,Hayden Kerr,pace bowler,Left Fast,ON_THE_STUMPS,SHORT,23,10,1,13.8,10.0,23.0,Australia
1284532,Haider Butt,spin bowler,Right Off Spin,OUTSIDE_OFFSTUMP,GOOD_LENGTH,6,10,4,3.6,2.5,1.5,Bahrain
974175,Fazalhaq Farooqi,pace bowler,Left Fast,WIDE_OUTSIDE_OFFSTUMP,FULL_TOSS,16,10,1,9.6,10.0,16.0,Afghanistan
605575,Matthew Short,spin bowler,Right Off Spin,WIDE_OUTSIDE_OFFSTUMP,GOOD_LENGTH,14,10,1,8.4,10.0,14.0,Australia
591650,Ankit Rajpoot,pace bowler,Right Medium,ON_THE_STUMPS,YORKER,7,10,1,4.2,10.0,7.0,India
1099225,Fionn Hand,pace bowler,Right Medium,ON_THE_STUMPS,GOOD_LENGTH,10,10,1,6.0,10.0,10.0,Ireland
233713,Neil Wagner,pace bowler,Left Fast,ON_THE_STUMPS,FULL,14,10,1,8.4,10.0,14.0,New Zealand
486679,Duanne Olivier,pace bowler,Right Fast,DOWN_LEG,SHORT,20,10,2,12.0,5.0,10.0,South Africa
429981,Mohammad Irfan,pace bowler,Left Fast,DOWN_LEG,FULL,10,10,1,6.0,10.0,10.0,Pakistan
1076721,Lloyd Pope,spin bowler,Right Wrist Spin,DOWN_LEG,GOOD_LENGTH,7,10,1,4.2,10.0,7.0,Australia
538506,Taskin Ahmed,pace bowler,Right Fast,WIDE_OUTSIDE_OFFSTUMP,YORKER,7,10,1,4.2,10.0,7.0,Bangladesh
591650,Ankit Rajpoot,pace bowler,Right Medium,DOWN_LEG,SHORT_OF_A_GOOD_LENGTH,5,10,2,3.0,5.0,2.5,India
35928,Bipul Sharma,spin bowler,Left Off Spin,ON_THE_STUMPS,FULL,9,10,1,5.4,10.0,9.0,India
210283,Steven Finn,pace bowler,Right Fast,OUTSIDE_OFFSTUMP,SHORT,21,10,1,12.6,10.0,21.0,England
909225,Paul Walter,pace bowler,Left Medium,DOWN_LEG,SHORT,30,10,1,18.0,10.0,30.0,England
5961,Moises Henriques,pace bowler,Right Fast,OUTSIDE_OFFSTUMP,FULL_TOSS,10,10,1,6.0,10.0,10.0,Australia
643433,George Garton,pace bowler,Left Fast,ON_THE_STUMPS,SHORT,27,10,1,16.2,10.0,27.0,England
362541,Doug Bracewell,pace bowler,Right Fast,ON_THE_STUMPS,FULL,9,10,1,5.4,10.0,9.0,New Zealand
348056,Kyle Mayers,pace bowler,Right Medium,OUTSIDE_OFFSTUMP,YORKER,6,10,1,3.6,10.0,6.0,West Indies
857975,Josh Tongue,pace bowler,Right Fast,OUTSIDE_OFFSTUMP,GOOD_LENGTH,6,10,1,3.6,10.0,6.0,England
311158,Ben Stokes,pace bowler,Right Fast,ON_THE_STUMPS,FULL_TOSS,10,10,2,6.0,5.0,5.0,England
537124,Gurkeerat Singh Mann,spin bowler,Right Off Spin,OUTSIDE_OFFSTUMP,FULL,12,10,1,7.2,10.0,12.0,India
550251,Kyle Simmonds,spin bowler,Left Off Spin,ON_THE_STUMPS,FULL,21,10,1,12.6,10.0,21.0,South Africa
1153149,Vijayakanth Viyaskanth,spin bowler,Right Wrist Spin,DOWN_LEG,FULL,10,10,1,6.0,10.0,10.0,Sri Lanka
47850,Roelof van der Merwe,spin bowler,Left Off Spin,OUTSIDE_OFFSTUMP,FULL_TOSS,21,10,1,12.6,10.0,21.0,Netherlands
49619,Suranga Lakmal,pace bowler,Right Fast,OUTSIDE_OFFSTUMP,SHORT,41,10,1,24.6,10.0,41.0,Sri Lanka
891517,Pat Brown,pace bowler,Right Fast,OUTSIDE_OFFSTUMP,SHORT,20,10,1,12.0,10.0,20.0,England
1167838,Ahmed Baladraf,spin bowler,Left Off Spin,OUTSIDE_OFFSTUMP,FULL,9,10,1,5.4,10.0,9.0,Saudi Arabia
897549,Will Jacks,spin bowler,Right Off Spin,WIDE_OUTSIDE_OFFSTUMP,SHORT_OF_A_GOOD_LENGTH,11,10,1,6.6,10.0,11.0,England
1079380,Nikhil Chaudhary,spin bowler,Right Off Spin,ON_THE_STUMPS,SHORT_OF_A_GOOD_LENGTH,11,10,1,6.6,10.0,11.0,Australia
629084,Ramesh Mendis,spin bowler,Right Off Spin,OUTSIDE_OFFSTUMP,SHORT_OF_A_GOOD_LENGTH,18,10,2,10.8,5.0,9.0,Sri Lanka
360456,Asela Gunaratne,pace bowler,Right Fast,DOWN_LEG,FULL,16,10,1,9.6,10.0,16.0,Sri Lanka
1214410,Agrim Tiwari,pace bowler,Left Medium,ON_THE_STUMPS,FULL,17,10,1,10.2,10.0,17.0,India
1339708,Gaurav Chaudhary,spin bowler,Right Off Spin,ON_THE_STUMPS,GOOD_LENGTH,8,10,2,4.8,5.0,4.0,India
533042,Billy Stanlake,pace bowler,Right Fast,WIDE_OUTSIDE_OFFSTUMP,FULL,16,10,1,9.6,10.0,16.0,Australia
742489,Neil Brand,spin bowler,Left Off Spin,ON_THE_STUMPS,FULL,6,10,1,3.6,10.0,6.0,South Africa
938937,Ghulam Mudassar,pace bowler,Left Fast,ON_THE_STUMPS,SHORT_OF_A_GOOD_LENGTH,11,10,1,6.6,10.0,11.0,Pakistan
410763,Abu Jayed,pace bowler,Right Fast,WIDE_OUTSIDE_OFFSTUMP,FULL,18,10,2,10.8,5.0,9.0,Bangladesh
629070,Mohammad Saifuddin,pace bowler,Right Fast,WIDE_OUTSIDE_OFFSTUMP,FULL_TOSS,18,10,1,10.8,10.0,18.0,Bangladesh
604616,Chama Milind,pace bowler,Left Medium,OUTSIDE_OFFSTUMP,FULL,15,10,1,9.0,10.0,15.0,India
56058,Nabil Samad,spin bowler,Left Off Spin,OUTSIDE_OFFSTUMP,SHORT_OF_A_GOOD_LENGTH,8,10,1,4.8,10.0,8.0,Bangladesh
955235,Nuwan Thushara,pace bowler,Right Fast,DOWN_LEG,FULL_TOSS,24,10,1,14.4,10.0,24.0,Sri Lanka
235519,Tendai Chisoro,mixture/unknown,Mixed,OUTSIDE_OFFSTUMP,SHORT,12,10,2,7.2,5.0,6.0,Zimbabwe
909225,Paul Walter,pace bowler,Left Medium,DOWN_LEG,GOOD_LENGTH,8,10,1,4.8,10.0,8.0,England
1088612,Zak Evans,pace bowler,Right Fast,OUTSIDE_OFFSTUMP,FULL,30,10,1,18.0,10.0,30.0,Australia
1158099,Mohammad Umar,pace bowler,Right Medium,WIDE_OUTSIDE_OFFSTUMP,FULL,12,10,1,7.2,10.0,12.0,Pakistan
539548,Scott Kuggeleijn,pace bowler,Right Fast,OUTSIDE_OFFSTUMP,FULL_TOSS,10,10,2,6.0,5.0,5.0,New Zealand
277662,Corey Anderson,pace bowler,Left Fast,DOWN_LEG,GOOD_LENGTH,10,10,1,6.0,10.0,10.0,United States of America
550137,Abu Hider,pace bowler,Left Fast,DOWN_LEG,FULL,21,10,1,12.6,10.0,21.0,Bangladesh
629063,Mehidy Hasan Miraz,spin bowler,Right Off Spin,OUTSIDE_OFFSTUMP,SHORT,18,10,2,10.8,5.0,9.0,Bangladesh
688143,Alfred Mothoa,pace bowler,Right Fast,ON_THE_STUMPS,GOOD_LENGTH,9,10,1,5.4,10.0,9.0,South Africa
398666,Sean Abbott,pace bowler,Right Fast,WIDE_OUTSIDE_OFFSTUMP,FULL_TOSS,17,10,3,10.2,3.33,5.67,Australia
1206039,Akash Madhwal,pace bowler,Right Fast,ON_THE_STUMPS,FULL_TOSS,15,10,1,9.0,10.0,15.0,India
345825,Chaturanga de Silva,spin bowler,Left Off Spin,WIDE_OUTSIDE_OFFSTUMP,FULL,27,10,1,16.2,10.0,27.0,Sri Lanka
527362,Chirag Jani,pace bowler,Right Medium,ON_THE_STUMPS,FULL,8,10,1,4.8,10.0,8.0,India
793441,Aamer Jamal,pace bowler,Right Medium,OUTSIDE_OFFSTUMP,SHORT,36,10,1,21.6,10.0,36.0,Pakistan
288305,Shafiul Islam,pace bowler,Right Fast,WIDE_OUTSIDE_OFFSTUMP,FULL,14,10,2,8.4,5.0,7.0,Bangladesh
1211825,William O’Rourke,pace bowler,Right Fast,WIDE_OUTSIDE_OFFSTUMP,FULL,15,10,1,9.0,10.0,15.0,New Zealand
1129664,Angus McKenzie,pace bowler,Right Medium,OUTSIDE_OFFSTUMP,FULL,13,10,1,7.8,10.0,13.0,New Zealand
670031,Alzarri Joseph,pace bowler,Right Fast,DOWN_LEG,FULL_TOSS,14,10,1,8.4,10.0,14.0,West Indies
596417,Brydon Carse,pace bowler,Right Fast,ON_THE_STUMPS,SHORT,17,10,1,10.2,10.0,17.0,England
232491,Anwar Ali,pace bowler,Right Fast,DOWN_LEG,SHORT,23,10,1,13.8,10.0,23.0,Pakistan
553800,Chris Tremain,pace bowler,Right Fast,DOWN_LEG,SHORT_OF_A_GOOD_LENGTH,12,10,2,7.2,5.0,6.0,Australia
721041,Dushan Hemantha,spin bowler,Right Wrist Spin,DOWN_LEG,GOOD_LENGTH,19,10,1,11.4,10.0,19.0,Sri Lanka
1159495,Khurram Shahzad,pace bowler,Right Medium,DOWN_LEG,SHORT_OF_A_GOOD_LENGTH,9,10,1,5.4,10.0,9.0,Pakistan
568452,Muhammad Wafiq,pace bowler,Left Fast,ON_THE_STUMPS,SHORT_OF_A_GOOD_LENGTH,15,10,1,9.0,10.0,15.0,Malaysia
526492,Tom Sole,spin bowler,Right Off Spin,ON_THE_STUMPS,GOOD_LENGTH,9,10,1,5.4,10.0,9.0,Scotland
364343,Craig Young,pace bowler,Right Fast,ON_THE_STUMPS,SHORT,8,10,2,4.8,5.0,4.0,Ireland
696297,Ziyaad Abrahams,pace bowler,Right Fast,ON_THE_STUMPS,SHORT_OF_A_GOOD_LENGTH,18,10,1,10.8,10.0,18.0,South Africa
276843,Aubrey Swanepoel,spin bowler,Right Off Spin,OUTSIDE_OFFSTUMP,FULL,18,10,1,10.8,10.0,18.0,South Africa
1148466,Adrian Neill,pace bowler,Right Medium,ON_THE_STUMPS,SHORT_OF_A_GOOD_LENGTH,9,10,3,5.4,3.33,3.0,Scotland
1278252,Shariz Ahmad,spin bowler,Right Wrist Spin,OUTSIDE_OFFSTUMP,GOOD_LENGTH,5,10,2,3.0,5.0,2.5,Netherlands
550133,Mosaddek Hossain,spin bowler,Right Off Spin,WIDE_OUTSIDE_OFFSTUMP,FULL,10,10,3,6.0,3.33,3.33,Bangladesh
647667,Usama Mir,spin bowler,Right Wrist Spin,OUTSIDE_OFFSTUMP,FULL_TOSS,16,10,1,9.6,10.0,16.0,Pakistan
550189,Dayyaan Galiem,pace bowler,Right Fast,ON_THE_STUMPS,FULL,14,10,2,8.4,5.0,7.0,South Africa
459508,Andrew Tye,pace bowler,Right Fast,DOWN_LEG,YORKER,4,10,1,2.4,10.0,4.0,Australia
776695,Matt Critchley,spin bowler,Right Wrist Spin,WIDE_OUTSIDE_OFFSTUMP,FULL,21,10,1,12.6,10.0,21.0,England
1026379,Henry Brookes,pace bowler,Right Fast,ON_THE_STUMPS,GOOD_LENGTH,17,10,1,10.2,10.0,17.0,England
1072472,Muhammad Musa,pace bowler,Right Fast,ON_THE_STUMPS,SHORT,18,10,3,10.8,3.33,6.0,Pakistan
805925,Mohammad Irfan,pace bowler,Right Medium,OUTSIDE_OFFSTUMP,FULL_TOSS,15,10,2,9.0,5.0,7.5,Pakistan
781705,Salman Irshad,pace bowler,Right Fast,WIDE_OUTSIDE_OFFSTUMP,YORKER,9,10,1,5.4,10.0,9.0,Pakistan
527299,Aniket Choudhary,pace bowler,Left Medium,OUTSIDE_OFFSTUMP,SHORT,13,10,2,7.8,5.0,6.5,India
486679,Duanne Olivier,pace bowler,Right Fast,ON_THE_STUMPS,SHORT_OF_A_GOOD_LENGTH,13,10,1,7.8,10.0,13.0,South Africa
1211825,William O’Rourke,pace bowler,Right Fast,OUTSIDE_OFFSTUMP,SHORT,21,10,1,12.6,10.0,21.0,New Zealand
591650,Ankit Rajpoot,pace bowler,Right Medium,WIDE_OUTSIDE_OFFSTUMP,FULL,18,10,2,10.8,5.0,9.0,India
1124737,Renaldo Meyer,pace bowler,Right Fast,ON_THE_STUMPS,GOOD_LENGTH,9,10,1,5.4,10.0,9.0,South Africa
31820,Ashish Nehra,pace bowler,Left Fast,WIDE_OUTSIDE_OFFSTUMP,FULL_TOSS,22,10,1,13.2,10.0,22.0,India
717373,Amad Butt,pace bowler,Right Fast,ON_THE_STUMPS,YORKER,7,9,2,4.67,4.5,3.5,Pakistan
1125687,Rajjakuddin Ahmed,pace bowler,Right Medium,ON_THE_STUMPS,GOOD_LENGTH,14,9,1,9.33,9.0,14.0,India
623695,Chamika Karunaratne,pace bowler,Right Fast,DOWN_LEG,GOOD_LENGTH,12,9,1,8.0,9.0,12.0,Sri Lanka
348133,Steven Taylor,spin bowler,Right Off Spin,ON_THE_STUMPS,GOOD_LENGTH,7,9,1,4.67,9.0,7.0,United States of America
1206406,Jake Gibson,pace bowler,Right Medium,OUTSIDE_OFFSTUMP,FULL,11,9,2,7.33,4.5,5.5,New Zealand
1012131,Rakibul Hasan,spin bowler,Left Off Spin,ON_THE_STUMPS,SHORT_OF_A_GOOD_LENGTH,16,9,1,10.67,9.0,16.0,Bangladesh
605681,Evan Jones,pace bowler,Right Fast,WIDE_OUTSIDE_OFFSTUMP,GOOD_LENGTH,13,9,1,8.67,9.0,13.0,South Africa
36993,Andrew Ellis,pace bowler,Right Fast,OUTSIDE_OFFSTUMP,GOOD_LENGTH,13,9,1,8.67,9.0,13.0,New Zealand
1125317,Lance Morris,pace bowler,Right Fast,WIDE_OUTSIDE_OFFSTUMP,SHORT_OF_A_GOOD_LENGTH,9,9,1,6.0,9.0,9.0,Australia
1166195,Harsh Singh,pace bowler,Right Medium,ON_THE_STUMPS,GOOD_LENGTH,19,9,1,12.67,9.0,19.0,India
347661,Luis Reece,pace bowler,Left Medium,OUTSIDE_OFFSTUMP,GOOD_LENGTH,8,9,1,5.33,9.0,8.0,England
55346,Graeme Cremer,spin bowler,Right Wrist Spin,ON_THE_STUMPS,SHORT,16,9,1,10.67,9.0,16.0,Zimbabwe
550235,Tom Curran,pace bowler,Right Fast,WIDE_OUTSIDE_OFFSTUMP,SHORT,26,9,1,17.33,9.0,26.0,England
766809,Jordan Thompson,pace bowler,Right Fast,ON_THE_STUMPS,FULL_TOSS,17,9,1,11.33,9.0,17.0,England
826869,Shivam Chaudhary,spin bowler,Right Off Spin,ON_THE_STUMPS,GOOD_LENGTH,11,9,1,7.33,9.0,11.0,India
604527,Nitish Rana,spin bowler,Right Off Spin,ON_THE_STUMPS,SHORT_OF_A_GOOD_LENGTH,9,9,1,6.0,9.0,9.0,India
213674,Todd Astle,spin bowler,Right Wrist Spin,OUTSIDE_OFFSTUMP,SHORT_OF_A_GOOD_LENGTH,7,9,1,4.67,9.0,7.0,New Zealand
1026379,Henry Brookes,pace bowler,Right Fast,ON_THE_STUMPS,SHORT_OF_A_GOOD_LENGTH,15,9,1,10.0,9.0,15.0,England
371814,Kevon Cooper,pace bowler,Right Medium,ON_THE_STUMPS,FULL_TOSS,14,9,1,9.33,9.0,14.0,West Indies
379504,Adam Zampa,spin bowler,Right Wrist Spin,OUTSIDE_OFFSTUMP,SHORT,22,9,1,14.67,9.0,22.0,Australia
709675,James Bazley,pace bowler,Right Fast,WIDE_OUTSIDE_OFFSTUMP,GOOD_LENGTH,15,9,2,10.0,4.5,7.5,Australia
641423,Dan Lawrence,spin bowler,Right Off Spin,WIDE_OUTSIDE_OFFSTUMP,GOOD_LENGTH,11,9,1,7.33,9.0,11.0,England
1163490,Sumon Khan,pace bowler,Right Medium,WIDE_OUTSIDE_OFFSTUMP,SHORT_OF_A_GOOD_LENGTH,19,9,1,12.67,9.0,19.0,Bangladesh
501012,Joel Paris,pace bowler,Left Fast,ON_THE_STUMPS,FULL_TOSS,13,9,1,8.67,9.0,13.0,Australia
47492,Dale Steyn,pace bowler,Right Fast,DOWN_LEG,SHORT,18,9,1,12.0,9.0,18.0,South Africa
605681,Evan Jones,pace bowler,Right Fast,WIDE_OUTSIDE_OFFSTUMP,SHORT,13,9,1,8.67,9.0,13.0,South Africa
926629,Hasan Mahmud,pace bowler,Right Fast,WIDE_OUTSIDE_OFFSTUMP,GOOD_LENGTH,7,9,1,4.67,9.0,7.0,Bangladesh
719715,Washington Sundar,spin bowler,Right Off Spin,WIDE_OUTSIDE_OFFSTUMP,SHORT_OF_A_GOOD_LENGTH,11,9,2,7.33,4.5,5.5,India
942645,Khaleel Ahmed,pace bowler,Left Medium,WIDE_OUTSIDE_OFFSTUMP,FULL_TOSS,19,9,1,12.67,9.0,19.0,India
499660,Gurinder Sandhu,pace bowler,Right Fast,ON_THE_STUMPS,YORKER,7,9,3,4.67,3.0,2.33,Australia
56125,Shohidul Islam,pace bowler,Right Medium,WIDE_OUTSIDE_OFFSTUMP,FULL,25,9,1,16.67,9.0,25.0,Bangladesh
772061,Sam Cook,pace bowler,Right Fast,ON_THE_STUMPS,YORKER,2,9,6,1.33,1.5,0.33,England
643885,Saqib Mahmood,pace bowler,Right Fast,ON_THE_STUMPS,FULL_TOSS,21,9,2,14.0,4.5,10.5,England
973799,Janak Prakash,pace bowler,Right Medium,ON_THE_STUMPS,GOOD_LENGTH,5,9,3,3.33,3.0,1.67,Singapore
473191,Richard Gleeson,pace bowler,Right Fast,WIDE_OUTSIDE_OFFSTUMP,SHORT_OF_A_GOOD_LENGTH,10,9,1,6.67,9.0,10.0,England
1203995,Shahnawaz Dahani,pace bowler,Right Fast,ON_THE_STUMPS,YORKER,7,9,3,4.67,3.0,2.33,Pakistan
288284,Josh Hazlewood,pace bowler,Right Fast,WIDE_OUTSIDE_OFFSTUMP,SHORT_OF_A_GOOD_LENGTH,4,9,2,2.67,4.5,2.0,Australia
1246442,Yuvraj Singh,pace bowler,Right Fast,OUTSIDE_OFFSTUMP,SHORT_OF_A_GOOD_LENGTH,5,9,1,3.33,9.0,5.0,India
55633,Chris Mpofu,pace bowler,Right Fast,WIDE_OUTSIDE_OFFSTUMP,GOOD_LENGTH,7,9,3,4.67,3.0,2.33,Zimbabwe
693975,Sahan Arachchige,spin bowler,Right Off Spin,ON_THE_STUMPS,GOOD_LENGTH,3,9,2,2.0,4.5,1.5,Sri Lanka
550189,Dayyaan Galiem,pace bowler,Right Fast,WIDE_OUTSIDE_OFFSTUMP,SHORT_OF_A_GOOD_LENGTH,10,9,1,6.67,9.0,10.0,South Africa
781705,Salman Irshad,pace bowler,Right Fast,WIDE_OUTSIDE_OFFSTUMP,SHORT_OF_A_GOOD_LENGTH,14,9,1,9.33,9.0,14.0,Pakistan
211748,Benny Howell,pace bowler,Right Medium,DOWN_LEG,FULL,14,9,1,9.33,9.0,14.0,England
362541,Doug Bracewell,pace bowler,Right Fast,DOWN_LEG,GOOD_LENGTH,4,9,2,2.67,4.5,2.0,New Zealand
341593,Devendra Bishoo,spin bowler,Right Wrist Spin,OUTSIDE_OFFSTUMP,GOOD_LENGTH,9,9,1,6.0,9.0,9.0,West Indies
211855,Liam Dawson,spin bowler,Left Off Spin,ON_THE_STUMPS,FULL_TOSS,19,9,3,12.67,3.0,6.33,England
348059,Barry McCarthy,pace bowler,Right Fast,OUTSIDE_OFFSTUMP,YORKER,13,9,1,8.67,9.0,13.0,Ireland
914567,Oshane Thomas,pace bowler,Right Fast,DOWN_LEG,FULL_TOSS,24,9,1,16.0,9.0,24.0,West Indies
499594,Kasun Rajitha,pace bowler,Right Fast,ON_THE_STUMPS,YORKER,2,9,2,1.33,4.5,1.0,Sri Lanka
766809,Jordan Thompson,pace bowler,Right Fast,WIDE_OUTSIDE_OFFSTUMP,GOOD_LENGTH,13,9,1,8.67,9.0,13.0,England
334621,Shadley van Schalkwyk,pace bowler,Right Medium,WIDE_OUTSIDE_OFFSTUMP,FULL,21,9,1,14.0,9.0,21.0,United States of America
453289,Neville Madziva,pace bowler,Right Fast,ON_THE_STUMPS,SHORT,20,9,1,13.33,9.0,20.0,Zimbabwe
362541,Doug Bracewell,pace bowler,Right Fast,OUTSIDE_OFFSTUMP,SHORT,14,9,2,9.33,4.5,7.0,New Zealand
498440,Ronsford Beaton,pace bowler,Right Fast,DOWN_LEG,FULL_TOSS,9,9,1,6.0,9.0,9.0,West Indies
622772,Michael Rae,pace bowler,Right Fast,ON_THE_STUMPS,FULL_TOSS,12,9,1,8.0,9.0,12.0,New Zealand
1079470,Ramandeep Singh,pace bowler,Right Medium,OUTSIDE_OFFSTUMP,FULL,12,9,1,8.0,9.0,12.0,India
932453,Salauddin Sakil,pace bowler,Left Medium,OUTSIDE_OFFSTUMP,FULL,6,9,1,4.0,9.0,6.0,Bangladesh
498440,Ronsford Beaton,pace bowler,Right Fast,ON_THE_STUMPS,SHORT,21,9,1,14.0,9.0,21.0,West Indies
376116,Umesh Yadav,pace bowler,Right Fast,WIDE_OUTSIDE_OFFSTUMP,FULL_TOSS,25,9,1,16.67,9.0,25.0,India
922947,Sameen Gul,pace bowler,Right Medium,OUTSIDE_OFFSTUMP,SHORT,10,9,1,6.67,9.0,10.0,Pakistan
755459,Ben Green,pace bowler,Right Fast,OUTSIDE_OFFSTUMP,FULL,15,9,1,10.0,9.0,15.0,England
210283,Steven Finn,pace bowler,Right Fast,ON_THE_STUMPS,FULL,23,9,1,15.33,9.0,23.0,England
1163695,Kuldeep Sen,pace bowler,Right Fast,ON_THE_STUMPS,SHORT,11,9,1,7.33,9.0,11.0,India
282607,Delwar Hossain,pace bowler,Right Medium,OUTSIDE_OFFSTUMP,SHORT_OF_A_GOOD_LENGTH,8,9,1,5.33,9.0,8.0,Bangladesh
56025,Mahmudullah,spin bowler,Right Off Spin,OUTSIDE_OFFSTUMP,SHORT,15,9,1,10.0,9.0,15.0,Bangladesh
1206623,Dilbar Hussain,pace bowler,Right Fast,DOWN_LEG,SHORT_OF_A_GOOD_LENGTH,11,9,1,7.33,9.0,11.0,Pakistan
917177,T Pradeep,pace bowler,Right Fast,ON_THE_STUMPS,FULL,7,9,2,4.67,4.5,3.5,India
554068,Amjad Mahboob,pace bowler,Right Medium,ON_THE_STUMPS,FULL,13,9,1,8.67,9.0,13.0,Singapore
696401,Marco Jansen,pace bowler,Left Fast,WIDE_OUTSIDE_OFFSTUMP,SHORT_OF_A_GOOD_LENGTH,11,9,1,7.33,9.0,11.0,South Africa
1078697,Jeavor Royal,spin bowler,Left Off Spin,DOWN_LEG,SHORT_OF_A_GOOD_LENGTH,9,9,1,6.0,9.0,9.0,West Indies
29264,Harbhajan Singh,spin bowler,Right Off Spin,OUTSIDE_OFFSTUMP,FULL_TOSS,18,9,1,12.0,9.0,18.0,India
1079377,Ravi Teja,pace bowler,Right Medium,ON_THE_STUMPS,GOOD_LENGTH,9,9,2,6.0,4.5,4.5,India
376324,Anureet Singh,pace bowler,Right Medium,WIDE_OUTSIDE_OFFSTUMP,GOOD_LENGTH,9,9,1,6.0,9.0,9.0,India
1079839,Anukul Roy,spin bowler,Left Off Spin,ON_THE_STUMPS,SHORT_OF_A_GOOD_LENGTH,7,9,1,4.67,9.0,7.0,India
1123718,Spencer Johnson,pace bowler,Left Fast,ON_THE_STUMPS,YORKER,5,9,2,3.33,4.5,2.5,Australia
375126,Hardus Viljoen,pace bowler,Right Fast,WIDE_OUTSIDE_OFFSTUMP,GOOD_LENGTH,18,9,1,12.0,9.0,18.0,South Africa
376324,Anureet Singh,pace bowler,Right Medium,ON_THE_STUMPS,FULL_TOSS,22,9,1,14.67,9.0,22.0,India
55705,Tinashe Panyangara,pace bowler,Right Fast,ON_THE_STUMPS,SHORT_OF_A_GOOD_LENGTH,13,9,2,8.67,4.5,6.5,Zimbabwe
1125960,Tanush Kotian,spin bowler,Right Off Spin,OUTSIDE_OFFSTUMP,SHORT_OF_A_GOOD_LENGTH,7,9,2,4.67,4.5,3.5,India
499560,Patrick Kruger,pace bowler,Right Medium,ON_THE_STUMPS,GOOD_LENGTH,8,9,1,5.33,9.0,8.0,South Africa
35928,Bipul Sharma,spin bowler,Left Off Spin,OUTSIDE_OFFSTUMP,SHORT_OF_A_GOOD_LENGTH,11,9,1,7.33,9.0,11.0,India
416103,Vivian Kingma,pace bowler,Right Fast,OUTSIDE_OFFSTUMP,GOOD_LENGTH,2,9,1,1.33,9.0,2.0,Netherlands
573930,Lukman Meriwala,pace bowler,Left Fast,ON_THE_STUMPS,SHORT_OF_A_GOOD_LENGTH,23,9,1,15.33,9.0,23.0,India
42657,Shoaib Malik,spin bowler,Right Off Spin,WIDE_OUTSIDE_OFFSTUMP,GOOD_LENGTH,7,9,2,4.67,4.5,3.5,Pakistan
1073111,Ahsan Hafeez,spin bowler,Left Off Spin,ON_THE_STUMPS,GOOD_LENGTH,12,9,1,8.0,9.0,12.0,Pakistan
1073111,Ahsan Hafeez,spin bowler,Left Off Spin,OUTSIDE_OFFSTUMP,FULL,11,9,1,7.33,9.0,11.0,Pakistan
1083033,Kulwant Khejroliya,pace bowler,Left Fast,DOWN_LEG,SHORT,20,9,1,13.33,9.0,20.0,India
1139523,Rishad Hossain,spin bowler,Right Wrist Spin,WIDE_OUTSIDE_OFFSTUMP,FULL,22,9,1,14.67,9.0,22.0,Bangladesh
568136,Fareed Ahmad,pace bowler,Left Fast,DOWN_LEG,SHORT,13,9,3,8.67,3.0,4.33,Afghanistan
25490,Richie Berrington,pace bowler,Right Fast,ON_THE_STUMPS,FULL,14,9,1,9.33,9.0,14.0,Scotland
434429,Aamer Yamin,pace bowler,Right Medium,OUTSIDE_OFFSTUMP,SHORT,34,9,1,22.67,9.0,34.0,Pakistan
1353033,Muhammad Jawadullah,pace bowler,Left Fast,ON_THE_STUMPS,YORKER,10,9,2,6.67,4.5,5.0,United Arab Emirates
436677,Soumya Sarkar,pace bowler,Right Fast,DOWN_LEG,GOOD_LENGTH,8,9,1,5.33,9.0,8.0,Bangladesh
677077,Romario Shepherd,pace bowler,Right Fast,WIDE_OUTSIDE_OFFSTUMP,SHORT,32,9,1,21.33,9.0,32.0,West Indies
391832,Roston Chase,spin bowler,Right Off Spin,WIDE_OUTSIDE_OFFSTUMP,FULL,14,9,3,9.33,3.0,4.67,West Indies
232359,Colin Munro,pace bowler,Right Fast,ON_THE_STUMPS,SHORT_OF_A_GOOD_LENGTH,11,9,1,7.33,9.0,11.0,New Zealand
407265,Josh Davey,pace bowler,Right Fast,OUTSIDE_OFFSTUMP,FULL_TOSS,17,9,1,11.33,9.0,17.0,Scotland
698343,Eathan Bosch,pace bowler,Right Fast,WIDE_OUTSIDE_OFFSTUMP,SHORT,19,9,2,12.67,4.5,9.5,South Africa
1234111,Mohammad Imran,pace bowler,Left Fast,ON_THE_STUMPS,YORKER,4,9,3,2.67,3.0,1.33,Pakistan
44956,Grant Elliott,pace bowler,Right Medium,WIDE_OUTSIDE_OFFSTUMP,FULL,4,9,2,2.67,4.5,2.0,New Zealand
438362,Sandeep Sharma,pace bowler,Right Medium,DOWN_LEG,SHORT,18,9,1,12.0,9.0,18.0,India
438362,Sandeep Sharma,pace bowler,Right Medium,DOWN_LEG,YORKER,5,9,1,3.33,9.0,5.0,India
1076473,Izharulhaq Naveed,spin bowler,Right Wrist Spin,WIDE_OUTSIDE_OFFSTUMP,SHORT,23,9,1,15.33,9.0,23.0,Afghanistan
1339027,Rajan Kumar,pace bowler,Left Fast,ON_THE_STUMPS,FULL,17,9,1,11.33,9.0,17.0,India
33351,Anshuman Raj,pace bowler,Right Medium,OUTSIDE_OFFSTUMP,GOOD_LENGTH,10,9,2,6.67,4.5,5.0,India
326632,Joe Burns,mixture/unknown,Mixed,ON_THE_STUMPS,GOOD_LENGTH,8,9,1,5.33,9.0,8.0,Italy
46538,Morne Morkel,pace bowler,Right Fast,DOWN_LEG,SHORT_OF_A_GOOD_LENGTH,6,9,3,4.0,3.0,2.0,South Africa
698343,Eathan Bosch,pace bowler,Right Fast,WIDE_OUTSIDE_OFFSTUMP,FULL,20,9,1,13.33,9.0,20.0,South Africa
317252,Sohail Khan,pace bowler,Right Fast,DOWN_LEG,FULL,9,9,2,6.0,4.5,4.5,Pakistan
1323727,Junior Sinclair,spin bowler,Right Off Spin,ON_THE_STUMPS,SHORT_OF_A_GOOD_LENGTH,13,9,1,8.67,9.0,13.0,West Indies
959789,Hassan Khan,spin bowler,Left Off Spin,DOWN_LEG,GOOD_LENGTH,12,9,1,8.0,9.0,12.0,United States of America
971349,Nandre Burger,pace bowler,Left Fast,DOWN_LEG,FULL,17,9,1,11.33,9.0,17.0,South Africa
959827,Jason Sangha,spin bowler,Right Wrist Spin,ON_THE_STUMPS,FULL,16,9,1,10.67,9.0,16.0,Australia
410763,Abu Jayed,pace bowler,Right Fast,ON_THE_STUMPS,SHORT,13,9,1,8.67,9.0,13.0,Bangladesh
669855,Jofra Archer,pace bowler,Right Fast,WIDE_OUTSIDE_OFFSTUMP,GOOD_LENGTH,19,9,2,12.67,4.5,9.5,England
1339113,Aftab Ibrahim,pace bowler,Right Fast,ON_THE_STUMPS,FULL,10,9,1,6.67,9.0,10.0,Pakistan
398666,Sean Abbott,pace bowler,Right Fast,OUTSIDE_OFFSTUMP,YORKER,10,9,1,6.67,9.0,10.0,Australia
734459,Abrar Ahmed,spin bowler,Right Wrist Spin,WIDE_OUTSIDE_OFFSTUMP,FULL,16,9,1,10.67,9.0,16.0,Pakistan
820351,Rovman Powell,pace bowler,Right Fast,OUTSIDE_OFFSTUMP,SHORT,10,9,2,6.67,4.5,5.0,West Indies
629066,Jubair Hossain,spin bowler,Right Wrist Spin,OUTSIDE_OFFSTUMP,FULL,7,9,1,4.67,9.0,7.0,Bangladesh
1148776,Arjun Tendulkar,pace bowler,Left Fast,ON_THE_STUMPS,YORKER,5,9,2,3.33,4.5,2.5,India
1159495,Khurram Shahzad,pace bowler,Right Medium,ON_THE_STUMPS,YORKER,6,9,3,4.0,3.0,2.0,Pakistan
837611,Henry Thornton,pace bowler,Right Fast,WIDE_OUTSIDE_OFFSTUMP,FULL,20,9,2,13.33,4.5,10.0,Australia
1212829,Ali Naseer,pace bowler,Right Medium,DOWN_LEG,GOOD_LENGTH,9,9,1,6.0,9.0,9.0,United Arab Emirates
1193546,Adithya Ashok,spin bowler,Right Wrist Spin,ON_THE_STUMPS,GOOD_LENGTH,4,9,2,2.67,4.5,2.0,New Zealand
319439,Mitchell McClenaghan,pace bowler,Left Fast,WIDE_DOWN_LEG,SHORT,21,9,1,14.0,9.0,21.0,New Zealand
1159371,Mohammad Ilyas,pace bowler,Right Fast,OUTSIDE_OFFSTUMP,FULL_TOSS,30,9,1,20.0,9.0,30.0,Pakistan
950405,Tharindu Ratnayake,spin bowler,Mixed,ON_THE_STUMPS,GOOD_LENGTH,9,9,1,6.0,9.0,9.0,Sri Lanka
430246,Yuzvendra Chahal,spin bowler,Right Wrist Spin,ON_THE_STUMPS,YORKER,6,9,1,4.0,9.0,6.0,India
399259,Alasdair Evans,pace bowler,Right Fast,ON_THE_STUMPS,FULL,16,9,2,10.67,4.5,8.0,Scotland
1193404,Musawar Shah,spin bowler,Left Off Spin,OUTSIDE_OFFSTUMP,FULL,9,9,1,6.0,9.0,9.0,Qatar
46248,Albie Morkel,pace bowler,Right Fast,ON_THE_STUMPS,FULL,12,9,1,8.0,9.0,12.0,South Africa
1083030,KM Asif,pace bowler,Right Medium,ON_THE_STUMPS,SHORT,12,9,1,8.0,9.0,12.0,India
528055,Roosh Kalaria,pace bowler,Left Medium,ON_THE_STUMPS,GOOD_LENGTH,7,9,1,4.67,9.0,7.0,India
1050545,Xavier Bartlett,pace bowler,Right Fast,ON_THE_STUMPS,YORKER,3,9,5,2.0,1.8,0.6,Australia
429122,Umaid Asif,pace bowler,Right Fast,OUTSIDE_OFFSTUMP,FULL_TOSS,15,9,2,10.0,4.5,7.5,Pakistan
926851,Mukesh Kumar,pace bowler,Right Medium,DOWN_LEG,SHORT_OF_A_GOOD_LENGTH,16,9,1,10.67,9.0,16.0,India
51784,Rayad Emrit,pace bowler,Right Fast,WIDE_OUTSIDE_OFFSTUMP,SHORT,11,9,2,7.33,4.5,5.5,West Indies
1211825,William O’Rourke,pace bowler,Right Fast,ON_THE_STUMPS,SHORT_OF_A_GOOD_LENGTH,10,9,2,6.67,4.5,5.0,New Zealand
428366,Lahiru Madushanka,pace bowler,Right Fast,OUTSIDE_OFFSTUMP,SHORT_OF_A_GOOD_LENGTH,7,9,1,4.67,9.0,7.0,Sri Lanka
526441,Mark Adair,pace bowler,Right Fast,DOWN_LEG,SHORT,18,9,2,12.0,4.5,9.0,Ireland
1143529,Imran Anwar,pace bowler,Left Medium,OUTSIDE_OFFSTUMP,FULL,19,9,1,12.67,9.0,19.0,Bahrain
848623,Mark Deyal,spin bowler,Right Off Spin,ON_THE_STUMPS,SHORT_OF_A_GOOD_LENGTH,11,9,3,7.33,3.0,3.67,West Indies
1273854,Bharat Sharma,spin bowler,Right Off Spin,ON_THE_STUMPS,GOOD_LENGTH,12,9,1,8.0,9.0,12.0,India
1050545,Xavier Bartlett,pace bowler,Right Fast,ON_THE_STUMPS,SHORT,27,9,1,18.0,9.0,27.0,Australia
959767,Rachin Ravindra,spin bowler,Left Off Spin,DOWN_LEG,GOOD_LENGTH,9,9,3,6.0,3.0,3.0,New Zealand
51784,Rayad Emrit,pace bowler,Right Fast,DOWN_LEG,SHORT,20,9,1,13.33,9.0,20.0,West Indies
307495,Michael Beer,spin bowler,Left Off Spin,DOWN_LEG,GOOD_LENGTH,7,9,1,4.67,9.0,7.0,Australia
51784,Rayad Emrit,pace bowler,Right Fast,ON_THE_STUMPS,SHORT,20,9,1,13.33,9.0,20.0,West Indies
1159591,Tom O'Connell,spin bowler,Right Wrist Spin,ON_THE_STUMPS,GOOD_LENGTH,12,9,1,8.0,9.0,12.0,Australia
233802,Ashan Priyanjan,spin bowler,Right Off Spin,OUTSIDE_OFFSTUMP,SHORT_OF_A_GOOD_LENGTH,8,9,1,5.33,9.0,8.0,Sri Lanka
527292,Baltej Singh,pace bowler,Right Medium,OUTSIDE_OFFSTUMP,SHORT,19,9,2,12.67,4.5,9.5,India
244639,Harry Gurney,pace bowler,Left Fast,ON_THE_STUMPS,SHORT,12,9,2,8.0,4.5,6.0,England
1194795,Matheesha Pathirana,pace bowler,Right Fast,DOWN_LEG,FULL_TOSS,22,9,1,14.67,9.0,22.0,Sri Lanka
444135,Sohag Gazi,spin bowler,Right Off Spin,WIDE_OUTSIDE_OFFSTUMP,FULL,23,9,1,15.33,9.0,23.0,Bangladesh
785323,Nathan McAndrew,pace bowler,Right Fast,ON_THE_STUMPS,YORKER,5,9,3,3.33,3.0,1.67,Australia
807535,Brad Wheal,pace bowler,Right Fast,OUTSIDE_OFFSTUMP,SHORT,11,9,1,7.33,9.0,11.0,Scotland
545467,Junior Dala,pace bowler,Right Medium,WIDE_OUTSIDE_OFFSTUMP,FULL,15,9,1,10.0,9.0,15.0,South Africa
914171,Qais Ahmad,spin bowler,Right Wrist Spin,ON_THE_STUMPS,FULL_TOSS,18,9,1,12.0,9.0,18.0,Afghanistan
381006,Thomas Kaber,spin bowler,Left Wrist Spin,OUTSIDE_OFFSTUMP,GOOD_LENGTH,3,9,2,2.0,4.5,1.5,South Africa
535353,Ottniel Baartman,pace bowler,Right Fast,ON_THE_STUMPS,YORKER,4,9,3,2.67,3.0,1.33,South Africa
1203754,Junaid Siddique,pace bowler,Right Fast,ON_THE_STUMPS,YORKER,6,9,1,4.0,9.0,6.0,United Arab Emirates
414970,Safyaan Sharif,pace bowler,Right Fast,DOWN_LEG,FULL,5,9,1,3.33,9.0,5.0,Scotland
1209197,Ramon Simmonds,pace bowler,Left Fast,OUTSIDE_OFFSTUMP,FULL,14,9,1,9.33,9.0,14.0,West Indies
314622,Krishmar Santokie,pace bowler,Left Medium,WIDE_OUTSIDE_OFFSTUMP,GOOD_LENGTH,13,9,1,8.67,9.0,13.0,West Indies
381743,Daryl Mitchell,pace bowler,Right Medium,OUTSIDE_OFFSTUMP,SHORT,10,9,1,6.67,9.0,10.0,New Zealand
327947,Dane Paterson,pace bowler,Right Fast,ON_THE_STUMPS,FULL_TOSS,14,9,1,9.33,9.0,14.0,South Africa
381329,Beau Webster,mixture/unknown,Mixed,WIDE_OUTSIDE_OFFSTUMP,SHORT_OF_A_GOOD_LENGTH,7,9,1,4.67,9.0,7.0,Australia
5681,Brad Hogg,spin bowler,Left Wrist Spin,ON_THE_STUMPS,FULL_TOSS,18,9,1,12.0,9.0,18.0,Australia
1241265,Aayan Afzal Khan,spin bowler,Left Off Spin,WIDE_OUTSIDE_OFFSTUMP,SHORT_OF_A_GOOD_LENGTH,9,9,1,6.0,9.0,9.0,United Arab Emirates
1160970,Haider Ali,spin bowler,Left Off Spin,OUTSIDE_OFFSTUMP,FULL,15,9,1,10.0,9.0,15.0,
595419,Brandon Glover,pace bowler,Right Fast,OUTSIDE_OFFSTUMP,SHORT,16,9,3,10.67,3.0,5.33,Netherlands
236779,Ishant Sharma,pace bowler,Right Fast,ON_THE_STUMPS,YORKER,4,9,2,2.67,4.5,2.0,India
555855,Harry Conway,pace bowler,Right Fast,WIDE_OUTSIDE_OFFSTUMP,FULL,18,9,1,12.0,9.0,18.0,Australia
1161489,Rasikh Salam,pace bowler,Right Medium,ON_THE_STUMPS,FULL,18,9,1,12.0,9.0,18.0,India
1292563,Mayank Yadav,pace bowler,Right Fast,ON_THE_STUMPS,GOOD_LENGTH,9,9,3,6.0,3.0,3.0,India
1292563,Mayank Yadav,pace bowler,Right Fast,ON_THE_STUMPS,SHORT_OF_A_GOOD_LENGTH,12,9,1,8.0,9.0,12.0,India
228622,John Hastings,pace bowler,Right Fast,WIDE_OUTSIDE_OFFSTUMP,FULL,12,9,1,8.0,9.0,12.0,Australia
501907,Daryn Dupavillon,pace bowler,Right Fast,OUTSIDE_OFFSTUMP,FULL_TOSS,17,9,2,11.33,4.5,8.5,South Africa
547756,Brett Hampton,pace bowler,Right Fast,ON_THE_STUMPS,GOOD_LENGTH,9,9,1,6.0,9.0,9.0,New Zealand
422092,Vikum Sanjaya,pace bowler,Right Fast,DOWN_LEG,FULL,10,9,1,6.67,9.0,10.0,Sri Lanka
1284540,Ishtiaq Ahmad,pace bowler,Right Fast,ON_THE_STUMPS,FULL,11,9,1,7.33,9.0,11.0,Saudi Arabia
1241271,Muhammad Farooq,spin bowler,Right Wrist Spin,OUTSIDE_OFFSTUMP,FULL,14,9,2,9.33,4.5,7.0,
53118,Dwayne Smith,pace bowler,Right Medium,WIDE_OUTSIDE_OFFSTUMP,SHORT_OF_A_GOOD_LENGTH,12,9,1,8.0,9.0,12.0,West Indies
379887,Lizaad Williams,pace bowler,Right Fast,WIDE_OUTSIDE_OFFSTUMP,GOOD_LENGTH,23,9,1,15.33,9.0,23.0,South Africa
501907,Daryn Dupavillon,pace bowler,Right Fast,ON_THE_STUMPS,FULL_TOSS,14,9,1,9.33,9.0,14.0,South Africa
1294446,Jaden Carmichael,spin bowler,Left Off Spin,OUTSIDE_OFFSTUMP,FULL,12,9,1,8.0,9.0,12.0,West Indies
379927,Beuran Hendricks,pace bowler,Left Fast,ON_THE_STUMPS,FULL_TOSS,9,9,2,6.0,4.5,4.5,South Africa
326968,Michael Bracewell,spin bowler,Right Off Spin,WIDE_OUTSIDE_OFFSTUMP,GOOD_LENGTH,15,9,2,10.0,4.5,7.5,New Zealand
878465,Mehedi Hasan Rana,pace bowler,Left Fast,WIDE_OUTSIDE_OFFSTUMP,FULL,10,9,1,6.67,9.0,10.0,Bangladesh
53115,Daren Sammy,pace bowler,Right Medium,DOWN_LEG,FULL,20,9,1,13.33,9.0,20.0,West Indies
1159753,G Lalbiakvela,pace bowler,Right Medium,OUTSIDE_OFFSTUMP,FULL,13,9,1,8.67,9.0,13.0,India
1199304,Jayden Seales,pace bowler,Right Fast,ON_THE_STUMPS,SHORT,17,9,1,11.33,9.0,17.0,West Indies
385065,Asif Afridi,spin bowler,Left Off Spin,ON_THE_STUMPS,FULL,12,9,2,8.0,4.5,6.0,Pakistan
533561,Waqas Maqsood,pace bowler,Left Fast,ON_THE_STUMPS,YORKER,6,9,1,4.0,9.0,6.0,Pakistan
25490,Richie Berrington,pace bowler,Right Fast,OUTSIDE_OFFSTUMP,SHORT,8,9,1,5.33,9.0,8.0,Scotland
1321991,Akshay Puri,spin bowler,Right Off Spin,ON_THE_STUMPS,FULL,5,9,2,3.33,4.5,2.5,Singapore
1159805,Tahmeed Rahman,spin bowler,Right Off Spin,ON_THE_STUMPS,GOOD_LENGTH,9,9,2,6.0,4.5,4.5,India
439952,Chris Morris,pace bowler,Right Fast,WIDE_OUTSIDE_OFFSTUMP,FULL_TOSS,22,9,1,14.67,9.0,22.0,South Africa
315594,Ashley Nurse,spin bowler,Right Off Spin,ON_THE_STUMPS,FULL_TOSS,16,9,1,10.67,9.0,16.0,West Indies
230559,Kieron Pollard,pace bowler,Right Medium,ON_THE_STUMPS,FULL_TOSS,16,9,1,10.67,9.0,16.0,West Indies
5961,Moises Henriques,pace bowler,Right Fast,ON_THE_STUMPS,FULL_TOSS,16,9,1,10.67,9.0,16.0,Australia
510530,Jamie Overton,pace bowler,Right Fast,ON_THE_STUMPS,YORKER,11,9,2,7.33,4.5,5.5,England
512907,Tom Helm,pace bowler,Right Fast,OUTSIDE_OFFSTUMP,FULL,9,9,2,6.0,4.5,4.5,England
935881,Mohammad Mohsin,spin bowler,Right Wrist Spin,ON_THE_STUMPS,GOOD_LENGTH,8,9,1,5.33,9.0,8.0,United States of America
41984,Mohammad Nadeem,pace bowler,Right Fast,DOWN_LEG,SHORT_OF_A_GOOD_LENGTH,10,9,1,6.67,9.0,10.0,Oman
327830,Dwaine Pretorius,pace bowler,Right Fast,ON_THE_STUMPS,YORKER,4,9,2,2.67,4.5,2.0,South Africa
1410354,Muhammad Rohid,pace bowler,Left Fast,ON_THE_STUMPS,GOOD_LENGTH,7,9,1,4.67,9.0,7.0,
1397991,Muhammad Jabir,pace bowler,Right Medium,ON_THE_STUMPS,FULL_TOSS,15,9,1,10.0,9.0,15.0,Qatar
438563,Mark Chapman,spin bowler,Left Off Spin,WIDE_OUTSIDE_OFFSTUMP,GOOD_LENGTH,12,9,1,8.0,9.0,12.0,New Zealand
533043,James Muirhead,spin bowler,Right Wrist Spin,OUTSIDE_OFFSTUMP,GOOD_LENGTH,8,8,1,6.0,8.0,8.0,Australia
700167,Navdeep Saini,pace bowler,Right Fast,OUTSIDE_OFFSTUMP,YORKER,7,8,1,5.25,8.0,7.0,India
350126,Luke Wells,spin bowler,Mixed,ON_THE_STUMPS,GOOD_LENGTH,12,8,1,9.0,8.0,12.0,England
1369833,Amir Farooq,pace bowler,Left Medium,ON_THE_STUMPS,SHORT_OF_A_GOOD_LENGTH,14,8,1,10.5,8.0,14.0,
1167838,Ahmed Baladraf,spin bowler,Left Off Spin,WIDE_OUTSIDE_OFFSTUMP,GOOD_LENGTH,4,8,1,3.0,8.0,4.0,Saudi Arabia
1353033,Muhammad Jawadullah,pace bowler,Left Fast,WIDE_OUTSIDE_OFFSTUMP,SHORT,9,8,2,6.75,4.0,4.5,United Arab Emirates
49619,Suranga Lakmal,pace bowler,Right Fast,WIDE_OUTSIDE_OFFSTUMP,FULL,18,8,1,13.5,8.0,18.0,Sri Lanka
1283740,Ihsanullah,pace bowler,Right Fast,ON_THE_STUMPS,FULL_TOSS,12,8,2,9.0,4.0,6.0,Pakistan
477021,Vijay Shankar,pace bowler,Right Medium,WIDE_OUTSIDE_OFFSTUMP,GOOD_LENGTH,16,8,3,12.0,2.67,5.33,India
537126,Barinder Sran,pace bowler,Left Medium,WIDE_OUTSIDE_OFFSTUMP,FULL,19,8,1,14.25,8.0,19.0,India
533561,Waqas Maqsood,pace bowler,Left Fast,DOWN_LEG,SHORT_OF_A_GOOD_LENGTH,8,8,1,6.0,8.0,8.0,Pakistan
1193533,Jock McKenzie,pace bowler,Right Medium,ON_THE_STUMPS,GOOD_LENGTH,9,8,1,6.75,8.0,9.0,
528985,Domnic Muthuswami,pace bowler,Right Medium,ON_THE_STUMPS,SHORT_OF_A_GOOD_LENGTH,16,8,1,12.0,8.0,16.0,India
696127,Brad Evans,pace bowler,Right Fast,ON_THE_STUMPS,FULL,11,8,1,8.25,8.0,11.0,Zimbabwe
1193685,Todd Murphy,spin bowler,Right Off Spin,WIDE_OUTSIDE_OFFSTUMP,FULL,7,8,1,5.25,8.0,7.0,Australia
311158,Ben Stokes,pace bowler,Right Fast,OUTSIDE_OFFSTUMP,YORKER,3,8,1,2.25,8.0,3.0,England
530015,William Bosisto,spin bowler,Right Off Spin,ON_THE_STUMPS,FULL,5,8,1,3.75,8.0,5.0,Australia
629070,Mohammad Saifuddin,pace bowler,Right Fast,DOWN_LEG,SHORT,9,8,1,6.75,8.0,9.0,Bangladesh
961713,Riley Meredith,pace bowler,Right Fast,WIDE_OUTSIDE_OFFSTUMP,GOOD_LENGTH,15,8,1,11.25,8.0,15.0,Australia
41434,Mohammad Hafeez,spin bowler,Right Off Spin,DOWN_LEG,SHORT_OF_A_GOOD_LENGTH,10,8,1,7.5,8.0,10.0,Pakistan
783423,Imran Khan,pace bowler,Left Fast,OUTSIDE_OFFSTUMP,FULL,11,8,1,8.25,8.0,11.0,Pakistan
1125536,Ben Lister,pace bowler,Left Fast,OUTSIDE_OFFSTUMP,FULL_TOSS,13,8,1,9.75,8.0,13.0,New Zealand
926851,Mukesh Kumar,pace bowler,Right Medium,DOWN_LEG,GOOD_LENGTH,12,8,1,9.0,8.0,12.0,India
926851,Mukesh Kumar,pace bowler,Right Medium,DOWN_LEG,FULL_TOSS,22,8,1,16.5,8.0,22.0,India
317252,Sohail Khan,pace bowler,Right Fast,DOWN_LEG,SHORT,11,8,2,8.25,4.0,5.5,Pakistan
280735,Sharifullah,spin bowler,Right Off Spin,ON_THE_STUMPS,FULL,12,8,1,9.0,8.0,12.0,Bangladesh
629080,Binura Fernando,pace bowler,Left Fast,WIDE_OUTSIDE_OFFSTUMP,YORKER,6,8,1,4.5,8.0,6.0,Sri Lanka
51433,Samuel Badree,spin bowler,Right Wrist Spin,ON_THE_STUMPS,FULL_TOSS,12,8,2,9.0,4.0,6.0,West Indies
530773,Pawan Negi,spin bowler,Left Off Spin,ON_THE_STUMPS,SHORT,16,8,3,12.0,2.67,5.33,India
605566,Tom Andrews,spin bowler,Left Off Spin,ON_THE_STUMPS,FULL,3,8,1,2.25,8.0,3.0,Australia
1284534,Muhammad Murad,pace bowler,Left Fast,ON_THE_STUMPS,SHORT_OF_A_GOOD_LENGTH,9,8,1,6.75,8.0,9.0,Qatar
55395,Colin de Grandhomme,pace bowler,Right Fast,WIDE_OUTSIDE_OFFSTUMP,FULL_TOSS,7,8,1,5.25,8.0,7.0,New Zealand
498440,Ronsford Beaton,pace bowler,Right Fast,OUTSIDE_OFFSTUMP,YORKER,3,8,1,2.25,8.0,3.0,West Indies
511532,Al-Amin Hossain,pace bowler,Right Fast,DOWN_LEG,FULL,19,8,1,14.25,8.0,19.0,Bangladesh
510530,Jamie Overton,pace bowler,Right Fast,WIDE_OUTSIDE_OFFSTUMP,SHORT_OF_A_GOOD_LENGTH,4,8,1,3.0,8.0,4.0,England
622772,Michael Rae,pace bowler,Right Fast,WIDE_OUTSIDE_OFFSTUMP,GOOD_LENGTH,14,8,1,10.5,8.0,14.0,New Zealand
1176959,Akash Deep,pace bowler,Right Fast,OUTSIDE_OFFSTUMP,SHORT,17,8,1,12.75,8.0,17.0,India
547766,Jacob Duffy,pace bowler,Right Fast,DOWN_LEG,GOOD_LENGTH,23,8,1,17.25,8.0,23.0,New Zealand
543041,Mbulelo Budaza,pace bowler,Left Fast,OUTSIDE_OFFSTUMP,FULL,17,8,1,12.75,8.0,17.0,South Africa
512191,Fakhar Zaman,spin bowler,Left Off Spin,ON_THE_STUMPS,GOOD_LENGTH,3,8,1,2.25,8.0,3.0,Pakistan
605683,Migael Pretorius,pace bowler,Right Fast,ON_THE_STUMPS,YORKER,4,8,2,3.0,4.0,2.0,South Africa
806239,Brandon Mavuta,spin bowler,Right Wrist Spin,ON_THE_STUMPS,SHORT_OF_A_GOOD_LENGTH,9,8,1,6.75,8.0,9.0,Zimbabwe
1124283,Aaron Hardie,pace bowler,Right Fast,DOWN_LEG,SHORT_OF_A_GOOD_LENGTH,16,8,1,12.0,8.0,16.0,Australia
52912,Ravi Rampaul,pace bowler,Right Fast,ON_THE_STUMPS,FULL_TOSS,16,8,2,12.0,4.0,8.0,West Indies
605683,Migael Pretorius,pace bowler,Right Fast,WIDE_OUTSIDE_OFFSTUMP,GOOD_LENGTH,11,8,3,8.25,2.67,3.67,South Africa
334621,Shadley van Schalkwyk,pace bowler,Right Medium,OUTSIDE_OFFSTUMP,SHORT_OF_A_GOOD_LENGTH,10,8,1,7.5,8.0,10.0,United States of America
39024,Azhar Mahmood,pace bowler,Right Fast,OUTSIDE_OFFSTUMP,GOOD_LENGTH,15,8,1,11.25,8.0,15.0,Pakistan
777815,Vijaykumar Vyshak,pace bowler,Right Medium,ON_THE_STUMPS,SHORT,15,8,1,11.25,8.0,15.0,India
333782,Timm van der Gugten,pace bowler,Right Fast,WIDE_OUTSIDE_OFFSTUMP,FULL,18,8,1,13.5,8.0,18.0,Netherlands
625371,Hardik Pandya,pace bowler,Right Fast,DOWN_LEG,FULL_TOSS,16,8,1,12.0,8.0,16.0,India
1175458,Akash Singh,pace bowler,Left Fast,WIDE_OUTSIDE_OFFSTUMP,FULL,14,8,1,10.5,8.0,14.0,India
500268,Ashton Turner,spin bowler,Right Off Spin,ON_THE_STUMPS,SHORT_OF_A_GOOD_LENGTH,9,8,1,6.75,8.0,9.0,Australia
290727,Rishi Dhawan,pace bowler,Right Fast,OUTSIDE_OFFSTUMP,FULL_TOSS,19,8,1,14.25,8.0,19.0,India
332996,Kyle Jarvis,pace bowler,Right Fast,OUTSIDE_OFFSTUMP,FULL_TOSS,12,8,1,9.0,8.0,12.0,Zimbabwe
547758,Ed Nuttall,pace bowler,Left Fast,OUTSIDE_OFFSTUMP,SHORT,9,8,1,6.75,8.0,9.0,New Zealand
332996,Kyle Jarvis,pace bowler,Right Fast,DOWN_LEG,GOOD_LENGTH,5,8,1,3.75,8.0,5.0,Zimbabwe
327947,Dane Paterson,pace bowler,Right Fast,OUTSIDE_OFFSTUMP,FULL_TOSS,12,8,1,9.0,8.0,12.0,South Africa
8180,Shane Watson,pace bowler,Right Fast,DOWN_LEG,FULL_TOSS,16,8,2,12.0,4.0,8.0,Australia
55354,Chamu Chibhabha,pace bowler,Right Medium,ON_THE_STUMPS,FULL,15,8,2,11.25,4.0,7.5,Zimbabwe
505120,Ashton Agar,spin bowler,Left Off Spin,ON_THE_STUMPS,FULL_TOSS,12,8,1,9.0,8.0,12.0,Australia
297583,Kyle Abbott,pace bowler,Right Fast,DOWN_LEG,SHORT_OF_A_GOOD_LENGTH,7,8,1,5.25,8.0,7.0,South Africa
53118,Dwayne Smith,pace bowler,Right Medium,DOWN_LEG,SHORT,13,8,1,9.75,8.0,13.0,West Indies
1175429,Rajvardhan Hangargekar,pace bowler,Right Fast,OUTSIDE_OFFSTUMP,SHORT_OF_A_GOOD_LENGTH,11,8,2,8.25,4.0,5.5,India
333780,Nic Maddinson,spin bowler,Left Off Spin,OUTSIDE_OFFSTUMP,SHORT_OF_A_GOOD_LENGTH,12,8,1,9.0,8.0,12.0,Australia
502714,Mitchell Santner,spin bowler,Left Off Spin,ON_THE_STUMPS,SHORT,16,8,1,12.0,8.0,16.0,New Zealand
53118,Dwayne Smith,pace bowler,Right Medium,WIDE_OUTSIDE_OFFSTUMP,FULL,13,8,1,9.75,8.0,13.0,West Indies
51784,Rayad Emrit,pace bowler,Right Fast,ON_THE_STUMPS,YORKER,5,8,1,3.75,8.0,5.0,West Indies
288617,Ross Whiteley,pace bowler,Left Medium,ON_THE_STUMPS,GOOD_LENGTH,12,8,1,9.0,8.0,12.0,England
540316,Andile Phehlukwayo,pace bowler,Right Fast,DOWN_LEG,FULL,14,8,1,10.5,8.0,14.0,South Africa
526441,Mark Adair,pace bowler,Right Fast,WIDE_OUTSIDE_OFFSTUMP,SHORT,12,8,1,9.0,8.0,12.0,Ireland
493773,Lockie Ferguson,pace bowler,Right Fast,DOWN_LEG,YORKER,4,8,1,3.0,8.0,4.0,New Zealand
932355,Ebadot Hossain,pace bowler,Right Fast,WIDE_OUTSIDE_OFFSTUMP,SHORT_OF_A_GOOD_LENGTH,12,8,1,9.0,8.0,12.0,Bangladesh
1278263,Jack Jarvis,pace bowler,Right Fast,ON_THE_STUMPS,GOOD_LENGTH,3,8,1,2.25,8.0,3.0,
633445,Hisham Shaikh,spin bowler,Right Off Spin,OUTSIDE_OFFSTUMP,SHORT_OF_A_GOOD_LENGTH,10,8,1,7.5,8.0,10.0,Saudi Arabia
7898,Peter Siddle,pace bowler,Right Fast,WIDE_OUTSIDE_OFFSTUMP,GOOD_LENGTH,10,8,1,7.5,8.0,10.0,Australia
821755,Sanjit Saha,spin bowler,Right Off Spin,ON_THE_STUMPS,GOOD_LENGTH,6,8,3,4.5,2.67,2.0,Bangladesh
1099379,Gareth Delany,spin bowler,Right Wrist Spin,ON_THE_STUMPS,SHORT,25,8,2,18.75,4.0,12.5,Ireland
1200616,Clayton Floyd,spin bowler,Left Off Spin,OUTSIDE_OFFSTUMP,SHORT_OF_A_GOOD_LENGTH,25,8,1,18.75,8.0,25.0,Netherlands
323244,Rahat Ali,pace bowler,Left Fast,WIDE_OUTSIDE_OFFSTUMP,FULL,20,8,1,15.0,8.0,20.0,Pakistan
326017,Siddarth Kaul,pace bowler,Right Medium,DOWN_LEG,GOOD_LENGTH,11,8,1,8.25,8.0,11.0,India
325026,Glenn Maxwell,spin bowler,Right Off Spin,OUTSIDE_OFFSTUMP,SHORT,17,8,2,12.75,4.0,8.5,Australia
1108490,Waqar Salamkheil,spin bowler,Left Wrist Spin,WIDE_OUTSIDE_OFFSTUMP,GOOD_LENGTH,6,8,1,4.5,8.0,6.0,Afghanistan
1202098,Zakary Foulkes,pace bowler,Right Medium,ON_THE_STUMPS,SHORT_OF_A_GOOD_LENGTH,5,8,1,3.75,8.0,5.0,New Zealand
40170,Fayyaz Ahmed,spin bowler,Left Off Spin,ON_THE_STUMPS,GOOD_LENGTH,13,8,1,9.75,8.0,13.0,United Arab Emirates
937953,Bilal Khan,pace bowler,Left Fast,ON_THE_STUMPS,SHORT,22,8,1,16.5,8.0,22.0,Oman
698189,Wiaan Mulder,pace bowler,Right Medium,OUTSIDE_OFFSTUMP,SHORT,16,8,1,12.0,8.0,16.0,South Africa
36993,Andrew Ellis,pace bowler,Right Fast,WIDE_OUTSIDE_OFFSTUMP,FULL,7,8,1,5.25,8.0,7.0,New Zealand
1400702,Nimish Lathief,spin bowler,Right Off Spin,OUTSIDE_OFFSTUMP,SHORT_OF_A_GOOD_LENGTH,14,8,1,10.5,8.0,14.0,Kuwait
524253,Norman Vanua,pace bowler,Right Medium,WIDE_OUTSIDE_OFFSTUMP,SHORT_OF_A_GOOD_LENGTH,17,8,1,12.75,8.0,17.0,Papua New Guinea
926851,Mukesh Kumar,pace bowler,Right Medium,ON_THE_STUMPS,SHORT,19,8,1,14.25,8.0,19.0,India
709675,James Bazley,pace bowler,Right Fast,WIDE_OUTSIDE_OFFSTUMP,SHORT_OF_A_GOOD_LENGTH,6,8,1,4.5,8.0,6.0,Australia
41324,Mohammad Sami,pace bowler,Right Fast,DOWN_LEG,SHORT,9,8,1,6.75,8.0,9.0,Pakistan
48472,Tillakaratne Dilshan,spin bowler,Right Off Spin,OUTSIDE_OFFSTUMP,SHORT_OF_A_GOOD_LENGTH,4,8,1,3.0,8.0,4.0,Sri Lanka
781705,Salman Irshad,pace bowler,Right Fast,DOWN_LEG,SHORT_OF_A_GOOD_LENGTH,8,8,2,6.0,4.0,4.0,Pakistan
932763,Shafiqul Islam,pace bowler,Left Medium,WIDE_OUTSIDE_OFFSTUMP,FULL,18,8,2,13.5,4.0,9.0,Bangladesh
540316,Andile Phehlukwayo,pace bowler,Right Fast,WIDE_OUTSIDE_OFFSTUMP,FULL_TOSS,15,8,1,11.25,8.0,15.0,South Africa
1172124,Sarfaraz Ali,pace bowler,Right Medium,OUTSIDE_OFFSTUMP,SHORT_OF_A_GOOD_LENGTH,5,8,1,3.75,8.0,5.0,Bahrain
1050545,Xavier Bartlett,pace bowler,Right Fast,WIDE_OUTSIDE_OFFSTUMP,SHORT_OF_A_GOOD_LENGTH,4,8,2,3.0,4.0,2.0,Australia
628240,Hussain Talat,pace bowler,Right Fast,WIDE_OUTSIDE_OFFSTUMP,FULL,17,8,2,12.75,4.0,8.5,Pakistan
443263,Hayden Walsh,spin bowler,Right Wrist Spin,ON_THE_STUMPS,SHORT,15,8,1,11.25,8.0,15.0,West Indies
909225,Paul Walter,pace bowler,Left Medium,WIDE_OUTSIDE_OFFSTUMP,SHORT_OF_A_GOOD_LENGTH,7,8,2,5.25,4.0,3.5,England
1076722,Will Sutherland,pace bowler,Right Fast,OUTSIDE_OFFSTUMP,YORKER,9,8,1,6.75,8.0,9.0,Australia
660889,Mason Crane,spin bowler,Right Wrist Spin,WIDE_OUTSIDE_OFFSTUMP,FULL,15,8,2,11.25,4.0,7.5,England
852305,Ajoy Sarkar,pace bowler,Right Medium,OUTSIDE_OFFSTUMP,SHORT_OF_A_GOOD_LENGTH,3,8,2,2.25,4.0,1.5,India
1132219,Sanvir Singh,pace bowler,Right Medium,OUTSIDE_OFFSTUMP,GOOD_LENGTH,13,8,1,9.75,8.0,13.0,India
959767,Rachin Ravindra,spin bowler,Left Off Spin,WIDE_OUTSIDE_OFFSTUMP,GOOD_LENGTH,10,8,1,7.5,8.0,10.0,New Zealand
681067,Akif Raja,pace bowler,Right Fast,WIDE_OUTSIDE_OFFSTUMP,SHORT_OF_A_GOOD_LENGTH,7,8,1,5.25,8.0,7.0,United Arab Emirates
1070196,Yash Thakur,pace bowler,Right Medium,OUTSIDE_OFFSTUMP,SHORT_OF_A_GOOD_LENGTH,12,8,1,9.0,8.0,12.0,India
446548,Scott Boland,pace bowler,Right Fast,ON_THE_STUMPS,FULL_TOSS,15,8,1,11.25,8.0,15.0,Australia
1161032,Dhananjay Rao,pace bowler,Left Fast,DOWN_LEG,GOOD_LENGTH,12,8,1,9.0,8.0,12.0,
595419,Brandon Glover,pace bowler,Right Fast,ON_THE_STUMPS,FULL,8,8,1,6.0,8.0,8.0,Netherlands
959769,Ben Sears,pace bowler,Right Fast,DOWN_LEG,FULL,23,8,1,17.25,8.0,23.0,New Zealand
373439,Abul Hasan,pace bowler,Right Fast,OUTSIDE_OFFSTUMP,GOOD_LENGTH,5,8,2,3.75,4.0,2.5,Bangladesh
786925,Asitha Fernando,pace bowler,Right Fast,WIDE_OUTSIDE_OFFSTUMP,FULL,18,8,1,13.5,8.0,18.0,Sri Lanka
44956,Grant Elliott,pace bowler,Right Medium,WIDE_OUTSIDE_OFFSTUMP,GOOD_LENGTH,15,8,1,11.25,8.0,15.0,New Zealand
44956,Grant Elliott,pace bowler,Right Medium,WIDE_OUTSIDE_OFFSTUMP,SHORT,18,8,1,13.5,8.0,18.0,New Zealand
44956,Grant Elliott,pace bowler,Right Medium,WIDE_OUTSIDE_OFFSTUMP,SHORT_OF_A_GOOD_LENGTH,12,8,1,9.0,8.0,12.0,New Zealand
1139520,Tanzim Hasan Sakib,pace bowler,Right Medium,ON_THE_STUMPS,FULL_TOSS,6,8,2,4.5,4.0,3.0,Bangladesh
1159752,Lalhruai Ralte,pace bowler,Right Medium,ON_THE_STUMPS,GOOD_LENGTH,9,8,1,6.75,8.0,9.0,India
1387900,Uday Bhagwan,pace bowler,Right Fast,OUTSIDE_OFFSTUMP,FULL,14,8,1,10.5,8.0,14.0,
440522,Logan van Beek,pace bowler,Right Fast,OUTSIDE_OFFSTUMP,FULL_TOSS,22,8,2,16.5,4.0,11.0,Netherlands
1209270,Himanshu Rathod,spin bowler,Right Off Spin,WIDE_OUTSIDE_OFFSTUMP,GOOD_LENGTH,5,8,1,3.75,8.0,5.0,Qatar
594566,Kanwar Abhinay,pace bowler,Right Fast,OUTSIDE_OFFSTUMP,SHORT,14,8,2,10.5,4.0,7.0,India
46538,Morne Morkel,pace bowler,Right Fast,WIDE_OUTSIDE_OFFSTUMP,FULL_TOSS,9,8,1,6.75,8.0,9.0,South Africa
379887,Lizaad Williams,pace bowler,Right Fast,ON_THE_STUMPS,YORKER,5,8,1,3.75,8.0,5.0,South Africa
1161489,Rasikh Salam,pace bowler,Right Medium,ON_THE_STUMPS,SHORT_OF_A_GOOD_LENGTH,12,8,1,9.0,8.0,12.0,India
956319,Ayaan Khan,spin bowler,Left Off Spin,OUTSIDE_OFFSTUMP,FULL,14,8,1,10.5,8.0,14.0,Oman
35731,Vinay Kumar,pace bowler,Right Medium,OUTSIDE_OFFSTUMP,FULL_TOSS,11,8,1,8.25,8.0,11.0,India
1246472,Anuj Raj,pace bowler,Left Fast,OUTSIDE_OFFSTUMP,FULL,16,8,1,12.0,8.0,16.0,India
652687,Saud Shakeel,mixture/unknown,Left Off Spin,OUTSIDE_OFFSTUMP,GOOD_LENGTH,6,8,1,4.5,8.0,6.0,Pakistan
1130463,Arshad Iqbal,pace bowler,Right Fast,WIDE_OUTSIDE_OFFSTUMP,GOOD_LENGTH,5,8,1,3.75,8.0,5.0,Pakistan
1246455,Mohit Raut,spin bowler,Right Off Spin,OUTSIDE_OFFSTUMP,GOOD_LENGTH,17,8,1,12.75,8.0,17.0,India
19264,Liam Plunkett,pace bowler,Right Fast,ON_THE_STUMPS,FULL_TOSS,10,8,1,7.5,8.0,10.0,United States of America
223642,Rusty Theron,pace bowler,Right Fast,ON_THE_STUMPS,FULL,3,8,2,2.25,4.0,1.5,United States of America
653695,Matt Parkinson,spin bowler,Right Wrist Spin,WIDE_OUTSIDE_OFFSTUMP,GOOD_LENGTH,10,8,1,7.5,8.0,10.0,England
596010,Gerald Coetzee,pace bowler,Right Fast,OUTSIDE_OFFSTUMP,YORKER,7,8,1,5.25,8.0,7.0,South Africa
1163488,Rejaur Rahman Raja,pace bowler,Right Medium,ON_THE_STUMPS,SHORT,21,8,1,15.75,8.0,21.0,Bangladesh
766809,Jordan Thompson,pace bowler,Right Fast,DOWN_LEG,FULL,11,8,1,8.25,8.0,11.0,England
1162381,Ashian Daniel,spin bowler,Right Off Spin,OUTSIDE_OFFSTUMP,GOOD_LENGTH,8,8,1,6.0,8.0,8.0,Sri Lanka
1206769,Jayden Lennox,spin bowler,Left Off Spin,DOWN_LEG,GOOD_LENGTH,11,8,1,8.25,8.0,11.0,New Zealand
707111,Henry Cooper,spin bowler,Right Off Spin,OUTSIDE_OFFSTUMP,FULL,8,8,1,6.0,8.0,8.0,New Zealand
1246442,Yuvraj Singh,pace bowler,Right Fast,ON_THE_STUMPS,SHORT_OF_A_GOOD_LENGTH,9,8,1,6.75,8.0,9.0,India
451782,James Fuller,pace bowler,Right Fast,DOWN_LEG,SHORT,21,8,1,15.75,8.0,21.0,England
1070196,Yash Thakur,pace bowler,Right Fast,DOWN_LEG,SHORT,9,8,2,6.75,4.0,4.5,India
989827,Aks Swadhin,pace bowler,Right Fast,ON_THE_STUMPS,FULL,19,8,1,14.25,8.0,19.0,Bangladesh
555853,Mark Steketee,pace bowler,Right Fast,WIDE_OUTSIDE_OFFSTUMP,SHORT_OF_A_GOOD_LENGTH,11,8,1,8.25,8.0,11.0,Australia
1131754,Chetan Sakariya,pace bowler,Left Fast,ON_THE_STUMPS,YORKER,4,8,1,3.0,8.0,4.0,India
376169,Michael Neser,pace bowler,Right Fast,WIDE_OUTSIDE_OFFSTUMP,SHORT_OF_A_GOOD_LENGTH,4,8,2,3.0,4.0,2.0,Australia
1397991,Muhammad Jabir,pace bowler,Right Medium,OUTSIDE_OFFSTUMP,FULL_TOSS,14,8,2,10.5,4.0,7.0,Qatar
595921,Curtis Campher,pace bowler,Right Fast,WIDE_OUTSIDE_OFFSTUMP,FULL,7,8,1,5.25,8.0,7.0,Ireland
1131754,Chetan Sakariya,pace bowler,Left Fast,ON_THE_STUMPS,FULL_TOSS,12,8,1,9.0,8.0,12.0,India
928059,Ben White,spin bowler,Right Wrist Spin,OUTSIDE_OFFSTUMP,FULL_TOSS,13,8,2,9.75,4.0,6.5,Ireland
45204,Robbie Frylinck,pace bowler,Right Medium,DOWN_LEG,SHORT,17,8,1,12.75,8.0,17.0,South Africa
851403,Venkatesh Iyer,pace bowler,Right Medium,OUTSIDE_OFFSTUMP,SHORT,21,8,1,15.75,8.0,21.0,India
1158175,Mohammad Ali,pace bowler,Right Fast,WIDE_OUTSIDE_OFFSTUMP,GOOD_LENGTH,3,8,2,2.25,4.0,1.5,
1072473,Umer Khan,spin bowler,Left Off Spin,OUTSIDE_OFFSTUMP,FULL,7,8,1,5.25,8.0,7.0,Pakistan
573170,Luke Wood,pace bowler,Left Fast,WIDE_OUTSIDE_OFFSTUMP,FULL_TOSS,14,8,1,10.5,8.0,14.0,England
1158175,Mohammad Ali,pace bowler,Right Fast,OUTSIDE_OFFSTUMP,SHORT,13,8,1,9.75,8.0,13.0,
425639,Tendai Chatara,pace bowler,Right Fast,OUTSIDE_OFFSTUMP,FULL_TOSS,16,8,1,12.0,8.0,16.0,Zimbabwe
1158175,Mohammad Ali,pace bowler,Right Fast,ON_THE_STUMPS,YORKER,2,8,4,1.5,2.0,0.5,
990165,Mukidul Islam,pace bowler,Right Fast,WIDE_OUTSIDE_OFFSTUMP,GOOD_LENGTH,8,8,2,6.0,4.0,4.0,Bangladesh
827051,Blessing Muzarabani,pace bowler,Right Fast,WIDE_OUTSIDE_OFFSTUMP,FULL_TOSS,13,8,1,9.75,8.0,13.0,Zimbabwe
245166,Mudassar Bukhari,pace bowler,Right Fast,OUTSIDE_OFFSTUMP,FULL,13,8,1,9.75,8.0,13.0,Netherlands
245166,Mudassar Bukhari,pace bowler,Right Fast,ON_THE_STUMPS,SHORT_OF_A_GOOD_LENGTH,12,8,1,9.0,8.0,12.0,Netherlands
591650,Ankit Rajpoot,pace bowler,Right Medium,ON_THE_STUMPS,SHORT,15,8,1,11.25,8.0,15.0,India
930189,Lalit Yadav,spin bowler,Right Off Spin,OUTSIDE_OFFSTUMP,FULL_TOSS,9,8,1,6.75,8.0,9.0,India
429122,Umaid Asif,pace bowler,Right Fast,WIDE_OUTSIDE_OFFSTUMP,SHORT,16,8,1,12.0,8.0,16.0,Pakistan
1212829,Ali Naseer,pace bowler,Right Medium,WIDE_OUTSIDE_OFFSTUMP,SHORT,10,8,1,7.5,8.0,10.0,United Arab Emirates
749523,Mohsin Zaki,spin bowler,Left Off Spin,OUTSIDE_OFFSTUMP,FULL,5,8,1,3.75,8.0,5.0,Bahrain
1158538,Abbas Afridi,pace bowler,Right Fast,OUTSIDE_OFFSTUMP,FULL_TOSS,17,8,3,12.75,2.67,5.67,Pakistan
1397990,Mohammed Irshad,pace bowler,Right Medium,OUTSIDE_OFFSTUMP,FULL,12,8,1,9.0,8.0,12.0,Qatar
414970,Safyaan Sharif,pace bowler,Right Fast,WIDE_OUTSIDE_OFFSTUMP,FULL,4,8,1,3.0,8.0,4.0,Scotland
707183,Peter Younghusband,spin bowler,Right Wrist Spin,DOWN_LEG,GOOD_LENGTH,4,8,1,3.0,8.0,4.0,New Zealand
793007,Dilshan Madushanka,pace bowler,Left Fast,ON_THE_STUMPS,YORKER,5,8,1,3.75,8.0,5.0,Sri Lanka
410768,Alauddin Babu,pace bowler,Right Fast,WIDE_OUTSIDE_OFFSTUMP,FULL,13,8,1,9.75,8.0,13.0,Bangladesh
574287,Chad Soper,pace bowler,Right Fast,OUTSIDE_OFFSTUMP,SHORT,15,8,2,11.25,4.0,7.5,Papua New Guinea
671823,Chris Sole,pace bowler,Right Fast,OUTSIDE_OFFSTUMP,GOOD_LENGTH,1,8,4,0.75,2.0,0.25,Scotland
1292751,Will Prestwidge,pace bowler,Right Fast,OUTSIDE_OFFSTUMP,FULL,18,8,1,13.5,8.0,18.0,Australia
559235,Kuldeep Yadav,spin bowler,Left Wrist Spin,DOWN_LEG,SHORT,14,8,1,10.5,8.0,14.0,India
434429,Aamer Yamin,pace bowler,Right Medium,DOWN_LEG,SHORT_OF_A_GOOD_LENGTH,16,8,1,12.0,8.0,16.0,Pakistan
259551,Junaid Khan,pace bowler,Left Fast,DOWN_LEG,SHORT,11,8,1,8.25,8.0,11.0,Pakistan
393279,Marchant de Lange,pace bowler,Right Fast,ON_THE_STUMPS,FULL_TOSS,17,8,1,12.75,8.0,17.0,South Africa
232444,Taurai Muzarabani,pace bowler,Right Fast,OUTSIDE_OFFSTUMP,FULL,12,8,1,9.0,8.0,12.0,Zimbabwe
594235,Tshepo Moreki,pace bowler,Right Fast,ON_THE_STUMPS,FULL,11,8,2,8.25,4.0,5.5,South Africa
1071484,Brian Bennett,spin bowler,Right Off Spin,OUTSIDE_OFFSTUMP,SHORT_OF_A_GOOD_LENGTH,4,8,1,3.0,8.0,4.0,Zimbabwe
1210488,Cooper Connolly,spin bowler,Left Off Spin,ON_THE_STUMPS,FULL,11,8,1,8.25,8.0,11.0,Australia
265564,Wayne Parnell,pace bowler,Left Fast,WIDE_OUTSIDE_OFFSTUMP,SHORT_OF_A_GOOD_LENGTH,13,8,1,9.75,8.0,13.0,South Africa
1210488,Cooper Connolly,spin bowler,Left Off Spin,OUTSIDE_OFFSTUMP,FULL,13,8,1,9.75,8.0,13.0,Australia
391832,Roston Chase,spin bowler,Right Off Spin,DOWN_LEG,SHORT_OF_A_GOOD_LENGTH,10,8,1,7.5,8.0,10.0,West Indies
848623,Mark Deyal,spin bowler,Right Off Spin,WIDE_OUTSIDE_OFFSTUMP,GOOD_LENGTH,17,8,1,12.75,8.0,17.0,West Indies
398513,Saurabh Netravalkar,pace bowler,Left Fast,OUTSIDE_OFFSTUMP,FULL,10,8,1,7.5,8.0,10.0,United States of America
1212829,Ali Naseer,pace bowler,Right Medium,DOWN_LEG,SHORT_OF_A_GOOD_LENGTH,16,8,1,12.0,8.0,16.0,United Arab Emirates
897549,Will Jacks,spin bowler,Right Off Spin,OUTSIDE_OFFSTUMP,SHORT,24,8,1,18.0,8.0,24.0,England
252940,Garey Mathurin,spin bowler,Left Off Spin,OUTSIDE_OFFSTUMP,SHORT,9,8,1,6.75,8.0,9.0,West Indies
431910,Nicholson Gordon,pace bowler,Right Fast,WIDE_OUTSIDE_OFFSTUMP,FULL,15,8,1,11.25,8.0,15.0,West Indies
1159591,Tom O'Connell,spin bowler,Right Wrist Spin,ON_THE_STUMPS,FULL,15,8,1,11.25,8.0,15.0,Australia
592735,Sandeep Warrier,pace bowler,Right Medium,OUTSIDE_OFFSTUMP,SHORT,18,8,2,13.5,4.0,9.0,India
457279,Olly Stone,pace bowler,Right Fast,WIDE_OUTSIDE_OFFSTUMP,SHORT,19,8,1,14.25,8.0,19.0,England
926629,Hasan Mahmud,pace bowler,Right Medium,ON_THE_STUMPS,SHORT,8,8,1,6.0,8.0,8.0,Bangladesh
352048,Gulbadin Naib,pace bowler,Right Fast,WIDE_OUTSIDE_OFFSTUMP,FULL,7,8,1,5.25,8.0,7.0,Afghanistan
465793,Dhananjaya de Silva,spin bowler,Right Off Spin,DOWN_LEG,FULL,15,8,2,11.25,4.0,7.5,Sri Lanka
1129638,Ben Lockrose,spin bowler,Left Off Spin,ON_THE_STUMPS,FULL,10,8,1,7.5,8.0,10.0,New Zealand
371814,Kevon Cooper,pace bowler,Right Medium,OUTSIDE_OFFSTUMP,FULL_TOSS,9,8,1,6.75,8.0,9.0,West Indies
1078697,Jeavor Royal,spin bowler,Left Off Spin,WIDE_OUTSIDE_OFFSTUMP,GOOD_LENGTH,3,8,2,2.25,4.0,1.5,West Indies
208253,Irfan Ahmed,pace bowler,Right Fast,OUTSIDE_OFFSTUMP,SHORT_OF_A_GOOD_LENGTH,8,8,3,6.0,2.67,2.67,Hong Kong
56167,Ziaur Rahman,pace bowler,Right Fast,WIDE_OUTSIDE_OFFSTUMP,SHORT_OF_A_GOOD_LENGTH,17,8,1,12.75,8.0,17.0,Bangladesh
552880,Adil Bhatti,pace bowler,Right Medium,ON_THE_STUMPS,GOOD_LENGTH,6,8,1,4.5,8.0,6.0,United States of America
1129664,Angus McKenzie,pace bowler,Right Medium,ON_THE_STUMPS,SHORT_OF_A_GOOD_LENGTH,12,8,1,9.0,8.0,12.0,New Zealand
1125688,Mukesh Choudhary,pace bowler,Left Medium,OUTSIDE_OFFSTUMP,SHORT,21,8,1,15.75,8.0,21.0,India
1069820,Ben Shikongo,pace bowler,Right Fast,ON_THE_STUMPS,SHORT_OF_A_GOOD_LENGTH,7,8,1,5.25,8.0,7.0,Namibia
461632,Reece Topley,pace bowler,Left Fast,WIDE_OUTSIDE_OFFSTUMP,SHORT_OF_A_GOOD_LENGTH,14,8,1,10.5,8.0,14.0,England
463668,Jake Lintott,spin bowler,Left Wrist Spin,ON_THE_STUMPS,FULL_TOSS,10,8,2,7.5,4.0,5.0,England
208253,Irfan Ahmed,pace bowler,Right Fast,ON_THE_STUMPS,GOOD_LENGTH,8,8,2,6.0,4.0,4.0,Hong Kong
1163695,Kuldeep Sen,pace bowler,Right Fast,ON_THE_STUMPS,FULL_TOSS,19,8,1,14.25,8.0,19.0,India
1125976,Arshdeep Singh,pace bowler,Left Fast,WIDE_OUTSIDE_OFFSTUMP,SHORT_OF_A_GOOD_LENGTH,11,8,2,8.25,4.0,5.5,India
1167838,Ahmed Baladraf,spin bowler,Left Off Spin,ON_THE_STUMPS,GOOD_LENGTH,7,8,1,5.25,8.0,7.0,Saudi Arabia
351074,Niaz Ali,pace bowler,Left Fast,OUTSIDE_OFFSTUMP,FULL,6,8,1,4.5,8.0,6.0,Hong Kong
27223,Stuart Binny,pace bowler,Right Medium,DOWN_LEG,SHORT_OF_A_GOOD_LENGTH,11,8,1,8.25,8.0,11.0,India
371814,Kevon Cooper,pace bowler,Right Medium,OUTSIDE_OFFSTUMP,SHORT,16,8,1,12.0,8.0,16.0,West Indies
977451,Jack Prestwidge,pace bowler,Right Fast,ON_THE_STUMPS,FULL,5,8,2,3.75,4.0,2.5,Australia
47850,Roelof van der Merwe,spin bowler,Left Off Spin,OUTSIDE_OFFSTUMP,YORKER,1,7,1,0.86,7.0,1.0,Netherlands
393279,Marchant de Lange,pace bowler,Right Fast,ON_THE_STUMPS,YORKER,8,7,1,6.86,7.0,8.0,South Africa
432960,Simon Harmer,spin bowler,Right Off Spin,WIDE_OUTSIDE_OFFSTUMP,FULL,16,7,1,13.71,7.0,16.0,South Africa
670013,Fabian Allen,spin bowler,Left Off Spin,DOWN_LEG,SHORT_OF_A_GOOD_LENGTH,6,7,1,5.14,7.0,6.0,West Indies
710767,Abdul Majid,spin bowler,Left Off Spin,WIDE_OUTSIDE_OFFSTUMP,GOOD_LENGTH,3,7,1,2.57,7.0,3.0,Bahrain
282607,Delwar Hossain,pace bowler,Right Medium,OUTSIDE_OFFSTUMP,FULL,6,7,1,5.14,7.0,6.0,Bangladesh
51782,Fidel Edwards,pace bowler,Right Fast,DOWN_LEG,FULL_TOSS,15,7,1,12.86,7.0,15.0,West Indies
348109,Paul van Meekeren,pace bowler,Right Fast,OUTSIDE_OFFSTUMP,FULL_TOSS,17,7,1,14.57,7.0,17.0,Netherlands
540316,Andile Phehlukwayo,pace bowler,Right Fast,ON_THE_STUMPS,YORKER,3,7,1,2.57,7.0,3.0,South Africa
303669,Joe Root,spin bowler,Mixed,OUTSIDE_OFFSTUMP,FULL,9,7,1,7.71,7.0,9.0,England
277906,Kane Williamson,spin bowler,Right Off Spin,OUTSIDE_OFFSTUMP,FULL,9,7,1,7.71,7.0,9.0,New Zealand
24605,Kevin O'Brien,pace bowler,Right Fast,ON_THE_STUMPS,SHORT_OF_A_GOOD_LENGTH,6,7,1,5.14,7.0,6.0,Ireland
348109,Paul van Meekeren,pace bowler,Right Fast,WIDE_OUTSIDE_OFFSTUMP,FULL,15,7,1,12.86,7.0,15.0,Netherlands
800983,Ahmed Safi Abdullah,spin bowler,Left Off Spin,OUTSIDE_OFFSTUMP,SHORT_OF_A_GOOD_LENGTH,6,7,1,5.14,7.0,6.0,Pakistan
431910,Nicholson Gordon,pace bowler,Right Fast,OUTSIDE_OFFSTUMP,FULL_TOSS,9,7,2,7.71,3.5,4.5,West Indies
10582,Ravi Bopara,pace bowler,Right Medium,OUTSIDE_OFFSTUMP,SHORT,24,7,1,20.57,7.0,24.0,England
431910,Nicholson Gordon,pace bowler,Right Fast,DOWN_LEG,SHORT,17,7,1,14.57,7.0,17.0,West Indies
1300576,Vishal Jayswal,spin bowler,Left Off Spin,ON_THE_STUMPS,GOOD_LENGTH,12,7,2,10.29,3.5,6.0,India
675945,Nahidul Islam,spin bowler,Right Off Spin,WIDE_OUTSIDE_OFFSTUMP,SHORT_OF_A_GOOD_LENGTH,4,7,1,3.43,7.0,4.0,Bangladesh
1148776,Arjun Tendulkar,pace bowler,Left Fast,ON_THE_STUMPS,FULL_TOSS,14,7,1,12.0,7.0,14.0,India
1079377,Ravi Teja,pace bowler,Right Medium,OUTSIDE_OFFSTUMP,SHORT_OF_A_GOOD_LENGTH,10,7,1,8.57,7.0,10.0,India
570854,Jack Wildermuth,pace bowler,Right Fast,WIDE_OUTSIDE_OFFSTUMP,SHORT,13,7,1,11.14,7.0,13.0,Australia
1104703,Fred Klaassen,pace bowler,Left Fast,ON_THE_STUMPS,SHORT,17,7,1,14.57,7.0,17.0,England
1065662,Roshon Primus,pace bowler,Right Medium,OUTSIDE_OFFSTUMP,FULL_TOSS,15,7,1,12.86,7.0,15.0,West Indies
662973,Sam Curran,pace bowler,Left Fast,WIDE_OUTSIDE_OFFSTUMP,SHORT,14,7,1,12.0,7.0,14.0,England
1005257,Simi Singh,spin bowler,Mixed,ON_THE_STUMPS,GOOD_LENGTH,15,7,1,12.86,7.0,15.0,Ireland
516561,Dawlat Zadran,pace bowler,Right Fast,WIDE_OUTSIDE_OFFSTUMP,SHORT_OF_A_GOOD_LENGTH,10,7,1,8.57,7.0,10.0,Afghanistan
949545,Khwezi Gumede,pace bowler,Left Medium,OUTSIDE_OFFSTUMP,FULL,13,7,1,11.14,7.0,13.0,South Africa
465783,Vishwa Fernando,pace bowler,Left Fast,ON_THE_STUMPS,SHORT_OF_A_GOOD_LENGTH,6,7,1,5.14,7.0,6.0,Sri Lanka
1139520,Tanzim Hasan Sakib,pace bowler,Right Medium,ON_THE_STUMPS,YORKER,4,7,1,3.43,7.0,4.0,Bangladesh
959771,Nathan Smith,pace bowler,Right Fast,ON_THE_STUMPS,SHORT_OF_A_GOOD_LENGTH,7,7,2,6.0,3.5,3.5,New Zealand
822553,Tushar Deshpande,pace bowler,Right Medium,WIDE_OUTSIDE_OFFSTUMP,SHORT_OF_A_GOOD_LENGTH,12,7,1,10.29,7.0,12.0,India
348056,Kyle Mayers,pace bowler,Right Medium,WIDE_OUTSIDE_OFFSTUMP,SHORT,21,7,1,18.0,7.0,21.0,West Indies
822553,Tushar Deshpande,pace bowler,Right Medium,ON_THE_STUMPS,YORKER,7,7,2,6.0,3.5,3.5,India
47492,Dale Steyn,pace bowler,Right Fast,WIDE_OUTSIDE_OFFSTUMP,SHORT_OF_A_GOOD_LENGTH,1,7,1,0.86,7.0,1.0,South Africa
52912,Ravi Rampaul,pace bowler,Right Fast,WIDE_OUTSIDE_OFFSTUMP,FULL_TOSS,15,7,1,12.86,7.0,15.0,West Indies
971349,Nandre Burger,pace bowler,Left Fast,DOWN_LEG,SHORT,22,7,1,18.86,7.0,22.0,South Africa
772471,Jessy Singh,pace bowler,Right Medium,OUTSIDE_OFFSTUMP,SHORT_OF_A_GOOD_LENGTH,7,7,1,6.0,7.0,7.0,United States of America
1015399,Ziaur Rahman,pace bowler,Right Fast,OUTSIDE_OFFSTUMP,GOOD_LENGTH,9,7,1,7.71,7.0,9.0,Afghanistan
1209292,Vaibhav Arora,pace bowler,Right Fast,ON_THE_STUMPS,SHORT,12,7,1,10.29,7.0,12.0,India
230861,Malusi Siboto,pace bowler,Right Medium,ON_THE_STUMPS,FULL,21,7,1,18.0,7.0,21.0,South Africa
1209292,Vaibhav Arora,pace bowler,Right Fast,ON_THE_STUMPS,YORKER,3,7,1,2.57,7.0,3.0,India
437316,Dasun Shanaka,pace bowler,Right Medium,WIDE_OUTSIDE_OFFSTUMP,FULL_TOSS,9,7,4,7.71,1.75,2.25,Sri Lanka
1065662,Roshon Primus,pace bowler,Right Medium,WIDE_OUTSIDE_OFFSTUMP,SHORT_OF_A_GOOD_LENGTH,6,7,1,5.14,7.0,6.0,West Indies
568136,Fareed Ahmad,pace bowler,Left Fast,DOWN_LEG,GOOD_LENGTH,18,7,1,15.43,7.0,18.0,Afghanistan
436677,Soumya Sarkar,pace bowler,Right Fast,WIDE_OUTSIDE_OFFSTUMP,SHORT,11,7,1,9.43,7.0,11.0,Bangladesh
1036191,Bas de Leede,pace bowler,Right Fast,ON_THE_STUMPS,SHORT_OF_A_GOOD_LENGTH,14,7,1,12.0,7.0,14.0,Netherlands
928067,Josh Little,pace bowler,Left Fast,WIDE_OUTSIDE_OFFSTUMP,SHORT,11,7,1,9.43,7.0,11.0,Ireland
45204,Robbie Frylinck,pace bowler,Right Medium,ON_THE_STUMPS,SHORT,14,7,1,12.0,7.0,14.0,South Africa
437316,Dasun Shanaka,pace bowler,Right Medium,ON_THE_STUMPS,YORKER,4,7,1,3.43,7.0,4.0,Sri Lanka
559235,Kuldeep Yadav,spin bowler,Left Wrist Spin,ON_THE_STUMPS,YORKER,6,7,1,5.14,7.0,6.0,India
541224,Luke Jongwe,pace bowler,Right Fast,DOWN_LEG,SHORT_OF_A_GOOD_LENGTH,5,7,1,4.29,7.0,5.0,Zimbabwe
325026,Glenn Maxwell,spin bowler,Right Off Spin,ON_THE_STUMPS,SHORT,21,7,1,18.0,7.0,21.0,Australia
774211,David Grant,pace bowler,Right Fast,ON_THE_STUMPS,FULL,5,7,2,4.29,3.5,2.5,Australia
399259,Alasdair Evans,pace bowler,Right Fast,ON_THE_STUMPS,SHORT,22,7,1,18.86,7.0,22.0,Scotland
643885,Saqib Mahmood,pace bowler,Right Fast,ON_THE_STUMPS,YORKER,4,7,2,3.43,3.5,2.0,England
414252,Muhammad Ghous,spin bowler,Right Off Spin,OUTSIDE_OFFSTUMP,GOOD_LENGTH,6,7,2,5.14,3.5,3.0,United States of America
414821,Stuart Thompson,pace bowler,Right Fast,ON_THE_STUMPS,SHORT_OF_A_GOOD_LENGTH,12,7,1,10.29,7.0,12.0,Ireland
580400,Khizar Hayat,spin bowler,Right Off Spin,WIDE_OUTSIDE_OFFSTUMP,SHORT_OF_A_GOOD_LENGTH,15,7,1,12.86,7.0,15.0,Malaysia
857979,George Scrimshaw,pace bowler,Right Fast,ON_THE_STUMPS,GOOD_LENGTH,2,7,2,1.71,3.5,1.0,England
235519,Tendai Chisoro,mixture/unknown,Mixed,OUTSIDE_OFFSTUMP,FULL_TOSS,10,7,2,8.57,3.5,5.0,Zimbabwe
1043681,Shehan Madushanka,pace bowler,Right Fast,ON_THE_STUMPS,GOOD_LENGTH,7,7,1,6.0,7.0,7.0,Sri Lanka
707183,Peter Younghusband,spin bowler,Right Wrist Spin,OUTSIDE_OFFSTUMP,FULL_TOSS,12,7,1,10.29,7.0,12.0,New Zealand
1152716,Javelle Glen,spin bowler,Right Wrist Spin,ON_THE_STUMPS,SHORT_OF_A_GOOD_LENGTH,18,7,2,15.43,3.5,9.0,West Indies
828535,Ankit Kushwah,mixture/unknown,Mixed,OUTSIDE_OFFSTUMP,SHORT_OF_A_GOOD_LENGTH,18,7,1,15.43,7.0,18.0,India
714451,Shivam Dube,pace bowler,Right Medium,DOWN_LEG,SHORT_OF_A_GOOD_LENGTH,5,7,1,4.29,7.0,5.0,India
537154,Mohammad Shahid,pace bowler,Right Fast,WIDE_OUTSIDE_OFFSTUMP,FULL,15,7,1,12.86,7.0,15.0,Bangladesh
792519,Dhananjaya Lakshan,pace bowler,Right Fast,ON_THE_STUMPS,GOOD_LENGTH,13,7,1,11.14,7.0,13.0,Sri Lanka
1076713,Cameron Green,pace bowler,Right Fast,DOWN_LEG,FULL,8,7,1,6.86,7.0,8.0,Australia
990039,Shoriful Islam,pace bowler,Left Fast,WIDE_OUTSIDE_OFFSTUMP,GOOD_LENGTH,12,7,1,10.29,7.0,12.0,Bangladesh
475281,Shardul Thakur,pace bowler,Right Medium,DOWN_LEG,YORKER,3,7,1,2.57,7.0,3.0,India
1152716,Javelle Glen,spin bowler,Right Wrist Spin,OUTSIDE_OFFSTUMP,FULL,4,7,1,3.43,7.0,4.0,West Indies
56143,Shakib Al Hasan,spin bowler,Left Off Spin,ON_THE_STUMPS,YORKER,1,7,2,0.86,3.5,0.5,Bangladesh
537124,Gurkeerat Singh Mann,spin bowler,Right Off Spin,ON_THE_STUMPS,FULL,4,7,1,3.43,7.0,4.0,India
1284540,Ishtiaq Ahmad,pace bowler,Right Fast,DOWN_LEG,GOOD_LENGTH,8,7,1,6.86,7.0,8.0,Saudi Arabia
766809,Jordan Thompson,pace bowler,Right Fast,OUTSIDE_OFFSTUMP,SHORT,18,7,1,15.43,7.0,18.0,England
1167779,Ayush Shukla,pace bowler,Right Medium,WIDE_OUTSIDE_OFFSTUMP,SHORT_OF_A_GOOD_LENGTH,10,7,1,8.57,7.0,10.0,Hong Kong
535393,Senuran Muthusamy,spin bowler,Left Off Spin,WIDE_OUTSIDE_OFFSTUMP,FULL,16,7,1,13.71,7.0,16.0,South Africa
1153149,Vijayakanth Viyaskanth,spin bowler,Right Wrist Spin,WIDE_OUTSIDE_OFFSTUMP,GOOD_LENGTH,20,7,1,17.14,7.0,20.0,Sri Lanka
32257,Timil Patel,spin bowler,Right Wrist Spin,OUTSIDE_OFFSTUMP,FULL,8,7,1,6.86,7.0,8.0,United States of America
604527,Nitish Rana,mixture/unknown,Mixed,OUTSIDE_OFFSTUMP,FULL,11,7,1,9.43,7.0,11.0,India
537119,Mohit Sharma,pace bowler,Right Medium,WIDE_OUTSIDE_OFFSTUMP,FULL_TOSS,13,7,1,11.14,7.0,13.0,India
1083128,Ankit Soni,spin bowler,Right Wrist Spin,OUTSIDE_OFFSTUMP,SHORT_OF_A_GOOD_LENGTH,6,7,1,5.14,7.0,6.0,India
49700,Jeevan Mendis,spin bowler,Right Wrist Spin,DOWN_LEG,FULL,8,7,1,6.86,7.0,8.0,Sri Lanka
604527,Nitish Rana,mixture/unknown,Mixed,ON_THE_STUMPS,FULL,4,7,1,3.43,7.0,4.0,India
314743,Shykat Ali,pace bowler,Right Medium,ON_THE_STUMPS,FULL,14,7,1,12.0,7.0,14.0,Bangladesh
1339131,Aimal Khan,mixture/unknown,Mixed,ON_THE_STUMPS,GOOD_LENGTH,16,7,1,13.71,7.0,16.0,Pakistan
535353,Ottniel Baartman,pace bowler,Right Fast,ON_THE_STUMPS,SHORT,14,7,3,12.0,2.33,4.67,South Africa
833087,Mahedi Hasan,spin bowler,Right Off Spin,ON_THE_STUMPS,YORKER,5,7,1,4.29,7.0,5.0,Bangladesh
351588,Mark Wood,pace bowler,Right Fast,ON_THE_STUMPS,YORKER,5,7,1,4.29,7.0,5.0,England
535353,Ottniel Baartman,pace bowler,Right Fast,OUTSIDE_OFFSTUMP,YORKER,3,7,2,2.57,3.5,1.5,South Africa
629080,Binura Fernando,pace bowler,Left Fast,WIDE_OUTSIDE_OFFSTUMP,FULL_TOSS,19,7,1,16.29,7.0,19.0,Sri Lanka
351588,Mark Wood,pace bowler,Right Fast,ON_THE_STUMPS,FULL_TOSS,8,7,3,6.86,2.33,2.67,England
280735,Sharifullah,spin bowler,Right Off Spin,ON_THE_STUMPS,GOOD_LENGTH,13,7,2,11.14,3.5,6.5,Bangladesh
528985,Domnic Muthuswami,pace bowler,Right Medium,OUTSIDE_OFFSTUMP,FULL,4,7,1,3.43,7.0,4.0,India
1151270,Ayush Badoni,spin bowler,Right Off Spin,OUTSIDE_OFFSTUMP,FULL,12,7,1,10.29,7.0,12.0,India
801817,Mohamed Shiraz,pace bowler,Right Fast,OUTSIDE_OFFSTUMP,FULL,14,7,1,12.0,7.0,14.0,Sri Lanka
244639,Harry Gurney,pace bowler,Left Fast,WIDE_OUTSIDE_OFFSTUMP,GOOD_LENGTH,6,7,1,5.14,7.0,6.0,England
473191,Richard Gleeson,pace bowler,Right Fast,DOWN_LEG,FULL_TOSS,24,7,1,20.57,7.0,24.0,England
1193539,Jesse Tashkoff,spin bowler,Left Off Spin,ON_THE_STUMPS,GOOD_LENGTH,8,7,1,6.86,7.0,8.0,New Zealand
960361,Sandeep Lamichhane,spin bowler,Right Wrist Spin,ON_THE_STUMPS,SHORT,19,7,1,16.29,7.0,19.0,Nepal
1206052,Yudhvir Singh,pace bowler,Right Fast,OUTSIDE_OFFSTUMP,GOOD_LENGTH,14,7,1,12.0,7.0,14.0,India
1193404,Musawar Shah,spin bowler,Left Off Spin,ON_THE_STUMPS,FULL,10,7,1,8.57,7.0,10.0,Qatar
1159371,Mohammad Ilyas,pace bowler,Right Fast,WIDE_OUTSIDE_OFFSTUMP,FULL_TOSS,7,7,1,6.0,7.0,7.0,Pakistan
399259,Alasdair Evans,pace bowler,Right Fast,DOWN_LEG,SHORT,12,7,1,10.29,7.0,12.0,Scotland
1276982,Musfik Hasan,pace bowler,Right Medium,OUTSIDE_OFFSTUMP,FULL,22,7,1,18.86,7.0,22.0,
319746,Shapoor Zadran,pace bowler,Left Fast,DOWN_LEG,SHORT,15,7,2,12.86,3.5,7.5,Afghanistan
914541,Sherfane Rutherford,pace bowler,Right Fast,ON_THE_STUMPS,FULL,5,7,1,4.29,7.0,5.0,West Indies
1158538,Abbas Afridi,pace bowler,Right Fast,ON_THE_STUMPS,SHORT,7,7,1,6.0,7.0,7.0,Pakistan
308408,Josh Cobb,spin bowler,Right Off Spin,OUTSIDE_OFFSTUMP,GOOD_LENGTH,9,7,1,7.71,7.0,9.0,England
1353033,Muhammad Jawadullah,pace bowler,Left Fast,ON_THE_STUMPS,SHORT,12,7,1,10.29,7.0,12.0,United Arab Emirates
1283740,Ihsanullah,pace bowler,Right Fast,WIDE_OUTSIDE_OFFSTUMP,SHORT_OF_A_GOOD_LENGTH,6,7,2,5.14,3.5,3.0,Pakistan
906749,Dominic Drakes,pace bowler,Left Fast,ON_THE_STUMPS,YORKER,3,7,1,2.57,7.0,3.0,West Indies
9310,Tim Bresnan,pace bowler,Right Fast,ON_THE_STUMPS,SHORT_OF_A_GOOD_LENGTH,18,7,1,15.43,7.0,18.0,England
473191,Richard Gleeson,pace bowler,Right Fast,WIDE_OUTSIDE_OFFSTUMP,GOOD_LENGTH,9,7,1,7.71,7.0,9.0,England
1158100,Mohammad Hasnain,pace bowler,Right Fast,WIDE_OUTSIDE_OFFSTUMP,SHORT,16,7,1,13.71,7.0,16.0,Pakistan
590326,Mitchell Swepson,spin bowler,Right Wrist Spin,WIDE_OUTSIDE_OFFSTUMP,GOOD_LENGTH,10,7,1,8.57,7.0,10.0,Australia
352048,Gulbadin Naib,pace bowler,Right Fast,ON_THE_STUMPS,YORKER,2,7,2,1.71,3.5,1.0,Afghanistan
50205,Malinda Pushpakumara,spin bowler,Left Off Spin,OUTSIDE_OFFSTUMP,SHORT_OF_A_GOOD_LENGTH,10,7,1,8.57,7.0,10.0,Sri Lanka
859899,Calvin Harrison,spin bowler,Right Wrist Spin,ON_THE_STUMPS,FULL,5,7,2,4.29,3.5,2.5,England
56125,Shohidul Islam,pace bowler,Right Medium,ON_THE_STUMPS,FULL_TOSS,16,7,1,13.71,7.0,16.0,Bangladesh
1072472,Muhammad Musa,pace bowler,Right Fast,WIDE_OUTSIDE_OFFSTUMP,SHORT_OF_A_GOOD_LENGTH,18,7,2,15.43,3.5,9.0,Pakistan
24605,Kevin O'Brien,pace bowler,Right Fast,WIDE_OUTSIDE_OFFSTUMP,FULL,21,7,1,18.0,7.0,21.0,Ireland
1168641,Harpreet Brar,spin bowler,Left Off Spin,WIDE_OUTSIDE_OFFSTUMP,FULL,13,7,1,11.14,7.0,13.0,India
1283740,Ihsanullah,pace bowler,Right Fast,ON_THE_STUMPS,YORKER,5,7,1,4.29,7.0,5.0,Pakistan
820689,Shamar Springer,pace bowler,Right Fast,ON_THE_STUMPS,FULL_TOSS,6,7,1,5.14,7.0,6.0,West Indies
12461,Jade Dernbach,pace bowler,Right Fast,ON_THE_STUMPS,GOOD_LENGTH,9,7,1,7.71,7.0,9.0,England
1206495,Kuldip Yadav,pace bowler,Left Fast,OUTSIDE_OFFSTUMP,FULL,4,7,1,3.43,7.0,4.0,India
1162378,Chamindu Wijesinghe,pace bowler,Right Fast,ON_THE_STUMPS,SHORT_OF_A_GOOD_LENGTH,6,7,2,5.14,3.5,3.0,Sri Lanka
1131619,Sudhesan Midhun,spin bowler,Right Wrist Spin,ON_THE_STUMPS,GOOD_LENGTH,10,7,1,8.57,7.0,10.0,India
1175458,Akash Singh,pace bowler,Left Fast,OUTSIDE_OFFSTUMP,FULL_TOSS,13,7,1,11.14,7.0,13.0,India
914467,Anderson Phillip,pace bowler,Right Fast,OUTSIDE_OFFSTUMP,FULL_TOSS,8,7,2,6.86,3.5,4.0,West Indies
974175,Fazalhaq Farooqi,pace bowler,Left Fast,WIDE_OUTSIDE_OFFSTUMP,YORKER,2,7,1,1.71,7.0,2.0,Afghanistan
379887,Lizaad Williams,pace bowler,Right Fast,DOWN_LEG,SHORT,17,7,1,14.57,7.0,17.0,South Africa
379887,Lizaad Williams,pace bowler,Right Fast,WIDE_OUTSIDE_OFFSTUMP,SHORT_OF_A_GOOD_LENGTH,4,7,1,3.43,7.0,4.0,South Africa
653695,Matt Parkinson,spin bowler,Right Wrist Spin,WIDE_OUTSIDE_OFFSTUMP,FULL,5,7,2,4.29,3.5,2.5,England
1241277,Muhammad Waseem,pace bowler,Right Medium,OUTSIDE_OFFSTUMP,GOOD_LENGTH,6,7,1,5.14,7.0,6.0,United Arab Emirates
6903,Clint McKay,pace bowler,Right Fast,OUTSIDE_OFFSTUMP,GOOD_LENGTH,14,7,1,12.0,7.0,14.0,Australia
371814,Kevon Cooper,pace bowler,Right Medium,DOWN_LEG,GOOD_LENGTH,9,7,1,7.71,7.0,9.0,West Indies
807469,Thikshila de Silva,pace bowler,Right Fast,OUTSIDE_OFFSTUMP,FULL,16,7,1,13.71,7.0,16.0,Sri Lanka
1077063,Suminda Lakshan,spin bowler,Right Wrist Spin,ON_THE_STUMPS,SHORT_OF_A_GOOD_LENGTH,6,7,1,5.14,7.0,6.0,Sri Lanka
371814,Kevon Cooper,pace bowler,Right Medium,DOWN_LEG,SHORT_OF_A_GOOD_LENGTH,11,7,1,9.43,7.0,11.0,West Indies
643133,Daniel Doram,spin bowler,Left Off Spin,OUTSIDE_OFFSTUMP,FULL,5,7,2,4.29,3.5,2.5,
971349,Nandre Burger,pace bowler,Left Fast,WIDE_OUTSIDE_OFFSTUMP,SHORT,17,7,1,14.57,7.0,17.0,South Africa
807469,Thikshila de Silva,pace bowler,Right Fast,OUTSIDE_OFFSTUMP,SHORT,9,7,1,7.71,7.0,9.0,Sri Lanka
501907,Daryn Dupavillon,pace bowler,Right Fast,DOWN_LEG,GOOD_LENGTH,15,7,1,12.86,7.0,15.0,South Africa
270493,Andrew Fekete,pace bowler,Right Fast,OUTSIDE_OFFSTUMP,SHORT_OF_A_GOOD_LENGTH,14,7,1,12.0,7.0,14.0,Australia
37749,Nathan McCullum,spin bowler,Right Off Spin,OUTSIDE_OFFSTUMP,SHORT,11,7,1,9.43,7.0,11.0,New Zealand
1161034,Raunaq Kapur,spin bowler,Right Off Spin,OUTSIDE_OFFSTUMP,GOOD_LENGTH,16,7,1,13.71,7.0,16.0,
1328438,Sabir Ali,pace bowler,Left Fast,ON_THE_STUMPS,SHORT_OF_A_GOOD_LENGTH,19,7,1,16.29,7.0,19.0,United Arab Emirates
493773,Lockie Ferguson,pace bowler,Right Fast,WIDE_OUTSIDE_OFFSTUMP,SHORT,6,7,2,5.14,3.5,3.0,New Zealand
547756,Brett Hampton,pace bowler,Right Fast,ON_THE_STUMPS,FULL,16,7,1,13.71,7.0,16.0,New Zealand
1058924,Nasrulla Rana,pace bowler,Right Fast,ON_THE_STUMPS,FULL_TOSS,12,7,1,10.29,7.0,12.0,Hong Kong
605683,Migael Pretorius,pace bowler,Right Fast,WIDE_OUTSIDE_OFFSTUMP,FULL,21,7,1,18.0,7.0,21.0,South Africa
53118,Dwayne Smith,pace bowler,Right Medium,ON_THE_STUMPS,SHORT,4,7,1,3.43,7.0,4.0,West Indies
381006,Thomas Kaber,spin bowler,Left Wrist Spin,OUTSIDE_OFFSTUMP,SHORT_OF_A_GOOD_LENGTH,11,7,1,9.43,7.0,11.0,South Africa
27223,Stuart Binny,pace bowler,Right Medium,ON_THE_STUMPS,SHORT,8,7,1,6.86,7.0,8.0,India
777815,Vijaykumar Vyshak,pace bowler,Right Medium,WIDE_OUTSIDE_OFFSTUMP,GOOD_LENGTH,10,7,1,8.57,7.0,10.0,India
273439,Sachithra Senanayake,spin bowler,Right Off Spin,OUTSIDE_OFFSTUMP,SHORT_OF_A_GOOD_LENGTH,9,7,1,7.71,7.0,9.0,Sri Lanka
1337527,Hamish McKenzie,spin bowler,Left Wrist Spin,ON_THE_STUMPS,SHORT_OF_A_GOOD_LENGTH,10,7,1,8.57,7.0,10.0,Australia
55633,Chris Mpofu,pace bowler,Right Fast,ON_THE_STUMPS,SHORT_OF_A_GOOD_LENGTH,20,7,2,17.14,3.5,10.0,Zimbabwe
453289,Neville Madziva,pace bowler,Right Fast,OUTSIDE_OFFSTUMP,FULL_TOSS,11,7,1,9.43,7.0,11.0,Zimbabwe
37749,Nathan McCullum,spin bowler,Right Off Spin,OUTSIDE_OFFSTUMP,FULL,15,7,1,12.86,7.0,15.0,New Zealand
1209190,Matthew Forde,pace bowler,Right Medium,OUTSIDE_OFFSTUMP,YORKER,5,7,1,4.29,7.0,5.0,West Indies
1070196,Yash Thakur,pace bowler,Right Fast,WIDE_OUTSIDE_OFFSTUMP,FULL_TOSS,15,7,2,12.86,3.5,7.5,India
447439,Ishwar Pandey,pace bowler,Right Medium,ON_THE_STUMPS,SHORT_OF_A_GOOD_LENGTH,1,7,1,0.86,7.0,1.0,India
49013,Manjula Guruge,pace bowler,Left Fast,OUTSIDE_OFFSTUMP,GOOD_LENGTH,8,7,1,6.86,7.0,8.0,United Arab Emirates
450101,Raymon Reifer,pace bowler,Left Fast,ON_THE_STUMPS,YORKER,7,7,1,6.0,7.0,7.0,West Indies
1261866,John Turner,pace bowler,Right Fast,OUTSIDE_OFFSTUMP,SHORT_OF_A_GOOD_LENGTH,8,7,2,6.86,3.5,4.0,England
272465,James Pattinson,pace bowler,Right Fast,ON_THE_STUMPS,SHORT,13,7,1,11.14,7.0,13.0,Australia
378496,Parvez Rasool,spin bowler,Right Off Spin,WIDE_OUTSIDE_OFFSTUMP,GOOD_LENGTH,10,7,1,8.57,7.0,10.0,India
333782,Timm van der Gugten,pace bowler,Right Fast,ON_THE_STUMPS,FULL_TOSS,11,7,1,9.43,7.0,11.0,Netherlands
55346,Graeme Cremer,spin bowler,Right Wrist Spin,WIDE_OUTSIDE_OFFSTUMP,GOOD_LENGTH,6,7,1,5.14,7.0,6.0,Zimbabwe
459761,Ben Raine,pace bowler,Right Fast,ON_THE_STUMPS,FULL,8,7,1,6.86,7.0,8.0,England
459761,Ben Raine,pace bowler,Right Fast,OUTSIDE_OFFSTUMP,FULL,15,7,1,12.86,7.0,15.0,England
1328736,Mohamed Shafeeq,pace bowler,Right Medium,ON_THE_STUMPS,FULL,16,7,1,13.71,7.0,16.0,Kuwait
623636,Kamran Ghulam,spin bowler,Left Off Spin,OUTSIDE_OFFSTUMP,GOOD_LENGTH,8,7,1,6.86,7.0,8.0,Pakistan
276843,Aubrey Swanepoel,spin bowler,Right Off Spin,ON_THE_STUMPS,SHORT_OF_A_GOOD_LENGTH,15,7,1,12.86,7.0,15.0,South Africa
376462,Rana Dutta,pace bowler,Right Medium,OUTSIDE_OFFSTUMP,FULL,5,7,1,4.29,7.0,5.0,India
722303,Matt Renshaw,spin bowler,Right Off Spin,WIDE_OUTSIDE_OFFSTUMP,SHORT_OF_A_GOOD_LENGTH,9,7,1,7.71,7.0,9.0,Australia
794707,Dipendra Singh Airee,mixture/unknown,Mixed,OUTSIDE_OFFSTUMP,YORKER,8,7,1,6.86,7.0,8.0,Nepal
1077307,Kaleemullah,pace bowler,Right Medium,OUTSIDE_OFFSTUMP,FULL,13,7,1,11.14,7.0,13.0,Oman
227758,Imad Wasim,spin bowler,Left Off Spin,ON_THE_STUMPS,YORKER,1,7,1,0.86,7.0,1.0,Pakistan
35731,Vinay Kumar,pace bowler,Right Medium,DOWN_LEG,FULL_TOSS,22,7,1,18.86,7.0,22.0,India
1209110,Basil Hameed,spin bowler,Right Off Spin,DOWN_LEG,SHORT_OF_A_GOOD_LENGTH,6,7,1,5.14,7.0,6.0,United Arab Emirates
447439,Ishwar Pandey,pace bowler,Right Medium,WIDE_OUTSIDE_OFFSTUMP,GOOD_LENGTH,6,7,1,5.14,7.0,6.0,India
1021025,Muhammad Amir,spin bowler,Left Off Spin,OUTSIDE_OFFSTUMP,FULL,7,7,1,6.0,7.0,7.0,Malaysia
1163686,Abhijeet Saket,pace bowler,Right Medium,OUTSIDE_OFFSTUMP,SHORT,18,7,1,15.43,7.0,18.0,India
794311,Louis Delport,spin bowler,Left Off Spin,WIDE_OUTSIDE_OFFSTUMP,GOOD_LENGTH,13,7,1,11.14,7.0,13.0,New Zealand
55346,Graeme Cremer,spin bowler,Right Wrist Spin,OUTSIDE_OFFSTUMP,SHORT,9,7,1,7.71,7.0,9.0,Zimbabwe
1284669,Usman Khalid,mixture/unknown,Mixed,WIDE_OUTSIDE_OFFSTUMP,SHORT_OF_A_GOOD_LENGTH,3,7,1,2.57,7.0,3.0,Saudi Arabia
459761,Ben Raine,pace bowler,Right Fast,OUTSIDE_OFFSTUMP,SHORT_OF_A_GOOD_LENGTH,9,7,2,7.71,3.5,4.5,England
1362934,Michael Charlie,pace bowler,Right Medium,ON_THE_STUMPS,GOOD_LENGTH,10,7,1,8.57,7.0,10.0,Papua New Guinea
493773,Lockie Ferguson,pace bowler,Right Fast,WIDE_OUTSIDE_OFFSTUMP,FULL_TOSS,14,7,1,12.0,7.0,14.0,New Zealand
679567,Ben Dwarshuis,pace bowler,Left Fast,WIDE_OUTSIDE_OFFSTUMP,YORKER,3,7,1,2.57,7.0,3.0,Australia
56007,Mashrafe Mortaza,pace bowler,Right Fast,DOWN_LEG,FULL,9,7,1,7.71,7.0,9.0,Bangladesh
371814,Kevon Cooper,pace bowler,Right Medium,WIDE_OUTSIDE_OFFSTUMP,GOOD_LENGTH,11,7,2,9.43,3.5,5.5,West Indies
559066,Ish Sodhi,spin bowler,Right Wrist Spin,DOWN_LEG,SHORT,13,7,2,11.14,3.5,6.5,New Zealand
1130463,Arshad Iqbal,pace bowler,Right Fast,DOWN_LEG,GOOD_LENGTH,8,7,2,6.86,3.5,4.0,Pakistan
362710,David Payne,pace bowler,Left Fast,ON_THE_STUMPS,FULL_TOSS,26,7,1,22.29,7.0,26.0,England
557298,Daniel Worrall,pace bowler,Right Fast,OUTSIDE_OFFSTUMP,YORKER,7,7,2,6.0,3.5,3.5,Australia
1249564,Ahmed Daniyal,pace bowler,Right Fast,DOWN_LEG,SHORT,8,7,1,6.86,7.0,8.0,Pakistan
1124737,Renaldo Meyer,pace bowler,Right Fast,OUTSIDE_OFFSTUMP,FULL,13,7,1,11.14,7.0,13.0,South Africa
605681,Evan Jones,pace bowler,Right Fast,ON_THE_STUMPS,SHORT,19,7,1,16.29,7.0,19.0,South Africa
553249,Bjorn Fortuin,spin bowler,Left Off Spin,WIDE_OUTSIDE_OFFSTUMP,FULL,7,7,1,6.0,7.0,7.0,South Africa
440522,Logan van Beek,pace bowler,Right Fast,ON_THE_STUMPS,YORKER,5,7,2,4.29,3.5,2.5,Netherlands
633697,Shahrukh Quddus,pace bowler,Right Medium,OUTSIDE_OFFSTUMP,SHORT,13,7,1,11.14,7.0,13.0,Kuwait
625960,Kyle Jamieson,pace bowler,Right Fast,ON_THE_STUMPS,YORKER,4,7,2,3.43,3.5,2.0,New Zealand
685831,Luqman Butt,pace bowler,Right Fast,ON_THE_STUMPS,GOOD_LENGTH,12,7,1,10.29,7.0,12.0,Cambodia
326639,Simon Milenko,pace bowler,Right Medium,OUTSIDE_OFFSTUMP,FULL,15,7,1,12.86,7.0,15.0,Australia
596010,Gerald Coetzee,pace bowler,Right Fast,WIDE_OUTSIDE_OFFSTUMP,FULL_TOSS,14,7,1,12.0,7.0,14.0,South Africa
1163488,Rejaur Rahman Raja,pace bowler,Right Medium,WIDE_OUTSIDE_OFFSTUMP,GOOD_LENGTH,6,7,1,5.14,7.0,6.0,Bangladesh
362541,Doug Bracewell,pace bowler,Right Fast,WIDE_OUTSIDE_OFFSTUMP,GOOD_LENGTH,11,7,1,9.43,7.0,11.0,New Zealand
1126213,Ninad Rathva,spin bowler,Left Off Spin,ON_THE_STUMPS,FULL,8,7,1,6.86,7.0,8.0,India
230554,Javon Searles,pace bowler,Right Fast,ON_THE_STUMPS,SHORT,14,7,1,12.0,7.0,14.0,West Indies
596010,Gerald Coetzee,pace bowler,Right Fast,WIDE_OUTSIDE_OFFSTUMP,SHORT_OF_A_GOOD_LENGTH,7,7,1,6.0,7.0,7.0,South Africa
52997,Shane Shillingford,spin bowler,Right Off Spin,OUTSIDE_OFFSTUMP,SHORT,14,7,1,12.0,7.0,14.0,West Indies
1203669,Akif Javed,pace bowler,Left Fast,DOWN_LEG,FULL,7,7,2,6.0,3.5,3.5,Pakistan
230553,Kemar Roach,pace bowler,Right Fast,ON_THE_STUMPS,FULL_TOSS,12,7,2,10.29,3.5,6.0,West Indies
348049,Nasum Ahmed,spin bowler,Left Off Spin,ON_THE_STUMPS,YORKER,4,7,1,3.43,7.0,4.0,Bangladesh
43524,Umar Gul,pace bowler,Right Fast,ON_THE_STUMPS,SHORT_OF_A_GOOD_LENGTH,3,7,2,2.57,3.5,1.5,Pakistan
1176126,Satish Jangir,spin bowler,Right Off Spin,OUTSIDE_OFFSTUMP,GOOD_LENGTH,5,7,1,4.29,7.0,5.0,India
545467,Junior Dala,pace bowler,Right Medium,DOWN_LEG,GOOD_LENGTH,11,7,1,9.43,7.0,11.0,South Africa
55705,Tinashe Panyangara,pace bowler,Right Fast,ON_THE_STUMPS,FULL,9,7,2,7.71,3.5,4.5,Zimbabwe
288305,Shafiul Islam,pace bowler,Right Fast,DOWN_LEG,GOOD_LENGTH,14,7,1,12.0,7.0,14.0,Bangladesh
1069820,Ben Shikongo,pace bowler,Right Fast,OUTSIDE_OFFSTUMP,GOOD_LENGTH,6,7,1,5.14,7.0,6.0,Namibia
1135340,Mukhtar Hussain,pace bowler,Right Medium,ON_THE_STUMPS,GOOD_LENGTH,5,7,1,4.29,7.0,5.0,India
455463,Aamir Kaleem,spin bowler,Left Off Spin,ON_THE_STUMPS,GOOD_LENGTH,13,7,1,11.14,7.0,13.0,Oman
381183,Evan Gulbis,pace bowler,Right Medium,ON_THE_STUMPS,SHORT,11,7,1,9.43,7.0,11.0,Australia
1080812,Danru Ferns,pace bowler,Right Medium,WIDE_OUTSIDE_OFFSTUMP,GOOD_LENGTH,6,7,2,5.14,3.5,3.0,New Zealand
971349,Nandre Burger,pace bowler,Left Fast,ON_THE_STUMPS,YORKER,3,7,3,2.57,2.33,1.0,South Africa
341593,Devendra Bishoo,spin bowler,Right Wrist Spin,ON_THE_STUMPS,SHORT,10,7,1,8.57,7.0,10.0,West Indies
596010,Gerald Coetzee,pace bowler,Right Fast,DOWN_LEG,SHORT,20,7,2,17.14,3.5,10.0,South Africa
1070665,Dewald Brevis,spin bowler,Right Wrist Spin,ON_THE_STUMPS,FULL,5,7,1,4.29,7.0,5.0,South Africa
1058989,Aryan Lakra,spin bowler,Left Off Spin,OUTSIDE_OFFSTUMP,GOOD_LENGTH,4,6,1,4.0,6.0,4.0,United Arab Emirates
547766,Jacob Duffy,pace bowler,Right Fast,ON_THE_STUMPS,FULL_TOSS,9,6,2,9.0,3.0,4.5,New Zealand
681351,Khurram Shahzad,pace bowler,Right Fast,ON_THE_STUMPS,SHORT_OF_A_GOOD_LENGTH,6,6,1,6.0,6.0,6.0,Pakistan
1012137,Mrittunjoy Chowdhury,pace bowler,Left Fast,ON_THE_STUMPS,YORKER,2,6,2,2.0,3.0,1.0,Bangladesh
671901,Mohammad Enamul,spin bowler,Right Off Spin,OUTSIDE_OFFSTUMP,GOOD_LENGTH,2,6,1,2.0,6.0,2.0,Bangladesh
622772,Michael Rae,pace bowler,Right Fast,OUTSIDE_OFFSTUMP,FULL_TOSS,13,6,1,13.0,6.0,13.0,New Zealand
1026379,Henry Brookes,pace bowler,Right Fast,OUTSIDE_OFFSTUMP,SHORT,14,6,1,14.0,6.0,14.0,England
1076387,Arish Ali Khan,spin bowler,Left Off Spin,OUTSIDE_OFFSTUMP,FULL,8,6,1,8.0,6.0,8.0,Pakistan
629080,Binura Fernando,pace bowler,Left Fast,DOWN_LEG,FULL_TOSS,7,6,2,7.0,3.0,3.5,Sri Lanka
1076713,Cameron Green,pace bowler,Right Fast,DOWN_LEG,GOOD_LENGTH,12,6,1,12.0,6.0,12.0,Australia
772061,Sam Cook,pace bowler,Right Fast,ON_THE_STUMPS,FULL_TOSS,15,6,1,15.0,6.0,15.0,England
629080,Binura Fernando,pace bowler,Left Fast,WIDE_OUTSIDE_OFFSTUMP,FULL,11,6,1,11.0,6.0,11.0,Sri Lanka
738445,Mohammad Shahzad,pace bowler,Right Fast,ON_THE_STUMPS,SHORT_OF_A_GOOD_LENGTH,10,6,1,10.0,6.0,10.0,United Arab Emirates
631545,Matthew Carter,spin bowler,Right Off Spin,ON_THE_STUMPS,FULL,3,6,2,3.0,3.0,1.5,England
990161,Hasan Murad,spin bowler,Left Off Spin,WIDE_OUTSIDE_OFFSTUMP,GOOD_LENGTH,5,6,1,5.0,6.0,5.0,Bangladesh
24599,Boyd Rankin,pace bowler,Right Fast,DOWN_LEG,SHORT_OF_A_GOOD_LENGTH,1,6,1,1.0,6.0,1.0,Ireland
1083033,Kulwant Khejroliya,pace bowler,Left Fast,ON_THE_STUMPS,FULL_TOSS,15,6,1,15.0,6.0,15.0,India
747315,Nathan Sowter,spin bowler,Right Wrist Spin,WIDE_OUTSIDE_OFFSTUMP,FULL,13,6,1,13.0,6.0,13.0,England
707113,Tom Bruce,spin bowler,Right Off Spin,DOWN_LEG,GOOD_LENGTH,9,6,1,9.0,6.0,9.0,New Zealand
696297,Ziyaad Abrahams,pace bowler,Right Fast,OUTSIDE_OFFSTUMP,SHORT_OF_A_GOOD_LENGTH,7,6,1,7.0,6.0,7.0,South Africa
553800,Chris Tremain,pace bowler,Right Fast,WIDE_OUTSIDE_OFFSTUMP,FULL_TOSS,7,6,1,7.0,6.0,7.0,Australia
574178,Akila Dananjaya,spin bowler,Mixed,ON_THE_STUMPS,YORKER,5,6,1,5.0,6.0,5.0,Sri Lanka
24599,Boyd Rankin,pace bowler,Right Fast,ON_THE_STUMPS,FULL,10,6,1,10.0,6.0,10.0,Ireland
599402,Matthew Bacon,pace bowler,Right Medium,OUTSIDE_OFFSTUMP,SHORT_OF_A_GOOD_LENGTH,9,6,1,9.0,6.0,9.0,New Zealand
10582,Ravi Bopara,pace bowler,Right Medium,ON_THE_STUMPS,YORKER,3,6,1,3.0,6.0,3.0,England
1410354,Muhammad Rohid,pace bowler,Left Fast,ON_THE_STUMPS,FULL,2,6,2,2.0,3.0,1.0,
595036,Bamanye Xenxe,pace bowler,Right Fast,OUTSIDE_OFFSTUMP,SHORT,6,6,2,6.0,3.0,3.0,South Africa
709675,James Bazley,pace bowler,Right Fast,DOWN_LEG,GOOD_LENGTH,9,6,1,9.0,6.0,9.0,Australia
599385,Ian McPeake,pace bowler,Right Fast,ON_THE_STUMPS,FULL,11,6,1,11.0,6.0,11.0,New Zealand
956871,Prerak Mankad,pace bowler,Right Medium,OUTSIDE_OFFSTUMP,FULL,9,6,1,9.0,6.0,9.0,India
749693,Derval Green,pace bowler,Right Fast,ON_THE_STUMPS,GOOD_LENGTH,7,6,1,7.0,6.0,7.0,West Indies
1076852,Liam Bowe,spin bowler,Left Wrist Spin,DOWN_LEG,GOOD_LENGTH,15,6,1,15.0,6.0,15.0,Australia
5681,Brad Hogg,spin bowler,Left Wrist Spin,WIDE_OUTSIDE_OFFSTUMP,FULL,16,6,1,16.0,6.0,16.0,Australia
594335,Kerwin Mungroo,pace bowler,Right Fast,ON_THE_STUMPS,FULL,8,6,1,8.0,6.0,8.0,South Africa
1081442,Mayank Markande,spin bowler,Right Wrist Spin,OUTSIDE_OFFSTUMP,SHORT,19,6,1,19.0,6.0,19.0,India
550189,Dayyaan Galiem,pace bowler,Right Fast,WIDE_OUTSIDE_OFFSTUMP,FULL,8,6,1,8.0,6.0,8.0,South Africa
641423,Dan Lawrence,spin bowler,Right Off Spin,WIDE_OUTSIDE_OFFSTUMP,FULL,12,6,1,12.0,6.0,12.0,England
1071484,Brian Bennett,spin bowler,Right Off Spin,ON_THE_STUMPS,GOOD_LENGTH,5,6,1,5.0,6.0,5.0,Zimbabwe
633660,Virandeep Singh,spin bowler,Left Off Spin,ON_THE_STUMPS,FULL,10,6,1,10.0,6.0,10.0,Malaysia
696143,Shane Snater,pace bowler,Right Fast,ON_THE_STUMPS,FULL,9,6,1,9.0,6.0,9.0,Netherlands
541224,Luke Jongwe,pace bowler,Right Fast,ON_THE_STUMPS,YORKER,3,6,2,3.0,3.0,1.5,Zimbabwe
594322,Corbin Bosch,pace bowler,Right Fast,ON_THE_STUMPS,YORKER,7,6,1,7.0,6.0,7.0,South Africa
1030549,Andrew Hazeldine,pace bowler,Left Fast,OUTSIDE_OFFSTUMP,SHORT,9,6,1,9.0,6.0,9.0,New Zealand
643433,George Garton,pace bowler,Left Fast,ON_THE_STUMPS,YORKER,1,6,1,1.0,6.0,1.0,England
698143,Lutho Sipamla,pace bowler,Right Fast,ON_THE_STUMPS,FULL,9,6,1,9.0,6.0,9.0,South Africa
681117,Faheem Ashraf,pace bowler,Right Medium,WIDE_OUTSIDE_OFFSTUMP,FULL_TOSS,20,6,1,20.0,6.0,20.0,Pakistan
1076713,Cameron Green,pace bowler,Right Fast,OUTSIDE_OFFSTUMP,FULL_TOSS,11,6,1,11.0,6.0,11.0,Australia
629066,Jubair Hossain,spin bowler,Right Wrist Spin,ON_THE_STUMPS,GOOD_LENGTH,10,6,1,10.0,6.0,10.0,Bangladesh
1076713,Cameron Green,pace bowler,Right Fast,OUTSIDE_OFFSTUMP,YORKER,3,6,1,3.0,6.0,3.0,Australia
553800,Chris Tremain,pace bowler,Right Fast,ON_THE_STUMPS,FULL_TOSS,11,6,1,11.0,6.0,11.0,Australia
555853,Mark Steketee,pace bowler,Right Fast,OUTSIDE_OFFSTUMP,YORKER,7,6,1,7.0,6.0,7.0,Australia
1070196,Yash Thakur,pace bowler,Right Fast,DOWN_LEG,FULL_TOSS,20,6,1,20.0,6.0,20.0,India
539305,Haseeb Amjad,pace bowler,Right Fast,OUTSIDE_OFFSTUMP,SHORT_OF_A_GOOD_LENGTH,9,6,1,9.0,6.0,9.0,Hong Kong
700167,Navdeep Saini,pace bowler,Right Fast,WIDE_OUTSIDE_OFFSTUMP,FULL_TOSS,11,6,1,11.0,6.0,11.0,India
698319,Beyers Swanepoel,pace bowler,Right Fast,WIDE_OUTSIDE_OFFSTUMP,FULL,1,6,2,1.0,3.0,0.5,South Africa
1411895,Omid Shafi Rahman,pace bowler,Right Medium,ON_THE_STUMPS,GOOD_LENGTH,6,6,1,6.0,6.0,6.0,
571703,Wellington Masakadza,spin bowler,Left Off Spin,WIDE_OUTSIDE_OFFSTUMP,SHORT_OF_A_GOOD_LENGTH,6,6,1,6.0,6.0,6.0,Zimbabwe
1079848,Shivam Mavi,pace bowler,Right Fast,WIDE_OUTSIDE_OFFSTUMP,SHORT,12,6,1,12.0,6.0,12.0,India
962831,Henry Shipley,pace bowler,Right Fast,WIDE_OUTSIDE_OFFSTUMP,SHORT,21,6,1,21.0,6.0,21.0,New Zealand
1000791,Bradley Currie,pace bowler,Left Fast,ON_THE_STUMPS,FULL,4,6,1,4.0,6.0,4.0,Scotland
1050545,Xavier Bartlett,pace bowler,Right Fast,ON_THE_STUMPS,FULL_TOSS,11,6,1,11.0,6.0,11.0,Australia
681067,Akif Raja,pace bowler,Right Fast,WIDE_OUTSIDE_OFFSTUMP,GOOD_LENGTH,8,6,1,8.0,6.0,8.0,United Arab Emirates
1402359,Jahandad Khan,pace bowler,Left Fast,DOWN_LEG,SHORT_OF_A_GOOD_LENGTH,4,6,1,4.0,6.0,4.0,
550137,Abu Hider,pace bowler,Left Fast,ON_THE_STUMPS,YORKER,2,6,2,2.0,3.0,1.0,Bangladesh
539305,Haseeb Amjad,pace bowler,Right Fast,WIDE_OUTSIDE_OFFSTUMP,GOOD_LENGTH,10,6,1,10.0,6.0,10.0,Hong Kong
749693,Derval Green,pace bowler,Right Fast,OUTSIDE_OFFSTUMP,GOOD_LENGTH,6,6,1,6.0,6.0,6.0,West Indies
639140,Matt Milnes,pace bowler,Right Fast,ON_THE_STUMPS,SHORT_OF_A_GOOD_LENGTH,9,6,1,9.0,6.0,9.0,England
1070196,Yash Thakur,pace bowler,Right Fast,DOWN_LEG,SHORT_OF_A_GOOD_LENGTH,6,6,1,6.0,6.0,6.0,India
675945,Nahidul Islam,spin bowler,Right Off Spin,WIDE_OUTSIDE_OFFSTUMP,FULL,11,6,1,11.0,6.0,11.0,Bangladesh
422092,Vikum Sanjaya,pace bowler,Right Fast,OUTSIDE_OFFSTUMP,FULL_TOSS,19,6,1,19.0,6.0,19.0,Sri Lanka
351588,Mark Wood,pace bowler,Right Fast,DOWN_LEG,FULL_TOSS,13,6,1,13.0,6.0,13.0,England
784379,Wanindu Hasaranga de Silva,spin bowler,Right Wrist Spin,ON_THE_STUMPS,SHORT,16,6,1,16.0,6.0,16.0,Sri Lanka
276843,Aubrey Swanepoel,spin bowler,Right Off Spin,OUTSIDE_OFFSTUMP,SHORT_OF_A_GOOD_LENGTH,13,6,2,13.0,3.0,6.5,South Africa
362710,David Payne,pace bowler,Left Fast,DOWN_LEG,FULL,13,6,1,13.0,6.0,13.0,England
364343,Craig Young,pace bowler,Right Fast,ON_THE_STUMPS,YORKER,6,6,1,6.0,6.0,6.0,Ireland
784379,Wanindu Hasaranga de Silva,spin bowler,Right Wrist Spin,OUTSIDE_OFFSTUMP,SHORT,19,6,1,19.0,6.0,19.0,Sri Lanka
914467,Anderson Phillip,pace bowler,Right Fast,OUTSIDE_OFFSTUMP,SHORT,4,6,1,4.0,6.0,4.0,West Indies
275658,Michael Hogan,pace bowler,Right Fast,WIDE_OUTSIDE_OFFSTUMP,GOOD_LENGTH,10,6,1,10.0,6.0,10.0,Australia
29655,Shadab Jakati,spin bowler,Left Off Spin,DOWN_LEG,GOOD_LENGTH,4,6,1,4.0,6.0,4.0,India
1163855,Hayden Kerr,pace bowler,Left Fast,OUTSIDE_OFFSTUMP,FULL_TOSS,14,6,2,14.0,3.0,7.0,Australia
370040,Jeffrey Vandersay,spin bowler,Right Wrist Spin,OUTSIDE_OFFSTUMP,SHORT,22,6,1,22.0,6.0,22.0,Sri Lanka
277906,Kane Williamson,spin bowler,Right Off Spin,OUTSIDE_OFFSTUMP,SHORT_OF_A_GOOD_LENGTH,8,6,1,8.0,6.0,8.0,New Zealand
459257,Tymal Mills,pace bowler,Left Fast,ON_THE_STUMPS,YORKER,1,6,2,1.0,3.0,0.5,England
29264,Harbhajan Singh,spin bowler,Right Off Spin,ON_THE_STUMPS,SHORT,6,6,1,6.0,6.0,6.0,India
359746,Saad Bin Zafar,spin bowler,Left Off Spin,OUTSIDE_OFFSTUMP,FULL,7,6,1,7.0,6.0,7.0,Canada
1206495,Kuldip Yadav,pace bowler,Left Fast,WIDE_OUTSIDE_OFFSTUMP,FULL,11,6,1,11.0,6.0,11.0,India
1207297,CTL Rakshan,pace bowler,Right Medium,ON_THE_STUMPS,FULL,3,6,2,3.0,3.0,1.5,
375724,Kamrul Islam,pace bowler,Right Fast,DOWN_LEG,SHORT_OF_A_GOOD_LENGTH,6,6,1,6.0,6.0,6.0,Bangladesh
228622,John Hastings,pace bowler,Right Fast,OUTSIDE_OFFSTUMP,FULL_TOSS,22,6,1,22.0,6.0,22.0,Australia
914467,Anderson Phillip,pace bowler,Right Fast,ON_THE_STUMPS,FULL_TOSS,14,6,1,14.0,6.0,14.0,West Indies
1163488,Rejaur Rahman Raja,pace bowler,Right Medium,ON_THE_STUMPS,YORKER,4,6,1,4.0,6.0,4.0,Bangladesh
909225,Paul Walter,pace bowler,Left Medium,ON_THE_STUMPS,SHORT,9,6,1,9.0,6.0,9.0,England
376324,Anureet Singh,pace bowler,Right Medium,DOWN_LEG,SHORT_OF_A_GOOD_LENGTH,9,6,1,9.0,6.0,9.0,India
446101,Shannon Gabriel,pace bowler,Right Fast,ON_THE_STUMPS,SHORT_OF_A_GOOD_LENGTH,6,6,1,6.0,6.0,6.0,West Indies
447439,Ishwar Pandey,pace bowler,Right Medium,ON_THE_STUMPS,SHORT,16,6,1,16.0,6.0,16.0,India
227712,Ashok Dinda,pace bowler,Right Fast,DOWN_LEG,FULL,3,6,1,3.0,6.0,3.0,India
371814,Kevon Cooper,pace bowler,Right Medium,ON_THE_STUMPS,SHORT_OF_A_GOOD_LENGTH,4,6,1,4.0,6.0,4.0,West Indies
274921,Veerasammy Permaul,spin bowler,Left Off Spin,ON_THE_STUMPS,SHORT,12,6,1,12.0,6.0,12.0,West Indies
446810,Nazmul Islam,spin bowler,Left Off Spin,WIDE_OUTSIDE_OFFSTUMP,FULL,15,6,1,15.0,6.0,15.0,Bangladesh
373539,Robiul Islam Robi,spin bowler,Right Off Spin,ON_THE_STUMPS,FULL,3,6,1,3.0,6.0,3.0,Bangladesh
1206039,Akash Madhwal,pace bowler,Right Fast,WIDE_OUTSIDE_OFFSTUMP,FULL_TOSS,17,6,1,17.0,6.0,17.0,India
1206039,Akash Madhwal,pace bowler,Right Fast,ON_THE_STUMPS,SHORT,1,6,2,1.0,3.0,0.5,India
348056,Kyle Mayers,pace bowler,Right Medium,DOWN_LEG,SHORT,18,6,1,18.0,6.0,18.0,West Indies
1252337,Prashant Solanki,spin bowler,Right Wrist Spin,ON_THE_STUMPS,FULL,12,6,1,12.0,6.0,12.0,India
348056,Kyle Mayers,pace bowler,Right Medium,WIDE_OUTSIDE_OFFSTUMP,YORKER,1,6,1,1.0,6.0,1.0,West Indies
348059,Barry McCarthy,pace bowler,Right Fast,DOWN_LEG,SHORT,14,6,1,14.0,6.0,14.0,Ireland
36948,Anton Devcich,spin bowler,Left Off Spin,ON_THE_STUMPS,SHORT_OF_A_GOOD_LENGTH,5,6,1,5.0,6.0,5.0,New Zealand
348059,Barry McCarthy,pace bowler,Right Fast,WIDE_OUTSIDE_OFFSTUMP,FULL_TOSS,17,6,1,17.0,6.0,17.0,Ireland
481979,Anrich Nortje,pace bowler,Right Fast,DOWN_LEG,FULL_TOSS,8,6,1,8.0,6.0,8.0,South Africa
927619,Khaled Ahmed,pace bowler,Right Medium,OUTSIDE_OFFSTUMP,FULL_TOSS,17,6,1,17.0,6.0,17.0,Bangladesh
36948,Anton Devcich,spin bowler,Left Off Spin,DOWN_LEG,SHORT_OF_A_GOOD_LENGTH,13,6,1,13.0,6.0,13.0,New Zealand
1206052,Yudhvir Singh,pace bowler,Right Fast,ON_THE_STUMPS,SHORT_OF_A_GOOD_LENGTH,4,6,1,4.0,6.0,4.0,India
1125536,Ben Lister,pace bowler,Left Fast,WIDE_OUTSIDE_OFFSTUMP,GOOD_LENGTH,5,6,1,5.0,6.0,5.0,New Zealand
927619,Khaled Ahmed,pace bowler,Right Medium,DOWN_LEG,SHORT_OF_A_GOOD_LENGTH,9,6,1,9.0,6.0,9.0,Bangladesh
347661,Luis Reece,pace bowler,Left Medium,OUTSIDE_OFFSTUMP,FULL,5,6,1,5.0,6.0,5.0,England
43524,Umar Gul,pace bowler,Right Fast,OUTSIDE_OFFSTUMP,FULL,10,6,1,10.0,6.0,10.0,Pakistan
25967,Paras Khadka,mixture/unknown,Mixed,OUTSIDE_OFFSTUMP,FULL,2,6,1,2.0,6.0,2.0,Nepal
486679,Duanne Olivier,pace bowler,Right Fast,ON_THE_STUMPS,FULL,17,6,2,17.0,3.0,8.5,South Africa
1252522,Salman Mirza,pace bowler,Left Fast,ON_THE_STUMPS,SHORT_OF_A_GOOD_LENGTH,6,6,1,6.0,6.0,6.0,Pakistan
482478,Jan Frylinck,pace bowler,Left Fast,DOWN_LEG,GOOD_LENGTH,5,6,1,5.0,6.0,5.0,Namibia
926629,Hasan Mahmud,pace bowler,Right Fast,ON_THE_STUMPS,SHORT,14,6,1,14.0,6.0,14.0,Bangladesh
470777,Gavin Main,pace bowler,Right Fast,OUTSIDE_OFFSTUMP,FULL,3,6,2,3.0,3.0,1.5,Scotland
1125688,Mukesh Choudhary,pace bowler,Left Medium,WIDE_OUTSIDE_OFFSTUMP,FULL,20,6,1,20.0,6.0,20.0,India
1246528,Umran Malik,pace bowler,Right Fast,WIDE_OUTSIDE_OFFSTUMP,SHORT,10,6,1,10.0,6.0,10.0,India
464626,Craig Overton,pace bowler,Right Fast,ON_THE_STUMPS,FULL,10,6,1,10.0,6.0,10.0,England
854909,Blair Tickner,pace bowler,Right Fast,OUTSIDE_OFFSTUMP,FULL_TOSS,9,6,1,9.0,6.0,9.0,New Zealand
784375,Lahiru Kumara,pace bowler,Right Fast,WIDE_OUTSIDE_OFFSTUMP,FULL_TOSS,9,6,1,9.0,6.0,9.0,Sri Lanka
277955,Dhawal Kulkarni,pace bowler,Right Medium,DOWN_LEG,FULL,5,6,1,5.0,6.0,5.0,India
784375,Lahiru Kumara,pace bowler,Right Fast,WIDE_OUTSIDE_OFFSTUMP,SHORT_OF_A_GOOD_LENGTH,13,6,2,13.0,3.0,6.5,Sri Lanka
857975,Josh Tongue,pace bowler,Right Fast,OUTSIDE_OFFSTUMP,FULL,10,6,1,10.0,6.0,10.0,England
348148,Mohammad Nawaz,spin bowler,Left Off Spin,OUTSIDE_OFFSTUMP,SHORT,23,6,1,23.0,6.0,23.0,Pakistan
208657,Pieter Seelaar,spin bowler,Left Off Spin,DOWN_LEG,GOOD_LENGTH,9,6,1,9.0,6.0,9.0,Netherlands
1329941,Adwitya Bhargava,pace bowler,Right Medium,OUTSIDE_OFFSTUMP,FULL,8,6,1,8.0,6.0,8.0,Singapore
473191,Richard Gleeson,pace bowler,Right Fast,DOWN_LEG,SHORT_OF_A_GOOD_LENGTH,12,6,1,12.0,6.0,12.0,England
473191,Richard Gleeson,pace bowler,Right Fast,DOWN_LEG,FULL,13,6,1,13.0,6.0,13.0,England
826689,Pramod Madushan,pace bowler,Right Fast,ON_THE_STUMPS,YORKER,4,6,3,4.0,2.0,1.33,Sri Lanka
1125687,Rajjakuddin Ahmed,pace bowler,Right Medium,OUTSIDE_OFFSTUMP,FULL_TOSS,5,6,1,5.0,6.0,5.0,India
794707,Dipendra Singh Airee,mixture/unknown,Mixed,ON_THE_STUMPS,YORKER,2,6,1,2.0,6.0,2.0,Nepal
235519,Tendai Chisoro,mixture/unknown,Mixed,DOWN_LEG,GOOD_LENGTH,5,6,1,5.0,6.0,5.0,Zimbabwe
1159591,Tom O'Connell,spin bowler,Right Wrist Spin,OUTSIDE_OFFSTUMP,FULL_TOSS,9,6,2,9.0,3.0,4.5,Australia
833087,Mahedi Hasan,spin bowler,Right Off Spin,WIDE_OUTSIDE_OFFSTUMP,FULL_TOSS,13,6,1,13.0,6.0,13.0,Bangladesh
837611,Henry Thornton,pace bowler,Right Fast,ON_THE_STUMPS,YORKER,2,6,3,2.0,2.0,0.67,Australia
261354,Nathan Coulter-Nile,pace bowler,Right Fast,WIDE_OUTSIDE_OFFSTUMP,YORKER,7,6,1,7.0,6.0,7.0,Australia
1217359,Sayed Monib,pace bowler,Right Medium,ON_THE_STUMPS,FULL_TOSS,10,6,1,10.0,6.0,10.0,Kuwait
259551,Junaid Khan,pace bowler,Left Fast,WIDE_OUTSIDE_OFFSTUMP,GOOD_LENGTH,8,6,1,8.0,6.0,8.0,Pakistan
1159722,Simarjeet Singh,pace bowler,Right Fast,ON_THE_STUMPS,SHORT,10,6,1,10.0,6.0,10.0,India
792519,Dhananjaya Lakshan,pace bowler,Right Fast,WIDE_OUTSIDE_OFFSTUMP,SHORT_OF_A_GOOD_LENGTH,9,6,1,9.0,6.0,9.0,Sri Lanka
837611,Henry Thornton,pace bowler,Right Fast,ON_THE_STUMPS,SHORT,16,6,1,16.0,6.0,16.0,Australia
259551,Junaid Khan,pace bowler,Left Fast,OUTSIDE_OFFSTUMP,SHORT,5,6,1,5.0,6.0,5.0,Pakistan
924551,Lahiru Samarakoon,pace bowler,Right Fast,WIDE_OUTSIDE_OFFSTUMP,FULL,9,6,1,9.0,6.0,9.0,Sri Lanka
32966,Piyush Chawla,spin bowler,Right Wrist Spin,DOWN_LEG,SHORT,26,6,1,26.0,6.0,26.0,India
251721,Adam Lyth,spin bowler,Right Off Spin,OUTSIDE_OFFSTUMP,GOOD_LENGTH,7,6,1,7.0,6.0,7.0,England
1211825,William O’Rourke,pace bowler,Right Fast,WIDE_OUTSIDE_OFFSTUMP,GOOD_LENGTH,8,6,1,8.0,6.0,8.0,New Zealand
1152427,Dunith Wellalage,spin bowler,Left Off Spin,WIDE_OUTSIDE_OFFSTUMP,FULL,4,6,1,4.0,6.0,4.0,Sri Lanka
1158538,Abbas Afridi,pace bowler,Right Fast,DOWN_LEG,SHORT_OF_A_GOOD_LENGTH,3,6,1,3.0,6.0,3.0,Pakistan
244639,Harry Gurney,pace bowler,Left Fast,ON_THE_STUMPS,YORKER,9,6,1,9.0,6.0,9.0,England
32498,Yusuf Pathan,spin bowler,Right Off Spin,OUTSIDE_OFFSTUMP,SHORT_OF_A_GOOD_LENGTH,8,6,1,8.0,6.0,8.0,India
407265,Josh Davey,pace bowler,Right Fast,WIDE_OUTSIDE_OFFSTUMP,GOOD_LENGTH,16,6,1,16.0,6.0,16.0,Scotland
793441,Aamer Jamal,pace bowler,Right Medium,DOWN_LEG,GOOD_LENGTH,14,6,1,14.0,6.0,14.0,Pakistan
244497,Adil Rashid,spin bowler,Right Wrist Spin,WIDE_OUTSIDE_OFFSTUMP,FULL_TOSS,8,6,1,8.0,6.0,8.0,England
901155,Liam Hatcher,pace bowler,Right Fast,DOWN_LEG,GOOD_LENGTH,12,6,1,12.0,6.0,12.0,Australia
401540,Aizaz Khan,pace bowler,Right Fast,ON_THE_STUMPS,SHORT,3,6,1,3.0,6.0,3.0,Hong Kong
416103,Vivian Kingma,pace bowler,Right Fast,ON_THE_STUMPS,GOOD_LENGTH,12,6,1,12.0,6.0,12.0,Netherlands
414970,Safyaan Sharif,pace bowler,Right Fast,DOWN_LEG,SHORT_OF_A_GOOD_LENGTH,17,6,1,17.0,6.0,17.0,Scotland
410768,Alauddin Babu,pace bowler,Right Fast,DOWN_LEG,SHORT_OF_A_GOOD_LENGTH,11,6,1,11.0,6.0,11.0,Bangladesh
399259,Alasdair Evans,pace bowler,Right Fast,DOWN_LEG,SHORT_OF_A_GOOD_LENGTH,13,6,1,13.0,6.0,13.0,Scotland
245166,Mudassar Bukhari,pace bowler,Right Fast,OUTSIDE_OFFSTUMP,SHORT_OF_A_GOOD_LENGTH,8,6,2,8.0,3.0,4.0,Netherlands
1152427,Dunith Wellalage,spin bowler,Left Off Spin,WIDE_OUTSIDE_OFFSTUMP,GOOD_LENGTH,8,6,1,8.0,6.0,8.0,Sri Lanka
376462,Rana Dutta,pace bowler,Right Medium,OUTSIDE_OFFSTUMP,SHORT_OF_A_GOOD_LENGTH,6,6,1,6.0,6.0,6.0,India
926629,Hasan Mahmud,pace bowler,Right Medium,DOWN_LEG,YORKER,4,6,1,4.0,6.0,4.0,Bangladesh
379887,Lizaad Williams,pace bowler,Right Fast,WIDE_OUTSIDE_OFFSTUMP,FULL_TOSS,14,6,1,14.0,6.0,14.0,South Africa
230558,Sunil Narine,spin bowler,Right Off Spin,WIDE_DOWN_LEG,GOOD_LENGTH,27,6,1,27.0,6.0,27.0,West Indies
379927,Beuran Hendricks,pace bowler,Left Fast,WIDE_OUTSIDE_OFFSTUMP,SHORT_OF_A_GOOD_LENGTH,9,6,1,9.0,6.0,9.0,South Africa
1161489,Rasikh Salam,pace bowler,Right Medium,ON_THE_STUMPS,FULL_TOSS,8,6,1,8.0,6.0,8.0,India
1148776,Arjun Tendulkar,pace bowler,Left Fast,DOWN_LEG,SHORT_OF_A_GOOD_LENGTH,4,6,1,4.0,6.0,4.0,India
436677,Soumya Sarkar,pace bowler,Right Fast,DOWN_LEG,SHORT_OF_A_GOOD_LENGTH,12,6,1,12.0,6.0,12.0,Bangladesh
793467,Karim Janat,pace bowler,Right Medium,ON_THE_STUMPS,SHORT,7,6,1,7.0,6.0,7.0,Afghanistan
1241265,Aayan Afzal Khan,spin bowler,Left Off Spin,WIDE_OUTSIDE_OFFSTUMP,FULL,14,6,1,14.0,6.0,14.0,United Arab Emirates
938959,Wessly Madhevere,spin bowler,Right Off Spin,OUTSIDE_OFFSTUMP,SHORT_OF_A_GOOD_LENGTH,5,6,1,5.0,6.0,5.0,Zimbabwe
35280,RP Singh,pace bowler,Left Fast,ON_THE_STUMPS,FULL,10,6,1,10.0,6.0,10.0,India
1139520,Tanzim Hasan Sakib,pace bowler,Right Medium,WIDE_OUTSIDE_OFFSTUMP,SHORT_OF_A_GOOD_LENGTH,15,6,1,15.0,6.0,15.0,Bangladesh
794311,Louis Delport,spin bowler,Left Off Spin,OUTSIDE_OFFSTUMP,SHORT_OF_A_GOOD_LENGTH,5,6,1,5.0,6.0,5.0,New Zealand
232292,Swapnil Singh,spin bowler,Left Off Spin,ON_THE_STUMPS,FULL_TOSS,10,6,1,10.0,6.0,10.0,India
1152427,Dunith Wellalage,spin bowler,Left Off Spin,DOWN_LEG,FULL,10,6,1,10.0,6.0,10.0,Sri Lanka
1209292,Vaibhav Arora,pace bowler,Right Fast,DOWN_LEG,SHORT,12,6,1,12.0,6.0,12.0,India
942645,Khaleel Ahmed,pace bowler,Left Fast,DOWN_LEG,SHORT,7,6,1,7.0,6.0,7.0,India
429738,Lakshan Sandakan,spin bowler,Left Wrist Spin,DOWN_LEG,SHORT_OF_A_GOOD_LENGTH,10,6,1,10.0,6.0,10.0,Sri Lanka
389605,Ashish Reddy,pace bowler,Right Medium,OUTSIDE_OFFSTUMP,FULL,14,6,1,14.0,6.0,14.0,India
232435,Calum MacLeod,mixture/unknown,Mixed,ON_THE_STUMPS,FULL,8,6,1,8.0,6.0,8.0,Scotland
381006,Thomas Kaber,spin bowler,Left Wrist Spin,WIDE_OUTSIDE_OFFSTUMP,FULL,8,6,1,8.0,6.0,8.0,South Africa
1150772,Tom Hartley,spin bowler,Left Off Spin,DOWN_LEG,GOOD_LENGTH,11,6,1,11.0,6.0,11.0,England
46248,Albie Morkel,pace bowler,Right Fast,WIDE_OUTSIDE_OFFSTUMP,GOOD_LENGTH,11,6,1,11.0,6.0,11.0,South Africa
492762,Utkarsh Jain,spin bowler,Left Off Spin,OUTSIDE_OFFSTUMP,FULL,7,6,1,7.0,6.0,7.0,
279545,Pradeep Sangwan,pace bowler,Left Medium,DOWN_LEG,SHORT,8,6,2,8.0,3.0,4.0,India
1175429,Rajvardhan Hangargekar,pace bowler,Right Fast,OUTSIDE_OFFSTUMP,FULL,5,6,1,5.0,6.0,5.0,India
332996,Kyle Jarvis,pace bowler,Right Fast,ON_THE_STUMPS,FULL_TOSS,6,6,1,6.0,6.0,6.0,Zimbabwe
308798,D'Arcy Short,spin bowler,Left Wrist Spin,WIDE_OUTSIDE_OFFSTUMP,GOOD_LENGTH,12,6,1,12.0,6.0,12.0,Australia
779937,David Moody,pace bowler,Right Fast,DOWN_LEG,SHORT_OF_A_GOOD_LENGTH,8,6,1,8.0,6.0,8.0,Australia
1324975,Krishna Pandey,pace bowler,Right Fast,OUTSIDE_OFFSTUMP,GOOD_LENGTH,1,6,1,1.0,6.0,1.0,India
1203754,Junaid Siddique,pace bowler,Right Fast,DOWN_LEG,SHORT_OF_A_GOOD_LENGTH,6,6,1,6.0,6.0,6.0,United Arab Emirates
779937,David Moody,pace bowler,Right Fast,DOWN_LEG,GOOD_LENGTH,7,6,1,7.0,6.0,7.0,Australia
1278263,Jack Jarvis,pace bowler,Right Fast,ON_THE_STUMPS,SHORT_OF_A_GOOD_LENGTH,11,6,2,11.0,3.0,5.5,
307817,Adnan Idrees,spin bowler,Right Wrist Spin,ON_THE_STUMPS,SHORT_OF_A_GOOD_LENGTH,4,6,2,4.0,3.0,2.0,Kuwait
499594,Kasun Rajitha,pace bowler,Right Fast,WIDE_OUTSIDE_OFFSTUMP,SHORT,17,6,1,17.0,6.0,17.0,Sri Lanka
25051,Mahuru Dai,mixture/unknown,Mixed,WIDE_OUTSIDE_OFFSTUMP,FULL,11,6,1,11.0,6.0,11.0,Papua New Guinea
316363,Imran Khan,pace bowler,Right Fast,ON_THE_STUMPS,YORKER,5,6,2,5.0,3.0,2.5,Pakistan
884527,Raja Farzan,spin bowler,Right Wrist Spin,ON_THE_STUMPS,GOOD_LENGTH,4,6,1,4.0,6.0,4.0,Pakistan
316363,Imran Khan,pace bowler,Right Fast,WIDE_OUTSIDE_OFFSTUMP,GOOD_LENGTH,14,6,2,14.0,3.0,7.0,Pakistan
1283740,Ihsanullah,pace bowler,Right Fast,WIDE_OUTSIDE_OFFSTUMP,SHORT,9,6,1,9.0,6.0,9.0,Pakistan
779937,David Moody,pace bowler,Right Fast,OUTSIDE_OFFSTUMP,SHORT,6,6,2,6.0,3.0,3.0,Australia
1090866,Vijay Unni,spin bowler,Right Off Spin,ON_THE_STUMPS,FULL,15,6,1,15.0,6.0,15.0,Malaysia
50205,Malinda Pushpakumara,spin bowler,Left Off Spin,ON_THE_STUMPS,FULL_TOSS,16,6,1,16.0,6.0,16.0,Sri Lanka
524845,Peter Chase,pace bowler,Right Fast,OUTSIDE_OFFSTUMP,SHORT_OF_A_GOOD_LENGTH,12,6,2,12.0,3.0,6.0,Ireland
37004,James Franklin,pace bowler,Left Medium,OUTSIDE_OFFSTUMP,SHORT_OF_A_GOOD_LENGTH,18,6,1,18.0,6.0,18.0,New Zealand
317710,Lalith Mohan,spin bowler,Left Off Spin,OUTSIDE_OFFSTUMP,FULL,5,6,1,5.0,6.0,5.0,India
333001,Tinotenda Mutombodzi,spin bowler,Right Wrist Spin,OUTSIDE_OFFSTUMP,FULL,6,6,1,6.0,6.0,6.0,Zimbabwe
302850,Willie Gavera,pace bowler,Right Fast,OUTSIDE_OFFSTUMP,SHORT,15,6,1,15.0,6.0,15.0,Papua New Guinea
779937,David Moody,pace bowler,Right Fast,DOWN_LEG,FULL,15,6,1,15.0,6.0,15.0,Australia
1283740,Ihsanullah,pace bowler,Right Fast,DOWN_LEG,SHORT,12,6,1,12.0,6.0,12.0,Pakistan
1191192,Sonny Baker,pace bowler,Right Fast,ON_THE_STUMPS,GOOD_LENGTH,13,6,1,13.0,6.0,13.0,England
822681,Amulya Pandrekar,spin bowler,Left Off Spin,ON_THE_STUMPS,GOOD_LENGTH,3,6,1,3.0,6.0,3.0,India
1328438,Sabir Ali,pace bowler,Left Fast,DOWN_LEG,SHORT_OF_A_GOOD_LENGTH,10,6,1,10.0,6.0,10.0,United Arab Emirates
527362,Chirag Jani,pace bowler,Right Medium,OUTSIDE_OFFSTUMP,FULL_TOSS,12,6,1,12.0,6.0,12.0,India
1176959,Akash Deep,pace bowler,Right Fast,ON_THE_STUMPS,SHORT,1,6,3,1.0,2.0,0.33,India
820351,Rovman Powell,pace bowler,Right Fast,DOWN_LEG,GOOD_LENGTH,4,6,1,4.0,6.0,4.0,West Indies
777815,Vijaykumar Vyshak,pace bowler,Right Medium,ON_THE_STUMPS,YORKER,7,6,1,7.0,6.0,7.0,India
323244,Rahat Ali,pace bowler,Left Fast,ON_THE_STUMPS,FULL_TOSS,9,6,1,9.0,6.0,9.0,Pakistan
528985,Domnic Muthuswami,pace bowler,Right Medium,OUTSIDE_OFFSTUMP,SHORT,12,6,1,12.0,6.0,12.0,India
330902,Mustafizur Rahman,pace bowler,Left Fast,WIDE_DOWN_LEG,GOOD_LENGTH,14,6,1,14.0,6.0,14.0,Bangladesh
1122918,Kartik Tyagi,pace bowler,Right Fast,DOWN_LEG,SHORT_OF_A_GOOD_LENGTH,9,6,1,9.0,6.0,9.0,India
319746,Shapoor Zadran,pace bowler,Left Fast,WIDE_OUTSIDE_OFFSTUMP,GOOD_LENGTH,9,6,1,9.0,6.0,9.0,Afghanistan
1115033,Simon Atai,mixture/unknown,Mixed,OUTSIDE_OFFSTUMP,SHORT_OF_A_GOOD_LENGTH,7,6,1,7.0,6.0,7.0,Papua New Guinea
777815,Vijaykumar Vyshak,pace bowler,Right Medium,WIDE_OUTSIDE_OFFSTUMP,FULL_TOSS,19,6,1,19.0,6.0,19.0,India
1121579,Prithvi Raj,pace bowler,Left Medium,OUTSIDE_OFFSTUMP,GOOD_LENGTH,12,6,1,12.0,6.0,12.0,India
49535,Nuwan Kulasekara,pace bowler,Right Fast,WIDE_OUTSIDE_OFFSTUMP,FULL_TOSS,9,6,1,9.0,6.0,9.0,Sri Lanka
330408,Chris Barnwell,pace bowler,Right Fast,OUTSIDE_OFFSTUMP,SHORT_OF_A_GOOD_LENGTH,7,6,1,7.0,6.0,7.0,West Indies
307808,Rohan Mustafa,spin bowler,Right Off Spin,ON_THE_STUMPS,YORKER,1,6,1,1.0,6.0,1.0,United Arab Emirates
290632,Sreenath Aravind,pace bowler,Left Fast,OUTSIDE_OFFSTUMP,FULL_TOSS,9,6,1,9.0,6.0,9.0,India
937953,Bilal Khan,pace bowler,Left Fast,DOWN_LEG,SHORT,24,6,1,24.0,6.0,24.0,Oman
341593,Devendra Bishoo,spin bowler,Right Wrist Spin,DOWN_LEG,FULL,5,6,1,5.0,6.0,5.0,West Indies
1124283,Aaron Hardie,pace bowler,Right Fast,ON_THE_STUMPS,FULL_TOSS,11,6,1,11.0,6.0,11.0,Australia
533862,Mohammad Naveed,pace bowler,Right Medium,ON_THE_STUMPS,FULL,8,6,1,8.0,6.0,8.0,United Arab Emirates
518097,Ahsan Malik,pace bowler,Right Fast,DOWN_LEG,SHORT_OF_A_GOOD_LENGTH,16,6,1,16.0,6.0,16.0,Netherlands
494581,Rahkeem Cornwall,spin bowler,Right Off Spin,DOWN_LEG,SHORT_OF_A_GOOD_LENGTH,3,6,1,3.0,6.0,3.0,West Indies
49619,Suranga Lakmal,pace bowler,Right Fast,WIDE_OUTSIDE_OFFSTUMP,SHORT_OF_A_GOOD_LENGTH,8,6,1,8.0,6.0,8.0,Sri Lanka
1088610,Jack Edwards,pace bowler,Right Medium,DOWN_LEG,FULL,6,6,1,6.0,6.0,6.0,Australia
314615,Jonathan Carter,pace bowler,Right Medium,ON_THE_STUMPS,FULL_TOSS,15,6,1,15.0,6.0,15.0,West Indies
290727,Rishi Dhawan,pace bowler,Right Fast,ON_THE_STUMPS,YORKER,1,6,1,1.0,6.0,1.0,India
1175428,Anshul Kamboj,pace bowler,Right Medium,WIDE_OUTSIDE_OFFSTUMP,FULL,17,6,1,17.0,6.0,17.0,India
303669,Joe Root,spin bowler,Mixed,ON_THE_STUMPS,SHORT_OF_A_GOOD_LENGTH,15,6,1,15.0,6.0,15.0,England
948593,Mihlali Mpongwana,pace bowler,Right Fast,OUTSIDE_OFFSTUMP,SHORT_OF_A_GOOD_LENGTH,8,6,1,8.0,6.0,8.0,South Africa
1264431,Kadeem Alleyne,pace bowler,Right Medium,WIDE_OUTSIDE_OFFSTUMP,FULL,15,6,1,15.0,6.0,15.0,West Indies
1328736,Mohamed Shafeeq,pace bowler,Right Medium,ON_THE_STUMPS,SHORT_OF_A_GOOD_LENGTH,13,6,1,13.0,6.0,13.0,Kuwait
1263691,Rehan Ahmed,spin bowler,Right Wrist Spin,WIDE_OUTSIDE_OFFSTUMP,SHORT,11,6,1,11.0,6.0,11.0,England
516561,Dawlat Zadran,pace bowler,Right Fast,ON_THE_STUMPS,YORKER,2,6,1,2.0,6.0,2.0,Afghanistan
49764,Angelo Mathews,pace bowler,Right Medium,ON_THE_STUMPS,YORKER,3,6,1,3.0,6.0,3.0,Sri Lanka
24844,Sarel Burger,pace bowler,Right Fast,DOWN_LEG,GOOD_LENGTH,4,6,1,4.0,6.0,4.0,Namibia
333782,Timm van der Gugten,pace bowler,Right Fast,DOWN_LEG,GOOD_LENGTH,5,6,1,5.0,6.0,5.0,Netherlands
333805,Nick Buchanan,pace bowler,Right Fast,OUTSIDE_OFFSTUMP,GOOD_LENGTH,9,6,1,9.0,6.0,9.0,Australia
42657,Shoaib Malik,spin bowler,Right Off Spin,WIDE_OUTSIDE_OFFSTUMP,FULL,7,6,1,7.0,6.0,7.0,Pakistan
1209272,Adnan Mirza,spin bowler,Left Off Spin,ON_THE_STUMPS,SHORT_OF_A_GOOD_LENGTH,3,5,1,3.6,5.0,3.0,Qatar
932635,Nayeem Hasan,spin bowler,Right Off Spin,WIDE_OUTSIDE_OFFSTUMP,FULL,9,5,1,10.8,5.0,9.0,Bangladesh
1410354,Muhammad Rohid,pace bowler,Left Fast,DOWN_LEG,GOOD_LENGTH,4,5,1,4.8,5.0,4.0,
269332,Muktar Ali,pace bowler,Right Fast,DOWN_LEG,GOOD_LENGTH,11,5,1,13.2,5.0,11.0,Bangladesh
909225,Paul Walter,pace bowler,Left Medium,WIDE_OUTSIDE_OFFSTUMP,SHORT,10,5,2,12.0,2.5,5.0,England
1209190,Matthew Forde,pace bowler,Right Medium,ON_THE_STUMPS,SHORT,3,5,3,3.6,1.67,1.0,West Indies
381183,Evan Gulbis,pace bowler,Right Medium,ON_THE_STUMPS,FULL,5,5,1,6.0,5.0,5.0,Australia
819429,Azmatullah Omarzai,pace bowler,Right Fast,WIDE_OUTSIDE_OFFSTUMP,FULL_TOSS,15,5,1,18.0,5.0,15.0,Afghanistan
379887,Lizaad Williams,pace bowler,Right Fast,DOWN_LEG,FULL_TOSS,7,5,1,8.4,5.0,7.0,South Africa
270493,Andrew Fekete,pace bowler,Right Fast,ON_THE_STUMPS,FULL,7,5,1,8.4,5.0,7.0,Australia
1209191,Joshua James,pace bowler,Right Medium,ON_THE_STUMPS,GOOD_LENGTH,4,5,1,4.8,5.0,4.0,West Indies
379887,Lizaad Williams,pace bowler,Right Fast,DOWN_LEG,SHORT_OF_A_GOOD_LENGTH,11,5,1,13.2,5.0,11.0,South Africa
1209270,Himanshu Rathod,spin bowler,Right Off Spin,WIDE_OUTSIDE_OFFSTUMP,FULL,14,5,1,16.8,5.0,14.0,Qatar
44932,Jean-Paul Duminy,spin bowler,Right Off Spin,ON_THE_STUMPS,FULL_TOSS,8,5,1,9.6,5.0,8.0,South Africa
272262,Kane Richardson,pace bowler,Right Fast,WIDE_OUTSIDE_OFFSTUMP,YORKER,6,5,1,7.2,5.0,6.0,Australia
1159949,Sultan Karim,pace bowler,Right Fast,OUTSIDE_OFFSTUMP,GOOD_LENGTH,3,5,1,3.6,5.0,3.0,India
1161032,Dhananjay Rao,pace bowler,Left Fast,OUTSIDE_OFFSTUMP,GOOD_LENGTH,10,5,1,12.0,5.0,10.0,
322818,Ayabulela Gqamane,pace bowler,Right Fast,OUTSIDE_OFFSTUMP,SHORT,8,5,1,9.6,5.0,8.0,South Africa
32965,Munaf Patel,pace bowler,Right Fast,DOWN_LEG,GOOD_LENGTH,7,5,1,8.4,5.0,7.0,India
592735,Sandeep Warrier,pace bowler,Right Medium,DOWN_LEG,SHORT_OF_A_GOOD_LENGTH,2,5,1,2.4,5.0,2.0,India
315594,Ashley Nurse,spin bowler,Right Off Spin,OUTSIDE_OFFSTUMP,SHORT,14,5,1,16.8,5.0,14.0,West Indies
399259,Alasdair Evans,pace bowler,Right Fast,WIDE_OUTSIDE_OFFSTUMP,SHORT,1,5,1,1.2,5.0,1.0,Scotland
316318,Khalid Usman,spin bowler,Left Off Spin,OUTSIDE_OFFSTUMP,SHORT_OF_A_GOOD_LENGTH,11,5,1,13.2,5.0,11.0,Pakistan
793447,Naveen-ul-Haq,pace bowler,Right Fast,DOWN_LEG,FULL_TOSS,5,5,1,6.0,5.0,5.0,Afghanistan
1397990,Mohammed Irshad,pace bowler,Right Medium,WIDE_OUTSIDE_OFFSTUMP,SHORT_OF_A_GOOD_LENGTH,6,5,1,7.2,5.0,6.0,Qatar
395057,Seth Rance,pace bowler,Right Medium,ON_THE_STUMPS,YORKER,5,5,3,6.0,1.67,1.67,New Zealand
629070,Mohammad Saifuddin,pace bowler,Right Fast,WIDE_OUTSIDE_OFFSTUMP,SHORT,16,5,1,19.2,5.0,16.0,Bangladesh
248920,Devon Thomas,pace bowler,Right Medium,OUTSIDE_OFFSTUMP,GOOD_LENGTH,2,5,2,2.4,2.5,1.0,West Indies
735845,Chintan Gaja,pace bowler,Right Medium,ON_THE_STUMPS,SHORT_OF_A_GOOD_LENGTH,9,5,1,10.8,5.0,9.0,India
590913,Will Williams,pace bowler,Right Fast,WIDE_OUTSIDE_OFFSTUMP,FULL,13,5,1,15.6,5.0,13.0,New Zealand
670031,Alzarri Joseph,pace bowler,Right Fast,WIDE_OUTSIDE_OFFSTUMP,FULL_TOSS,9,5,1,10.8,5.0,9.0,West Indies
1312645,Harshit Rana,pace bowler,Right Fast,ON_THE_STUMPS,SHORT,15,5,1,18.0,5.0,15.0,India
401540,Aizaz Khan,pace bowler,Right Fast,ON_THE_STUMPS,FULL_TOSS,4,5,1,4.8,5.0,4.0,Hong Kong
401540,Aizaz Khan,pace bowler,Right Fast,WIDE_OUTSIDE_OFFSTUMP,SHORT,1,5,1,1.2,5.0,1.0,Hong Kong
1199304,Jayden Seales,pace bowler,Right Fast,DOWN_LEG,FULL,1,5,1,1.2,5.0,1.0,West Indies
402140,Syazrul Idrus,pace bowler,Right Medium,OUTSIDE_OFFSTUMP,FULL,7,5,1,8.4,5.0,7.0,Malaysia
1194795,Matheesha Pathirana,pace bowler,Right Medium,ON_THE_STUMPS,FULL,3,5,1,3.6,5.0,3.0,Sri Lanka
1072472,Muhammad Musa,pace bowler,Right Fast,WIDE_OUTSIDE_OFFSTUMP,FULL,2,5,2,2.4,2.5,1.0,Pakistan
932763,Shafiqul Islam,pace bowler,Left Medium,DOWN_LEG,SHORT,1,5,2,1.2,2.5,0.5,Bangladesh
267192,Steven Smith,spin bowler,Right Wrist Spin,ON_THE_STUMPS,FULL,1,5,2,1.2,2.5,0.5,Australia
308251,David Willey,pace bowler,Left Fast,WIDE_OUTSIDE_OFFSTUMP,YORKER,6,5,1,7.2,5.0,6.0,England
1210488,Cooper Connolly,spin bowler,Left Off Spin,ON_THE_STUMPS,SHORT_OF_A_GOOD_LENGTH,3,5,1,3.6,5.0,3.0,Australia
1199434,Nangeyalia Kharote,spin bowler,Left Off Spin,OUTSIDE_OFFSTUMP,FULL,6,5,2,7.2,2.5,3.0,Afghanistan
6033,Mitchell Johnson,pace bowler,Left Fast,OUTSIDE_OFFSTUMP,FULL_TOSS,4,5,1,4.8,5.0,4.0,Australia
1192940,Shiraz Khan,spin bowler,Right Wrist Spin,ON_THE_STUMPS,SHORT_OF_A_GOOD_LENGTH,1,5,1,1.2,5.0,1.0,Kuwait
913843,Nijat Masood,pace bowler,Right Medium,ON_THE_STUMPS,SHORT_OF_A_GOOD_LENGTH,7,5,1,8.4,5.0,7.0,Afghanistan
387420,Mirwais Ashraf,pace bowler,Right Fast,ON_THE_STUMPS,FULL,3,5,1,3.6,5.0,3.0,Afghanistan
820351,Rovman Powell,pace bowler,Right Fast,ON_THE_STUMPS,YORKER,3,5,1,3.6,5.0,3.0,West Indies
1209292,Vaibhav Arora,pace bowler,Right Fast,OUTSIDE_OFFSTUMP,YORKER,4,5,1,4.8,5.0,4.0,India
6033,Mitchell Johnson,pace bowler,Left Fast,ON_THE_STUMPS,FULL_TOSS,4,5,1,4.8,5.0,4.0,Australia
670013,Fabian Allen,spin bowler,Left Off Spin,ON_THE_STUMPS,YORKER,0,5,2,0.0,2.5,0.0,West Indies
45204,Robbie Frylinck,pace bowler,Right Medium,WIDE_OUTSIDE_OFFSTUMP,GOOD_LENGTH,8,5,1,9.6,5.0,8.0,South Africa
1211825,William O’Rourke,pace bowler,Right Fast,ON_THE_STUMPS,SHORT,8,5,1,9.6,5.0,8.0,New Zealand
308798,D'Arcy Short,spin bowler,Left Wrist Spin,OUTSIDE_OFFSTUMP,FULL_TOSS,10,5,1,12.0,5.0,10.0,Australia
253802,Virat Kohli,pace bowler,Right Medium,OUTSIDE_OFFSTUMP,GOOD_LENGTH,3,5,1,3.6,5.0,3.0,India
913853,Lalit Rajbanshi,spin bowler,Left Off Spin,ON_THE_STUMPS,SHORT_OF_A_GOOD_LENGTH,4,5,1,4.8,5.0,4.0,Nepal
593296,Ali Dawood,pace bowler,Right Medium,WIDE_OUTSIDE_OFFSTUMP,SHORT_OF_A_GOOD_LENGTH,4,5,2,4.8,2.5,2.0,Bahrain
1159722,Simarjeet Singh,pace bowler,Right Fast,ON_THE_STUMPS,FULL,3,5,1,3.6,5.0,3.0,India
319746,Shapoor Zadran,pace bowler,Left Fast,ON_THE_STUMPS,FULL_TOSS,6,5,1,7.2,5.0,6.0,Afghanistan
1193404,Musawar Shah,spin bowler,Left Off Spin,OUTSIDE_OFFSTUMP,SHORT_OF_A_GOOD_LENGTH,6,5,1,7.2,5.0,6.0,Qatar
594322,Corbin Bosch,pace bowler,Right Fast,ON_THE_STUMPS,SHORT,13,5,1,15.6,5.0,13.0,South Africa
629065,Nihaduzzaman,spin bowler,Left Off Spin,WIDE_OUTSIDE_OFFSTUMP,FULL,4,5,1,4.8,5.0,4.0,Bangladesh
1064812,Rahul Chahar,spin bowler,Right Wrist Spin,WIDE_OUTSIDE_OFFSTUMP,GOOD_LENGTH,11,5,1,13.2,5.0,11.0,India
638912,Matthew Kelly,pace bowler,Right Fast,WIDE_OUTSIDE_OFFSTUMP,FULL_TOSS,11,5,1,13.2,5.0,11.0,Australia
279862,Shrikant Mundhe,pace bowler,Right Medium,ON_THE_STUMPS,GOOD_LENGTH,11,5,1,13.2,5.0,11.0,India
279545,Pradeep Sangwan,pace bowler,Left Medium,ON_THE_STUMPS,SHORT,18,5,1,21.6,5.0,18.0,India
348152,Usman Qadir,spin bowler,Right Wrist Spin,OUTSIDE_OFFSTUMP,SHORT,12,5,1,14.4,5.0,12.0,Pakistan
1331347,Hunain Shah,pace bowler,Right Medium,ON_THE_STUMPS,FULL_TOSS,7,5,1,8.4,5.0,7.0,Pakistan
1331347,Hunain Shah,pace bowler,Right Medium,ON_THE_STUMPS,SHORT_OF_A_GOOD_LENGTH,12,5,1,14.4,5.0,12.0,Pakistan
623695,Chamika Karunaratne,pace bowler,Right Fast,ON_THE_STUMPS,YORKER,0,5,2,0.0,2.5,0.0,Sri Lanka
379776,Sisanda Magala,pace bowler,Right Fast,OUTSIDE_OFFSTUMP,YORKER,3,5,1,3.6,5.0,3.0,South Africa
938937,Ghulam Mudassar,pace bowler,Left Fast,DOWN_LEG,SHORT,22,5,1,26.4,5.0,22.0,Pakistan
909225,Paul Walter,pace bowler,Left Medium,DOWN_LEG,FULL,3,5,1,3.6,5.0,3.0,England
297583,Kyle Abbott,pace bowler,Right Fast,ON_THE_STUMPS,YORKER,2,5,3,2.4,1.67,0.67,South Africa
355269,James Neesham,pace bowler,Right Fast,WIDE_OUTSIDE_OFFSTUMP,YORKER,2,5,1,2.4,5.0,2.0,New Zealand
1158175,Mohammad Ali,pace bowler,Right Fast,WIDE_OUTSIDE_OFFSTUMP,FULL,1,5,1,1.2,5.0,1.0,
1206406,Jake Gibson,pace bowler,Right Medium,DOWN_LEG,GOOD_LENGTH,7,5,1,8.4,5.0,7.0,New Zealand
1206406,Jake Gibson,pace bowler,Right Medium,ON_THE_STUMPS,FULL,5,5,1,6.0,5.0,5.0,New Zealand
351588,Mark Wood,pace bowler,Right Fast,WIDE_OUTSIDE_OFFSTUMP,SHORT_OF_A_GOOD_LENGTH,15,5,1,18.0,5.0,15.0,England
1061467,Dillon Heyliger,pace bowler,Right Medium,OUTSIDE_OFFSTUMP,SHORT,9,5,1,10.8,5.0,9.0,Canada
932405,Sabbir Hossain,pace bowler,Right Medium,OUTSIDE_OFFSTUMP,GOOD_LENGTH,3,5,1,3.6,5.0,3.0,Bangladesh
1206039,Akash Madhwal,pace bowler,Right Fast,DOWN_LEG,FULL,14,5,1,16.8,5.0,14.0,India
605640,Junaid Dawood,spin bowler,Right Wrist Spin,ON_THE_STUMPS,SHORT_OF_A_GOOD_LENGTH,11,5,1,13.2,5.0,11.0,South Africa
641419,Mickey Edwards,pace bowler,Right Fast,OUTSIDE_OFFSTUMP,FULL,10,5,1,12.0,5.0,10.0,Australia
932355,Ebadot Hossain,pace bowler,Right Fast,WIDE_OUTSIDE_OFFSTUMP,FULL_TOSS,5,5,1,6.0,5.0,5.0,Bangladesh
1058989,Aryan Lakra,spin bowler,Left Off Spin,ON_THE_STUMPS,GOOD_LENGTH,5,5,1,6.0,5.0,5.0,United Arab Emirates
43524,Umar Gul,pace bowler,Right Fast,ON_THE_STUMPS,GOOD_LENGTH,6,5,1,7.2,5.0,6.0,Pakistan
1300712,B Punnaiah,pace bowler,Right Medium,OUTSIDE_OFFSTUMP,FULL,7,5,1,8.4,5.0,7.0,India
1174143,Rafiullah,pace bowler,Right Medium,ON_THE_STUMPS,FULL,3,5,1,3.6,5.0,3.0,Oman
288305,Shafiul Islam,pace bowler,Right Fast,DOWN_LEG,SHORT,12,5,1,14.4,5.0,12.0,Bangladesh
1304286,Fergus O'Neill,pace bowler,Right Fast,OUTSIDE_OFFSTUMP,SHORT_OF_A_GOOD_LENGTH,5,5,1,6.0,5.0,5.0,
1170469,Josh Kann,pace bowler,Right Fast,OUTSIDE_OFFSTUMP,SHORT,14,5,1,16.8,5.0,14.0,Australia
604616,Chama Milind,pace bowler,Left Medium,OUTSIDE_OFFSTUMP,SHORT_OF_A_GOOD_LENGTH,2,5,1,2.4,5.0,2.0,India
348049,Nasum Ahmed,spin bowler,Left Off Spin,OUTSIDE_OFFSTUMP,FULL_TOSS,15,5,1,18.0,5.0,15.0,Bangladesh
333872,Sam Rainbird,pace bowler,Left Fast,OUTSIDE_OFFSTUMP,FULL_TOSS,11,5,1,13.2,5.0,11.0,Australia
348135,Nikhil Dutta,spin bowler,Right Off Spin,WIDE_OUTSIDE_OFFSTUMP,FULL,8,5,1,9.6,5.0,8.0,Canada
622772,Michael Rae,pace bowler,Right Fast,DOWN_LEG,SHORT_OF_A_GOOD_LENGTH,1,5,1,1.2,5.0,1.0,New Zealand
1170471,Tanveer Sangha,spin bowler,Right Wrist Spin,ON_THE_STUMPS,SHORT,20,5,1,24.0,5.0,20.0,Australia
595954,Duan Jansen,pace bowler,Left Fast,WIDE_OUTSIDE_OFFSTUMP,SHORT_OF_A_GOOD_LENGTH,4,5,3,4.8,1.67,1.33,South Africa
273439,Sachithra Senanayake,spin bowler,Right Off Spin,WIDE_OUTSIDE_OFFSTUMP,GOOD_LENGTH,12,5,1,14.4,5.0,12.0,Sri Lanka
42657,Shoaib Malik,spin bowler,Right Off Spin,WIDE_OUTSIDE_OFFSTUMP,SHORT_OF_A_GOOD_LENGTH,12,5,1,14.4,5.0,12.0,Pakistan
625960,Kyle Jamieson,pace bowler,Right Fast,DOWN_LEG,FULL,8,5,1,9.6,5.0,8.0,New Zealand
373696,Mominul Haque,spin bowler,Left Off Spin,OUTSIDE_OFFSTUMP,FULL,4,5,1,4.8,5.0,4.0,Bangladesh
1182529,Noor Ahmad,spin bowler,Left Wrist Spin,ON_THE_STUMPS,FULL_TOSS,6,5,1,7.2,5.0,6.0,Afghanistan
1182529,Noor Ahmad,spin bowler,Left Wrist Spin,DOWN_LEG,FULL_TOSS,6,5,1,7.2,5.0,6.0,Afghanistan
1323740,Kelvin Pitman,pace bowler,Right Fast,WIDE_OUTSIDE_OFFSTUMP,SHORT_OF_A_GOOD_LENGTH,3,5,1,3.6,5.0,3.0,West Indies
722597,Akash Vasisht,spin bowler,Left Off Spin,ON_THE_STUMPS,FULL,3,5,1,3.6,5.0,3.0,India
722597,Akash Vasisht,spin bowler,Left Off Spin,ON_THE_STUMPS,SHORT_OF_A_GOOD_LENGTH,4,5,1,4.8,5.0,4.0,India
303508,Shane Getkate,pace bowler,Right Fast,WIDE_OUTSIDE_OFFSTUMP,FULL,13,5,1,15.6,5.0,13.0,Ireland
379776,Sisanda Magala,pace bowler,Right Fast,ON_THE_STUMPS,SHORT,12,5,2,14.4,2.5,6.0,South Africa
1337353,Abdullah Bayoumy,pace bowler,Right Fast,OUTSIDE_OFFSTUMP,GOOD_LENGTH,9,5,1,10.8,5.0,9.0,South Africa
1161669,Akeem Jordan,pace bowler,Right Fast,ON_THE_STUMPS,GOOD_LENGTH,14,5,1,16.8,5.0,14.0,West Indies
1161606,Haris Rauf,pace bowler,Right Fast,WIDE_OUTSIDE_OFFSTUMP,YORKER,1,5,1,1.2,5.0,1.0,Pakistan
1057456,Karl Birkenstock,pace bowler,Right Fast,OUTSIDE_OFFSTUMP,SHORT_OF_A_GOOD_LENGTH,5,5,1,6.0,5.0,5.0,Namibia
379144,Graham Hume,pace bowler,Right Fast,ON_THE_STUMPS,FULL,5,5,1,6.0,5.0,5.0,Ireland
35280,RP Singh,pace bowler,Left Fast,OUTSIDE_OFFSTUMP,FULL,7,5,1,8.4,5.0,7.0,India
598284,Damodaran Rohit,spin bowler,Right Off Spin,ON_THE_STUMPS,FULL,9,5,1,10.8,5.0,9.0,India
360456,Asela Gunaratne,pace bowler,Right Fast,ON_THE_STUMPS,FULL_TOSS,11,5,1,13.2,5.0,11.0,Sri Lanka
647667,Usama Mir,spin bowler,Right Wrist Spin,ON_THE_STUMPS,SHORT,14,5,1,16.8,5.0,14.0,Pakistan
1058924,Nasrulla Rana,pace bowler,Right Fast,OUTSIDE_OFFSTUMP,FULL_TOSS,8,5,1,9.6,5.0,8.0,Hong Kong
275658,Michael Hogan,pace bowler,Right Fast,ON_THE_STUMPS,FULL,9,5,1,10.8,5.0,9.0,Australia
596010,Gerald Coetzee,pace bowler,Right Fast,WIDE_OUTSIDE_OFFSTUMP,SHORT,9,5,1,10.8,5.0,9.0,South Africa
1058924,Nasrulla Rana,pace bowler,Right Fast,ON_THE_STUMPS,FULL,5,5,1,6.0,5.0,5.0,Hong Kong
371814,Kevon Cooper,pace bowler,Right Medium,ON_THE_STUMPS,SHORT,10,5,1,12.0,5.0,10.0,West Indies
403902,Liam Livingstone,spin bowler,Mixed,ON_THE_STUMPS,YORKER,2,5,1,2.4,5.0,2.0,England
481803,Glenton Stuurman,pace bowler,Right Fast,ON_THE_STUMPS,FULL_TOSS,3,5,1,3.6,5.0,3.0,South Africa
477021,Vijay Shankar,pace bowler,Right Medium,DOWN_LEG,GOOD_LENGTH,8,5,1,9.6,5.0,8.0,India
1125536,Benjamin Lister,pace bowler,Left Medium,ON_THE_STUMPS,FULL,6,5,2,7.2,2.5,3.0,New Zealand
477021,Vijay Shankar,pace bowler,Right Medium,ON_THE_STUMPS,FULL_TOSS,7,5,1,8.4,5.0,7.0,India
857975,Josh Tongue,pace bowler,Right Fast,OUTSIDE_OFFSTUMP,SHORT,17,5,1,20.4,5.0,17.0,England
1125536,Ben Lister,pace bowler,Left Fast,ON_THE_STUMPS,YORKER,0,5,3,0.0,1.67,0.0,New Zealand
1125536,Ben Lister,pace bowler,Left Fast,ON_THE_STUMPS,FULL_TOSS,7,5,1,8.4,5.0,7.0,New Zealand
47660,Ryan ten Doeschate,pace bowler,Right Fast,OUTSIDE_OFFSTUMP,GOOD_LENGTH,2,5,1,2.4,5.0,2.0,Netherlands
1125317,Lance Morris,pace bowler,Right Fast,WIDE_OUTSIDE_OFFSTUMP,SHORT,9,5,3,10.8,1.67,3.0,Australia
56167,Ziaur Rahman,pace bowler,Right Fast,WIDE_OUTSIDE_OFFSTUMP,FULL,13,5,1,15.6,5.0,13.0,Bangladesh
210283,Steven Finn,pace bowler,Right Fast,ON_THE_STUMPS,SHORT,10,5,1,12.0,5.0,10.0,England
828535,Ankit Kushwah,mixture/unknown,Mixed,ON_THE_STUMPS,SHORT_OF_A_GOOD_LENGTH,6,5,1,7.2,5.0,6.0,India
465783,Vishwa Fernando,pace bowler,Left Fast,ON_THE_STUMPS,FULL,5,5,1,6.0,5.0,5.0,Sri Lanka
766809,Jordan Thompson,pace bowler,Right Fast,ON_THE_STUMPS,YORKER,0,5,2,0.0,2.5,0.0,England
1125688,Mukesh Choudhary,pace bowler,Left Medium,ON_THE_STUMPS,YORKER,1,5,1,1.2,5.0,1.0,India
784373,Kamindu Mendis,spin bowler,Mixed,ON_THE_STUMPS,FULL_TOSS,11,5,1,13.2,5.0,11.0,Sri Lanka
1125568,Kartik Kakade,spin bowler,Right Off Spin,ON_THE_STUMPS,GOOD_LENGTH,4,5,1,4.8,5.0,4.0,India
1246528,Umran Malik,pace bowler,Right Fast,WIDE_OUTSIDE_OFFSTUMP,FULL,17,5,1,20.4,5.0,17.0,India
48472,Tillakaratne Dilshan,spin bowler,Right Off Spin,ON_THE_STUMPS,SHORT,10,5,1,12.0,5.0,10.0,Sri Lanka
772061,Sam Cook,pace bowler,Right Fast,ON_THE_STUMPS,SHORT,10,5,1,12.0,5.0,10.0,England
1125317,Lance Morris,pace bowler,Right Fast,DOWN_LEG,SHORT,16,5,1,19.2,5.0,16.0,Australia
1252522,Salman Mirza,pace bowler,Left Fast,ON_THE_STUMPS,GOOD_LENGTH,16,5,1,19.2,5.0,16.0,Pakistan
956311,Ashwin Das,pace bowler,Right Medium,ON_THE_STUMPS,GOOD_LENGTH,9,5,1,10.8,5.0,9.0,India
25964,Shakti Gauchan,spin bowler,Left Off Spin,ON_THE_STUMPS,GOOD_LENGTH,4,5,1,4.8,5.0,4.0,Nepal
447587,Jayant Yadav,spin bowler,Right Off Spin,DOWN_LEG,FULL,3,5,1,3.6,5.0,3.0,India
555853,Mark Steketee,pace bowler,Right Fast,WIDE_OUTSIDE_OFFSTUMP,FULL_TOSS,7,5,1,8.4,5.0,7.0,Australia
18632,Samit Patel,spin bowler,Left Off Spin,WIDE_OUTSIDE_OFFSTUMP,SHORT_OF_A_GOOD_LENGTH,2,5,1,2.4,5.0,2.0,England
555853,Mark Steketee,pace bowler,Right Fast,OUTSIDE_OFFSTUMP,FULL_TOSS,15,5,1,18.0,5.0,15.0,Australia
554691,Axar Patel,spin bowler,Left Off Spin,WIDE_OUTSIDE_OFFSTUMP,SHORT,15,5,1,18.0,5.0,15.0,India
223642,Rusty Theron,pace bowler,Right Fast,OUTSIDE_OFFSTUMP,SHORT,6,5,2,7.2,2.5,3.0,United States of America
226493,Hamish Bennett,pace bowler,Right Fast,WIDE_OUTSIDE_OFFSTUMP,FULL,7,5,2,8.4,2.5,3.5,New Zealand
928059,Ben White,spin bowler,Right Wrist Spin,WIDE_OUTSIDE_OFFSTUMP,GOOD_LENGTH,11,5,1,13.2,5.0,11.0,Ireland
46942,Aaron Phangiso,spin bowler,Left Off Spin,ON_THE_STUMPS,FULL_TOSS,11,5,2,13.2,2.5,5.5,South Africa
555855,Harry Conway,pace bowler,Right Fast,OUTSIDE_OFFSTUMP,FULL_TOSS,7,5,1,8.4,5.0,7.0,Australia
18632,Samit Patel,spin bowler,Left Off Spin,WIDE_OUTSIDE_OFFSTUMP,FULL_TOSS,6,5,1,7.2,5.0,6.0,England
451782,James Fuller,pace bowler,Right Fast,OUTSIDE_OFFSTUMP,FULL_TOSS,5,5,1,6.0,5.0,5.0,England
1246518,Karan Sharma,spin bowler,Right Off Spin,OUTSIDE_OFFSTUMP,FULL,5,5,1,6.0,5.0,5.0,India
956311,Ashwin Das,pace bowler,Right Medium,OUTSIDE_OFFSTUMP,FULL,3,5,1,3.6,5.0,3.0,India
928015,Josh Clarkson,pace bowler,Right Medium,ON_THE_STUMPS,GOOD_LENGTH,5,5,1,6.0,5.0,5.0,New Zealand
1129637,Luke Georgeson,pace bowler,Right Fast,OUTSIDE_OFFSTUMP,FULL,4,5,1,4.8,5.0,4.0,New Zealand
47492,Dale Steyn,pace bowler,Right Fast,ON_THE_STUMPS,YORKER,3,5,1,3.6,5.0,3.0,South Africa
453277,Victor Nyauchi,pace bowler,Right Fast,ON_THE_STUMPS,FULL,6,5,1,7.2,5.0,6.0,Zimbabwe
455463,Aamir Kaleem,spin bowler,Left Off Spin,OUTSIDE_OFFSTUMP,FULL,3,5,1,3.6,5.0,3.0,Oman
784379,Wanindu Hasaranga de Silva,spin bowler,Right Wrist Spin,DOWN_LEG,FULL_TOSS,13,5,1,15.6,5.0,13.0,Sri Lanka
1344829,Rizwan Butt,pace bowler,Right Medium,OUTSIDE_OFFSTUMP,SHORT,9,5,1,10.8,5.0,9.0,Bahrain
942645,Khaleel Ahmed,pace bowler,Left Medium,WIDE_OUTSIDE_OFFSTUMP,SHORT,14,5,1,16.8,5.0,14.0,India
1246507,L Kishan Singha,spin bowler,Left Off Spin,ON_THE_STUMPS,FULL,4,5,1,4.8,5.0,4.0,India
55820,Prosper Utseya,spin bowler,Right Off Spin,WIDE_OUTSIDE_OFFSTUMP,GOOD_LENGTH,7,5,1,8.4,5.0,7.0,Zimbabwe
51439,Dwayne Bravo,pace bowler,Right Medium,WIDE_DOWN_LEG,FULL_TOSS,31,5,1,37.2,5.0,31.0,West Indies
51439,Dwayne Bravo,pace bowler,Right Medium,WIDE_DOWN_LEG,FULL,24,5,1,28.8,5.0,24.0,West Indies
527299,Aniket Choudhary,pace bowler,Left Medium,WIDE_OUTSIDE_OFFSTUMP,SHORT,2,5,2,2.4,2.5,1.0,India
1099379,Gareth Delany,spin bowler,Right Wrist Spin,WIDE_OUTSIDE_OFFSTUMP,GOOD_LENGTH,10,5,1,12.0,5.0,10.0,Ireland
1083030,KM Asif,pace bowler,Right Medium,OUTSIDE_OFFSTUMP,FULL_TOSS,3,5,1,3.6,5.0,3.0,India
524255,Kabua Morea,pace bowler,Left Medium,WIDE_OUTSIDE_OFFSTUMP,FULL,8,5,1,9.6,5.0,8.0,Papua New Guinea
698189,Wiaan Mulder,pace bowler,Right Medium,WIDE_OUTSIDE_OFFSTUMP,FULL_TOSS,4,5,1,4.8,5.0,4.0,South Africa
539305,Haseeb Amjad,pace bowler,Right Fast,OUTSIDE_OFFSTUMP,FULL,10,5,1,12.0,5.0,10.0,Hong Kong
1123787,Robiul Haque,pace bowler,Right Fast,OUTSIDE_OFFSTUMP,FULL_TOSS,10,5,1,12.0,5.0,10.0,Bangladesh
49700,Jeevan Mendis,spin bowler,Right Wrist Spin,DOWN_LEG,GOOD_LENGTH,8,5,3,9.6,1.67,2.67,Sri Lanka
24605,Kevin O'Brien,pace bowler,Right Fast,WIDE_OUTSIDE_OFFSTUMP,SHORT_OF_A_GOOD_LENGTH,9,5,1,10.8,5.0,9.0,Ireland
1088612,Zak Evans,pace bowler,Right Fast,ON_THE_STUMPS,YORKER,4,5,2,4.8,2.5,2.0,Australia
49758,Lasith Malinga,pace bowler,Right Fast,DOWN_LEG,SHORT,4,5,1,4.8,5.0,4.0,Sri Lanka
535353,Ottniel Baartman,pace bowler,Right Fast,WIDE_OUTSIDE_OFFSTUMP,FULL_TOSS,11,5,1,13.2,5.0,11.0,South Africa
539305,Haseeb Amjad,pace bowler,Right Fast,ON_THE_STUMPS,FULL,9,5,2,10.8,2.5,4.5,Hong Kong
24827,Gerrie Snyman,mixture/unknown,Mixed,OUTSIDE_OFFSTUMP,FULL,6,5,1,7.2,5.0,6.0,Namibia
533042,Billy Stanlake,pace bowler,Right Fast,OUTSIDE_OFFSTUMP,FULL_TOSS,8,5,1,9.6,5.0,8.0,Australia
51248,Sulieman Benn,spin bowler,Left Off Spin,ON_THE_STUMPS,SHORT_OF_A_GOOD_LENGTH,9,5,1,10.8,5.0,9.0,West Indies
700167,Navdeep Saini,pace bowler,Right Fast,WIDE_OUTSIDE_OFFSTUMP,GOOD_LENGTH,9,5,2,10.8,2.5,4.5,India
52622,Nikita Miller,spin bowler,Left Off Spin,OUTSIDE_OFFSTUMP,FULL,2,5,1,2.4,5.0,2.0,West Indies
1418076,Waji Ul Hassan,mixture/unknown,Mixed,OUTSIDE_OFFSTUMP,FULL,4,5,1,4.8,5.0,4.0,
698189,Wiaan Mulder,pace bowler,Right Medium,ON_THE_STUMPS,FULL_TOSS,13,5,2,15.6,2.5,6.5,South Africa
1272475,Zaman Khan,pace bowler,Right Fast,WIDE_OUTSIDE_OFFSTUMP,SHORT,12,5,1,14.4,5.0,12.0,Pakistan
501907,Daryn Dupavillon,pace bowler,Right Fast,ON_THE_STUMPS,SHORT,8,5,1,9.6,5.0,8.0,South Africa
1273852,Abin Mathew,pace bowler,Right Fast,OUTSIDE_OFFSTUMP,FULL,9,5,1,10.8,5.0,9.0,India
502714,Mitchell Santner,spin bowler,Left Off Spin,ON_THE_STUMPS,YORKER,0,5,1,0.0,5.0,0.0,New Zealand
502714,Mitchell Santner,spin bowler,Left Off Spin,OUTSIDE_OFFSTUMP,YORKER,3,5,1,3.6,5.0,3.0,New Zealand
1122851,Faraz Akram,pace bowler,Right Medium,WIDE_OUTSIDE_OFFSTUMP,FULL,12,5,1,14.4,5.0,12.0,Zimbabwe
1122851,Faraz Akram,pace bowler,Right Medium,OUTSIDE_OFFSTUMP,SHORT_OF_A_GOOD_LENGTH,11,5,1,13.2,5.0,11.0,Zimbabwe
547766,Jacob Duffy,pace bowler,Right Fast,OUTSIDE_OFFSTUMP,FULL_TOSS,4,5,1,4.8,5.0,4.0,New Zealand
498591,Travis Muller,pace bowler,Right Fast,WIDE_OUTSIDE_OFFSTUMP,SHORT_OF_A_GOOD_LENGTH,7,5,1,8.4,5.0,7.0,South Africa
55633,Chris Mpofu,pace bowler,Right Fast,WIDE_OUTSIDE_OFFSTUMP,FULL,6,5,2,7.2,2.5,3.0,Zimbabwe
499560,Patrick Kruger,pace bowler,Right Medium,ON_THE_STUMPS,SHORT_OF_A_GOOD_LENGTH,12,5,1,14.4,5.0,12.0,South Africa
1123377,Ibtisam Sheikh,spin bowler,Right Wrist Spin,OUTSIDE_OFFSTUMP,SHORT_OF_A_GOOD_LENGTH,6,5,2,7.2,2.5,3.0,Pakistan
55633,Chris Mpofu,pace bowler,Right Fast,DOWN_LEG,FULL,6,5,1,7.2,5.0,6.0,Zimbabwe
1122918,Kartik Tyagi,pace bowler,Right Fast,WIDE_OUTSIDE_OFFSTUMP,YORKER,4,5,2,4.8,2.5,2.0,India
512907,Tom Helm,pace bowler,Right Fast,DOWN_LEG,SHORT,8,5,1,9.6,5.0,8.0,England
512907,Tom Helm,pace bowler,Right Fast,ON_THE_STUMPS,SHORT,14,5,1,16.8,5.0,14.0,England
1111473,Rishiv Joshi,pace bowler,Left Fast,WIDE_OUTSIDE_OFFSTUMP,FULL,5,5,1,6.0,5.0,5.0,Canada
772471,Jessy Singh,pace bowler,Right Medium,WIDE_OUTSIDE_OFFSTUMP,GOOD_LENGTH,11,5,1,13.2,5.0,11.0,United States of America
505113,Nat Watkins,spin bowler,Left Off Spin,WIDE_OUTSIDE_OFFSTUMP,FULL,5,5,1,6.0,5.0,5.0,Jersey
53115,Daren Sammy,pace bowler,Right Medium,WIDE_OUTSIDE_OFFSTUMP,SHORT_OF_A_GOOD_LENGTH,2,5,2,2.4,2.5,1.0,West Indies
505120,Ashton Agar,spin bowler,Left Off Spin,OUTSIDE_OFFSTUMP,SHORT,7,5,1,8.4,5.0,7.0,Australia
505120,Ashton Agar,spin bowler,Left Off Spin,OUTSIDE_OFFSTUMP,YORKER,1,5,1,1.2,5.0,1.0,Australia
545467,Junior Dala,pace bowler,Right Medium,DOWN_LEG,SHORT,19,5,1,22.8,5.0,19.0,South Africa
506612,Matt Henry,pace bowler,Right Fast,DOWN_LEG,GOOD_LENGTH,5,5,1,6.0,5.0,5.0,New Zealand
1048739,Ravisrinivasan Sai Kishore,spin bowler,Left Off Spin,ON_THE_STUMPS,FULL,3,5,1,3.6,5.0,3.0,India
414990,Jake Ball,pace bowler,Right Fast,ON_THE_STUMPS,YORKER,2,5,1,2.4,5.0,2.0,England
851403,Venkatesh Iyer,pace bowler,Right Medium,WIDE_OUTSIDE_OFFSTUMP,GOOD_LENGTH,7,5,1,8.4,5.0,7.0,India
1216134,Anikethreddy,spin bowler,Left Off Spin,ON_THE_STUMPS,GOOD_LENGTH,1,5,1,1.2,5.0,1.0,India
235657,Steven Jacobs,spin bowler,Right Off Spin,WIDE_OUTSIDE_OFFSTUMP,FULL,13,5,1,15.6,5.0,13.0,West Indies
1397988,Bipin Kumar,pace bowler,Right Medium,ON_THE_STUMPS,FULL,5,5,1,6.0,5.0,5.0,Qatar
571703,Wellington Masakadza,spin bowler,Left Off Spin,ON_THE_STUMPS,YORKER,0,5,3,0.0,1.67,0.0,Zimbabwe
42639,Shahid Afridi,spin bowler,Right Wrist Spin,ON_THE_STUMPS,YORKER,3,5,1,3.6,5.0,3.0,Pakistan
1143525,Gayan Munaweera,pace bowler,Left Medium,ON_THE_STUMPS,FULL,2,5,1,2.4,5.0,2.0,Qatar
742489,Neil Brand,spin bowler,Left Off Spin,ON_THE_STUMPS,SHORT_OF_A_GOOD_LENGTH,3,5,1,3.6,5.0,3.0,South Africa
230554,Javon Searles,pace bowler,Right Fast,WIDE_OUTSIDE_OFFSTUMP,SHORT_OF_A_GOOD_LENGTH,9,5,1,10.8,5.0,9.0,West Indies
749693,Derval Green,pace bowler,Right Fast,ON_THE_STUMPS,SHORT_OF_A_GOOD_LENGTH,1,5,1,1.2,5.0,1.0,West Indies
568136,Fareed Ahmad,pace bowler,Left Fast,WIDE_OUTSIDE_OFFSTUMP,SHORT,8,5,2,9.6,2.5,4.0,Afghanistan
679567,Ben Dwarshuis,pace bowler,Left Fast,DOWN_LEG,FULL_TOSS,8,5,1,9.6,5.0,8.0,Australia
1152714,Terrance Hinds,pace bowler,Right Fast,WIDE_OUTSIDE_OFFSTUMP,FULL,4,5,1,4.8,5.0,4.0,West Indies
1152410,Navod Paranavithana,mixture/unknown,Left Medium,ON_THE_STUMPS,FULL,4,5,1,4.8,5.0,4.0,Sri Lanka
233258,Nisarg Patel,spin bowler,Left Off Spin,WIDE_OUTSIDE_OFFSTUMP,FULL,12,5,1,14.4,5.0,12.0,United States of America
233713,Neil Wagner,pace bowler,Left Fast,ON_THE_STUMPS,FULL_TOSS,12,5,1,14.4,5.0,12.0,New Zealand
424377,Krishnappa Gowtham,spin bowler,Right Off Spin,OUTSIDE_OFFSTUMP,SHORT,8,5,1,9.6,5.0,8.0,India
1152714,Terrance Hinds,pace bowler,Right Fast,WIDE_OUTSIDE_OFFSTUMP,GOOD_LENGTH,3,5,1,3.6,5.0,3.0,West Indies
707179,Michael Snedden,pace bowler,Right Fast,ON_THE_STUMPS,SHORT_OF_A_GOOD_LENGTH,5,5,1,6.0,5.0,5.0,New Zealand
1153148,Sonal Dinusha,spin bowler,Left Off Spin,OUTSIDE_OFFSTUMP,GOOD_LENGTH,6,5,1,7.2,5.0,6.0,Sri Lanka
837611,Henry Thornton,pace bowler,Right Fast,DOWN_LEG,GOOD_LENGTH,9,5,1,10.8,5.0,9.0,Australia
422847,Harmeet Singh,spin bowler,Left Off Spin,WIDE_OUTSIDE_OFFSTUMP,FULL,4,5,1,4.8,5.0,4.0,
422965,Shehan Jayasuriya,spin bowler,Right Off Spin,WIDE_OUTSIDE_OFFSTUMP,FULL,11,5,1,13.2,5.0,11.0,United States of America
1216919,Abdul Nasir,spin bowler,Right Off Spin,OUTSIDE_OFFSTUMP,FULL,6,5,1,7.2,5.0,6.0,Pakistan
12454,Joe Denly,spin bowler,Right Wrist Spin,DOWN_LEG,GOOD_LENGTH,2,5,1,2.4,5.0,2.0,England
439288,Joe Mennie,pace bowler,Right Fast,ON_THE_STUMPS,SHORT,8,5,1,9.6,5.0,8.0,Australia
1241277,Muhammad Waseem,pace bowler,Right Medium,OUTSIDE_OFFSTUMP,FULL,1,5,2,1.2,2.5,0.5,United Arab Emirates
1213979,Mitchell Owen,pace bowler,Right Medium,WIDE_OUTSIDE_OFFSTUMP,FULL,3,5,1,3.6,5.0,3.0,Australia
670037,Ramaal Lewis,spin bowler,Right Off Spin,ON_THE_STUMPS,SHORT_OF_A_GOOD_LENGTH,6,5,1,7.2,5.0,6.0,West Indies
559066,Ish Sodhi,spin bowler,Right Wrist Spin,WIDE_OUTSIDE_OFFSTUMP,FULL_TOSS,6,5,1,7.2,5.0,6.0,New Zealand
1341104,Hardus Coetzer,pace bowler,Right Fast,ON_THE_STUMPS,FULL,2,5,1,2.4,5.0,2.0,
785323,Nathan McAndrew,pace bowler,Right Fast,WIDE_OUTSIDE_OFFSTUMP,SHORT,9,5,1,10.8,5.0,9.0,Australia
786925,Asitha Fernando,pace bowler,Right Fast,DOWN_LEG,SHORT_OF_A_GOOD_LENGTH,5,5,1,6.0,5.0,5.0,Sri Lanka
670041,Preston McSween,pace bowler,Left Fast,ON_THE_STUMPS,GOOD_LENGTH,3,5,1,3.6,5.0,3.0,West Indies
407265,Josh Davey,pace bowler,Right Fast,DOWN_LEG,FULL,11,5,1,13.2,5.0,11.0,Scotland
679567,Ben Dwarshuis,pace bowler,Left Fast,WIDE_DOWN_LEG,GOOD_LENGTH,4,5,2,4.8,2.5,2.0,Australia
852317,KV Sasikanth,pace bowler,Right Medium,OUTSIDE_OFFSTUMP,FULL,9,5,1,10.8,5.0,9.0,India
230554,Javon Searles,pace bowler,Right Fast,OUTSIDE_OFFSTUMP,FULL_TOSS,2,5,2,2.4,2.5,1.0,West Indies
244497,Adil Rashid,spin bowler,Right Wrist Spin,DOWN_LEG,FULL_TOSS,4,5,1,4.8,5.0,4.0,England
1076722,Will Sutherland,pace bowler,Right Fast,WIDE_OUTSIDE_OFFSTUMP,SHORT,7,5,1,8.4,5.0,7.0,Australia
588144,Bandaru Ayyappa,pace bowler,Right Medium,ON_THE_STUMPS,GOOD_LENGTH,10,5,1,12.0,5.0,10.0,India
587486,Gaurav Yadav,pace bowler,Right Medium,ON_THE_STUMPS,SHORT_OF_A_GOOD_LENGTH,6,5,1,7.2,5.0,6.0,India
793441,Aamer Jamal,pace bowler,Right Fast,WIDE_OUTSIDE_OFFSTUMP,GOOD_LENGTH,13,5,1,15.6,5.0,13.0,Pakistan
1272475,Zaman Khan,pace bowler,Right Fast,WIDE_OUTSIDE_OFFSTUMP,FULL_TOSS,13,4,1,19.5,4.0,13.0,Pakistan
303427,Paul Stirling,spin bowler,Right Off Spin,ON_THE_STUMPS,SHORT_OF_A_GOOD_LENGTH,2,4,1,3.0,4.0,2.0,Ireland
822553,Tushar Deshpande,pace bowler,Right Medium,WIDE_OUTSIDE_OFFSTUMP,GOOD_LENGTH,8,4,1,12.0,4.0,8.0,India
1043681,Shehan Madushanka,pace bowler,Right Fast,OUTSIDE_OFFSTUMP,SHORT_OF_A_GOOD_LENGTH,5,4,1,7.5,4.0,5.0,Sri Lanka
53118,Dwayne Smith,pace bowler,Right Medium,WIDE_OUTSIDE_OFFSTUMP,SHORT,5,4,2,7.5,2.0,2.5,West Indies
1217359,Sayed Monib,pace bowler,Right Medium,WIDE_OUTSIDE_OFFSTUMP,FULL,7,4,1,10.5,4.0,7.0,Kuwait
261354,Nathan Coulter-Nile,pace bowler,Right Fast,WIDE_OUTSIDE_OFFSTUMP,FULL_TOSS,11,4,1,16.5,4.0,11.0,Australia
926629,Hasan Mahmud,pace bowler,Right Medium,WIDE_OUTSIDE_OFFSTUMP,FULL_TOSS,3,4,1,4.5,4.0,3.0,Bangladesh
1213488,Chopise Hopongkyu,pace bowler,Right Medium,ON_THE_STUMPS,SHORT_OF_A_GOOD_LENGTH,2,4,1,3.0,4.0,2.0,India
959833,Wes Agar,pace bowler,Right Fast,WIDE_OUTSIDE_OFFSTUMP,SHORT,11,4,1,16.5,4.0,11.0,Australia
50205,Malinda Pushpakumara,spin bowler,Left Off Spin,WIDE_OUTSIDE_OFFSTUMP,GOOD_LENGTH,6,4,1,9.0,4.0,6.0,Sri Lanka
892749,Tim David,spin bowler,Right Off Spin,DOWN_LEG,SHORT_OF_A_GOOD_LENGTH,5,4,1,7.5,4.0,5.0,Australia
1278263,Jack Jarvis,pace bowler,Right Fast,ON_THE_STUMPS,FULL,4,4,1,6.0,4.0,4.0,
307817,Adnan Idrees,spin bowler,Right Off Spin,OUTSIDE_OFFSTUMP,GOOD_LENGTH,4,4,1,6.0,4.0,4.0,Kuwait
962831,Henry Shipley,pace bowler,Right Fast,OUTSIDE_OFFSTUMP,SHORT,6,4,1,9.0,4.0,6.0,New Zealand
1276980,Ripon Mondol,pace bowler,Right Medium,WIDE_OUTSIDE_OFFSTUMP,GOOD_LENGTH,15,4,1,22.5,4.0,15.0,Bangladesh
308408,Josh Cobb,spin bowler,Right Off Spin,OUTSIDE_OFFSTUMP,FULL,1,4,1,1.5,4.0,1.0,England
304735,Dilshan Munaweera,spin bowler,Right Off Spin,ON_THE_STUMPS,SHORT_OF_A_GOOD_LENGTH,10,4,1,15.0,4.0,10.0,Sri Lanka
310525,Chris Wood,pace bowler,Left Fast,ON_THE_STUMPS,SHORT,13,4,1,19.5,4.0,13.0,England
235657,Steven Jacobs,spin bowler,Right Off Spin,OUTSIDE_OFFSTUMP,SHORT,5,4,1,7.5,4.0,5.0,West Indies
1283740,Ihsanullah,pace bowler,Right Fast,WIDE_OUTSIDE_OFFSTUMP,FULL,7,4,1,10.5,4.0,7.0,Pakistan
307808,Rohan Mustafa,spin bowler,Right Off Spin,WIDE_OUTSIDE_OFFSTUMP,FULL,4,4,1,6.0,4.0,4.0,United Arab Emirates
52622,Nikita Miller,spin bowler,Left Off Spin,DOWN_LEG,GOOD_LENGTH,8,4,1,12.0,4.0,8.0,West Indies
1424258,Tayyab Abbas,pace bowler,Right Fast,ON_THE_STUMPS,GOOD_LENGTH,7,4,1,10.5,4.0,7.0,
297583,Kyle Abbott,pace bowler,Right Fast,OUTSIDE_OFFSTUMP,YORKER,0,4,1,0.0,4.0,0.0,South Africa
901157,Arjun Nair,spin bowler,Right Off Spin,WIDE_OUTSIDE_OFFSTUMP,FULL,7,4,1,10.5,4.0,7.0,Australia
277911,George Worker,spin bowler,Left Off Spin,WIDE_OUTSIDE_OFFSTUMP,FULL,4,4,1,6.0,4.0,4.0,New Zealand
1287041,Rinsangzela Hmamte,spin bowler,Left Off Spin,OUTSIDE_OFFSTUMP,SHORT_OF_A_GOOD_LENGTH,2,4,2,3.0,2.0,1.0,India
272450,Mitchell Marsh,pace bowler,Right Medium,OUTSIDE_OFFSTUMP,FULL_TOSS,6,4,1,9.0,4.0,6.0,Australia
681801,Shakeel Ahmed,spin bowler,Left Off Spin,ON_THE_STUMPS,SHORT_OF_A_GOOD_LENGTH,2,4,1,3.0,4.0,2.0,Oman
927619,Khaled Ahmed,pace bowler,Right Medium,WIDE_OUTSIDE_OFFSTUMP,SHORT,12,4,1,18.0,4.0,12.0,Bangladesh
211855,Liam Dawson,spin bowler,Left Off Spin,OUTSIDE_OFFSTUMP,SHORT,6,4,1,9.0,4.0,6.0,England
47492,Dale Steyn,pace bowler,Right Fast,WIDE_OUTSIDE_OFFSTUMP,SHORT,5,4,2,7.5,2.0,2.5,South Africa
1209190,Matthew Forde,pace bowler,Right Medium,ON_THE_STUMPS,YORKER,0,4,1,0.0,4.0,0.0,West Indies
230368,Jon Holland,spin bowler,Left Off Spin,ON_THE_STUMPS,FULL,10,4,1,15.0,4.0,10.0,Australia
1241277,Muhammad Waseem,pace bowler,Right Medium,ON_THE_STUMPS,GOOD_LENGTH,3,4,1,4.5,4.0,3.0,United Arab Emirates
1411895,Omid Shafi Rahman,pace bowler,Right Medium,WIDE_OUTSIDE_OFFSTUMP,FULL,6,4,1,9.0,4.0,6.0,
228430,Abu Nechim,pace bowler,Right Fast,OUTSIDE_OFFSTUMP,SHORT,6,4,1,9.0,4.0,6.0,India
1206769,Jayden Lennox,spin bowler,Left Off Spin,OUTSIDE_OFFSTUMP,FULL_TOSS,6,4,1,9.0,4.0,6.0,New Zealand
1244751,Arshad Khan,pace bowler,Left Medium,DOWN_LEG,GOOD_LENGTH,11,4,1,16.5,4.0,11.0,India
228622,John Hastings,pace bowler,Right Fast,DOWN_LEG,SHORT,3,4,1,4.5,4.0,3.0,Australia
221140,David Wiese,pace bowler,Right Fast,WIDE_OUTSIDE_OFFSTUMP,YORKER,4,4,1,6.0,4.0,4.0,Namibia
1206623,Dilbar Hussain,pace bowler,Right Fast,ON_THE_STUMPS,YORKER,0,4,1,0.0,4.0,0.0,Pakistan
989827,Aks Swadhin,pace bowler,Right Fast,OUTSIDE_OFFSTUMP,SHORT,7,4,1,10.5,4.0,7.0,Bangladesh
681067,Akif Raja,pace bowler,Right Fast,ON_THE_STUMPS,SHORT,4,4,1,6.0,4.0,4.0,United Arab Emirates
928067,Josh Little,pace bowler,Left Fast,ON_THE_STUMPS,FULL_TOSS,2,4,2,3.0,2.0,1.0,Ireland
222354,Milinda Siriwardana,spin bowler,Left Off Spin,WIDE_OUTSIDE_OFFSTUMP,GOOD_LENGTH,5,4,1,7.5,4.0,5.0,Sri Lanka
232444,Taurai Muzarabani,pace bowler,Right Fast,OUTSIDE_OFFSTUMP,FULL_TOSS,5,4,1,7.5,4.0,5.0,Zimbabwe
232444,Taurai Muzarabani,pace bowler,Right Fast,OUTSIDE_OFFSTUMP,SHORT,11,4,1,16.5,4.0,11.0,Zimbabwe
1203995,Shahnawaz Dahani,pace bowler,Right Fast,DOWN_LEG,GOOD_LENGTH,8,4,1,12.0,4.0,8.0,Pakistan
1263691,Rehan Ahmed,spin bowler,Right Wrist Spin,ON_THE_STUMPS,FULL_TOSS,3,4,1,4.5,4.0,3.0,England
55705,Tinashe Panyangara,pace bowler,Right Fast,WIDE_OUTSIDE_OFFSTUMP,FULL,5,4,1,7.5,4.0,5.0,Zimbabwe
290632,Sreenath Aravind,pace bowler,Left Fast,ON_THE_STUMPS,YORKER,5,4,1,7.5,4.0,5.0,India
1263361,Matthew Humphreys,spin bowler,Left Off Spin,OUTSIDE_OFFSTUMP,GOOD_LENGTH,1,4,1,1.5,4.0,1.0,Ireland
290638,Amit Yadav,spin bowler,Right Off Spin,OUTSIDE_OFFSTUMP,SHORT_OF_A_GOOD_LENGTH,5,4,1,7.5,4.0,5.0,India
639140,Matt Milnes,pace bowler,Right Fast,OUTSIDE_OFFSTUMP,SHORT,6,4,1,9.0,4.0,6.0,England
639080,Matthew Fisher,pace bowler,Right Fast,OUTSIDE_OFFSTUMP,SHORT,9,4,1,13.5,4.0,9.0,England
55633,Chris Mpofu,pace bowler,Right Fast,OUTSIDE_OFFSTUMP,FULL_TOSS,2,4,1,3.0,4.0,2.0,Zimbabwe
55395,Colin de Grandhomme,pace bowler,Right Fast,WIDE_OUTSIDE_OFFSTUMP,SHORT,7,4,1,10.5,4.0,7.0,New Zealand
233258,Nisarg Patel,spin bowler,Left Off Spin,WIDE_OUTSIDE_OFFSTUMP,SHORT_OF_A_GOOD_LENGTH,4,4,1,6.0,4.0,4.0,United States of America
1294342,Kwena Maphaka,pace bowler,Left Medium,OUTSIDE_OFFSTUMP,FULL,15,4,1,22.5,4.0,15.0,
267724,Keshav Maharaj,spin bowler,Left Off Spin,OUTSIDE_OFFSTUMP,SHORT,16,4,1,24.0,4.0,16.0,South Africa
293983,Alex Cusack,pace bowler,Right Fast,WIDE_OUTSIDE_OFFSTUMP,GOOD_LENGTH,8,4,1,12.0,4.0,8.0,Ireland
1015399,Ziaur Rahman,pace bowler,Right Fast,OUTSIDE_OFFSTUMP,FULL,4,4,1,6.0,4.0,4.0,Afghanistan
1209197,Ramon Simmonds,pace bowler,Left Fast,ON_THE_STUMPS,YORKER,1,4,1,1.5,4.0,1.0,West Indies
46248,Albie Morkel,pace bowler,Right Fast,WIDE_OUTSIDE_OFFSTUMP,SHORT,3,4,1,4.5,4.0,3.0,South Africa
1253822,Gulsan Jha,pace bowler,Right Medium,OUTSIDE_OFFSTUMP,FULL,3,4,1,4.5,4.0,3.0,Nepal
43524,Umar Gul,pace bowler,Right Fast,ON_THE_STUMPS,SHORT,12,4,1,18.0,4.0,12.0,Pakistan
232364,Tim Southee,pace bowler,Right Fast,WIDE_DOWN_LEG,FULL,8,4,1,12.0,4.0,8.0,New Zealand
696143,Shane Snater,pace bowler,Right Fast,OUTSIDE_OFFSTUMP,FULL,7,4,2,10.5,2.0,3.5,Netherlands
695245,Thando Ntini,pace bowler,Right Fast,OUTSIDE_OFFSTUMP,SHORT,10,4,1,15.0,4.0,10.0,South Africa
974109,Mujeeb Ur Rahman,spin bowler,Right Off Spin,ON_THE_STUMPS,YORKER,1,4,1,1.5,4.0,1.0,Afghanistan
518097,Ahsan Malik,pace bowler,Right Fast,OUTSIDE_OFFSTUMP,FULL,6,4,1,9.0,4.0,6.0,Netherlands
425639,Tendai Chatara,pace bowler,Right Fast,DOWN_LEG,SHORT,1,4,1,1.5,4.0,1.0,Zimbabwe
425639,Tendai Chatara,pace bowler,Right Fast,ON_THE_STUMPS,YORKER,3,4,1,4.5,4.0,3.0,Zimbabwe
429122,Umaid Asif,pace bowler,Right Fast,DOWN_LEG,YORKER,0,4,1,0.0,4.0,0.0,Pakistan
792519,Dhananjaya Lakshan,pace bowler,Right Fast,DOWN_LEG,SHORT,6,4,1,9.0,4.0,6.0,Sri Lanka
1153148,Sonal Dinusha,spin bowler,Left Off Spin,ON_THE_STUMPS,GOOD_LENGTH,5,4,1,7.5,4.0,5.0,Sri Lanka
1152714,Terrance Hinds,pace bowler,Right Fast,WIDE_OUTSIDE_OFFSTUMP,SHORT_OF_A_GOOD_LENGTH,5,4,1,7.5,4.0,5.0,West Indies
747315,Nathan Sowter,spin bowler,Right Wrist Spin,WIDE_OUTSIDE_OFFSTUMP,GOOD_LENGTH,7,4,1,10.5,4.0,7.0,England
31872,Shahbaz Nadeem,spin bowler,Left Off Spin,WIDE_OUTSIDE_OFFSTUMP,GOOD_LENGTH,11,4,1,16.5,4.0,11.0,India
506612,Matt Henry,pace bowler,Right Fast,DOWN_LEG,SHORT,10,4,1,15.0,4.0,10.0,New Zealand
1151286,Manimaran Siddharth,spin bowler,Left Off Spin,ON_THE_STUMPS,FULL,8,4,1,12.0,4.0,8.0,India
1143529,Imran Anwar,pace bowler,Left Medium,ON_THE_STUMPS,FULL_TOSS,8,4,1,12.0,4.0,8.0,Bahrain
914171,Qais Ahmad,spin bowler,Right Wrist Spin,WIDE_OUTSIDE_OFFSTUMP,FULL_TOSS,7,4,1,10.5,4.0,7.0,Afghanistan
572199,Ryan Higgins,pace bowler,Right Fast,ON_THE_STUMPS,FULL,11,4,1,16.5,4.0,11.0,England
432783,Sachin Baby,spin bowler,Right Off Spin,WIDE_OUTSIDE_OFFSTUMP,GOOD_LENGTH,2,4,1,3.0,4.0,2.0,India
787987,Marnus Labuschagne,spin bowler,Right Wrist Spin,ON_THE_STUMPS,FULL_TOSS,9,4,1,13.5,4.0,9.0,Australia
429981,Mohammad Irfan,pace bowler,Left Fast,DOWN_LEG,FULL_TOSS,8,4,1,12.0,4.0,8.0,Pakistan
1150772,Tom Hartley,spin bowler,Left Off Spin,ON_THE_STUMPS,FULL_TOSS,3,4,1,4.5,4.0,3.0,England
571703,Wellington Masakadza,spin bowler,Left Off Spin,ON_THE_STUMPS,FULL_TOSS,3,4,1,4.5,4.0,3.0,Zimbabwe
430246,Yuzvendra Chahal,spin bowler,Right Wrist Spin,WIDE_DOWN_LEG,GOOD_LENGTH,8,4,1,12.0,4.0,8.0,India
1148776,Arjun Tendulkar,pace bowler,Left Fast,DOWN_LEG,SHORT,6,4,1,9.0,4.0,6.0,India
1072472,Muhammad Musa,pace bowler,Right Fast,ON_THE_STUMPS,YORKER,2,4,1,3.0,4.0,2.0,Pakistan
401057,Taijul Islam,spin bowler,Left Off Spin,DOWN_LEG,SHORT_OF_A_GOOD_LENGTH,6,4,1,9.0,4.0,6.0,Bangladesh
401537,Kinchit Shah,spin bowler,Right Off Spin,ON_THE_STUMPS,GOOD_LENGTH,8,4,1,12.0,4.0,8.0,Hong Kong
590913,Will Williams,pace bowler,Right Fast,ON_THE_STUMPS,GOOD_LENGTH,2,4,1,3.0,4.0,2.0,New Zealand
793441,Aamer Jamal,pace bowler,Right Medium,DOWN_LEG,FULL,0,4,1,0.0,4.0,0.0,Pakistan
391832,Roston Chase,spin bowler,Right Off Spin,WIDE_OUTSIDE_OFFSTUMP,FULL_TOSS,7,4,1,10.5,4.0,7.0,West Indies
392945,Donald Tiripano,pace bowler,Right Fast,WIDE_OUTSIDE_OFFSTUMP,SHORT,10,4,1,15.0,4.0,10.0,Zimbabwe
393055,Jackson Coleman,pace bowler,Left Fast,ON_THE_STUMPS,SHORT,6,4,1,9.0,4.0,6.0,Australia
1159495,Khurram Shahzad,pace bowler,Right Medium,WIDE_OUTSIDE_OFFSTUMP,FULL,5,4,1,7.5,4.0,5.0,Pakistan
1111473,Rishiv Joshi,pace bowler,Left Fast,ON_THE_STUMPS,GOOD_LENGTH,6,4,1,9.0,4.0,6.0,Canada
735845,Chintan Gaja,pace bowler,Right Medium,OUTSIDE_OFFSTUMP,SHORT,11,4,1,16.5,4.0,11.0,India
414969,Charles Perchard,pace bowler,Right Medium,ON_THE_STUMPS,FULL,2,4,1,3.0,4.0,2.0,Jersey
417381,Andy McBrine,spin bowler,Right Off Spin,WIDE_OUTSIDE_OFFSTUMP,GOOD_LENGTH,3,4,1,4.5,4.0,3.0,Ireland
510823,Justin Greaves,pace bowler,Right Medium,OUTSIDE_OFFSTUMP,SHORT_OF_A_GOOD_LENGTH,8,4,1,12.0,4.0,8.0,West Indies
311158,Ben Stokes,pace bowler,Right Fast,WIDE_OUTSIDE_OFFSTUMP,YORKER,4,4,1,6.0,4.0,4.0,England
1076387,Arish Ali Khan,spin bowler,Left Off Spin,WIDE_OUTSIDE_OFFSTUMP,GOOD_LENGTH,2,4,2,3.0,2.0,1.0,Pakistan
959761,Zak Gibson,pace bowler,Right Medium,OUTSIDE_OFFSTUMP,GOOD_LENGTH,5,4,2,7.5,2.0,2.5,New Zealand
587486,Gaurav Yadav,pace bowler,Right Medium,ON_THE_STUMPS,GOOD_LENGTH,2,4,1,3.0,4.0,2.0,India
410768,Alauddin Babu,pace bowler,Right Fast,WIDE_OUTSIDE_OFFSTUMP,GOOD_LENGTH,1,4,1,1.5,4.0,1.0,Bangladesh
786925,Asitha Fernando,pace bowler,Right Fast,WIDE_OUTSIDE_OFFSTUMP,GOOD_LENGTH,5,4,1,7.5,4.0,5.0,Sri Lanka
26907,Rajat Bhatia,pace bowler,Right Fast,DOWN_LEG,FULL,8,4,1,12.0,4.0,8.0,India
946365,Caleb Seleka,spin bowler,Right Wrist Spin,ON_THE_STUMPS,SHORT_OF_A_GOOD_LENGTH,3,4,1,4.5,4.0,3.0,South Africa
1125536,Benjamin Lister,pace bowler,Left Medium,WIDE_OUTSIDE_OFFSTUMP,FULL,8,4,1,12.0,4.0,8.0,New Zealand
473191,Richard Gleeson,pace bowler,Right Fast,DOWN_LEG,SHORT,9,4,1,13.5,4.0,9.0,England
1125536,Benjamin Lister,pace bowler,Left Medium,OUTSIDE_OFFSTUMP,FULL,5,4,1,7.5,4.0,5.0,New Zealand
1345807,Toby Gray,spin bowler,Right Wrist Spin,ON_THE_STUMPS,GOOD_LENGTH,3,4,1,4.5,4.0,3.0,
1125688,Mukesh Choudhary,pace bowler,Left Medium,DOWN_LEG,SHORT,18,4,1,27.0,4.0,18.0,India
553800,Chris Tremain,pace bowler,Right Fast,DOWN_LEG,SHORT,2,4,1,3.0,4.0,2.0,Australia
461632,Reece Topley,pace bowler,Left Fast,WIDE_OUTSIDE_OFFSTUMP,SHORT,13,4,1,19.5,4.0,13.0,England
463668,Jake Lintott,spin bowler,Left Wrist Spin,DOWN_LEG,SHORT_OF_A_GOOD_LENGTH,5,4,1,7.5,4.0,5.0,England
1344844,Usman Najeeb,pace bowler,Right Medium,ON_THE_STUMPS,FULL_TOSS,6,4,1,9.0,4.0,6.0,Saudi Arabia
465793,Dhananjaya de Silva,spin bowler,Right Off Spin,OUTSIDE_OFFSTUMP,FULL_TOSS,4,4,1,6.0,4.0,4.0,Sri Lanka
553249,Bjorn Fortuin,spin bowler,Left Off Spin,DOWN_LEG,SHORT,9,4,1,13.5,4.0,9.0,South Africa
949461,Codi Yusuf,pace bowler,Right Medium,DOWN_LEG,GOOD_LENGTH,4,4,1,6.0,4.0,4.0,South Africa
470777,Gavin Main,pace bowler,Right Fast,OUTSIDE_OFFSTUMP,SHORT,9,4,1,13.5,4.0,9.0,Scotland
922947,Sameen Gul,pace bowler,Right Medium,ON_THE_STUMPS,YORKER,3,4,1,4.5,4.0,3.0,Pakistan
1362934,Michael Charlie,pace bowler,Right Medium,OUTSIDE_OFFSTUMP,SHORT_OF_A_GOOD_LENGTH,3,4,1,4.5,4.0,3.0,Papua New Guinea
1079470,Ramandeep Singh,pace bowler,Right Medium,WIDE_OUTSIDE_OFFSTUMP,FULL,13,4,1,19.5,4.0,13.0,India
1079470,Ramandeep Singh,pace bowler,Right Medium,WIDE_OUTSIDE_OFFSTUMP,GOOD_LENGTH,3,4,2,4.5,2.0,1.5,India
497121,Deepak Hooda,spin bowler,Right Off Spin,ON_THE_STUMPS,FULL_TOSS,2,4,1,3.0,4.0,2.0,India
550133,Mosaddek Hossain,spin bowler,Right Off Spin,ON_THE_STUMPS,SHORT,10,4,1,15.0,4.0,10.0,Bangladesh
1124288,Jarrod Freeman,spin bowler,Right Off Spin,ON_THE_STUMPS,FULL,2,4,1,3.0,4.0,2.0,Australia
494838,Ruwantha Kellepotha,spin bowler,Right Wrist Spin,WIDE_OUTSIDE_OFFSTUMP,GOOD_LENGTH,0,4,1,0.0,4.0,0.0,Sri Lanka
1124470,Blake Coburn,spin bowler,Left Wrist Spin,OUTSIDE_OFFSTUMP,GOOD_LENGTH,6,4,1,9.0,4.0,6.0,New Zealand
781705,Salman Irshad,pace bowler,Right Fast,WIDE_OUTSIDE_OFFSTUMP,SHORT,4,4,1,6.0,4.0,4.0,Pakistan
1123787,Robiul Haque,pace bowler,Right Fast,WIDE_OUTSIDE_OFFSTUMP,YORKER,1,4,2,1.5,2.0,0.5,Bangladesh
486679,Duanne Olivier,pace bowler,Right Fast,ON_THE_STUMPS,SHORT,9,4,1,13.5,4.0,9.0,South Africa
1124737,Renaldo Meyer,pace bowler,Right Fast,ON_THE_STUMPS,SHORT_OF_A_GOOD_LENGTH,3,4,1,4.5,4.0,3.0,South Africa
1129664,Angus McKenzie,pace bowler,Right Medium,DOWN_LEG,GOOD_LENGTH,8,4,1,12.0,4.0,8.0,New Zealand
1340422,Sakib Hussain,pace bowler,Right Medium,OUTSIDE_OFFSTUMP,SHORT_OF_A_GOOD_LENGTH,5,4,1,7.5,4.0,5.0,India
444135,Sohag Gazi,spin bowler,Right Off Spin,DOWN_LEG,FULL_TOSS,15,4,1,22.5,4.0,15.0,Bangladesh
1132219,Sanvir Singh,pace bowler,Right Medium,OUTSIDE_OFFSTUMP,FULL,8,4,1,12.0,4.0,8.0,India
556684,Mir Hamza,pace bowler,Left Medium,DOWN_LEG,SHORT,10,4,1,15.0,4.0,10.0,Pakistan
1136213,Arzan Nagwaswalla,pace bowler,Left Medium,DOWN_LEG,GOOD_LENGTH,1,4,1,1.5,4.0,1.0,India
956871,Prerak Mankad,pace bowler,Right Medium,OUTSIDE_OFFSTUMP,YORKER,3,4,1,4.5,4.0,3.0,India
501907,Daryn Dupavillon,pace bowler,Right Fast,DOWN_LEG,SHORT,8,4,1,12.0,4.0,8.0,South Africa
1137279,Jonathan Cook,spin bowler,Right Wrist Spin,WIDE_OUTSIDE_OFFSTUMP,FULL,5,4,1,7.5,4.0,5.0,Australia
786925,Asitha Fernando,pace bowler,Right Fast,DOWN_LEG,FULL,12,4,1,18.0,4.0,12.0,Sri Lanka
440963,Aftab Alam,pace bowler,Right Fast,ON_THE_STUMPS,SHORT,3,4,1,4.5,4.0,3.0,Afghanistan
755459,Ben Green,pace bowler,Right Fast,OUTSIDE_OFFSTUMP,SHORT_OF_A_GOOD_LENGTH,2,4,1,3.0,4.0,2.0,England
25613,Amjad Javed,pace bowler,Right Medium,OUTSIDE_OFFSTUMP,FULL_TOSS,7,4,1,10.5,4.0,7.0,United Arab Emirates
1131755,Harishankar Reddy,pace bowler,Right Medium,ON_THE_STUMPS,FULL,2,4,1,3.0,4.0,2.0,India
1129664,Angus McKenzie,pace bowler,Right Medium,WIDE_OUTSIDE_OFFSTUMP,GOOD_LENGTH,3,4,1,4.5,4.0,3.0,New Zealand
499560,Patrick Kruger,pace bowler,Right Medium,WIDE_OUTSIDE_OFFSTUMP,GOOD_LENGTH,3,4,1,4.5,4.0,3.0,South Africa
555855,Harry Conway,pace bowler,Right Fast,DOWN_LEG,GOOD_LENGTH,7,4,1,10.5,4.0,7.0,Australia
784379,Wanindu Hasaranga de Silva,spin bowler,Right Wrist Spin,WIDE_OUTSIDE_OFFSTUMP,SHORT,7,4,1,10.5,4.0,7.0,Sri Lanka
447439,Ishwar Pandey,pace bowler,Right Medium,OUTSIDE_OFFSTUMP,FULL_TOSS,3,4,1,4.5,4.0,3.0,India
555853,Mark Steketee,pace bowler,Right Fast,DOWN_LEG,YORKER,1,4,1,1.5,4.0,1.0,Australia
1131754,Chetan Sakariya,pace bowler,Left Fast,DOWN_LEG,FULL,9,4,1,13.5,4.0,9.0,India
501012,Joel Paris,pace bowler,Left Fast,DOWN_LEG,SHORT,14,4,1,21.0,4.0,14.0,Australia
19264,Liam Plunkett,pace bowler,Right Fast,DOWN_LEG,YORKER,5,4,1,7.5,4.0,5.0,United States of America
334388,Liam O'Connor,spin bowler,Right Wrist Spin,OUTSIDE_OFFSTUMP,SHORT,5,4,1,7.5,4.0,5.0,Australia
530811,Chandrapaul Hemraj,spin bowler,Left Off Spin,WIDE_OUTSIDE_OFFSTUMP,GOOD_LENGTH,4,4,1,6.0,4.0,4.0,West Indies
605681,Evan Jones,pace bowler,Right Fast,WIDE_OUTSIDE_OFFSTUMP,FULL_TOSS,7,4,1,10.5,4.0,7.0,South Africa
1175458,Akash Singh,pace bowler,Left Fast,ON_THE_STUMPS,SHORT,9,4,1,13.5,4.0,9.0,India
935995,Afif Hossain,spin bowler,Right Off Spin,WIDE_OUTSIDE_OFFSTUMP,GOOD_LENGTH,4,4,1,6.0,4.0,4.0,Bangladesh
1175434,Himanshu Bisht,spin bowler,Right Wrist Spin,ON_THE_STUMPS,FULL,1,4,2,1.5,2.0,0.5,India
333780,Nic Maddinson,spin bowler,Left Off Spin,ON_THE_STUMPS,FULL_TOSS,13,4,1,19.5,4.0,13.0,Australia
333782,Timm van der Gugten,pace bowler,Right Fast,OUTSIDE_OFFSTUMP,SHORT,1,4,1,1.5,4.0,1.0,Netherlands
530812,Akeal Hosein,spin bowler,Left Off Spin,WIDE_DOWN_LEG,GOOD_LENGTH,8,4,1,12.0,4.0,8.0,West Indies
25051,Mahuru Dai,mixture/unknown,Mixed,ON_THE_STUMPS,FULL,2,4,1,3.0,4.0,2.0,Papua New Guinea
1172124,Sarfaraz Ali,pace bowler,Right Medium,ON_THE_STUMPS,YORKER,1,4,1,1.5,4.0,1.0,Bahrain
1170471,Tanveer Sangha,spin bowler,Right Wrist Spin,WIDE_OUTSIDE_OFFSTUMP,SHORT_OF_A_GOOD_LENGTH,4,4,1,6.0,4.0,4.0,Australia
348059,Barry McCarthy,pace bowler,Right Fast,DOWN_LEG,SHORT_OF_A_GOOD_LENGTH,9,4,1,13.5,4.0,9.0,Ireland
539305,Haseeb Amjad,pace bowler,Right Fast,ON_THE_STUMPS,FULL_TOSS,2,4,1,3.0,4.0,2.0,Hong Kong
345825,Chaturanga de Silva,spin bowler,Left Off Spin,OUTSIDE_OFFSTUMP,SHORT,12,4,1,18.0,4.0,12.0,Sri Lanka
605576,Cameron Valente,pace bowler,Right Medium,OUTSIDE_OFFSTUMP,YORKER,3,4,1,4.5,4.0,3.0,Australia
605576,Cameron Valente,pace bowler,Right Medium,OUTSIDE_OFFSTUMP,FULL_TOSS,4,4,1,6.0,4.0,4.0,Australia
36993,Andrew Ellis,pace bowler,Right Fast,DOWN_LEG,GOOD_LENGTH,3,4,1,4.5,4.0,3.0,New Zealand
628240,Hussain Talat,pace bowler,Right Fast,ON_THE_STUMPS,FULL_TOSS,4,4,1,6.0,4.0,4.0,Pakistan
932763,Shafiqul Islam,pace bowler,Left Medium,WIDE_OUTSIDE_OFFSTUMP,SHORT,4,4,1,6.0,4.0,4.0,Bangladesh
40082,Ehsan Khan,spin bowler,Right Off Spin,DOWN_LEG,FULL,1,4,1,1.5,4.0,1.0,Hong Kong
1088610,Jack Edwards,pace bowler,Right Medium,WIDE_OUTSIDE_OFFSTUMP,FULL,4,4,1,6.0,4.0,4.0,Australia
1323740,Kelvin Pitman,pace bowler,Right Fast,ON_THE_STUMPS,GOOD_LENGTH,8,4,1,12.0,4.0,8.0,West Indies
40618,Imran Tahir,spin bowler,Right Wrist Spin,DOWN_LEG,SHORT,11,4,1,16.5,4.0,11.0,South Africa
319746,Shapoor Zadran,pace bowler,Left Fast,WIDE_OUTSIDE_OFFSTUMP,FULL,7,4,2,10.5,2.0,3.5,Afghanistan
1192939,Ilyas Ahmed,pace bowler,Left Medium,ON_THE_STUMPS,FULL,7,4,1,10.5,4.0,7.0,Kuwait
820351,Rovman Powell,pace bowler,Right Fast,WIDE_OUTSIDE_OFFSTUMP,YORKER,7,4,1,10.5,4.0,7.0,West Indies
319439,Mitchell McClenaghan,pace bowler,Left Fast,WIDE_DOWN_LEG,FULL,13,4,1,19.5,4.0,13.0,New Zealand
324358,Nuwan Pradeep,pace bowler,Right Fast,WIDE_OUTSIDE_OFFSTUMP,SHORT_OF_A_GOOD_LENGTH,5,4,1,7.5,4.0,5.0,Sri Lanka
326632,Joe Burns,mixture/unknown,Mixed,OUTSIDE_OFFSTUMP,SHORT_OF_A_GOOD_LENGTH,10,4,1,15.0,4.0,10.0,Italy
537126,Barinder Sran,pace bowler,Left Medium,WIDE_OUTSIDE_OFFSTUMP,FULL_TOSS,11,4,1,16.5,4.0,11.0,India
807535,Brad Wheal,pace bowler,Right Fast,OUTSIDE_OFFSTUMP,FULL_TOSS,2,4,1,3.0,4.0,2.0,Scotland
1175496,Nitish Kumar Reddy,pace bowler,Right Fast,ON_THE_STUMPS,SHORT,8,4,1,12.0,4.0,8.0,India
1328438,Sabir Ali,pace bowler,Left Fast,OUTSIDE_OFFSTUMP,FULL,6,4,1,9.0,4.0,6.0,United Arab Emirates
331855,Taruwar Kohli,pace bowler,Right Medium,ON_THE_STUMPS,GOOD_LENGTH,3,4,1,4.5,4.0,3.0,India
1088612,Zak Evans,pace bowler,Right Fast,WIDE_OUTSIDE_OFFSTUMP,GOOD_LENGTH,5,4,1,7.5,4.0,5.0,Australia
1058904,Hossain Ali,pace bowler,Right Medium,OUTSIDE_OFFSTUMP,SHORT_OF_A_GOOD_LENGTH,7,4,1,10.5,4.0,7.0,Bangladesh
716733,Khushdil Shah,spin bowler,Left Off Spin,DOWN_LEG,SHORT_OF_A_GOOD_LENGTH,2,4,1,3.0,4.0,2.0,Pakistan
625967,Ryan Watson,pace bowler,Right Medium,ON_THE_STUMPS,SHORT_OF_A_GOOD_LENGTH,8,4,1,12.0,4.0,8.0,New Zealand
625960,Kyle Jamieson,pace bowler,Right Fast,WIDE_OUTSIDE_OFFSTUMP,SHORT_OF_A_GOOD_LENGTH,1,4,1,1.5,4.0,1.0,New Zealand
326639,Simon Milenko,pace bowler,Right Medium,ON_THE_STUMPS,SHORT_OF_A_GOOD_LENGTH,8,4,1,12.0,4.0,8.0,Australia
533561,Waqas Maqsood,pace bowler,Left Fast,DOWN_LEG,GOOD_LENGTH,5,4,1,7.5,4.0,5.0,Pakistan
625383,Jasprit Bumrah,pace bowler,Right Fast,WIDE_DOWN_LEG,SHORT,12,4,1,18.0,4.0,12.0,India
326968,Michael Bracewell,spin bowler,Right Off Spin,OUTSIDE_OFFSTUMP,SHORT,3,4,1,4.5,4.0,3.0,New Zealand
326973,Anurag Verma,pace bowler,Right Medium,ON_THE_STUMPS,FULL,3,4,1,4.5,4.0,3.0,New Zealand
1328438,Sabir Ali,pace bowler,Left Fast,DOWN_LEG,FULL,4,4,2,6.0,2.0,2.0,United Arab Emirates
932763,Shafiqul Islam,pace bowler,Left Medium,ON_THE_STUMPS,YORKER,0,4,1,0.0,4.0,0.0,Bangladesh
1162378,Chamindu Wijesinghe,pace bowler,Right Fast,ON_THE_STUMPS,GOOD_LENGTH,6,4,1,9.0,4.0,6.0,Sri Lanka
1162378,Chamindu Wijesinghe,pace bowler,Right Fast,OUTSIDE_OFFSTUMP,GOOD_LENGTH,5,4,1,7.5,4.0,5.0,Sri Lanka
379860,Malcolm Nofal,spin bowler,Left Off Spin,OUTSIDE_OFFSTUMP,GOOD_LENGTH,2,4,1,3.0,4.0,2.0,New Zealand
541224,Luke Jongwe,pace bowler,Right Fast,DOWN_LEG,FULL,12,4,1,18.0,4.0,12.0,Zimbabwe
4508,Doug Bollinger,pace bowler,Left Fast,DOWN_LEG,SHORT,1,4,1,1.5,4.0,1.0,Australia
1108830,Nyeem Young,pace bowler,Right Medium,ON_THE_STUMPS,FULL_TOSS,12,4,1,18.0,4.0,12.0,West Indies
1070196,Yash Thakur,pace bowler,Right Fast,WIDE_OUTSIDE_OFFSTUMP,SHORT,12,4,1,18.0,4.0,12.0,India
380956,Michael Rippon,spin bowler,Left Wrist Spin,WIDE_OUTSIDE_OFFSTUMP,GOOD_LENGTH,4,4,2,6.0,2.0,2.0,New Zealand
595419,Brandon Glover,pace bowler,Right Fast,WIDE_OUTSIDE_OFFSTUMP,FULL,3,4,1,4.5,4.0,3.0,Netherlands
1194795,Matheesha Pathirana,pace bowler,Right Medium,ON_THE_STUMPS,GOOD_LENGTH,0,4,1,0.0,4.0,0.0,Sri Lanka
1161669,Akeem Jordan,pace bowler,Right Fast,WIDE_OUTSIDE_OFFSTUMP,SHORT_OF_A_GOOD_LENGTH,3,4,1,4.5,4.0,3.0,West Indies
376169,Michael Neser,pace bowler,Right Fast,WIDE_OUTSIDE_OFFSTUMP,SHORT,6,4,1,9.0,4.0,6.0,Australia
794707,Dipendra Singh Airee,mixture/unknown,Mixed,DOWN_LEG,GOOD_LENGTH,1,4,1,1.5,4.0,1.0,Nepal
524253,Norman Vanua,pace bowler,Right Medium,OUTSIDE_OFFSTUMP,SHORT,11,4,1,16.5,4.0,11.0,Papua New Guinea
959769,Ben Sears,pace bowler,Right Fast,ON_THE_STUMPS,YORKER,4,4,1,6.0,4.0,4.0,New Zealand
1108830,Nyeem Young,pace bowler,Right Medium,WIDE_OUTSIDE_OFFSTUMP,SHORT,10,4,1,15.0,4.0,10.0,West Indies
1159734,Sumit Kumar,pace bowler,Right Fast,OUTSIDE_OFFSTUMP,FULL,6,4,1,9.0,4.0,6.0,India
1071000,Bryce Parsons,spin bowler,Left Off Spin,OUTSIDE_OFFSTUMP,GOOD_LENGTH,7,4,1,10.5,4.0,7.0,South Africa
732291,Basil Thampi,pace bowler,Right Fast,WIDE_OUTSIDE_OFFSTUMP,YORKER,1,4,1,1.5,4.0,1.0,India
734459,Abrar Ahmed,spin bowler,Right Wrist Spin,DOWN_LEG,FULL,11,4,1,16.5,4.0,11.0,Pakistan
1071484,Brian Bennett,spin bowler,Right Off Spin,ON_THE_STUMPS,FULL,1,4,2,1.5,2.0,0.5,Zimbabwe
381006,Thomas Kaber,spin bowler,Left Wrist Spin,WIDE_OUTSIDE_OFFSTUMP,GOOD_LENGTH,1,4,1,1.5,4.0,1.0,South Africa
1159944,Bishworjit Konthoujam,pace bowler,Right Fast,OUTSIDE_OFFSTUMP,SHORT_OF_A_GOOD_LENGTH,5,4,1,7.5,4.0,5.0,India
595036,Bamanye Xenxe,pace bowler,Right Fast,ON_THE_STUMPS,FULL_TOSS,5,4,1,7.5,4.0,5.0,South Africa
387420,Mirwais Ashraf,pace bowler,Right Fast,WIDE_OUTSIDE_OFFSTUMP,FULL,3,4,2,4.5,2.0,1.5,Afghanistan
1065115,Benjamin Manenti,spin bowler,Right Off Spin,OUTSIDE_OFFSTUMP,FULL_TOSS,5,4,1,7.5,4.0,5.0,Italy
820689,Shamar Springer,pace bowler,Right Fast,WIDE_OUTSIDE_OFFSTUMP,SHORT,7,4,1,10.5,4.0,7.0,West Indies
353431,Rob Taylor,pace bowler,Left Medium,ON_THE_STUMPS,FULL,1,4,1,1.5,4.0,1.0,Scotland
1065115,Benjamin Manenti,spin bowler,Right Off Spin,WIDE_OUTSIDE_OFFSTUMP,GOOD_LENGTH,1,4,1,1.5,4.0,1.0,Italy
1065662,Roshon Primus,pace bowler,Right Medium,DOWN_LEG,SHORT,9,4,1,13.5,4.0,9.0,West Indies
1331347,Hunain Shah,pace bowler,Right Medium,ON_THE_STUMPS,YORKER,5,4,1,7.5,4.0,5.0,Pakistan
316363,Imran Khan,pace bowler,Right Fast,DOWN_LEG,SHORT,0,4,2,0.0,2.0,0.0,Pakistan
539305,Haseeb Amjad,pace bowler,Right Fast,WIDE_OUTSIDE_OFFSTUMP,SHORT,4,4,1,6.0,4.0,4.0,Hong Kong
526021,Cole McConchie,spin bowler,Right Off Spin,DOWN_LEG,GOOD_LENGTH,7,4,1,10.5,4.0,7.0,New Zealand
373439,Abul Hasan,pace bowler,Right Fast,ON_THE_STUMPS,FULL,4,4,1,6.0,4.0,4.0,Bangladesh
524845,Peter Chase,pace bowler,Right Fast,OUTSIDE_OFFSTUMP,SHORT,0,4,2,0.0,2.0,0.0,Ireland
375724,Kamrul Islam,pace bowler,Right Fast,WIDE_OUTSIDE_OFFSTUMP,GOOD_LENGTH,9,4,1,13.5,4.0,9.0,Bangladesh
360456,Asela Gunaratne,pace bowler,Right Fast,OUTSIDE_OFFSTUMP,FULL_TOSS,6,4,1,9.0,4.0,6.0,Sri Lanka
370034,Ben Stevens,spin bowler,Left Off Spin,ON_THE_STUMPS,FULL,3,4,2,4.5,2.0,1.5,Jersey
526021,Cole McConchie,spin bowler,Right Off Spin,WIDE_OUTSIDE_OFFSTUMP,FULL,1,4,1,1.5,4.0,1.0,New Zealand
800983,Ahmed Safi Abdullah,spin bowler,Left Off Spin,OUTSIDE_OFFSTUMP,FULL,2,4,2,3.0,2.0,1.0,Pakistan
922947,Sameen Gul,pace bowler,Right Medium,ON_THE_STUMPS,FULL_TOSS,0,4,2,0.0,2.0,0.0,Pakistan
1069820,Ben Shikongo,pace bowler,Right Fast,OUTSIDE_OFFSTUMP,FULL,5,4,1,7.5,4.0,5.0,Namibia
772471,Jasdeep Singh,pace bowler,Right Medium,OUTSIDE_OFFSTUMP,GOOD_LENGTH,6,3,1,12.0,3.0,6.0,United States of America
878465,Mehedi Hasan Rana,pace bowler,Left Fast,WIDE_OUTSIDE_OFFSTUMP,FULL_TOSS,5,3,1,10.0,3.0,5.0,Bangladesh
777537,KC Cariappa,spin bowler,Right Wrist Spin,ON_THE_STUMPS,SHORT_OF_A_GOOD_LENGTH,5,3,1,10.0,3.0,5.0,India
777815,Vijaykumar Vyshak,pace bowler,Right Medium,OUTSIDE_OFFSTUMP,YORKER,1,3,1,2.0,3.0,1.0,India
914519,Chemar Holder,pace bowler,Right Fast,ON_THE_STUMPS,YORKER,1,3,2,2.0,1.5,0.5,West Indies
888565,Mehran Khan,pace bowler,Right Fast,OUTSIDE_OFFSTUMP,FULL,1,3,1,2.0,3.0,1.0,Oman
774223,Jhye Richardson,pace bowler,Right Fast,WIDE_DOWN_LEG,GOOD_LENGTH,12,3,1,24.0,3.0,12.0,Australia
772061,Sam Cook,pace bowler,Right Fast,OUTSIDE_OFFSTUMP,FULL_TOSS,2,3,1,4.0,3.0,2.0,England
709675,James Bazley,pace bowler,Right Fast,DOWN_LEG,SHORT,3,3,1,6.0,3.0,3.0,Australia
801817,Mohamed Shiraz,pace bowler,Right Fast,ON_THE_STUMPS,SHORT,9,3,1,18.0,3.0,9.0,Sri Lanka
709675,James Bazley,pace bowler,Right Fast,ON_THE_STUMPS,YORKER,2,3,1,4.0,3.0,2.0,Australia
826689,Pramod Madushan,pace bowler,Right Fast,OUTSIDE_OFFSTUMP,YORKER,1,3,1,2.0,3.0,1.0,Sri Lanka
938937,Ghulam Mudassar,pace bowler,Left Fast,WIDE_OUTSIDE_OFFSTUMP,FULL,9,3,2,18.0,1.5,4.5,Pakistan
906783,Obed McCoy,pace bowler,Left Fast,WIDE_DOWN_LEG,SHORT_OF_A_GOOD_LENGTH,3,3,1,6.0,3.0,3.0,West Indies
926597,Aminul Islam,spin bowler,Right Wrist Spin,ON_THE_STUMPS,SHORT,3,3,1,6.0,3.0,3.0,Bangladesh
794311,Louis Delport,spin bowler,Left Off Spin,OUTSIDE_OFFSTUMP,FULL_TOSS,1,3,1,2.0,3.0,1.0,New Zealand
959771,Nathan Smith,pace bowler,Right Fast,DOWN_LEG,GOOD_LENGTH,1,3,1,2.0,3.0,1.0,New Zealand
959787,Salman Fayyaz,spin bowler,Right Wrist Spin,OUTSIDE_OFFSTUMP,FULL,2,3,1,4.0,3.0,2.0,
822553,Tushar Deshpande,pace bowler,Right Medium,DOWN_LEG,YORKER,2,3,1,4.0,3.0,2.0,India
807535,Brad Wheal,pace bowler,Right Fast,ON_THE_STUMPS,YORKER,4,3,1,8.0,3.0,4.0,Scotland
935995,Afif Hossain,spin bowler,Right Off Spin,ON_THE_STUMPS,FULL_TOSS,2,3,1,4.0,3.0,2.0,Bangladesh
784379,Wanindu Hasaranga de Silva,spin bowler,Right Wrist Spin,ON_THE_STUMPS,YORKER,1,3,1,2.0,3.0,1.0,Sri Lanka
922947,Sameen Gul,pace bowler,Right Medium,WIDE_OUTSIDE_OFFSTUMP,SHORT,5,3,2,10.0,1.5,2.5,Pakistan
922967,Saif Badar,spin bowler,Right Wrist Spin,OUTSIDE_OFFSTUMP,FULL,0,3,1,0.0,3.0,0.0,United States of America
853259,Nathu Singh,pace bowler,Right Medium,OUTSIDE_OFFSTUMP,GOOD_LENGTH,0,3,1,0.0,3.0,0.0,India
707109,Sean Solia,pace bowler,Right Medium,ON_THE_STUMPS,FULL_TOSS,3,3,1,6.0,3.0,3.0,New Zealand
859899,Calvin Harrison,spin bowler,Right Wrist Spin,OUTSIDE_OFFSTUMP,FULL,1,3,1,2.0,3.0,1.0,England
927619,Khaled Ahmed,pace bowler,Right Medium,DOWN_LEG,GOOD_LENGTH,2,3,1,4.0,3.0,2.0,Bangladesh
857979,George Scrimshaw,pace bowler,Right Fast,DOWN_LEG,GOOD_LENGTH,12,3,1,24.0,3.0,12.0,England
946483,Nqabayomzi Peter,spin bowler,Right Wrist Spin,OUTSIDE_OFFSTUMP,FULL,8,3,1,16.0,3.0,8.0,South Africa
960361,Sandeep Lamichhane,spin bowler,Right Wrist Spin,OUTSIDE_OFFSTUMP,SHORT,8,3,1,16.0,3.0,8.0,Nepal
738445,Mohammad Shahzad,pace bowler,Right Fast,OUTSIDE_OFFSTUMP,SHORT,8,3,1,16.0,3.0,8.0,United Arab Emirates
959761,Zak Gibson,pace bowler,Right Medium,ON_THE_STUMPS,SHORT_OF_A_GOOD_LENGTH,0,3,1,0.0,3.0,0.0,New Zealand
941959,Qadeer Ahmed,pace bowler,Right Fast,WIDE_OUTSIDE_OFFSTUMP,SHORT_OF_A_GOOD_LENGTH,0,3,1,0.0,3.0,0.0,United Arab Emirates
595739,Leus du Plooy,spin bowler,Left Off Spin,ON_THE_STUMPS,SHORT_OF_A_GOOD_LENGTH,4,3,1,8.0,3.0,4.0,England
1185475,Qasim Akram,spin bowler,Right Off Spin,ON_THE_STUMPS,GOOD_LENGTH,3,3,1,6.0,3.0,3.0,Pakistan
326973,Anurag Verma,pace bowler,Right Medium,DOWN_LEG,GOOD_LENGTH,3,3,1,6.0,3.0,3.0,New Zealand
317293,Manpreet Gony,pace bowler,Right Medium,OUTSIDE_OFFSTUMP,SHORT,0,3,1,0.0,3.0,0.0,India
1193544,Joey Field,pace bowler,Right Fast,OUTSIDE_OFFSTUMP,SHORT,0,3,1,0.0,3.0,0.0,New Zealand
1193544,Joey Field,pace bowler,Right Fast,OUTSIDE_OFFSTUMP,FULL,7,3,1,14.0,3.0,7.0,New Zealand
322818,Ayabulela Gqamane,pace bowler,Right Fast,ON_THE_STUMPS,YORKER,2,3,1,4.0,3.0,2.0,South Africa
322810,Cameron Delport,pace bowler,Right Medium,ON_THE_STUMPS,SHORT_OF_A_GOOD_LENGTH,5,3,1,10.0,3.0,5.0,South Africa
440520,Bevan Small,pace bowler,Right Fast,OUTSIDE_OFFSTUMP,SHORT,3,3,1,6.0,3.0,3.0,New Zealand
344580,Shreyas Gopal,spin bowler,Right Wrist Spin,OUTSIDE_OFFSTUMP,FULL_TOSS,1,3,1,2.0,3.0,1.0,India
348034,George Dockrell,spin bowler,Left Off Spin,ON_THE_STUMPS,FULL_TOSS,2,3,1,4.0,3.0,2.0,Ireland
348034,George Dockrell,spin bowler,Left Off Spin,ON_THE_STUMPS,SHORT,6,3,1,12.0,3.0,6.0,Ireland
1171134,Faisal Akram,spin bowler,Left Wrist Spin,ON_THE_STUMPS,FULL,1,3,1,2.0,3.0,1.0,Pakistan
348091,Kavem Hodge,spin bowler,Left Off Spin,WIDE_OUTSIDE_OFFSTUMP,GOOD_LENGTH,5,3,1,10.0,3.0,5.0,West Indies
348154,Zafar Gohar,spin bowler,Left Off Spin,ON_THE_STUMPS,SHORT_OF_A_GOOD_LENGTH,7,3,1,14.0,3.0,7.0,Pakistan
333782,Timm van der Gugten,pace bowler,Right Fast,DOWN_LEG,SHORT_OF_A_GOOD_LENGTH,3,3,1,6.0,3.0,3.0,Netherlands
332978,John Reva,pace bowler,Right Medium,ON_THE_STUMPS,FULL_TOSS,2,3,1,4.0,3.0,2.0,Papua New Guinea
333001,Tinotenda Mutombodzi,spin bowler,Right Wrist Spin,ON_THE_STUMPS,FULL,2,3,1,4.0,3.0,2.0,Zimbabwe
1175423,Hrithik Shokeen,spin bowler,Right Off Spin,WIDE_OUTSIDE_OFFSTUMP,FULL,4,3,1,8.0,3.0,4.0,India
288285,Clive Rose,spin bowler,Left Off Spin,ON_THE_STUMPS,YORKER,1,3,2,2.0,1.5,0.5,Australia
1203995,Shahnawaz Dahani,pace bowler,Right Fast,WIDE_OUTSIDE_OFFSTUMP,YORKER,0,3,1,0.0,3.0,0.0,Pakistan
293983,Alex Cusack,pace bowler,Right Fast,OUTSIDE_OFFSTUMP,FULL,6,3,1,12.0,3.0,6.0,Ireland
277911,George Worker,spin bowler,Left Off Spin,WIDE_OUTSIDE_OFFSTUMP,SHORT_OF_A_GOOD_LENGTH,5,3,1,10.0,3.0,5.0,New Zealand
272465,James Pattinson,pace bowler,Right Fast,ON_THE_STUMPS,YORKER,2,3,1,4.0,3.0,2.0,Australia
275658,Michael Hogan,pace bowler,Right Fast,ON_THE_STUMPS,FULL_TOSS,10,3,1,20.0,3.0,10.0,Australia
275658,Michael Hogan,pace bowler,Right Fast,ON_THE_STUMPS,SHORT,5,3,1,10.0,3.0,5.0,Australia
277662,Corey Anderson,pace bowler,Left Fast,DOWN_LEG,SHORT,5,3,1,10.0,3.0,5.0,United States of America
277662,Corey Anderson,pace bowler,Left Fast,ON_THE_STUMPS,FULL_TOSS,5,3,1,10.0,3.0,5.0,United States of America
308251,David Willey,pace bowler,Left Fast,WIDE_OUTSIDE_OFFSTUMP,SHORT,8,3,1,16.0,3.0,8.0,England
1199304,Jayden Seales,pace bowler,Right Fast,WIDE_OUTSIDE_OFFSTUMP,FULL_TOSS,2,3,2,4.0,1.5,1.0,West Indies
310107,Danny Briggs,spin bowler,Left Off Spin,WIDE_OUTSIDE_OFFSTUMP,GOOD_LENGTH,2,3,2,4.0,1.5,1.0,England
1196500,Zawar Farid,pace bowler,Right Medium,OUTSIDE_OFFSTUMP,SHORT,8,3,1,16.0,3.0,8.0,United Arab Emirates
311427,Hamid Hassan,pace bowler,Right Fast,OUTSIDE_OFFSTUMP,YORKER,1,3,1,2.0,3.0,1.0,Afghanistan
297592,Luke Fletcher,pace bowler,Right Fast,OUTSIDE_OFFSTUMP,FULL,1,3,1,2.0,3.0,1.0,England
1203669,Akif Javed,pace bowler,Left Fast,ON_THE_STUMPS,FULL_TOSS,7,3,1,14.0,3.0,7.0,Pakistan
300618,Nasir Hossain,spin bowler,Right Off Spin,ON_THE_STUMPS,SHORT,1,3,1,2.0,3.0,1.0,Bangladesh
416103,Vivian Kingma,pace bowler,Right Fast,OUTSIDE_OFFSTUMP,FULL,7,3,1,14.0,3.0,7.0,Netherlands
1155262,Vidwath Kaverappa,pace bowler,Right Fast,ON_THE_STUMPS,GOOD_LENGTH,2,3,1,4.0,3.0,2.0,India
420503,Hammad Shahid,pace bowler,Right Fast,ON_THE_STUMPS,FULL,1,3,1,2.0,3.0,1.0,United States of America
422847,Harmeet Singh,spin bowler,Left Off Spin,ON_THE_STUMPS,YORKER,2,3,1,4.0,3.0,2.0,
423810,Unnikrishnan Manukrishnan,pace bowler,Left Medium,DOWN_LEG,SHORT_OF_A_GOOD_LENGTH,7,3,1,14.0,3.0,7.0,India
403902,Liam Livingstone,spin bowler,Mixed,WIDE_DOWN_LEG,GOOD_LENGTH,6,3,1,12.0,3.0,6.0,England
395057,Seth Rance,pace bowler,Right Medium,WIDE_OUTSIDE_OFFSTUMP,FULL,4,3,1,8.0,3.0,4.0,New Zealand
414247,Naseer Jamali,pace bowler,Left Fast,ON_THE_STUMPS,SHORT_OF_A_GOOD_LENGTH,1,3,1,2.0,3.0,1.0,United States of America
433614,Zahid Mahmood,spin bowler,Right Wrist Spin,WIDE_OUTSIDE_OFFSTUMP,SHORT_OF_A_GOOD_LENGTH,3,3,1,6.0,3.0,3.0,Pakistan
1143525,Gayan Munaweera,pace bowler,Left Medium,OUTSIDE_OFFSTUMP,SHORT,2,3,1,4.0,3.0,2.0,Qatar
1139053,Ram Sharan,spin bowler,Right Off Spin,OUTSIDE_OFFSTUMP,FULL,1,3,1,2.0,3.0,1.0,Cambodia
438563,Mark Chapman,spin bowler,Left Off Spin,OUTSIDE_OFFSTUMP,FULL_TOSS,2,3,1,4.0,3.0,2.0,New Zealand
439288,Joe Mennie,pace bowler,Right Fast,DOWN_LEG,SHORT_OF_A_GOOD_LENGTH,2,3,1,4.0,3.0,2.0,Australia
1152432,Kalana Perera,pace bowler,Left Fast,OUTSIDE_OFFSTUMP,GOOD_LENGTH,5,3,1,10.0,3.0,5.0,Sri Lanka
425639,Tendai Chatara,pace bowler,Right Fast,DOWN_LEG,FULL,4,3,2,8.0,1.5,2.0,Zimbabwe
1151270,Ayush Badoni,spin bowler,Right Off Spin,OUTSIDE_OFFSTUMP,GOOD_LENGTH,7,3,1,14.0,3.0,7.0,India
430246,Yuzvendra Chahal,spin bowler,Right Wrist Spin,OUTSIDE_OFFSTUMP,YORKER,1,3,1,2.0,3.0,1.0,India
1163490,Sumon Khan,pace bowler,Right Medium,ON_THE_STUMPS,YORKER,3,3,1,6.0,3.0,3.0,Bangladesh
698343,Eathan Bosch,pace bowler,Right Fast,ON_THE_STUMPS,FULL_TOSS,3,3,1,6.0,3.0,3.0,South Africa
362541,Doug Bracewell,pace bowler,Right Fast,WIDE_OUTSIDE_OFFSTUMP,YORKER,1,3,1,2.0,3.0,1.0,New Zealand
353431,Rob Taylor,pace bowler,Left Medium,OUTSIDE_OFFSTUMP,FULL,1,3,1,2.0,3.0,1.0,Scotland
352048,Gulbadin Naib,pace bowler,Right Fast,WIDE_OUTSIDE_OFFSTUMP,FULL_TOSS,2,3,1,4.0,3.0,2.0,Afghanistan
353431,Rob Taylor,pace bowler,Left Medium,ON_THE_STUMPS,SHORT_OF_A_GOOD_LENGTH,1,3,1,2.0,3.0,1.0,Scotland
362541,Doug Bracewell,pace bowler,Right Fast,ON_THE_STUMPS,YORKER,2,3,1,4.0,3.0,2.0,New Zealand
379145,Tabraiz Shamsi,spin bowler,Left Wrist Spin,WIDE_DOWN_LEG,FULL,9,3,1,18.0,3.0,9.0,South Africa
387420,Mirwais Ashraf,pace bowler,Right Fast,OUTSIDE_OFFSTUMP,SHORT_OF_A_GOOD_LENGTH,6,3,1,12.0,3.0,6.0,Afghanistan
1159726,Hemang Patel,pace bowler,Right Fast,ON_THE_STUMPS,SHORT_OF_A_GOOD_LENGTH,4,3,1,8.0,3.0,4.0,India
1159722,Simarjeet Singh,pace bowler,Right Fast,WIDE_OUTSIDE_OFFSTUMP,GOOD_LENGTH,9,3,1,18.0,3.0,9.0,India
1159843,Kumar Kartikeya,spin bowler,Mixed,OUTSIDE_OFFSTUMP,FULL_TOSS,10,3,1,20.0,3.0,10.0,India
393289,Shaun von Berg,spin bowler,Right Wrist Spin,ON_THE_STUMPS,SHORT_OF_A_GOOD_LENGTH,2,3,1,4.0,3.0,2.0,South Africa
379887,Lizaad Williams,pace bowler,Right Fast,DOWN_LEG,GOOD_LENGTH,2,3,1,4.0,3.0,2.0,South Africa
1323727,Junior Sinclair,spin bowler,Right Off Spin,DOWN_LEG,GOOD_LENGTH,1,3,1,2.0,3.0,1.0,West Indies
41324,Mohammad Sami,pace bowler,Right Fast,DOWN_LEG,FULL,5,3,1,10.0,3.0,5.0,Pakistan
1312645,Harshit Rana,pace bowler,Right Fast,ON_THE_STUMPS,FULL_TOSS,5,3,1,10.0,3.0,5.0,India
35280,RP Singh,pace bowler,Left Fast,ON_THE_STUMPS,SHORT,7,3,1,14.0,3.0,7.0,India
1328735,Yasin Patel,spin bowler,Left Off Spin,ON_THE_STUMPS,SHORT_OF_A_GOOD_LENGTH,1,3,1,2.0,3.0,1.0,Kuwait
46750,Robin Peterson,spin bowler,Left Off Spin,OUTSIDE_OFFSTUMP,FULL,7,3,1,14.0,3.0,7.0,South Africa
48472,Tillakaratne Dilshan,spin bowler,Right Off Spin,DOWN_LEG,GOOD_LENGTH,2,3,1,4.0,3.0,2.0,Sri Lanka
1284669,Usman Khalid,mixture/unknown,Mixed,WIDE_OUTSIDE_OFFSTUMP,GOOD_LENGTH,0,3,1,0.0,3.0,0.0,Saudi Arabia
1284540,Ishtiaq Ahmad,pace bowler,Right Fast,OUTSIDE_OFFSTUMP,SHORT,6,3,1,12.0,3.0,6.0,Saudi Arabia
49700,Jeevan Mendis,spin bowler,Right Wrist Spin,ON_THE_STUMPS,SHORT,2,3,1,4.0,3.0,2.0,Sri Lanka
46538,Morne Morkel,pace bowler,Right Fast,WIDE_OUTSIDE_OFFSTUMP,YORKER,0,3,1,0.0,3.0,0.0,South Africa
1294520,Mohammad Zeeshan,pace bowler,Right Medium,DOWN_LEG,GOOD_LENGTH,4,3,1,8.0,3.0,4.0,
1294144,Dhruv Parashar,mixture/unknown,Mixed,WIDE_OUTSIDE_OFFSTUMP,GOOD_LENGTH,0,3,1,0.0,3.0,0.0,United Arab Emirates
1292563,Mayank Yadav,pace bowler,Right Fast,ON_THE_STUMPS,SHORT,7,3,1,14.0,3.0,7.0,India
46149,Eddie Leie,spin bowler,Right Wrist Spin,OUTSIDE_OFFSTUMP,FULL_TOSS,1,3,1,2.0,3.0,1.0,South Africa
46248,Albie Morkel,pace bowler,Right Fast,DOWN_LEG,FULL,5,3,1,10.0,3.0,5.0,South Africa
9310,Tim Bresnan,pace bowler,Right Fast,ON_THE_STUMPS,SHORT,10,3,1,20.0,3.0,10.0,England
10582,Ravi Bopara,pace bowler,Right Medium,ON_THE_STUMPS,SHORT,8,3,1,16.0,3.0,8.0,England
1397990,Mohammed Irshad,pace bowler,Right Medium,OUTSIDE_OFFSTUMP,SHORT_OF_A_GOOD_LENGTH,2,3,1,4.0,3.0,2.0,Qatar
1373205,Salvin Stanly,pace bowler,Right Medium,OUTSIDE_OFFSTUMP,GOOD_LENGTH,10,3,1,20.0,3.0,10.0,
19264,Liam Plunkett,pace bowler,Right Fast,WIDE_DOWN_LEG,SHORT_OF_A_GOOD_LENGTH,3,3,1,6.0,3.0,3.0,United States of America
24237,John Mooney,pace bowler,Right Medium,ON_THE_STUMPS,FULL_TOSS,8,3,1,16.0,3.0,8.0,Ireland
5681,Brad Hogg,spin bowler,Left Wrist Spin,DOWN_LEG,SHORT_OF_A_GOOD_LENGTH,2,3,1,4.0,3.0,2.0,Australia
5941,Ben Hilfenhaus,pace bowler,Right Fast,DOWN_LEG,FULL_TOSS,7,3,1,14.0,3.0,7.0,Australia
8917,Moeen Ali,spin bowler,Right Off Spin,WIDE_DOWN_LEG,GOOD_LENGTH,6,3,1,12.0,3.0,6.0,England
1397991,Muhammad Jabir,pace bowler,Right Medium,WIDE_OUTSIDE_OFFSTUMP,FULL,2,3,1,4.0,3.0,2.0,Qatar
1343908,Rohanat Doullah Borson,pace bowler,Right Medium,OUTSIDE_OFFSTUMP,SHORT,7,3,1,14.0,3.0,7.0,
32965,Munaf Patel,pace bowler,Right Fast,DOWN_LEG,SHORT,7,3,1,14.0,3.0,7.0,India
1339037,Raghuvendra Pratap Singh,pace bowler,Right Fast,ON_THE_STUMPS,GOOD_LENGTH,5,3,1,10.0,3.0,5.0,India
24827,Gerrie Snyman,mixture/unknown,Mixed,OUTSIDE_OFFSTUMP,SHORT_OF_A_GOOD_LENGTH,2,3,1,4.0,3.0,2.0,Namibia
1350792,Suyash Sharma,spin bowler,Right Wrist Spin,WIDE_OUTSIDE_OFFSTUMP,FULL,7,3,1,14.0,3.0,7.0,India
1344838,Atif-Ur-Rehman,pace bowler,Right Medium,OUTSIDE_OFFSTUMP,SHORT,3,3,1,6.0,3.0,3.0,Saudi Arabia
1218226,Muhammad Faizan,pace bowler,Right Fast,OUTSIDE_OFFSTUMP,SHORT_OF_A_GOOD_LENGTH,5,3,1,10.0,3.0,5.0,Pakistan
233802,Ashan Priyanjan,spin bowler,Right Off Spin,DOWN_LEG,FULL,3,3,1,6.0,3.0,3.0,Sri Lanka
232359,Colin Munro,pace bowler,Right Fast,ON_THE_STUMPS,FULL_TOSS,1,3,2,2.0,1.5,0.5,New Zealand
228622,John Hastings,pace bowler,Right Fast,ON_THE_STUMPS,FULL_TOSS,1,3,1,2.0,3.0,1.0,Australia
230559,Kieron Pollard,pace bowler,Right Medium,WIDE_OUTSIDE_OFFSTUMP,YORKER,5,3,1,10.0,3.0,5.0,West Indies
230861,Malusi Siboto,pace bowler,Right Medium,WIDE_OUTSIDE_OFFSTUMP,GOOD_LENGTH,0,3,1,0.0,3.0,0.0,South Africa
1210733,Jack Wood,spin bowler,Left Wrist Spin,ON_THE_STUMPS,SHORT_OF_A_GOOD_LENGTH,6,3,1,12.0,3.0,6.0,Australia
245372,Orlando Peters,pace bowler,Right Medium,OUTSIDE_OFFSTUMP,SHORT_OF_A_GOOD_LENGTH,4,3,1,8.0,3.0,4.0,West Indies
1214422,Malay Raj,pace bowler,Right Medium,ON_THE_STUMPS,SHORT_OF_A_GOOD_LENGTH,3,3,1,6.0,3.0,3.0,India
1214410,Agrim Tiwari,pace bowler,Left Medium,ON_THE_STUMPS,FULL_TOSS,4,3,1,8.0,3.0,4.0,India
1213979,Mitchell Owen,pace bowler,Right Medium,WIDE_OUTSIDE_OFFSTUMP,GOOD_LENGTH,4,3,1,8.0,3.0,4.0,Australia
244497,Adil Rashid,spin bowler,Right Wrist Spin,ON_THE_STUMPS,YORKER,1,3,1,2.0,3.0,1.0,England
245166,Mudassar Bukhari,pace bowler,Right Fast,DOWN_LEG,GOOD_LENGTH,0,3,1,0.0,3.0,0.0,Netherlands
1241280,Nilansh Keswani,spin bowler,Left Off Spin,WIDE_OUTSIDE_OFFSTUMP,GOOD_LENGTH,5,3,1,10.0,3.0,5.0,United Arab Emirates
55633,Chris Mpofu,pace bowler,Right Fast,ON_THE_STUMPS,YORKER,3,3,1,6.0,3.0,3.0,Zimbabwe
1261866,John Turner,pace bowler,Right Fast,ON_THE_STUMPS,GOOD_LENGTH,1,3,1,2.0,3.0,1.0,England
1273893,Thivagar Gopal,pace bowler,Right Fast,ON_THE_STUMPS,GOOD_LENGTH,0,3,1,0.0,3.0,0.0,India
51248,Sulieman Benn,spin bowler,Left Off Spin,WIDE_OUTSIDE_OFFSTUMP,SHORT_OF_A_GOOD_LENGTH,1,3,1,2.0,3.0,1.0,West Indies
51433,Samuel Badree,spin bowler,Right Wrist Spin,OUTSIDE_OFFSTUMP,FULL_TOSS,5,3,1,10.0,3.0,5.0,West Indies
52334,Imran Khan,spin bowler,Right Wrist Spin,OUTSIDE_OFFSTUMP,SHORT,12,3,1,24.0,3.0,12.0,West Indies
52983,Marlon Samuels,spin bowler,Right Off Spin,WIDE_OUTSIDE_OFFSTUMP,FULL,1,3,1,2.0,3.0,1.0,West Indies
1276980,Ripon Mondol,pace bowler,Right Medium,ON_THE_STUMPS,FULL_TOSS,5,3,1,10.0,3.0,5.0,Bangladesh
53118,Dwayne Smith,pace bowler,Right Medium,ON_THE_STUMPS,YORKER,1,3,1,2.0,3.0,1.0,West Indies
212756,Sachith Pathirana,spin bowler,Left Off Spin,ON_THE_STUMPS,SHORT_OF_A_GOOD_LENGTH,1,3,1,2.0,3.0,1.0,Sri Lanka
213674,Todd Astle,spin bowler,Right Wrist Spin,DOWN_LEG,GOOD_LENGTH,8,3,1,16.0,3.0,8.0,New Zealand
208657,Pieter Seelaar,spin bowler,Left Off Spin,WIDE_OUTSIDE_OFFSTUMP,FULL,0,3,1,0.0,3.0,0.0,Netherlands
1246518,Karan Sharma,spin bowler,Right Off Spin,ON_THE_STUMPS,FULL,2,3,1,4.0,3.0,2.0,India
56025,Mahmudullah,spin bowler,Right Off Spin,OUTSIDE_OFFSTUMP,FULL_TOSS,2,3,1,4.0,3.0,2.0,Bangladesh
1252337,Prashant Solanki,spin bowler,Right Wrist Spin,ON_THE_STUMPS,SHORT_OF_A_GOOD_LENGTH,3,3,1,6.0,3.0,3.0,India
1249881,Zeeshan Zameer,pace bowler,Right Fast,OUTSIDE_OFFSTUMP,SHORT,2,3,1,4.0,3.0,2.0,Pakistan
440520,Bevan Small,pace bowler,Right Fast,OUTSIDE_OFFSTUMP,FULL_TOSS,1,3,1,2.0,3.0,1.0,New Zealand
580400,Khizar Hayat,spin bowler,Right Off Spin,ON_THE_STUMPS,SHORT_OF_A_GOOD_LENGTH,1,3,2,2.0,1.5,0.5,Malaysia
581160,Khary Pierre,spin bowler,Left Off Spin,ON_THE_STUMPS,YORKER,1,3,1,2.0,3.0,1.0,West Indies
587152,Pravin Tambe,spin bowler,Right Wrist Spin,ON_THE_STUMPS,SHORT,5,3,1,10.0,3.0,5.0,India
587152,Pravin Tambe,spin bowler,Right Wrist Spin,ON_THE_STUMPS,YORKER,0,3,1,0.0,3.0,0.0,India
555855,Harry Conway,pace bowler,Right Fast,DOWN_LEG,SHORT_OF_A_GOOD_LENGTH,3,3,1,6.0,3.0,3.0,Australia
555855,Harry Conway,pace bowler,Right Fast,ON_THE_STUMPS,YORKER,1,3,1,2.0,3.0,1.0,Australia
557295,Hilton Cartwright,pace bowler,Right Medium,OUTSIDE_OFFSTUMP,FULL_TOSS,8,3,1,16.0,3.0,8.0,Australia
568136,Fareed Ahmad,pace bowler,Left Fast,WIDE_OUTSIDE_OFFSTUMP,FULL_TOSS,5,3,1,10.0,3.0,5.0,Afghanistan
440523,Ben Wheeler,pace bowler,Left Fast,WIDE_OUTSIDE_OFFSTUMP,FULL_TOSS,6,3,1,12.0,3.0,6.0,New Zealand
594566,Kanwar Abhinay,pace bowler,Right Fast,OUTSIDE_OFFSTUMP,FULL_TOSS,3,3,1,6.0,3.0,3.0,India
594996,Ryan Klein,pace bowler,Right Fast,OUTSIDE_OFFSTUMP,GOOD_LENGTH,1,3,1,2.0,3.0,1.0,Netherlands
595783,Ajaz Patel,spin bowler,Left Off Spin,ON_THE_STUMPS,SHORT,4,3,1,8.0,3.0,4.0,New Zealand
590913,Will Williams,pace bowler,Right Fast,ON_THE_STUMPS,YORKER,2,3,1,4.0,3.0,2.0,New Zealand
594322,Corbin Bosch,pace bowler,Right Fast,WIDE_OUTSIDE_OFFSTUMP,FULL,5,3,1,10.0,3.0,5.0,South Africa
594329,Jacques Snyman,spin bowler,Right Off Spin,OUTSIDE_OFFSTUMP,SHORT_OF_A_GOOD_LENGTH,4,3,1,8.0,3.0,4.0,South Africa
555855,Harry Conway,pace bowler,Right Fast,DOWN_LEG,FULL,7,3,1,14.0,3.0,7.0,Australia
555853,Mark Steketee,pace bowler,Right Fast,ON_THE_STUMPS,YORKER,0,3,1,0.0,3.0,0.0,Australia
533862,Mohammad Naveed,pace bowler,Right Medium,DOWN_LEG,GOOD_LENGTH,0,3,1,0.0,3.0,0.0,United Arab Emirates
1088610,Jack Edwards,pace bowler,Right Medium,DOWN_LEG,SHORT,7,3,1,14.0,3.0,7.0,Australia
535393,Senuran Muthusamy,spin bowler,Left Off Spin,WIDE_OUTSIDE_OFFSTUMP,GOOD_LENGTH,5,3,1,10.0,3.0,5.0,South Africa
537124,Gurkeerat Singh Mann,spin bowler,Right Off Spin,ON_THE_STUMPS,SHORT_OF_A_GOOD_LENGTH,5,3,1,10.0,3.0,5.0,India
531953,Max Sorensen,pace bowler,Right Fast,WIDE_OUTSIDE_OFFSTUMP,SHORT_OF_A_GOOD_LENGTH,2,3,1,4.0,3.0,2.0,Ireland
1099379,Gareth Delany,spin bowler,Right Wrist Spin,WIDE_OUTSIDE_OFFSTUMP,FULL_TOSS,2,3,1,4.0,3.0,2.0,Ireland
530812,Akeal Hosein,spin bowler,Left Off Spin,ON_THE_STUMPS,YORKER,1,3,1,2.0,3.0,1.0,West Indies
1089962,Patrick Dooley,spin bowler,Left Wrist Spin,OUTSIDE_OFFSTUMP,FULL_TOSS,0,3,1,0.0,3.0,0.0,Australia
553249,Bjorn Fortuin,spin bowler,Left Off Spin,ON_THE_STUMPS,YORKER,0,3,1,0.0,3.0,0.0,South Africa
545467,Junior Dala,pace bowler,Right Medium,OUTSIDE_OFFSTUMP,FULL_TOSS,2,3,1,4.0,3.0,2.0,South Africa
1080812,Danru Ferns,pace bowler,Right Medium,ON_THE_STUMPS,SHORT,4,3,1,8.0,3.0,4.0,New Zealand
595882,Akhona Mnyaka,pace bowler,Left Fast,ON_THE_STUMPS,GOOD_LENGTH,0,3,1,0.0,3.0,0.0,South Africa
659081,Mark Watt,spin bowler,Left Off Spin,DOWN_LEG,YORKER,2,3,1,4.0,3.0,2.0,Scotland
1028665,Praveen Jayawickrama,spin bowler,Left Off Spin,WIDE_OUTSIDE_OFFSTUMP,FULL,6,3,1,12.0,3.0,6.0,Sri Lanka
638912,Matthew Kelly,pace bowler,Right Fast,WIDE_OUTSIDE_OFFSTUMP,SHORT,1,3,1,2.0,3.0,1.0,Australia
1012349,Ruyel Miah,pace bowler,Left Fast,OUTSIDE_OFFSTUMP,SHORT_OF_A_GOOD_LENGTH,1,3,1,2.0,3.0,1.0,Bangladesh
1012349,Ruyel Miah,pace bowler,Left Fast,OUTSIDE_OFFSTUMP,GOOD_LENGTH,3,3,1,6.0,3.0,3.0,Bangladesh
671823,Chris Sole,pace bowler,Right Medium,OUTSIDE_OFFSTUMP,FULL_TOSS,6,3,1,12.0,3.0,6.0,Scotland
698315,Donovan Ferreira,mixture/unknown,Mixed,ON_THE_STUMPS,FULL,1,3,1,2.0,3.0,1.0,South Africa
698315,Donovan Ferreira,mixture/unknown,Mixed,OUTSIDE_OFFSTUMP,SHORT_OF_A_GOOD_LENGTH,1,3,1,2.0,3.0,1.0,South Africa
698319,Beyers Swanepoel,pace bowler,Right Fast,OUTSIDE_OFFSTUMP,FULL_TOSS,1,3,1,2.0,3.0,1.0,South Africa
693975,Sahan Arachchige,spin bowler,Right Off Spin,ON_THE_STUMPS,FULL_TOSS,7,3,1,14.0,3.0,7.0,Sri Lanka
681117,Faheem Ashraf,pace bowler,Right Medium,WIDE_OUTSIDE_OFFSTUMP,YORKER,1,3,1,2.0,3.0,1.0,Pakistan
681351,Khurram Shahzad,pace bowler,Right Fast,ON_THE_STUMPS,YORKER,1,3,2,2.0,1.5,0.5,Pakistan
681681,Janith Liyanage,pace bowler,Right Fast,ON_THE_STUMPS,GOOD_LENGTH,8,3,1,16.0,3.0,8.0,Sri Lanka
977451,Jack Prestwidge,pace bowler,Right Fast,ON_THE_STUMPS,FULL_TOSS,2,3,1,4.0,3.0,2.0,Australia
1068983,Haroon Arshad,pace bowler,Right Medium,WIDE_OUTSIDE_OFFSTUMP,FULL_TOSS,7,3,1,14.0,3.0,7.0,Hong Kong
599385,Ian McPeake,pace bowler,Right Fast,OUTSIDE_OFFSTUMP,SHORT,7,3,1,14.0,3.0,7.0,New Zealand
1065662,Roshon Primus,pace bowler,Right Medium,DOWN_LEG,FULL,7,3,1,14.0,3.0,7.0,West Indies
1030549,Andrew Hazeldine,pace bowler,Left Fast,WIDE_OUTSIDE_OFFSTUMP,SHORT_OF_A_GOOD_LENGTH,6,3,1,12.0,3.0,6.0,New Zealand
601150,Eldred Hawken,pace bowler,Right Fast,ON_THE_STUMPS,FULL_TOSS,10,3,1,20.0,3.0,10.0,South Africa
1064812,Rahul Chahar,spin bowler,Right Wrist Spin,WIDE_OUTSIDE_OFFSTUMP,SHORT_OF_A_GOOD_LENGTH,3,3,1,6.0,3.0,3.0,India
604527,Nitish Rana,spin bowler,Right Off Spin,OUTSIDE_OFFSTUMP,SHORT,6,3,1,12.0,3.0,6.0,India
596010,Gerald Coetzee,pace bowler,Right Fast,DOWN_LEG,FULL,2,3,1,4.0,3.0,2.0,South Africa
1070183,Abhishek Sharma,spin bowler,Left Off Spin,WIDE_OUTSIDE_OFFSTUMP,FULL,0,3,1,0.0,3.0,0.0,India
1038205,Trevor Gwandu,pace bowler,Right Medium,ON_THE_STUMPS,FULL,2,3,1,4.0,3.0,2.0,Zimbabwe
1036197,Philippe Boissevain,spin bowler,Right Wrist Spin,OUTSIDE_OFFSTUMP,GOOD_LENGTH,1,3,1,2.0,3.0,1.0,Netherlands
633561,Mirza Mohammed Baig,mixture/unknown,Mixed,ON_THE_STUMPS,SHORT_OF_A_GOOD_LENGTH,10,3,1,20.0,3.0,10.0,Qatar
1036191,Bas de Leede,pace bowler,Right Fast,DOWN_LEG,SHORT_OF_A_GOOD_LENGTH,2,3,1,4.0,3.0,2.0,Netherlands
1061467,Dillon Heyliger,pace bowler,Right Medium,WIDE_OUTSIDE_OFFSTUMP,FULL,4,3,1,8.0,3.0,4.0,Canada
448243,Rumman Raees,pace bowler,Left Fast,WIDE_OUTSIDE_OFFSTUMP,SHORT_OF_A_GOOD_LENGTH,3,3,1,6.0,3.0,3.0,Pakistan
457249,Carlos Brathwaite,pace bowler,Right Fast,WIDE_DOWN_LEG,SHORT,3,3,1,6.0,3.0,3.0,West Indies
1115025,Semo Kamea,pace bowler,Left Fast,DOWN_LEG,GOOD_LENGTH,0,3,1,0.0,3.0,0.0,Papua New Guinea
482478,Jan Frylinck,pace bowler,Left Fast,WIDE_OUTSIDE_OFFSTUMP,FULL,12,3,1,24.0,3.0,12.0,Namibia
1132005,Mohsin Khan,pace bowler,Left Fast,ON_THE_STUMPS,YORKER,0,3,1,0.0,3.0,0.0,India
1124283,Aaron Hardie,pace bowler,Right Fast,ON_THE_STUMPS,YORKER,1,3,1,2.0,3.0,1.0,Australia
1125688,Mukesh Choudhary,pace bowler,Left Medium,ON_THE_STUMPS,SHORT,9,3,1,18.0,3.0,9.0,India
453277,Victor Nyauchi,pace bowler,Right Fast,OUTSIDE_OFFSTUMP,FULL_TOSS,2,3,1,4.0,3.0,2.0,Zimbabwe
1124290,Nathan McSweeney,spin bowler,Right Off Spin,ON_THE_STUMPS,SHORT_OF_A_GOOD_LENGTH,2,3,1,4.0,3.0,2.0,Australia
450101,Raymon Reifer,pace bowler,Left Fast,WIDE_OUTSIDE_OFFSTUMP,SHORT,10,3,1,20.0,3.0,10.0,West Indies
1125976,Arshdeep Singh,pace bowler,Left Fast,WIDE_OUTSIDE_OFFSTUMP,SHORT,2,3,3,4.0,1.0,0.67,India
457234,Keron Cottoy,spin bowler,Right Wrist Spin,ON_THE_STUMPS,FULL,6,3,1,12.0,3.0,6.0,West Indies
511532,Al-Amin Hossain,pace bowler,Right Fast,DOWN_LEG,FULL_TOSS,7,3,1,14.0,3.0,7.0,Bangladesh
492762,Utkarsh Jain,spin bowler,Left Off Spin,ON_THE_STUMPS,FULL,2,3,1,4.0,3.0,2.0,
498440,Ronsford Beaton,pace bowler,Right Fast,DOWN_LEG,SHORT_OF_A_GOOD_LENGTH,4,3,1,8.0,3.0,4.0,West Indies
481803,Glenton Stuurman,pace bowler,Right Fast,OUTSIDE_OFFSTUMP,SHORT_OF_A_GOOD_LENGTH,1,3,1,2.0,3.0,1.0,South Africa
524845,Peter Chase,pace bowler,Right Fast,DOWN_LEG,SHORT_OF_A_GOOD_LENGTH,2,3,1,4.0,3.0,2.0,Ireland
527292,Baltej Singh,pace bowler,Right Medium,WIDE_OUTSIDE_OFFSTUMP,GOOD_LENGTH,4,3,1,8.0,3.0,4.0,India
498591,Travis Muller,pace bowler,Right Fast,OUTSIDE_OFFSTUMP,FULL_TOSS,4,3,1,8.0,3.0,4.0,South Africa
499560,Patrick Kruger,pace bowler,Right Medium,ON_THE_STUMPS,FULL,2,3,1,4.0,3.0,2.0,South Africa
1125536,Ben Lister,pace bowler,Left Medium,OUTSIDE_OFFSTUMP,SHORT,6,3,1,12.0,3.0,6.0,New Zealand
524253,Norman Vanua,pace bowler,Right Medium,DOWN_LEG,FULL_TOSS,3,3,1,6.0,3.0,3.0,Papua New Guinea
1129664,Angus McKenzie,pace bowler,Right Medium,WIDE_OUTSIDE_OFFSTUMP,SHORT_OF_A_GOOD_LENGTH,5,3,1,10.0,3.0,5.0,New Zealand
1039481,Gus Atkinson,pace bowler,Right Fast,ON_THE_STUMPS,FULL_TOSS,4,2,1,12.0,2.0,4.0,England
1039481,Gus Atkinson,pace bowler,Right Fast,ON_THE_STUMPS,YORKER,0,2,1,0.0,2.0,0.0,England
1153149,Vijayakanth Viyaskanth,spin bowler,Right Wrist Spin,WIDE_DOWN_LEG,FULL,2,2,1,6.0,2.0,2.0,Sri Lanka
1155262,Vidhwath Kaverappa,pace bowler,Right Fast,ON_THE_STUMPS,GOOD_LENGTH,1,2,1,3.0,2.0,1.0,India
1158175,Mohammad Ali,pace bowler,Right Fast,WIDE_OUTSIDE_OFFSTUMP,SHORT,4,2,1,12.0,2.0,4.0,
1273893,Thivagar Gopal,pace bowler,Right Fast,ON_THE_STUMPS,FULL,2,2,1,6.0,2.0,2.0,India
1253822,Gulsan Jha,pace bowler,Right Medium,WIDE_OUTSIDE_OFFSTUMP,SHORT_OF_A_GOOD_LENGTH,1,2,1,3.0,2.0,1.0,Nepal
1159495,Khurram Shahzad,pace bowler,Right Medium,DOWN_LEG,SHORT,6,2,1,18.0,2.0,6.0,Pakistan
1263691,Rehan Ahmed,spin bowler,Right Wrist Spin,DOWN_LEG,FULL,2,2,1,6.0,2.0,2.0,England
1284534,Muhammad Murad,pace bowler,Left Fast,OUTSIDE_OFFSTUMP,FULL_TOSS,2,2,1,6.0,2.0,2.0,Qatar
1284540,Ishtiaq Ahmad,pace bowler,Right Fast,WIDE_OUTSIDE_OFFSTUMP,SHORT,0,2,2,0.0,1.0,0.0,Saudi Arabia
1276980,Ripon Mondol,pace bowler,Right Medium,OUTSIDE_OFFSTUMP,FULL_TOSS,2,2,1,6.0,2.0,2.0,Bangladesh
1125688,Mukesh Choudhary,pace bowler,Left Medium,WIDE_OUTSIDE_OFFSTUMP,GOOD_LENGTH,2,2,1,6.0,2.0,2.0,India
1060363,Lalit Yadav,pace bowler,Right Fast,ON_THE_STUMPS,FULL,6,2,1,18.0,2.0,6.0,India
1304286,Fergus O'Neill,pace bowler,Right Fast,ON_THE_STUMPS,FULL_TOSS,4,2,1,12.0,2.0,4.0,
1145534,Mitchell Stanley,pace bowler,Right Fast,ON_THE_STUMPS,FULL,2,2,1,6.0,2.0,2.0,England
1344838,Atif-Ur-Rehman,pace bowler,Right Medium,ON_THE_STUMPS,YORKER,0,2,1,0.0,2.0,0.0,Saudi Arabia
1397991,Muhammad Jabir,pace bowler,Right Medium,WIDE_OUTSIDE_OFFSTUMP,SHORT_OF_A_GOOD_LENGTH,4,2,1,12.0,2.0,4.0,Qatar
973799,Janak Prakash,pace bowler,Right Medium,ON_THE_STUMPS,FULL_TOSS,4,2,1,12.0,2.0,4.0,Singapore
1138316,Maheesh Theekshana,spin bowler,Right Off Spin,WIDE_OUTSIDE_OFFSTUMP,FULL_TOSS,2,2,1,6.0,2.0,2.0,Sri Lanka
967603,Ishan Porel,pace bowler,Right Medium,OUTSIDE_OFFSTUMP,SHORT_OF_A_GOOD_LENGTH,4,2,1,12.0,2.0,4.0,India
1143525,Gayan Munaweera,pace bowler,Left Medium,DOWN_LEG,SHORT_OF_A_GOOD_LENGTH,6,2,1,18.0,2.0,6.0,Qatar
990161,Hasan Murad,spin bowler,Left Off Spin,OUTSIDE_OFFSTUMP,SHORT,6,2,1,18.0,2.0,6.0,Bangladesh
1328736,Mohamed Shafeeq,pace bowler,Right Medium,WIDE_OUTSIDE_OFFSTUMP,SHORT_OF_A_GOOD_LENGTH,6,2,1,18.0,2.0,6.0,Kuwait
942367,Mayank Dagar,spin bowler,Left Off Spin,ON_THE_STUMPS,YORKER,0,2,1,0.0,2.0,0.0,India
1152432,Kalana Perera,pace bowler,Left Fast,ON_THE_STUMPS,GOOD_LENGTH,1,2,1,3.0,2.0,1.0,Sri Lanka
1012137,Mrittunjoy Chowdhury,pace bowler,Left Fast,WIDE_OUTSIDE_OFFSTUMP,SHORT,5,2,1,15.0,2.0,5.0,Bangladesh
1036191,Bas de Leede,pace bowler,Right Fast,ON_THE_STUMPS,FULL_TOSS,4,2,1,12.0,2.0,4.0,Netherlands
1129664,Angus McKenzie,pace bowler,Right Medium,ON_THE_STUMPS,YORKER,0,2,1,0.0,2.0,0.0,New Zealand
1152714,Terrance Hinds,pace bowler,Right Fast,WIDE_OUTSIDE_OFFSTUMP,YORKER,2,2,1,6.0,2.0,2.0,West Indies
1323726,Shaaron Lewis,pace bowler,Left Fast,ON_THE_STUMPS,SHORT_OF_A_GOOD_LENGTH,3,2,1,9.0,2.0,3.0,West Indies
1323740,Kelvin Pitman,pace bowler,Right Fast,ON_THE_STUMPS,SHORT_OF_A_GOOD_LENGTH,1,2,1,3.0,2.0,1.0,West Indies
1337353,Abdullah Bayoumy,pace bowler,Right Fast,ON_THE_STUMPS,FULL_TOSS,1,2,1,3.0,2.0,1.0,South Africa
1340422,Sakib Hussain,pace bowler,Right Medium,ON_THE_STUMPS,SHORT_OF_A_GOOD_LENGTH,6,2,1,18.0,2.0,6.0,India
1341104,Hardus Coetzer,pace bowler,Right Fast,ON_THE_STUMPS,SHORT_OF_A_GOOD_LENGTH,1,2,1,3.0,2.0,1.0,
1150772,Tom Hartley,spin bowler,Left Off Spin,OUTSIDE_OFFSTUMP,SHORT,6,2,1,18.0,2.0,6.0,England
1344829,Rizwan Butt,pace bowler,Right Medium,DOWN_LEG,GOOD_LENGTH,7,2,1,21.0,2.0,7.0,Bahrain
1152427,Dunith Wellalage,spin bowler,Left Off Spin,DOWN_LEG,YORKER,0,2,1,0.0,2.0,0.0,Sri Lanka
1130463,Arshad Iqbal,pace bowler,Right Fast,ON_THE_STUMPS,YORKER,2,2,1,6.0,2.0,2.0,Pakistan
926597,Aminul Islam,spin bowler,Right Wrist Spin,DOWN_LEG,FULL_TOSS,4,2,1,12.0,2.0,4.0,Bangladesh
1080812,Danru Ferns,pace bowler,Right Medium,ON_THE_STUMPS,YORKER,0,2,2,0.0,1.0,0.0,New Zealand
1080812,Danru Ferns,pace bowler,Right Medium,DOWN_LEG,SHORT_OF_A_GOOD_LENGTH,0,2,1,0.0,2.0,0.0,New Zealand
1201514,Mickil Jaiswal,spin bowler,Right Wrist Spin,ON_THE_STUMPS,SHORT_OF_A_GOOD_LENGTH,4,2,1,12.0,2.0,4.0,India
1201603,Nagaho Chishi,pace bowler,Right Medium,OUTSIDE_OFFSTUMP,SHORT_OF_A_GOOD_LENGTH,1,2,1,3.0,2.0,1.0,India
1164186,Shivank Vashisht,spin bowler,Right Off Spin,DOWN_LEG,FULL,4,2,1,12.0,2.0,4.0,India
1202098,Zakary Foulkes,pace bowler,Right Medium,OUTSIDE_OFFSTUMP,FULL_TOSS,0,2,1,0.0,2.0,0.0,New Zealand
1115025,Semo Kamea,pace bowler,Left Fast,ON_THE_STUMPS,FULL,1,2,1,3.0,2.0,1.0,Papua New Guinea
1115025,Semo Kamea,pace bowler,Left Fast,OUTSIDE_OFFSTUMP,SHORT_OF_A_GOOD_LENGTH,1,2,1,3.0,2.0,1.0,Papua New Guinea
1206039,Akash Madhwal,pace bowler,Right Fast,DOWN_LEG,SHORT,1,2,1,3.0,2.0,1.0,India
1122918,Kartik Tyagi,pace bowler,Right Fast,WIDE_OUTSIDE_OFFSTUMP,GOOD_LENGTH,2,2,1,6.0,2.0,2.0,India
1202927,Dhrushant Soni,pace bowler,Right Medium,ON_THE_STUMPS,FULL,0,2,1,0.0,2.0,0.0,India
1079668,Shubham Agarwal,spin bowler,Right Wrist Spin,OUTSIDE_OFFSTUMP,SHORT_OF_A_GOOD_LENGTH,1,2,1,3.0,2.0,1.0,India
953793,Cameron Stevenson,pace bowler,Right Fast,WIDE_OUTSIDE_OFFSTUMP,SHORT_OF_A_GOOD_LENGTH,0,2,1,0.0,2.0,0.0,United States of America
1176959,Akash Deep,pace bowler,Right Fast,ON_THE_STUMPS,YORKER,2,2,1,6.0,2.0,2.0,India
1175296,Sachindu Colombage,spin bowler,Right Wrist Spin,OUTSIDE_OFFSTUMP,SHORT,4,2,1,12.0,2.0,4.0,Sri Lanka
1175428,Anshul Kamboj,pace bowler,Right Medium,WIDE_OUTSIDE_OFFSTUMP,FULL_TOSS,8,2,1,24.0,2.0,8.0,India
1099225,Fionn Hand,pace bowler,Right Medium,DOWN_LEG,SHORT_OF_A_GOOD_LENGTH,2,2,1,6.0,2.0,2.0,Ireland
932763,Shafiqul Islam,pace bowler,Left Medium,ON_THE_STUMPS,SHORT,5,2,1,15.0,2.0,5.0,Bangladesh
1193548,Tim Pringle,spin bowler,Left Off Spin,DOWN_LEG,GOOD_LENGTH,3,2,1,9.0,2.0,3.0,Netherlands
1179855,Pratis GC,pace bowler,Left Medium,ON_THE_STUMPS,FULL_TOSS,1,2,1,3.0,2.0,1.0,Nepal
1088612,Zak Evans,pace bowler,Right Fast,WIDE_OUTSIDE_OFFSTUMP,SHORT_OF_A_GOOD_LENGTH,0,2,1,0.0,2.0,0.0,Australia
1186659,Kavindu Nadeeshan,spin bowler,Right Wrist Spin,ON_THE_STUMPS,SHORT,10,2,1,30.0,2.0,10.0,Sri Lanka
1088612,Zak Evans,pace bowler,Right Fast,ON_THE_STUMPS,SHORT,4,2,1,12.0,2.0,4.0,Australia
1241201,Matiullah Khan,pace bowler,Right Medium,ON_THE_STUMPS,FULL,1,2,1,3.0,2.0,1.0,
1241253,Zuhaib Zubair,spin bowler,Right Wrist Spin,DOWN_LEG,GOOD_LENGTH,1,2,1,3.0,2.0,1.0,
1241265,Aayan Afzal Khan,spin bowler,Left Off Spin,OUTSIDE_OFFSTUMP,FULL_TOSS,4,2,1,12.0,2.0,4.0,United Arab Emirates
1070665,Dewald Brevis,spin bowler,Right Wrist Spin,WIDE_OUTSIDE_OFFSTUMP,FULL_TOSS,1,2,1,3.0,2.0,1.0,South Africa
1070665,Dewald Brevis,spin bowler,Right Wrist Spin,WIDE_OUTSIDE_OFFSTUMP,FULL,2,2,1,6.0,2.0,2.0,South Africa
1241277,Muhammad Waseem,pace bowler,Right Medium,ON_THE_STUMPS,FULL_TOSS,1,2,1,3.0,2.0,1.0,United Arab Emirates
1219972,Brody Couch,pace bowler,Right Medium,ON_THE_STUMPS,FULL_TOSS,4,2,1,12.0,2.0,4.0,United States of America
1161031,Saim Ayub,mixture/unknown,Mixed,ON_THE_STUMPS,FULL_TOSS,1,2,1,3.0,2.0,1.0,Pakistan
1249564,Ahmed Daniyal,pace bowler,Right Fast,ON_THE_STUMPS,YORKER,0,2,1,0.0,2.0,0.0,Pakistan
1252050,Bhagath Varma,spin bowler,Right Off Spin,OUTSIDE_OFFSTUMP,SHORT_OF_A_GOOD_LENGTH,1,2,1,3.0,2.0,1.0,India
1125536,Benjamin Lister,pace bowler,Left Medium,DOWN_LEG,SHORT,1,2,1,3.0,2.0,1.0,New Zealand
1244751,Arshad Khan,pace bowler,Left Medium,ON_THE_STUMPS,FULL_TOSS,4,2,1,12.0,2.0,4.0,India
1246472,Anuj Raj,pace bowler,Left Fast,ON_THE_STUMPS,SHORT,7,2,1,21.0,2.0,7.0,India
958007,Jon-Russ Jaggesar,spin bowler,Right Off Spin,ON_THE_STUMPS,SHORT,6,2,1,18.0,2.0,6.0,West Indies
1210733,Jack Wood,spin bowler,Left Wrist Spin,OUTSIDE_OFFSTUMP,SHORT_OF_A_GOOD_LENGTH,6,2,1,18.0,2.0,6.0,Australia
958007,Jon-Russ Jaggesar,spin bowler,Right Off Spin,OUTSIDE_OFFSTUMP,SHORT,4,2,1,12.0,2.0,4.0,West Indies
948593,Mihlali Mpongwana,pace bowler,Right Fast,OUTSIDE_OFFSTUMP,FULL,1,2,1,3.0,2.0,1.0,South Africa
1209126,Ashwani Kumar,pace bowler,Left Medium,WIDE_OUTSIDE_OFFSTUMP,FULL,1,2,1,3.0,2.0,1.0,India
1076852,Liam Bowe,spin bowler,Left Wrist Spin,ON_THE_STUMPS,FULL_TOSS,1,2,1,3.0,2.0,1.0,Australia
1206769,Jayden Lennox,spin bowler,Left Off Spin,DOWN_LEG,FULL,0,2,1,0.0,2.0,0.0,New Zealand
956871,Prerak Mankad,pace bowler,Right Medium,ON_THE_STUMPS,YORKER,1,2,1,3.0,2.0,1.0,India
1072473,Umer Khan,spin bowler,Left Off Spin,WIDE_OUTSIDE_OFFSTUMP,FULL,1,2,1,3.0,2.0,1.0,Pakistan
1072473,Umer Khan,spin bowler,Left Off Spin,DOWN_LEG,GOOD_LENGTH,1,2,1,3.0,2.0,1.0,Pakistan
1217359,Sayed Monib,pace bowler,Right Medium,ON_THE_STUMPS,YORKER,1,2,1,3.0,2.0,1.0,Kuwait
1076387,Arish Ali Khan,spin bowler,Left Off Spin,WIDE_OUTSIDE_OFFSTUMP,FULL,1,2,1,3.0,2.0,1.0,Pakistan
497121,Deepak Hooda,spin bowler,Right Off Spin,WIDE_DOWN_LEG,GOOD_LENGTH,10,2,1,30.0,2.0,10.0,India
499560,Patrick Kruger,pace bowler,Right Medium,OUTSIDE_OFFSTUMP,FULL,0,2,1,0.0,2.0,0.0,South Africa
208657,Pieter Seelaar,spin bowler,Left Off Spin,WIDE_OUTSIDE_OFFSTUMP,GOOD_LENGTH,0,2,1,0.0,2.0,0.0,Netherlands
55894,Farhad Reza,pace bowler,Right Fast,DOWN_LEG,SHORT,1,2,1,3.0,2.0,1.0,Bangladesh
494581,Rahkeem Cornwall,spin bowler,Right Off Spin,WIDE_OUTSIDE_OFFSTUMP,SHORT,4,2,1,12.0,2.0,4.0,West Indies
510530,Jamie Overton,pace bowler,Right Fast,DOWN_LEG,SHORT,1,2,1,3.0,2.0,1.0,England
228622,John Hastings,pace bowler,Right Fast,WIDE_OUTSIDE_OFFSTUMP,FULL_TOSS,1,2,1,3.0,2.0,1.0,Australia
331855,Taruwar Kohli,pace bowler,Right Medium,OUTSIDE_OFFSTUMP,FULL,2,2,1,6.0,2.0,2.0,India
506612,Matt Henry,pace bowler,Right Fast,ON_THE_STUMPS,YORKER,1,2,1,3.0,2.0,1.0,New Zealand
512907,Tom Helm,pace bowler,Right Fast,WIDE_OUTSIDE_OFFSTUMP,FULL_TOSS,1,2,1,3.0,2.0,1.0,England
230553,Kemar Roach,pace bowler,Right Fast,WIDE_OUTSIDE_OFFSTUMP,SHORT_OF_A_GOOD_LENGTH,7,2,1,21.0,2.0,7.0,West Indies
631264,Munis Ansari,pace bowler,Right Fast,DOWN_LEG,FULL_TOSS,2,2,1,6.0,2.0,2.0,Oman
501345,Darshan Misal,spin bowler,Left Off Spin,ON_THE_STUMPS,SHORT_OF_A_GOOD_LENGTH,1,2,1,3.0,2.0,1.0,India
501012,Joel Paris,pace bowler,Left Fast,ON_THE_STUMPS,YORKER,1,2,1,3.0,2.0,1.0,Australia
223642,Rusty Theron,pace bowler,Right Fast,ON_THE_STUMPS,SHORT,4,2,1,12.0,2.0,4.0,United States of America
222354,Milinda Siriwardana,spin bowler,Left Off Spin,ON_THE_STUMPS,YORKER,0,2,1,0.0,2.0,0.0,Sri Lanka
332978,John Reva,pace bowler,Right Medium,WIDE_OUTSIDE_OFFSTUMP,SHORT_OF_A_GOOD_LENGTH,1,2,1,3.0,2.0,1.0,Papua New Guinea
359746,Saad Bin Zafar,spin bowler,Left Off Spin,DOWN_LEG,GOOD_LENGTH,1,2,1,3.0,2.0,1.0,Canada
707183,Peter Younghusband,spin bowler,Right Wrist Spin,WIDE_OUTSIDE_OFFSTUMP,FULL,5,2,1,15.0,2.0,5.0,New Zealand
698319,Beyers Swanepoel,pace bowler,Right Fast,DOWN_LEG,FULL,4,2,1,12.0,2.0,4.0,South Africa
470777,Gavin Main,pace bowler,Right Fast,OUTSIDE_OFFSTUMP,YORKER,1,2,1,3.0,2.0,1.0,Scotland
702931,Puneet Datey,pace bowler,Right Medium,ON_THE_STUMPS,FULL,4,2,1,12.0,2.0,4.0,India
714451,Shivam Dube,pace bowler,Right Medium,ON_THE_STUMPS,YORKER,0,2,1,0.0,2.0,0.0,India
462727,Tom Abell,pace bowler,Right Medium,WIDE_OUTSIDE_OFFSTUMP,GOOD_LENGTH,1,2,1,3.0,2.0,1.0,England
45789,Jacques Kallis,pace bowler,Right Fast,WIDE_OUTSIDE_OFFSTUMP,FULL,4,2,1,12.0,2.0,4.0,South Africa
717201,Shivam Sharma,spin bowler,Right Off Spin,DOWN_LEG,GOOD_LENGTH,2,2,1,6.0,2.0,2.0,India
360911,Varun Aaron,pace bowler,Right Fast,WIDE_OUTSIDE_OFFSTUMP,YORKER,4,2,1,12.0,2.0,4.0,India
482478,Jan Frylinck,pace bowler,Left Fast,ON_THE_STUMPS,FULL_TOSS,1,2,1,3.0,2.0,1.0,Namibia
53116,Lendl Simmons,pace bowler,Right Fast,OUTSIDE_OFFSTUMP,SHORT_OF_A_GOOD_LENGTH,2,2,1,6.0,2.0,2.0,West Indies
677077,Romario Shepherd,pace bowler,Right Fast,WIDE_DOWN_LEG,YORKER,5,2,1,15.0,2.0,5.0,West Indies
488620,Tladi Bokako,pace bowler,Right Fast,ON_THE_STUMPS,FULL_TOSS,4,2,1,12.0,2.0,4.0,South Africa
51784,Rayad Emrit,pace bowler,Right Fast,WIDE_OUTSIDE_OFFSTUMP,FULL_TOSS,5,2,1,15.0,2.0,5.0,West Indies
51248,Sulieman Benn,spin bowler,Left Off Spin,ON_THE_STUMPS,YORKER,1,2,1,3.0,2.0,1.0,West Indies
348091,Kavem Hodge,spin bowler,Left Off Spin,OUTSIDE_OFFSTUMP,FULL_TOSS,1,2,1,3.0,2.0,1.0,West Indies
52334,Imran Khan,spin bowler,Right Wrist Spin,WIDE_DOWN_LEG,GOOD_LENGTH,0,2,2,0.0,1.0,0.0,West Indies
52334,Imran Khan,spin bowler,Right Wrist Spin,DOWN_LEG,SHORT,6,2,1,18.0,2.0,6.0,West Indies
696143,Shane Snater,pace bowler,Right Fast,WIDE_OUTSIDE_OFFSTUMP,SHORT,1,2,1,3.0,2.0,1.0,Netherlands
310107,Danny Briggs,spin bowler,Left Off Spin,OUTSIDE_OFFSTUMP,FULL_TOSS,1,2,1,3.0,2.0,1.0,England
588144,Bandaru Ayyappa,pace bowler,Right Medium,ON_THE_STUMPS,SHORT_OF_A_GOOD_LENGTH,4,2,1,12.0,2.0,4.0,India
310525,Chris Wood,pace bowler,Left Fast,ON_THE_STUMPS,YORKER,0,2,2,0.0,1.0,0.0,England
541224,Luke Jongwe,pace bowler,Right Fast,WIDE_OUTSIDE_OFFSTUMP,YORKER,3,2,1,9.0,2.0,3.0,Zimbabwe
568452,Muhammad Wafiq,pace bowler,Left Fast,OUTSIDE_OFFSTUMP,SHORT_OF_A_GOOD_LENGTH,0,2,1,0.0,2.0,0.0,Malaysia
573930,Lukman Meriwala,pace bowler,Left Fast,WIDE_OUTSIDE_OFFSTUMP,FULL,1,2,1,3.0,2.0,1.0,India
272465,James Pattinson,pace bowler,Right Fast,WIDE_OUTSIDE_OFFSTUMP,SHORT,4,2,1,12.0,2.0,4.0,Australia
272279,Nathan Lyon,spin bowler,Right Off Spin,OUTSIDE_OFFSTUMP,FULL_TOSS,1,2,1,3.0,2.0,1.0,Australia
272279,Nathan Lyon,spin bowler,Right Off Spin,DOWN_LEG,SHORT_OF_A_GOOD_LENGTH,4,2,1,12.0,2.0,4.0,Australia
314743,Shykat Ali,pace bowler,Right Medium,WIDE_OUTSIDE_OFFSTUMP,FULL,1,2,1,3.0,2.0,1.0,Bangladesh
270493,Andrew Fekete,pace bowler,Right Fast,OUTSIDE_OFFSTUMP,FULL,0,2,1,0.0,2.0,0.0,Australia
537126,Barinder Sran,pace bowler,Left Medium,WIDE_DOWN_LEG,SHORT,1,2,1,3.0,2.0,1.0,India
590326,Mitchell Swepson,spin bowler,Right Wrist Spin,WIDE_DOWN_LEG,FULL,4,2,1,12.0,2.0,4.0,Australia
547766,Jacob Duffy,pace bowler,Right Fast,WIDE_OUTSIDE_OFFSTUMP,SHORT,2,2,1,6.0,2.0,2.0,New Zealand
547763,Ollie Newton,pace bowler,Right Medium,WIDE_OUTSIDE_OFFSTUMP,GOOD_LENGTH,5,2,1,15.0,2.0,5.0,New Zealand
299572,Sikandar Raza,spin bowler,Right Off Spin,WIDE_DOWN_LEG,SHORT,1,2,1,3.0,2.0,1.0,Zimbabwe
550189,Dayyaan Galiem,pace bowler,Right Fast,ON_THE_STUMPS,SHORT,4,2,1,12.0,2.0,4.0,South Africa
297592,Luke Fletcher,pace bowler,Right Fast,ON_THE_STUMPS,SHORT,3,2,1,9.0,2.0,3.0,England
299572,Sikandar Raza,spin bowler,Right Off Spin,WIDE_OUTSIDE_OFFSTUMP,FULL_TOSS,1,2,1,3.0,2.0,1.0,Zimbabwe
296184,Loa Nou,pace bowler,Right Fast,WIDE_OUTSIDE_OFFSTUMP,GOOD_LENGTH,6,2,1,18.0,2.0,6.0,Papua New Guinea
549288,Ferisco Adams,pace bowler,Right Fast,ON_THE_STUMPS,YORKER,2,2,1,6.0,2.0,2.0,South Africa
288992,Chris Jordan,pace bowler,Right Fast,WIDE_DOWN_LEG,FULL_TOSS,10,2,1,30.0,2.0,10.0,England
303508,Shane Getkate,pace bowler,Right Fast,OUTSIDE_OFFSTUMP,SHORT,4,2,1,12.0,2.0,4.0,Ireland
556684,Mir Hamza,pace bowler,Left Medium,ON_THE_STUMPS,FULL_TOSS,1,2,1,3.0,2.0,1.0,Pakistan
303669,Joe Root,spin bowler,Mixed,DOWN_LEG,GOOD_LENGTH,4,2,1,12.0,2.0,4.0,England
547756,Brett Hampton,pace bowler,Right Fast,ON_THE_STUMPS,SHORT_OF_A_GOOD_LENGTH,4,2,1,12.0,2.0,4.0,New Zealand
559235,Kuldeep Yadav,spin bowler,Left Wrist Spin,WIDE_OUTSIDE_OFFSTUMP,FULL_TOSS,1,2,1,3.0,2.0,1.0,India
553821,JJ Smit,pace bowler,Left Fast,ON_THE_STUMPS,YORKER,1,2,1,3.0,2.0,1.0,Namibia
282607,Delwar Hossain,pace bowler,Right Medium,ON_THE_STUMPS,SHORT_OF_A_GOOD_LENGTH,0,2,1,0.0,2.0,0.0,Bangladesh
555855,Harry Conway,pace bowler,Right Fast,DOWN_LEG,SHORT,1,2,1,3.0,2.0,1.0,Australia
605681,Evan Jones,pace bowler,Right Fast,DOWN_LEG,SHORT,6,2,1,18.0,2.0,6.0,South Africa
623695,Chamika Karunaratne,pace bowler,Right Fast,ON_THE_STUMPS,FULL_TOSS,1,2,1,3.0,2.0,1.0,Sri Lanka
528055,Roosh Kalaria,pace bowler,Left Medium,WIDE_OUTSIDE_OFFSTUMP,FULL,2,2,1,6.0,2.0,2.0,India
236489,Dawid Malan,spin bowler,Right Wrist Spin,ON_THE_STUMPS,FULL,6,2,1,18.0,2.0,6.0,England
625967,Ryan Watson,pace bowler,Right Medium,OUTSIDE_OFFSTUMP,SHORT_OF_A_GOOD_LENGTH,1,2,1,3.0,2.0,1.0,New Zealand
230861,Malusi Siboto,pace bowler,Right Medium,OUTSIDE_OFFSTUMP,SHORT,0,2,1,0.0,2.0,0.0,South Africa
516561,Dawlat Zadran,pace bowler,Right Fast,OUTSIDE_OFFSTUMP,YORKER,5,2,1,15.0,2.0,5.0,Afghanistan
600498,Aiden Markram,spin bowler,Right Off Spin,OUTSIDE_OFFSTUMP,FULL_TOSS,2,2,1,6.0,2.0,2.0,South Africa
595439,Nealan van Heerden,pace bowler,Right Fast,ON_THE_STUMPS,YORKER,0,2,1,0.0,2.0,0.0,South Africa
595882,Akhona Mnyaka,pace bowler,Left Fast,ON_THE_STUMPS,SHORT_OF_A_GOOD_LENGTH,1,2,1,3.0,2.0,1.0,South Africa
270135,Ariful Haque,pace bowler,Right Fast,DOWN_LEG,SHORT,1,2,1,3.0,2.0,1.0,Bangladesh
245166,Mudassar Bukhari,pace bowler,Right Fast,DOWN_LEG,FULL_TOSS,1,2,1,3.0,2.0,1.0,Netherlands
319746,Shapoor Zadran,pace bowler,Left Fast,ON_THE_STUMPS,SHORT,0,2,1,0.0,2.0,0.0,Afghanistan
528730,Akshay Karnewar,spin bowler,Mixed,ON_THE_STUMPS,SHORT_OF_A_GOOD_LENGTH,1,2,1,3.0,2.0,1.0,India
596437,Glen Adams,spin bowler,Right Off Spin,OUTSIDE_OFFSTUMP,FULL_TOSS,1,2,1,3.0,2.0,1.0,South Africa
433614,Zahid Mahmood,spin bowler,Right Wrist Spin,WIDE_OUTSIDE_OFFSTUMP,GOOD_LENGTH,5,2,1,15.0,2.0,5.0,Pakistan
31872,Shahbaz Nadeem,spin bowler,Left Off Spin,WIDE_OUTSIDE_OFFSTUMP,FULL,1,2,1,3.0,2.0,1.0,India
432783,Sachin Baby,spin bowler,Right Off Spin,OUTSIDE_OFFSTUMP,SHORT_OF_A_GOOD_LENGTH,1,2,1,3.0,2.0,1.0,India
36592,Peter Borren,pace bowler,Right Medium,OUTSIDE_OFFSTUMP,SHORT_OF_A_GOOD_LENGTH,0,2,1,0.0,2.0,0.0,Netherlands
25913,Mohammad Nabi,spin bowler,Right Off Spin,WIDE_DOWN_LEG,SHORT,4,2,1,12.0,2.0,4.0,Afghanistan
432783,Sachin Baby,spin bowler,Right Off Spin,ON_THE_STUMPS,SHORT_OF_A_GOOD_LENGTH,0,2,1,0.0,2.0,0.0,India
431910,Nicholson Gordon,pace bowler,Right Fast,DOWN_LEG,FULL,0,2,2,0.0,1.0,0.0,West Indies
787987,Marnus Labuschagne,spin bowler,Right Wrist Spin,WIDE_OUTSIDE_OFFSTUMP,FULL,9,2,1,27.0,2.0,9.0,Australia
35928,Bipul Sharma,spin bowler,Left Off Spin,DOWN_LEG,FULL,2,2,1,6.0,2.0,2.0,India
784375,Lahiru Kumara,pace bowler,Right Fast,DOWN_LEG,YORKER,0,2,2,0.0,1.0,0.0,Sri Lanka
437316,Dasun Shanaka,pace bowler,Right Medium,DOWN_LEG,YORKER,1,2,1,3.0,2.0,1.0,Sri Lanka
384355,Anaru Kitchen,spin bowler,Left Off Spin,OUTSIDE_OFFSTUMP,SHORT,2,2,1,6.0,2.0,2.0,New Zealand
793467,Karim Janat,pace bowler,Right Medium,DOWN_LEG,SHORT,6,2,1,18.0,2.0,6.0,Afghanistan
33870,Rajagopal Sathish,pace bowler,Right Medium,ON_THE_STUMPS,SHORT_OF_A_GOOD_LENGTH,1,2,1,3.0,2.0,1.0,India
793441,Aamer Jamal,pace bowler,Right Medium,ON_THE_STUMPS,YORKER,1,2,1,3.0,2.0,1.0,Pakistan
901155,Liam Hatcher,pace bowler,Right Fast,WIDE_OUTSIDE_OFFSTUMP,SHORT,0,2,1,0.0,2.0,0.0,Australia
420503,Hammad Shahid,pace bowler,Right Fast,OUTSIDE_OFFSTUMP,SHORT_OF_A_GOOD_LENGTH,1,2,1,3.0,2.0,1.0,United States of America
909225,Paul Walter,pace bowler,Left Medium,OUTSIDE_OFFSTUMP,FULL_TOSS,5,2,1,15.0,2.0,5.0,England
913843,Nijat Masood,pace bowler,Right Medium,WIDE_OUTSIDE_OFFSTUMP,SHORT_OF_A_GOOD_LENGTH,0,2,1,0.0,2.0,0.0,Afghanistan
878465,Mehedi Hasan Rana,pace bowler,Left Fast,WIDE_OUTSIDE_OFFSTUMP,YORKER,1,2,1,3.0,2.0,1.0,Bangladesh
888455,Umair Ali,mixture/unknown,Mixed,OUTSIDE_OFFSTUMP,FULL,2,2,1,6.0,2.0,2.0,United Arab Emirates
897549,Will Jacks,spin bowler,Right Off Spin,ON_THE_STUMPS,SHORT,4,2,1,12.0,2.0,4.0,England
4527,Ryan Campbell,spin bowler,Right Off Spin,OUTSIDE_OFFSTUMP,FULL,3,2,1,9.0,2.0,3.0,Hong Kong
410763,Abu Jayed,pace bowler,Right Fast,WIDE_OUTSIDE_OFFSTUMP,SHORT_OF_A_GOOD_LENGTH,1,2,1,3.0,2.0,1.0,Bangladesh
12454,Joe Denly,spin bowler,Right Wrist Spin,ON_THE_STUMPS,FULL_TOSS,2,2,1,6.0,2.0,2.0,England
24605,Kevin O'Brien,pace bowler,Right Fast,WIDE_OUTSIDE_OFFSTUMP,FULL_TOSS,1,2,1,3.0,2.0,1.0,Ireland
848623,Mark Deyal,spin bowler,Right Off Spin,WIDE_OUTSIDE_OFFSTUMP,FULL,6,2,1,18.0,2.0,6.0,West Indies
393055,Jackson Coleman,pace bowler,Left Fast,ON_THE_STUMPS,YORKER,0,2,1,0.0,2.0,0.0,Australia
24853,Nicolaas Scholtz,spin bowler,Right Wrist Spin,DOWN_LEG,FULL,5,2,1,15.0,2.0,5.0,Namibia
851403,Venkatesh Iyer,pace bowler,Right Medium,ON_THE_STUMPS,SHORT_OF_A_GOOD_LENGTH,1,2,1,3.0,2.0,1.0,India
393055,Jackson Coleman,pace bowler,Left Fast,OUTSIDE_OFFSTUMP,SHORT,1,2,1,3.0,2.0,1.0,Australia
12454,Joe Denly,spin bowler,Right Wrist Spin,ON_THE_STUMPS,YORKER,0,2,1,0.0,2.0,0.0,England
429738,Lakshan Sandakan,spin bowler,Left Wrist Spin,WIDE_DOWN_LEG,SHORT,2,2,1,6.0,2.0,2.0,Sri Lanka
12461,Jade Dernbach,pace bowler,Right Fast,OUTSIDE_OFFSTUMP,SHORT,0,2,2,0.0,1.0,0.0,England
865833,Zak Chappell,pace bowler,Right Fast,ON_THE_STUMPS,SHORT,4,2,1,12.0,2.0,4.0,England
865833,Zak Chappell,pace bowler,Right Fast,OUTSIDE_OFFSTUMP,SHORT,6,2,1,18.0,2.0,6.0,England
12461,Jade Dernbach,pace bowler,Right Fast,ON_THE_STUMPS,SHORT,0,2,1,0.0,2.0,0.0,England
393289,Shaun von Berg,spin bowler,Right Wrist Spin,OUTSIDE_OFFSTUMP,FULL_TOSS,2,2,1,6.0,2.0,2.0,South Africa
395057,Seth Rance,pace bowler,Right Medium,DOWN_LEG,SHORT,0,2,1,0.0,2.0,0.0,New Zealand
395057,Seth Rance,pace bowler,Right Medium,ON_THE_STUMPS,SHORT,2,2,1,6.0,2.0,2.0,New Zealand
805925,Mohammad Irfan,pace bowler,Right Medium,DOWN_LEG,FULL_TOSS,0,2,1,0.0,2.0,0.0,Pakistan
774223,Jhye Richardson,pace bowler,Right Fast,WIDE_DOWN_LEG,FULL_TOSS,0,2,1,0.0,2.0,0.0,Australia
774211,David Grant,pace bowler,Right Fast,WIDE_OUTSIDE_OFFSTUMP,FULL,1,2,1,3.0,2.0,1.0,Australia
376324,Anureet Singh,pace bowler,Right Medium,WIDE_DOWN_LEG,FULL_TOSS,1,2,1,3.0,2.0,1.0,India
41434,Mohammad Hafeez,spin bowler,Right Off Spin,WIDE_OUTSIDE_OFFSTUMP,FULL,4,2,1,12.0,2.0,4.0,Pakistan
379504,Adam Zampa,spin bowler,Right Wrist Spin,DOWN_LEG,SHORT,1,2,1,3.0,2.0,1.0,Australia
447439,Ishwar Pandey,pace bowler,Right Medium,ON_THE_STUMPS,FULL_TOSS,4,2,1,12.0,2.0,4.0,India
40082,Ehsan Khan,spin bowler,Right Off Spin,WIDE_OUTSIDE_OFFSTUMP,FULL_TOSS,0,2,1,0.0,2.0,0.0,Hong Kong
772469,Usman Rafiq,spin bowler,Right Off Spin,OUTSIDE_OFFSTUMP,GOOD_LENGTH,1,2,1,3.0,2.0,1.0,
371814,Kevon Cooper,pace bowler,Right Medium,ON_THE_STUMPS,YORKER,1,2,1,3.0,2.0,1.0,West Indies
459508,Andrew Tye,pace bowler,Right Fast,WIDE_DOWN_LEG,GOOD_LENGTH,5,2,1,15.0,2.0,5.0,Australia
373439,Abul Hasan,pace bowler,Right Fast,ON_THE_STUMPS,FULL_TOSS,0,2,2,0.0,1.0,0.0,Bangladesh
721041,Dushan Hemantha,spin bowler,Right Wrist Spin,ON_THE_STUMPS,FULL_TOSS,1,2,1,3.0,2.0,1.0,Sri Lanka
375724,Kamrul Islam,pace bowler,Right Fast,WIDE_OUTSIDE_OFFSTUMP,SHORT,5,2,1,15.0,2.0,5.0,Bangladesh
44410,Farhaan Behardien,pace bowler,Right Fast,ON_THE_STUMPS,FULL,1,2,1,3.0,2.0,1.0,South Africa
457234,Keron Cottoy,spin bowler,Right Wrist Spin,ON_THE_STUMPS,SHORT_OF_A_GOOD_LENGTH,0,2,1,0.0,2.0,0.0,West Indies
373538,Sabbir Rahman,spin bowler,Right Wrist Spin,OUTSIDE_OFFSTUMP,SHORT_OF_A_GOOD_LENGTH,1,2,1,3.0,2.0,1.0,Bangladesh
455463,Aamir Kaleem,spin bowler,Left Off Spin,WIDE_OUTSIDE_OFFSTUMP,GOOD_LENGTH,2,2,1,6.0,2.0,2.0,Oman
36993,Andrew Ellis,pace bowler,Right Fast,DOWN_LEG,SHORT,5,2,1,15.0,2.0,5.0,New Zealand
379774,Colin Ackermann,spin bowler,Right Off Spin,WIDE_OUTSIDE_OFFSTUMP,FULL,2,2,1,6.0,2.0,2.0,Netherlands
379887,Lizaad Williams,pace bowler,Right Fast,WIDE_OUTSIDE_OFFSTUMP,SHORT,7,2,1,21.0,2.0,7.0,South Africa
37749,Nathan McCullum,spin bowler,Right Off Spin,OUTSIDE_OFFSTUMP,FULL_TOSS,1,2,1,3.0,2.0,1.0,New Zealand
375126,Hardus Viljoen,pace bowler,Right Fast,DOWN_LEG,SHORT,1,1,1,6.0,1.0,1.0,South Africa
350629,Nizakat Khan,spin bowler,Right Wrist Spin,WIDE_OUTSIDE_OFFSTUMP,GOOD_LENGTH,1,1,1,6.0,1.0,1.0,Hong Kong
373538,Sabbir Rahman,spin bowler,Right Wrist Spin,DOWN_LEG,SHORT_OF_A_GOOD_LENGTH,0,1,1,0.0,1.0,0.0,Bangladesh
310107,Danny Briggs,spin bowler,Left Off Spin,WIDE_OUTSIDE_OFFSTUMP,FULL_TOSS,0,1,1,0.0,1.0,0.0,England
1193549,Kristian Clarke,pace bowler,Right Medium,DOWN_LEG,SHORT,0,1,1,0.0,1.0,0.0,New Zealand
393289,Shaun von Berg,spin bowler,Right Wrist Spin,ON_THE_STUMPS,YORKER,0,1,1,0.0,1.0,0.0,South Africa
393055,Jackson Coleman,pace bowler,Left Fast,WIDE_OUTSIDE_OFFSTUMP,GOOD_LENGTH,1,1,1,6.0,1.0,1.0,Australia
407875,Craig Miles,pace bowler,Right Medium,DOWN_LEG,GOOD_LENGTH,0,1,1,0.0,1.0,0.0,England
1201552,Sachin Kumar,spin bowler,Left Off Spin,ON_THE_STUMPS,SHORT_OF_A_GOOD_LENGTH,0,1,1,0.0,1.0,0.0,India
1161341,Ifran Hossain,pace bowler,Right Medium,ON_THE_STUMPS,FULL,0,1,1,0.0,1.0,0.0,Bangladesh
334621,Shadley van Schalkwyk,pace bowler,Right Medium,ON_THE_STUMPS,SHORT,0,1,1,0.0,1.0,0.0,United States of America
1163695,Kuldeep Sen,pace bowler,Right Fast,WIDE_OUTSIDE_OFFSTUMP,SHORT,0,1,1,0.0,1.0,0.0,India
1162378,Chamindu Wijesinghe,pace bowler,Right Fast,ON_THE_STUMPS,SHORT,1,1,1,6.0,1.0,1.0,Sri Lanka
1159371,Mohammad Ilyas,pace bowler,Right Fast,DOWN_LEG,SHORT,1,1,1,6.0,1.0,1.0,Pakistan
402992,Shuvagata Hom,spin bowler,Right Off Spin,DOWN_LEG,SHORT,1,1,1,6.0,1.0,1.0,Bangladesh
377534,Shashank Singh,mixture/unknown,Mixed,WIDE_OUTSIDE_OFFSTUMP,FULL,0,1,1,0.0,1.0,0.0,India
1175441,Ravi Bishnoi,spin bowler,Right Wrist Spin,WIDE_DOWN_LEG,FULL,0,1,1,0.0,1.0,0.0,India
328026,Isuru Udana,pace bowler,Left Fast,WIDE_DOWN_LEG,SHORT_OF_A_GOOD_LENGTH,2,1,1,12.0,1.0,2.0,Sri Lanka
1175480,Tejas Patel,pace bowler,Right Fast,OUTSIDE_OFFSTUMP,FULL_TOSS,1,1,1,6.0,1.0,1.0,India
1172968,Dan Mousley,spin bowler,Right Off Spin,ON_THE_STUMPS,YORKER,0,1,1,0.0,1.0,0.0,England
379145,Tabraiz Shamsi,spin bowler,Left Wrist Spin,WIDE_DOWN_LEG,GOOD_LENGTH,3,1,1,18.0,1.0,3.0,South Africa
1175496,Nitish Kumar Reddy,pace bowler,Right Fast,WIDE_OUTSIDE_OFFSTUMP,GOOD_LENGTH,1,1,1,6.0,1.0,1.0,India
331855,Taruwar Kohli,pace bowler,Right Medium,ON_THE_STUMPS,YORKER,0,1,1,0.0,1.0,0.0,India
1175485,Abdul Samad,spin bowler,Right Wrist Spin,OUTSIDE_OFFSTUMP,FULL_TOSS,0,1,1,0.0,1.0,0.0,India
1161605,Maaz Khan,spin bowler,Right Wrist Spin,WIDE_OUTSIDE_OFFSTUMP,FULL,0,1,1,0.0,1.0,0.0,Pakistan
1159843,Kumar Kartikeya,spin bowler,Mixed,ON_THE_STUMPS,YORKER,0,1,1,0.0,1.0,0.0,India
348133,Steven Taylor,spin bowler,Right Off Spin,WIDE_OUTSIDE_OFFSTUMP,SHORT_OF_A_GOOD_LENGTH,0,1,1,0.0,1.0,0.0,United States of America
318845,Rilee Rossouw,spin bowler,Right Off Spin,WIDE_OUTSIDE_OFFSTUMP,FULL,0,1,1,0.0,1.0,0.0,South Africa
1193533,Jock McKenzie,pace bowler,Right Medium,ON_THE_STUMPS,SHORT,0,1,1,0.0,1.0,0.0,
1192940,Shiraz Khan,spin bowler,Right Wrist Spin,ON_THE_STUMPS,YORKER,0,1,1,0.0,1.0,0.0,Kuwait
1193541,William Clark,pace bowler,Right Medium,ON_THE_STUMPS,SHORT,0,1,1,0.0,1.0,0.0,New Zealand
1161031,Saim Ayub,mixture/unknown,Mixed,WIDE_OUTSIDE_OFFSTUMP,FULL,0,1,1,0.0,1.0,0.0,Pakistan
389605,Ashish Reddy,pace bowler,Right Medium,DOWN_LEG,SHORT,0,1,1,0.0,1.0,0.0,India
348049,Nasum Ahmed,spin bowler,Left Off Spin,WIDE_DOWN_LEG,SHORT,0,1,1,0.0,1.0,0.0,Bangladesh
1171134,Faisal Akram,spin bowler,Left Wrist Spin,ON_THE_STUMPS,FULL_TOSS,0,1,1,0.0,1.0,0.0,Pakistan
348056,Kyle Mayers,pace bowler,Right Medium,WIDE_DOWN_LEG,FULL,2,1,1,12.0,1.0,2.0,West Indies
1191192,Sonny Baker,pace bowler,Right Fast,WIDE_OUTSIDE_OFFSTUMP,SHORT,0,1,1,0.0,1.0,0.0,England
320652,Asghar Afghan,pace bowler,Right Fast,OUTSIDE_OFFSTUMP,SHORT_OF_A_GOOD_LENGTH,0,1,1,0.0,1.0,0.0,Afghanistan
348109,Paul van Meekeren,pace bowler,Right Fast,WIDE_OUTSIDE_OFFSTUMP,YORKER,0,1,1,0.0,1.0,0.0,Netherlands
43524,Umar Gul,pace bowler,Right Fast,ON_THE_STUMPS,YORKER,0,1,1,0.0,1.0,0.0,Pakistan
43590,Wahab Riaz,pace bowler,Left Fast,WIDE_DOWN_LEG,FULL,3,1,1,18.0,1.0,3.0,Pakistan
44410,Farhaan Behardien,pace bowler,Right Fast,OUTSIDE_OFFSTUMP,FULL_TOSS,0,1,1,0.0,1.0,0.0,South Africa
44851,Con de Lange,spin bowler,Left Off Spin,OUTSIDE_OFFSTUMP,SHORT_OF_A_GOOD_LENGTH,0,1,1,0.0,1.0,0.0,Scotland
36592,Peter Borren,pace bowler,Right Medium,OUTSIDE_OFFSTUMP,SHORT,0,1,1,0.0,1.0,0.0,Netherlands
1278263,Jack Jarvis,pace bowler,Right Fast,WIDE_OUTSIDE_OFFSTUMP,GOOD_LENGTH,0,1,1,0.0,1.0,0.0,
1278263,Jack Jarvis,pace bowler,Right Fast,DOWN_LEG,FULL,0,1,1,0.0,1.0,0.0,
50163,Dhammika Prasad,pace bowler,Right Fast,ON_THE_STUMPS,GOOD_LENGTH,0,1,1,0.0,1.0,0.0,Sri Lanka
1276980,Ripon Mondol,pace bowler,Right Medium,DOWN_LEG,FULL,1,1,1,6.0,1.0,1.0,Bangladesh
52334,Imran Khan,spin bowler,Right Wrist Spin,ON_THE_STUMPS,YORKER,0,1,1,0.0,1.0,0.0,West Indies
52983,Marlon Samuels,spin bowler,Right Off Spin,OUTSIDE_OFFSTUMP,FULL_TOSS,0,1,1,0.0,1.0,0.0,West Indies
46248,Albie Morkel,pace bowler,Right Fast,WIDE_DOWN_LEG,GOOD_LENGTH,0,1,1,0.0,1.0,0.0,South Africa
1284534,Muhammad Murad,pace bowler,Left Fast,ON_THE_STUMPS,YORKER,0,1,1,0.0,1.0,0.0,Qatar
24237,John Mooney,pace bowler,Right Medium,ON_THE_STUMPS,SHORT_OF_A_GOOD_LENGTH,0,1,1,0.0,1.0,0.0,Ireland
1397989,Bukhar Illikkal,spin bowler,Left Off Spin,ON_THE_STUMPS,FULL_TOSS,0,1,1,0.0,1.0,0.0,Qatar
1397988,Bipin Kumar,pace bowler,Right Medium,OUTSIDE_OFFSTUMP,FULL_TOSS,0,1,1,0.0,1.0,0.0,Qatar
24827,Gerrie Snyman,mixture/unknown,Mixed,DOWN_LEG,FULL,0,1,1,0.0,1.0,0.0,Namibia
24237,John Mooney,pace bowler,Right Medium,WIDE_OUTSIDE_OFFSTUMP,SHORT,0,1,1,0.0,1.0,0.0,Ireland
24605,Kevin O'Brien,pace bowler,Right Fast,DOWN_LEG,GOOD_LENGTH,3,1,1,18.0,1.0,3.0,Ireland
1428999,Vimukthi Viraj,spin bowler,Right Wrist Spin,ON_THE_STUMPS,FULL,0,1,1,0.0,1.0,0.0,
1424258,Tayyab Abbas,pace bowler,Right Fast,WIDE_OUTSIDE_OFFSTUMP,YORKER,0,1,1,0.0,1.0,0.0,
1424258,Tayyab Abbas,pace bowler,Right Fast,WIDE_OUTSIDE_OFFSTUMP,GOOD_LENGTH,0,1,1,0.0,1.0,0.0,
1418076,Waji Ul Hassan,mixture/unknown,Mixed,ON_THE_STUMPS,FULL_TOSS,0,1,1,0.0,1.0,0.0,
4527,Ryan Campbell,spin bowler,Right Off Spin,ON_THE_STUMPS,FULL_TOSS,1,1,1,6.0,1.0,1.0,Hong Kong
1397997,Khalander Mustafa,pace bowler,Left Medium,ON_THE_STUMPS,YORKER,0,1,1,0.0,1.0,0.0,Saudi Arabia
7069,Steve O'Keefe,spin bowler,Left Off Spin,WIDE_OUTSIDE_OFFSTUMP,YORKER,0,1,1,0.0,1.0,0.0,Australia
1339027,Rajan Kumar,pace bowler,Left Fast,ON_THE_STUMPS,YORKER,0,1,1,0.0,1.0,0.0,India
33335,Suresh Raina,spin bowler,Right Off Spin,WIDE_DOWN_LEG,SHORT,0,1,1,0.0,1.0,0.0,India
1339037,Raghuvendra Pratap Singh,pace bowler,Right Fast,ON_THE_STUMPS,FULL_TOSS,0,1,1,0.0,1.0,0.0,India
32257,Timil Patel,spin bowler,Right Wrist Spin,WIDE_OUTSIDE_OFFSTUMP,FULL,0,1,1,0.0,1.0,0.0,United States of America
1339113,Aftab Ibrahim,pace bowler,Right Fast,ON_THE_STUMPS,YORKER,0,1,1,0.0,1.0,0.0,Pakistan
32685,Irfan Pathan,pace bowler,Left Fast,DOWN_LEG,FULL,0,1,1,0.0,1.0,0.0,India
1339046,Kamal Tripathi,spin bowler,Right Off Spin,OUTSIDE_OFFSTUMP,SHORT_OF_A_GOOD_LENGTH,0,1,1,0.0,1.0,0.0,India
1344844,Usman Najeeb,pace bowler,Right Medium,DOWN_LEG,YORKER,0,1,1,0.0,1.0,0.0,Saudi Arabia
25613,Amjad Javed,pace bowler,Right Medium,ON_THE_STUMPS,SHORT_OF_A_GOOD_LENGTH,1,1,1,6.0,1.0,1.0,United Arab Emirates
1342699,Shadrack Descarte,mixture/unknown,Mixed,DOWN_LEG,FULL,0,1,1,0.0,1.0,0.0,West Indies
1340422,Sakib Hussain,pace bowler,Right Medium,OUTSIDE_OFFSTUMP,SHORT,0,1,1,0.0,1.0,0.0,India
1340422,Sakib Hussain,pace bowler,Right Medium,ON_THE_STUMPS,SHORT,0,1,1,0.0,1.0,0.0,India
31107,Amit Mishra,spin bowler,Right Wrist Spin,WIDE_OUTSIDE_OFFSTUMP,YORKER,0,1,1,0.0,1.0,0.0,India
268740,Seekkuge Prasanna,spin bowler,Right Wrist Spin,ON_THE_STUMPS,YORKER,0,1,1,0.0,1.0,0.0,Sri Lanka
270493,Andrew Fekete,pace bowler,Right Fast,ON_THE_STUMPS,YORKER,1,1,1,6.0,1.0,1.0,Australia
270493,Andrew Fekete,pace bowler,Right Fast,WIDE_OUTSIDE_OFFSTUMP,FULL_TOSS,1,1,1,6.0,1.0,1.0,Australia
1209272,Adnan Mirza,spin bowler,Left Off Spin,WIDE_OUTSIDE_OFFSTUMP,SHORT_OF_A_GOOD_LENGTH,0,1,1,0.0,1.0,0.0,Qatar
259551,Junaid Khan,pace bowler,Left Fast,DOWN_LEG,FULL_TOSS,0,1,1,0.0,1.0,0.0,Pakistan
253802,Virat Kohli,pace bowler,Right Medium,WIDE_OUTSIDE_OFFSTUMP,FULL_TOSS,1,1,1,6.0,1.0,1.0,India
245372,Orlando Peters,pace bowler,Right Medium,ON_THE_STUMPS,FULL_TOSS,1,1,1,6.0,1.0,1.0,West Indies
240609,Fawad Ahmed,spin bowler,Right Wrist Spin,WIDE_OUTSIDE_OFFSTUMP,FULL_TOSS,0,1,1,0.0,1.0,0.0,Australia
282607,Delwar Hossain,pace bowler,Right Medium,OUTSIDE_OFFSTUMP,SHORT,0,1,1,0.0,1.0,0.0,Bangladesh
280490,JJ Smuts,spin bowler,Left Off Spin,OUTSIDE_OFFSTUMP,SHORT,0,1,1,0.0,1.0,0.0,South Africa
297488,Matt Machan,spin bowler,Right Off Spin,DOWN_LEG,SHORT_OF_A_GOOD_LENGTH,0,1,1,0.0,1.0,0.0,England
290727,Rishi Dhawan,pace bowler,Right Fast,WIDE_OUTSIDE_OFFSTUMP,SHORT,2,1,1,12.0,1.0,2.0,India
279545,Pradeep Sangwan,pace bowler,Left Medium,WIDE_OUTSIDE_OFFSTUMP,FULL_TOSS,0,1,1,0.0,1.0,0.0,India
1206769,Jayden Lennox,spin bowler,Left Off Spin,ON_THE_STUMPS,YORKER,0,1,1,0.0,1.0,0.0,New Zealand
275658,Michael Hogan,pace bowler,Right Fast,ON_THE_STUMPS,YORKER,0,1,1,0.0,1.0,0.0,Australia
1206623,Dilbar Hussain,pace bowler,Right Fast,WIDE_OUTSIDE_OFFSTUMP,GOOD_LENGTH,1,1,1,6.0,1.0,1.0,Pakistan
272450,Mitchell Marsh,pace bowler,Right Medium,WIDE_DOWN_LEG,FULL,0,1,1,0.0,1.0,0.0,Australia
1206240,Mohammad Amir Khan,pace bowler,Right Medium,WIDE_OUTSIDE_OFFSTUMP,FULL,0,1,1,0.0,1.0,0.0,Pakistan
276298,Andre Russell,pace bowler,Right Fast,WIDE_DOWN_LEG,SHORT_OF_A_GOOD_LENGTH,1,1,1,6.0,1.0,1.0,West Indies
277662,Corey Anderson,pace bowler,Left Fast,WIDE_DOWN_LEG,SHORT,0,1,1,0.0,1.0,0.0,United States of America
1252337,Prashant Solanki,spin bowler,Right Wrist Spin,DOWN_LEG,GOOD_LENGTH,0,1,1,0.0,1.0,0.0,India
56154,Shamsur Rahman,mixture/unknown,Mixed,ON_THE_STUMPS,SHORT_OF_A_GOOD_LENGTH,0,1,1,0.0,1.0,0.0,Bangladesh
1264431,Kadeem Alleyne,pace bowler,Right Medium,OUTSIDE_OFFSTUMP,YORKER,1,1,1,6.0,1.0,1.0,West Indies
1264431,Kadeem Alleyne,pace bowler,Right Medium,ON_THE_STUMPS,SHORT_OF_A_GOOD_LENGTH,0,1,1,0.0,1.0,0.0,West Indies
1264431,Kadeem Alleyne,pace bowler,Right Medium,ON_THE_STUMPS,FULL,0,1,1,0.0,1.0,0.0,West Indies
56054,Naeem Islam,spin bowler,Right Off Spin,ON_THE_STUMPS,FULL,0,1,1,0.0,1.0,0.0,Bangladesh
1263361,Matthew Humphreys,spin bowler,Left Off Spin,ON_THE_STUMPS,YORKER,0,1,1,0.0,1.0,0.0,Ireland
230559,Kieron Pollard,pace bowler,Right Medium,WIDE_DOWN_LEG,SHORT,4,1,1,24.0,1.0,4.0,West Indies
230861,Malusi Siboto,pace bowler,Right Medium,OUTSIDE_OFFSTUMP,FULL_TOSS,0,1,1,0.0,1.0,0.0,South Africa
232356,Ronnie Hira,spin bowler,Left Off Spin,ON_THE_STUMPS,SHORT,0,1,1,0.0,1.0,0.0,New Zealand
1218226,Muhammad Faizan,pace bowler,Right Fast,OUTSIDE_OFFSTUMP,SHORT,0,1,1,0.0,1.0,0.0,Pakistan
222354,Milinda Siriwardana,spin bowler,Left Off Spin,DOWN_LEG,GOOD_LENGTH,1,1,1,6.0,1.0,1.0,Sri Lanka
1241271,Muhammad Farooq,spin bowler,Right Wrist Spin,WIDE_OUTSIDE_OFFSTUMP,GOOD_LENGTH,0,1,1,0.0,1.0,0.0,
1039481,Gus Atkinson,pace bowler,Right Fast,DOWN_LEG,GOOD_LENGTH,0,1,1,0.0,1.0,0.0,England
641423,Dan Lawrence,spin bowler,Right Off Spin,ON_THE_STUMPS,YORKER,0,1,1,0.0,1.0,0.0,England
1026379,Henry Brookes,pace bowler,Right Fast,ON_THE_STUMPS,YORKER,0,1,1,0.0,1.0,0.0,England
1026379,Henry Brookes,pace bowler,Right Fast,ON_THE_STUMPS,SHORT,0,1,1,0.0,1.0,0.0,England
1026379,Henry Brookes,pace bowler,Right Fast,ON_THE_STUMPS,FULL_TOSS,0,1,1,0.0,1.0,0.0,England
1021025,Muhammad Amir,spin bowler,Left Off Spin,WIDE_OUTSIDE_OFFSTUMP,GOOD_LENGTH,1,1,1,6.0,1.0,1.0,Malaysia
1015399,Ziaur Rahman,pace bowler,Right Fast,WIDE_OUTSIDE_OFFSTUMP,GOOD_LENGTH,0,1,1,0.0,1.0,0.0,Afghanistan
639140,Matt Milnes,pace bowler,Right Fast,WIDE_OUTSIDE_OFFSTUMP,FULL,0,1,1,0.0,1.0,0.0,England
629065,Nihaduzzaman,spin bowler,Left Off Spin,ON_THE_STUMPS,YORKER,0,1,1,0.0,1.0,0.0,Bangladesh
631264,Munis Ansari,pace bowler,Right Fast,DOWN_LEG,SHORT,0,1,1,0.0,1.0,0.0,Oman
696143,Shane Snater,pace bowler,Right Fast,ON_THE_STUMPS,YORKER,1,1,1,6.0,1.0,1.0,Netherlands
974175,Fazalhaq Farooqi,pace bowler,Left Fast,WIDE_DOWN_LEG,SHORT,0,1,1,0.0,1.0,0.0,Afghanistan
647667,Usama Mir,spin bowler,Right Wrist Spin,DOWN_LEG,SHORT,0,1,1,0.0,1.0,0.0,Pakistan
643885,Saqib Mahmood,pace bowler,Right Fast,WIDE_DOWN_LEG,FULL,1,1,1,6.0,1.0,1.0,England
1012853,Ali Shafiq,pace bowler,Right Medium,DOWN_LEG,SHORT,0,1,1,0.0,1.0,0.0,Pakistan
670037,Ramaal Lewis,spin bowler,Right Off Spin,ON_THE_STUMPS,SHORT,0,1,1,0.0,1.0,0.0,West Indies
670031,Alzarri Joseph,pace bowler,Right Fast,WIDE_DOWN_LEG,GOOD_LENGTH,0,1,1,0.0,1.0,0.0,West Indies
1000791,Bradley Currie,pace bowler,Left Fast,DOWN_LEG,SHORT,0,1,1,0.0,1.0,0.0,Scotland
1000791,Bradley Currie,pace bowler,Left Fast,DOWN_LEG,FULL,0,1,1,0.0,1.0,0.0,Scotland
591649,Kushang Patel,pace bowler,Right Medium,WIDE_OUTSIDE_OFFSTUMP,FULL,1,1,1,6.0,1.0,1.0,India
1072470,Shaheen Shah Afridi,pace bowler,Left Fast,WIDE_DOWN_LEG,SHORT,1,1,1,6.0,1.0,1.0,Pakistan
590913,Will Williams,pace bowler,Right Fast,DOWN_LEG,SHORT,0,1,1,0.0,1.0,0.0,New Zealand
1072470,Shaheen Shah Afridi,pace bowler,Left Fast,WIDE_DOWN_LEG,FULL,2,1,1,12.0,1.0,2.0,Pakistan
572199,Ryan Higgins,pace bowler,Right Fast,DOWN_LEG,SHORT_OF_A_GOOD_LENGTH,0,1,1,0.0,1.0,0.0,England
559235,Kuldeep Yadav,spin bowler,Left Wrist Spin,WIDE_DOWN_LEG,GOOD_LENGTH,5,1,1,30.0,1.0,5.0,India
568447,Anwar Rahman,spin bowler,Left Off Spin,ON_THE_STUMPS,FULL,0,1,1,0.0,1.0,0.0,Malaysia
585083,Zeeshan Maqsood,spin bowler,Left Off Spin,DOWN_LEG,SHORT_OF_A_GOOD_LENGTH,0,1,1,0.0,1.0,0.0,Oman
573170,Luke Wood,pace bowler,Left Fast,WIDE_DOWN_LEG,SHORT,0,1,1,0.0,1.0,0.0,England
581160,Khary Pierre,spin bowler,Left Off Spin,WIDE_OUTSIDE_OFFSTUMP,SHORT,0,1,1,0.0,1.0,0.0,West Indies
604527,Nitish Rana,spin bowler,Right Off Spin,ON_THE_STUMPS,YORKER,0,1,1,0.0,1.0,0.0,India
1065115,Benjamin Manenti,spin bowler,Right Off Spin,WIDE_OUTSIDE_OFFSTUMP,SHORT,0,1,1,0.0,1.0,0.0,Italy
605681,Evan Jones,pace bowler,Right Fast,DOWN_LEG,YORKER,1,1,1,6.0,1.0,1.0,South Africa
595783,Ajaz Patel,spin bowler,Left Off Spin,OUTSIDE_OFFSTUMP,FULL_TOSS,0,1,1,0.0,1.0,0.0,New Zealand
595036,Bamanye Xenxe,pace bowler,Right Fast,ON_THE_STUMPS,SHORT,1,1,1,6.0,1.0,1.0,South Africa
1070196,Yash Thakur,pace bowler,Right Medium,ON_THE_STUMPS,FULL_TOSS,0,1,1,0.0,1.0,0.0,India
1070154,Nimesh Vimukthi,spin bowler,Left Off Spin,OUTSIDE_OFFSTUMP,FULL,0,1,1,0.0,1.0,0.0,Sri Lanka
820351,Rovman Powell,pace bowler,Right Fast,WIDE_OUTSIDE_OFFSTUMP,SHORT,0,1,1,0.0,1.0,0.0,West Indies
807469,Thikshila de Silva,pace bowler,Right Fast,ON_THE_STUMPS,YORKER,0,1,1,0.0,1.0,0.0,Sri Lanka
826689,Pramod Madushan Liyanagamage,pace bowler,Right Fast,DOWN_LEG,GOOD_LENGTH,0,1,1,0.0,1.0,0.0,Sri Lanka
826689,Pramod Madushan Liyanagamage,pace bowler,Right Fast,OUTSIDE_OFFSTUMP,FULL,0,1,1,0.0,1.0,0.0,Sri Lanka
827051,Blessing Muzarabani,pace bowler,Right Fast,WIDE_DOWN_LEG,FULL,0,1,1,0.0,1.0,0.0,Zimbabwe
823509,Glenn Phillips,spin bowler,Right Off Spin,WIDE_OUTSIDE_OFFSTUMP,FULL,0,1,1,0.0,1.0,0.0,New Zealand
696143,Shane Snater,pace bowler,Right Fast,WIDE_OUTSIDE_OFFSTUMP,GOOD_LENGTH,1,1,1,6.0,1.0,1.0,Netherlands
793915,Hardik Patel,spin bowler,Left Off Spin,WIDE_OUTSIDE_OFFSTUMP,GOOD_LENGTH,0,1,1,0.0,1.0,0.0,India
792519,Dhananjaya Lakshan,pace bowler,Right Fast,ON_THE_STUMPS,FULL_TOSS,0,1,1,0.0,1.0,0.0,Sri Lanka
938937,Ghulam Mudassar,pace bowler,Left Fast,WIDE_DOWN_LEG,SHORT,0,1,1,0.0,1.0,0.0,Pakistan
805925,Mohammad Irfan,pace bowler,Right Medium,WIDE_OUTSIDE_OFFSTUMP,GOOD_LENGTH,0,1,1,0.0,1.0,0.0,Pakistan
805925,Mohammad Irfan,pace bowler,Right Medium,WIDE_OUTSIDE_OFFSTUMP,SHORT_OF_A_GOOD_LENGTH,1,1,1,6.0,1.0,1.0,Pakistan
794311,Louis Delport,spin bowler,Left Off Spin,WIDE_OUTSIDE_OFFSTUMP,FULL,0,1,1,0.0,1.0,0.0,New Zealand
938959,Wessly Madhevere,spin bowler,Right Off Spin,ON_THE_STUMPS,YORKER,0,1,1,0.0,1.0,0.0,Zimbabwe
902907,Tom Lammonby,pace bowler,Left Fast,OUTSIDE_OFFSTUMP,GOOD_LENGTH,0,1,1,0.0,1.0,0.0,England
914171,Qais Ahmad,spin bowler,Right Wrist Spin,WIDE_DOWN_LEG,FULL,1,1,1,6.0,1.0,1.0,Afghanistan
914503,Harsh Thaker,spin bowler,Right Off Spin,WIDE_OUTSIDE_OFFSTUMP,SHORT,0,1,1,0.0,1.0,0.0,Canada
864553,Qazi Onik,pace bowler,Left Fast,DOWN_LEG,GOOD_LENGTH,1,1,1,6.0,1.0,1.0,Bangladesh
865833,Zak Chappell,pace bowler,Right Fast,DOWN_LEG,SHORT_OF_A_GOOD_LENGTH,0,1,1,0.0,1.0,0.0,England
857975,Josh Tongue,pace bowler,Right Fast,DOWN_LEG,YORKER,1,1,1,6.0,1.0,1.0,England
716733,Khushdil Shah,spin bowler,Left Off Spin,ON_THE_STUMPS,YORKER,0,1,1,0.0,1.0,0.0,Pakistan
716733,Khushdil Shah,spin bowler,Left Off Spin,OUTSIDE_OFFSTUMP,SHORT,0,1,1,0.0,1.0,0.0,Pakistan
710767,Abdul Majid,spin bowler,Left Off Spin,DOWN_LEG,GOOD_LENGTH,0,1,1,0.0,1.0,0.0,Bahrain
735845,Chintan Gaja,pace bowler,Right Medium,ON_THE_STUMPS,FULL_TOSS,0,1,1,0.0,1.0,0.0,India
962831,Henry Shipley,pace bowler,Right Fast,ON_THE_STUMPS,FULL_TOSS,0,1,1,0.0,1.0,0.0,New Zealand
783423,Imran Khan,pace bowler,Left Fast,DOWN_LEG,SHORT,0,1,1,0.0,1.0,0.0,Pakistan
738445,Mohammad Shahzad,pace bowler,Right Fast,OUTSIDE_OFFSTUMP,FULL_TOSS,0,1,1,0.0,1.0,0.0,United Arab Emirates
946365,Caleb Seleka,spin bowler,Right Wrist Spin,ON_THE_STUMPS,SHORT,0,1,1,0.0,1.0,0.0,South Africa
784373,Kamindu Mendis,spin bowler,Mixed,WIDE_OUTSIDE_OFFSTUMP,GOOD_LENGTH,0,1,1,0.0,1.0,0.0,Sri Lanka
764321,Dylan Budge,pace bowler,Right Medium,OUTSIDE_OFFSTUMP,SHORT,0,1,1,0.0,1.0,0.0,Scotland
956023,Mrinmoy Dutta,pace bowler,Left Fast,OUTSIDE_OFFSTUMP,SHORT,0,1,1,0.0,1.0,0.0,India
505113,Nat Watkins,spin bowler,Left Off Spin,WIDE_OUTSIDE_OFFSTUMP,FULL_TOSS,0,1,1,0.0,1.0,0.0,Jersey
505113,Nat Watkins,spin bowler,Left Off Spin,WIDE_OUTSIDE_OFFSTUMP,SHORT_OF_A_GOOD_LENGTH,0,1,1,0.0,1.0,0.0,Jersey
1122557,Damien Ravu,pace bowler,Right Fast,ON_THE_STUMPS,FULL_TOSS,0,1,1,0.0,1.0,0.0,Papua New Guinea
1112224,James Dickinson,spin bowler,Right Wrist Spin,ON_THE_STUMPS,FULL,0,1,1,0.0,1.0,0.0,
512907,Tom Helm,pace bowler,Right Fast,ON_THE_STUMPS,YORKER,0,1,1,0.0,1.0,0.0,England
499488,Ronan McDonald,pace bowler,Right Fast,OUTSIDE_OFFSTUMP,GOOD_LENGTH,0,1,1,0.0,1.0,0.0,Australia
439952,Chris Morris,pace bowler,Right Fast,WIDE_DOWN_LEG,SHORT,0,1,1,0.0,1.0,0.0,South Africa
501012,Joel Paris,pace bowler,Left Fast,WIDE_OUTSIDE_OFFSTUMP,SHORT,0,1,1,0.0,1.0,0.0,Australia
438563,Mark Chapman,spin bowler,Left Off Spin,ON_THE_STUMPS,YORKER,0,1,1,0.0,1.0,0.0,New Zealand
526021,Cole McConchie,spin bowler,Right Off Spin,WIDE_OUTSIDE_OFFSTUMP,GOOD_LENGTH,0,1,1,0.0,1.0,0.0,New Zealand
527292,Baltej Singh,pace bowler,Right Medium,DOWN_LEG,SHORT,0,1,1,0.0,1.0,0.0,India
528055,Roosh Kalaria,pace bowler,Left Medium,OUTSIDE_OFFSTUMP,SHORT,0,1,1,0.0,1.0,0.0,India
1099225,Fionn Hand,pace bowler,Right Medium,WIDE_OUTSIDE_OFFSTUMP,SHORT,0,1,1,0.0,1.0,0.0,Ireland
1148466,Adrian Neill,pace bowler,Right Medium,WIDE_OUTSIDE_OFFSTUMP,FULL,0,1,1,0.0,1.0,0.0,Scotland
512907,Tom Helm,pace bowler,Right Fast,WIDE_OUTSIDE_OFFSTUMP,YORKER,0,1,1,0.0,1.0,0.0,England
524076,Jason Davidson,pace bowler,Right Fast,DOWN_LEG,GOOD_LENGTH,0,1,1,0.0,1.0,0.0,Namibia
524076,Jason Davidson,pace bowler,Right Fast,WIDE_OUTSIDE_OFFSTUMP,GOOD_LENGTH,0,1,1,0.0,1.0,0.0,Namibia
497512,Adil Mehmood,pace bowler,Right Medium,OUTSIDE_OFFSTUMP,SHORT_OF_A_GOOD_LENGTH,0,1,1,0.0,1.0,0.0,Hong Kong
453289,Neville Madziva,pace bowler,Right Fast,WIDE_OUTSIDE_OFFSTUMP,FULL_TOSS,1,1,1,6.0,1.0,1.0,Zimbabwe
1131607,Shams Mulani,spin bowler,Left Off Spin,ON_THE_STUMPS,YORKER,0,1,1,0.0,1.0,0.0,India
453277,Victor Nyauchi,pace bowler,Right Fast,ON_THE_STUMPS,GOOD_LENGTH,0,1,1,0.0,1.0,0.0,Zimbabwe
1129635,Matthew Fisher,pace bowler,Right Fast,WIDE_OUTSIDE_OFFSTUMP,GOOD_LENGTH,0,1,1,0.0,1.0,0.0,New Zealand
463668,Jake Lintott,spin bowler,Left Wrist Spin,WIDE_OUTSIDE_OFFSTUMP,SHORT_OF_A_GOOD_LENGTH,0,1,1,0.0,1.0,0.0,England
1126179,Dhruv Patel,pace bowler,Right Medium,ON_THE_STUMPS,SHORT_OF_A_GOOD_LENGTH,0,1,1,0.0,1.0,0.0,India
1125979,Ashir Qureshi,spin bowler,Right Wrist Spin,OUTSIDE_OFFSTUMP,FULL_TOSS,0,1,1,0.0,1.0,0.0,Pakistan
488620,Tladi Bokako,pace bowler,Right Fast,WIDE_OUTSIDE_OFFSTUMP,GOOD_LENGTH,0,1,1,0.0,1.0,0.0,South Africa
494230,Asif Ali,spin bowler,Right Off Spin,ON_THE_STUMPS,FULL,0,1,1,0.0,1.0,0.0,Pakistan
1124283,Aaron Hardie,pace bowler,Right Fast,WIDE_DOWN_LEG,FULL_TOSS,2,1,1,12.0,1.0,2.0,Australia
447439,Ishwar Pandey,pace bowler,Right Medium,WIDE_DOWN_LEG,SHORT,0,1,1,0.0,1.0,0.0,India
477021,Vijay Shankar,pace bowler,Right Medium,WIDE_OUTSIDE_OFFSTUMP,SHORT,0,1,1,0.0,1.0,0.0,India
451782,James Fuller,pace bowler,Right Fast,WIDE_OUTSIDE_OFFSTUMP,FULL_TOSS,0,1,1,0.0,1.0,0.0,England
1131647,Ashmead Nedd,spin bowler,Left Off Spin,WIDE_OUTSIDE_OFFSTUMP,FULL,0,1,1,0.0,1.0,0.0,West Indies
424219,Ronit More,pace bowler,Right Medium,WIDE_OUTSIDE_OFFSTUMP,SHORT_OF_A_GOOD_LENGTH,0,1,1,0.0,1.0,0.0,India
1152427,Dunith Wellalage,spin bowler,Left Off Spin,ON_THE_STUMPS,YORKER,0,1,1,0.0,1.0,0.0,Sri Lanka
423810,Unnikrishnan Manukrishnan,pace bowler,Left Medium,ON_THE_STUMPS,SHORT,0,1,1,0.0,1.0,0.0,India
539548,Scott Kuggeleijn,pace bowler,Right Fast,WIDE_DOWN_LEG,SHORT,0,1,1,0.0,1.0,0.0,New Zealand
1079377,Ravi Teja,pace bowler,Right Medium,ON_THE_STUMPS,FULL_TOSS,0,1,1,0.0,1.0,0.0,India
550215,Kagiso Rabada,pace bowler,Right Fast,WIDE_DOWN_LEG,SHORT,6,1,1,36.0,1.0,6.0,South Africa
550251,Kyle Simmonds,spin bowler,Left Off Spin,DOWN_LEG,SHORT_OF_A_GOOD_LENGTH,0,1,1,0.0,1.0,0.0,South Africa
550235,Tom Curran,pace bowler,Right Fast,WIDE_DOWN_LEG,SHORT_OF_A_GOOD_LENGTH,5,1,1,30.0,1.0,5.0,England
1158099,Mohammad Umar,pace bowler,Right Medium,ON_THE_STUMPS,YORKER,0,1,1,0.0,1.0,0.0,Pakistan
1155262,Vidhwath Kaverappa,pace bowler,Right Fast,DOWN_LEG,GOOD_LENGTH,0,1,1,0.0,1.0,0.0,India
1155262,Vidhwath Kaverappa,pace bowler,Right Fast,WIDE_OUTSIDE_OFFSTUMP,YORKER,0,1,1,0.0,1.0,0.0,India
416103,Vivian Kingma,pace bowler,Right Fast,OUTSIDE_OFFSTUMP,SHORT_OF_A_GOOD_LENGTH,0,1,1,0.0,1.0,0.0,Netherlands
429738,Lakshan Sandakan,spin bowler,Left Wrist Spin,WIDE_DOWN_LEG,GOOD_LENGTH,7,1,1,42.0,1.0,7.0,Sri Lanka
1090866,Vijay Unni,spin bowler,Right Off Spin,ON_THE_STUMPS,SHORT_OF_A_GOOD_LENGTH,0,1,1,0.0,1.0,0.0,Malaysia
531953,Max Sorensen,pace bowler,Right Fast,OUTSIDE_OFFSTUMP,FULL,0,1,1,0.0,1.0,0.0,Ireland
429981,Mohammad Irfan,pace bowler,Left Fast,WIDE_DOWN_LEG,SHORT,0,1,1,0.0,1.0,0.0,Pakistan
1089962,Patrick Dooley,spin bowler,Left Wrist Spin,DOWN_LEG,SHORT,0,1,1,0.0,1.0,0.0,Australia
1148776,Arjun Tendulkar,pace bowler,Left Fast,WIDE_OUTSIDE_OFFSTUMP,YORKER,3,1,1,18.0,1.0,3.0,India
1093669,Muhammad Tanveer,pace bowler,Right Medium,ON_THE_STUMPS,FULL,2,1,1,12.0,1.0,2.0,Qatar
1088619,Mitchell Perry,pace bowler,Right Fast,WIDE_OUTSIDE_OFFSTUMP,FULL_TOSS,0,1,1,0.0,1.0,0.0,Australia
535393,Senuran Muthusamy,spin bowler,Left Off Spin,WIDE_DOWN_LEG,FULL,0,1,1,0.0,1.0,0.0,South Africa
428366,Lahiru Madushanka,pace bowler,Right Fast,ON_THE_STUMPS,SHORT,0,1,1,0.0,1.0,0.0,Sri Lanka
373439,Abul Hasan,pace bowler,Right Fast,WIDE_OUTSIDE_OFFSTUMP,SHORT_OF_A_GOOD_LENGTH,1,0,1,inf,0.0,1.0,Bangladesh
230371,Ben Cutting,pace bowler,Right Fast,WIDE_DOWN_LEG,FULL_TOSS,1,0,1,inf,0.0,1.0,Australia
595036,Bamanye Xenxe,pace bowler,Right Fast,WIDE_DOWN_LEG,FULL,2,0,1,inf,0.0,2.0,South Africa
211855,Liam Dawson,spin bowler,Left Off Spin,WIDE_DOWN_LEG,FULL_TOSS,1,0,1,inf,0.0,1.0,England
